month,fiscal_year,department,level,level_band,location,gender,headcount,hires,exits_voluntary,exits_involuntary,exits_regretted,exits_12m,headcount_12m
2022-04-01,FY 2022-23,Cloud and Infrastructure,L1,Junior (L1-L2),Bengaluru,Man,18,0,0,0,0,,
2022-04-01,FY 2022-23,Cloud and Infrastructure,L1,Junior (L1-L2),Bengaluru,Woman,18,0,0,0,0,,
2022-04-01,FY 2022-23,Cloud and Infrastructure,L1,Junior (L1-L2),Hyderabad,Man,26,0,2,0,0,,
2022-04-01,FY 2022-23,Cloud and Infrastructure,L1,Junior (L1-L2),Hyderabad,Woman,21,0,0,0,0,,
2022-04-01,FY 2022-23,Cloud and Infrastructure,L2,Junior (L1-L2),Bengaluru,Man,19,0,1,0,1,,
2022-04-01,FY 2022-23,Cloud and Infrastructure,L2,Junior (L1-L2),Bengaluru,Woman,13,0,2,0,0,,
2022-04-01,FY 2022-23,Cloud and Infrastructure,L2,Junior (L1-L2),Hyderabad,Man,29,0,3,0,1,,
2022-04-01,FY 2022-23,Cloud and Infrastructure,L2,Junior (L1-L2),Hyderabad,Woman,25,0,1,0,0,,
2022-04-01,FY 2022-23,Cloud and Infrastructure,L3,Mid (L3-L4),Bengaluru,Man,12,0,0,0,0,,
2022-04-01,FY 2022-23,Cloud and Infrastructure,L3,Mid (L3-L4),Bengaluru,Woman,6,0,1,0,0,,
2022-04-01,FY 2022-23,Cloud and Infrastructure,L3,Mid (L3-L4),Hyderabad,Man,16,0,2,0,2,,
2022-04-01,FY 2022-23,Cloud and Infrastructure,L3,Mid (L3-L4),Hyderabad,Non-binary,1,0,0,0,0,,
2022-04-01,FY 2022-23,Cloud and Infrastructure,L3,Mid (L3-L4),Hyderabad,Woman,9,0,1,0,0,,
2022-04-01,FY 2022-23,Cloud and Infrastructure,L4,Mid (L3-L4),Bengaluru,Man,9,0,0,0,0,,
2022-04-01,FY 2022-23,Cloud and Infrastructure,L4,Mid (L3-L4),Bengaluru,Woman,3,0,0,0,0,,
2022-04-01,FY 2022-23,Cloud and Infrastructure,L4,Mid (L3-L4),Hyderabad,Man,8,0,0,0,0,,
2022-04-01,FY 2022-23,Cloud and Infrastructure,L4,Mid (L3-L4),Hyderabad,Woman,4,0,0,0,0,,
2022-04-01,FY 2022-23,Cloud and Infrastructure,L5,Senior (L5-L6),Bengaluru,Man,1,0,0,0,0,,
2022-04-01,FY 2022-23,Cloud and Infrastructure,L5,Senior (L5-L6),Bengaluru,Woman,1,0,0,0,0,,
2022-04-01,FY 2022-23,Cloud and Infrastructure,L5,Senior (L5-L6),Hyderabad,Man,5,0,0,0,0,,
2022-04-01,FY 2022-23,Cloud and Infrastructure,L5,Senior (L5-L6),Hyderabad,Woman,2,0,0,0,0,,
2022-04-01,FY 2022-23,Cloud and Infrastructure,L6,Senior (L5-L6),Bengaluru,Man,0,0,1,0,0,,
2022-04-01,FY 2022-23,Cloud and Infrastructure,L6,Senior (L5-L6),Bengaluru,Woman,1,0,0,0,0,,
2022-04-01,FY 2022-23,Cloud and Infrastructure,L6,Senior (L5-L6),Hyderabad,Man,2,0,0,0,0,,
2022-04-01,FY 2022-23,Consulting,L1,Junior (L1-L2),Bengaluru,Man,4,0,0,0,0,,
2022-04-01,FY 2022-23,Consulting,L1,Junior (L1-L2),Bengaluru,Woman,5,0,0,0,0,,
2022-04-01,FY 2022-23,Consulting,L1,Junior (L1-L2),Hyderabad,Man,9,0,0,0,0,,
2022-04-01,FY 2022-23,Consulting,L1,Junior (L1-L2),Hyderabad,Woman,9,0,0,0,0,,
2022-04-01,FY 2022-23,Consulting,L2,Junior (L1-L2),Bengaluru,Man,8,0,0,0,0,,
2022-04-01,FY 2022-23,Consulting,L2,Junior (L1-L2),Bengaluru,Woman,3,0,0,0,0,,
2022-04-01,FY 2022-23,Consulting,L2,Junior (L1-L2),Hyderabad,Man,7,0,0,0,0,,
2022-04-01,FY 2022-23,Consulting,L2,Junior (L1-L2),Hyderabad,Woman,6,0,0,0,0,,
2022-04-01,FY 2022-23,Consulting,L3,Mid (L3-L4),Bengaluru,Man,4,0,0,0,0,,
2022-04-01,FY 2022-23,Consulting,L3,Mid (L3-L4),Bengaluru,Woman,2,0,0,0,0,,
2022-04-01,FY 2022-23,Consulting,L3,Mid (L3-L4),Hyderabad,Man,5,0,0,0,0,,
2022-04-01,FY 2022-23,Consulting,L3,Mid (L3-L4),Hyderabad,Woman,6,0,0,0,0,,
2022-04-01,FY 2022-23,Consulting,L4,Mid (L3-L4),Bengaluru,Man,5,0,0,0,0,,
2022-04-01,FY 2022-23,Consulting,L4,Mid (L3-L4),Bengaluru,Woman,2,0,1,0,1,,
2022-04-01,FY 2022-23,Consulting,L4,Mid (L3-L4),Hyderabad,Man,2,0,0,0,0,,
2022-04-01,FY 2022-23,Consulting,L4,Mid (L3-L4),Hyderabad,Woman,3,0,0,0,0,,
2022-04-01,FY 2022-23,Consulting,L5,Senior (L5-L6),Bengaluru,Man,2,0,0,0,0,,
2022-04-01,FY 2022-23,Consulting,L5,Senior (L5-L6),Bengaluru,Woman,0,0,0,0,0,,
2022-04-01,FY 2022-23,Consulting,L5,Senior (L5-L6),Hyderabad,Man,3,0,0,0,0,,
2022-04-01,FY 2022-23,Consulting,L5,Senior (L5-L6),Hyderabad,Woman,0,0,0,0,0,,
2022-04-01,FY 2022-23,Consulting,L6,Senior (L5-L6),Bengaluru,Man,1,0,0,0,0,,
2022-04-01,FY 2022-23,Consulting,L6,Senior (L5-L6),Hyderabad,Man,2,0,0,0,0,,
2022-04-01,FY 2022-23,Consulting,L6,Senior (L5-L6),Hyderabad,Woman,2,0,0,0,0,,
2022-04-01,FY 2022-23,Corporate Functions,L1,Junior (L1-L2),Bengaluru,Man,6,0,0,0,0,,
2022-04-01,FY 2022-23,Corporate Functions,L1,Junior (L1-L2),Bengaluru,Woman,6,0,1,0,0,,
2022-04-01,FY 2022-23,Corporate Functions,L1,Junior (L1-L2),Hyderabad,Man,17,0,0,0,0,,
2022-04-01,FY 2022-23,Corporate Functions,L1,Junior (L1-L2),Hyderabad,Woman,10,0,0,0,0,,
2022-04-01,FY 2022-23,Corporate Functions,L2,Junior (L1-L2),Bengaluru,Man,9,0,0,0,0,,
2022-04-01,FY 2022-23,Corporate Functions,L2,Junior (L1-L2),Bengaluru,Woman,5,0,0,0,0,,
2022-04-01,FY 2022-23,Corporate Functions,L2,Junior (L1-L2),Hyderabad,Man,17,0,0,0,0,,
2022-04-01,FY 2022-23,Corporate Functions,L2,Junior (L1-L2),Hyderabad,Woman,10,0,0,0,0,,
2022-04-01,FY 2022-23,Corporate Functions,L3,Mid (L3-L4),Bengaluru,Man,12,0,0,0,0,,
2022-04-01,FY 2022-23,Corporate Functions,L3,Mid (L3-L4),Bengaluru,Woman,6,0,0,0,0,,
2022-04-01,FY 2022-23,Corporate Functions,L3,Mid (L3-L4),Hyderabad,Man,13,0,0,0,0,,
2022-04-01,FY 2022-23,Corporate Functions,L3,Mid (L3-L4),Hyderabad,Woman,5,0,0,0,0,,
2022-04-01,FY 2022-23,Corporate Functions,L4,Mid (L3-L4),Bengaluru,Man,7,0,0,0,0,,
2022-04-01,FY 2022-23,Corporate Functions,L4,Mid (L3-L4),Bengaluru,Woman,0,0,0,0,0,,
2022-04-01,FY 2022-23,Corporate Functions,L4,Mid (L3-L4),Hyderabad,Man,10,0,0,0,0,,
2022-04-01,FY 2022-23,Corporate Functions,L4,Mid (L3-L4),Hyderabad,Woman,2,0,0,0,0,,
2022-04-01,FY 2022-23,Corporate Functions,L5,Senior (L5-L6),Bengaluru,Man,1,0,0,0,0,,
2022-04-01,FY 2022-23,Corporate Functions,L5,Senior (L5-L6),Bengaluru,Woman,0,0,0,0,0,,
2022-04-01,FY 2022-23,Corporate Functions,L5,Senior (L5-L6),Hyderabad,Man,3,0,0,0,0,,
2022-04-01,FY 2022-23,Corporate Functions,L6,Senior (L5-L6),Bengaluru,Man,2,0,0,0,0,,
2022-04-01,FY 2022-23,Corporate Functions,L6,Senior (L5-L6),Hyderabad,Man,2,0,0,0,0,,
2022-04-01,FY 2022-23,Data and Analytics,L1,Junior (L1-L2),Bengaluru,Man,18,0,1,0,0,,
2022-04-01,FY 2022-23,Data and Analytics,L1,Junior (L1-L2),Bengaluru,Woman,15,0,1,0,0,,
2022-04-01,FY 2022-23,Data and Analytics,L1,Junior (L1-L2),Hyderabad,Man,18,0,1,0,1,,
2022-04-01,FY 2022-23,Data and Analytics,L1,Junior (L1-L2),Hyderabad,Woman,16,0,1,0,0,,
2022-04-01,FY 2022-23,Data and Analytics,L2,Junior (L1-L2),Bengaluru,Man,17,0,2,0,0,,
2022-04-01,FY 2022-23,Data and Analytics,L2,Junior (L1-L2),Bengaluru,Woman,9,0,0,0,0,,
2022-04-01,FY 2022-23,Data and Analytics,L2,Junior (L1-L2),Hyderabad,Man,28,0,1,0,0,,
2022-04-01,FY 2022-23,Data and Analytics,L2,Junior (L1-L2),Hyderabad,Woman,18,0,1,0,0,,
2022-04-01,FY 2022-23,Data and Analytics,L3,Mid (L3-L4),Bengaluru,Man,13,0,0,0,0,,
2022-04-01,FY 2022-23,Data and Analytics,L3,Mid (L3-L4),Bengaluru,Woman,7,0,0,0,0,,
2022-04-01,FY 2022-23,Data and Analytics,L3,Mid (L3-L4),Hyderabad,Man,20,0,0,0,0,,
2022-04-01,FY 2022-23,Data and Analytics,L3,Mid (L3-L4),Hyderabad,Woman,7,0,0,0,0,,
2022-04-01,FY 2022-23,Data and Analytics,L4,Mid (L3-L4),Bengaluru,Man,5,0,0,0,0,,
2022-04-01,FY 2022-23,Data and Analytics,L4,Mid (L3-L4),Bengaluru,Woman,1,0,0,0,0,,
2022-04-01,FY 2022-23,Data and Analytics,L4,Mid (L3-L4),Hyderabad,Man,13,0,0,0,0,,
2022-04-01,FY 2022-23,Data and Analytics,L4,Mid (L3-L4),Hyderabad,Woman,5,0,0,0,0,,
2022-04-01,FY 2022-23,Data and Analytics,L5,Senior (L5-L6),Bengaluru,Man,3,0,0,0,0,,
2022-04-01,FY 2022-23,Data and Analytics,L5,Senior (L5-L6),Bengaluru,Woman,2,0,0,0,0,,
2022-04-01,FY 2022-23,Data and Analytics,L5,Senior (L5-L6),Hyderabad,Man,4,0,0,0,0,,
2022-04-01,FY 2022-23,Data and Analytics,L5,Senior (L5-L6),Hyderabad,Woman,1,0,0,0,0,,
2022-04-01,FY 2022-23,Data and Analytics,L6,Senior (L5-L6),Bengaluru,Man,2,0,0,0,0,,
2022-04-01,FY 2022-23,Data and Analytics,L6,Senior (L5-L6),Hyderabad,Man,3,0,0,0,0,,
2022-04-01,FY 2022-23,Data and Analytics,L6,Senior (L5-L6),Hyderabad,Woman,1,0,0,0,0,,
2022-04-01,FY 2022-23,Delivery,L1,Junior (L1-L2),Bengaluru,Man,49,0,0,0,0,,
2022-04-01,FY 2022-23,Delivery,L1,Junior (L1-L2),Bengaluru,Woman,51,0,2,0,0,,
2022-04-01,FY 2022-23,Delivery,L1,Junior (L1-L2),Hyderabad,Man,104,0,1,0,0,,
2022-04-01,FY 2022-23,Delivery,L1,Junior (L1-L2),Hyderabad,Non-binary,1,0,0,0,0,,
2022-04-01,FY 2022-23,Delivery,L1,Junior (L1-L2),Hyderabad,Woman,69,0,0,0,0,,
2022-04-01,FY 2022-23,Delivery,L2,Junior (L1-L2),Bengaluru,Man,79,0,2,0,0,,
2022-04-01,FY 2022-23,Delivery,L2,Junior (L1-L2),Bengaluru,Non-binary,0,0,0,0,0,,
2022-04-01,FY 2022-23,Delivery,L2,Junior (L1-L2),Bengaluru,Woman,36,0,1,0,1,,
2022-04-01,FY 2022-23,Delivery,L2,Junior (L1-L2),Hyderabad,Man,124,0,2,0,1,,
2022-04-01,FY 2022-23,Delivery,L2,Junior (L1-L2),Hyderabad,Non-binary,1,0,0,0,0,,
2022-04-01,FY 2022-23,Delivery,L2,Junior (L1-L2),Hyderabad,Woman,62,0,0,1,0,,
2022-04-01,FY 2022-23,Delivery,L3,Mid (L3-L4),Bengaluru,Man,49,0,0,0,0,,
2022-04-01,FY 2022-23,Delivery,L3,Mid (L3-L4),Bengaluru,Woman,32,0,0,0,0,,
2022-04-01,FY 2022-23,Delivery,L3,Mid (L3-L4),Hyderabad,Man,83,0,2,0,0,,
2022-04-01,FY 2022-23,Delivery,L3,Mid (L3-L4),Hyderabad,Non-binary,1,0,0,0,0,,
2022-04-01,FY 2022-23,Delivery,L3,Mid (L3-L4),Hyderabad,Woman,34,0,2,1,1,,
2022-04-01,FY 2022-23,Delivery,L4,Mid (L3-L4),Bengaluru,Man,25,0,1,0,1,,
2022-04-01,FY 2022-23,Delivery,L4,Mid (L3-L4),Bengaluru,Woman,10,0,0,0,0,,
2022-04-01,FY 2022-23,Delivery,L4,Mid (L3-L4),Hyderabad,Man,46,0,0,0,0,,
2022-04-01,FY 2022-23,Delivery,L4,Mid (L3-L4),Hyderabad,Woman,14,0,0,0,0,,
2022-04-01,FY 2022-23,Delivery,L5,Senior (L5-L6),Bengaluru,Man,21,0,0,0,0,,
2022-04-01,FY 2022-23,Delivery,L5,Senior (L5-L6),Bengaluru,Woman,7,0,0,0,0,,
2022-04-01,FY 2022-23,Delivery,L5,Senior (L5-L6),Hyderabad,Man,22,0,0,0,0,,
2022-04-01,FY 2022-23,Delivery,L5,Senior (L5-L6),Hyderabad,Woman,4,0,0,0,0,,
2022-04-01,FY 2022-23,Delivery,L6,Senior (L5-L6),Bengaluru,Man,8,0,0,0,0,,
2022-04-01,FY 2022-23,Delivery,L6,Senior (L5-L6),Bengaluru,Woman,1,0,0,0,0,,
2022-04-01,FY 2022-23,Delivery,L6,Senior (L5-L6),Hyderabad,Man,11,0,0,0,0,,
2022-04-01,FY 2022-23,Delivery,L6,Senior (L5-L6),Hyderabad,Woman,1,0,0,0,0,,
2022-04-01,FY 2022-23,Quality Engineering,L1,Junior (L1-L2),Bengaluru,Man,21,0,0,0,0,,
2022-04-01,FY 2022-23,Quality Engineering,L1,Junior (L1-L2),Bengaluru,Woman,20,0,0,0,0,,
2022-04-01,FY 2022-23,Quality Engineering,L1,Junior (L1-L2),Hyderabad,Man,31,0,0,0,0,,
2022-04-01,FY 2022-23,Quality Engineering,L1,Junior (L1-L2),Hyderabad,Non-binary,0,0,0,0,0,,
2022-04-01,FY 2022-23,Quality Engineering,L1,Junior (L1-L2),Hyderabad,Woman,24,0,1,1,0,,
2022-04-01,FY 2022-23,Quality Engineering,L2,Junior (L1-L2),Bengaluru,Man,25,0,1,1,0,,
2022-04-01,FY 2022-23,Quality Engineering,L2,Junior (L1-L2),Bengaluru,Non-binary,1,0,0,0,0,,
2022-04-01,FY 2022-23,Quality Engineering,L2,Junior (L1-L2),Bengaluru,Woman,14,0,0,0,0,,
2022-04-01,FY 2022-23,Quality Engineering,L2,Junior (L1-L2),Hyderabad,Man,43,0,1,0,0,,
2022-04-01,FY 2022-23,Quality Engineering,L2,Junior (L1-L2),Hyderabad,Woman,21,0,1,0,0,,
2022-04-01,FY 2022-23,Quality Engineering,L3,Mid (L3-L4),Bengaluru,Man,19,0,0,0,0,,
2022-04-01,FY 2022-23,Quality Engineering,L3,Mid (L3-L4),Bengaluru,Woman,9,0,0,0,0,,
2022-04-01,FY 2022-23,Quality Engineering,L3,Mid (L3-L4),Hyderabad,Man,21,0,0,0,0,,
2022-04-01,FY 2022-23,Quality Engineering,L3,Mid (L3-L4),Hyderabad,Woman,13,0,0,0,0,,
2022-04-01,FY 2022-23,Quality Engineering,L4,Mid (L3-L4),Bengaluru,Man,9,0,0,0,0,,
2022-04-01,FY 2022-23,Quality Engineering,L4,Mid (L3-L4),Bengaluru,Non-binary,1,0,0,0,0,,
2022-04-01,FY 2022-23,Quality Engineering,L4,Mid (L3-L4),Bengaluru,Woman,3,0,0,0,0,,
2022-04-01,FY 2022-23,Quality Engineering,L4,Mid (L3-L4),Hyderabad,Man,18,0,1,0,1,,
2022-04-01,FY 2022-23,Quality Engineering,L4,Mid (L3-L4),Hyderabad,Woman,6,0,0,0,0,,
2022-04-01,FY 2022-23,Quality Engineering,L5,Senior (L5-L6),Bengaluru,Man,2,0,0,0,0,,
2022-04-01,FY 2022-23,Quality Engineering,L5,Senior (L5-L6),Bengaluru,Woman,0,0,0,0,0,,
2022-04-01,FY 2022-23,Quality Engineering,L5,Senior (L5-L6),Hyderabad,Man,12,0,0,0,0,,
2022-04-01,FY 2022-23,Quality Engineering,L5,Senior (L5-L6),Hyderabad,Woman,1,0,0,0,0,,
2022-04-01,FY 2022-23,Quality Engineering,L6,Senior (L5-L6),Bengaluru,Man,3,0,1,0,1,,
2022-04-01,FY 2022-23,Quality Engineering,L6,Senior (L5-L6),Bengaluru,Woman,1,0,0,0,0,,
2022-04-01,FY 2022-23,Quality Engineering,L6,Senior (L5-L6),Hyderabad,Man,2,0,0,0,0,,
2022-04-01,FY 2022-23,Quality Engineering,L6,Senior (L5-L6),Hyderabad,Woman,1,0,0,0,0,,
2022-04-01,FY 2022-23,Sales and Presales,L1,Junior (L1-L2),Bengaluru,Man,12,0,0,0,0,,
2022-04-01,FY 2022-23,Sales and Presales,L1,Junior (L1-L2),Bengaluru,Non-binary,0,0,0,0,0,,
2022-04-01,FY 2022-23,Sales and Presales,L1,Junior (L1-L2),Bengaluru,Woman,4,0,0,0,0,,
2022-04-01,FY 2022-23,Sales and Presales,L1,Junior (L1-L2),Hyderabad,Man,14,0,2,0,0,,
2022-04-01,FY 2022-23,Sales and Presales,L1,Junior (L1-L2),Hyderabad,Woman,13,0,1,0,0,,
2022-04-01,FY 2022-23,Sales and Presales,L2,Junior (L1-L2),Bengaluru,Man,7,0,0,0,0,,
2022-04-01,FY 2022-23,Sales and Presales,L2,Junior (L1-L2),Bengaluru,Non-binary,0,0,0,0,0,,
2022-04-01,FY 2022-23,Sales and Presales,L2,Junior (L1-L2),Bengaluru,Woman,5,0,0,0,0,,
2022-04-01,FY 2022-23,Sales and Presales,L2,Junior (L1-L2),Hyderabad,Man,11,0,1,0,0,,
2022-04-01,FY 2022-23,Sales and Presales,L2,Junior (L1-L2),Hyderabad,Woman,9,0,0,0,0,,
2022-04-01,FY 2022-23,Sales and Presales,L3,Mid (L3-L4),Bengaluru,Man,9,0,0,0,0,,
2022-04-01,FY 2022-23,Sales and Presales,L3,Mid (L3-L4),Bengaluru,Woman,4,0,0,0,0,,
2022-04-01,FY 2022-23,Sales and Presales,L3,Mid (L3-L4),Hyderabad,Man,12,0,0,0,0,,
2022-04-01,FY 2022-23,Sales and Presales,L3,Mid (L3-L4),Hyderabad,Woman,5,0,0,0,0,,
2022-04-01,FY 2022-23,Sales and Presales,L4,Mid (L3-L4),Bengaluru,Man,2,0,0,0,0,,
2022-04-01,FY 2022-23,Sales and Presales,L4,Mid (L3-L4),Bengaluru,Woman,2,0,0,0,0,,
2022-04-01,FY 2022-23,Sales and Presales,L4,Mid (L3-L4),Hyderabad,Man,9,0,0,0,0,,
2022-04-01,FY 2022-23,Sales and Presales,L4,Mid (L3-L4),Hyderabad,Woman,0,0,0,0,0,,
2022-04-01,FY 2022-23,Sales and Presales,L5,Senior (L5-L6),Bengaluru,Man,1,0,0,0,0,,
2022-04-01,FY 2022-23,Sales and Presales,L5,Senior (L5-L6),Hyderabad,Man,3,0,0,0,0,,
2022-04-01,FY 2022-23,Sales and Presales,L5,Senior (L5-L6),Hyderabad,Woman,1,0,0,0,0,,
2022-04-01,FY 2022-23,Sales and Presales,L6,Senior (L5-L6),Bengaluru,Man,1,0,0,0,0,,
2022-04-01,FY 2022-23,Sales and Presales,L6,Senior (L5-L6),Hyderabad,Man,1,0,0,0,0,,
2022-05-01,FY 2022-23,Cloud and Infrastructure,L1,Junior (L1-L2),Bengaluru,Man,18,0,0,0,0,,
2022-05-01,FY 2022-23,Cloud and Infrastructure,L1,Junior (L1-L2),Bengaluru,Woman,17,0,1,0,1,,
2022-05-01,FY 2022-23,Cloud and Infrastructure,L1,Junior (L1-L2),Hyderabad,Man,26,0,0,0,0,,
2022-05-01,FY 2022-23,Cloud and Infrastructure,L1,Junior (L1-L2),Hyderabad,Woman,21,0,0,0,0,,
2022-05-01,FY 2022-23,Cloud and Infrastructure,L2,Junior (L1-L2),Bengaluru,Man,19,0,0,0,0,,
2022-05-01,FY 2022-23,Cloud and Infrastructure,L2,Junior (L1-L2),Bengaluru,Woman,13,0,0,0,0,,
2022-05-01,FY 2022-23,Cloud and Infrastructure,L2,Junior (L1-L2),Hyderabad,Man,28,0,1,0,0,,
2022-05-01,FY 2022-23,Cloud and Infrastructure,L2,Junior (L1-L2),Hyderabad,Woman,23,0,2,0,0,,
2022-05-01,FY 2022-23,Cloud and Infrastructure,L3,Mid (L3-L4),Bengaluru,Man,12,0,0,0,0,,
2022-05-01,FY 2022-23,Cloud and Infrastructure,L3,Mid (L3-L4),Bengaluru,Woman,6,0,0,0,0,,
2022-05-01,FY 2022-23,Cloud and Infrastructure,L3,Mid (L3-L4),Hyderabad,Man,16,0,0,0,0,,
2022-05-01,FY 2022-23,Cloud and Infrastructure,L3,Mid (L3-L4),Hyderabad,Non-binary,1,0,0,0,0,,
2022-05-01,FY 2022-23,Cloud and Infrastructure,L3,Mid (L3-L4),Hyderabad,Woman,9,0,0,0,0,,
2022-05-01,FY 2022-23,Cloud and Infrastructure,L4,Mid (L3-L4),Bengaluru,Man,9,0,0,0,0,,
2022-05-01,FY 2022-23,Cloud and Infrastructure,L4,Mid (L3-L4),Bengaluru,Woman,3,0,0,0,0,,
2022-05-01,FY 2022-23,Cloud and Infrastructure,L4,Mid (L3-L4),Hyderabad,Man,8,0,0,0,0,,
2022-05-01,FY 2022-23,Cloud and Infrastructure,L4,Mid (L3-L4),Hyderabad,Woman,4,0,0,0,0,,
2022-05-01,FY 2022-23,Cloud and Infrastructure,L5,Senior (L5-L6),Bengaluru,Man,1,0,0,0,0,,
2022-05-01,FY 2022-23,Cloud and Infrastructure,L5,Senior (L5-L6),Bengaluru,Woman,1,0,0,0,0,,
2022-05-01,FY 2022-23,Cloud and Infrastructure,L5,Senior (L5-L6),Hyderabad,Man,5,0,0,0,0,,
2022-05-01,FY 2022-23,Cloud and Infrastructure,L5,Senior (L5-L6),Hyderabad,Woman,2,0,0,0,0,,
2022-05-01,FY 2022-23,Cloud and Infrastructure,L6,Senior (L5-L6),Bengaluru,Man,0,0,0,0,0,,
2022-05-01,FY 2022-23,Cloud and Infrastructure,L6,Senior (L5-L6),Bengaluru,Woman,1,0,0,0,0,,
2022-05-01,FY 2022-23,Cloud and Infrastructure,L6,Senior (L5-L6),Hyderabad,Man,2,0,0,0,0,,
2022-05-01,FY 2022-23,Consulting,L1,Junior (L1-L2),Bengaluru,Man,4,0,0,0,0,,
2022-05-01,FY 2022-23,Consulting,L1,Junior (L1-L2),Bengaluru,Woman,5,0,0,0,0,,
2022-05-01,FY 2022-23,Consulting,L1,Junior (L1-L2),Hyderabad,Man,9,0,0,0,0,,
2022-05-01,FY 2022-23,Consulting,L1,Junior (L1-L2),Hyderabad,Woman,9,0,0,0,0,,
2022-05-01,FY 2022-23,Consulting,L2,Junior (L1-L2),Bengaluru,Man,7,0,1,0,0,,
2022-05-01,FY 2022-23,Consulting,L2,Junior (L1-L2),Bengaluru,Woman,3,0,0,0,0,,
2022-05-01,FY 2022-23,Consulting,L2,Junior (L1-L2),Hyderabad,Man,6,0,1,0,0,,
2022-05-01,FY 2022-23,Consulting,L2,Junior (L1-L2),Hyderabad,Woman,6,0,0,0,0,,
2022-05-01,FY 2022-23,Consulting,L3,Mid (L3-L4),Bengaluru,Man,4,0,0,0,0,,
2022-05-01,FY 2022-23,Consulting,L3,Mid (L3-L4),Bengaluru,Woman,2,0,0,0,0,,
2022-05-01,FY 2022-23,Consulting,L3,Mid (L3-L4),Hyderabad,Man,5,0,0,0,0,,
2022-05-01,FY 2022-23,Consulting,L3,Mid (L3-L4),Hyderabad,Woman,6,0,0,0,0,,
2022-05-01,FY 2022-23,Consulting,L4,Mid (L3-L4),Bengaluru,Man,5,0,0,0,0,,
2022-05-01,FY 2022-23,Consulting,L4,Mid (L3-L4),Bengaluru,Woman,2,0,0,0,0,,
2022-05-01,FY 2022-23,Consulting,L4,Mid (L3-L4),Hyderabad,Man,2,0,0,0,0,,
2022-05-01,FY 2022-23,Consulting,L4,Mid (L3-L4),Hyderabad,Woman,3,0,0,0,0,,
2022-05-01,FY 2022-23,Consulting,L5,Senior (L5-L6),Bengaluru,Man,2,0,0,0,0,,
2022-05-01,FY 2022-23,Consulting,L5,Senior (L5-L6),Bengaluru,Woman,0,0,0,0,0,,
2022-05-01,FY 2022-23,Consulting,L5,Senior (L5-L6),Hyderabad,Man,3,0,0,0,0,,
2022-05-01,FY 2022-23,Consulting,L5,Senior (L5-L6),Hyderabad,Woman,0,0,0,0,0,,
2022-05-01,FY 2022-23,Consulting,L6,Senior (L5-L6),Bengaluru,Man,1,0,0,0,0,,
2022-05-01,FY 2022-23,Consulting,L6,Senior (L5-L6),Hyderabad,Man,2,0,0,0,0,,
2022-05-01,FY 2022-23,Consulting,L6,Senior (L5-L6),Hyderabad,Woman,2,0,0,0,0,,
2022-05-01,FY 2022-23,Corporate Functions,L1,Junior (L1-L2),Bengaluru,Man,6,0,0,0,0,,
2022-05-01,FY 2022-23,Corporate Functions,L1,Junior (L1-L2),Bengaluru,Woman,6,0,0,0,0,,
2022-05-01,FY 2022-23,Corporate Functions,L1,Junior (L1-L2),Hyderabad,Man,16,0,1,0,0,,
2022-05-01,FY 2022-23,Corporate Functions,L1,Junior (L1-L2),Hyderabad,Woman,10,0,0,0,0,,
2022-05-01,FY 2022-23,Corporate Functions,L2,Junior (L1-L2),Bengaluru,Man,9,0,0,0,0,,
2022-05-01,FY 2022-23,Corporate Functions,L2,Junior (L1-L2),Bengaluru,Woman,4,0,1,0,1,,
2022-05-01,FY 2022-23,Corporate Functions,L2,Junior (L1-L2),Hyderabad,Man,17,0,0,0,0,,
2022-05-01,FY 2022-23,Corporate Functions,L2,Junior (L1-L2),Hyderabad,Woman,10,0,0,0,0,,
2022-05-01,FY 2022-23,Corporate Functions,L3,Mid (L3-L4),Bengaluru,Man,12,0,0,0,0,,
2022-05-01,FY 2022-23,Corporate Functions,L3,Mid (L3-L4),Bengaluru,Woman,6,0,0,0,0,,
2022-05-01,FY 2022-23,Corporate Functions,L3,Mid (L3-L4),Hyderabad,Man,13,0,0,0,0,,
2022-05-01,FY 2022-23,Corporate Functions,L3,Mid (L3-L4),Hyderabad,Woman,4,0,1,0,1,,
2022-05-01,FY 2022-23,Corporate Functions,L4,Mid (L3-L4),Bengaluru,Man,7,0,0,0,0,,
2022-05-01,FY 2022-23,Corporate Functions,L4,Mid (L3-L4),Bengaluru,Woman,0,0,0,0,0,,
2022-05-01,FY 2022-23,Corporate Functions,L4,Mid (L3-L4),Hyderabad,Man,10,0,0,0,0,,
2022-05-01,FY 2022-23,Corporate Functions,L4,Mid (L3-L4),Hyderabad,Woman,2,0,0,0,0,,
2022-05-01,FY 2022-23,Corporate Functions,L5,Senior (L5-L6),Bengaluru,Man,1,0,0,0,0,,
2022-05-01,FY 2022-23,Corporate Functions,L5,Senior (L5-L6),Bengaluru,Woman,0,0,0,0,0,,
2022-05-01,FY 2022-23,Corporate Functions,L5,Senior (L5-L6),Hyderabad,Man,3,0,0,0,0,,
2022-05-01,FY 2022-23,Corporate Functions,L6,Senior (L5-L6),Bengaluru,Man,2,0,0,0,0,,
2022-05-01,FY 2022-23,Corporate Functions,L6,Senior (L5-L6),Hyderabad,Man,2,0,0,0,0,,
2022-05-01,FY 2022-23,Data and Analytics,L1,Junior (L1-L2),Bengaluru,Man,17,0,1,0,0,,
2022-05-01,FY 2022-23,Data and Analytics,L1,Junior (L1-L2),Bengaluru,Woman,15,0,0,0,0,,
2022-05-01,FY 2022-23,Data and Analytics,L1,Junior (L1-L2),Hyderabad,Man,18,0,0,0,0,,
2022-05-01,FY 2022-23,Data and Analytics,L1,Junior (L1-L2),Hyderabad,Woman,14,0,2,0,1,,
2022-05-01,FY 2022-23,Data and Analytics,L2,Junior (L1-L2),Bengaluru,Man,16,0,1,0,1,,
2022-05-01,FY 2022-23,Data and Analytics,L2,Junior (L1-L2),Bengaluru,Woman,7,0,2,0,0,,
2022-05-01,FY 2022-23,Data and Analytics,L2,Junior (L1-L2),Hyderabad,Man,27,0,1,0,1,,
2022-05-01,FY 2022-23,Data and Analytics,L2,Junior (L1-L2),Hyderabad,Woman,18,0,0,0,0,,
2022-05-01,FY 2022-23,Data and Analytics,L3,Mid (L3-L4),Bengaluru,Man,12,0,1,0,0,,
2022-05-01,FY 2022-23,Data and Analytics,L3,Mid (L3-L4),Bengaluru,Woman,6,0,1,0,1,,
2022-05-01,FY 2022-23,Data and Analytics,L3,Mid (L3-L4),Hyderabad,Man,19,0,1,0,0,,
2022-05-01,FY 2022-23,Data and Analytics,L3,Mid (L3-L4),Hyderabad,Woman,5,0,2,0,0,,
2022-05-01,FY 2022-23,Data and Analytics,L4,Mid (L3-L4),Bengaluru,Man,5,0,0,0,0,,
2022-05-01,FY 2022-23,Data and Analytics,L4,Mid (L3-L4),Bengaluru,Woman,1,0,0,0,0,,
2022-05-01,FY 2022-23,Data and Analytics,L4,Mid (L3-L4),Hyderabad,Man,11,0,1,1,0,,
2022-05-01,FY 2022-23,Data and Analytics,L4,Mid (L3-L4),Hyderabad,Woman,5,0,0,0,0,,
2022-05-01,FY 2022-23,Data and Analytics,L5,Senior (L5-L6),Bengaluru,Man,3,0,0,0,0,,
2022-05-01,FY 2022-23,Data and Analytics,L5,Senior (L5-L6),Bengaluru,Woman,2,0,0,0,0,,
2022-05-01,FY 2022-23,Data and Analytics,L5,Senior (L5-L6),Hyderabad,Man,4,0,0,0,0,,
2022-05-01,FY 2022-23,Data and Analytics,L5,Senior (L5-L6),Hyderabad,Woman,1,0,0,0,0,,
2022-05-01,FY 2022-23,Data and Analytics,L6,Senior (L5-L6),Bengaluru,Man,2,0,0,0,0,,
2022-05-01,FY 2022-23,Data and Analytics,L6,Senior (L5-L6),Hyderabad,Man,3,0,0,0,0,,
2022-05-01,FY 2022-23,Data and Analytics,L6,Senior (L5-L6),Hyderabad,Woman,1,0,0,0,0,,
2022-05-01,FY 2022-23,Delivery,L1,Junior (L1-L2),Bengaluru,Man,49,0,0,0,0,,
2022-05-01,FY 2022-23,Delivery,L1,Junior (L1-L2),Bengaluru,Woman,50,0,1,0,1,,
2022-05-01,FY 2022-23,Delivery,L1,Junior (L1-L2),Hyderabad,Man,100,0,3,1,0,,
2022-05-01,FY 2022-23,Delivery,L1,Junior (L1-L2),Hyderabad,Non-binary,1,0,0,0,0,,
2022-05-01,FY 2022-23,Delivery,L1,Junior (L1-L2),Hyderabad,Woman,66,1,4,0,0,,
2022-05-01,FY 2022-23,Delivery,L2,Junior (L1-L2),Bengaluru,Man,75,0,3,1,2,,
2022-05-01,FY 2022-23,Delivery,L2,Junior (L1-L2),Bengaluru,Non-binary,0,0,0,0,0,,
2022-05-01,FY 2022-23,Delivery,L2,Junior (L1-L2),Bengaluru,Woman,35,0,1,0,0,,
2022-05-01,FY 2022-23,Delivery,L2,Junior (L1-L2),Hyderabad,Man,117,0,7,0,2,,
2022-05-01,FY 2022-23,Delivery,L2,Junior (L1-L2),Hyderabad,Non-binary,1,0,0,0,0,,
2022-05-01,FY 2022-23,Delivery,L2,Junior (L1-L2),Hyderabad,Woman,61,0,1,0,0,,
2022-05-01,FY 2022-23,Delivery,L3,Mid (L3-L4),Bengaluru,Man,49,0,0,0,0,,
2022-05-01,FY 2022-23,Delivery,L3,Mid (L3-L4),Bengaluru,Woman,32,0,0,0,0,,
2022-05-01,FY 2022-23,Delivery,L3,Mid (L3-L4),Hyderabad,Man,82,0,1,0,1,,
2022-05-01,FY 2022-23,Delivery,L3,Mid (L3-L4),Hyderabad,Non-binary,1,0,0,0,0,,
2022-05-01,FY 2022-23,Delivery,L3,Mid (L3-L4),Hyderabad,Woman,34,0,0,0,0,,
2022-05-01,FY 2022-23,Delivery,L4,Mid (L3-L4),Bengaluru,Man,25,0,0,0,0,,
2022-05-01,FY 2022-23,Delivery,L4,Mid (L3-L4),Bengaluru,Woman,10,0,0,0,0,,
2022-05-01,FY 2022-23,Delivery,L4,Mid (L3-L4),Hyderabad,Man,46,0,0,0,0,,
2022-05-01,FY 2022-23,Delivery,L4,Mid (L3-L4),Hyderabad,Woman,14,0,0,0,0,,
2022-05-01,FY 2022-23,Delivery,L5,Senior (L5-L6),Bengaluru,Man,20,0,1,0,0,,
2022-05-01,FY 2022-23,Delivery,L5,Senior (L5-L6),Bengaluru,Woman,7,0,0,0,0,,
2022-05-01,FY 2022-23,Delivery,L5,Senior (L5-L6),Hyderabad,Man,21,0,1,0,0,,
2022-05-01,FY 2022-23,Delivery,L5,Senior (L5-L6),Hyderabad,Woman,4,0,0,0,0,,
2022-05-01,FY 2022-23,Delivery,L6,Senior (L5-L6),Bengaluru,Man,8,0,0,0,0,,
2022-05-01,FY 2022-23,Delivery,L6,Senior (L5-L6),Bengaluru,Woman,1,0,0,0,0,,
2022-05-01,FY 2022-23,Delivery,L6,Senior (L5-L6),Hyderabad,Man,11,0,0,0,0,,
2022-05-01,FY 2022-23,Delivery,L6,Senior (L5-L6),Hyderabad,Woman,1,0,0,0,0,,
2022-05-01,FY 2022-23,Quality Engineering,L1,Junior (L1-L2),Bengaluru,Man,21,0,0,0,0,,
2022-05-01,FY 2022-23,Quality Engineering,L1,Junior (L1-L2),Bengaluru,Woman,19,0,1,0,0,,
2022-05-01,FY 2022-23,Quality Engineering,L1,Junior (L1-L2),Hyderabad,Man,31,0,0,0,0,,
2022-05-01,FY 2022-23,Quality Engineering,L1,Junior (L1-L2),Hyderabad,Non-binary,0,0,0,0,0,,
2022-05-01,FY 2022-23,Quality Engineering,L1,Junior (L1-L2),Hyderabad,Woman,24,0,0,0,0,,
2022-05-01,FY 2022-23,Quality Engineering,L2,Junior (L1-L2),Bengaluru,Man,25,0,0,0,0,,
2022-05-01,FY 2022-23,Quality Engineering,L2,Junior (L1-L2),Bengaluru,Non-binary,1,0,0,0,0,,
2022-05-01,FY 2022-23,Quality Engineering,L2,Junior (L1-L2),Bengaluru,Woman,14,0,0,0,0,,
2022-05-01,FY 2022-23,Quality Engineering,L2,Junior (L1-L2),Hyderabad,Man,40,0,3,0,1,,
2022-05-01,FY 2022-23,Quality Engineering,L2,Junior (L1-L2),Hyderabad,Woman,21,0,0,0,0,,
2022-05-01,FY 2022-23,Quality Engineering,L3,Mid (L3-L4),Bengaluru,Man,19,0,0,0,0,,
2022-05-01,FY 2022-23,Quality Engineering,L3,Mid (L3-L4),Bengaluru,Woman,8,0,1,0,0,,
2022-05-01,FY 2022-23,Quality Engineering,L3,Mid (L3-L4),Hyderabad,Man,21,0,0,0,0,,
2022-05-01,FY 2022-23,Quality Engineering,L3,Mid (L3-L4),Hyderabad,Woman,13,0,0,0,0,,
2022-05-01,FY 2022-23,Quality Engineering,L4,Mid (L3-L4),Bengaluru,Man,8,0,0,1,0,,
2022-05-01,FY 2022-23,Quality Engineering,L4,Mid (L3-L4),Bengaluru,Non-binary,1,0,0,0,0,,
2022-05-01,FY 2022-23,Quality Engineering,L4,Mid (L3-L4),Bengaluru,Woman,3,0,0,0,0,,
2022-05-01,FY 2022-23,Quality Engineering,L4,Mid (L3-L4),Hyderabad,Man,16,0,1,1,0,,
2022-05-01,FY 2022-23,Quality Engineering,L4,Mid (L3-L4),Hyderabad,Woman,6,0,0,0,0,,
2022-05-01,FY 2022-23,Quality Engineering,L5,Senior (L5-L6),Bengaluru,Man,2,0,0,0,0,,
2022-05-01,FY 2022-23,Quality Engineering,L5,Senior (L5-L6),Bengaluru,Woman,0,0,0,0,0,,
2022-05-01,FY 2022-23,Quality Engineering,L5,Senior (L5-L6),Hyderabad,Man,12,0,0,0,0,,
2022-05-01,FY 2022-23,Quality Engineering,L5,Senior (L5-L6),Hyderabad,Woman,1,0,0,0,0,,
2022-05-01,FY 2022-23,Quality Engineering,L6,Senior (L5-L6),Bengaluru,Man,3,0,0,0,0,,
2022-05-01,FY 2022-23,Quality Engineering,L6,Senior (L5-L6),Bengaluru,Woman,1,0,0,0,0,,
2022-05-01,FY 2022-23,Quality Engineering,L6,Senior (L5-L6),Hyderabad,Man,2,0,0,0,0,,
2022-05-01,FY 2022-23,Quality Engineering,L6,Senior (L5-L6),Hyderabad,Woman,1,0,0,0,0,,
2022-05-01,FY 2022-23,Sales and Presales,L1,Junior (L1-L2),Bengaluru,Man,10,0,2,0,1,,
2022-05-01,FY 2022-23,Sales and Presales,L1,Junior (L1-L2),Bengaluru,Non-binary,0,0,0,0,0,,
2022-05-01,FY 2022-23,Sales and Presales,L1,Junior (L1-L2),Bengaluru,Woman,4,0,0,0,0,,
2022-05-01,FY 2022-23,Sales and Presales,L1,Junior (L1-L2),Hyderabad,Man,13,0,1,0,1,,
2022-05-01,FY 2022-23,Sales and Presales,L1,Junior (L1-L2),Hyderabad,Woman,11,0,1,1,0,,
2022-05-01,FY 2022-23,Sales and Presales,L2,Junior (L1-L2),Bengaluru,Man,7,0,0,0,0,,
2022-05-01,FY 2022-23,Sales and Presales,L2,Junior (L1-L2),Bengaluru,Non-binary,0,0,0,0,0,,
2022-05-01,FY 2022-23,Sales and Presales,L2,Junior (L1-L2),Bengaluru,Woman,4,0,1,0,0,,
2022-05-01,FY 2022-23,Sales and Presales,L2,Junior (L1-L2),Hyderabad,Man,11,0,0,0,0,,
2022-05-01,FY 2022-23,Sales and Presales,L2,Junior (L1-L2),Hyderabad,Woman,9,0,0,0,0,,
2022-05-01,FY 2022-23,Sales and Presales,L3,Mid (L3-L4),Bengaluru,Man,9,0,0,0,0,,
2022-05-01,FY 2022-23,Sales and Presales,L3,Mid (L3-L4),Bengaluru,Woman,4,0,0,0,0,,
2022-05-01,FY 2022-23,Sales and Presales,L3,Mid (L3-L4),Hyderabad,Man,12,0,0,0,0,,
2022-05-01,FY 2022-23,Sales and Presales,L3,Mid (L3-L4),Hyderabad,Woman,4,0,1,0,0,,
2022-05-01,FY 2022-23,Sales and Presales,L4,Mid (L3-L4),Bengaluru,Man,2,0,0,0,0,,
2022-05-01,FY 2022-23,Sales and Presales,L4,Mid (L3-L4),Bengaluru,Woman,2,0,0,0,0,,
2022-05-01,FY 2022-23,Sales and Presales,L4,Mid (L3-L4),Hyderabad,Man,9,0,0,0,0,,
2022-05-01,FY 2022-23,Sales and Presales,L4,Mid (L3-L4),Hyderabad,Woman,0,0,0,0,0,,
2022-05-01,FY 2022-23,Sales and Presales,L5,Senior (L5-L6),Bengaluru,Man,1,0,0,0,0,,
2022-05-01,FY 2022-23,Sales and Presales,L5,Senior (L5-L6),Hyderabad,Man,3,0,0,0,0,,
2022-05-01,FY 2022-23,Sales and Presales,L5,Senior (L5-L6),Hyderabad,Woman,1,0,0,0,0,,
2022-05-01,FY 2022-23,Sales and Presales,L6,Senior (L5-L6),Bengaluru,Man,1,0,0,0,0,,
2022-05-01,FY 2022-23,Sales and Presales,L6,Senior (L5-L6),Hyderabad,Man,1,0,0,0,0,,
2022-06-01,FY 2022-23,Cloud and Infrastructure,L1,Junior (L1-L2),Bengaluru,Man,18,0,0,0,0,,
2022-06-01,FY 2022-23,Cloud and Infrastructure,L1,Junior (L1-L2),Bengaluru,Woman,17,0,0,0,0,,
2022-06-01,FY 2022-23,Cloud and Infrastructure,L1,Junior (L1-L2),Hyderabad,Man,24,0,2,0,1,,
2022-06-01,FY 2022-23,Cloud and Infrastructure,L1,Junior (L1-L2),Hyderabad,Woman,21,0,0,0,0,,
2022-06-01,FY 2022-23,Cloud and Infrastructure,L2,Junior (L1-L2),Bengaluru,Man,19,0,0,0,0,,
2022-06-01,FY 2022-23,Cloud and Infrastructure,L2,Junior (L1-L2),Bengaluru,Woman,13,1,1,0,0,,
2022-06-01,FY 2022-23,Cloud and Infrastructure,L2,Junior (L1-L2),Hyderabad,Man,25,0,3,0,1,,
2022-06-01,FY 2022-23,Cloud and Infrastructure,L2,Junior (L1-L2),Hyderabad,Woman,22,0,1,0,0,,
2022-06-01,FY 2022-23,Cloud and Infrastructure,L3,Mid (L3-L4),Bengaluru,Man,12,0,0,0,0,,
2022-06-01,FY 2022-23,Cloud and Infrastructure,L3,Mid (L3-L4),Bengaluru,Woman,5,0,1,0,0,,
2022-06-01,FY 2022-23,Cloud and Infrastructure,L3,Mid (L3-L4),Hyderabad,Man,17,2,1,0,0,,
2022-06-01,FY 2022-23,Cloud and Infrastructure,L3,Mid (L3-L4),Hyderabad,Non-binary,1,0,0,0,0,,
2022-06-01,FY 2022-23,Cloud and Infrastructure,L3,Mid (L3-L4),Hyderabad,Woman,9,0,0,0,0,,
2022-06-01,FY 2022-23,Cloud and Infrastructure,L4,Mid (L3-L4),Bengaluru,Man,8,0,0,1,0,,
2022-06-01,FY 2022-23,Cloud and Infrastructure,L4,Mid (L3-L4),Bengaluru,Woman,3,0,0,0,0,,
2022-06-01,FY 2022-23,Cloud and Infrastructure,L4,Mid (L3-L4),Hyderabad,Man,8,0,0,0,0,,
2022-06-01,FY 2022-23,Cloud and Infrastructure,L4,Mid (L3-L4),Hyderabad,Woman,4,0,0,0,0,,
2022-06-01,FY 2022-23,Cloud and Infrastructure,L5,Senior (L5-L6),Bengaluru,Man,1,0,0,0,0,,
2022-06-01,FY 2022-23,Cloud and Infrastructure,L5,Senior (L5-L6),Bengaluru,Woman,1,0,0,0,0,,
2022-06-01,FY 2022-23,Cloud and Infrastructure,L5,Senior (L5-L6),Hyderabad,Man,4,0,1,0,0,,
2022-06-01,FY 2022-23,Cloud and Infrastructure,L5,Senior (L5-L6),Hyderabad,Woman,2,0,0,0,0,,
2022-06-01,FY 2022-23,Cloud and Infrastructure,L6,Senior (L5-L6),Bengaluru,Man,0,0,0,0,0,,
2022-06-01,FY 2022-23,Cloud and Infrastructure,L6,Senior (L5-L6),Bengaluru,Woman,1,0,0,0,0,,
2022-06-01,FY 2022-23,Cloud and Infrastructure,L6,Senior (L5-L6),Hyderabad,Man,2,0,0,0,0,,
2022-06-01,FY 2022-23,Consulting,L1,Junior (L1-L2),Bengaluru,Man,4,0,0,0,0,,
2022-06-01,FY 2022-23,Consulting,L1,Junior (L1-L2),Bengaluru,Woman,5,0,0,0,0,,
2022-06-01,FY 2022-23,Consulting,L1,Junior (L1-L2),Hyderabad,Man,9,0,0,0,0,,
2022-06-01,FY 2022-23,Consulting,L1,Junior (L1-L2),Hyderabad,Woman,9,0,0,0,0,,
2022-06-01,FY 2022-23,Consulting,L2,Junior (L1-L2),Bengaluru,Man,7,0,0,0,0,,
2022-06-01,FY 2022-23,Consulting,L2,Junior (L1-L2),Bengaluru,Woman,2,0,1,0,0,,
2022-06-01,FY 2022-23,Consulting,L2,Junior (L1-L2),Hyderabad,Man,6,0,0,0,0,,
2022-06-01,FY 2022-23,Consulting,L2,Junior (L1-L2),Hyderabad,Woman,6,0,0,0,0,,
2022-06-01,FY 2022-23,Consulting,L3,Mid (L3-L4),Bengaluru,Man,3,0,1,0,0,,
2022-06-01,FY 2022-23,Consulting,L3,Mid (L3-L4),Bengaluru,Woman,2,0,0,0,0,,
2022-06-01,FY 2022-23,Consulting,L3,Mid (L3-L4),Hyderabad,Man,5,0,0,0,0,,
2022-06-01,FY 2022-23,Consulting,L3,Mid (L3-L4),Hyderabad,Woman,6,0,0,0,0,,
2022-06-01,FY 2022-23,Consulting,L4,Mid (L3-L4),Bengaluru,Man,5,0,0,0,0,,
2022-06-01,FY 2022-23,Consulting,L4,Mid (L3-L4),Bengaluru,Woman,2,0,0,0,0,,
2022-06-01,FY 2022-23,Consulting,L4,Mid (L3-L4),Hyderabad,Man,2,0,0,0,0,,
2022-06-01,FY 2022-23,Consulting,L4,Mid (L3-L4),Hyderabad,Woman,3,0,0,0,0,,
2022-06-01,FY 2022-23,Consulting,L5,Senior (L5-L6),Bengaluru,Man,1,0,1,0,0,,
2022-06-01,FY 2022-23,Consulting,L5,Senior (L5-L6),Bengaluru,Woman,0,0,0,0,0,,
2022-06-01,FY 2022-23,Consulting,L5,Senior (L5-L6),Hyderabad,Man,3,0,0,0,0,,
2022-06-01,FY 2022-23,Consulting,L5,Senior (L5-L6),Hyderabad,Woman,0,0,0,0,0,,
2022-06-01,FY 2022-23,Consulting,L6,Senior (L5-L6),Bengaluru,Man,1,0,0,0,0,,
2022-06-01,FY 2022-23,Consulting,L6,Senior (L5-L6),Hyderabad,Man,2,0,0,0,0,,
2022-06-01,FY 2022-23,Consulting,L6,Senior (L5-L6),Hyderabad,Woman,2,0,0,0,0,,
2022-06-01,FY 2022-23,Corporate Functions,L1,Junior (L1-L2),Bengaluru,Man,6,0,0,0,0,,
2022-06-01,FY 2022-23,Corporate Functions,L1,Junior (L1-L2),Bengaluru,Woman,6,0,0,0,0,,
2022-06-01,FY 2022-23,Corporate Functions,L1,Junior (L1-L2),Hyderabad,Man,16,0,0,0,0,,
2022-06-01,FY 2022-23,Corporate Functions,L1,Junior (L1-L2),Hyderabad,Woman,9,0,1,0,0,,
2022-06-01,FY 2022-23,Corporate Functions,L2,Junior (L1-L2),Bengaluru,Man,9,0,0,0,0,,
2022-06-01,FY 2022-23,Corporate Functions,L2,Junior (L1-L2),Bengaluru,Woman,4,0,0,0,0,,
2022-06-01,FY 2022-23,Corporate Functions,L2,Junior (L1-L2),Hyderabad,Man,17,0,0,0,0,,
2022-06-01,FY 2022-23,Corporate Functions,L2,Junior (L1-L2),Hyderabad,Woman,10,0,0,0,0,,
2022-06-01,FY 2022-23,Corporate Functions,L3,Mid (L3-L4),Bengaluru,Man,12,0,0,0,0,,
2022-06-01,FY 2022-23,Corporate Functions,L3,Mid (L3-L4),Bengaluru,Woman,5,0,1,0,0,,
2022-06-01,FY 2022-23,Corporate Functions,L3,Mid (L3-L4),Hyderabad,Man,12,0,0,1,0,,
2022-06-01,FY 2022-23,Corporate Functions,L3,Mid (L3-L4),Hyderabad,Woman,4,0,0,0,0,,
2022-06-01,FY 2022-23,Corporate Functions,L4,Mid (L3-L4),Bengaluru,Man,7,0,0,0,0,,
2022-06-01,FY 2022-23,Corporate Functions,L4,Mid (L3-L4),Bengaluru,Woman,0,0,0,0,0,,
2022-06-01,FY 2022-23,Corporate Functions,L4,Mid (L3-L4),Hyderabad,Man,10,0,0,0,0,,
2022-06-01,FY 2022-23,Corporate Functions,L4,Mid (L3-L4),Hyderabad,Woman,2,0,0,0,0,,
2022-06-01,FY 2022-23,Corporate Functions,L5,Senior (L5-L6),Bengaluru,Man,1,0,0,0,0,,
2022-06-01,FY 2022-23,Corporate Functions,L5,Senior (L5-L6),Bengaluru,Woman,0,0,0,0,0,,
2022-06-01,FY 2022-23,Corporate Functions,L5,Senior (L5-L6),Hyderabad,Man,3,0,0,0,0,,
2022-06-01,FY 2022-23,Corporate Functions,L6,Senior (L5-L6),Bengaluru,Man,2,0,0,0,0,,
2022-06-01,FY 2022-23,Corporate Functions,L6,Senior (L5-L6),Hyderabad,Man,2,0,0,0,0,,
2022-06-01,FY 2022-23,Data and Analytics,L1,Junior (L1-L2),Bengaluru,Man,15,0,2,0,1,,
2022-06-01,FY 2022-23,Data and Analytics,L1,Junior (L1-L2),Bengaluru,Woman,15,0,0,0,0,,
2022-06-01,FY 2022-23,Data and Analytics,L1,Junior (L1-L2),Hyderabad,Man,18,0,0,0,0,,
2022-06-01,FY 2022-23,Data and Analytics,L1,Junior (L1-L2),Hyderabad,Woman,14,0,0,0,0,,
2022-06-01,FY 2022-23,Data and Analytics,L2,Junior (L1-L2),Bengaluru,Man,16,0,0,0,0,,
2022-06-01,FY 2022-23,Data and Analytics,L2,Junior (L1-L2),Bengaluru,Woman,7,0,0,0,0,,
2022-06-01,FY 2022-23,Data and Analytics,L2,Junior (L1-L2),Hyderabad,Man,27,0,0,0,0,,
2022-06-01,FY 2022-23,Data and Analytics,L2,Junior (L1-L2),Hyderabad,Woman,17,0,1,0,1,,
2022-06-01,FY 2022-23,Data and Analytics,L3,Mid (L3-L4),Bengaluru,Man,11,0,1,0,0,,
2022-06-01,FY 2022-23,Data and Analytics,L3,Mid (L3-L4),Bengaluru,Woman,6,0,0,0,0,,
2022-06-01,FY 2022-23,Data and Analytics,L3,Mid (L3-L4),Hyderabad,Man,19,0,0,0,0,,
2022-06-01,FY 2022-23,Data and Analytics,L3,Mid (L3-L4),Hyderabad,Woman,5,0,0,0,0,,
2022-06-01,FY 2022-23,Data and Analytics,L4,Mid (L3-L4),Bengaluru,Man,5,0,0,0,0,,
2022-06-01,FY 2022-23,Data and Analytics,L4,Mid (L3-L4),Bengaluru,Woman,1,0,0,0,0,,
2022-06-01,FY 2022-23,Data and Analytics,L4,Mid (L3-L4),Hyderabad,Man,11,0,0,0,0,,
2022-06-01,FY 2022-23,Data and Analytics,L4,Mid (L3-L4),Hyderabad,Woman,5,0,0,0,0,,
2022-06-01,FY 2022-23,Data and Analytics,L5,Senior (L5-L6),Bengaluru,Man,2,0,1,0,0,,
2022-06-01,FY 2022-23,Data and Analytics,L5,Senior (L5-L6),Bengaluru,Woman,2,0,0,0,0,,
2022-06-01,FY 2022-23,Data and Analytics,L5,Senior (L5-L6),Hyderabad,Man,4,0,0,0,0,,
2022-06-01,FY 2022-23,Data and Analytics,L5,Senior (L5-L6),Hyderabad,Woman,1,0,0,0,0,,
2022-06-01,FY 2022-23,Data and Analytics,L6,Senior (L5-L6),Bengaluru,Man,2,0,0,0,0,,
2022-06-01,FY 2022-23,Data and Analytics,L6,Senior (L5-L6),Hyderabad,Man,3,0,0,0,0,,
2022-06-01,FY 2022-23,Data and Analytics,L6,Senior (L5-L6),Hyderabad,Woman,1,0,0,0,0,,
2022-06-01,FY 2022-23,Delivery,L1,Junior (L1-L2),Bengaluru,Man,48,0,1,0,1,,
2022-06-01,FY 2022-23,Delivery,L1,Junior (L1-L2),Bengaluru,Woman,47,0,2,1,0,,
2022-06-01,FY 2022-23,Delivery,L1,Junior (L1-L2),Hyderabad,Man,95,0,5,0,3,,
2022-06-01,FY 2022-23,Delivery,L1,Junior (L1-L2),Hyderabad,Non-binary,1,0,0,0,0,,
2022-06-01,FY 2022-23,Delivery,L1,Junior (L1-L2),Hyderabad,Woman,64,0,1,1,1,,
2022-06-01,FY 2022-23,Delivery,L2,Junior (L1-L2),Bengaluru,Man,75,1,1,0,1,,
2022-06-01,FY 2022-23,Delivery,L2,Junior (L1-L2),Bengaluru,Non-binary,0,0,0,0,0,,
2022-06-01,FY 2022-23,Delivery,L2,Junior (L1-L2),Bengaluru,Woman,35,0,0,0,0,,
2022-06-01,FY 2022-23,Delivery,L2,Junior (L1-L2),Hyderabad,Man,116,1,2,0,0,,
2022-06-01,FY 2022-23,Delivery,L2,Junior (L1-L2),Hyderabad,Non-binary,1,0,0,0,0,,
2022-06-01,FY 2022-23,Delivery,L2,Junior (L1-L2),Hyderabad,Woman,59,0,2,0,0,,
2022-06-01,FY 2022-23,Delivery,L3,Mid (L3-L4),Bengaluru,Man,47,0,1,1,1,,
2022-06-01,FY 2022-23,Delivery,L3,Mid (L3-L4),Bengaluru,Woman,29,0,2,1,1,,
2022-06-01,FY 2022-23,Delivery,L3,Mid (L3-L4),Hyderabad,Man,83,1,0,0,0,,
2022-06-01,FY 2022-23,Delivery,L3,Mid (L3-L4),Hyderabad,Non-binary,1,0,0,0,0,,
2022-06-01,FY 2022-23,Delivery,L3,Mid (L3-L4),Hyderabad,Woman,33,0,1,0,1,,
2022-06-01,FY 2022-23,Delivery,L4,Mid (L3-L4),Bengaluru,Man,24,0,1,0,0,,
2022-06-01,FY 2022-23,Delivery,L4,Mid (L3-L4),Bengaluru,Woman,9,0,1,0,0,,
2022-06-01,FY 2022-23,Delivery,L4,Mid (L3-L4),Hyderabad,Man,46,0,0,0,0,,
2022-06-01,FY 2022-23,Delivery,L4,Mid (L3-L4),Hyderabad,Woman,13,0,1,0,0,,
2022-06-01,FY 2022-23,Delivery,L5,Senior (L5-L6),Bengaluru,Man,19,0,1,0,0,,
2022-06-01,FY 2022-23,Delivery,L5,Senior (L5-L6),Bengaluru,Woman,7,0,0,0,0,,
2022-06-01,FY 2022-23,Delivery,L5,Senior (L5-L6),Hyderabad,Man,21,0,0,0,0,,
2022-06-01,FY 2022-23,Delivery,L5,Senior (L5-L6),Hyderabad,Woman,4,0,0,0,0,,
2022-06-01,FY 2022-23,Delivery,L6,Senior (L5-L6),Bengaluru,Man,8,0,0,0,0,,
2022-06-01,FY 2022-23,Delivery,L6,Senior (L5-L6),Bengaluru,Woman,1,0,0,0,0,,
2022-06-01,FY 2022-23,Delivery,L6,Senior (L5-L6),Hyderabad,Man,11,0,0,0,0,,
2022-06-01,FY 2022-23,Delivery,L6,Senior (L5-L6),Hyderabad,Woman,1,0,0,0,0,,
2022-06-01,FY 2022-23,Quality Engineering,L1,Junior (L1-L2),Bengaluru,Man,21,0,0,0,0,,
2022-06-01,FY 2022-23,Quality Engineering,L1,Junior (L1-L2),Bengaluru,Woman,19,0,0,0,0,,
2022-06-01,FY 2022-23,Quality Engineering,L1,Junior (L1-L2),Hyderabad,Man,31,0,0,0,0,,
2022-06-01,FY 2022-23,Quality Engineering,L1,Junior (L1-L2),Hyderabad,Non-binary,0,0,0,0,0,,
2022-06-01,FY 2022-23,Quality Engineering,L1,Junior (L1-L2),Hyderabad,Woman,25,1,0,0,0,,
2022-06-01,FY 2022-23,Quality Engineering,L2,Junior (L1-L2),Bengaluru,Man,24,0,1,0,1,,
2022-06-01,FY 2022-23,Quality Engineering,L2,Junior (L1-L2),Bengaluru,Non-binary,1,0,0,0,0,,
2022-06-01,FY 2022-23,Quality Engineering,L2,Junior (L1-L2),Bengaluru,Woman,14,0,0,0,0,,
2022-06-01,FY 2022-23,Quality Engineering,L2,Junior (L1-L2),Hyderabad,Man,40,0,0,0,0,,
2022-06-01,FY 2022-23,Quality Engineering,L2,Junior (L1-L2),Hyderabad,Woman,21,0,0,0,0,,
2022-06-01,FY 2022-23,Quality Engineering,L3,Mid (L3-L4),Bengaluru,Man,19,0,0,0,0,,
2022-06-01,FY 2022-23,Quality Engineering,L3,Mid (L3-L4),Bengaluru,Woman,8,0,0,0,0,,
2022-06-01,FY 2022-23,Quality Engineering,L3,Mid (L3-L4),Hyderabad,Man,21,0,0,0,0,,
2022-06-01,FY 2022-23,Quality Engineering,L3,Mid (L3-L4),Hyderabad,Woman,14,1,0,0,0,,
2022-06-01,FY 2022-23,Quality Engineering,L4,Mid (L3-L4),Bengaluru,Man,8,0,0,0,0,,
2022-06-01,FY 2022-23,Quality Engineering,L4,Mid (L3-L4),Bengaluru,Non-binary,1,0,0,0,0,,
2022-06-01,FY 2022-23,Quality Engineering,L4,Mid (L3-L4),Bengaluru,Woman,3,0,0,0,0,,
2022-06-01,FY 2022-23,Quality Engineering,L4,Mid (L3-L4),Hyderabad,Man,15,0,1,0,0,,
2022-06-01,FY 2022-23,Quality Engineering,L4,Mid (L3-L4),Hyderabad,Woman,6,0,0,0,0,,
2022-06-01,FY 2022-23,Quality Engineering,L5,Senior (L5-L6),Bengaluru,Man,2,0,0,0,0,,
2022-06-01,FY 2022-23,Quality Engineering,L5,Senior (L5-L6),Bengaluru,Woman,0,0,0,0,0,,
2022-06-01,FY 2022-23,Quality Engineering,L5,Senior (L5-L6),Hyderabad,Man,12,0,0,0,0,,
2022-06-01,FY 2022-23,Quality Engineering,L5,Senior (L5-L6),Hyderabad,Woman,1,0,0,0,0,,
2022-06-01,FY 2022-23,Quality Engineering,L6,Senior (L5-L6),Bengaluru,Man,3,0,0,0,0,,
2022-06-01,FY 2022-23,Quality Engineering,L6,Senior (L5-L6),Bengaluru,Woman,1,0,0,0,0,,
2022-06-01,FY 2022-23,Quality Engineering,L6,Senior (L5-L6),Hyderabad,Man,2,0,0,0,0,,
2022-06-01,FY 2022-23,Quality Engineering,L6,Senior (L5-L6),Hyderabad,Woman,1,0,0,0,0,,
2022-06-01,FY 2022-23,Sales and Presales,L1,Junior (L1-L2),Bengaluru,Man,10,0,0,0,0,,
2022-06-01,FY 2022-23,Sales and Presales,L1,Junior (L1-L2),Bengaluru,Non-binary,0,0,0,0,0,,
2022-06-01,FY 2022-23,Sales and Presales,L1,Junior (L1-L2),Bengaluru,Woman,4,0,0,0,0,,
2022-06-01,FY 2022-23,Sales and Presales,L1,Junior (L1-L2),Hyderabad,Man,12,1,2,0,1,,
2022-06-01,FY 2022-23,Sales and Presales,L1,Junior (L1-L2),Hyderabad,Woman,11,0,0,0,0,,
2022-06-01,FY 2022-23,Sales and Presales,L2,Junior (L1-L2),Bengaluru,Man,7,0,0,0,0,,
2022-06-01,FY 2022-23,Sales and Presales,L2,Junior (L1-L2),Bengaluru,Non-binary,0,0,0,0,0,,
2022-06-01,FY 2022-23,Sales and Presales,L2,Junior (L1-L2),Bengaluru,Woman,4,0,0,0,0,,
2022-06-01,FY 2022-23,Sales and Presales,L2,Junior (L1-L2),Hyderabad,Man,11,0,0,0,0,,
2022-06-01,FY 2022-23,Sales and Presales,L2,Junior (L1-L2),Hyderabad,Woman,9,0,0,0,0,,
2022-06-01,FY 2022-23,Sales and Presales,L3,Mid (L3-L4),Bengaluru,Man,9,0,0,0,0,,
2022-06-01,FY 2022-23,Sales and Presales,L3,Mid (L3-L4),Bengaluru,Woman,4,0,0,0,0,,
2022-06-01,FY 2022-23,Sales and Presales,L3,Mid (L3-L4),Hyderabad,Man,12,0,0,0,0,,
2022-06-01,FY 2022-23,Sales and Presales,L3,Mid (L3-L4),Hyderabad,Woman,4,0,0,0,0,,
2022-06-01,FY 2022-23,Sales and Presales,L4,Mid (L3-L4),Bengaluru,Man,2,0,0,0,0,,
2022-06-01,FY 2022-23,Sales and Presales,L4,Mid (L3-L4),Bengaluru,Woman,1,0,1,0,0,,
2022-06-01,FY 2022-23,Sales and Presales,L4,Mid (L3-L4),Hyderabad,Man,8,0,1,0,0,,
2022-06-01,FY 2022-23,Sales and Presales,L4,Mid (L3-L4),Hyderabad,Woman,0,0,0,0,0,,
2022-06-01,FY 2022-23,Sales and Presales,L5,Senior (L5-L6),Bengaluru,Man,1,0,0,0,0,,
2022-06-01,FY 2022-23,Sales and Presales,L5,Senior (L5-L6),Hyderabad,Man,3,0,0,0,0,,
2022-06-01,FY 2022-23,Sales and Presales,L5,Senior (L5-L6),Hyderabad,Woman,1,0,0,0,0,,
2022-06-01,FY 2022-23,Sales and Presales,L6,Senior (L5-L6),Bengaluru,Man,1,0,0,0,0,,
2022-06-01,FY 2022-23,Sales and Presales,L6,Senior (L5-L6),Hyderabad,Man,1,0,0,0,0,,
2022-07-01,FY 2022-23,Cloud and Infrastructure,L1,Junior (L1-L2),Bengaluru,Man,18,0,0,0,0,,
2022-07-01,FY 2022-23,Cloud and Infrastructure,L1,Junior (L1-L2),Bengaluru,Woman,17,0,0,0,0,,
2022-07-01,FY 2022-23,Cloud and Infrastructure,L1,Junior (L1-L2),Hyderabad,Man,26,2,0,0,0,,
2022-07-01,FY 2022-23,Cloud and Infrastructure,L1,Junior (L1-L2),Hyderabad,Woman,20,1,2,0,2,,
2022-07-01,FY 2022-23,Cloud and Infrastructure,L2,Junior (L1-L2),Bengaluru,Man,19,0,0,0,0,,
2022-07-01,FY 2022-23,Cloud and Infrastructure,L2,Junior (L1-L2),Bengaluru,Woman,14,1,0,0,0,,
2022-07-01,FY 2022-23,Cloud and Infrastructure,L2,Junior (L1-L2),Hyderabad,Man,23,1,2,1,1,,
2022-07-01,FY 2022-23,Cloud and Infrastructure,L2,Junior (L1-L2),Hyderabad,Woman,23,1,0,0,0,,
2022-07-01,FY 2022-23,Cloud and Infrastructure,L3,Mid (L3-L4),Bengaluru,Man,12,0,0,0,0,,
2022-07-01,FY 2022-23,Cloud and Infrastructure,L3,Mid (L3-L4),Bengaluru,Woman,5,0,0,0,0,,
2022-07-01,FY 2022-23,Cloud and Infrastructure,L3,Mid (L3-L4),Hyderabad,Man,17,0,0,0,0,,
2022-07-01,FY 2022-23,Cloud and Infrastructure,L3,Mid (L3-L4),Hyderabad,Non-binary,1,0,0,0,0,,
2022-07-01,FY 2022-23,Cloud and Infrastructure,L3,Mid (L3-L4),Hyderabad,Woman,9,0,0,0,0,,
2022-07-01,FY 2022-23,Cloud and Infrastructure,L4,Mid (L3-L4),Bengaluru,Man,8,0,0,0,0,,
2022-07-01,FY 2022-23,Cloud and Infrastructure,L4,Mid (L3-L4),Bengaluru,Woman,3,0,0,0,0,,
2022-07-01,FY 2022-23,Cloud and Infrastructure,L4,Mid (L3-L4),Hyderabad,Man,7,0,0,1,0,,
2022-07-01,FY 2022-23,Cloud and Infrastructure,L4,Mid (L3-L4),Hyderabad,Woman,4,0,0,0,0,,
2022-07-01,FY 2022-23,Cloud and Infrastructure,L5,Senior (L5-L6),Bengaluru,Man,1,0,0,0,0,,
2022-07-01,FY 2022-23,Cloud and Infrastructure,L5,Senior (L5-L6),Bengaluru,Woman,1,0,0,0,0,,
2022-07-01,FY 2022-23,Cloud and Infrastructure,L5,Senior (L5-L6),Hyderabad,Man,4,0,0,0,0,,
2022-07-01,FY 2022-23,Cloud and Infrastructure,L5,Senior (L5-L6),Hyderabad,Woman,2,0,0,0,0,,
2022-07-01,FY 2022-23,Cloud and Infrastructure,L6,Senior (L5-L6),Bengaluru,Man,0,0,0,0,0,,
2022-07-01,FY 2022-23,Cloud and Infrastructure,L6,Senior (L5-L6),Bengaluru,Woman,1,0,0,0,0,,
2022-07-01,FY 2022-23,Cloud and Infrastructure,L6,Senior (L5-L6),Hyderabad,Man,2,0,0,0,0,,
2022-07-01,FY 2022-23,Consulting,L1,Junior (L1-L2),Bengaluru,Man,4,0,0,0,0,,
2022-07-01,FY 2022-23,Consulting,L1,Junior (L1-L2),Bengaluru,Woman,5,0,0,0,0,,
2022-07-01,FY 2022-23,Consulting,L1,Junior (L1-L2),Hyderabad,Man,9,0,0,0,0,,
2022-07-01,FY 2022-23,Consulting,L1,Junior (L1-L2),Hyderabad,Woman,9,0,0,0,0,,
2022-07-01,FY 2022-23,Consulting,L2,Junior (L1-L2),Bengaluru,Man,7,0,0,0,0,,
2022-07-01,FY 2022-23,Consulting,L2,Junior (L1-L2),Bengaluru,Woman,2,0,0,0,0,,
2022-07-01,FY 2022-23,Consulting,L2,Junior (L1-L2),Hyderabad,Man,6,0,0,0,0,,
2022-07-01,FY 2022-23,Consulting,L2,Junior (L1-L2),Hyderabad,Woman,7,1,0,0,0,,
2022-07-01,FY 2022-23,Consulting,L3,Mid (L3-L4),Bengaluru,Man,3,0,0,0,0,,
2022-07-01,FY 2022-23,Consulting,L3,Mid (L3-L4),Bengaluru,Woman,2,0,0,0,0,,
2022-07-01,FY 2022-23,Consulting,L3,Mid (L3-L4),Hyderabad,Man,5,0,0,0,0,,
2022-07-01,FY 2022-23,Consulting,L3,Mid (L3-L4),Hyderabad,Woman,6,0,0,0,0,,
2022-07-01,FY 2022-23,Consulting,L4,Mid (L3-L4),Bengaluru,Man,5,0,0,0,0,,
2022-07-01,FY 2022-23,Consulting,L4,Mid (L3-L4),Bengaluru,Woman,2,0,0,0,0,,
2022-07-01,FY 2022-23,Consulting,L4,Mid (L3-L4),Hyderabad,Man,1,0,1,0,0,,
2022-07-01,FY 2022-23,Consulting,L4,Mid (L3-L4),Hyderabad,Woman,3,0,0,0,0,,
2022-07-01,FY 2022-23,Consulting,L5,Senior (L5-L6),Bengaluru,Man,1,0,0,0,0,,
2022-07-01,FY 2022-23,Consulting,L5,Senior (L5-L6),Bengaluru,Woman,0,0,0,0,0,,
2022-07-01,FY 2022-23,Consulting,L5,Senior (L5-L6),Hyderabad,Man,3,0,0,0,0,,
2022-07-01,FY 2022-23,Consulting,L5,Senior (L5-L6),Hyderabad,Woman,0,0,0,0,0,,
2022-07-01,FY 2022-23,Consulting,L6,Senior (L5-L6),Bengaluru,Man,1,0,0,0,0,,
2022-07-01,FY 2022-23,Consulting,L6,Senior (L5-L6),Hyderabad,Man,2,0,0,0,0,,
2022-07-01,FY 2022-23,Consulting,L6,Senior (L5-L6),Hyderabad,Woman,2,0,0,0,0,,
2022-07-01,FY 2022-23,Corporate Functions,L1,Junior (L1-L2),Bengaluru,Man,6,0,0,0,0,,
2022-07-01,FY 2022-23,Corporate Functions,L1,Junior (L1-L2),Bengaluru,Woman,5,0,1,0,0,,
2022-07-01,FY 2022-23,Corporate Functions,L1,Junior (L1-L2),Hyderabad,Man,16,0,0,0,0,,
2022-07-01,FY 2022-23,Corporate Functions,L1,Junior (L1-L2),Hyderabad,Woman,10,1,0,0,0,,
2022-07-01,FY 2022-23,Corporate Functions,L2,Junior (L1-L2),Bengaluru,Man,9,0,0,0,0,,
2022-07-01,FY 2022-23,Corporate Functions,L2,Junior (L1-L2),Bengaluru,Woman,3,0,1,0,0,,
2022-07-01,FY 2022-23,Corporate Functions,L2,Junior (L1-L2),Hyderabad,Man,17,0,0,0,0,,
2022-07-01,FY 2022-23,Corporate Functions,L2,Junior (L1-L2),Hyderabad,Woman,10,0,0,0,0,,
2022-07-01,FY 2022-23,Corporate Functions,L3,Mid (L3-L4),Bengaluru,Man,12,0,0,0,0,,
2022-07-01,FY 2022-23,Corporate Functions,L3,Mid (L3-L4),Bengaluru,Woman,4,0,1,0,1,,
2022-07-01,FY 2022-23,Corporate Functions,L3,Mid (L3-L4),Hyderabad,Man,11,0,0,1,0,,
2022-07-01,FY 2022-23,Corporate Functions,L3,Mid (L3-L4),Hyderabad,Woman,4,0,0,0,0,,
2022-07-01,FY 2022-23,Corporate Functions,L4,Mid (L3-L4),Bengaluru,Man,7,0,0,0,0,,
2022-07-01,FY 2022-23,Corporate Functions,L4,Mid (L3-L4),Bengaluru,Woman,0,0,0,0,0,,
2022-07-01,FY 2022-23,Corporate Functions,L4,Mid (L3-L4),Hyderabad,Man,10,0,0,0,0,,
2022-07-01,FY 2022-23,Corporate Functions,L4,Mid (L3-L4),Hyderabad,Woman,2,0,0,0,0,,
2022-07-01,FY 2022-23,Corporate Functions,L5,Senior (L5-L6),Bengaluru,Man,1,0,0,0,0,,
2022-07-01,FY 2022-23,Corporate Functions,L5,Senior (L5-L6),Bengaluru,Woman,0,0,0,0,0,,
2022-07-01,FY 2022-23,Corporate Functions,L5,Senior (L5-L6),Hyderabad,Man,3,0,0,0,0,,
2022-07-01,FY 2022-23,Corporate Functions,L6,Senior (L5-L6),Bengaluru,Man,2,0,0,0,0,,
2022-07-01,FY 2022-23,Corporate Functions,L6,Senior (L5-L6),Hyderabad,Man,2,0,0,0,0,,
2022-07-01,FY 2022-23,Data and Analytics,L1,Junior (L1-L2),Bengaluru,Man,15,0,0,0,0,,
2022-07-01,FY 2022-23,Data and Analytics,L1,Junior (L1-L2),Bengaluru,Woman,15,1,1,0,1,,
2022-07-01,FY 2022-23,Data and Analytics,L1,Junior (L1-L2),Hyderabad,Man,18,1,1,0,0,,
2022-07-01,FY 2022-23,Data and Analytics,L1,Junior (L1-L2),Hyderabad,Woman,13,0,1,0,0,,
2022-07-01,FY 2022-23,Data and Analytics,L2,Junior (L1-L2),Bengaluru,Man,18,2,0,0,0,,
2022-07-01,FY 2022-23,Data and Analytics,L2,Junior (L1-L2),Bengaluru,Woman,7,0,0,0,0,,
2022-07-01,FY 2022-23,Data and Analytics,L2,Junior (L1-L2),Hyderabad,Man,25,0,2,0,0,,
2022-07-01,FY 2022-23,Data and Analytics,L2,Junior (L1-L2),Hyderabad,Woman,18,1,0,0,0,,
2022-07-01,FY 2022-23,Data and Analytics,L3,Mid (L3-L4),Bengaluru,Man,10,0,1,0,0,,
2022-07-01,FY 2022-23,Data and Analytics,L3,Mid (L3-L4),Bengaluru,Woman,6,0,0,0,0,,
2022-07-01,FY 2022-23,Data and Analytics,L3,Mid (L3-L4),Hyderabad,Man,18,0,1,0,0,,
2022-07-01,FY 2022-23,Data and Analytics,L3,Mid (L3-L4),Hyderabad,Woman,6,1,0,0,0,,
2022-07-01,FY 2022-23,Data and Analytics,L4,Mid (L3-L4),Bengaluru,Man,5,0,0,0,0,,
2022-07-01,FY 2022-23,Data and Analytics,L4,Mid (L3-L4),Bengaluru,Woman,1,0,0,0,0,,
2022-07-01,FY 2022-23,Data and Analytics,L4,Mid (L3-L4),Hyderabad,Man,10,0,1,0,1,,
2022-07-01,FY 2022-23,Data and Analytics,L4,Mid (L3-L4),Hyderabad,Woman,5,0,0,0,0,,
2022-07-01,FY 2022-23,Data and Analytics,L5,Senior (L5-L6),Bengaluru,Man,2,0,0,0,0,,
2022-07-01,FY 2022-23,Data and Analytics,L5,Senior (L5-L6),Bengaluru,Woman,2,0,0,0,0,,
2022-07-01,FY 2022-23,Data and Analytics,L5,Senior (L5-L6),Hyderabad,Man,4,0,0,0,0,,
2022-07-01,FY 2022-23,Data and Analytics,L5,Senior (L5-L6),Hyderabad,Woman,1,0,0,0,0,,
2022-07-01,FY 2022-23,Data and Analytics,L6,Senior (L5-L6),Bengaluru,Man,2,0,0,0,0,,
2022-07-01,FY 2022-23,Data and Analytics,L6,Senior (L5-L6),Hyderabad,Man,3,0,0,0,0,,
2022-07-01,FY 2022-23,Data and Analytics,L6,Senior (L5-L6),Hyderabad,Woman,1,0,0,0,0,,
2022-07-01,FY 2022-23,Delivery,L1,Junior (L1-L2),Bengaluru,Man,49,2,1,0,0,,
2022-07-01,FY 2022-23,Delivery,L1,Junior (L1-L2),Bengaluru,Woman,46,0,1,0,0,,
2022-07-01,FY 2022-23,Delivery,L1,Junior (L1-L2),Hyderabad,Man,92,0,2,1,0,,
2022-07-01,FY 2022-23,Delivery,L1,Junior (L1-L2),Hyderabad,Non-binary,1,0,0,0,0,,
2022-07-01,FY 2022-23,Delivery,L1,Junior (L1-L2),Hyderabad,Woman,64,2,2,0,1,,
2022-07-01,FY 2022-23,Delivery,L2,Junior (L1-L2),Bengaluru,Man,71,0,4,0,2,,
2022-07-01,FY 2022-23,Delivery,L2,Junior (L1-L2),Bengaluru,Non-binary,0,0,0,0,0,,
2022-07-01,FY 2022-23,Delivery,L2,Junior (L1-L2),Bengaluru,Woman,35,0,0,0,0,,
2022-07-01,FY 2022-23,Delivery,L2,Junior (L1-L2),Hyderabad,Man,116,1,0,1,0,,
2022-07-01,FY 2022-23,Delivery,L2,Junior (L1-L2),Hyderabad,Non-binary,1,0,0,0,0,,
2022-07-01,FY 2022-23,Delivery,L2,Junior (L1-L2),Hyderabad,Woman,57,1,3,0,1,,
2022-07-01,FY 2022-23,Delivery,L3,Mid (L3-L4),Bengaluru,Man,46,0,1,0,0,,
2022-07-01,FY 2022-23,Delivery,L3,Mid (L3-L4),Bengaluru,Woman,29,0,0,0,0,,
2022-07-01,FY 2022-23,Delivery,L3,Mid (L3-L4),Hyderabad,Man,84,2,1,0,1,,
2022-07-01,FY 2022-23,Delivery,L3,Mid (L3-L4),Hyderabad,Non-binary,1,0,0,0,0,,
2022-07-01,FY 2022-23,Delivery,L3,Mid (L3-L4),Hyderabad,Woman,33,1,1,0,0,,
2022-07-01,FY 2022-23,Delivery,L4,Mid (L3-L4),Bengaluru,Man,25,1,0,0,0,,
2022-07-01,FY 2022-23,Delivery,L4,Mid (L3-L4),Bengaluru,Woman,8,0,1,0,0,,
2022-07-01,FY 2022-23,Delivery,L4,Mid (L3-L4),Hyderabad,Man,46,0,0,0,0,,
2022-07-01,FY 2022-23,Delivery,L4,Mid (L3-L4),Hyderabad,Woman,13,0,0,0,0,,
2022-07-01,FY 2022-23,Delivery,L5,Senior (L5-L6),Bengaluru,Man,19,0,0,0,0,,
2022-07-01,FY 2022-23,Delivery,L5,Senior (L5-L6),Bengaluru,Woman,7,0,0,0,0,,
2022-07-01,FY 2022-23,Delivery,L5,Senior (L5-L6),Hyderabad,Man,21,0,0,0,0,,
2022-07-01,FY 2022-23,Delivery,L5,Senior (L5-L6),Hyderabad,Woman,4,0,0,0,0,,
2022-07-01,FY 2022-23,Delivery,L6,Senior (L5-L6),Bengaluru,Man,8,0,0,0,0,,
2022-07-01,FY 2022-23,Delivery,L6,Senior (L5-L6),Bengaluru,Woman,1,0,0,0,0,,
2022-07-01,FY 2022-23,Delivery,L6,Senior (L5-L6),Hyderabad,Man,11,0,0,0,0,,
2022-07-01,FY 2022-23,Delivery,L6,Senior (L5-L6),Hyderabad,Woman,1,0,0,0,0,,
2022-07-01,FY 2022-23,Quality Engineering,L1,Junior (L1-L2),Bengaluru,Man,20,0,1,0,1,,
2022-07-01,FY 2022-23,Quality Engineering,L1,Junior (L1-L2),Bengaluru,Woman,20,1,0,0,0,,
2022-07-01,FY 2022-23,Quality Engineering,L1,Junior (L1-L2),Hyderabad,Man,30,0,1,0,1,,
2022-07-01,FY 2022-23,Quality Engineering,L1,Junior (L1-L2),Hyderabad,Non-binary,0,0,0,0,0,,
2022-07-01,FY 2022-23,Quality Engineering,L1,Junior (L1-L2),Hyderabad,Woman,25,0,0,0,0,,
2022-07-01,FY 2022-23,Quality Engineering,L2,Junior (L1-L2),Bengaluru,Man,25,1,0,0,0,,
2022-07-01,FY 2022-23,Quality Engineering,L2,Junior (L1-L2),Bengaluru,Non-binary,1,0,0,0,0,,
2022-07-01,FY 2022-23,Quality Engineering,L2,Junior (L1-L2),Bengaluru,Woman,15,1,0,0,0,,
2022-07-01,FY 2022-23,Quality Engineering,L2,Junior (L1-L2),Hyderabad,Man,40,2,2,0,1,,
2022-07-01,FY 2022-23,Quality Engineering,L2,Junior (L1-L2),Hyderabad,Woman,21,0,0,0,0,,
2022-07-01,FY 2022-23,Quality Engineering,L3,Mid (L3-L4),Bengaluru,Man,19,0,0,0,0,,
2022-07-01,FY 2022-23,Quality Engineering,L3,Mid (L3-L4),Bengaluru,Woman,8,0,0,0,0,,
2022-07-01,FY 2022-23,Quality Engineering,L3,Mid (L3-L4),Hyderabad,Man,20,0,1,0,0,,
2022-07-01,FY 2022-23,Quality Engineering,L3,Mid (L3-L4),Hyderabad,Woman,14,0,0,0,0,,
2022-07-01,FY 2022-23,Quality Engineering,L4,Mid (L3-L4),Bengaluru,Man,8,0,0,0,0,,
2022-07-01,FY 2022-23,Quality Engineering,L4,Mid (L3-L4),Bengaluru,Non-binary,1,0,0,0,0,,
2022-07-01,FY 2022-23,Quality Engineering,L4,Mid (L3-L4),Bengaluru,Woman,3,0,0,0,0,,
2022-07-01,FY 2022-23,Quality Engineering,L4,Mid (L3-L4),Hyderabad,Man,16,1,0,0,0,,
2022-07-01,FY 2022-23,Quality Engineering,L4,Mid (L3-L4),Hyderabad,Woman,6,0,0,0,0,,
2022-07-01,FY 2022-23,Quality Engineering,L5,Senior (L5-L6),Bengaluru,Man,2,0,0,0,0,,
2022-07-01,FY 2022-23,Quality Engineering,L5,Senior (L5-L6),Bengaluru,Woman,0,0,0,0,0,,
2022-07-01,FY 2022-23,Quality Engineering,L5,Senior (L5-L6),Hyderabad,Man,12,0,0,0,0,,
2022-07-01,FY 2022-23,Quality Engineering,L5,Senior (L5-L6),Hyderabad,Woman,1,0,0,0,0,,
2022-07-01,FY 2022-23,Quality Engineering,L6,Senior (L5-L6),Bengaluru,Man,3,0,0,0,0,,
2022-07-01,FY 2022-23,Quality Engineering,L6,Senior (L5-L6),Bengaluru,Woman,1,0,0,0,0,,
2022-07-01,FY 2022-23,Quality Engineering,L6,Senior (L5-L6),Hyderabad,Man,2,0,0,0,0,,
2022-07-01,FY 2022-23,Quality Engineering,L6,Senior (L5-L6),Hyderabad,Woman,1,0,0,0,0,,
2022-07-01,FY 2022-23,Sales and Presales,L1,Junior (L1-L2),Bengaluru,Man,10,0,0,0,0,,
2022-07-01,FY 2022-23,Sales and Presales,L1,Junior (L1-L2),Bengaluru,Non-binary,0,0,0,0,0,,
2022-07-01,FY 2022-23,Sales and Presales,L1,Junior (L1-L2),Bengaluru,Woman,4,1,1,0,1,,
2022-07-01,FY 2022-23,Sales and Presales,L1,Junior (L1-L2),Hyderabad,Man,12,0,0,0,0,,
2022-07-01,FY 2022-23,Sales and Presales,L1,Junior (L1-L2),Hyderabad,Woman,11,1,1,0,0,,
2022-07-01,FY 2022-23,Sales and Presales,L2,Junior (L1-L2),Bengaluru,Man,7,0,0,0,0,,
2022-07-01,FY 2022-23,Sales and Presales,L2,Junior (L1-L2),Bengaluru,Non-binary,0,0,0,0,0,,
2022-07-01,FY 2022-23,Sales and Presales,L2,Junior (L1-L2),Bengaluru,Woman,4,0,0,0,0,,
2022-07-01,FY 2022-23,Sales and Presales,L2,Junior (L1-L2),Hyderabad,Man,11,0,0,0,0,,
2022-07-01,FY 2022-23,Sales and Presales,L2,Junior (L1-L2),Hyderabad,Woman,9,0,0,0,0,,
2022-07-01,FY 2022-23,Sales and Presales,L3,Mid (L3-L4),Bengaluru,Man,9,0,0,0,0,,
2022-07-01,FY 2022-23,Sales and Presales,L3,Mid (L3-L4),Bengaluru,Woman,4,0,0,0,0,,
2022-07-01,FY 2022-23,Sales and Presales,L3,Mid (L3-L4),Hyderabad,Man,12,0,0,0,0,,
2022-07-01,FY 2022-23,Sales and Presales,L3,Mid (L3-L4),Hyderabad,Woman,4,0,0,0,0,,
2022-07-01,FY 2022-23,Sales and Presales,L4,Mid (L3-L4),Bengaluru,Man,2,0,0,0,0,,
2022-07-01,FY 2022-23,Sales and Presales,L4,Mid (L3-L4),Bengaluru,Woman,1,0,0,0,0,,
2022-07-01,FY 2022-23,Sales and Presales,L4,Mid (L3-L4),Hyderabad,Man,7,0,1,0,0,,
2022-07-01,FY 2022-23,Sales and Presales,L4,Mid (L3-L4),Hyderabad,Woman,0,0,0,0,0,,
2022-07-01,FY 2022-23,Sales and Presales,L5,Senior (L5-L6),Bengaluru,Man,1,0,0,0,0,,
2022-07-01,FY 2022-23,Sales and Presales,L5,Senior (L5-L6),Hyderabad,Man,2,0,1,0,0,,
2022-07-01,FY 2022-23,Sales and Presales,L5,Senior (L5-L6),Hyderabad,Woman,1,0,0,0,0,,
2022-07-01,FY 2022-23,Sales and Presales,L6,Senior (L5-L6),Bengaluru,Man,1,0,0,0,0,,
2022-07-01,FY 2022-23,Sales and Presales,L6,Senior (L5-L6),Hyderabad,Man,1,0,0,0,0,,
2022-08-01,FY 2022-23,Cloud and Infrastructure,L1,Junior (L1-L2),Bengaluru,Man,18,0,0,0,0,,
2022-08-01,FY 2022-23,Cloud and Infrastructure,L1,Junior (L1-L2),Bengaluru,Woman,16,0,1,0,0,,
2022-08-01,FY 2022-23,Cloud and Infrastructure,L1,Junior (L1-L2),Hyderabad,Man,25,0,1,0,0,,
2022-08-01,FY 2022-23,Cloud and Infrastructure,L1,Junior (L1-L2),Hyderabad,Woman,18,0,2,0,0,,
2022-08-01,FY 2022-23,Cloud and Infrastructure,L2,Junior (L1-L2),Bengaluru,Man,20,1,0,0,0,,
2022-08-01,FY 2022-23,Cloud and Infrastructure,L2,Junior (L1-L2),Bengaluru,Woman,14,0,0,0,0,,
2022-08-01,FY 2022-23,Cloud and Infrastructure,L2,Junior (L1-L2),Hyderabad,Man,24,1,0,0,0,,
2022-08-01,FY 2022-23,Cloud and Infrastructure,L2,Junior (L1-L2),Hyderabad,Woman,25,3,1,0,1,,
2022-08-01,FY 2022-23,Cloud and Infrastructure,L3,Mid (L3-L4),Bengaluru,Man,13,1,0,0,0,,
2022-08-01,FY 2022-23,Cloud and Infrastructure,L3,Mid (L3-L4),Bengaluru,Woman,5,0,0,0,0,,
2022-08-01,FY 2022-23,Cloud and Infrastructure,L3,Mid (L3-L4),Hyderabad,Man,17,0,0,0,0,,
2022-08-01,FY 2022-23,Cloud and Infrastructure,L3,Mid (L3-L4),Hyderabad,Non-binary,0,0,1,0,0,,
2022-08-01,FY 2022-23,Cloud and Infrastructure,L3,Mid (L3-L4),Hyderabad,Woman,9,0,0,0,0,,
2022-08-01,FY 2022-23,Cloud and Infrastructure,L4,Mid (L3-L4),Bengaluru,Man,8,0,0,0,0,,
2022-08-01,FY 2022-23,Cloud and Infrastructure,L4,Mid (L3-L4),Bengaluru,Woman,3,0,0,0,0,,
2022-08-01,FY 2022-23,Cloud and Infrastructure,L4,Mid (L3-L4),Hyderabad,Man,6,0,1,0,0,,
2022-08-01,FY 2022-23,Cloud and Infrastructure,L4,Mid (L3-L4),Hyderabad,Woman,4,0,0,0,0,,
2022-08-01,FY 2022-23,Cloud and Infrastructure,L5,Senior (L5-L6),Bengaluru,Man,1,0,0,0,0,,
2022-08-01,FY 2022-23,Cloud and Infrastructure,L5,Senior (L5-L6),Bengaluru,Woman,1,0,0,0,0,,
2022-08-01,FY 2022-23,Cloud and Infrastructure,L5,Senior (L5-L6),Hyderabad,Man,4,0,0,0,0,,
2022-08-01,FY 2022-23,Cloud and Infrastructure,L5,Senior (L5-L6),Hyderabad,Woman,2,0,0,0,0,,
2022-08-01,FY 2022-23,Cloud and Infrastructure,L6,Senior (L5-L6),Bengaluru,Man,0,0,0,0,0,,
2022-08-01,FY 2022-23,Cloud and Infrastructure,L6,Senior (L5-L6),Bengaluru,Woman,1,0,0,0,0,,
2022-08-01,FY 2022-23,Cloud and Infrastructure,L6,Senior (L5-L6),Hyderabad,Man,2,0,0,0,0,,
2022-08-01,FY 2022-23,Consulting,L1,Junior (L1-L2),Bengaluru,Man,4,0,0,0,0,,
2022-08-01,FY 2022-23,Consulting,L1,Junior (L1-L2),Bengaluru,Woman,5,0,0,0,0,,
2022-08-01,FY 2022-23,Consulting,L1,Junior (L1-L2),Hyderabad,Man,9,0,0,0,0,,
2022-08-01,FY 2022-23,Consulting,L1,Junior (L1-L2),Hyderabad,Woman,9,0,0,0,0,,
2022-08-01,FY 2022-23,Consulting,L2,Junior (L1-L2),Bengaluru,Man,7,0,0,0,0,,
2022-08-01,FY 2022-23,Consulting,L2,Junior (L1-L2),Bengaluru,Woman,3,1,0,0,0,,
2022-08-01,FY 2022-23,Consulting,L2,Junior (L1-L2),Hyderabad,Man,6,0,0,0,0,,
2022-08-01,FY 2022-23,Consulting,L2,Junior (L1-L2),Hyderabad,Woman,7,0,0,0,0,,
2022-08-01,FY 2022-23,Consulting,L3,Mid (L3-L4),Bengaluru,Man,3,0,0,0,0,,
2022-08-01,FY 2022-23,Consulting,L3,Mid (L3-L4),Bengaluru,Woman,2,0,0,0,0,,
2022-08-01,FY 2022-23,Consulting,L3,Mid (L3-L4),Hyderabad,Man,5,0,0,0,0,,
2022-08-01,FY 2022-23,Consulting,L3,Mid (L3-L4),Hyderabad,Woman,5,0,1,0,0,,
2022-08-01,FY 2022-23,Consulting,L4,Mid (L3-L4),Bengaluru,Man,5,0,0,0,0,,
2022-08-01,FY 2022-23,Consulting,L4,Mid (L3-L4),Bengaluru,Woman,2,0,0,0,0,,
2022-08-01,FY 2022-23,Consulting,L4,Mid (L3-L4),Hyderabad,Man,1,0,0,0,0,,
2022-08-01,FY 2022-23,Consulting,L4,Mid (L3-L4),Hyderabad,Woman,3,0,0,0,0,,
2022-08-01,FY 2022-23,Consulting,L5,Senior (L5-L6),Bengaluru,Man,1,0,0,0,0,,
2022-08-01,FY 2022-23,Consulting,L5,Senior (L5-L6),Bengaluru,Woman,0,0,0,0,0,,
2022-08-01,FY 2022-23,Consulting,L5,Senior (L5-L6),Hyderabad,Man,3,0,0,0,0,,
2022-08-01,FY 2022-23,Consulting,L5,Senior (L5-L6),Hyderabad,Woman,0,0,0,0,0,,
2022-08-01,FY 2022-23,Consulting,L6,Senior (L5-L6),Bengaluru,Man,1,0,0,0,0,,
2022-08-01,FY 2022-23,Consulting,L6,Senior (L5-L6),Hyderabad,Man,2,0,0,0,0,,
2022-08-01,FY 2022-23,Consulting,L6,Senior (L5-L6),Hyderabad,Woman,2,0,0,0,0,,
2022-08-01,FY 2022-23,Corporate Functions,L1,Junior (L1-L2),Bengaluru,Man,6,0,0,0,0,,
2022-08-01,FY 2022-23,Corporate Functions,L1,Junior (L1-L2),Bengaluru,Woman,5,0,0,0,0,,
2022-08-01,FY 2022-23,Corporate Functions,L1,Junior (L1-L2),Hyderabad,Man,16,1,1,0,0,,
2022-08-01,FY 2022-23,Corporate Functions,L1,Junior (L1-L2),Hyderabad,Woman,10,0,0,0,0,,
2022-08-01,FY 2022-23,Corporate Functions,L2,Junior (L1-L2),Bengaluru,Man,10,1,0,0,0,,
2022-08-01,FY 2022-23,Corporate Functions,L2,Junior (L1-L2),Bengaluru,Woman,3,0,0,0,0,,
2022-08-01,FY 2022-23,Corporate Functions,L2,Junior (L1-L2),Hyderabad,Man,16,0,1,0,0,,
2022-08-01,FY 2022-23,Corporate Functions,L2,Junior (L1-L2),Hyderabad,Woman,10,0,0,0,0,,
2022-08-01,FY 2022-23,Corporate Functions,L3,Mid (L3-L4),Bengaluru,Man,12,0,0,0,0,,
2022-08-01,FY 2022-23,Corporate Functions,L3,Mid (L3-L4),Bengaluru,Woman,5,1,0,0,0,,
2022-08-01,FY 2022-23,Corporate Functions,L3,Mid (L3-L4),Hyderabad,Man,11,0,0,0,0,,
2022-08-01,FY 2022-23,Corporate Functions,L3,Mid (L3-L4),Hyderabad,Woman,4,0,0,0,0,,
2022-08-01,FY 2022-23,Corporate Functions,L4,Mid (L3-L4),Bengaluru,Man,7,0,0,0,0,,
2022-08-01,FY 2022-23,Corporate Functions,L4,Mid (L3-L4),Bengaluru,Woman,0,0,0,0,0,,
2022-08-01,FY 2022-23,Corporate Functions,L4,Mid (L3-L4),Hyderabad,Man,9,0,0,1,0,,
2022-08-01,FY 2022-23,Corporate Functions,L4,Mid (L3-L4),Hyderabad,Woman,2,0,0,0,0,,
2022-08-01,FY 2022-23,Corporate Functions,L5,Senior (L5-L6),Bengaluru,Man,1,0,0,0,0,,
2022-08-01,FY 2022-23,Corporate Functions,L5,Senior (L5-L6),Bengaluru,Woman,0,0,0,0,0,,
2022-08-01,FY 2022-23,Corporate Functions,L5,Senior (L5-L6),Hyderabad,Man,3,0,0,0,0,,
2022-08-01,FY 2022-23,Corporate Functions,L6,Senior (L5-L6),Bengaluru,Man,2,0,0,0,0,,
2022-08-01,FY 2022-23,Corporate Functions,L6,Senior (L5-L6),Hyderabad,Man,2,0,0,0,0,,
2022-08-01,FY 2022-23,Data and Analytics,L1,Junior (L1-L2),Bengaluru,Man,14,0,1,0,0,,
2022-08-01,FY 2022-23,Data and Analytics,L1,Junior (L1-L2),Bengaluru,Woman,14,0,1,0,0,,
2022-08-01,FY 2022-23,Data and Analytics,L1,Junior (L1-L2),Hyderabad,Man,20,2,0,0,0,,
2022-08-01,FY 2022-23,Data and Analytics,L1,Junior (L1-L2),Hyderabad,Woman,14,1,0,0,0,,
2022-08-01,FY 2022-23,Data and Analytics,L2,Junior (L1-L2),Bengaluru,Man,18,1,1,0,1,,
2022-08-01,FY 2022-23,Data and Analytics,L2,Junior (L1-L2),Bengaluru,Woman,6,0,0,1,0,,
2022-08-01,FY 2022-23,Data and Analytics,L2,Junior (L1-L2),Hyderabad,Man,24,1,1,1,0,,
2022-08-01,FY 2022-23,Data and Analytics,L2,Junior (L1-L2),Hyderabad,Woman,19,1,0,0,0,,
2022-08-01,FY 2022-23,Data and Analytics,L3,Mid (L3-L4),Bengaluru,Man,10,0,0,0,0,,
2022-08-01,FY 2022-23,Data and Analytics,L3,Mid (L3-L4),Bengaluru,Woman,4,0,2,0,0,,
2022-08-01,FY 2022-23,Data and Analytics,L3,Mid (L3-L4),Hyderabad,Man,17,0,0,1,0,,
2022-08-01,FY 2022-23,Data and Analytics,L3,Mid (L3-L4),Hyderabad,Woman,6,0,0,0,0,,
2022-08-01,FY 2022-23,Data and Analytics,L4,Mid (L3-L4),Bengaluru,Man,5,0,0,0,0,,
2022-08-01,FY 2022-23,Data and Analytics,L4,Mid (L3-L4),Bengaluru,Woman,1,0,0,0,0,,
2022-08-01,FY 2022-23,Data and Analytics,L4,Mid (L3-L4),Hyderabad,Man,10,0,0,0,0,,
2022-08-01,FY 2022-23,Data and Analytics,L4,Mid (L3-L4),Hyderabad,Woman,5,0,0,0,0,,
2022-08-01,FY 2022-23,Data and Analytics,L5,Senior (L5-L6),Bengaluru,Man,2,0,0,0,0,,
2022-08-01,FY 2022-23,Data and Analytics,L5,Senior (L5-L6),Bengaluru,Woman,2,0,0,0,0,,
2022-08-01,FY 2022-23,Data and Analytics,L5,Senior (L5-L6),Hyderabad,Man,4,0,0,0,0,,
2022-08-01,FY 2022-23,Data and Analytics,L5,Senior (L5-L6),Hyderabad,Woman,1,0,0,0,0,,
2022-08-01,FY 2022-23,Data and Analytics,L6,Senior (L5-L6),Bengaluru,Man,2,0,0,0,0,,
2022-08-01,FY 2022-23,Data and Analytics,L6,Senior (L5-L6),Hyderabad,Man,3,0,0,0,0,,
2022-08-01,FY 2022-23,Data and Analytics,L6,Senior (L5-L6),Hyderabad,Woman,1,0,0,0,0,,
2022-08-01,FY 2022-23,Delivery,L1,Junior (L1-L2),Bengaluru,Man,51,3,1,0,0,,
2022-08-01,FY 2022-23,Delivery,L1,Junior (L1-L2),Bengaluru,Woman,46,1,1,0,0,,
2022-08-01,FY 2022-23,Delivery,L1,Junior (L1-L2),Hyderabad,Man,93,2,1,0,0,,
2022-08-01,FY 2022-23,Delivery,L1,Junior (L1-L2),Hyderabad,Non-binary,1,0,0,0,0,,
2022-08-01,FY 2022-23,Delivery,L1,Junior (L1-L2),Hyderabad,Woman,61,0,3,0,0,,
2022-08-01,FY 2022-23,Delivery,L2,Junior (L1-L2),Bengaluru,Man,73,4,2,0,0,,
2022-08-01,FY 2022-23,Delivery,L2,Junior (L1-L2),Bengaluru,Non-binary,0,0,0,0,0,,
2022-08-01,FY 2022-23,Delivery,L2,Junior (L1-L2),Bengaluru,Woman,33,0,2,0,1,,
2022-08-01,FY 2022-23,Delivery,L2,Junior (L1-L2),Hyderabad,Man,115,3,3,1,0,,
2022-08-01,FY 2022-23,Delivery,L2,Junior (L1-L2),Hyderabad,Non-binary,1,0,0,0,0,,
2022-08-01,FY 2022-23,Delivery,L2,Junior (L1-L2),Hyderabad,Woman,56,1,2,0,0,,
2022-08-01,FY 2022-23,Delivery,L3,Mid (L3-L4),Bengaluru,Man,46,1,1,0,0,,
2022-08-01,FY 2022-23,Delivery,L3,Mid (L3-L4),Bengaluru,Woman,28,0,1,0,1,,
2022-08-01,FY 2022-23,Delivery,L3,Mid (L3-L4),Hyderabad,Man,85,1,0,0,0,,
2022-08-01,FY 2022-23,Delivery,L3,Mid (L3-L4),Hyderabad,Non-binary,1,0,0,0,0,,
2022-08-01,FY 2022-23,Delivery,L3,Mid (L3-L4),Hyderabad,Woman,34,1,0,0,0,,
2022-08-01,FY 2022-23,Delivery,L4,Mid (L3-L4),Bengaluru,Man,25,0,0,0,0,,
2022-08-01,FY 2022-23,Delivery,L4,Mid (L3-L4),Bengaluru,Woman,9,1,0,0,0,,
2022-08-01,FY 2022-23,Delivery,L4,Mid (L3-L4),Hyderabad,Man,44,0,1,1,0,,
2022-08-01,FY 2022-23,Delivery,L4,Mid (L3-L4),Hyderabad,Woman,13,0,0,0,0,,
2022-08-01,FY 2022-23,Delivery,L5,Senior (L5-L6),Bengaluru,Man,19,1,1,0,1,,
2022-08-01,FY 2022-23,Delivery,L5,Senior (L5-L6),Bengaluru,Woman,7,0,0,0,0,,
2022-08-01,FY 2022-23,Delivery,L5,Senior (L5-L6),Hyderabad,Man,22,1,0,0,0,,
2022-08-01,FY 2022-23,Delivery,L5,Senior (L5-L6),Hyderabad,Woman,4,0,0,0,0,,
2022-08-01,FY 2022-23,Delivery,L6,Senior (L5-L6),Bengaluru,Man,8,0,0,0,0,,
2022-08-01,FY 2022-23,Delivery,L6,Senior (L5-L6),Bengaluru,Woman,1,0,0,0,0,,
2022-08-01,FY 2022-23,Delivery,L6,Senior (L5-L6),Hyderabad,Man,11,0,0,0,0,,
2022-08-01,FY 2022-23,Delivery,L6,Senior (L5-L6),Hyderabad,Woman,1,0,0,0,0,,
2022-08-01,FY 2022-23,Quality Engineering,L1,Junior (L1-L2),Bengaluru,Man,18,0,1,1,0,,
2022-08-01,FY 2022-23,Quality Engineering,L1,Junior (L1-L2),Bengaluru,Woman,20,0,0,0,0,,
2022-08-01,FY 2022-23,Quality Engineering,L1,Junior (L1-L2),Hyderabad,Man,30,0,0,0,0,,
2022-08-01,FY 2022-23,Quality Engineering,L1,Junior (L1-L2),Hyderabad,Non-binary,0,0,0,0,0,,
2022-08-01,FY 2022-23,Quality Engineering,L1,Junior (L1-L2),Hyderabad,Woman,25,1,0,1,0,,
2022-08-01,FY 2022-23,Quality Engineering,L2,Junior (L1-L2),Bengaluru,Man,24,0,1,0,0,,
2022-08-01,FY 2022-23,Quality Engineering,L2,Junior (L1-L2),Bengaluru,Non-binary,1,0,0,0,0,,
2022-08-01,FY 2022-23,Quality Engineering,L2,Junior (L1-L2),Bengaluru,Woman,16,1,0,0,0,,
2022-08-01,FY 2022-23,Quality Engineering,L2,Junior (L1-L2),Hyderabad,Man,39,1,2,0,0,,
2022-08-01,FY 2022-23,Quality Engineering,L2,Junior (L1-L2),Hyderabad,Woman,21,0,0,0,0,,
2022-08-01,FY 2022-23,Quality Engineering,L3,Mid (L3-L4),Bengaluru,Man,20,1,0,0,0,,
2022-08-01,FY 2022-23,Quality Engineering,L3,Mid (L3-L4),Bengaluru,Woman,8,0,0,0,0,,
2022-08-01,FY 2022-23,Quality Engineering,L3,Mid (L3-L4),Hyderabad,Man,19,0,1,0,0,,
2022-08-01,FY 2022-23,Quality Engineering,L3,Mid (L3-L4),Hyderabad,Woman,14,0,0,0,0,,
2022-08-01,FY 2022-23,Quality Engineering,L4,Mid (L3-L4),Bengaluru,Man,8,0,0,0,0,,
2022-08-01,FY 2022-23,Quality Engineering,L4,Mid (L3-L4),Bengaluru,Non-binary,1,0,0,0,0,,
2022-08-01,FY 2022-23,Quality Engineering,L4,Mid (L3-L4),Bengaluru,Woman,4,1,0,0,0,,
2022-08-01,FY 2022-23,Quality Engineering,L4,Mid (L3-L4),Hyderabad,Man,16,1,1,0,1,,
2022-08-01,FY 2022-23,Quality Engineering,L4,Mid (L3-L4),Hyderabad,Woman,6,0,0,0,0,,
2022-08-01,FY 2022-23,Quality Engineering,L5,Senior (L5-L6),Bengaluru,Man,2,0,0,0,0,,
2022-08-01,FY 2022-23,Quality Engineering,L5,Senior (L5-L6),Bengaluru,Woman,0,0,0,0,0,,
2022-08-01,FY 2022-23,Quality Engineering,L5,Senior (L5-L6),Hyderabad,Man,12,0,0,0,0,,
2022-08-01,FY 2022-23,Quality Engineering,L5,Senior (L5-L6),Hyderabad,Woman,1,0,0,0,0,,
2022-08-01,FY 2022-23,Quality Engineering,L6,Senior (L5-L6),Bengaluru,Man,3,0,0,0,0,,
2022-08-01,FY 2022-23,Quality Engineering,L6,Senior (L5-L6),Bengaluru,Woman,1,0,0,0,0,,
2022-08-01,FY 2022-23,Quality Engineering,L6,Senior (L5-L6),Hyderabad,Man,2,0,0,0,0,,
2022-08-01,FY 2022-23,Quality Engineering,L6,Senior (L5-L6),Hyderabad,Woman,1,0,0,0,0,,
2022-08-01,FY 2022-23,Sales and Presales,L1,Junior (L1-L2),Bengaluru,Man,11,1,0,0,0,,
2022-08-01,FY 2022-23,Sales and Presales,L1,Junior (L1-L2),Bengaluru,Non-binary,0,0,0,0,0,,
2022-08-01,FY 2022-23,Sales and Presales,L1,Junior (L1-L2),Bengaluru,Woman,4,0,0,0,0,,
2022-08-01,FY 2022-23,Sales and Presales,L1,Junior (L1-L2),Hyderabad,Man,10,1,2,1,1,,
2022-08-01,FY 2022-23,Sales and Presales,L1,Junior (L1-L2),Hyderabad,Woman,13,2,0,0,0,,
2022-08-01,FY 2022-23,Sales and Presales,L2,Junior (L1-L2),Bengaluru,Man,8,1,0,0,0,,
2022-08-01,FY 2022-23,Sales and Presales,L2,Junior (L1-L2),Bengaluru,Non-binary,0,0,0,0,0,,
2022-08-01,FY 2022-23,Sales and Presales,L2,Junior (L1-L2),Bengaluru,Woman,3,0,1,0,0,,
2022-08-01,FY 2022-23,Sales and Presales,L2,Junior (L1-L2),Hyderabad,Man,10,0,1,0,1,,
2022-08-01,FY 2022-23,Sales and Presales,L2,Junior (L1-L2),Hyderabad,Woman,9,0,0,0,0,,
2022-08-01,FY 2022-23,Sales and Presales,L3,Mid (L3-L4),Bengaluru,Man,8,0,1,0,1,,
2022-08-01,FY 2022-23,Sales and Presales,L3,Mid (L3-L4),Bengaluru,Woman,4,0,0,0,0,,
2022-08-01,FY 2022-23,Sales and Presales,L3,Mid (L3-L4),Hyderabad,Man,12,0,0,0,0,,
2022-08-01,FY 2022-23,Sales and Presales,L3,Mid (L3-L4),Hyderabad,Woman,4,0,0,0,0,,
2022-08-01,FY 2022-23,Sales and Presales,L4,Mid (L3-L4),Bengaluru,Man,2,0,0,0,0,,
2022-08-01,FY 2022-23,Sales and Presales,L4,Mid (L3-L4),Bengaluru,Woman,0,0,1,0,0,,
2022-08-01,FY 2022-23,Sales and Presales,L4,Mid (L3-L4),Hyderabad,Man,7,0,0,0,0,,
2022-08-01,FY 2022-23,Sales and Presales,L4,Mid (L3-L4),Hyderabad,Woman,0,0,0,0,0,,
2022-08-01,FY 2022-23,Sales and Presales,L5,Senior (L5-L6),Bengaluru,Man,1,0,0,0,0,,
2022-08-01,FY 2022-23,Sales and Presales,L5,Senior (L5-L6),Hyderabad,Man,1,0,1,0,0,,
2022-08-01,FY 2022-23,Sales and Presales,L5,Senior (L5-L6),Hyderabad,Woman,1,0,0,0,0,,
2022-08-01,FY 2022-23,Sales and Presales,L6,Senior (L5-L6),Bengaluru,Man,1,0,0,0,0,,
2022-08-01,FY 2022-23,Sales and Presales,L6,Senior (L5-L6),Hyderabad,Man,1,0,0,0,0,,
2022-09-01,FY 2022-23,Cloud and Infrastructure,L1,Junior (L1-L2),Bengaluru,Man,19,1,0,0,0,,
2022-09-01,FY 2022-23,Cloud and Infrastructure,L1,Junior (L1-L2),Bengaluru,Woman,16,0,0,0,0,,
2022-09-01,FY 2022-23,Cloud and Infrastructure,L1,Junior (L1-L2),Hyderabad,Man,26,1,0,0,0,,
2022-09-01,FY 2022-23,Cloud and Infrastructure,L1,Junior (L1-L2),Hyderabad,Woman,18,0,0,0,0,,
2022-09-01,FY 2022-23,Cloud and Infrastructure,L2,Junior (L1-L2),Bengaluru,Man,18,0,2,0,0,,
2022-09-01,FY 2022-23,Cloud and Infrastructure,L2,Junior (L1-L2),Bengaluru,Woman,14,0,0,0,0,,
2022-09-01,FY 2022-23,Cloud and Infrastructure,L2,Junior (L1-L2),Hyderabad,Man,26,2,0,0,0,,
2022-09-01,FY 2022-23,Cloud and Infrastructure,L2,Junior (L1-L2),Hyderabad,Woman,24,0,0,1,0,,
2022-09-01,FY 2022-23,Cloud and Infrastructure,L3,Mid (L3-L4),Bengaluru,Man,14,1,0,0,0,,
2022-09-01,FY 2022-23,Cloud and Infrastructure,L3,Mid (L3-L4),Bengaluru,Woman,5,0,0,0,0,,
2022-09-01,FY 2022-23,Cloud and Infrastructure,L3,Mid (L3-L4),Hyderabad,Man,17,1,1,0,0,,
2022-09-01,FY 2022-23,Cloud and Infrastructure,L3,Mid (L3-L4),Hyderabad,Non-binary,0,0,0,0,0,,
2022-09-01,FY 2022-23,Cloud and Infrastructure,L3,Mid (L3-L4),Hyderabad,Woman,9,0,0,0,0,,
2022-09-01,FY 2022-23,Cloud and Infrastructure,L4,Mid (L3-L4),Bengaluru,Man,8,0,0,0,0,,
2022-09-01,FY 2022-23,Cloud and Infrastructure,L4,Mid (L3-L4),Bengaluru,Woman,3,0,0,0,0,,
2022-09-01,FY 2022-23,Cloud and Infrastructure,L4,Mid (L3-L4),Hyderabad,Man,6,0,0,0,0,,
2022-09-01,FY 2022-23,Cloud and Infrastructure,L4,Mid (L3-L4),Hyderabad,Woman,4,0,0,0,0,,
2022-09-01,FY 2022-23,Cloud and Infrastructure,L5,Senior (L5-L6),Bengaluru,Man,1,0,0,0,0,,
2022-09-01,FY 2022-23,Cloud and Infrastructure,L5,Senior (L5-L6),Bengaluru,Woman,1,0,0,0,0,,
2022-09-01,FY 2022-23,Cloud and Infrastructure,L5,Senior (L5-L6),Hyderabad,Man,4,0,0,0,0,,
2022-09-01,FY 2022-23,Cloud and Infrastructure,L5,Senior (L5-L6),Hyderabad,Woman,1,0,1,0,0,,
2022-09-01,FY 2022-23,Cloud and Infrastructure,L6,Senior (L5-L6),Bengaluru,Man,0,0,0,0,0,,
2022-09-01,FY 2022-23,Cloud and Infrastructure,L6,Senior (L5-L6),Bengaluru,Woman,1,0,0,0,0,,
2022-09-01,FY 2022-23,Cloud and Infrastructure,L6,Senior (L5-L6),Hyderabad,Man,2,0,0,0,0,,
2022-09-01,FY 2022-23,Consulting,L1,Junior (L1-L2),Bengaluru,Man,4,0,0,0,0,,
2022-09-01,FY 2022-23,Consulting,L1,Junior (L1-L2),Bengaluru,Woman,5,0,0,0,0,,
2022-09-01,FY 2022-23,Consulting,L1,Junior (L1-L2),Hyderabad,Man,9,0,0,0,0,,
2022-09-01,FY 2022-23,Consulting,L1,Junior (L1-L2),Hyderabad,Woman,8,0,1,0,0,,
2022-09-01,FY 2022-23,Consulting,L2,Junior (L1-L2),Bengaluru,Man,7,0,0,0,0,,
2022-09-01,FY 2022-23,Consulting,L2,Junior (L1-L2),Bengaluru,Woman,3,0,0,0,0,,
2022-09-01,FY 2022-23,Consulting,L2,Junior (L1-L2),Hyderabad,Man,6,0,0,0,0,,
2022-09-01,FY 2022-23,Consulting,L2,Junior (L1-L2),Hyderabad,Woman,7,0,0,0,0,,
2022-09-01,FY 2022-23,Consulting,L3,Mid (L3-L4),Bengaluru,Man,4,1,0,0,0,,
2022-09-01,FY 2022-23,Consulting,L3,Mid (L3-L4),Bengaluru,Woman,2,0,0,0,0,,
2022-09-01,FY 2022-23,Consulting,L3,Mid (L3-L4),Hyderabad,Man,5,0,0,0,0,,
2022-09-01,FY 2022-23,Consulting,L3,Mid (L3-L4),Hyderabad,Woman,5,0,0,0,0,,
2022-09-01,FY 2022-23,Consulting,L4,Mid (L3-L4),Bengaluru,Man,5,0,0,0,0,,
2022-09-01,FY 2022-23,Consulting,L4,Mid (L3-L4),Bengaluru,Woman,3,1,0,0,0,,
2022-09-01,FY 2022-23,Consulting,L4,Mid (L3-L4),Hyderabad,Man,1,0,0,0,0,,
2022-09-01,FY 2022-23,Consulting,L4,Mid (L3-L4),Hyderabad,Woman,3,0,0,0,0,,
2022-09-01,FY 2022-23,Consulting,L5,Senior (L5-L6),Bengaluru,Man,2,1,0,0,0,,
2022-09-01,FY 2022-23,Consulting,L5,Senior (L5-L6),Bengaluru,Woman,0,0,0,0,0,,
2022-09-01,FY 2022-23,Consulting,L5,Senior (L5-L6),Hyderabad,Man,3,0,0,0,0,,
2022-09-01,FY 2022-23,Consulting,L5,Senior (L5-L6),Hyderabad,Woman,0,0,0,0,0,,
2022-09-01,FY 2022-23,Consulting,L6,Senior (L5-L6),Bengaluru,Man,1,0,0,0,0,,
2022-09-01,FY 2022-23,Consulting,L6,Senior (L5-L6),Hyderabad,Man,2,0,0,0,0,,
2022-09-01,FY 2022-23,Consulting,L6,Senior (L5-L6),Hyderabad,Woman,2,0,0,0,0,,
2022-09-01,FY 2022-23,Corporate Functions,L1,Junior (L1-L2),Bengaluru,Man,6,0,0,0,0,,
2022-09-01,FY 2022-23,Corporate Functions,L1,Junior (L1-L2),Bengaluru,Woman,5,0,0,0,0,,
2022-09-01,FY 2022-23,Corporate Functions,L1,Junior (L1-L2),Hyderabad,Man,16,0,0,0,0,,
2022-09-01,FY 2022-23,Corporate Functions,L1,Junior (L1-L2),Hyderabad,Woman,9,0,1,0,0,,
2022-09-01,FY 2022-23,Corporate Functions,L2,Junior (L1-L2),Bengaluru,Man,10,0,0,0,0,,
2022-09-01,FY 2022-23,Corporate Functions,L2,Junior (L1-L2),Bengaluru,Woman,3,0,0,0,0,,
2022-09-01,FY 2022-23,Corporate Functions,L2,Junior (L1-L2),Hyderabad,Man,16,0,0,0,0,,
2022-09-01,FY 2022-23,Corporate Functions,L2,Junior (L1-L2),Hyderabad,Woman,10,0,0,0,0,,
2022-09-01,FY 2022-23,Corporate Functions,L3,Mid (L3-L4),Bengaluru,Man,12,0,0,0,0,,
2022-09-01,FY 2022-23,Corporate Functions,L3,Mid (L3-L4),Bengaluru,Woman,5,0,0,0,0,,
2022-09-01,FY 2022-23,Corporate Functions,L3,Mid (L3-L4),Hyderabad,Man,10,0,1,0,0,,
2022-09-01,FY 2022-23,Corporate Functions,L3,Mid (L3-L4),Hyderabad,Woman,4,0,0,0,0,,
2022-09-01,FY 2022-23,Corporate Functions,L4,Mid (L3-L4),Bengaluru,Man,7,0,0,0,0,,
2022-09-01,FY 2022-23,Corporate Functions,L4,Mid (L3-L4),Bengaluru,Woman,0,0,0,0,0,,
2022-09-01,FY 2022-23,Corporate Functions,L4,Mid (L3-L4),Hyderabad,Man,9,0,0,0,0,,
2022-09-01,FY 2022-23,Corporate Functions,L4,Mid (L3-L4),Hyderabad,Woman,2,0,0,0,0,,
2022-09-01,FY 2022-23,Corporate Functions,L5,Senior (L5-L6),Bengaluru,Man,1,0,0,0,0,,
2022-09-01,FY 2022-23,Corporate Functions,L5,Senior (L5-L6),Bengaluru,Woman,0,0,0,0,0,,
2022-09-01,FY 2022-23,Corporate Functions,L5,Senior (L5-L6),Hyderabad,Man,3,0,0,0,0,,
2022-09-01,FY 2022-23,Corporate Functions,L6,Senior (L5-L6),Bengaluru,Man,2,0,0,0,0,,
2022-09-01,FY 2022-23,Corporate Functions,L6,Senior (L5-L6),Hyderabad,Man,2,0,0,0,0,,
2022-09-01,FY 2022-23,Data and Analytics,L1,Junior (L1-L2),Bengaluru,Man,13,1,2,0,0,,
2022-09-01,FY 2022-23,Data and Analytics,L1,Junior (L1-L2),Bengaluru,Woman,15,1,0,0,0,,
2022-09-01,FY 2022-23,Data and Analytics,L1,Junior (L1-L2),Hyderabad,Man,20,0,0,0,0,,
2022-09-01,FY 2022-23,Data and Analytics,L1,Junior (L1-L2),Hyderabad,Woman,14,0,0,0,0,,
2022-09-01,FY 2022-23,Data and Analytics,L2,Junior (L1-L2),Bengaluru,Man,19,1,0,0,0,,
2022-09-01,FY 2022-23,Data and Analytics,L2,Junior (L1-L2),Bengaluru,Woman,6,0,0,0,0,,
2022-09-01,FY 2022-23,Data and Analytics,L2,Junior (L1-L2),Hyderabad,Man,23,0,1,0,1,,
2022-09-01,FY 2022-23,Data and Analytics,L2,Junior (L1-L2),Hyderabad,Woman,19,1,1,0,0,,
2022-09-01,FY 2022-23,Data and Analytics,L3,Mid (L3-L4),Bengaluru,Man,8,0,2,0,0,,
2022-09-01,FY 2022-23,Data and Analytics,L3,Mid (L3-L4),Bengaluru,Woman,4,0,0,0,0,,
2022-09-01,FY 2022-23,Data and Analytics,L3,Mid (L3-L4),Hyderabad,Man,18,1,0,0,0,,
2022-09-01,FY 2022-23,Data and Analytics,L3,Mid (L3-L4),Hyderabad,Woman,6,0,0,0,0,,
2022-09-01,FY 2022-23,Data and Analytics,L4,Mid (L3-L4),Bengaluru,Man,5,0,0,0,0,,
2022-09-01,FY 2022-23,Data and Analytics,L4,Mid (L3-L4),Bengaluru,Woman,1,0,0,0,0,,
2022-09-01,FY 2022-23,Data and Analytics,L4,Mid (L3-L4),Hyderabad,Man,10,0,0,0,0,,
2022-09-01,FY 2022-23,Data and Analytics,L4,Mid (L3-L4),Hyderabad,Woman,5,0,0,0,0,,
2022-09-01,FY 2022-23,Data and Analytics,L5,Senior (L5-L6),Bengaluru,Man,3,1,0,0,0,,
2022-09-01,FY 2022-23,Data and Analytics,L5,Senior (L5-L6),Bengaluru,Woman,2,0,0,0,0,,
2022-09-01,FY 2022-23,Data and Analytics,L5,Senior (L5-L6),Hyderabad,Man,4,0,0,0,0,,
2022-09-01,FY 2022-23,Data and Analytics,L5,Senior (L5-L6),Hyderabad,Woman,1,0,0,0,0,,
2022-09-01,FY 2022-23,Data and Analytics,L6,Senior (L5-L6),Bengaluru,Man,2,0,0,0,0,,
2022-09-01,FY 2022-23,Data and Analytics,L6,Senior (L5-L6),Hyderabad,Man,3,0,0,0,0,,
2022-09-01,FY 2022-23,Data and Analytics,L6,Senior (L5-L6),Hyderabad,Woman,1,0,0,0,0,,
2022-09-01,FY 2022-23,Delivery,L1,Junior (L1-L2),Bengaluru,Man,52,1,0,0,0,,
2022-09-01,FY 2022-23,Delivery,L1,Junior (L1-L2),Bengaluru,Woman,45,0,1,0,0,,
2022-09-01,FY 2022-23,Delivery,L1,Junior (L1-L2),Hyderabad,Man,93,3,3,0,1,,
2022-09-01,FY 2022-23,Delivery,L1,Junior (L1-L2),Hyderabad,Non-binary,1,0,0,0,0,,
2022-09-01,FY 2022-23,Delivery,L1,Junior (L1-L2),Hyderabad,Woman,60,1,2,0,2,,
2022-09-01,FY 2022-23,Delivery,L2,Junior (L1-L2),Bengaluru,Man,72,2,2,1,2,,
2022-09-01,FY 2022-23,Delivery,L2,Junior (L1-L2),Bengaluru,Non-binary,0,0,0,0,0,,
2022-09-01,FY 2022-23,Delivery,L2,Junior (L1-L2),Bengaluru,Woman,31,0,2,0,1,,
2022-09-01,FY 2022-23,Delivery,L2,Junior (L1-L2),Hyderabad,Man,119,7,3,0,0,,
2022-09-01,FY 2022-23,Delivery,L2,Junior (L1-L2),Hyderabad,Non-binary,1,0,0,0,0,,
2022-09-01,FY 2022-23,Delivery,L2,Junior (L1-L2),Hyderabad,Woman,58,3,1,0,0,,
2022-09-01,FY 2022-23,Delivery,L3,Mid (L3-L4),Bengaluru,Man,46,2,2,0,1,,
2022-09-01,FY 2022-23,Delivery,L3,Mid (L3-L4),Bengaluru,Woman,27,0,0,1,0,,
2022-09-01,FY 2022-23,Delivery,L3,Mid (L3-L4),Hyderabad,Man,82,1,4,0,0,,
2022-09-01,FY 2022-23,Delivery,L3,Mid (L3-L4),Hyderabad,Non-binary,1,0,0,0,0,,
2022-09-01,FY 2022-23,Delivery,L3,Mid (L3-L4),Hyderabad,Woman,33,0,1,0,1,,
2022-09-01,FY 2022-23,Delivery,L4,Mid (L3-L4),Bengaluru,Man,25,0,0,0,0,,
2022-09-01,FY 2022-23,Delivery,L4,Mid (L3-L4),Bengaluru,Woman,8,0,1,0,0,,
2022-09-01,FY 2022-23,Delivery,L4,Mid (L3-L4),Hyderabad,Man,42,0,2,0,1,,
2022-09-01,FY 2022-23,Delivery,L4,Mid (L3-L4),Hyderabad,Woman,11,0,2,0,1,,
2022-09-01,FY 2022-23,Delivery,L5,Senior (L5-L6),Bengaluru,Man,19,0,0,0,0,,
2022-09-01,FY 2022-23,Delivery,L5,Senior (L5-L6),Bengaluru,Woman,7,0,0,0,0,,
2022-09-01,FY 2022-23,Delivery,L5,Senior (L5-L6),Hyderabad,Man,22,0,0,0,0,,
2022-09-01,FY 2022-23,Delivery,L5,Senior (L5-L6),Hyderabad,Woman,4,0,0,0,0,,
2022-09-01,FY 2022-23,Delivery,L6,Senior (L5-L6),Bengaluru,Man,8,0,0,0,0,,
2022-09-01,FY 2022-23,Delivery,L6,Senior (L5-L6),Bengaluru,Woman,1,0,0,0,0,,
2022-09-01,FY 2022-23,Delivery,L6,Senior (L5-L6),Hyderabad,Man,11,0,0,0,0,,
2022-09-01,FY 2022-23,Delivery,L6,Senior (L5-L6),Hyderabad,Woman,1,0,0,0,0,,
2022-09-01,FY 2022-23,Quality Engineering,L1,Junior (L1-L2),Bengaluru,Man,19,1,0,0,0,,
2022-09-01,FY 2022-23,Quality Engineering,L1,Junior (L1-L2),Bengaluru,Woman,20,0,0,0,0,,
2022-09-01,FY 2022-23,Quality Engineering,L1,Junior (L1-L2),Hyderabad,Man,30,0,0,0,0,,
2022-09-01,FY 2022-23,Quality Engineering,L1,Junior (L1-L2),Hyderabad,Non-binary,0,0,0,0,0,,
2022-09-01,FY 2022-23,Quality Engineering,L1,Junior (L1-L2),Hyderabad,Woman,25,0,0,0,0,,
2022-09-01,FY 2022-23,Quality Engineering,L2,Junior (L1-L2),Bengaluru,Man,24,0,0,0,0,,
2022-09-01,FY 2022-23,Quality Engineering,L2,Junior (L1-L2),Bengaluru,Non-binary,1,0,0,0,0,,
2022-09-01,FY 2022-23,Quality Engineering,L2,Junior (L1-L2),Bengaluru,Woman,16,0,0,0,0,,
2022-09-01,FY 2022-23,Quality Engineering,L2,Junior (L1-L2),Hyderabad,Man,40,1,0,0,0,,
2022-09-01,FY 2022-23,Quality Engineering,L2,Junior (L1-L2),Hyderabad,Woman,22,1,0,0,0,,
2022-09-01,FY 2022-23,Quality Engineering,L3,Mid (L3-L4),Bengaluru,Man,19,0,1,0,0,,
2022-09-01,FY 2022-23,Quality Engineering,L3,Mid (L3-L4),Bengaluru,Woman,8,0,0,0,0,,
2022-09-01,FY 2022-23,Quality Engineering,L3,Mid (L3-L4),Hyderabad,Man,18,0,1,0,0,,
2022-09-01,FY 2022-23,Quality Engineering,L3,Mid (L3-L4),Hyderabad,Woman,15,1,0,0,0,,
2022-09-01,FY 2022-23,Quality Engineering,L4,Mid (L3-L4),Bengaluru,Man,8,0,0,0,0,,
2022-09-01,FY 2022-23,Quality Engineering,L4,Mid (L3-L4),Bengaluru,Non-binary,1,0,0,0,0,,
2022-09-01,FY 2022-23,Quality Engineering,L4,Mid (L3-L4),Bengaluru,Woman,3,0,1,0,0,,
2022-09-01,FY 2022-23,Quality Engineering,L4,Mid (L3-L4),Hyderabad,Man,17,1,0,0,0,,
2022-09-01,FY 2022-23,Quality Engineering,L4,Mid (L3-L4),Hyderabad,Woman,6,0,0,0,0,,
2022-09-01,FY 2022-23,Quality Engineering,L5,Senior (L5-L6),Bengaluru,Man,2,0,0,0,0,,
2022-09-01,FY 2022-23,Quality Engineering,L5,Senior (L5-L6),Bengaluru,Woman,0,0,0,0,0,,
2022-09-01,FY 2022-23,Quality Engineering,L5,Senior (L5-L6),Hyderabad,Man,12,0,0,0,0,,
2022-09-01,FY 2022-23,Quality Engineering,L5,Senior (L5-L6),Hyderabad,Woman,1,0,0,0,0,,
2022-09-01,FY 2022-23,Quality Engineering,L6,Senior (L5-L6),Bengaluru,Man,3,0,0,0,0,,
2022-09-01,FY 2022-23,Quality Engineering,L6,Senior (L5-L6),Bengaluru,Woman,1,0,0,0,0,,
2022-09-01,FY 2022-23,Quality Engineering,L6,Senior (L5-L6),Hyderabad,Man,2,0,0,0,0,,
2022-09-01,FY 2022-23,Quality Engineering,L6,Senior (L5-L6),Hyderabad,Woman,1,0,0,0,0,,
2022-09-01,FY 2022-23,Sales and Presales,L1,Junior (L1-L2),Bengaluru,Man,11,0,0,0,0,,
2022-09-01,FY 2022-23,Sales and Presales,L1,Junior (L1-L2),Bengaluru,Non-binary,0,0,0,0,0,,
2022-09-01,FY 2022-23,Sales and Presales,L1,Junior (L1-L2),Bengaluru,Woman,4,0,0,0,0,,
2022-09-01,FY 2022-23,Sales and Presales,L1,Junior (L1-L2),Hyderabad,Man,11,1,0,0,0,,
2022-09-01,FY 2022-23,Sales and Presales,L1,Junior (L1-L2),Hyderabad,Woman,13,0,0,0,0,,
2022-09-01,FY 2022-23,Sales and Presales,L2,Junior (L1-L2),Bengaluru,Man,8,0,0,0,0,,
2022-09-01,FY 2022-23,Sales and Presales,L2,Junior (L1-L2),Bengaluru,Non-binary,0,0,0,0,0,,
2022-09-01,FY 2022-23,Sales and Presales,L2,Junior (L1-L2),Bengaluru,Woman,3,0,0,0,0,,
2022-09-01,FY 2022-23,Sales and Presales,L2,Junior (L1-L2),Hyderabad,Man,11,1,0,0,0,,
2022-09-01,FY 2022-23,Sales and Presales,L2,Junior (L1-L2),Hyderabad,Woman,8,0,1,0,0,,
2022-09-01,FY 2022-23,Sales and Presales,L3,Mid (L3-L4),Bengaluru,Man,8,0,0,0,0,,
2022-09-01,FY 2022-23,Sales and Presales,L3,Mid (L3-L4),Bengaluru,Woman,4,0,0,0,0,,
2022-09-01,FY 2022-23,Sales and Presales,L3,Mid (L3-L4),Hyderabad,Man,11,0,1,0,0,,
2022-09-01,FY 2022-23,Sales and Presales,L3,Mid (L3-L4),Hyderabad,Woman,4,0,0,0,0,,
2022-09-01,FY 2022-23,Sales and Presales,L4,Mid (L3-L4),Bengaluru,Man,2,0,0,0,0,,
2022-09-01,FY 2022-23,Sales and Presales,L4,Mid (L3-L4),Bengaluru,Woman,0,0,0,0,0,,
2022-09-01,FY 2022-23,Sales and Presales,L4,Mid (L3-L4),Hyderabad,Man,7,0,0,0,0,,
2022-09-01,FY 2022-23,Sales and Presales,L4,Mid (L3-L4),Hyderabad,Woman,0,0,0,0,0,,
2022-09-01,FY 2022-23,Sales and Presales,L5,Senior (L5-L6),Bengaluru,Man,1,0,0,0,0,,
2022-09-01,FY 2022-23,Sales and Presales,L5,Senior (L5-L6),Hyderabad,Man,1,0,0,0,0,,
2022-09-01,FY 2022-23,Sales and Presales,L5,Senior (L5-L6),Hyderabad,Woman,1,0,0,0,0,,
2022-09-01,FY 2022-23,Sales and Presales,L6,Senior (L5-L6),Bengaluru,Man,1,0,0,0,0,,
2022-09-01,FY 2022-23,Sales and Presales,L6,Senior (L5-L6),Hyderabad,Man,1,0,0,0,0,,
2022-10-01,FY 2022-23,Cloud and Infrastructure,L1,Junior (L1-L2),Bengaluru,Man,19,0,0,0,0,,
2022-10-01,FY 2022-23,Cloud and Infrastructure,L1,Junior (L1-L2),Bengaluru,Woman,16,0,0,0,0,,
2022-10-01,FY 2022-23,Cloud and Infrastructure,L1,Junior (L1-L2),Hyderabad,Man,26,0,0,0,0,,
2022-10-01,FY 2022-23,Cloud and Infrastructure,L1,Junior (L1-L2),Hyderabad,Woman,20,2,0,0,0,,
2022-10-01,FY 2022-23,Cloud and Infrastructure,L2,Junior (L1-L2),Bengaluru,Man,18,1,0,1,0,,
2022-10-01,FY 2022-23,Cloud and Infrastructure,L2,Junior (L1-L2),Bengaluru,Woman,14,0,0,0,0,,
2022-10-01,FY 2022-23,Cloud and Infrastructure,L2,Junior (L1-L2),Hyderabad,Man,27,1,0,0,0,,
2022-10-01,FY 2022-23,Cloud and Infrastructure,L2,Junior (L1-L2),Hyderabad,Woman,25,1,0,0,0,,
2022-10-01,FY 2022-23,Cloud and Infrastructure,L3,Mid (L3-L4),Bengaluru,Man,14,0,0,0,0,,
2022-10-01,FY 2022-23,Cloud and Infrastructure,L3,Mid (L3-L4),Bengaluru,Woman,5,0,0,0,0,,
2022-10-01,FY 2022-23,Cloud and Infrastructure,L3,Mid (L3-L4),Hyderabad,Man,17,0,0,0,0,,
2022-10-01,FY 2022-23,Cloud and Infrastructure,L3,Mid (L3-L4),Hyderabad,Non-binary,0,0,0,0,0,,
2022-10-01,FY 2022-23,Cloud and Infrastructure,L3,Mid (L3-L4),Hyderabad,Woman,10,1,0,0,0,,
2022-10-01,FY 2022-23,Cloud and Infrastructure,L4,Mid (L3-L4),Bengaluru,Man,8,0,0,0,0,,
2022-10-01,FY 2022-23,Cloud and Infrastructure,L4,Mid (L3-L4),Bengaluru,Woman,2,0,1,0,1,,
2022-10-01,FY 2022-23,Cloud and Infrastructure,L4,Mid (L3-L4),Hyderabad,Man,5,0,1,0,1,,
2022-10-01,FY 2022-23,Cloud and Infrastructure,L4,Mid (L3-L4),Hyderabad,Woman,3,0,1,0,0,,
2022-10-01,FY 2022-23,Cloud and Infrastructure,L5,Senior (L5-L6),Bengaluru,Man,1,0,0,0,0,,
2022-10-01,FY 2022-23,Cloud and Infrastructure,L5,Senior (L5-L6),Bengaluru,Woman,1,0,0,0,0,,
2022-10-01,FY 2022-23,Cloud and Infrastructure,L5,Senior (L5-L6),Hyderabad,Man,4,0,0,0,0,,
2022-10-01,FY 2022-23,Cloud and Infrastructure,L5,Senior (L5-L6),Hyderabad,Woman,1,0,0,0,0,,
2022-10-01,FY 2022-23,Cloud and Infrastructure,L6,Senior (L5-L6),Bengaluru,Man,0,0,0,0,0,,
2022-10-01,FY 2022-23,Cloud and Infrastructure,L6,Senior (L5-L6),Bengaluru,Woman,1,0,0,0,0,,
2022-10-01,FY 2022-23,Cloud and Infrastructure,L6,Senior (L5-L6),Hyderabad,Man,2,0,0,0,0,,
2022-10-01,FY 2022-23,Consulting,L1,Junior (L1-L2),Bengaluru,Man,4,0,0,0,0,,
2022-10-01,FY 2022-23,Consulting,L1,Junior (L1-L2),Bengaluru,Woman,5,0,0,0,0,,
2022-10-01,FY 2022-23,Consulting,L1,Junior (L1-L2),Hyderabad,Man,9,0,0,0,0,,
2022-10-01,FY 2022-23,Consulting,L1,Junior (L1-L2),Hyderabad,Woman,7,0,1,0,0,,
2022-10-01,FY 2022-23,Consulting,L2,Junior (L1-L2),Bengaluru,Man,7,0,0,0,0,,
2022-10-01,FY 2022-23,Consulting,L2,Junior (L1-L2),Bengaluru,Woman,3,0,0,0,0,,
2022-10-01,FY 2022-23,Consulting,L2,Junior (L1-L2),Hyderabad,Man,6,0,0,0,0,,
2022-10-01,FY 2022-23,Consulting,L2,Junior (L1-L2),Hyderabad,Woman,7,0,0,0,0,,
2022-10-01,FY 2022-23,Consulting,L3,Mid (L3-L4),Bengaluru,Man,4,0,0,0,0,,
2022-10-01,FY 2022-23,Consulting,L3,Mid (L3-L4),Bengaluru,Woman,2,0,0,0,0,,
2022-10-01,FY 2022-23,Consulting,L3,Mid (L3-L4),Hyderabad,Man,5,0,0,0,0,,
2022-10-01,FY 2022-23,Consulting,L3,Mid (L3-L4),Hyderabad,Woman,4,0,1,0,0,,
2022-10-01,FY 2022-23,Consulting,L4,Mid (L3-L4),Bengaluru,Man,5,0,0,0,0,,
2022-10-01,FY 2022-23,Consulting,L4,Mid (L3-L4),Bengaluru,Woman,3,0,0,0,0,,
2022-10-01,FY 2022-23,Consulting,L4,Mid (L3-L4),Hyderabad,Man,1,0,0,0,0,,
2022-10-01,FY 2022-23,Consulting,L4,Mid (L3-L4),Hyderabad,Woman,3,0,0,0,0,,
2022-10-01,FY 2022-23,Consulting,L5,Senior (L5-L6),Bengaluru,Man,2,0,0,0,0,,
2022-10-01,FY 2022-23,Consulting,L5,Senior (L5-L6),Bengaluru,Woman,0,0,0,0,0,,
2022-10-01,FY 2022-23,Consulting,L5,Senior (L5-L6),Hyderabad,Man,3,0,0,0,0,,
2022-10-01,FY 2022-23,Consulting,L5,Senior (L5-L6),Hyderabad,Woman,0,0,0,0,0,,
2022-10-01,FY 2022-23,Consulting,L6,Senior (L5-L6),Bengaluru,Man,1,0,0,0,0,,
2022-10-01,FY 2022-23,Consulting,L6,Senior (L5-L6),Hyderabad,Man,2,0,0,0,0,,
2022-10-01,FY 2022-23,Consulting,L6,Senior (L5-L6),Hyderabad,Woman,2,0,0,0,0,,
2022-10-01,FY 2022-23,Corporate Functions,L1,Junior (L1-L2),Bengaluru,Man,7,1,0,0,0,,
2022-10-01,FY 2022-23,Corporate Functions,L1,Junior (L1-L2),Bengaluru,Woman,5,0,0,0,0,,
2022-10-01,FY 2022-23,Corporate Functions,L1,Junior (L1-L2),Hyderabad,Man,17,1,0,0,0,,
2022-10-01,FY 2022-23,Corporate Functions,L1,Junior (L1-L2),Hyderabad,Woman,9,0,0,0,0,,
2022-10-01,FY 2022-23,Corporate Functions,L2,Junior (L1-L2),Bengaluru,Man,11,1,0,0,0,,
2022-10-01,FY 2022-23,Corporate Functions,L2,Junior (L1-L2),Bengaluru,Woman,3,0,0,0,0,,
2022-10-01,FY 2022-23,Corporate Functions,L2,Junior (L1-L2),Hyderabad,Man,15,0,1,0,0,,
2022-10-01,FY 2022-23,Corporate Functions,L2,Junior (L1-L2),Hyderabad,Woman,10,0,0,0,0,,
2022-10-01,FY 2022-23,Corporate Functions,L3,Mid (L3-L4),Bengaluru,Man,12,0,0,0,0,,
2022-10-01,FY 2022-23,Corporate Functions,L3,Mid (L3-L4),Bengaluru,Woman,6,1,0,0,0,,
2022-10-01,FY 2022-23,Corporate Functions,L3,Mid (L3-L4),Hyderabad,Man,10,1,1,0,0,,
2022-10-01,FY 2022-23,Corporate Functions,L3,Mid (L3-L4),Hyderabad,Woman,5,1,0,0,0,,
2022-10-01,FY 2022-23,Corporate Functions,L4,Mid (L3-L4),Bengaluru,Man,7,0,0,0,0,,
2022-10-01,FY 2022-23,Corporate Functions,L4,Mid (L3-L4),Bengaluru,Woman,0,0,0,0,0,,
2022-10-01,FY 2022-23,Corporate Functions,L4,Mid (L3-L4),Hyderabad,Man,10,1,0,0,0,,
2022-10-01,FY 2022-23,Corporate Functions,L4,Mid (L3-L4),Hyderabad,Woman,2,0,0,0,0,,
2022-10-01,FY 2022-23,Corporate Functions,L5,Senior (L5-L6),Bengaluru,Man,1,0,0,0,0,,
2022-10-01,FY 2022-23,Corporate Functions,L5,Senior (L5-L6),Bengaluru,Woman,0,0,0,0,0,,
2022-10-01,FY 2022-23,Corporate Functions,L5,Senior (L5-L6),Hyderabad,Man,3,0,0,0,0,,
2022-10-01,FY 2022-23,Corporate Functions,L6,Senior (L5-L6),Bengaluru,Man,2,0,0,0,0,,
2022-10-01,FY 2022-23,Corporate Functions,L6,Senior (L5-L6),Hyderabad,Man,2,0,0,0,0,,
2022-10-01,FY 2022-23,Data and Analytics,L1,Junior (L1-L2),Bengaluru,Man,14,1,0,0,0,,
2022-10-01,FY 2022-23,Data and Analytics,L1,Junior (L1-L2),Bengaluru,Woman,17,2,0,0,0,,
2022-10-01,FY 2022-23,Data and Analytics,L1,Junior (L1-L2),Hyderabad,Man,19,0,0,1,0,,
2022-10-01,FY 2022-23,Data and Analytics,L1,Junior (L1-L2),Hyderabad,Woman,13,0,1,0,0,,
2022-10-01,FY 2022-23,Data and Analytics,L2,Junior (L1-L2),Bengaluru,Man,17,0,2,0,0,,
2022-10-01,FY 2022-23,Data and Analytics,L2,Junior (L1-L2),Bengaluru,Woman,7,1,0,0,0,,
2022-10-01,FY 2022-23,Data and Analytics,L2,Junior (L1-L2),Hyderabad,Man,22,1,2,0,1,,
2022-10-01,FY 2022-23,Data and Analytics,L2,Junior (L1-L2),Hyderabad,Woman,19,0,0,0,0,,
2022-10-01,FY 2022-23,Data and Analytics,L3,Mid (L3-L4),Bengaluru,Man,9,1,0,0,0,,
2022-10-01,FY 2022-23,Data and Analytics,L3,Mid (L3-L4),Bengaluru,Woman,5,1,0,0,0,,
2022-10-01,FY 2022-23,Data and Analytics,L3,Mid (L3-L4),Hyderabad,Man,18,1,1,0,0,,
2022-10-01,FY 2022-23,Data and Analytics,L3,Mid (L3-L4),Hyderabad,Woman,6,0,0,0,0,,
2022-10-01,FY 2022-23,Data and Analytics,L4,Mid (L3-L4),Bengaluru,Man,5,0,0,0,0,,
2022-10-01,FY 2022-23,Data and Analytics,L4,Mid (L3-L4),Bengaluru,Woman,1,0,0,0,0,,
2022-10-01,FY 2022-23,Data and Analytics,L4,Mid (L3-L4),Hyderabad,Man,10,0,0,0,0,,
2022-10-01,FY 2022-23,Data and Analytics,L4,Mid (L3-L4),Hyderabad,Woman,4,0,1,0,1,,
2022-10-01,FY 2022-23,Data and Analytics,L5,Senior (L5-L6),Bengaluru,Man,3,0,0,0,0,,
2022-10-01,FY 2022-23,Data and Analytics,L5,Senior (L5-L6),Bengaluru,Woman,2,0,0,0,0,,
2022-10-01,FY 2022-23,Data and Analytics,L5,Senior (L5-L6),Hyderabad,Man,3,0,1,0,0,,
2022-10-01,FY 2022-23,Data and Analytics,L5,Senior (L5-L6),Hyderabad,Woman,1,0,0,0,0,,
2022-10-01,FY 2022-23,Data and Analytics,L6,Senior (L5-L6),Bengaluru,Man,1,0,1,0,1,,
2022-10-01,FY 2022-23,Data and Analytics,L6,Senior (L5-L6),Hyderabad,Man,3,0,0,0,0,,
2022-10-01,FY 2022-23,Data and Analytics,L6,Senior (L5-L6),Hyderabad,Woman,1,0,0,0,0,,
2022-10-01,FY 2022-23,Delivery,L1,Junior (L1-L2),Bengaluru,Man,53,1,0,0,0,,
2022-10-01,FY 2022-23,Delivery,L1,Junior (L1-L2),Bengaluru,Woman,46,1,0,0,0,,
2022-10-01,FY 2022-23,Delivery,L1,Junior (L1-L2),Hyderabad,Man,93,3,3,0,1,,
2022-10-01,FY 2022-23,Delivery,L1,Junior (L1-L2),Hyderabad,Non-binary,1,0,0,0,0,,
2022-10-01,FY 2022-23,Delivery,L1,Junior (L1-L2),Hyderabad,Woman,60,2,2,0,0,,
2022-10-01,FY 2022-23,Delivery,L2,Junior (L1-L2),Bengaluru,Man,72,3,1,2,1,,
2022-10-01,FY 2022-23,Delivery,L2,Junior (L1-L2),Bengaluru,Non-binary,0,0,0,0,0,,
2022-10-01,FY 2022-23,Delivery,L2,Junior (L1-L2),Bengaluru,Woman,31,1,1,0,0,,
2022-10-01,FY 2022-23,Delivery,L2,Junior (L1-L2),Hyderabad,Man,118,2,3,0,1,,
2022-10-01,FY 2022-23,Delivery,L2,Junior (L1-L2),Hyderabad,Non-binary,1,0,0,0,0,,
2022-10-01,FY 2022-23,Delivery,L2,Junior (L1-L2),Hyderabad,Woman,58,1,1,0,0,,
2022-10-01,FY 2022-23,Delivery,L3,Mid (L3-L4),Bengaluru,Man,42,0,4,0,1,,
2022-10-01,FY 2022-23,Delivery,L3,Mid (L3-L4),Bengaluru,Woman,26,0,1,0,1,,
2022-10-01,FY 2022-23,Delivery,L3,Mid (L3-L4),Hyderabad,Man,81,1,2,0,1,,
2022-10-01,FY 2022-23,Delivery,L3,Mid (L3-L4),Hyderabad,Non-binary,1,0,0,0,0,,
2022-10-01,FY 2022-23,Delivery,L3,Mid (L3-L4),Hyderabad,Woman,31,0,2,0,0,,
2022-10-01,FY 2022-23,Delivery,L4,Mid (L3-L4),Bengaluru,Man,25,1,1,0,0,,
2022-10-01,FY 2022-23,Delivery,L4,Mid (L3-L4),Bengaluru,Woman,8,0,0,0,0,,
2022-10-01,FY 2022-23,Delivery,L4,Mid (L3-L4),Hyderabad,Man,42,1,0,1,0,,
2022-10-01,FY 2022-23,Delivery,L4,Mid (L3-L4),Hyderabad,Woman,11,0,0,0,0,,
2022-10-01,FY 2022-23,Delivery,L5,Senior (L5-L6),Bengaluru,Man,18,0,1,0,0,,
2022-10-01,FY 2022-23,Delivery,L5,Senior (L5-L6),Bengaluru,Woman,7,0,0,0,0,,
2022-10-01,FY 2022-23,Delivery,L5,Senior (L5-L6),Hyderabad,Man,22,0,0,0,0,,
2022-10-01,FY 2022-23,Delivery,L5,Senior (L5-L6),Hyderabad,Woman,4,0,0,0,0,,
2022-10-01,FY 2022-23,Delivery,L6,Senior (L5-L6),Bengaluru,Man,8,0,0,0,0,,
2022-10-01,FY 2022-23,Delivery,L6,Senior (L5-L6),Bengaluru,Woman,1,0,0,0,0,,
2022-10-01,FY 2022-23,Delivery,L6,Senior (L5-L6),Hyderabad,Man,11,0,0,0,0,,
2022-10-01,FY 2022-23,Delivery,L6,Senior (L5-L6),Hyderabad,Woman,1,0,0,0,0,,
2022-10-01,FY 2022-23,Quality Engineering,L1,Junior (L1-L2),Bengaluru,Man,19,0,0,0,0,,
2022-10-01,FY 2022-23,Quality Engineering,L1,Junior (L1-L2),Bengaluru,Woman,22,2,0,0,0,,
2022-10-01,FY 2022-23,Quality Engineering,L1,Junior (L1-L2),Hyderabad,Man,31,1,0,0,0,,
2022-10-01,FY 2022-23,Quality Engineering,L1,Junior (L1-L2),Hyderabad,Non-binary,0,0,0,0,0,,
2022-10-01,FY 2022-23,Quality Engineering,L1,Junior (L1-L2),Hyderabad,Woman,22,0,3,0,1,,
2022-10-01,FY 2022-23,Quality Engineering,L2,Junior (L1-L2),Bengaluru,Man,23,0,0,1,0,,
2022-10-01,FY 2022-23,Quality Engineering,L2,Junior (L1-L2),Bengaluru,Non-binary,0,0,1,0,0,,
2022-10-01,FY 2022-23,Quality Engineering,L2,Junior (L1-L2),Bengaluru,Woman,15,0,1,0,1,,
2022-10-01,FY 2022-23,Quality Engineering,L2,Junior (L1-L2),Hyderabad,Man,41,1,0,0,0,,
2022-10-01,FY 2022-23,Quality Engineering,L2,Junior (L1-L2),Hyderabad,Woman,23,2,1,0,0,,
2022-10-01,FY 2022-23,Quality Engineering,L3,Mid (L3-L4),Bengaluru,Man,19,0,0,0,0,,
2022-10-01,FY 2022-23,Quality Engineering,L3,Mid (L3-L4),Bengaluru,Woman,8,0,0,0,0,,
2022-10-01,FY 2022-23,Quality Engineering,L3,Mid (L3-L4),Hyderabad,Man,17,0,1,0,0,,
2022-10-01,FY 2022-23,Quality Engineering,L3,Mid (L3-L4),Hyderabad,Woman,14,0,1,0,1,,
2022-10-01,FY 2022-23,Quality Engineering,L4,Mid (L3-L4),Bengaluru,Man,8,0,0,0,0,,
2022-10-01,FY 2022-23,Quality Engineering,L4,Mid (L3-L4),Bengaluru,Non-binary,1,0,0,0,0,,
2022-10-01,FY 2022-23,Quality Engineering,L4,Mid (L3-L4),Bengaluru,Woman,3,0,0,0,0,,
2022-10-01,FY 2022-23,Quality Engineering,L4,Mid (L3-L4),Hyderabad,Man,19,2,0,0,0,,
2022-10-01,FY 2022-23,Quality Engineering,L4,Mid (L3-L4),Hyderabad,Woman,6,0,0,0,0,,
2022-10-01,FY 2022-23,Quality Engineering,L5,Senior (L5-L6),Bengaluru,Man,2,0,0,0,0,,
2022-10-01,FY 2022-23,Quality Engineering,L5,Senior (L5-L6),Bengaluru,Woman,0,0,0,0,0,,
2022-10-01,FY 2022-23,Quality Engineering,L5,Senior (L5-L6),Hyderabad,Man,12,0,0,0,0,,
2022-10-01,FY 2022-23,Quality Engineering,L5,Senior (L5-L6),Hyderabad,Woman,1,0,0,0,0,,
2022-10-01,FY 2022-23,Quality Engineering,L6,Senior (L5-L6),Bengaluru,Man,3,0,0,0,0,,
2022-10-01,FY 2022-23,Quality Engineering,L6,Senior (L5-L6),Bengaluru,Woman,2,1,0,0,0,,
2022-10-01,FY 2022-23,Quality Engineering,L6,Senior (L5-L6),Hyderabad,Man,2,0,0,0,0,,
2022-10-01,FY 2022-23,Quality Engineering,L6,Senior (L5-L6),Hyderabad,Woman,1,0,0,0,0,,
2022-10-01,FY 2022-23,Sales and Presales,L1,Junior (L1-L2),Bengaluru,Man,11,0,0,0,0,,
2022-10-01,FY 2022-23,Sales and Presales,L1,Junior (L1-L2),Bengaluru,Non-binary,0,0,0,0,0,,
2022-10-01,FY 2022-23,Sales and Presales,L1,Junior (L1-L2),Bengaluru,Woman,4,0,0,0,0,,
2022-10-01,FY 2022-23,Sales and Presales,L1,Junior (L1-L2),Hyderabad,Man,11,0,0,0,0,,
2022-10-01,FY 2022-23,Sales and Presales,L1,Junior (L1-L2),Hyderabad,Woman,15,3,1,0,0,,
2022-10-01,FY 2022-23,Sales and Presales,L2,Junior (L1-L2),Bengaluru,Man,8,0,0,0,0,,
2022-10-01,FY 2022-23,Sales and Presales,L2,Junior (L1-L2),Bengaluru,Non-binary,0,0,0,0,0,,
2022-10-01,FY 2022-23,Sales and Presales,L2,Junior (L1-L2),Bengaluru,Woman,3,0,0,0,0,,
2022-10-01,FY 2022-23,Sales and Presales,L2,Junior (L1-L2),Hyderabad,Man,11,0,0,0,0,,
2022-10-01,FY 2022-23,Sales and Presales,L2,Junior (L1-L2),Hyderabad,Woman,8,0,0,0,0,,
2022-10-01,FY 2022-23,Sales and Presales,L3,Mid (L3-L4),Bengaluru,Man,8,0,0,0,0,,
2022-10-01,FY 2022-23,Sales and Presales,L3,Mid (L3-L4),Bengaluru,Woman,4,0,0,0,0,,
2022-10-01,FY 2022-23,Sales and Presales,L3,Mid (L3-L4),Hyderabad,Man,11,0,0,0,0,,
2022-10-01,FY 2022-23,Sales and Presales,L3,Mid (L3-L4),Hyderabad,Woman,4,0,0,0,0,,
2022-10-01,FY 2022-23,Sales and Presales,L4,Mid (L3-L4),Bengaluru,Man,3,1,0,0,0,,
2022-10-01,FY 2022-23,Sales and Presales,L4,Mid (L3-L4),Bengaluru,Woman,0,0,0,0,0,,
2022-10-01,FY 2022-23,Sales and Presales,L4,Mid (L3-L4),Hyderabad,Man,9,2,0,0,0,,
2022-10-01,FY 2022-23,Sales and Presales,L4,Mid (L3-L4),Hyderabad,Woman,0,0,0,0,0,,
2022-10-01,FY 2022-23,Sales and Presales,L5,Senior (L5-L6),Bengaluru,Man,1,0,0,0,0,,
2022-10-01,FY 2022-23,Sales and Presales,L5,Senior (L5-L6),Hyderabad,Man,2,1,0,0,0,,
2022-10-01,FY 2022-23,Sales and Presales,L5,Senior (L5-L6),Hyderabad,Woman,1,0,0,0,0,,
2022-10-01,FY 2022-23,Sales and Presales,L6,Senior (L5-L6),Bengaluru,Man,1,0,0,0,0,,
2022-10-01,FY 2022-23,Sales and Presales,L6,Senior (L5-L6),Hyderabad,Man,1,0,0,0,0,,
2022-11-01,FY 2022-23,Cloud and Infrastructure,L1,Junior (L1-L2),Bengaluru,Man,18,0,1,0,0,,
2022-11-01,FY 2022-23,Cloud and Infrastructure,L1,Junior (L1-L2),Bengaluru,Woman,15,0,1,0,0,,
2022-11-01,FY 2022-23,Cloud and Infrastructure,L1,Junior (L1-L2),Hyderabad,Man,26,0,0,0,0,,
2022-11-01,FY 2022-23,Cloud and Infrastructure,L1,Junior (L1-L2),Hyderabad,Woman,21,1,0,0,0,,
2022-11-01,FY 2022-23,Cloud and Infrastructure,L2,Junior (L1-L2),Bengaluru,Man,18,0,0,0,0,,
2022-11-01,FY 2022-23,Cloud and Infrastructure,L2,Junior (L1-L2),Bengaluru,Woman,14,0,0,0,0,,
2022-11-01,FY 2022-23,Cloud and Infrastructure,L2,Junior (L1-L2),Hyderabad,Man,28,1,0,0,0,,
2022-11-01,FY 2022-23,Cloud and Infrastructure,L2,Junior (L1-L2),Hyderabad,Woman,25,0,0,0,0,,
2022-11-01,FY 2022-23,Cloud and Infrastructure,L3,Mid (L3-L4),Bengaluru,Man,14,0,0,0,0,,
2022-11-01,FY 2022-23,Cloud and Infrastructure,L3,Mid (L3-L4),Bengaluru,Woman,5,0,0,0,0,,
2022-11-01,FY 2022-23,Cloud and Infrastructure,L3,Mid (L3-L4),Hyderabad,Man,17,0,0,0,0,,
2022-11-01,FY 2022-23,Cloud and Infrastructure,L3,Mid (L3-L4),Hyderabad,Non-binary,0,0,0,0,0,,
2022-11-01,FY 2022-23,Cloud and Infrastructure,L3,Mid (L3-L4),Hyderabad,Woman,10,0,0,0,0,,
2022-11-01,FY 2022-23,Cloud and Infrastructure,L4,Mid (L3-L4),Bengaluru,Man,9,1,0,0,0,,
2022-11-01,FY 2022-23,Cloud and Infrastructure,L4,Mid (L3-L4),Bengaluru,Woman,2,0,0,0,0,,
2022-11-01,FY 2022-23,Cloud and Infrastructure,L4,Mid (L3-L4),Hyderabad,Man,7,2,0,0,0,,
2022-11-01,FY 2022-23,Cloud and Infrastructure,L4,Mid (L3-L4),Hyderabad,Woman,3,0,0,0,0,,
2022-11-01,FY 2022-23,Cloud and Infrastructure,L5,Senior (L5-L6),Bengaluru,Man,1,0,0,0,0,,
2022-11-01,FY 2022-23,Cloud and Infrastructure,L5,Senior (L5-L6),Bengaluru,Woman,1,0,0,0,0,,
2022-11-01,FY 2022-23,Cloud and Infrastructure,L5,Senior (L5-L6),Hyderabad,Man,6,2,0,0,0,,
2022-11-01,FY 2022-23,Cloud and Infrastructure,L5,Senior (L5-L6),Hyderabad,Woman,1,0,0,0,0,,
2022-11-01,FY 2022-23,Cloud and Infrastructure,L6,Senior (L5-L6),Bengaluru,Man,0,0,0,0,0,,
2022-11-01,FY 2022-23,Cloud and Infrastructure,L6,Senior (L5-L6),Bengaluru,Woman,1,0,0,0,0,,
2022-11-01,FY 2022-23,Cloud and Infrastructure,L6,Senior (L5-L6),Hyderabad,Man,2,0,0,0,0,,
2022-11-01,FY 2022-23,Consulting,L1,Junior (L1-L2),Bengaluru,Man,4,0,0,0,0,,
2022-11-01,FY 2022-23,Consulting,L1,Junior (L1-L2),Bengaluru,Woman,5,0,0,0,0,,
2022-11-01,FY 2022-23,Consulting,L1,Junior (L1-L2),Hyderabad,Man,10,1,0,0,0,,
2022-11-01,FY 2022-23,Consulting,L1,Junior (L1-L2),Hyderabad,Woman,7,0,0,0,0,,
2022-11-01,FY 2022-23,Consulting,L2,Junior (L1-L2),Bengaluru,Man,7,0,0,0,0,,
2022-11-01,FY 2022-23,Consulting,L2,Junior (L1-L2),Bengaluru,Woman,3,0,0,0,0,,
2022-11-01,FY 2022-23,Consulting,L2,Junior (L1-L2),Hyderabad,Man,5,0,1,0,0,,
2022-11-01,FY 2022-23,Consulting,L2,Junior (L1-L2),Hyderabad,Woman,7,0,0,0,0,,
2022-11-01,FY 2022-23,Consulting,L3,Mid (L3-L4),Bengaluru,Man,4,0,0,0,0,,
2022-11-01,FY 2022-23,Consulting,L3,Mid (L3-L4),Bengaluru,Woman,2,0,0,0,0,,
2022-11-01,FY 2022-23,Consulting,L3,Mid (L3-L4),Hyderabad,Man,4,0,1,0,0,,
2022-11-01,FY 2022-23,Consulting,L3,Mid (L3-L4),Hyderabad,Woman,4,0,0,0,0,,
2022-11-01,FY 2022-23,Consulting,L4,Mid (L3-L4),Bengaluru,Man,5,0,0,0,0,,
2022-11-01,FY 2022-23,Consulting,L4,Mid (L3-L4),Bengaluru,Woman,3,0,0,0,0,,
2022-11-01,FY 2022-23,Consulting,L4,Mid (L3-L4),Hyderabad,Man,1,0,0,0,0,,
2022-11-01,FY 2022-23,Consulting,L4,Mid (L3-L4),Hyderabad,Woman,3,0,0,0,0,,
2022-11-01,FY 2022-23,Consulting,L5,Senior (L5-L6),Bengaluru,Man,2,0,0,0,0,,
2022-11-01,FY 2022-23,Consulting,L5,Senior (L5-L6),Bengaluru,Woman,0,0,0,0,0,,
2022-11-01,FY 2022-23,Consulting,L5,Senior (L5-L6),Hyderabad,Man,3,0,0,0,0,,
2022-11-01,FY 2022-23,Consulting,L5,Senior (L5-L6),Hyderabad,Woman,0,0,0,0,0,,
2022-11-01,FY 2022-23,Consulting,L6,Senior (L5-L6),Bengaluru,Man,0,0,1,0,0,,
2022-11-01,FY 2022-23,Consulting,L6,Senior (L5-L6),Hyderabad,Man,2,0,0,0,0,,
2022-11-01,FY 2022-23,Consulting,L6,Senior (L5-L6),Hyderabad,Woman,2,0,0,0,0,,
2022-11-01,FY 2022-23,Corporate Functions,L1,Junior (L1-L2),Bengaluru,Man,7,0,0,0,0,,
2022-11-01,FY 2022-23,Corporate Functions,L1,Junior (L1-L2),Bengaluru,Woman,5,0,0,0,0,,
2022-11-01,FY 2022-23,Corporate Functions,L1,Junior (L1-L2),Hyderabad,Man,16,0,1,0,1,,
2022-11-01,FY 2022-23,Corporate Functions,L1,Junior (L1-L2),Hyderabad,Woman,9,0,0,0,0,,
2022-11-01,FY 2022-23,Corporate Functions,L2,Junior (L1-L2),Bengaluru,Man,11,0,0,0,0,,
2022-11-01,FY 2022-23,Corporate Functions,L2,Junior (L1-L2),Bengaluru,Woman,3,0,0,0,0,,
2022-11-01,FY 2022-23,Corporate Functions,L2,Junior (L1-L2),Hyderabad,Man,15,0,0,0,0,,
2022-11-01,FY 2022-23,Corporate Functions,L2,Junior (L1-L2),Hyderabad,Woman,10,0,0,0,0,,
2022-11-01,FY 2022-23,Corporate Functions,L3,Mid (L3-L4),Bengaluru,Man,12,0,0,0,0,,
2022-11-01,FY 2022-23,Corporate Functions,L3,Mid (L3-L4),Bengaluru,Woman,6,0,0,0,0,,
2022-11-01,FY 2022-23,Corporate Functions,L3,Mid (L3-L4),Hyderabad,Man,10,0,0,0,0,,
2022-11-01,FY 2022-23,Corporate Functions,L3,Mid (L3-L4),Hyderabad,Woman,6,1,0,0,0,,
2022-11-01,FY 2022-23,Corporate Functions,L4,Mid (L3-L4),Bengaluru,Man,7,0,0,0,0,,
2022-11-01,FY 2022-23,Corporate Functions,L4,Mid (L3-L4),Bengaluru,Woman,0,0,0,0,0,,
2022-11-01,FY 2022-23,Corporate Functions,L4,Mid (L3-L4),Hyderabad,Man,10,0,0,0,0,,
2022-11-01,FY 2022-23,Corporate Functions,L4,Mid (L3-L4),Hyderabad,Woman,2,0,0,0,0,,
2022-11-01,FY 2022-23,Corporate Functions,L5,Senior (L5-L6),Bengaluru,Man,1,0,0,0,0,,
2022-11-01,FY 2022-23,Corporate Functions,L5,Senior (L5-L6),Bengaluru,Woman,0,0,0,0,0,,
2022-11-01,FY 2022-23,Corporate Functions,L5,Senior (L5-L6),Hyderabad,Man,3,0,0,0,0,,
2022-11-01,FY 2022-23,Corporate Functions,L6,Senior (L5-L6),Bengaluru,Man,2,0,0,0,0,,
2022-11-01,FY 2022-23,Corporate Functions,L6,Senior (L5-L6),Hyderabad,Man,2,0,0,0,0,,
2022-11-01,FY 2022-23,Data and Analytics,L1,Junior (L1-L2),Bengaluru,Man,14,0,0,0,0,,
2022-11-01,FY 2022-23,Data and Analytics,L1,Junior (L1-L2),Bengaluru,Woman,17,0,0,0,0,,
2022-11-01,FY 2022-23,Data and Analytics,L1,Junior (L1-L2),Hyderabad,Man,18,0,1,0,0,,
2022-11-01,FY 2022-23,Data and Analytics,L1,Junior (L1-L2),Hyderabad,Woman,14,1,0,0,0,,
2022-11-01,FY 2022-23,Data and Analytics,L2,Junior (L1-L2),Bengaluru,Man,17,2,2,0,0,,
2022-11-01,FY 2022-23,Data and Analytics,L2,Junior (L1-L2),Bengaluru,Woman,6,0,1,0,1,,
2022-11-01,FY 2022-23,Data and Analytics,L2,Junior (L1-L2),Hyderabad,Man,24,3,1,0,0,,
2022-11-01,FY 2022-23,Data and Analytics,L2,Junior (L1-L2),Hyderabad,Woman,20,1,0,0,0,,
2022-11-01,FY 2022-23,Data and Analytics,L3,Mid (L3-L4),Bengaluru,Man,12,3,0,0,0,,
2022-11-01,FY 2022-23,Data and Analytics,L3,Mid (L3-L4),Bengaluru,Woman,5,0,0,0,0,,
2022-11-01,FY 2022-23,Data and Analytics,L3,Mid (L3-L4),Hyderabad,Man,19,1,0,0,0,,
2022-11-01,FY 2022-23,Data and Analytics,L3,Mid (L3-L4),Hyderabad,Woman,7,1,0,0,0,,
2022-11-01,FY 2022-23,Data and Analytics,L4,Mid (L3-L4),Bengaluru,Man,5,0,0,0,0,,
2022-11-01,FY 2022-23,Data and Analytics,L4,Mid (L3-L4),Bengaluru,Woman,1,0,0,0,0,,
2022-11-01,FY 2022-23,Data and Analytics,L4,Mid (L3-L4),Hyderabad,Man,10,0,0,0,0,,
2022-11-01,FY 2022-23,Data and Analytics,L4,Mid (L3-L4),Hyderabad,Woman,4,0,0,0,0,,
2022-11-01,FY 2022-23,Data and Analytics,L5,Senior (L5-L6),Bengaluru,Man,3,0,0,0,0,,
2022-11-01,FY 2022-23,Data and Analytics,L5,Senior (L5-L6),Bengaluru,Woman,2,0,0,0,0,,
2022-11-01,FY 2022-23,Data and Analytics,L5,Senior (L5-L6),Hyderabad,Man,3,0,0,0,0,,
2022-11-01,FY 2022-23,Data and Analytics,L5,Senior (L5-L6),Hyderabad,Woman,1,0,0,0,0,,
2022-11-01,FY 2022-23,Data and Analytics,L6,Senior (L5-L6),Bengaluru,Man,1,0,0,0,0,,
2022-11-01,FY 2022-23,Data and Analytics,L6,Senior (L5-L6),Hyderabad,Man,3,0,0,0,0,,
2022-11-01,FY 2022-23,Data and Analytics,L6,Senior (L5-L6),Hyderabad,Woman,1,0,0,0,0,,
2022-11-01,FY 2022-23,Delivery,L1,Junior (L1-L2),Bengaluru,Man,52,1,2,0,0,,
2022-11-01,FY 2022-23,Delivery,L1,Junior (L1-L2),Bengaluru,Woman,44,1,2,1,2,,
2022-11-01,FY 2022-23,Delivery,L1,Junior (L1-L2),Hyderabad,Man,95,4,2,0,1,,
2022-11-01,FY 2022-23,Delivery,L1,Junior (L1-L2),Hyderabad,Non-binary,1,0,0,0,0,,
2022-11-01,FY 2022-23,Delivery,L1,Junior (L1-L2),Hyderabad,Woman,60,1,1,0,0,,
2022-11-01,FY 2022-23,Delivery,L2,Junior (L1-L2),Bengaluru,Man,74,4,2,0,0,,
2022-11-01,FY 2022-23,Delivery,L2,Junior (L1-L2),Bengaluru,Non-binary,0,0,0,0,0,,
2022-11-01,FY 2022-23,Delivery,L2,Junior (L1-L2),Bengaluru,Woman,32,1,0,0,0,,
2022-11-01,FY 2022-23,Delivery,L2,Junior (L1-L2),Hyderabad,Man,117,3,3,1,0,,
2022-11-01,FY 2022-23,Delivery,L2,Junior (L1-L2),Hyderabad,Non-binary,1,0,0,0,0,,
2022-11-01,FY 2022-23,Delivery,L2,Junior (L1-L2),Hyderabad,Woman,59,1,0,0,0,,
2022-11-01,FY 2022-23,Delivery,L3,Mid (L3-L4),Bengaluru,Man,42,1,1,0,0,,
2022-11-01,FY 2022-23,Delivery,L3,Mid (L3-L4),Bengaluru,Woman,27,1,0,0,0,,
2022-11-01,FY 2022-23,Delivery,L3,Mid (L3-L4),Hyderabad,Man,80,1,2,0,0,,
2022-11-01,FY 2022-23,Delivery,L3,Mid (L3-L4),Hyderabad,Non-binary,1,0,0,0,0,,
2022-11-01,FY 2022-23,Delivery,L3,Mid (L3-L4),Hyderabad,Woman,30,0,1,0,0,,
2022-11-01,FY 2022-23,Delivery,L4,Mid (L3-L4),Bengaluru,Man,23,0,1,1,0,,
2022-11-01,FY 2022-23,Delivery,L4,Mid (L3-L4),Bengaluru,Woman,8,0,0,0,0,,
2022-11-01,FY 2022-23,Delivery,L4,Mid (L3-L4),Hyderabad,Man,41,0,1,0,1,,
2022-11-01,FY 2022-23,Delivery,L4,Mid (L3-L4),Hyderabad,Woman,11,0,0,0,0,,
2022-11-01,FY 2022-23,Delivery,L5,Senior (L5-L6),Bengaluru,Man,18,0,0,0,0,,
2022-11-01,FY 2022-23,Delivery,L5,Senior (L5-L6),Bengaluru,Woman,7,0,0,0,0,,
2022-11-01,FY 2022-23,Delivery,L5,Senior (L5-L6),Hyderabad,Man,22,0,0,0,0,,
2022-11-01,FY 2022-23,Delivery,L5,Senior (L5-L6),Hyderabad,Woman,4,0,0,0,0,,
2022-11-01,FY 2022-23,Delivery,L6,Senior (L5-L6),Bengaluru,Man,8,0,0,0,0,,
2022-11-01,FY 2022-23,Delivery,L6,Senior (L5-L6),Bengaluru,Woman,1,0,0,0,0,,
2022-11-01,FY 2022-23,Delivery,L6,Senior (L5-L6),Hyderabad,Man,10,0,1,0,0,,
2022-11-01,FY 2022-23,Delivery,L6,Senior (L5-L6),Hyderabad,Woman,1,0,0,0,0,,
2022-11-01,FY 2022-23,Quality Engineering,L1,Junior (L1-L2),Bengaluru,Man,19,0,0,0,0,,
2022-11-01,FY 2022-23,Quality Engineering,L1,Junior (L1-L2),Bengaluru,Woman,22,0,0,0,0,,
2022-11-01,FY 2022-23,Quality Engineering,L1,Junior (L1-L2),Hyderabad,Man,31,0,0,0,0,,
2022-11-01,FY 2022-23,Quality Engineering,L1,Junior (L1-L2),Hyderabad,Non-binary,0,0,0,0,0,,
2022-11-01,FY 2022-23,Quality Engineering,L1,Junior (L1-L2),Hyderabad,Woman,22,0,0,0,0,,
2022-11-01,FY 2022-23,Quality Engineering,L2,Junior (L1-L2),Bengaluru,Man,24,1,0,0,0,,
2022-11-01,FY 2022-23,Quality Engineering,L2,Junior (L1-L2),Bengaluru,Non-binary,0,0,0,0,0,,
2022-11-01,FY 2022-23,Quality Engineering,L2,Junior (L1-L2),Bengaluru,Woman,14,0,1,0,0,,
2022-11-01,FY 2022-23,Quality Engineering,L2,Junior (L1-L2),Hyderabad,Man,39,0,2,0,1,,
2022-11-01,FY 2022-23,Quality Engineering,L2,Junior (L1-L2),Hyderabad,Woman,23,0,0,0,0,,
2022-11-01,FY 2022-23,Quality Engineering,L3,Mid (L3-L4),Bengaluru,Man,18,0,1,0,0,,
2022-11-01,FY 2022-23,Quality Engineering,L3,Mid (L3-L4),Bengaluru,Woman,8,0,0,0,0,,
2022-11-01,FY 2022-23,Quality Engineering,L3,Mid (L3-L4),Hyderabad,Man,17,0,0,0,0,,
2022-11-01,FY 2022-23,Quality Engineering,L3,Mid (L3-L4),Hyderabad,Woman,14,0,0,0,0,,
2022-11-01,FY 2022-23,Quality Engineering,L4,Mid (L3-L4),Bengaluru,Man,9,1,0,0,0,,
2022-11-01,FY 2022-23,Quality Engineering,L4,Mid (L3-L4),Bengaluru,Non-binary,1,0,0,0,0,,
2022-11-01,FY 2022-23,Quality Engineering,L4,Mid (L3-L4),Bengaluru,Woman,3,0,0,0,0,,
2022-11-01,FY 2022-23,Quality Engineering,L4,Mid (L3-L4),Hyderabad,Man,20,1,0,0,0,,
2022-11-01,FY 2022-23,Quality Engineering,L4,Mid (L3-L4),Hyderabad,Woman,6,0,0,0,0,,
2022-11-01,FY 2022-23,Quality Engineering,L5,Senior (L5-L6),Bengaluru,Man,2,0,0,0,0,,
2022-11-01,FY 2022-23,Quality Engineering,L5,Senior (L5-L6),Bengaluru,Woman,0,0,0,0,0,,
2022-11-01,FY 2022-23,Quality Engineering,L5,Senior (L5-L6),Hyderabad,Man,12,0,0,0,0,,
2022-11-01,FY 2022-23,Quality Engineering,L5,Senior (L5-L6),Hyderabad,Woman,1,0,0,0,0,,
2022-11-01,FY 2022-23,Quality Engineering,L6,Senior (L5-L6),Bengaluru,Man,3,0,0,0,0,,
2022-11-01,FY 2022-23,Quality Engineering,L6,Senior (L5-L6),Bengaluru,Woman,2,0,0,0,0,,
2022-11-01,FY 2022-23,Quality Engineering,L6,Senior (L5-L6),Hyderabad,Man,2,0,0,0,0,,
2022-11-01,FY 2022-23,Quality Engineering,L6,Senior (L5-L6),Hyderabad,Woman,1,0,0,0,0,,
2022-11-01,FY 2022-23,Sales and Presales,L1,Junior (L1-L2),Bengaluru,Man,12,1,0,0,0,,
2022-11-01,FY 2022-23,Sales and Presales,L1,Junior (L1-L2),Bengaluru,Non-binary,0,0,0,0,0,,
2022-11-01,FY 2022-23,Sales and Presales,L1,Junior (L1-L2),Bengaluru,Woman,4,0,0,0,0,,
2022-11-01,FY 2022-23,Sales and Presales,L1,Junior (L1-L2),Hyderabad,Man,11,0,0,0,0,,
2022-11-01,FY 2022-23,Sales and Presales,L1,Junior (L1-L2),Hyderabad,Woman,16,1,0,0,0,,
2022-11-01,FY 2022-23,Sales and Presales,L2,Junior (L1-L2),Bengaluru,Man,8,1,1,0,1,,
2022-11-01,FY 2022-23,Sales and Presales,L2,Junior (L1-L2),Bengaluru,Non-binary,0,0,0,0,0,,
2022-11-01,FY 2022-23,Sales and Presales,L2,Junior (L1-L2),Bengaluru,Woman,3,0,0,0,0,,
2022-11-01,FY 2022-23,Sales and Presales,L2,Junior (L1-L2),Hyderabad,Man,12,1,0,0,0,,
2022-11-01,FY 2022-23,Sales and Presales,L2,Junior (L1-L2),Hyderabad,Woman,8,0,0,0,0,,
2022-11-01,FY 2022-23,Sales and Presales,L3,Mid (L3-L4),Bengaluru,Man,8,0,0,0,0,,
2022-11-01,FY 2022-23,Sales and Presales,L3,Mid (L3-L4),Bengaluru,Woman,4,0,0,0,0,,
2022-11-01,FY 2022-23,Sales and Presales,L3,Mid (L3-L4),Hyderabad,Man,11,0,0,0,0,,
2022-11-01,FY 2022-23,Sales and Presales,L3,Mid (L3-L4),Hyderabad,Woman,4,0,0,0,0,,
2022-11-01,FY 2022-23,Sales and Presales,L4,Mid (L3-L4),Bengaluru,Man,3,0,0,0,0,,
2022-11-01,FY 2022-23,Sales and Presales,L4,Mid (L3-L4),Bengaluru,Woman,0,0,0,0,0,,
2022-11-01,FY 2022-23,Sales and Presales,L4,Mid (L3-L4),Hyderabad,Man,9,0,0,0,0,,
2022-11-01,FY 2022-23,Sales and Presales,L4,Mid (L3-L4),Hyderabad,Woman,0,0,0,0,0,,
2022-11-01,FY 2022-23,Sales and Presales,L5,Senior (L5-L6),Bengaluru,Man,1,0,0,0,0,,
2022-11-01,FY 2022-23,Sales and Presales,L5,Senior (L5-L6),Hyderabad,Man,2,0,0,0,0,,
2022-11-01,FY 2022-23,Sales and Presales,L5,Senior (L5-L6),Hyderabad,Woman,1,0,0,0,0,,
2022-11-01,FY 2022-23,Sales and Presales,L6,Senior (L5-L6),Bengaluru,Man,1,0,0,0,0,,
2022-11-01,FY 2022-23,Sales and Presales,L6,Senior (L5-L6),Hyderabad,Man,1,0,0,0,0,,
2022-12-01,FY 2022-23,Cloud and Infrastructure,L1,Junior (L1-L2),Bengaluru,Man,18,0,0,0,0,,
2022-12-01,FY 2022-23,Cloud and Infrastructure,L1,Junior (L1-L2),Bengaluru,Woman,15,0,0,0,0,,
2022-12-01,FY 2022-23,Cloud and Infrastructure,L1,Junior (L1-L2),Hyderabad,Man,26,0,0,0,0,,
2022-12-01,FY 2022-23,Cloud and Infrastructure,L1,Junior (L1-L2),Hyderabad,Woman,21,0,0,0,0,,
2022-12-01,FY 2022-23,Cloud and Infrastructure,L2,Junior (L1-L2),Bengaluru,Man,18,1,1,0,0,,
2022-12-01,FY 2022-23,Cloud and Infrastructure,L2,Junior (L1-L2),Bengaluru,Woman,13,0,1,0,0,,
2022-12-01,FY 2022-23,Cloud and Infrastructure,L2,Junior (L1-L2),Hyderabad,Man,28,1,1,0,1,,
2022-12-01,FY 2022-23,Cloud and Infrastructure,L2,Junior (L1-L2),Hyderabad,Woman,24,0,1,0,0,,
2022-12-01,FY 2022-23,Cloud and Infrastructure,L3,Mid (L3-L4),Bengaluru,Man,13,0,1,0,0,,
2022-12-01,FY 2022-23,Cloud and Infrastructure,L3,Mid (L3-L4),Bengaluru,Woman,5,0,0,0,0,,
2022-12-01,FY 2022-23,Cloud and Infrastructure,L3,Mid (L3-L4),Hyderabad,Man,16,0,1,0,0,,
2022-12-01,FY 2022-23,Cloud and Infrastructure,L3,Mid (L3-L4),Hyderabad,Non-binary,0,0,0,0,0,,
2022-12-01,FY 2022-23,Cloud and Infrastructure,L3,Mid (L3-L4),Hyderabad,Woman,10,0,0,0,0,,
2022-12-01,FY 2022-23,Cloud and Infrastructure,L4,Mid (L3-L4),Bengaluru,Man,9,0,0,0,0,,
2022-12-01,FY 2022-23,Cloud and Infrastructure,L4,Mid (L3-L4),Bengaluru,Woman,2,0,0,0,0,,
2022-12-01,FY 2022-23,Cloud and Infrastructure,L4,Mid (L3-L4),Hyderabad,Man,7,0,0,0,0,,
2022-12-01,FY 2022-23,Cloud and Infrastructure,L4,Mid (L3-L4),Hyderabad,Woman,3,0,0,0,0,,
2022-12-01,FY 2022-23,Cloud and Infrastructure,L5,Senior (L5-L6),Bengaluru,Man,1,0,0,0,0,,
2022-12-01,FY 2022-23,Cloud and Infrastructure,L5,Senior (L5-L6),Bengaluru,Woman,1,0,0,0,0,,
2022-12-01,FY 2022-23,Cloud and Infrastructure,L5,Senior (L5-L6),Hyderabad,Man,6,0,0,0,0,,
2022-12-01,FY 2022-23,Cloud and Infrastructure,L5,Senior (L5-L6),Hyderabad,Woman,1,0,0,0,0,,
2022-12-01,FY 2022-23,Cloud and Infrastructure,L6,Senior (L5-L6),Bengaluru,Man,0,0,0,0,0,,
2022-12-01,FY 2022-23,Cloud and Infrastructure,L6,Senior (L5-L6),Bengaluru,Woman,1,0,0,0,0,,
2022-12-01,FY 2022-23,Cloud and Infrastructure,L6,Senior (L5-L6),Hyderabad,Man,2,0,0,0,0,,
2022-12-01,FY 2022-23,Consulting,L1,Junior (L1-L2),Bengaluru,Man,4,0,0,0,0,,
2022-12-01,FY 2022-23,Consulting,L1,Junior (L1-L2),Bengaluru,Woman,5,0,0,0,0,,
2022-12-01,FY 2022-23,Consulting,L1,Junior (L1-L2),Hyderabad,Man,10,0,0,0,0,,
2022-12-01,FY 2022-23,Consulting,L1,Junior (L1-L2),Hyderabad,Woman,7,0,0,0,0,,
2022-12-01,FY 2022-23,Consulting,L2,Junior (L1-L2),Bengaluru,Man,7,0,0,0,0,,
2022-12-01,FY 2022-23,Consulting,L2,Junior (L1-L2),Bengaluru,Woman,3,0,0,0,0,,
2022-12-01,FY 2022-23,Consulting,L2,Junior (L1-L2),Hyderabad,Man,5,0,0,0,0,,
2022-12-01,FY 2022-23,Consulting,L2,Junior (L1-L2),Hyderabad,Woman,7,0,0,0,0,,
2022-12-01,FY 2022-23,Consulting,L3,Mid (L3-L4),Bengaluru,Man,3,0,1,0,0,,
2022-12-01,FY 2022-23,Consulting,L3,Mid (L3-L4),Bengaluru,Woman,2,0,0,0,0,,
2022-12-01,FY 2022-23,Consulting,L3,Mid (L3-L4),Hyderabad,Man,4,0,0,0,0,,
2022-12-01,FY 2022-23,Consulting,L3,Mid (L3-L4),Hyderabad,Woman,6,2,0,0,0,,
2022-12-01,FY 2022-23,Consulting,L4,Mid (L3-L4),Bengaluru,Man,5,0,0,0,0,,
2022-12-01,FY 2022-23,Consulting,L4,Mid (L3-L4),Bengaluru,Woman,2,0,1,0,1,,
2022-12-01,FY 2022-23,Consulting,L4,Mid (L3-L4),Hyderabad,Man,1,0,0,0,0,,
2022-12-01,FY 2022-23,Consulting,L4,Mid (L3-L4),Hyderabad,Woman,3,0,0,0,0,,
2022-12-01,FY 2022-23,Consulting,L5,Senior (L5-L6),Bengaluru,Man,2,0,0,0,0,,
2022-12-01,FY 2022-23,Consulting,L5,Senior (L5-L6),Bengaluru,Woman,0,0,0,0,0,,
2022-12-01,FY 2022-23,Consulting,L5,Senior (L5-L6),Hyderabad,Man,3,0,0,0,0,,
2022-12-01,FY 2022-23,Consulting,L5,Senior (L5-L6),Hyderabad,Woman,0,0,0,0,0,,
2022-12-01,FY 2022-23,Consulting,L6,Senior (L5-L6),Bengaluru,Man,0,0,0,0,0,,
2022-12-01,FY 2022-23,Consulting,L6,Senior (L5-L6),Hyderabad,Man,2,0,0,0,0,,
2022-12-01,FY 2022-23,Consulting,L6,Senior (L5-L6),Hyderabad,Woman,2,0,0,0,0,,
2022-12-01,FY 2022-23,Corporate Functions,L1,Junior (L1-L2),Bengaluru,Man,7,0,0,0,0,,
2022-12-01,FY 2022-23,Corporate Functions,L1,Junior (L1-L2),Bengaluru,Woman,5,0,0,0,0,,
2022-12-01,FY 2022-23,Corporate Functions,L1,Junior (L1-L2),Hyderabad,Man,15,0,1,0,1,,
2022-12-01,FY 2022-23,Corporate Functions,L1,Junior (L1-L2),Hyderabad,Woman,9,0,0,0,0,,
2022-12-01,FY 2022-23,Corporate Functions,L2,Junior (L1-L2),Bengaluru,Man,11,0,0,0,0,,
2022-12-01,FY 2022-23,Corporate Functions,L2,Junior (L1-L2),Bengaluru,Woman,3,0,0,0,0,,
2022-12-01,FY 2022-23,Corporate Functions,L2,Junior (L1-L2),Hyderabad,Man,16,1,0,0,0,,
2022-12-01,FY 2022-23,Corporate Functions,L2,Junior (L1-L2),Hyderabad,Woman,10,0,0,0,0,,
2022-12-01,FY 2022-23,Corporate Functions,L3,Mid (L3-L4),Bengaluru,Man,11,0,1,0,0,,
2022-12-01,FY 2022-23,Corporate Functions,L3,Mid (L3-L4),Bengaluru,Woman,6,0,0,0,0,,
2022-12-01,FY 2022-23,Corporate Functions,L3,Mid (L3-L4),Hyderabad,Man,11,1,0,0,0,,
2022-12-01,FY 2022-23,Corporate Functions,L3,Mid (L3-L4),Hyderabad,Woman,6,0,0,0,0,,
2022-12-01,FY 2022-23,Corporate Functions,L4,Mid (L3-L4),Bengaluru,Man,7,0,0,0,0,,
2022-12-01,FY 2022-23,Corporate Functions,L4,Mid (L3-L4),Bengaluru,Woman,0,0,0,0,0,,
2022-12-01,FY 2022-23,Corporate Functions,L4,Mid (L3-L4),Hyderabad,Man,10,0,0,0,0,,
2022-12-01,FY 2022-23,Corporate Functions,L4,Mid (L3-L4),Hyderabad,Woman,2,0,0,0,0,,
2022-12-01,FY 2022-23,Corporate Functions,L5,Senior (L5-L6),Bengaluru,Man,1,0,0,0,0,,
2022-12-01,FY 2022-23,Corporate Functions,L5,Senior (L5-L6),Bengaluru,Woman,0,0,0,0,0,,
2022-12-01,FY 2022-23,Corporate Functions,L5,Senior (L5-L6),Hyderabad,Man,3,0,0,0,0,,
2022-12-01,FY 2022-23,Corporate Functions,L6,Senior (L5-L6),Bengaluru,Man,2,0,0,0,0,,
2022-12-01,FY 2022-23,Corporate Functions,L6,Senior (L5-L6),Hyderabad,Man,2,0,0,0,0,,
2022-12-01,FY 2022-23,Data and Analytics,L1,Junior (L1-L2),Bengaluru,Man,15,2,1,0,0,,
2022-12-01,FY 2022-23,Data and Analytics,L1,Junior (L1-L2),Bengaluru,Woman,16,0,0,1,0,,
2022-12-01,FY 2022-23,Data and Analytics,L1,Junior (L1-L2),Hyderabad,Man,18,0,0,0,0,,
2022-12-01,FY 2022-23,Data and Analytics,L1,Junior (L1-L2),Hyderabad,Woman,14,0,0,0,0,,
2022-12-01,FY 2022-23,Data and Analytics,L2,Junior (L1-L2),Bengaluru,Man,17,0,0,0,0,,
2022-12-01,FY 2022-23,Data and Analytics,L2,Junior (L1-L2),Bengaluru,Woman,5,0,1,0,0,,
2022-12-01,FY 2022-23,Data and Analytics,L2,Junior (L1-L2),Hyderabad,Man,25,1,0,0,0,,
2022-12-01,FY 2022-23,Data and Analytics,L2,Junior (L1-L2),Hyderabad,Woman,19,0,1,0,0,,
2022-12-01,FY 2022-23,Data and Analytics,L3,Mid (L3-L4),Bengaluru,Man,12,0,0,0,0,,
2022-12-01,FY 2022-23,Data and Analytics,L3,Mid (L3-L4),Bengaluru,Woman,6,1,0,0,0,,
2022-12-01,FY 2022-23,Data and Analytics,L3,Mid (L3-L4),Hyderabad,Man,19,0,0,0,0,,
2022-12-01,FY 2022-23,Data and Analytics,L3,Mid (L3-L4),Hyderabad,Woman,7,0,0,0,0,,
2022-12-01,FY 2022-23,Data and Analytics,L4,Mid (L3-L4),Bengaluru,Man,5,0,0,0,0,,
2022-12-01,FY 2022-23,Data and Analytics,L4,Mid (L3-L4),Bengaluru,Woman,1,0,0,0,0,,
2022-12-01,FY 2022-23,Data and Analytics,L4,Mid (L3-L4),Hyderabad,Man,12,2,0,0,0,,
2022-12-01,FY 2022-23,Data and Analytics,L4,Mid (L3-L4),Hyderabad,Woman,4,0,0,0,0,,
2022-12-01,FY 2022-23,Data and Analytics,L5,Senior (L5-L6),Bengaluru,Man,3,0,0,0,0,,
2022-12-01,FY 2022-23,Data and Analytics,L5,Senior (L5-L6),Bengaluru,Woman,2,0,0,0,0,,
2022-12-01,FY 2022-23,Data and Analytics,L5,Senior (L5-L6),Hyderabad,Man,2,0,0,1,0,,
2022-12-01,FY 2022-23,Data and Analytics,L5,Senior (L5-L6),Hyderabad,Woman,1,0,0,0,0,,
2022-12-01,FY 2022-23,Data and Analytics,L6,Senior (L5-L6),Bengaluru,Man,1,0,0,0,0,,
2022-12-01,FY 2022-23,Data and Analytics,L6,Senior (L5-L6),Hyderabad,Man,3,0,0,0,0,,
2022-12-01,FY 2022-23,Data and Analytics,L6,Senior (L5-L6),Hyderabad,Woman,1,0,0,0,0,,
2022-12-01,FY 2022-23,Delivery,L1,Junior (L1-L2),Bengaluru,Man,52,1,1,0,0,,
2022-12-01,FY 2022-23,Delivery,L1,Junior (L1-L2),Bengaluru,Woman,44,0,0,0,0,,
2022-12-01,FY 2022-23,Delivery,L1,Junior (L1-L2),Hyderabad,Man,95,1,1,0,0,,
2022-12-01,FY 2022-23,Delivery,L1,Junior (L1-L2),Hyderabad,Non-binary,1,0,0,0,0,,
2022-12-01,FY 2022-23,Delivery,L1,Junior (L1-L2),Hyderabad,Woman,62,3,1,0,0,,
2022-12-01,FY 2022-23,Delivery,L2,Junior (L1-L2),Bengaluru,Man,75,1,0,0,0,,
2022-12-01,FY 2022-23,Delivery,L2,Junior (L1-L2),Bengaluru,Non-binary,0,0,0,0,0,,
2022-12-01,FY 2022-23,Delivery,L2,Junior (L1-L2),Bengaluru,Woman,33,1,0,0,0,,
2022-12-01,FY 2022-23,Delivery,L2,Junior (L1-L2),Hyderabad,Man,115,1,3,0,2,,
2022-12-01,FY 2022-23,Delivery,L2,Junior (L1-L2),Hyderabad,Non-binary,1,0,0,0,0,,
2022-12-01,FY 2022-23,Delivery,L2,Junior (L1-L2),Hyderabad,Woman,61,3,1,0,1,,
2022-12-01,FY 2022-23,Delivery,L3,Mid (L3-L4),Bengaluru,Man,43,3,2,0,1,,
2022-12-01,FY 2022-23,Delivery,L3,Mid (L3-L4),Bengaluru,Woman,25,0,2,0,0,,
2022-12-01,FY 2022-23,Delivery,L3,Mid (L3-L4),Hyderabad,Man,82,3,1,0,1,,
2022-12-01,FY 2022-23,Delivery,L3,Mid (L3-L4),Hyderabad,Non-binary,1,0,0,0,0,,
2022-12-01,FY 2022-23,Delivery,L3,Mid (L3-L4),Hyderabad,Woman,30,0,0,0,0,,
2022-12-01,FY 2022-23,Delivery,L4,Mid (L3-L4),Bengaluru,Man,23,0,0,0,0,,
2022-12-01,FY 2022-23,Delivery,L4,Mid (L3-L4),Bengaluru,Woman,8,0,0,0,0,,
2022-12-01,FY 2022-23,Delivery,L4,Mid (L3-L4),Hyderabad,Man,43,2,0,0,0,,
2022-12-01,FY 2022-23,Delivery,L4,Mid (L3-L4),Hyderabad,Woman,10,0,1,0,0,,
2022-12-01,FY 2022-23,Delivery,L5,Senior (L5-L6),Bengaluru,Man,18,0,0,0,0,,
2022-12-01,FY 2022-23,Delivery,L5,Senior (L5-L6),Bengaluru,Woman,7,0,0,0,0,,
2022-12-01,FY 2022-23,Delivery,L5,Senior (L5-L6),Hyderabad,Man,22,1,1,0,0,,
2022-12-01,FY 2022-23,Delivery,L5,Senior (L5-L6),Hyderabad,Woman,4,0,0,0,0,,
2022-12-01,FY 2022-23,Delivery,L6,Senior (L5-L6),Bengaluru,Man,8,0,0,0,0,,
2022-12-01,FY 2022-23,Delivery,L6,Senior (L5-L6),Bengaluru,Woman,1,0,0,0,0,,
2022-12-01,FY 2022-23,Delivery,L6,Senior (L5-L6),Hyderabad,Man,10,0,0,0,0,,
2022-12-01,FY 2022-23,Delivery,L6,Senior (L5-L6),Hyderabad,Woman,1,0,0,0,0,,
2022-12-01,FY 2022-23,Quality Engineering,L1,Junior (L1-L2),Bengaluru,Man,19,0,0,0,0,,
2022-12-01,FY 2022-23,Quality Engineering,L1,Junior (L1-L2),Bengaluru,Woman,22,0,0,0,0,,
2022-12-01,FY 2022-23,Quality Engineering,L1,Junior (L1-L2),Hyderabad,Man,30,0,1,0,0,,
2022-12-01,FY 2022-23,Quality Engineering,L1,Junior (L1-L2),Hyderabad,Non-binary,0,0,0,0,0,,
2022-12-01,FY 2022-23,Quality Engineering,L1,Junior (L1-L2),Hyderabad,Woman,22,0,0,0,0,,
2022-12-01,FY 2022-23,Quality Engineering,L2,Junior (L1-L2),Bengaluru,Man,24,0,0,0,0,,
2022-12-01,FY 2022-23,Quality Engineering,L2,Junior (L1-L2),Bengaluru,Non-binary,0,0,0,0,0,,
2022-12-01,FY 2022-23,Quality Engineering,L2,Junior (L1-L2),Bengaluru,Woman,14,1,1,0,1,,
2022-12-01,FY 2022-23,Quality Engineering,L2,Junior (L1-L2),Hyderabad,Man,38,0,1,0,0,,
2022-12-01,FY 2022-23,Quality Engineering,L2,Junior (L1-L2),Hyderabad,Woman,23,0,0,0,0,,
2022-12-01,FY 2022-23,Quality Engineering,L3,Mid (L3-L4),Bengaluru,Man,18,0,0,0,0,,
2022-12-01,FY 2022-23,Quality Engineering,L3,Mid (L3-L4),Bengaluru,Woman,9,1,0,0,0,,
2022-12-01,FY 2022-23,Quality Engineering,L3,Mid (L3-L4),Hyderabad,Man,17,0,0,0,0,,
2022-12-01,FY 2022-23,Quality Engineering,L3,Mid (L3-L4),Hyderabad,Woman,15,1,0,0,0,,
2022-12-01,FY 2022-23,Quality Engineering,L4,Mid (L3-L4),Bengaluru,Man,9,0,0,0,0,,
2022-12-01,FY 2022-23,Quality Engineering,L4,Mid (L3-L4),Bengaluru,Non-binary,1,0,0,0,0,,
2022-12-01,FY 2022-23,Quality Engineering,L4,Mid (L3-L4),Bengaluru,Woman,3,0,0,0,0,,
2022-12-01,FY 2022-23,Quality Engineering,L4,Mid (L3-L4),Hyderabad,Man,20,0,0,0,0,,
2022-12-01,FY 2022-23,Quality Engineering,L4,Mid (L3-L4),Hyderabad,Woman,6,0,0,0,0,,
2022-12-01,FY 2022-23,Quality Engineering,L5,Senior (L5-L6),Bengaluru,Man,2,0,0,0,0,,
2022-12-01,FY 2022-23,Quality Engineering,L5,Senior (L5-L6),Bengaluru,Woman,0,0,0,0,0,,
2022-12-01,FY 2022-23,Quality Engineering,L5,Senior (L5-L6),Hyderabad,Man,12,0,0,0,0,,
2022-12-01,FY 2022-23,Quality Engineering,L5,Senior (L5-L6),Hyderabad,Woman,1,0,0,0,0,,
2022-12-01,FY 2022-23,Quality Engineering,L6,Senior (L5-L6),Bengaluru,Man,3,0,0,0,0,,
2022-12-01,FY 2022-23,Quality Engineering,L6,Senior (L5-L6),Bengaluru,Woman,2,0,0,0,0,,
2022-12-01,FY 2022-23,Quality Engineering,L6,Senior (L5-L6),Hyderabad,Man,2,0,0,0,0,,
2022-12-01,FY 2022-23,Quality Engineering,L6,Senior (L5-L6),Hyderabad,Woman,1,0,0,0,0,,
2022-12-01,FY 2022-23,Sales and Presales,L1,Junior (L1-L2),Bengaluru,Man,11,0,1,0,0,,
2022-12-01,FY 2022-23,Sales and Presales,L1,Junior (L1-L2),Bengaluru,Non-binary,0,0,0,0,0,,
2022-12-01,FY 2022-23,Sales and Presales,L1,Junior (L1-L2),Bengaluru,Woman,3,0,1,0,0,,
2022-12-01,FY 2022-23,Sales and Presales,L1,Junior (L1-L2),Hyderabad,Man,11,0,0,0,0,,
2022-12-01,FY 2022-23,Sales and Presales,L1,Junior (L1-L2),Hyderabad,Woman,14,0,2,0,1,,
2022-12-01,FY 2022-23,Sales and Presales,L2,Junior (L1-L2),Bengaluru,Man,8,0,0,0,0,,
2022-12-01,FY 2022-23,Sales and Presales,L2,Junior (L1-L2),Bengaluru,Non-binary,0,0,0,0,0,,
2022-12-01,FY 2022-23,Sales and Presales,L2,Junior (L1-L2),Bengaluru,Woman,3,0,0,0,0,,
2022-12-01,FY 2022-23,Sales and Presales,L2,Junior (L1-L2),Hyderabad,Man,12,0,0,0,0,,
2022-12-01,FY 2022-23,Sales and Presales,L2,Junior (L1-L2),Hyderabad,Woman,8,0,0,0,0,,
2022-12-01,FY 2022-23,Sales and Presales,L3,Mid (L3-L4),Bengaluru,Man,7,0,1,0,0,,
2022-12-01,FY 2022-23,Sales and Presales,L3,Mid (L3-L4),Bengaluru,Woman,5,1,0,0,0,,
2022-12-01,FY 2022-23,Sales and Presales,L3,Mid (L3-L4),Hyderabad,Man,11,0,0,0,0,,
2022-12-01,FY 2022-23,Sales and Presales,L3,Mid (L3-L4),Hyderabad,Woman,5,1,0,0,0,,
2022-12-01,FY 2022-23,Sales and Presales,L4,Mid (L3-L4),Bengaluru,Man,3,1,1,0,1,,
2022-12-01,FY 2022-23,Sales and Presales,L4,Mid (L3-L4),Bengaluru,Woman,0,0,0,0,0,,
2022-12-01,FY 2022-23,Sales and Presales,L4,Mid (L3-L4),Hyderabad,Man,9,0,0,0,0,,
2022-12-01,FY 2022-23,Sales and Presales,L4,Mid (L3-L4),Hyderabad,Woman,0,0,0,0,0,,
2022-12-01,FY 2022-23,Sales and Presales,L5,Senior (L5-L6),Bengaluru,Man,1,0,0,0,0,,
2022-12-01,FY 2022-23,Sales and Presales,L5,Senior (L5-L6),Hyderabad,Man,4,2,0,0,0,,
2022-12-01,FY 2022-23,Sales and Presales,L5,Senior (L5-L6),Hyderabad,Woman,1,0,0,0,0,,
2022-12-01,FY 2022-23,Sales and Presales,L6,Senior (L5-L6),Bengaluru,Man,1,0,0,0,0,,
2022-12-01,FY 2022-23,Sales and Presales,L6,Senior (L5-L6),Hyderabad,Man,1,0,0,0,0,,
2023-01-01,FY 2022-23,Cloud and Infrastructure,L1,Junior (L1-L2),Bengaluru,Man,18,0,0,0,0,,
2023-01-01,FY 2022-23,Cloud and Infrastructure,L1,Junior (L1-L2),Bengaluru,Woman,16,1,0,0,0,,
2023-01-01,FY 2022-23,Cloud and Infrastructure,L1,Junior (L1-L2),Hyderabad,Man,27,1,0,0,0,,
2023-01-01,FY 2022-23,Cloud and Infrastructure,L1,Junior (L1-L2),Hyderabad,Woman,20,0,1,0,0,,
2023-01-01,FY 2022-23,Cloud and Infrastructure,L2,Junior (L1-L2),Bengaluru,Man,18,0,0,0,0,,
2023-01-01,FY 2022-23,Cloud and Infrastructure,L2,Junior (L1-L2),Bengaluru,Woman,13,0,0,0,0,,
2023-01-01,FY 2022-23,Cloud and Infrastructure,L2,Junior (L1-L2),Hyderabad,Man,28,0,0,0,0,,
2023-01-01,FY 2022-23,Cloud and Infrastructure,L2,Junior (L1-L2),Hyderabad,Woman,23,0,1,0,0,,
2023-01-01,FY 2022-23,Cloud and Infrastructure,L3,Mid (L3-L4),Bengaluru,Man,14,1,0,0,0,,
2023-01-01,FY 2022-23,Cloud and Infrastructure,L3,Mid (L3-L4),Bengaluru,Woman,3,0,2,0,1,,
2023-01-01,FY 2022-23,Cloud and Infrastructure,L3,Mid (L3-L4),Hyderabad,Man,16,1,1,0,0,,
2023-01-01,FY 2022-23,Cloud and Infrastructure,L3,Mid (L3-L4),Hyderabad,Non-binary,0,0,0,0,0,,
2023-01-01,FY 2022-23,Cloud and Infrastructure,L3,Mid (L3-L4),Hyderabad,Woman,9,0,1,0,0,,
2023-01-01,FY 2022-23,Cloud and Infrastructure,L4,Mid (L3-L4),Bengaluru,Man,9,0,0,0,0,,
2023-01-01,FY 2022-23,Cloud and Infrastructure,L4,Mid (L3-L4),Bengaluru,Woman,2,0,0,0,0,,
2023-01-01,FY 2022-23,Cloud and Infrastructure,L4,Mid (L3-L4),Hyderabad,Man,7,0,0,0,0,,
2023-01-01,FY 2022-23,Cloud and Infrastructure,L4,Mid (L3-L4),Hyderabad,Woman,3,0,0,0,0,,
2023-01-01,FY 2022-23,Cloud and Infrastructure,L5,Senior (L5-L6),Bengaluru,Man,1,0,0,0,0,,
2023-01-01,FY 2022-23,Cloud and Infrastructure,L5,Senior (L5-L6),Bengaluru,Woman,1,0,0,0,0,,
2023-01-01,FY 2022-23,Cloud and Infrastructure,L5,Senior (L5-L6),Hyderabad,Man,6,0,0,0,0,,
2023-01-01,FY 2022-23,Cloud and Infrastructure,L5,Senior (L5-L6),Hyderabad,Woman,1,0,0,0,0,,
2023-01-01,FY 2022-23,Cloud and Infrastructure,L6,Senior (L5-L6),Bengaluru,Man,0,0,0,0,0,,
2023-01-01,FY 2022-23,Cloud and Infrastructure,L6,Senior (L5-L6),Bengaluru,Woman,1,0,0,0,0,,
2023-01-01,FY 2022-23,Cloud and Infrastructure,L6,Senior (L5-L6),Hyderabad,Man,2,0,0,0,0,,
2023-01-01,FY 2022-23,Consulting,L1,Junior (L1-L2),Bengaluru,Man,4,0,0,0,0,,
2023-01-01,FY 2022-23,Consulting,L1,Junior (L1-L2),Bengaluru,Woman,5,0,0,0,0,,
2023-01-01,FY 2022-23,Consulting,L1,Junior (L1-L2),Hyderabad,Man,10,0,0,0,0,,
2023-01-01,FY 2022-23,Consulting,L1,Junior (L1-L2),Hyderabad,Woman,7,0,0,0,0,,
2023-01-01,FY 2022-23,Consulting,L2,Junior (L1-L2),Bengaluru,Man,7,0,0,0,0,,
2023-01-01,FY 2022-23,Consulting,L2,Junior (L1-L2),Bengaluru,Woman,3,0,0,0,0,,
2023-01-01,FY 2022-23,Consulting,L2,Junior (L1-L2),Hyderabad,Man,5,0,0,0,0,,
2023-01-01,FY 2022-23,Consulting,L2,Junior (L1-L2),Hyderabad,Woman,7,0,0,0,0,,
2023-01-01,FY 2022-23,Consulting,L3,Mid (L3-L4),Bengaluru,Man,4,1,0,0,0,,
2023-01-01,FY 2022-23,Consulting,L3,Mid (L3-L4),Bengaluru,Woman,2,0,0,0,0,,
2023-01-01,FY 2022-23,Consulting,L3,Mid (L3-L4),Hyderabad,Man,4,0,0,0,0,,
2023-01-01,FY 2022-23,Consulting,L3,Mid (L3-L4),Hyderabad,Woman,6,0,0,0,0,,
2023-01-01,FY 2022-23,Consulting,L4,Mid (L3-L4),Bengaluru,Man,5,0,0,0,0,,
2023-01-01,FY 2022-23,Consulting,L4,Mid (L3-L4),Bengaluru,Woman,2,0,0,0,0,,
2023-01-01,FY 2022-23,Consulting,L4,Mid (L3-L4),Hyderabad,Man,1,0,0,0,0,,
2023-01-01,FY 2022-23,Consulting,L4,Mid (L3-L4),Hyderabad,Woman,3,0,0,0,0,,
2023-01-01,FY 2022-23,Consulting,L5,Senior (L5-L6),Bengaluru,Man,2,0,0,0,0,,
2023-01-01,FY 2022-23,Consulting,L5,Senior (L5-L6),Bengaluru,Woman,0,0,0,0,0,,
2023-01-01,FY 2022-23,Consulting,L5,Senior (L5-L6),Hyderabad,Man,3,0,0,0,0,,
2023-01-01,FY 2022-23,Consulting,L5,Senior (L5-L6),Hyderabad,Woman,0,0,0,0,0,,
2023-01-01,FY 2022-23,Consulting,L6,Senior (L5-L6),Bengaluru,Man,0,0,0,0,0,,
2023-01-01,FY 2022-23,Consulting,L6,Senior (L5-L6),Hyderabad,Man,2,0,0,0,0,,
2023-01-01,FY 2022-23,Consulting,L6,Senior (L5-L6),Hyderabad,Woman,2,0,0,0,0,,
2023-01-01,FY 2022-23,Corporate Functions,L1,Junior (L1-L2),Bengaluru,Man,7,0,0,0,0,,
2023-01-01,FY 2022-23,Corporate Functions,L1,Junior (L1-L2),Bengaluru,Woman,4,0,1,0,0,,
2023-01-01,FY 2022-23,Corporate Functions,L1,Junior (L1-L2),Hyderabad,Man,15,0,0,0,0,,
2023-01-01,FY 2022-23,Corporate Functions,L1,Junior (L1-L2),Hyderabad,Woman,9,0,0,0,0,,
2023-01-01,FY 2022-23,Corporate Functions,L2,Junior (L1-L2),Bengaluru,Man,11,0,0,0,0,,
2023-01-01,FY 2022-23,Corporate Functions,L2,Junior (L1-L2),Bengaluru,Woman,3,0,0,0,0,,
2023-01-01,FY 2022-23,Corporate Functions,L2,Junior (L1-L2),Hyderabad,Man,16,0,0,0,0,,
2023-01-01,FY 2022-23,Corporate Functions,L2,Junior (L1-L2),Hyderabad,Woman,10,0,0,0,0,,
2023-01-01,FY 2022-23,Corporate Functions,L3,Mid (L3-L4),Bengaluru,Man,11,0,0,0,0,,
2023-01-01,FY 2022-23,Corporate Functions,L3,Mid (L3-L4),Bengaluru,Woman,6,0,0,0,0,,
2023-01-01,FY 2022-23,Corporate Functions,L3,Mid (L3-L4),Hyderabad,Man,11,0,0,0,0,,
2023-01-01,FY 2022-23,Corporate Functions,L3,Mid (L3-L4),Hyderabad,Woman,6,0,0,0,0,,
2023-01-01,FY 2022-23,Corporate Functions,L4,Mid (L3-L4),Bengaluru,Man,6,0,1,0,1,,
2023-01-01,FY 2022-23,Corporate Functions,L4,Mid (L3-L4),Bengaluru,Woman,0,0,0,0,0,,
2023-01-01,FY 2022-23,Corporate Functions,L4,Mid (L3-L4),Hyderabad,Man,10,0,0,0,0,,
2023-01-01,FY 2022-23,Corporate Functions,L4,Mid (L3-L4),Hyderabad,Woman,2,0,0,0,0,,
2023-01-01,FY 2022-23,Corporate Functions,L5,Senior (L5-L6),Bengaluru,Man,1,0,0,0,0,,
2023-01-01,FY 2022-23,Corporate Functions,L5,Senior (L5-L6),Bengaluru,Woman,0,0,0,0,0,,
2023-01-01,FY 2022-23,Corporate Functions,L5,Senior (L5-L6),Hyderabad,Man,3,0,0,0,0,,
2023-01-01,FY 2022-23,Corporate Functions,L6,Senior (L5-L6),Bengaluru,Man,2,0,0,0,0,,
2023-01-01,FY 2022-23,Corporate Functions,L6,Senior (L5-L6),Hyderabad,Man,2,0,0,0,0,,
2023-01-01,FY 2022-23,Data and Analytics,L1,Junior (L1-L2),Bengaluru,Man,15,0,0,0,0,,
2023-01-01,FY 2022-23,Data and Analytics,L1,Junior (L1-L2),Bengaluru,Woman,16,0,0,0,0,,
2023-01-01,FY 2022-23,Data and Analytics,L1,Junior (L1-L2),Hyderabad,Man,18,0,0,0,0,,
2023-01-01,FY 2022-23,Data and Analytics,L1,Junior (L1-L2),Hyderabad,Woman,14,0,0,0,0,,
2023-01-01,FY 2022-23,Data and Analytics,L2,Junior (L1-L2),Bengaluru,Man,18,2,1,0,0,,
2023-01-01,FY 2022-23,Data and Analytics,L2,Junior (L1-L2),Bengaluru,Woman,6,1,0,0,0,,
2023-01-01,FY 2022-23,Data and Analytics,L2,Junior (L1-L2),Hyderabad,Man,26,1,0,0,0,,
2023-01-01,FY 2022-23,Data and Analytics,L2,Junior (L1-L2),Hyderabad,Woman,18,0,1,0,1,,
2023-01-01,FY 2022-23,Data and Analytics,L3,Mid (L3-L4),Bengaluru,Man,12,0,0,0,0,,
2023-01-01,FY 2022-23,Data and Analytics,L3,Mid (L3-L4),Bengaluru,Woman,6,0,0,0,0,,
2023-01-01,FY 2022-23,Data and Analytics,L3,Mid (L3-L4),Hyderabad,Man,18,0,1,0,0,,
2023-01-01,FY 2022-23,Data and Analytics,L3,Mid (L3-L4),Hyderabad,Woman,7,0,0,0,0,,
2023-01-01,FY 2022-23,Data and Analytics,L4,Mid (L3-L4),Bengaluru,Man,5,0,0,0,0,,
2023-01-01,FY 2022-23,Data and Analytics,L4,Mid (L3-L4),Bengaluru,Woman,1,0,0,0,0,,
2023-01-01,FY 2022-23,Data and Analytics,L4,Mid (L3-L4),Hyderabad,Man,12,1,1,0,0,,
2023-01-01,FY 2022-23,Data and Analytics,L4,Mid (L3-L4),Hyderabad,Woman,4,0,0,0,0,,
2023-01-01,FY 2022-23,Data and Analytics,L5,Senior (L5-L6),Bengaluru,Man,3,0,0,0,0,,
2023-01-01,FY 2022-23,Data and Analytics,L5,Senior (L5-L6),Bengaluru,Woman,2,0,0,0,0,,
2023-01-01,FY 2022-23,Data and Analytics,L5,Senior (L5-L6),Hyderabad,Man,2,0,0,0,0,,
2023-01-01,FY 2022-23,Data and Analytics,L5,Senior (L5-L6),Hyderabad,Woman,1,0,0,0,0,,
2023-01-01,FY 2022-23,Data and Analytics,L6,Senior (L5-L6),Bengaluru,Man,1,0,0,0,0,,
2023-01-01,FY 2022-23,Data and Analytics,L6,Senior (L5-L6),Hyderabad,Man,3,0,0,0,0,,
2023-01-01,FY 2022-23,Data and Analytics,L6,Senior (L5-L6),Hyderabad,Woman,1,0,0,0,0,,
2023-01-01,FY 2022-23,Delivery,L1,Junior (L1-L2),Bengaluru,Man,53,1,0,0,0,,
2023-01-01,FY 2022-23,Delivery,L1,Junior (L1-L2),Bengaluru,Woman,45,1,0,0,0,,
2023-01-01,FY 2022-23,Delivery,L1,Junior (L1-L2),Hyderabad,Man,97,2,0,0,0,,
2023-01-01,FY 2022-23,Delivery,L1,Junior (L1-L2),Hyderabad,Non-binary,1,0,0,0,0,,
2023-01-01,FY 2022-23,Delivery,L1,Junior (L1-L2),Hyderabad,Woman,63,2,1,0,0,,
2023-01-01,FY 2022-23,Delivery,L2,Junior (L1-L2),Bengaluru,Man,74,1,2,0,0,,
2023-01-01,FY 2022-23,Delivery,L2,Junior (L1-L2),Bengaluru,Non-binary,0,0,0,0,0,,
2023-01-01,FY 2022-23,Delivery,L2,Junior (L1-L2),Bengaluru,Woman,35,2,0,0,0,,
2023-01-01,FY 2022-23,Delivery,L2,Junior (L1-L2),Hyderabad,Man,113,0,2,0,1,,
2023-01-01,FY 2022-23,Delivery,L2,Junior (L1-L2),Hyderabad,Non-binary,1,0,0,0,0,,
2023-01-01,FY 2022-23,Delivery,L2,Junior (L1-L2),Hyderabad,Woman,62,2,0,1,0,,
2023-01-01,FY 2022-23,Delivery,L3,Mid (L3-L4),Bengaluru,Man,44,2,1,0,0,,
2023-01-01,FY 2022-23,Delivery,L3,Mid (L3-L4),Bengaluru,Woman,27,2,0,0,0,,
2023-01-01,FY 2022-23,Delivery,L3,Mid (L3-L4),Hyderabad,Man,81,1,2,0,0,,
2023-01-01,FY 2022-23,Delivery,L3,Mid (L3-L4),Hyderabad,Non-binary,1,0,0,0,0,,
2023-01-01,FY 2022-23,Delivery,L3,Mid (L3-L4),Hyderabad,Woman,30,2,2,0,0,,
2023-01-01,FY 2022-23,Delivery,L4,Mid (L3-L4),Bengaluru,Man,24,1,0,0,0,,
2023-01-01,FY 2022-23,Delivery,L4,Mid (L3-L4),Bengaluru,Woman,9,1,0,0,0,,
2023-01-01,FY 2022-23,Delivery,L4,Mid (L3-L4),Hyderabad,Man,43,0,0,0,0,,
2023-01-01,FY 2022-23,Delivery,L4,Mid (L3-L4),Hyderabad,Woman,10,1,1,0,1,,
2023-01-01,FY 2022-23,Delivery,L5,Senior (L5-L6),Bengaluru,Man,19,1,0,0,0,,
2023-01-01,FY 2022-23,Delivery,L5,Senior (L5-L6),Bengaluru,Woman,7,0,0,0,0,,
2023-01-01,FY 2022-23,Delivery,L5,Senior (L5-L6),Hyderabad,Man,22,0,0,0,0,,
2023-01-01,FY 2022-23,Delivery,L5,Senior (L5-L6),Hyderabad,Woman,4,0,0,0,0,,
2023-01-01,FY 2022-23,Delivery,L6,Senior (L5-L6),Bengaluru,Man,7,0,1,0,0,,
2023-01-01,FY 2022-23,Delivery,L6,Senior (L5-L6),Bengaluru,Woman,1,0,0,0,0,,
2023-01-01,FY 2022-23,Delivery,L6,Senior (L5-L6),Hyderabad,Man,10,0,0,0,0,,
2023-01-01,FY 2022-23,Delivery,L6,Senior (L5-L6),Hyderabad,Woman,1,0,0,0,0,,
2023-01-01,FY 2022-23,Quality Engineering,L1,Junior (L1-L2),Bengaluru,Man,17,0,2,0,0,,
2023-01-01,FY 2022-23,Quality Engineering,L1,Junior (L1-L2),Bengaluru,Woman,22,0,0,0,0,,
2023-01-01,FY 2022-23,Quality Engineering,L1,Junior (L1-L2),Hyderabad,Man,29,0,1,0,0,,
2023-01-01,FY 2022-23,Quality Engineering,L1,Junior (L1-L2),Hyderabad,Non-binary,0,0,0,0,0,,
2023-01-01,FY 2022-23,Quality Engineering,L1,Junior (L1-L2),Hyderabad,Woman,23,2,1,0,0,,
2023-01-01,FY 2022-23,Quality Engineering,L2,Junior (L1-L2),Bengaluru,Man,23,1,2,0,0,,
2023-01-01,FY 2022-23,Quality Engineering,L2,Junior (L1-L2),Bengaluru,Non-binary,0,0,0,0,0,,
2023-01-01,FY 2022-23,Quality Engineering,L2,Junior (L1-L2),Bengaluru,Woman,12,0,2,0,0,,
2023-01-01,FY 2022-23,Quality Engineering,L2,Junior (L1-L2),Hyderabad,Man,37,1,2,0,1,,
2023-01-01,FY 2022-23,Quality Engineering,L2,Junior (L1-L2),Hyderabad,Woman,23,0,0,0,0,,
2023-01-01,FY 2022-23,Quality Engineering,L3,Mid (L3-L4),Bengaluru,Man,18,1,1,0,0,,
2023-01-01,FY 2022-23,Quality Engineering,L3,Mid (L3-L4),Bengaluru,Woman,9,0,0,0,0,,
2023-01-01,FY 2022-23,Quality Engineering,L3,Mid (L3-L4),Hyderabad,Man,20,3,0,0,0,,
2023-01-01,FY 2022-23,Quality Engineering,L3,Mid (L3-L4),Hyderabad,Woman,13,0,2,0,2,,
2023-01-01,FY 2022-23,Quality Engineering,L4,Mid (L3-L4),Bengaluru,Man,9,0,0,0,0,,
2023-01-01,FY 2022-23,Quality Engineering,L4,Mid (L3-L4),Bengaluru,Non-binary,1,0,0,0,0,,
2023-01-01,FY 2022-23,Quality Engineering,L4,Mid (L3-L4),Bengaluru,Woman,3,0,0,0,0,,
2023-01-01,FY 2022-23,Quality Engineering,L4,Mid (L3-L4),Hyderabad,Man,20,0,0,0,0,,
2023-01-01,FY 2022-23,Quality Engineering,L4,Mid (L3-L4),Hyderabad,Woman,6,0,0,0,0,,
2023-01-01,FY 2022-23,Quality Engineering,L5,Senior (L5-L6),Bengaluru,Man,2,0,0,0,0,,
2023-01-01,FY 2022-23,Quality Engineering,L5,Senior (L5-L6),Bengaluru,Woman,0,0,0,0,0,,
2023-01-01,FY 2022-23,Quality Engineering,L5,Senior (L5-L6),Hyderabad,Man,12,0,0,0,0,,
2023-01-01,FY 2022-23,Quality Engineering,L5,Senior (L5-L6),Hyderabad,Woman,1,0,0,0,0,,
2023-01-01,FY 2022-23,Quality Engineering,L6,Senior (L5-L6),Bengaluru,Man,3,0,0,0,0,,
2023-01-01,FY 2022-23,Quality Engineering,L6,Senior (L5-L6),Bengaluru,Woman,2,0,0,0,0,,
2023-01-01,FY 2022-23,Quality Engineering,L6,Senior (L5-L6),Hyderabad,Man,2,0,0,0,0,,
2023-01-01,FY 2022-23,Quality Engineering,L6,Senior (L5-L6),Hyderabad,Woman,1,0,0,0,0,,
2023-01-01,FY 2022-23,Sales and Presales,L1,Junior (L1-L2),Bengaluru,Man,11,0,0,0,0,,
2023-01-01,FY 2022-23,Sales and Presales,L1,Junior (L1-L2),Bengaluru,Non-binary,0,0,0,0,0,,
2023-01-01,FY 2022-23,Sales and Presales,L1,Junior (L1-L2),Bengaluru,Woman,3,0,0,0,0,,
2023-01-01,FY 2022-23,Sales and Presales,L1,Junior (L1-L2),Hyderabad,Man,12,1,0,0,0,,
2023-01-01,FY 2022-23,Sales and Presales,L1,Junior (L1-L2),Hyderabad,Woman,14,0,0,0,0,,
2023-01-01,FY 2022-23,Sales and Presales,L2,Junior (L1-L2),Bengaluru,Man,7,0,1,0,0,,
2023-01-01,FY 2022-23,Sales and Presales,L2,Junior (L1-L2),Bengaluru,Non-binary,0,0,0,0,0,,
2023-01-01,FY 2022-23,Sales and Presales,L2,Junior (L1-L2),Bengaluru,Woman,3,0,0,0,0,,
2023-01-01,FY 2022-23,Sales and Presales,L2,Junior (L1-L2),Hyderabad,Man,13,1,0,0,0,,
2023-01-01,FY 2022-23,Sales and Presales,L2,Junior (L1-L2),Hyderabad,Woman,8,0,0,0,0,,
2023-01-01,FY 2022-23,Sales and Presales,L3,Mid (L3-L4),Bengaluru,Man,8,1,0,0,0,,
2023-01-01,FY 2022-23,Sales and Presales,L3,Mid (L3-L4),Bengaluru,Woman,5,0,0,0,0,,
2023-01-01,FY 2022-23,Sales and Presales,L3,Mid (L3-L4),Hyderabad,Man,11,0,0,0,0,,
2023-01-01,FY 2022-23,Sales and Presales,L3,Mid (L3-L4),Hyderabad,Woman,5,0,0,0,0,,
2023-01-01,FY 2022-23,Sales and Presales,L4,Mid (L3-L4),Bengaluru,Man,3,0,0,0,0,,
2023-01-01,FY 2022-23,Sales and Presales,L4,Mid (L3-L4),Bengaluru,Woman,0,0,0,0,0,,
2023-01-01,FY 2022-23,Sales and Presales,L4,Mid (L3-L4),Hyderabad,Man,9,0,0,0,0,,
2023-01-01,FY 2022-23,Sales and Presales,L4,Mid (L3-L4),Hyderabad,Woman,0,0,0,0,0,,
2023-01-01,FY 2022-23,Sales and Presales,L5,Senior (L5-L6),Bengaluru,Man,1,0,0,0,0,,
2023-01-01,FY 2022-23,Sales and Presales,L5,Senior (L5-L6),Hyderabad,Man,4,0,0,0,0,,
2023-01-01,FY 2022-23,Sales and Presales,L5,Senior (L5-L6),Hyderabad,Woman,1,0,0,0,0,,
2023-01-01,FY 2022-23,Sales and Presales,L6,Senior (L5-L6),Bengaluru,Man,1,0,0,0,0,,
2023-01-01,FY 2022-23,Sales and Presales,L6,Senior (L5-L6),Hyderabad,Man,1,0,0,0,0,,
2023-02-01,FY 2022-23,Cloud and Infrastructure,L1,Junior (L1-L2),Bengaluru,Man,19,1,0,0,0,,
2023-02-01,FY 2022-23,Cloud and Infrastructure,L1,Junior (L1-L2),Bengaluru,Woman,17,1,0,0,0,,
2023-02-01,FY 2022-23,Cloud and Infrastructure,L1,Junior (L1-L2),Hyderabad,Man,27,0,0,0,0,,
2023-02-01,FY 2022-23,Cloud and Infrastructure,L1,Junior (L1-L2),Hyderabad,Woman,19,0,1,0,0,,
2023-02-01,FY 2022-23,Cloud and Infrastructure,L2,Junior (L1-L2),Bengaluru,Man,19,1,0,0,0,,
2023-02-01,FY 2022-23,Cloud and Infrastructure,L2,Junior (L1-L2),Bengaluru,Woman,14,1,0,0,0,,
2023-02-01,FY 2022-23,Cloud and Infrastructure,L2,Junior (L1-L2),Hyderabad,Man,28,0,0,0,0,,
2023-02-01,FY 2022-23,Cloud and Infrastructure,L2,Junior (L1-L2),Hyderabad,Woman,22,0,1,0,0,,
2023-02-01,FY 2022-23,Cloud and Infrastructure,L3,Mid (L3-L4),Bengaluru,Man,13,0,1,0,1,,
2023-02-01,FY 2022-23,Cloud and Infrastructure,L3,Mid (L3-L4),Bengaluru,Woman,2,0,1,0,0,,
2023-02-01,FY 2022-23,Cloud and Infrastructure,L3,Mid (L3-L4),Hyderabad,Man,16,0,0,0,0,,
2023-02-01,FY 2022-23,Cloud and Infrastructure,L3,Mid (L3-L4),Hyderabad,Non-binary,0,0,0,0,0,,
2023-02-01,FY 2022-23,Cloud and Infrastructure,L3,Mid (L3-L4),Hyderabad,Woman,9,0,0,0,0,,
2023-02-01,FY 2022-23,Cloud and Infrastructure,L4,Mid (L3-L4),Bengaluru,Man,9,1,1,0,1,,
2023-02-01,FY 2022-23,Cloud and Infrastructure,L4,Mid (L3-L4),Bengaluru,Woman,2,0,0,0,0,,
2023-02-01,FY 2022-23,Cloud and Infrastructure,L4,Mid (L3-L4),Hyderabad,Man,6,0,1,0,0,,
2023-02-01,FY 2022-23,Cloud and Infrastructure,L4,Mid (L3-L4),Hyderabad,Woman,3,0,0,0,0,,
2023-02-01,FY 2022-23,Cloud and Infrastructure,L5,Senior (L5-L6),Bengaluru,Man,1,0,0,0,0,,
2023-02-01,FY 2022-23,Cloud and Infrastructure,L5,Senior (L5-L6),Bengaluru,Woman,1,0,0,0,0,,
2023-02-01,FY 2022-23,Cloud and Infrastructure,L5,Senior (L5-L6),Hyderabad,Man,6,0,0,0,0,,
2023-02-01,FY 2022-23,Cloud and Infrastructure,L5,Senior (L5-L6),Hyderabad,Woman,1,0,0,0,0,,
2023-02-01,FY 2022-23,Cloud and Infrastructure,L6,Senior (L5-L6),Bengaluru,Man,0,0,0,0,0,,
2023-02-01,FY 2022-23,Cloud and Infrastructure,L6,Senior (L5-L6),Bengaluru,Woman,1,0,0,0,0,,
2023-02-01,FY 2022-23,Cloud and Infrastructure,L6,Senior (L5-L6),Hyderabad,Man,2,0,0,0,0,,
2023-02-01,FY 2022-23,Consulting,L1,Junior (L1-L2),Bengaluru,Man,4,0,0,0,0,,
2023-02-01,FY 2022-23,Consulting,L1,Junior (L1-L2),Bengaluru,Woman,5,0,0,0,0,,
2023-02-01,FY 2022-23,Consulting,L1,Junior (L1-L2),Hyderabad,Man,10,0,0,0,0,,
2023-02-01,FY 2022-23,Consulting,L1,Junior (L1-L2),Hyderabad,Woman,8,1,0,0,0,,
2023-02-01,FY 2022-23,Consulting,L2,Junior (L1-L2),Bengaluru,Man,7,0,0,0,0,,
2023-02-01,FY 2022-23,Consulting,L2,Junior (L1-L2),Bengaluru,Woman,3,0,0,0,0,,
2023-02-01,FY 2022-23,Consulting,L2,Junior (L1-L2),Hyderabad,Man,6,1,0,0,0,,
2023-02-01,FY 2022-23,Consulting,L2,Junior (L1-L2),Hyderabad,Woman,7,0,0,0,0,,
2023-02-01,FY 2022-23,Consulting,L3,Mid (L3-L4),Bengaluru,Man,4,0,0,0,0,,
2023-02-01,FY 2022-23,Consulting,L3,Mid (L3-L4),Bengaluru,Woman,2,0,0,0,0,,
2023-02-01,FY 2022-23,Consulting,L3,Mid (L3-L4),Hyderabad,Man,4,0,0,0,0,,
2023-02-01,FY 2022-23,Consulting,L3,Mid (L3-L4),Hyderabad,Woman,6,0,0,0,0,,
2023-02-01,FY 2022-23,Consulting,L4,Mid (L3-L4),Bengaluru,Man,5,0,0,0,0,,
2023-02-01,FY 2022-23,Consulting,L4,Mid (L3-L4),Bengaluru,Woman,2,0,0,0,0,,
2023-02-01,FY 2022-23,Consulting,L4,Mid (L3-L4),Hyderabad,Man,1,0,0,0,0,,
2023-02-01,FY 2022-23,Consulting,L4,Mid (L3-L4),Hyderabad,Woman,3,0,0,0,0,,
2023-02-01,FY 2022-23,Consulting,L5,Senior (L5-L6),Bengaluru,Man,2,0,0,0,0,,
2023-02-01,FY 2022-23,Consulting,L5,Senior (L5-L6),Bengaluru,Woman,0,0,0,0,0,,
2023-02-01,FY 2022-23,Consulting,L5,Senior (L5-L6),Hyderabad,Man,3,0,0,0,0,,
2023-02-01,FY 2022-23,Consulting,L5,Senior (L5-L6),Hyderabad,Woman,0,0,0,0,0,,
2023-02-01,FY 2022-23,Consulting,L6,Senior (L5-L6),Bengaluru,Man,0,0,0,0,0,,
2023-02-01,FY 2022-23,Consulting,L6,Senior (L5-L6),Hyderabad,Man,2,0,0,0,0,,
2023-02-01,FY 2022-23,Consulting,L6,Senior (L5-L6),Hyderabad,Woman,2,0,0,0,0,,
2023-02-01,FY 2022-23,Corporate Functions,L1,Junior (L1-L2),Bengaluru,Man,7,0,0,0,0,,
2023-02-01,FY 2022-23,Corporate Functions,L1,Junior (L1-L2),Bengaluru,Woman,4,0,0,0,0,,
2023-02-01,FY 2022-23,Corporate Functions,L1,Junior (L1-L2),Hyderabad,Man,16,1,0,0,0,,
2023-02-01,FY 2022-23,Corporate Functions,L1,Junior (L1-L2),Hyderabad,Woman,10,1,0,0,0,,
2023-02-01,FY 2022-23,Corporate Functions,L2,Junior (L1-L2),Bengaluru,Man,11,0,0,0,0,,
2023-02-01,FY 2022-23,Corporate Functions,L2,Junior (L1-L2),Bengaluru,Woman,3,0,0,0,0,,
2023-02-01,FY 2022-23,Corporate Functions,L2,Junior (L1-L2),Hyderabad,Man,17,1,0,0,0,,
2023-02-01,FY 2022-23,Corporate Functions,L2,Junior (L1-L2),Hyderabad,Woman,10,0,0,0,0,,
2023-02-01,FY 2022-23,Corporate Functions,L3,Mid (L3-L4),Bengaluru,Man,11,0,0,0,0,,
2023-02-01,FY 2022-23,Corporate Functions,L3,Mid (L3-L4),Bengaluru,Woman,6,0,0,0,0,,
2023-02-01,FY 2022-23,Corporate Functions,L3,Mid (L3-L4),Hyderabad,Man,11,0,0,0,0,,
2023-02-01,FY 2022-23,Corporate Functions,L3,Mid (L3-L4),Hyderabad,Woman,6,0,0,0,0,,
2023-02-01,FY 2022-23,Corporate Functions,L4,Mid (L3-L4),Bengaluru,Man,4,0,2,0,0,,
2023-02-01,FY 2022-23,Corporate Functions,L4,Mid (L3-L4),Bengaluru,Woman,0,0,0,0,0,,
2023-02-01,FY 2022-23,Corporate Functions,L4,Mid (L3-L4),Hyderabad,Man,10,0,0,0,0,,
2023-02-01,FY 2022-23,Corporate Functions,L4,Mid (L3-L4),Hyderabad,Woman,2,0,0,0,0,,
2023-02-01,FY 2022-23,Corporate Functions,L5,Senior (L5-L6),Bengaluru,Man,1,0,0,0,0,,
2023-02-01,FY 2022-23,Corporate Functions,L5,Senior (L5-L6),Bengaluru,Woman,0,0,0,0,0,,
2023-02-01,FY 2022-23,Corporate Functions,L5,Senior (L5-L6),Hyderabad,Man,2,0,0,1,0,,
2023-02-01,FY 2022-23,Corporate Functions,L6,Senior (L5-L6),Bengaluru,Man,2,0,0,0,0,,
2023-02-01,FY 2022-23,Corporate Functions,L6,Senior (L5-L6),Hyderabad,Man,2,0,0,0,0,,
2023-02-01,FY 2022-23,Data and Analytics,L1,Junior (L1-L2),Bengaluru,Man,15,0,0,0,0,,
2023-02-01,FY 2022-23,Data and Analytics,L1,Junior (L1-L2),Bengaluru,Woman,16,0,0,0,0,,
2023-02-01,FY 2022-23,Data and Analytics,L1,Junior (L1-L2),Hyderabad,Man,19,1,0,0,0,,
2023-02-01,FY 2022-23,Data and Analytics,L1,Junior (L1-L2),Hyderabad,Woman,14,0,0,0,0,,
2023-02-01,FY 2022-23,Data and Analytics,L2,Junior (L1-L2),Bengaluru,Man,18,0,0,0,0,,
2023-02-01,FY 2022-23,Data and Analytics,L2,Junior (L1-L2),Bengaluru,Woman,7,1,0,0,0,,
2023-02-01,FY 2022-23,Data and Analytics,L2,Junior (L1-L2),Hyderabad,Man,25,1,2,0,1,,
2023-02-01,FY 2022-23,Data and Analytics,L2,Junior (L1-L2),Hyderabad,Woman,18,0,0,0,0,,
2023-02-01,FY 2022-23,Data and Analytics,L3,Mid (L3-L4),Bengaluru,Man,12,0,0,0,0,,
2023-02-01,FY 2022-23,Data and Analytics,L3,Mid (L3-L4),Bengaluru,Woman,6,0,0,0,0,,
2023-02-01,FY 2022-23,Data and Analytics,L3,Mid (L3-L4),Hyderabad,Man,18,0,0,0,0,,
2023-02-01,FY 2022-23,Data and Analytics,L3,Mid (L3-L4),Hyderabad,Woman,7,0,0,0,0,,
2023-02-01,FY 2022-23,Data and Analytics,L4,Mid (L3-L4),Bengaluru,Man,5,0,0,0,0,,
2023-02-01,FY 2022-23,Data and Analytics,L4,Mid (L3-L4),Bengaluru,Woman,1,0,0,0,0,,
2023-02-01,FY 2022-23,Data and Analytics,L4,Mid (L3-L4),Hyderabad,Man,12,0,0,0,0,,
2023-02-01,FY 2022-23,Data and Analytics,L4,Mid (L3-L4),Hyderabad,Woman,4,0,0,0,0,,
2023-02-01,FY 2022-23,Data and Analytics,L5,Senior (L5-L6),Bengaluru,Man,3,0,0,0,0,,
2023-02-01,FY 2022-23,Data and Analytics,L5,Senior (L5-L6),Bengaluru,Woman,2,0,0,0,0,,
2023-02-01,FY 2022-23,Data and Analytics,L5,Senior (L5-L6),Hyderabad,Man,2,0,0,0,0,,
2023-02-01,FY 2022-23,Data and Analytics,L5,Senior (L5-L6),Hyderabad,Woman,1,0,0,0,0,,
2023-02-01,FY 2022-23,Data and Analytics,L6,Senior (L5-L6),Bengaluru,Man,1,0,0,0,0,,
2023-02-01,FY 2022-23,Data and Analytics,L6,Senior (L5-L6),Hyderabad,Man,3,0,0,0,0,,
2023-02-01,FY 2022-23,Data and Analytics,L6,Senior (L5-L6),Hyderabad,Woman,1,0,0,0,0,,
2023-02-01,FY 2022-23,Delivery,L1,Junior (L1-L2),Bengaluru,Man,52,0,1,0,0,,
2023-02-01,FY 2022-23,Delivery,L1,Junior (L1-L2),Bengaluru,Woman,45,0,0,0,0,,
2023-02-01,FY 2022-23,Delivery,L1,Junior (L1-L2),Hyderabad,Man,97,1,1,0,0,,
2023-02-01,FY 2022-23,Delivery,L1,Junior (L1-L2),Hyderabad,Non-binary,1,0,0,0,0,,
2023-02-01,FY 2022-23,Delivery,L1,Junior (L1-L2),Hyderabad,Woman,64,2,1,0,0,,
2023-02-01,FY 2022-23,Delivery,L2,Junior (L1-L2),Bengaluru,Man,75,1,0,0,0,,
2023-02-01,FY 2022-23,Delivery,L2,Junior (L1-L2),Bengaluru,Non-binary,0,0,0,0,0,,
2023-02-01,FY 2022-23,Delivery,L2,Junior (L1-L2),Bengaluru,Woman,34,0,1,0,0,,
2023-02-01,FY 2022-23,Delivery,L2,Junior (L1-L2),Hyderabad,Man,112,4,5,0,1,,
2023-02-01,FY 2022-23,Delivery,L2,Junior (L1-L2),Hyderabad,Non-binary,1,0,0,0,0,,
2023-02-01,FY 2022-23,Delivery,L2,Junior (L1-L2),Hyderabad,Woman,61,1,1,1,1,,
2023-02-01,FY 2022-23,Delivery,L3,Mid (L3-L4),Bengaluru,Man,42,0,1,1,1,,
2023-02-01,FY 2022-23,Delivery,L3,Mid (L3-L4),Bengaluru,Woman,27,0,0,0,0,,
2023-02-01,FY 2022-23,Delivery,L3,Mid (L3-L4),Hyderabad,Man,81,0,0,0,0,,
2023-02-01,FY 2022-23,Delivery,L3,Mid (L3-L4),Hyderabad,Non-binary,1,0,0,0,0,,
2023-02-01,FY 2022-23,Delivery,L3,Mid (L3-L4),Hyderabad,Woman,28,0,2,0,1,,
2023-02-01,FY 2022-23,Delivery,L4,Mid (L3-L4),Bengaluru,Man,24,1,1,0,1,,
2023-02-01,FY 2022-23,Delivery,L4,Mid (L3-L4),Bengaluru,Woman,9,0,0,0,0,,
2023-02-01,FY 2022-23,Delivery,L4,Mid (L3-L4),Hyderabad,Man,44,2,1,0,1,,
2023-02-01,FY 2022-23,Delivery,L4,Mid (L3-L4),Hyderabad,Woman,10,0,0,0,0,,
2023-02-01,FY 2022-23,Delivery,L5,Senior (L5-L6),Bengaluru,Man,19,0,0,0,0,,
2023-02-01,FY 2022-23,Delivery,L5,Senior (L5-L6),Bengaluru,Woman,7,0,0,0,0,,
2023-02-01,FY 2022-23,Delivery,L5,Senior (L5-L6),Hyderabad,Man,22,0,0,0,0,,
2023-02-01,FY 2022-23,Delivery,L5,Senior (L5-L6),Hyderabad,Woman,4,0,0,0,0,,
2023-02-01,FY 2022-23,Delivery,L6,Senior (L5-L6),Bengaluru,Man,7,0,0,0,0,,
2023-02-01,FY 2022-23,Delivery,L6,Senior (L5-L6),Bengaluru,Woman,1,0,0,0,0,,
2023-02-01,FY 2022-23,Delivery,L6,Senior (L5-L6),Hyderabad,Man,10,0,0,0,0,,
2023-02-01,FY 2022-23,Delivery,L6,Senior (L5-L6),Hyderabad,Woman,1,0,0,0,0,,
2023-02-01,FY 2022-23,Quality Engineering,L1,Junior (L1-L2),Bengaluru,Man,17,0,0,0,0,,
2023-02-01,FY 2022-23,Quality Engineering,L1,Junior (L1-L2),Bengaluru,Woman,22,0,0,0,0,,
2023-02-01,FY 2022-23,Quality Engineering,L1,Junior (L1-L2),Hyderabad,Man,30,1,0,0,0,,
2023-02-01,FY 2022-23,Quality Engineering,L1,Junior (L1-L2),Hyderabad,Non-binary,0,0,0,0,0,,
2023-02-01,FY 2022-23,Quality Engineering,L1,Junior (L1-L2),Hyderabad,Woman,23,0,0,0,0,,
2023-02-01,FY 2022-23,Quality Engineering,L2,Junior (L1-L2),Bengaluru,Man,24,1,0,0,0,,
2023-02-01,FY 2022-23,Quality Engineering,L2,Junior (L1-L2),Bengaluru,Non-binary,0,0,0,0,0,,
2023-02-01,FY 2022-23,Quality Engineering,L2,Junior (L1-L2),Bengaluru,Woman,12,0,0,0,0,,
2023-02-01,FY 2022-23,Quality Engineering,L2,Junior (L1-L2),Hyderabad,Man,36,1,2,0,1,,
2023-02-01,FY 2022-23,Quality Engineering,L2,Junior (L1-L2),Hyderabad,Woman,23,0,0,0,0,,
2023-02-01,FY 2022-23,Quality Engineering,L3,Mid (L3-L4),Bengaluru,Man,18,0,0,0,0,,
2023-02-01,FY 2022-23,Quality Engineering,L3,Mid (L3-L4),Bengaluru,Woman,9,0,0,0,0,,
2023-02-01,FY 2022-23,Quality Engineering,L3,Mid (L3-L4),Hyderabad,Man,19,0,1,0,0,,
2023-02-01,FY 2022-23,Quality Engineering,L3,Mid (L3-L4),Hyderabad,Woman,13,0,0,0,0,,
2023-02-01,FY 2022-23,Quality Engineering,L4,Mid (L3-L4),Bengaluru,Man,9,0,0,0,0,,
2023-02-01,FY 2022-23,Quality Engineering,L4,Mid (L3-L4),Bengaluru,Non-binary,1,0,0,0,0,,
2023-02-01,FY 2022-23,Quality Engineering,L4,Mid (L3-L4),Bengaluru,Woman,3,0,0,0,0,,
2023-02-01,FY 2022-23,Quality Engineering,L4,Mid (L3-L4),Hyderabad,Man,20,0,0,0,0,,
2023-02-01,FY 2022-23,Quality Engineering,L4,Mid (L3-L4),Hyderabad,Woman,6,0,0,0,0,,
2023-02-01,FY 2022-23,Quality Engineering,L5,Senior (L5-L6),Bengaluru,Man,2,0,0,0,0,,
2023-02-01,FY 2022-23,Quality Engineering,L5,Senior (L5-L6),Bengaluru,Woman,0,0,0,0,0,,
2023-02-01,FY 2022-23,Quality Engineering,L5,Senior (L5-L6),Hyderabad,Man,12,0,0,0,0,,
2023-02-01,FY 2022-23,Quality Engineering,L5,Senior (L5-L6),Hyderabad,Woman,1,0,0,0,0,,
2023-02-01,FY 2022-23,Quality Engineering,L6,Senior (L5-L6),Bengaluru,Man,3,0,0,0,0,,
2023-02-01,FY 2022-23,Quality Engineering,L6,Senior (L5-L6),Bengaluru,Woman,1,0,1,0,0,,
2023-02-01,FY 2022-23,Quality Engineering,L6,Senior (L5-L6),Hyderabad,Man,2,0,0,0,0,,
2023-02-01,FY 2022-23,Quality Engineering,L6,Senior (L5-L6),Hyderabad,Woman,1,0,0,0,0,,
2023-02-01,FY 2022-23,Sales and Presales,L1,Junior (L1-L2),Bengaluru,Man,11,0,0,0,0,,
2023-02-01,FY 2022-23,Sales and Presales,L1,Junior (L1-L2),Bengaluru,Non-binary,0,0,0,0,0,,
2023-02-01,FY 2022-23,Sales and Presales,L1,Junior (L1-L2),Bengaluru,Woman,3,0,0,0,0,,
2023-02-01,FY 2022-23,Sales and Presales,L1,Junior (L1-L2),Hyderabad,Man,12,0,0,0,0,,
2023-02-01,FY 2022-23,Sales and Presales,L1,Junior (L1-L2),Hyderabad,Woman,14,0,0,0,0,,
2023-02-01,FY 2022-23,Sales and Presales,L2,Junior (L1-L2),Bengaluru,Man,7,0,0,0,0,,
2023-02-01,FY 2022-23,Sales and Presales,L2,Junior (L1-L2),Bengaluru,Non-binary,0,0,0,0,0,,
2023-02-01,FY 2022-23,Sales and Presales,L2,Junior (L1-L2),Bengaluru,Woman,3,0,0,0,0,,
2023-02-01,FY 2022-23,Sales and Presales,L2,Junior (L1-L2),Hyderabad,Man,13,0,0,0,0,,
2023-02-01,FY 2022-23,Sales and Presales,L2,Junior (L1-L2),Hyderabad,Woman,8,0,0,0,0,,
2023-02-01,FY 2022-23,Sales and Presales,L3,Mid (L3-L4),Bengaluru,Man,8,0,0,0,0,,
2023-02-01,FY 2022-23,Sales and Presales,L3,Mid (L3-L4),Bengaluru,Woman,5,0,0,0,0,,
2023-02-01,FY 2022-23,Sales and Presales,L3,Mid (L3-L4),Hyderabad,Man,11,0,0,0,0,,
2023-02-01,FY 2022-23,Sales and Presales,L3,Mid (L3-L4),Hyderabad,Woman,5,0,0,0,0,,
2023-02-01,FY 2022-23,Sales and Presales,L4,Mid (L3-L4),Bengaluru,Man,3,0,0,0,0,,
2023-02-01,FY 2022-23,Sales and Presales,L4,Mid (L3-L4),Bengaluru,Woman,0,0,0,0,0,,
2023-02-01,FY 2022-23,Sales and Presales,L4,Mid (L3-L4),Hyderabad,Man,9,0,0,0,0,,
2023-02-01,FY 2022-23,Sales and Presales,L4,Mid (L3-L4),Hyderabad,Woman,0,0,0,0,0,,
2023-02-01,FY 2022-23,Sales and Presales,L5,Senior (L5-L6),Bengaluru,Man,1,0,0,0,0,,
2023-02-01,FY 2022-23,Sales and Presales,L5,Senior (L5-L6),Hyderabad,Man,4,0,0,0,0,,
2023-02-01,FY 2022-23,Sales and Presales,L5,Senior (L5-L6),Hyderabad,Woman,1,0,0,0,0,,
2023-02-01,FY 2022-23,Sales and Presales,L6,Senior (L5-L6),Bengaluru,Man,1,0,0,0,0,,
2023-02-01,FY 2022-23,Sales and Presales,L6,Senior (L5-L6),Hyderabad,Man,1,0,0,0,0,,
2023-03-01,FY 2022-23,Cloud and Infrastructure,L1,Junior (L1-L2),Bengaluru,Man,19,0,0,0,0,1,220
2023-03-01,FY 2022-23,Cloud and Infrastructure,L1,Junior (L1-L2),Bengaluru,Woman,17,0,0,0,0,3,197
2023-03-01,FY 2022-23,Cloud and Infrastructure,L1,Junior (L1-L2),Hyderabad,Man,28,1,0,0,0,5,313
2023-03-01,FY 2022-23,Cloud and Infrastructure,L1,Junior (L1-L2),Hyderabad,Woman,19,0,0,0,0,6,239
2023-03-01,FY 2022-23,Cloud and Infrastructure,L2,Junior (L1-L2),Bengaluru,Man,20,2,1,0,0,6,225
2023-03-01,FY 2022-23,Cloud and Infrastructure,L2,Junior (L1-L2),Bengaluru,Woman,15,1,0,0,0,4,164
2023-03-01,FY 2022-23,Cloud and Infrastructure,L2,Junior (L1-L2),Hyderabad,Man,29,3,2,0,2,13,323
2023-03-01,FY 2022-23,Cloud and Infrastructure,L2,Junior (L1-L2),Hyderabad,Woman,22,0,0,0,0,9,283
2023-03-01,FY 2022-23,Cloud and Infrastructure,L3,Mid (L3-L4),Bengaluru,Man,13,0,0,0,0,2,156
2023-03-01,FY 2022-23,Cloud and Infrastructure,L3,Mid (L3-L4),Bengaluru,Woman,2,0,0,0,0,5,54
2023-03-01,FY 2022-23,Cloud and Infrastructure,L3,Mid (L3-L4),Hyderabad,Man,17,1,0,0,0,6,199
2023-03-01,FY 2022-23,Cloud and Infrastructure,L3,Mid (L3-L4),Hyderabad,Non-binary,0,0,0,0,0,1,4
2023-03-01,FY 2022-23,Cloud and Infrastructure,L3,Mid (L3-L4),Hyderabad,Woman,9,0,0,0,0,2,111
2023-03-01,FY 2022-23,Cloud and Infrastructure,L4,Mid (L3-L4),Bengaluru,Man,9,0,0,0,0,2,103
2023-03-01,FY 2022-23,Cloud and Infrastructure,L4,Mid (L3-L4),Bengaluru,Woman,2,0,0,0,0,1,30
2023-03-01,FY 2022-23,Cloud and Infrastructure,L4,Mid (L3-L4),Hyderabad,Man,7,1,0,0,0,4,82
2023-03-01,FY 2022-23,Cloud and Infrastructure,L4,Mid (L3-L4),Hyderabad,Woman,4,1,0,0,0,1,43
2023-03-01,FY 2022-23,Cloud and Infrastructure,L5,Senior (L5-L6),Bengaluru,Man,1,0,0,0,0,0,12
2023-03-01,FY 2022-23,Cloud and Infrastructure,L5,Senior (L5-L6),Bengaluru,Woman,1,0,0,0,0,0,12
2023-03-01,FY 2022-23,Cloud and Infrastructure,L5,Senior (L5-L6),Hyderabad,Man,6,0,0,0,0,1,60
2023-03-01,FY 2022-23,Cloud and Infrastructure,L5,Senior (L5-L6),Hyderabad,Woman,1,0,0,0,0,1,17
2023-03-01,FY 2022-23,Cloud and Infrastructure,L6,Senior (L5-L6),Bengaluru,Man,1,1,0,0,0,1,1
2023-03-01,FY 2022-23,Cloud and Infrastructure,L6,Senior (L5-L6),Bengaluru,Woman,1,0,0,0,0,0,12
2023-03-01,FY 2022-23,Cloud and Infrastructure,L6,Senior (L5-L6),Hyderabad,Man,2,0,0,0,0,0,24
2023-03-01,FY 2022-23,Consulting,L1,Junior (L1-L2),Bengaluru,Man,4,0,0,0,0,0,48
2023-03-01,FY 2022-23,Consulting,L1,Junior (L1-L2),Bengaluru,Woman,5,0,0,0,0,0,60
2023-03-01,FY 2022-23,Consulting,L1,Junior (L1-L2),Hyderabad,Man,10,0,0,0,0,0,113
2023-03-01,FY 2022-23,Consulting,L1,Junior (L1-L2),Hyderabad,Woman,8,0,0,0,0,2,97
2023-03-01,FY 2022-23,Consulting,L2,Junior (L1-L2),Bengaluru,Man,7,0,0,0,0,1,85
2023-03-01,FY 2022-23,Consulting,L2,Junior (L1-L2),Bengaluru,Woman,2,0,1,0,0,2,33
2023-03-01,FY 2022-23,Consulting,L2,Junior (L1-L2),Hyderabad,Man,6,0,0,0,0,2,70
2023-03-01,FY 2022-23,Consulting,L2,Junior (L1-L2),Hyderabad,Woman,7,0,0,0,0,0,81
2023-03-01,FY 2022-23,Consulting,L3,Mid (L3-L4),Bengaluru,Man,4,0,0,0,0,2,44
2023-03-01,FY 2022-23,Consulting,L3,Mid (L3-L4),Bengaluru,Woman,2,0,0,0,0,0,24
2023-03-01,FY 2022-23,Consulting,L3,Mid (L3-L4),Hyderabad,Man,4,0,0,0,0,1,55
2023-03-01,FY 2022-23,Consulting,L3,Mid (L3-L4),Hyderabad,Woman,6,0,0,0,0,2,66
2023-03-01,FY 2022-23,Consulting,L4,Mid (L3-L4),Bengaluru,Man,5,0,0,0,0,0,60
2023-03-01,FY 2022-23,Consulting,L4,Mid (L3-L4),Bengaluru,Woman,2,0,0,0,0,2,27
2023-03-01,FY 2022-23,Consulting,L4,Mid (L3-L4),Hyderabad,Man,1,0,0,0,0,1,15
2023-03-01,FY 2022-23,Consulting,L4,Mid (L3-L4),Hyderabad,Woman,3,0,0,0,0,0,36
2023-03-01,FY 2022-23,Consulting,L5,Senior (L5-L6),Bengaluru,Man,2,0,0,0,0,1,21
2023-03-01,FY 2022-23,Consulting,L5,Senior (L5-L6),Bengaluru,Woman,0,0,0,0,0,0,0
2023-03-01,FY 2022-23,Consulting,L5,Senior (L5-L6),Hyderabad,Man,3,0,0,0,0,0,36
2023-03-01,FY 2022-23,Consulting,L5,Senior (L5-L6),Hyderabad,Woman,0,0,0,0,0,0,0
2023-03-01,FY 2022-23,Consulting,L6,Senior (L5-L6),Bengaluru,Man,1,1,0,0,0,1,8
2023-03-01,FY 2022-23,Consulting,L6,Senior (L5-L6),Hyderabad,Man,2,0,0,0,0,0,24
2023-03-01,FY 2022-23,Consulting,L6,Senior (L5-L6),Hyderabad,Woman,2,0,0,0,0,0,24
2023-03-01,FY 2022-23,Corporate Functions,L1,Junior (L1-L2),Bengaluru,Man,6,0,1,0,0,1,77
2023-03-01,FY 2022-23,Corporate Functions,L1,Junior (L1-L2),Bengaluru,Woman,4,0,0,0,0,3,60
2023-03-01,FY 2022-23,Corporate Functions,L1,Junior (L1-L2),Hyderabad,Man,16,0,0,0,0,4,192
2023-03-01,FY 2022-23,Corporate Functions,L1,Junior (L1-L2),Hyderabad,Woman,11,1,0,0,0,2,115
2023-03-01,FY 2022-23,Corporate Functions,L2,Junior (L1-L2),Bengaluru,Man,11,0,0,0,0,0,122
2023-03-01,FY 2022-23,Corporate Functions,L2,Junior (L1-L2),Bengaluru,Woman,3,0,0,0,0,2,40
2023-03-01,FY 2022-23,Corporate Functions,L2,Junior (L1-L2),Hyderabad,Man,17,1,1,0,1,3,196
2023-03-01,FY 2022-23,Corporate Functions,L2,Junior (L1-L2),Hyderabad,Woman,10,0,0,0,0,0,120
2023-03-01,FY 2022-23,Corporate Functions,L3,Mid (L3-L4),Bengaluru,Man,12,1,0,0,0,1,141
2023-03-01,FY 2022-23,Corporate Functions,L3,Mid (L3-L4),Bengaluru,Woman,6,0,0,0,0,2,67
2023-03-01,FY 2022-23,Corporate Functions,L3,Mid (L3-L4),Hyderabad,Man,10,0,1,0,0,5,133
2023-03-01,FY 2022-23,Corporate Functions,L3,Mid (L3-L4),Hyderabad,Woman,5,0,1,0,1,2,59
2023-03-01,FY 2022-23,Corporate Functions,L4,Mid (L3-L4),Bengaluru,Man,4,0,0,0,0,3,77
2023-03-01,FY 2022-23,Corporate Functions,L4,Mid (L3-L4),Bengaluru,Woman,0,0,0,0,0,0,0
2023-03-01,FY 2022-23,Corporate Functions,L4,Mid (L3-L4),Hyderabad,Man,10,0,0,0,0,1,118
2023-03-01,FY 2022-23,Corporate Functions,L4,Mid (L3-L4),Hyderabad,Woman,2,0,0,0,0,0,24
2023-03-01,FY 2022-23,Corporate Functions,L5,Senior (L5-L6),Bengaluru,Man,1,0,0,0,0,0,12
2023-03-01,FY 2022-23,Corporate Functions,L5,Senior (L5-L6),Bengaluru,Woman,0,0,0,0,0,0,0
2023-03-01,FY 2022-23,Corporate Functions,L5,Senior (L5-L6),Hyderabad,Man,2,0,0,0,0,1,34
2023-03-01,FY 2022-23,Corporate Functions,L6,Senior (L5-L6),Bengaluru,Man,2,0,0,0,0,0,24
2023-03-01,FY 2022-23,Corporate Functions,L6,Senior (L5-L6),Hyderabad,Man,2,0,0,0,0,0,24
2023-03-01,FY 2022-23,Data and Analytics,L1,Junior (L1-L2),Bengaluru,Man,16,1,0,0,0,8,181
2023-03-01,FY 2022-23,Data and Analytics,L1,Junior (L1-L2),Bengaluru,Woman,16,0,0,0,0,4,187
2023-03-01,FY 2022-23,Data and Analytics,L1,Junior (L1-L2),Hyderabad,Man,19,0,0,0,0,4,223
2023-03-01,FY 2022-23,Data and Analytics,L1,Junior (L1-L2),Hyderabad,Woman,14,0,0,0,0,5,168
2023-03-01,FY 2022-23,Data and Analytics,L2,Junior (L1-L2),Bengaluru,Man,18,0,0,0,0,9,209
2023-03-01,FY 2022-23,Data and Analytics,L2,Junior (L1-L2),Bengaluru,Woman,7,0,0,0,0,5,80
2023-03-01,FY 2022-23,Data and Analytics,L2,Junior (L1-L2),Hyderabad,Man,25,0,0,0,0,12,301
2023-03-01,FY 2022-23,Data and Analytics,L2,Junior (L1-L2),Hyderabad,Woman,17,1,2,0,0,7,220
2023-03-01,FY 2022-23,Data and Analytics,L3,Mid (L3-L4),Bengaluru,Man,12,0,0,0,0,5,133
2023-03-01,FY 2022-23,Data and Analytics,L3,Mid (L3-L4),Bengaluru,Woman,6,0,0,0,0,3,67
2023-03-01,FY 2022-23,Data and Analytics,L3,Mid (L3-L4),Hyderabad,Man,19,1,0,0,0,5,222
2023-03-01,FY 2022-23,Data and Analytics,L3,Mid (L3-L4),Hyderabad,Woman,6,0,1,0,1,3,75
2023-03-01,FY 2022-23,Data and Analytics,L4,Mid (L3-L4),Bengaluru,Man,5,0,0,0,0,0,60
2023-03-01,FY 2022-23,Data and Analytics,L4,Mid (L3-L4),Bengaluru,Woman,1,0,0,0,0,0,12
2023-03-01,FY 2022-23,Data and Analytics,L4,Mid (L3-L4),Hyderabad,Man,11,0,1,0,0,5,132
2023-03-01,FY 2022-23,Data and Analytics,L4,Mid (L3-L4),Hyderabad,Woman,4,0,0,0,0,1,54
2023-03-01,FY 2022-23,Data and Analytics,L5,Senior (L5-L6),Bengaluru,Man,3,0,0,0,0,1,33
2023-03-01,FY 2022-23,Data and Analytics,L5,Senior (L5-L6),Bengaluru,Woman,2,0,0,0,0,0,24
2023-03-01,FY 2022-23,Data and Analytics,L5,Senior (L5-L6),Hyderabad,Man,2,0,0,0,0,2,38
2023-03-01,FY 2022-23,Data and Analytics,L5,Senior (L5-L6),Hyderabad,Woman,1,0,0,0,0,0,12
2023-03-01,FY 2022-23,Data and Analytics,L6,Senior (L5-L6),Bengaluru,Man,1,0,0,0,0,1,18
2023-03-01,FY 2022-23,Data and Analytics,L6,Senior (L5-L6),Hyderabad,Man,3,0,0,0,0,0,36
2023-03-01,FY 2022-23,Data and Analytics,L6,Senior (L5-L6),Hyderabad,Woman,1,0,0,0,0,0,12
2023-03-01,FY 2022-23,Delivery,L1,Junior (L1-L2),Bengaluru,Man,51,0,1,0,0,8,611
2023-03-01,FY 2022-23,Delivery,L1,Junior (L1-L2),Bengaluru,Woman,46,1,0,0,0,12,555
2023-03-01,FY 2022-23,Delivery,L1,Junior (L1-L2),Hyderabad,Man,99,2,0,0,0,24,1153
2023-03-01,FY 2022-23,Delivery,L1,Junior (L1-L2),Hyderabad,Non-binary,1,0,0,0,0,0,12
2023-03-01,FY 2022-23,Delivery,L1,Junior (L1-L2),Hyderabad,Woman,64,0,0,0,0,19,757
2023-03-01,FY 2022-23,Delivery,L2,Junior (L1-L2),Bengaluru,Man,77,2,0,0,0,23,892
2023-03-01,FY 2022-23,Delivery,L2,Junior (L1-L2),Bengaluru,Non-binary,0,0,0,0,0,0,0
2023-03-01,FY 2022-23,Delivery,L2,Junior (L1-L2),Bengaluru,Woman,34,0,0,0,0,8,404
2023-03-01,FY 2022-23,Delivery,L2,Junior (L1-L2),Hyderabad,Man,112,3,3,0,0,39,1394
2023-03-01,FY 2022-23,Delivery,L2,Junior (L1-L2),Hyderabad,Non-binary,1,0,0,0,0,0,12
2023-03-01,FY 2022-23,Delivery,L2,Junior (L1-L2),Hyderabad,Woman,62,2,1,0,0,16,716
2023-03-01,FY 2022-23,Delivery,L3,Mid (L3-L4),Bengaluru,Man,44,3,1,0,0,17,540
2023-03-01,FY 2022-23,Delivery,L3,Mid (L3-L4),Bengaluru,Woman,27,0,0,0,0,8,336
2023-03-01,FY 2022-23,Delivery,L3,Mid (L3-L4),Hyderabad,Man,80,2,3,0,0,18,984
2023-03-01,FY 2022-23,Delivery,L3,Mid (L3-L4),Hyderabad,Non-binary,1,0,0,0,0,0,12
2023-03-01,FY 2022-23,Delivery,L3,Mid (L3-L4),Hyderabad,Woman,29,1,0,0,0,13,379
2023-03-01,FY 2022-23,Delivery,L4,Mid (L3-L4),Bengaluru,Man,24,0,0,0,0,6,292
2023-03-01,FY 2022-23,Delivery,L4,Mid (L3-L4),Bengaluru,Woman,9,0,0,0,0,3,105
2023-03-01,FY 2022-23,Delivery,L4,Mid (L3-L4),Hyderabad,Man,43,0,1,0,1,8,526
2023-03-01,FY 2022-23,Delivery,L4,Mid (L3-L4),Hyderabad,Woman,11,1,0,0,0,5,141
2023-03-01,FY 2022-23,Delivery,L5,Senior (L5-L6),Bengaluru,Man,19,0,0,0,0,4,228
2023-03-01,FY 2022-23,Delivery,L5,Senior (L5-L6),Bengaluru,Woman,7,0,0,0,0,0,84
2023-03-01,FY 2022-23,Delivery,L5,Senior (L5-L6),Hyderabad,Man,22,0,0,0,0,2,261
2023-03-01,FY 2022-23,Delivery,L5,Senior (L5-L6),Hyderabad,Woman,5,1,0,0,0,0,49
2023-03-01,FY 2022-23,Delivery,L6,Senior (L5-L6),Bengaluru,Man,7,0,0,0,0,1,93
2023-03-01,FY 2022-23,Delivery,L6,Senior (L5-L6),Bengaluru,Woman,1,0,0,0,0,0,12
2023-03-01,FY 2022-23,Delivery,L6,Senior (L5-L6),Hyderabad,Man,10,0,0,0,0,1,127
2023-03-01,FY 2022-23,Delivery,L6,Senior (L5-L6),Hyderabad,Woman,1,0,0,0,0,0,12
2023-03-01,FY 2022-23,Quality Engineering,L1,Junior (L1-L2),Bengaluru,Man,17,0,0,0,0,5,228
2023-03-01,FY 2022-23,Quality Engineering,L1,Junior (L1-L2),Bengaluru,Woman,22,0,0,0,0,1,250
2023-03-01,FY 2022-23,Quality Engineering,L1,Junior (L1-L2),Hyderabad,Man,30,0,0,0,0,3,364
2023-03-01,FY 2022-23,Quality Engineering,L1,Junior (L1-L2),Hyderabad,Non-binary,0,0,0,0,0,0,0
2023-03-01,FY 2022-23,Quality Engineering,L1,Junior (L1-L2),Hyderabad,Woman,23,0,0,0,0,7,283
2023-03-01,FY 2022-23,Quality Engineering,L2,Junior (L1-L2),Bengaluru,Man,25,1,0,0,0,7,290
2023-03-01,FY 2022-23,Quality Engineering,L2,Junior (L1-L2),Bengaluru,Non-binary,0,0,0,0,0,1,6
2023-03-01,FY 2022-23,Quality Engineering,L2,Junior (L1-L2),Bengaluru,Woman,13,2,1,0,0,6,169
2023-03-01,FY 2022-23,Quality Engineering,L2,Junior (L1-L2),Hyderabad,Man,36,1,0,1,0,16,469
2023-03-01,FY 2022-23,Quality Engineering,L2,Junior (L1-L2),Hyderabad,Woman,24,1,0,0,0,2,266
2023-03-01,FY 2022-23,Quality Engineering,L3,Mid (L3-L4),Bengaluru,Man,18,0,0,0,0,3,224
2023-03-01,FY 2022-23,Quality Engineering,L3,Mid (L3-L4),Bengaluru,Woman,9,0,0,0,0,1,101
2023-03-01,FY 2022-23,Quality Engineering,L3,Mid (L3-L4),Hyderabad,Man,18,0,1,0,0,6,228
2023-03-01,FY 2022-23,Quality Engineering,L3,Mid (L3-L4),Hyderabad,Woman,12,0,1,0,0,4,164
2023-03-01,FY 2022-23,Quality Engineering,L4,Mid (L3-L4),Bengaluru,Man,10,1,0,0,0,1,103
2023-03-01,FY 2022-23,Quality Engineering,L4,Mid (L3-L4),Bengaluru,Non-binary,1,0,0,0,0,0,12
2023-03-01,FY 2022-23,Quality Engineering,L4,Mid (L3-L4),Bengaluru,Woman,3,0,0,0,0,1,37
2023-03-01,FY 2022-23,Quality Engineering,L4,Mid (L3-L4),Hyderabad,Man,20,0,0,0,0,5,217
2023-03-01,FY 2022-23,Quality Engineering,L4,Mid (L3-L4),Hyderabad,Woman,6,0,0,0,0,0,72
2023-03-01,FY 2022-23,Quality Engineering,L5,Senior (L5-L6),Bengaluru,Man,2,0,0,0,0,0,24
2023-03-01,FY 2022-23,Quality Engineering,L5,Senior (L5-L6),Bengaluru,Woman,0,0,0,0,0,0,0
2023-03-01,FY 2022-23,Quality Engineering,L5,Senior (L5-L6),Hyderabad,Man,12,0,0,0,0,0,144
2023-03-01,FY 2022-23,Quality Engineering,L5,Senior (L5-L6),Hyderabad,Woman,1,0,0,0,0,0,12
2023-03-01,FY 2022-23,Quality Engineering,L6,Senior (L5-L6),Bengaluru,Man,4,1,0,0,0,1,37
2023-03-01,FY 2022-23,Quality Engineering,L6,Senior (L5-L6),Bengaluru,Woman,1,0,0,0,0,1,16
2023-03-01,FY 2022-23,Quality Engineering,L6,Senior (L5-L6),Hyderabad,Man,2,0,0,0,0,0,24
2023-03-01,FY 2022-23,Quality Engineering,L6,Senior (L5-L6),Hyderabad,Woman,1,0,0,0,0,0,12
2023-03-01,FY 2022-23,Sales and Presales,L1,Junior (L1-L2),Bengaluru,Man,10,0,1,0,1,4,130
2023-03-01,FY 2022-23,Sales and Presales,L1,Junior (L1-L2),Bengaluru,Non-binary,0,0,0,0,0,0,0
2023-03-01,FY 2022-23,Sales and Presales,L1,Junior (L1-L2),Bengaluru,Woman,3,0,0,0,0,2,44
2023-03-01,FY 2022-23,Sales and Presales,L1,Junior (L1-L2),Hyderabad,Man,12,1,1,0,0,9,141
2023-03-01,FY 2022-23,Sales and Presales,L1,Junior (L1-L2),Hyderabad,Woman,14,0,0,0,0,7,159
2023-03-01,FY 2022-23,Sales and Presales,L2,Junior (L1-L2),Bengaluru,Man,7,0,0,0,0,2,89
2023-03-01,FY 2022-23,Sales and Presales,L2,Junior (L1-L2),Bengaluru,Non-binary,0,0,0,0,0,0,0
2023-03-01,FY 2022-23,Sales and Presales,L2,Junior (L1-L2),Bengaluru,Woman,4,1,0,0,0,2,42
2023-03-01,FY 2022-23,Sales and Presales,L2,Junior (L1-L2),Hyderabad,Man,13,0,0,0,0,2,139
2023-03-01,FY 2022-23,Sales and Presales,L2,Junior (L1-L2),Hyderabad,Woman,8,0,0,0,0,1,101
2023-03-01,FY 2022-23,Sales and Presales,L3,Mid (L3-L4),Bengaluru,Man,8,1,1,0,0,3,99
2023-03-01,FY 2022-23,Sales and Presales,L3,Mid (L3-L4),Bengaluru,Woman,5,0,0,0,0,0,52
2023-03-01,FY 2022-23,Sales and Presales,L3,Mid (L3-L4),Hyderabad,Man,11,0,0,0,0,1,137
2023-03-01,FY 2022-23,Sales and Presales,L3,Mid (L3-L4),Hyderabad,Woman,5,0,0,0,0,1,53
2023-03-01,FY 2022-23,Sales and Presales,L4,Mid (L3-L4),Bengaluru,Man,3,0,0,0,0,1,30
2023-03-01,FY 2022-23,Sales and Presales,L4,Mid (L3-L4),Bengaluru,Woman,0,0,0,0,0,2,6
2023-03-01,FY 2022-23,Sales and Presales,L4,Mid (L3-L4),Hyderabad,Man,8,0,1,0,0,3,100
2023-03-01,FY 2022-23,Sales and Presales,L4,Mid (L3-L4),Hyderabad,Woman,0,0,0,0,0,0,0
2023-03-01,FY 2022-23,Sales and Presales,L5,Senior (L5-L6),Bengaluru,Man,1,0,0,0,0,0,12
2023-03-01,FY 2022-23,Sales and Presales,L5,Senior (L5-L6),Hyderabad,Man,4,0,0,0,0,2,33
2023-03-01,FY 2022-23,Sales and Presales,L5,Senior (L5-L6),Hyderabad,Woman,1,0,0,0,0,0,12
2023-03-01,FY 2022-23,Sales and Presales,L6,Senior (L5-L6),Bengaluru,Man,1,0,0,0,0,0,12
2023-03-01,FY 2022-23,Sales and Presales,L6,Senior (L5-L6),Hyderabad,Man,1,0,0,0,0,0,12
2023-04-01,FY 2023-24,Cloud and Infrastructure,L1,Junior (L1-L2),Bengaluru,Man,17,0,0,0,0,1,219
2023-04-01,FY 2023-24,Cloud and Infrastructure,L1,Junior (L1-L2),Bengaluru,Woman,16,0,0,0,0,3,195
2023-04-01,FY 2023-24,Cloud and Infrastructure,L1,Junior (L1-L2),Hyderabad,Man,27,0,0,0,0,3,314
2023-04-01,FY 2023-24,Cloud and Infrastructure,L1,Junior (L1-L2),Hyderabad,Woman,18,0,0,0,0,6,236
2023-04-01,FY 2023-24,Cloud and Infrastructure,L2,Junior (L1-L2),Bengaluru,Man,21,0,1,0,0,6,227
2023-04-01,FY 2023-24,Cloud and Infrastructure,L2,Junior (L1-L2),Bengaluru,Woman,15,0,0,0,0,2,166
2023-04-01,FY 2023-24,Cloud and Infrastructure,L2,Junior (L1-L2),Hyderabad,Man,30,0,0,0,0,10,324
2023-04-01,FY 2023-24,Cloud and Infrastructure,L2,Junior (L1-L2),Hyderabad,Woman,20,0,1,0,0,9,278
2023-04-01,FY 2023-24,Cloud and Infrastructure,L3,Mid (L3-L4),Bengaluru,Man,14,1,0,0,0,2,158
2023-04-01,FY 2023-24,Cloud and Infrastructure,L3,Mid (L3-L4),Bengaluru,Woman,3,0,0,0,0,4,51
2023-04-01,FY 2023-24,Cloud and Infrastructure,L3,Mid (L3-L4),Hyderabad,Man,18,1,0,0,0,4,201
2023-04-01,FY 2023-24,Cloud and Infrastructure,L3,Mid (L3-L4),Hyderabad,Non-binary,0,0,0,0,0,1,3
2023-04-01,FY 2023-24,Cloud and Infrastructure,L3,Mid (L3-L4),Hyderabad,Woman,8,0,0,0,0,1,110
2023-04-01,FY 2023-24,Cloud and Infrastructure,L4,Mid (L3-L4),Bengaluru,Man,8,0,0,0,0,2,102
2023-04-01,FY 2023-24,Cloud and Infrastructure,L4,Mid (L3-L4),Bengaluru,Woman,2,0,0,0,0,1,29
2023-04-01,FY 2023-24,Cloud and Infrastructure,L4,Mid (L3-L4),Hyderabad,Man,6,0,0,0,0,4,80
2023-04-01,FY 2023-24,Cloud and Infrastructure,L4,Mid (L3-L4),Hyderabad,Woman,7,0,0,0,0,1,46
2023-04-01,FY 2023-24,Cloud and Infrastructure,L5,Senior (L5-L6),Bengaluru,Man,2,0,0,0,0,0,13
2023-04-01,FY 2023-24,Cloud and Infrastructure,L5,Senior (L5-L6),Bengaluru,Woman,1,0,0,0,0,0,12
2023-04-01,FY 2023-24,Cloud and Infrastructure,L5,Senior (L5-L6),Hyderabad,Man,8,1,0,0,0,1,63
2023-04-01,FY 2023-24,Cloud and Infrastructure,L5,Senior (L5-L6),Hyderabad,Woman,1,0,0,0,0,1,16
2023-04-01,FY 2023-24,Cloud and Infrastructure,L6,Senior (L5-L6),Bengaluru,Man,1,0,0,0,0,0,2
2023-04-01,FY 2023-24,Cloud and Infrastructure,L6,Senior (L5-L6),Bengaluru,Woman,1,0,0,0,0,0,12
2023-04-01,FY 2023-24,Cloud and Infrastructure,L6,Senior (L5-L6),Hyderabad,Man,2,0,0,0,0,0,24
2023-04-01,FY 2023-24,Consulting,L1,Junior (L1-L2),Bengaluru,Man,3,0,1,0,0,1,47
2023-04-01,FY 2023-24,Consulting,L1,Junior (L1-L2),Bengaluru,Woman,4,0,0,0,0,0,59
2023-04-01,FY 2023-24,Consulting,L1,Junior (L1-L2),Hyderabad,Man,10,0,0,0,0,0,114
2023-04-01,FY 2023-24,Consulting,L1,Junior (L1-L2),Hyderabad,Woman,7,0,0,0,0,2,95
2023-04-01,FY 2023-24,Consulting,L2,Junior (L1-L2),Bengaluru,Man,7,0,0,0,0,1,84
2023-04-01,FY 2023-24,Consulting,L2,Junior (L1-L2),Bengaluru,Woman,3,0,0,0,0,2,33
2023-04-01,FY 2023-24,Consulting,L2,Junior (L1-L2),Hyderabad,Man,6,0,0,0,0,2,69
2023-04-01,FY 2023-24,Consulting,L2,Junior (L1-L2),Hyderabad,Woman,7,0,0,0,0,0,82
2023-04-01,FY 2023-24,Consulting,L3,Mid (L3-L4),Bengaluru,Man,4,0,0,0,0,2,44
2023-04-01,FY 2023-24,Consulting,L3,Mid (L3-L4),Bengaluru,Woman,2,0,0,0,0,0,24
2023-04-01,FY 2023-24,Consulting,L3,Mid (L3-L4),Hyderabad,Man,3,0,0,0,0,1,53
2023-04-01,FY 2023-24,Consulting,L3,Mid (L3-L4),Hyderabad,Woman,7,0,0,0,0,2,67
2023-04-01,FY 2023-24,Consulting,L4,Mid (L3-L4),Bengaluru,Man,5,0,0,0,0,0,60
2023-04-01,FY 2023-24,Consulting,L4,Mid (L3-L4),Bengaluru,Woman,2,0,0,0,0,1,27
2023-04-01,FY 2023-24,Consulting,L4,Mid (L3-L4),Hyderabad,Man,1,0,0,0,0,1,14
2023-04-01,FY 2023-24,Consulting,L4,Mid (L3-L4),Hyderabad,Woman,3,0,0,0,0,0,36
2023-04-01,FY 2023-24,Consulting,L5,Senior (L5-L6),Bengaluru,Man,2,0,0,0,0,1,21
2023-04-01,FY 2023-24,Consulting,L5,Senior (L5-L6),Bengaluru,Woman,0,0,0,0,0,0,0
2023-04-01,FY 2023-24,Consulting,L5,Senior (L5-L6),Hyderabad,Man,3,0,0,0,0,0,36
2023-04-01,FY 2023-24,Consulting,L5,Senior (L5-L6),Hyderabad,Woman,0,0,0,0,0,0,0
2023-04-01,FY 2023-24,Consulting,L6,Senior (L5-L6),Bengaluru,Man,1,0,0,0,0,1,8
2023-04-01,FY 2023-24,Consulting,L6,Senior (L5-L6),Hyderabad,Man,3,0,0,0,0,0,25
2023-04-01,FY 2023-24,Consulting,L6,Senior (L5-L6),Hyderabad,Woman,2,0,0,0,0,0,24
2023-04-01,FY 2023-24,Corporate Functions,L1,Junior (L1-L2),Bengaluru,Man,6,0,0,0,0,1,77
2023-04-01,FY 2023-24,Corporate Functions,L1,Junior (L1-L2),Bengaluru,Woman,4,0,0,0,0,2,58
2023-04-01,FY 2023-24,Corporate Functions,L1,Junior (L1-L2),Hyderabad,Man,16,0,0,0,0,4,191
2023-04-01,FY 2023-24,Corporate Functions,L1,Junior (L1-L2),Hyderabad,Woman,11,0,0,0,0,2,116
2023-04-01,FY 2023-24,Corporate Functions,L2,Junior (L1-L2),Bengaluru,Man,9,0,0,0,0,0,122
2023-04-01,FY 2023-24,Corporate Functions,L2,Junior (L1-L2),Bengaluru,Woman,3,0,0,0,0,2,38
2023-04-01,FY 2023-24,Corporate Functions,L2,Junior (L1-L2),Hyderabad,Man,17,1,0,0,0,3,196
2023-04-01,FY 2023-24,Corporate Functions,L2,Junior (L1-L2),Hyderabad,Woman,10,0,0,0,0,0,120
2023-04-01,FY 2023-24,Corporate Functions,L3,Mid (L3-L4),Bengaluru,Man,12,0,0,0,0,1,141
2023-04-01,FY 2023-24,Corporate Functions,L3,Mid (L3-L4),Bengaluru,Woman,6,0,0,0,0,2,67
2023-04-01,FY 2023-24,Corporate Functions,L3,Mid (L3-L4),Hyderabad,Man,10,0,0,0,0,5,130
2023-04-01,FY 2023-24,Corporate Functions,L3,Mid (L3-L4),Hyderabad,Woman,4,0,0,0,0,2,58
2023-04-01,FY 2023-24,Corporate Functions,L4,Mid (L3-L4),Bengaluru,Man,6,1,0,0,0,3,76
2023-04-01,FY 2023-24,Corporate Functions,L4,Mid (L3-L4),Bengaluru,Woman,1,1,0,0,0,0,1
2023-04-01,FY 2023-24,Corporate Functions,L4,Mid (L3-L4),Hyderabad,Man,11,0,0,0,0,1,119
2023-04-01,FY 2023-24,Corporate Functions,L4,Mid (L3-L4),Hyderabad,Woman,3,0,0,0,0,0,25
2023-04-01,FY 2023-24,Corporate Functions,L5,Senior (L5-L6),Bengaluru,Man,2,0,0,0,0,0,13
2023-04-01,FY 2023-24,Corporate Functions,L5,Senior (L5-L6),Bengaluru,Woman,0,0,0,0,0,0,0
2023-04-01,FY 2023-24,Corporate Functions,L5,Senior (L5-L6),Hyderabad,Man,2,0,0,0,0,1,33
2023-04-01,FY 2023-24,Corporate Functions,L6,Senior (L5-L6),Bengaluru,Man,2,0,0,0,0,0,24
2023-04-01,FY 2023-24,Corporate Functions,L6,Senior (L5-L6),Hyderabad,Man,2,0,0,0,0,0,24
2023-04-01,FY 2023-24,Data and Analytics,L1,Junior (L1-L2),Bengaluru,Man,13,0,0,0,0,7,176
2023-04-01,FY 2023-24,Data and Analytics,L1,Junior (L1-L2),Bengaluru,Woman,15,0,1,0,0,4,187
2023-04-01,FY 2023-24,Data and Analytics,L1,Junior (L1-L2),Hyderabad,Man,16,0,1,0,1,4,221
2023-04-01,FY 2023-24,Data and Analytics,L1,Junior (L1-L2),Hyderabad,Woman,12,0,0,0,0,4,164
2023-04-01,FY 2023-24,Data and Analytics,L2,Junior (L1-L2),Bengaluru,Man,20,0,1,0,0,8,212
2023-04-01,FY 2023-24,Data and Analytics,L2,Junior (L1-L2),Bengaluru,Woman,7,0,0,0,0,5,78
2023-04-01,FY 2023-24,Data and Analytics,L2,Junior (L1-L2),Hyderabad,Man,24,1,0,0,0,11,297
2023-04-01,FY 2023-24,Data and Analytics,L2,Junior (L1-L2),Hyderabad,Woman,19,0,0,0,0,6,221
2023-04-01,FY 2023-24,Data and Analytics,L3,Mid (L3-L4),Bengaluru,Man,12,1,0,0,0,5,132
2023-04-01,FY 2023-24,Data and Analytics,L3,Mid (L3-L4),Bengaluru,Woman,6,0,0,0,0,3,66
2023-04-01,FY 2023-24,Data and Analytics,L3,Mid (L3-L4),Hyderabad,Man,18,0,0,0,0,5,220
2023-04-01,FY 2023-24,Data and Analytics,L3,Mid (L3-L4),Hyderabad,Woman,5,0,1,0,0,4,73
2023-04-01,FY 2023-24,Data and Analytics,L4,Mid (L3-L4),Bengaluru,Man,6,0,0,0,0,0,61
2023-04-01,FY 2023-24,Data and Analytics,L4,Mid (L3-L4),Bengaluru,Woman,1,0,0,0,0,0,12
2023-04-01,FY 2023-24,Data and Analytics,L4,Mid (L3-L4),Hyderabad,Man,16,0,0,0,0,5,135
2023-04-01,FY 2023-24,Data and Analytics,L4,Mid (L3-L4),Hyderabad,Woman,2,0,0,0,0,1,51
2023-04-01,FY 2023-24,Data and Analytics,L5,Senior (L5-L6),Bengaluru,Man,3,0,0,0,0,1,33
2023-04-01,FY 2023-24,Data and Analytics,L5,Senior (L5-L6),Bengaluru,Woman,2,0,0,0,0,0,24
2023-04-01,FY 2023-24,Data and Analytics,L5,Senior (L5-L6),Hyderabad,Man,2,0,0,0,0,2,36
2023-04-01,FY 2023-24,Data and Analytics,L5,Senior (L5-L6),Hyderabad,Woman,3,0,0,0,0,0,14
2023-04-01,FY 2023-24,Data and Analytics,L6,Senior (L5-L6),Bengaluru,Man,1,0,0,0,0,1,17
2023-04-01,FY 2023-24,Data and Analytics,L6,Senior (L5-L6),Hyderabad,Man,3,0,0,0,0,0,36
2023-04-01,FY 2023-24,Data and Analytics,L6,Senior (L5-L6),Hyderabad,Woman,1,0,0,0,0,0,12
2023-04-01,FY 2023-24,Delivery,L1,Junior (L1-L2),Bengaluru,Man,45,1,0,0,0,8,607
2023-04-01,FY 2023-24,Delivery,L1,Junior (L1-L2),Bengaluru,Woman,44,0,0,0,0,10,548
2023-04-01,FY 2023-24,Delivery,L1,Junior (L1-L2),Hyderabad,Man,96,1,1,0,0,24,1145
2023-04-01,FY 2023-24,Delivery,L1,Junior (L1-L2),Hyderabad,Non-binary,1,0,0,0,0,0,12
2023-04-01,FY 2023-24,Delivery,L1,Junior (L1-L2),Hyderabad,Woman,64,1,0,0,0,19,752
2023-04-01,FY 2023-24,Delivery,L2,Junior (L1-L2),Bengaluru,Man,74,0,0,1,0,22,887
2023-04-01,FY 2023-24,Delivery,L2,Junior (L1-L2),Bengaluru,Non-binary,0,0,0,0,0,0,0
2023-04-01,FY 2023-24,Delivery,L2,Junior (L1-L2),Bengaluru,Woman,29,0,2,0,1,9,397
2023-04-01,FY 2023-24,Delivery,L2,Junior (L1-L2),Hyderabad,Man,112,5,1,0,1,38,1382
2023-04-01,FY 2023-24,Delivery,L2,Junior (L1-L2),Hyderabad,Non-binary,1,0,0,0,0,0,12
2023-04-01,FY 2023-24,Delivery,L2,Junior (L1-L2),Hyderabad,Woman,59,2,2,0,1,17,713
2023-04-01,FY 2023-24,Delivery,L3,Mid (L3-L4),Bengaluru,Man,51,2,2,0,0,19,542
2023-04-01,FY 2023-24,Delivery,L3,Mid (L3-L4),Bengaluru,Woman,30,0,0,0,0,8,334
2023-04-01,FY 2023-24,Delivery,L3,Mid (L3-L4),Hyderabad,Man,79,2,1,0,0,17,980
2023-04-01,FY 2023-24,Delivery,L3,Mid (L3-L4),Hyderabad,Non-binary,1,0,0,0,0,0,12
2023-04-01,FY 2023-24,Delivery,L3,Mid (L3-L4),Hyderabad,Woman,35,3,0,0,0,10,380
2023-04-01,FY 2023-24,Delivery,L4,Mid (L3-L4),Bengaluru,Man,24,0,0,0,0,5,291
2023-04-01,FY 2023-24,Delivery,L4,Mid (L3-L4),Bengaluru,Woman,12,1,0,0,0,3,107
2023-04-01,FY 2023-24,Delivery,L4,Mid (L3-L4),Hyderabad,Man,49,0,0,0,0,8,529
2023-04-01,FY 2023-24,Delivery,L4,Mid (L3-L4),Hyderabad,Woman,12,1,0,0,0,5,139
2023-04-01,FY 2023-24,Delivery,L5,Senior (L5-L6),Bengaluru,Man,21,1,0,0,0,4,228
2023-04-01,FY 2023-24,Delivery,L5,Senior (L5-L6),Bengaluru,Woman,6,0,0,0,0,0,83
2023-04-01,FY 2023-24,Delivery,L5,Senior (L5-L6),Hyderabad,Man,19,0,0,0,0,2,258
2023-04-01,FY 2023-24,Delivery,L5,Senior (L5-L6),Hyderabad,Woman,6,0,0,0,0,0,51
2023-04-01,FY 2023-24,Delivery,L6,Senior (L5-L6),Bengaluru,Man,8,1,1,0,1,2,93
2023-04-01,FY 2023-24,Delivery,L6,Senior (L5-L6),Bengaluru,Woman,3,1,0,0,0,0,14
2023-04-01,FY 2023-24,Delivery,L6,Senior (L5-L6),Hyderabad,Man,17,1,0,0,0,1,133
2023-04-01,FY 2023-24,Delivery,L6,Senior (L5-L6),Hyderabad,Woman,1,0,0,0,0,0,12
2023-04-01,FY 2023-24,Quality Engineering,L1,Junior (L1-L2),Bengaluru,Man,15,0,0,0,0,5,222
2023-04-01,FY 2023-24,Quality Engineering,L1,Junior (L1-L2),Bengaluru,Woman,21,1,0,0,0,1,251
2023-04-01,FY 2023-24,Quality Engineering,L1,Junior (L1-L2),Hyderabad,Man,25,1,1,0,0,4,358
2023-04-01,FY 2023-24,Quality Engineering,L1,Junior (L1-L2),Hyderabad,Non-binary,0,0,0,0,0,0,0
2023-04-01,FY 2023-24,Quality Engineering,L1,Junior (L1-L2),Hyderabad,Woman,20,0,1,0,0,6,279
2023-04-01,FY 2023-24,Quality Engineering,L2,Junior (L1-L2),Bengaluru,Man,27,1,0,0,0,5,292
2023-04-01,FY 2023-24,Quality Engineering,L2,Junior (L1-L2),Bengaluru,Non-binary,0,0,0,0,0,1,5
2023-04-01,FY 2023-24,Quality Engineering,L2,Junior (L1-L2),Bengaluru,Woman,15,1,0,0,0,6,170
2023-04-01,FY 2023-24,Quality Engineering,L2,Junior (L1-L2),Hyderabad,Man,39,1,0,0,0,15,465
2023-04-01,FY 2023-24,Quality Engineering,L2,Junior (L1-L2),Hyderabad,Woman,21,0,1,0,0,2,266
2023-04-01,FY 2023-24,Quality Engineering,L3,Mid (L3-L4),Bengaluru,Man,18,0,0,0,0,3,223
2023-04-01,FY 2023-24,Quality Engineering,L3,Mid (L3-L4),Bengaluru,Woman,10,0,0,0,0,1,102
2023-04-01,FY 2023-24,Quality Engineering,L3,Mid (L3-L4),Hyderabad,Man,19,0,1,0,1,7,226
2023-04-01,FY 2023-24,Quality Engineering,L3,Mid (L3-L4),Hyderabad,Woman,16,0,0,0,0,4,167
2023-04-01,FY 2023-24,Quality Engineering,L4,Mid (L3-L4),Bengaluru,Man,8,0,1,0,0,2,102
2023-04-01,FY 2023-24,Quality Engineering,L4,Mid (L3-L4),Bengaluru,Non-binary,1,0,0,0,0,0,12
2023-04-01,FY 2023-24,Quality Engineering,L4,Mid (L3-L4),Bengaluru,Woman,1,0,0,0,0,1,35
2023-04-01,FY 2023-24,Quality Engineering,L4,Mid (L3-L4),Hyderabad,Man,19,0,1,0,1,5,218
2023-04-01,FY 2023-24,Quality Engineering,L4,Mid (L3-L4),Hyderabad,Woman,4,0,0,0,0,0,70
2023-04-01,FY 2023-24,Quality Engineering,L5,Senior (L5-L6),Bengaluru,Man,4,0,0,0,0,0,26
2023-04-01,FY 2023-24,Quality Engineering,L5,Senior (L5-L6),Bengaluru,Woman,2,0,0,0,0,0,2
2023-04-01,FY 2023-24,Quality Engineering,L5,Senior (L5-L6),Hyderabad,Man,11,0,1,0,0,1,143
2023-04-01,FY 2023-24,Quality Engineering,L5,Senior (L5-L6),Hyderabad,Woman,3,0,0,0,0,0,14
2023-04-01,FY 2023-24,Quality Engineering,L6,Senior (L5-L6),Bengaluru,Man,4,0,0,0,0,0,38
2023-04-01,FY 2023-24,Quality Engineering,L6,Senior (L5-L6),Bengaluru,Woman,1,0,0,0,0,1,16
2023-04-01,FY 2023-24,Quality Engineering,L6,Senior (L5-L6),Hyderabad,Man,3,0,0,0,0,0,25
2023-04-01,FY 2023-24,Quality Engineering,L6,Senior (L5-L6),Hyderabad,Woman,1,0,0,0,0,0,12
2023-04-01,FY 2023-24,Sales and Presales,L1,Junior (L1-L2),Bengaluru,Man,10,0,0,0,0,4,128
2023-04-01,FY 2023-24,Sales and Presales,L1,Junior (L1-L2),Bengaluru,Non-binary,0,0,0,0,0,0,0
2023-04-01,FY 2023-24,Sales and Presales,L1,Junior (L1-L2),Bengaluru,Woman,4,1,0,0,0,2,44
2023-04-01,FY 2023-24,Sales and Presales,L1,Junior (L1-L2),Hyderabad,Man,12,0,0,0,0,7,139
2023-04-01,FY 2023-24,Sales and Presales,L1,Junior (L1-L2),Hyderabad,Woman,13,0,0,0,0,6,159
2023-04-01,FY 2023-24,Sales and Presales,L2,Junior (L1-L2),Bengaluru,Man,6,0,0,0,0,2,88
2023-04-01,FY 2023-24,Sales and Presales,L2,Junior (L1-L2),Bengaluru,Non-binary,0,0,0,0,0,0,0
2023-04-01,FY 2023-24,Sales and Presales,L2,Junior (L1-L2),Bengaluru,Woman,4,0,0,0,0,2,41
2023-04-01,FY 2023-24,Sales and Presales,L2,Junior (L1-L2),Hyderabad,Man,12,0,0,0,0,1,140
2023-04-01,FY 2023-24,Sales and Presales,L2,Junior (L1-L2),Hyderabad,Woman,9,0,0,0,0,1,101
2023-04-01,FY 2023-24,Sales and Presales,L3,Mid (L3-L4),Bengaluru,Man,8,0,0,0,0,3,98
2023-04-01,FY 2023-24,Sales and Presales,L3,Mid (L3-L4),Bengaluru,Woman,5,0,0,0,0,0,53
2023-04-01,FY 2023-24,Sales and Presales,L3,Mid (L3-L4),Hyderabad,Man,11,0,0,0,0,1,136
2023-04-01,FY 2023-24,Sales and Presales,L3,Mid (L3-L4),Hyderabad,Woman,5,0,0,0,0,1,53
2023-04-01,FY 2023-24,Sales and Presales,L4,Mid (L3-L4),Bengaluru,Man,4,0,0,0,0,1,32
2023-04-01,FY 2023-24,Sales and Presales,L4,Mid (L3-L4),Bengaluru,Woman,0,0,0,0,0,2,4
2023-04-01,FY 2023-24,Sales and Presales,L4,Mid (L3-L4),Hyderabad,Man,8,0,0,0,0,3,99
2023-04-01,FY 2023-24,Sales and Presales,L4,Mid (L3-L4),Hyderabad,Woman,0,0,0,0,0,0,0
2023-04-01,FY 2023-24,Sales and Presales,L5,Senior (L5-L6),Bengaluru,Man,1,0,0,0,0,0,12
2023-04-01,FY 2023-24,Sales and Presales,L5,Senior (L5-L6),Hyderabad,Man,4,0,0,0,0,2,34
2023-04-01,FY 2023-24,Sales and Presales,L5,Senior (L5-L6),Hyderabad,Woman,1,0,0,0,0,0,12
2023-04-01,FY 2023-24,Sales and Presales,L6,Senior (L5-L6),Bengaluru,Man,1,0,0,0,0,0,12
2023-04-01,FY 2023-24,Sales and Presales,L6,Senior (L5-L6),Hyderabad,Man,2,0,0,0,0,0,13
2023-05-01,FY 2023-24,Cloud and Infrastructure,L1,Junior (L1-L2),Bengaluru,Man,17,0,0,0,0,1,218
2023-05-01,FY 2023-24,Cloud and Infrastructure,L1,Junior (L1-L2),Bengaluru,Woman,16,0,0,0,0,2,194
2023-05-01,FY 2023-24,Cloud and Infrastructure,L1,Junior (L1-L2),Hyderabad,Man,28,1,0,0,0,3,316
2023-05-01,FY 2023-24,Cloud and Infrastructure,L1,Junior (L1-L2),Hyderabad,Woman,18,0,0,0,0,6,233
2023-05-01,FY 2023-24,Cloud and Infrastructure,L2,Junior (L1-L2),Bengaluru,Man,21,0,0,0,0,6,229
2023-05-01,FY 2023-24,Cloud and Infrastructure,L2,Junior (L1-L2),Bengaluru,Woman,14,0,1,0,0,3,167
2023-05-01,FY 2023-24,Cloud and Infrastructure,L2,Junior (L1-L2),Hyderabad,Man,31,1,0,0,0,9,327
2023-05-01,FY 2023-24,Cloud and Infrastructure,L2,Junior (L1-L2),Hyderabad,Woman,21,1,0,0,0,7,276
2023-05-01,FY 2023-24,Cloud and Infrastructure,L3,Mid (L3-L4),Bengaluru,Man,15,1,0,0,0,2,161
2023-05-01,FY 2023-24,Cloud and Infrastructure,L3,Mid (L3-L4),Bengaluru,Woman,3,0,0,0,0,4,48
2023-05-01,FY 2023-24,Cloud and Infrastructure,L3,Mid (L3-L4),Hyderabad,Man,18,0,0,0,0,4,203
2023-05-01,FY 2023-24,Cloud and Infrastructure,L3,Mid (L3-L4),Hyderabad,Non-binary,0,0,0,0,0,1,2
2023-05-01,FY 2023-24,Cloud and Infrastructure,L3,Mid (L3-L4),Hyderabad,Woman,8,1,1,0,0,2,109
2023-05-01,FY 2023-24,Cloud and Infrastructure,L4,Mid (L3-L4),Bengaluru,Man,8,0,0,0,0,2,101
2023-05-01,FY 2023-24,Cloud and Infrastructure,L4,Mid (L3-L4),Bengaluru,Woman,2,0,0,0,0,1,28
2023-05-01,FY 2023-24,Cloud and Infrastructure,L4,Mid (L3-L4),Hyderabad,Man,6,1,1,0,0,5,78
2023-05-01,FY 2023-24,Cloud and Infrastructure,L4,Mid (L3-L4),Hyderabad,Woman,7,0,0,0,0,1,49
2023-05-01,FY 2023-24,Cloud and Infrastructure,L5,Senior (L5-L6),Bengaluru,Man,2,0,0,0,0,0,14
2023-05-01,FY 2023-24,Cloud and Infrastructure,L5,Senior (L5-L6),Bengaluru,Woman,1,0,0,0,0,0,12
2023-05-01,FY 2023-24,Cloud and Infrastructure,L5,Senior (L5-L6),Hyderabad,Man,8,0,0,0,0,1,66
2023-05-01,FY 2023-24,Cloud and Infrastructure,L5,Senior (L5-L6),Hyderabad,Woman,1,0,0,0,0,1,15
2023-05-01,FY 2023-24,Cloud and Infrastructure,L6,Senior (L5-L6),Bengaluru,Man,1,0,0,0,0,0,3
2023-05-01,FY 2023-24,Cloud and Infrastructure,L6,Senior (L5-L6),Bengaluru,Woman,1,0,0,0,0,0,12
2023-05-01,FY 2023-24,Cloud and Infrastructure,L6,Senior (L5-L6),Hyderabad,Man,2,0,0,0,0,0,24
2023-05-01,FY 2023-24,Consulting,L1,Junior (L1-L2),Bengaluru,Man,3,0,0,0,0,1,46
2023-05-01,FY 2023-24,Consulting,L1,Junior (L1-L2),Bengaluru,Woman,4,0,0,0,0,0,58
2023-05-01,FY 2023-24,Consulting,L1,Junior (L1-L2),Hyderabad,Man,10,0,0,0,0,0,115
2023-05-01,FY 2023-24,Consulting,L1,Junior (L1-L2),Hyderabad,Woman,7,0,0,0,0,2,93
2023-05-01,FY 2023-24,Consulting,L2,Junior (L1-L2),Bengaluru,Man,7,0,0,0,0,0,84
2023-05-01,FY 2023-24,Consulting,L2,Junior (L1-L2),Bengaluru,Woman,2,0,1,0,0,3,32
2023-05-01,FY 2023-24,Consulting,L2,Junior (L1-L2),Hyderabad,Man,6,0,0,0,0,1,69
2023-05-01,FY 2023-24,Consulting,L2,Junior (L1-L2),Hyderabad,Woman,7,0,0,0,0,0,83
2023-05-01,FY 2023-24,Consulting,L3,Mid (L3-L4),Bengaluru,Man,4,0,0,0,0,2,44
2023-05-01,FY 2023-24,Consulting,L3,Mid (L3-L4),Bengaluru,Woman,2,0,0,0,0,0,24
2023-05-01,FY 2023-24,Consulting,L3,Mid (L3-L4),Hyderabad,Man,3,0,0,0,0,1,51
2023-05-01,FY 2023-24,Consulting,L3,Mid (L3-L4),Hyderabad,Woman,7,0,0,0,0,2,68
2023-05-01,FY 2023-24,Consulting,L4,Mid (L3-L4),Bengaluru,Man,6,1,0,0,0,0,61
2023-05-01,FY 2023-24,Consulting,L4,Mid (L3-L4),Bengaluru,Woman,2,0,0,0,0,1,27
2023-05-01,FY 2023-24,Consulting,L4,Mid (L3-L4),Hyderabad,Man,1,0,0,0,0,1,13
2023-05-01,FY 2023-24,Consulting,L4,Mid (L3-L4),Hyderabad,Woman,3,0,0,0,0,0,36
2023-05-01,FY 2023-24,Consulting,L5,Senior (L5-L6),Bengaluru,Man,2,0,0,0,0,1,21
2023-05-01,FY 2023-24,Consulting,L5,Senior (L5-L6),Bengaluru,Woman,0,0,0,0,0,0,0
2023-05-01,FY 2023-24,Consulting,L5,Senior (L5-L6),Hyderabad,Man,2,0,1,0,1,1,35
2023-05-01,FY 2023-24,Consulting,L5,Senior (L5-L6),Hyderabad,Woman,0,0,0,0,0,0,0
2023-05-01,FY 2023-24,Consulting,L6,Senior (L5-L6),Bengaluru,Man,1,0,0,0,0,1,8
2023-05-01,FY 2023-24,Consulting,L6,Senior (L5-L6),Hyderabad,Man,3,0,0,0,0,0,26
2023-05-01,FY 2023-24,Consulting,L6,Senior (L5-L6),Hyderabad,Woman,2,0,0,0,0,0,24
2023-05-01,FY 2023-24,Corporate Functions,L1,Junior (L1-L2),Bengaluru,Man,7,1,0,0,0,1,78
2023-05-01,FY 2023-24,Corporate Functions,L1,Junior (L1-L2),Bengaluru,Woman,5,1,0,0,0,2,57
2023-05-01,FY 2023-24,Corporate Functions,L1,Junior (L1-L2),Hyderabad,Man,16,0,0,0,0,3,191
2023-05-01,FY 2023-24,Corporate Functions,L1,Junior (L1-L2),Hyderabad,Woman,11,0,0,0,0,2,117
2023-05-01,FY 2023-24,Corporate Functions,L2,Junior (L1-L2),Bengaluru,Man,9,0,0,0,0,0,122
2023-05-01,FY 2023-24,Corporate Functions,L2,Junior (L1-L2),Bengaluru,Woman,3,0,0,0,0,1,37
2023-05-01,FY 2023-24,Corporate Functions,L2,Junior (L1-L2),Hyderabad,Man,17,0,0,0,0,3,196
2023-05-01,FY 2023-24,Corporate Functions,L2,Junior (L1-L2),Hyderabad,Woman,10,0,0,0,0,0,120
2023-05-01,FY 2023-24,Corporate Functions,L3,Mid (L3-L4),Bengaluru,Man,12,0,0,0,0,1,141
2023-05-01,FY 2023-24,Corporate Functions,L3,Mid (L3-L4),Bengaluru,Woman,6,0,0,0,0,2,67
2023-05-01,FY 2023-24,Corporate Functions,L3,Mid (L3-L4),Hyderabad,Man,10,0,0,0,0,5,127
2023-05-01,FY 2023-24,Corporate Functions,L3,Mid (L3-L4),Hyderabad,Woman,4,0,0,0,0,1,58
2023-05-01,FY 2023-24,Corporate Functions,L4,Mid (L3-L4),Bengaluru,Man,6,0,0,0,0,3,75
2023-05-01,FY 2023-24,Corporate Functions,L4,Mid (L3-L4),Bengaluru,Woman,1,0,0,0,0,0,2
2023-05-01,FY 2023-24,Corporate Functions,L4,Mid (L3-L4),Hyderabad,Man,11,0,0,0,0,1,120
2023-05-01,FY 2023-24,Corporate Functions,L4,Mid (L3-L4),Hyderabad,Woman,3,0,0,0,0,0,26
2023-05-01,FY 2023-24,Corporate Functions,L5,Senior (L5-L6),Bengaluru,Man,2,0,0,0,0,0,14
2023-05-01,FY 2023-24,Corporate Functions,L5,Senior (L5-L6),Bengaluru,Woman,0,0,0,0,0,0,0
2023-05-01,FY 2023-24,Corporate Functions,L5,Senior (L5-L6),Hyderabad,Man,2,0,0,0,0,1,32
2023-05-01,FY 2023-24,Corporate Functions,L6,Senior (L5-L6),Bengaluru,Man,2,0,0,0,0,0,24
2023-05-01,FY 2023-24,Corporate Functions,L6,Senior (L5-L6),Hyderabad,Man,2,0,0,0,0,0,24
2023-05-01,FY 2023-24,Data and Analytics,L1,Junior (L1-L2),Bengaluru,Man,14,1,0,0,0,6,173
2023-05-01,FY 2023-24,Data and Analytics,L1,Junior (L1-L2),Bengaluru,Woman,15,0,0,0,0,4,187
2023-05-01,FY 2023-24,Data and Analytics,L1,Junior (L1-L2),Hyderabad,Man,16,0,0,0,0,4,219
2023-05-01,FY 2023-24,Data and Analytics,L1,Junior (L1-L2),Hyderabad,Woman,11,0,1,0,0,3,161
2023-05-01,FY 2023-24,Data and Analytics,L2,Junior (L1-L2),Bengaluru,Man,19,0,1,0,0,8,215
2023-05-01,FY 2023-24,Data and Analytics,L2,Junior (L1-L2),Bengaluru,Woman,7,0,0,0,0,3,78
2023-05-01,FY 2023-24,Data and Analytics,L2,Junior (L1-L2),Hyderabad,Man,25,1,0,0,0,10,295
2023-05-01,FY 2023-24,Data and Analytics,L2,Junior (L1-L2),Hyderabad,Woman,21,2,0,0,0,6,224
2023-05-01,FY 2023-24,Data and Analytics,L3,Mid (L3-L4),Bengaluru,Man,12,0,0,0,0,4,132
2023-05-01,FY 2023-24,Data and Analytics,L3,Mid (L3-L4),Bengaluru,Woman,6,0,0,0,0,2,66
2023-05-01,FY 2023-24,Data and Analytics,L3,Mid (L3-L4),Hyderabad,Man,17,0,1,0,0,5,218
2023-05-01,FY 2023-24,Data and Analytics,L3,Mid (L3-L4),Hyderabad,Woman,5,0,0,0,0,2,73
2023-05-01,FY 2023-24,Data and Analytics,L4,Mid (L3-L4),Bengaluru,Man,6,0,0,0,0,0,62
2023-05-01,FY 2023-24,Data and Analytics,L4,Mid (L3-L4),Bengaluru,Woman,1,0,0,0,0,0,12
2023-05-01,FY 2023-24,Data and Analytics,L4,Mid (L3-L4),Hyderabad,Man,17,1,0,0,0,3,141
2023-05-01,FY 2023-24,Data and Analytics,L4,Mid (L3-L4),Hyderabad,Woman,2,0,0,0,0,1,48
2023-05-01,FY 2023-24,Data and Analytics,L5,Senior (L5-L6),Bengaluru,Man,3,0,0,0,0,1,33
2023-05-01,FY 2023-24,Data and Analytics,L5,Senior (L5-L6),Bengaluru,Woman,2,0,0,0,0,0,24
2023-05-01,FY 2023-24,Data and Analytics,L5,Senior (L5-L6),Hyderabad,Man,3,1,0,0,0,2,35
2023-05-01,FY 2023-24,Data and Analytics,L5,Senior (L5-L6),Hyderabad,Woman,3,0,0,0,0,0,16
2023-05-01,FY 2023-24,Data and Analytics,L6,Senior (L5-L6),Bengaluru,Man,1,0,0,0,0,1,16
2023-05-01,FY 2023-24,Data and Analytics,L6,Senior (L5-L6),Hyderabad,Man,3,0,0,0,0,0,36
2023-05-01,FY 2023-24,Data and Analytics,L6,Senior (L5-L6),Hyderabad,Woman,1,0,0,0,0,0,12
2023-05-01,FY 2023-24,Delivery,L1,Junior (L1-L2),Bengaluru,Man,44,0,1,0,0,9,602
2023-05-01,FY 2023-24,Delivery,L1,Junior (L1-L2),Bengaluru,Woman,44,1,0,1,0,10,542
2023-05-01,FY 2023-24,Delivery,L1,Junior (L1-L2),Hyderabad,Man,95,0,1,0,0,21,1140
2023-05-01,FY 2023-24,Delivery,L1,Junior (L1-L2),Hyderabad,Non-binary,0,0,1,0,0,1,11
2023-05-01,FY 2023-24,Delivery,L1,Junior (L1-L2),Hyderabad,Woman,64,0,0,0,0,15,750
2023-05-01,FY 2023-24,Delivery,L2,Junior (L1-L2),Bengaluru,Man,74,0,0,0,0,18,886
2023-05-01,FY 2023-24,Delivery,L2,Junior (L1-L2),Bengaluru,Non-binary,0,0,0,0,0,0,0
2023-05-01,FY 2023-24,Delivery,L2,Junior (L1-L2),Bengaluru,Woman,28,0,1,0,0,9,390
2023-05-01,FY 2023-24,Delivery,L2,Junior (L1-L2),Hyderabad,Man,110,1,2,1,0,34,1375
2023-05-01,FY 2023-24,Delivery,L2,Junior (L1-L2),Hyderabad,Non-binary,1,0,0,0,0,0,12
2023-05-01,FY 2023-24,Delivery,L2,Junior (L1-L2),Hyderabad,Woman,60,1,0,0,0,16,712
2023-05-01,FY 2023-24,Delivery,L3,Mid (L3-L4),Bengaluru,Man,52,1,0,0,0,19,545
2023-05-01,FY 2023-24,Delivery,L3,Mid (L3-L4),Bengaluru,Woman,30,1,1,0,0,9,332
2023-05-01,FY 2023-24,Delivery,L3,Mid (L3-L4),Hyderabad,Man,80,3,2,0,1,18,978
2023-05-01,FY 2023-24,Delivery,L3,Mid (L3-L4),Hyderabad,Non-binary,1,0,0,0,0,0,12
2023-05-01,FY 2023-24,Delivery,L3,Mid (L3-L4),Hyderabad,Woman,38,4,1,0,0,11,384
2023-05-01,FY 2023-24,Delivery,L4,Mid (L3-L4),Bengaluru,Man,23,0,1,0,0,6,289
2023-05-01,FY 2023-24,Delivery,L4,Mid (L3-L4),Bengaluru,Woman,12,0,0,0,0,3,109
2023-05-01,FY 2023-24,Delivery,L4,Mid (L3-L4),Hyderabad,Man,49,1,0,1,0,9,532
2023-05-01,FY 2023-24,Delivery,L4,Mid (L3-L4),Hyderabad,Woman,13,1,0,0,0,5,138
2023-05-01,FY 2023-24,Delivery,L5,Senior (L5-L6),Bengaluru,Man,21,0,0,0,0,3,229
2023-05-01,FY 2023-24,Delivery,L5,Senior (L5-L6),Bengaluru,Woman,6,0,0,0,0,0,82
2023-05-01,FY 2023-24,Delivery,L5,Senior (L5-L6),Hyderabad,Man,19,0,0,0,0,1,256
2023-05-01,FY 2023-24,Delivery,L5,Senior (L5-L6),Hyderabad,Woman,6,0,0,0,0,0,53
2023-05-01,FY 2023-24,Delivery,L6,Senior (L5-L6),Bengaluru,Man,8,0,0,0,0,2,93
2023-05-01,FY 2023-24,Delivery,L6,Senior (L5-L6),Bengaluru,Woman,3,0,0,0,0,0,16
2023-05-01,FY 2023-24,Delivery,L6,Senior (L5-L6),Hyderabad,Man,17,0,0,0,0,1,139
2023-05-01,FY 2023-24,Delivery,L6,Senior (L5-L6),Hyderabad,Woman,1,0,0,0,0,0,12
2023-05-01,FY 2023-24,Quality Engineering,L1,Junior (L1-L2),Bengaluru,Man,15,0,0,0,0,5,216
2023-05-01,FY 2023-24,Quality Engineering,L1,Junior (L1-L2),Bengaluru,Woman,21,1,1,0,0,1,253
2023-05-01,FY 2023-24,Quality Engineering,L1,Junior (L1-L2),Hyderabad,Man,25,0,0,0,0,4,352
2023-05-01,FY 2023-24,Quality Engineering,L1,Junior (L1-L2),Hyderabad,Non-binary,0,0,0,0,0,0,0
2023-05-01,FY 2023-24,Quality Engineering,L1,Junior (L1-L2),Hyderabad,Woman,20,1,0,1,0,7,275
2023-05-01,FY 2023-24,Quality Engineering,L2,Junior (L1-L2),Bengaluru,Man,26,0,0,1,0,6,293
2023-05-01,FY 2023-24,Quality Engineering,L2,Junior (L1-L2),Bengaluru,Non-binary,0,0,0,0,0,1,4
2023-05-01,FY 2023-24,Quality Engineering,L2,Junior (L1-L2),Bengaluru,Woman,16,1,0,0,0,6,172
2023-05-01,FY 2023-24,Quality Engineering,L2,Junior (L1-L2),Hyderabad,Man,39,1,1,0,0,13,464
2023-05-01,FY 2023-24,Quality Engineering,L2,Junior (L1-L2),Hyderabad,Woman,21,0,0,0,0,2,266
2023-05-01,FY 2023-24,Quality Engineering,L3,Mid (L3-L4),Bengaluru,Man,18,0,0,0,0,3,222
2023-05-01,FY 2023-24,Quality Engineering,L3,Mid (L3-L4),Bengaluru,Woman,11,1,0,0,0,0,105
2023-05-01,FY 2023-24,Quality Engineering,L3,Mid (L3-L4),Hyderabad,Man,21,2,0,0,0,7,226
2023-05-01,FY 2023-24,Quality Engineering,L3,Mid (L3-L4),Hyderabad,Woman,16,0,0,0,0,4,170
2023-05-01,FY 2023-24,Quality Engineering,L4,Mid (L3-L4),Bengaluru,Man,8,0,0,0,0,1,102
2023-05-01,FY 2023-24,Quality Engineering,L4,Mid (L3-L4),Bengaluru,Non-binary,1,0,0,0,0,0,12
2023-05-01,FY 2023-24,Quality Engineering,L4,Mid (L3-L4),Bengaluru,Woman,1,0,0,0,0,1,33
2023-05-01,FY 2023-24,Quality Engineering,L4,Mid (L3-L4),Hyderabad,Man,19,0,0,0,0,3,221
2023-05-01,FY 2023-24,Quality Engineering,L4,Mid (L3-L4),Hyderabad,Woman,4,0,0,0,0,0,68
2023-05-01,FY 2023-24,Quality Engineering,L5,Senior (L5-L6),Bengaluru,Man,4,0,0,0,0,0,28
2023-05-01,FY 2023-24,Quality Engineering,L5,Senior (L5-L6),Bengaluru,Woman,2,0,0,0,0,0,4
2023-05-01,FY 2023-24,Quality Engineering,L5,Senior (L5-L6),Hyderabad,Man,11,0,0,0,0,1,142
2023-05-01,FY 2023-24,Quality Engineering,L5,Senior (L5-L6),Hyderabad,Woman,3,0,0,0,0,0,16
2023-05-01,FY 2023-24,Quality Engineering,L6,Senior (L5-L6),Bengaluru,Man,4,0,0,0,0,0,39
2023-05-01,FY 2023-24,Quality Engineering,L6,Senior (L5-L6),Bengaluru,Woman,1,0,0,0,0,1,16
2023-05-01,FY 2023-24,Quality Engineering,L6,Senior (L5-L6),Hyderabad,Man,3,0,0,0,0,0,26
2023-05-01,FY 2023-24,Quality Engineering,L6,Senior (L5-L6),Hyderabad,Woman,1,0,0,0,0,0,12
2023-05-01,FY 2023-24,Sales and Presales,L1,Junior (L1-L2),Bengaluru,Man,11,1,0,0,0,2,129
2023-05-01,FY 2023-24,Sales and Presales,L1,Junior (L1-L2),Bengaluru,Non-binary,0,0,0,0,0,0,0
2023-05-01,FY 2023-24,Sales and Presales,L1,Junior (L1-L2),Bengaluru,Woman,4,0,0,0,0,2,44
2023-05-01,FY 2023-24,Sales and Presales,L1,Junior (L1-L2),Hyderabad,Man,12,1,1,0,0,7,138
2023-05-01,FY 2023-24,Sales and Presales,L1,Junior (L1-L2),Hyderabad,Woman,13,1,1,0,0,5,161
2023-05-01,FY 2023-24,Sales and Presales,L2,Junior (L1-L2),Bengaluru,Man,6,0,0,0,0,2,87
2023-05-01,FY 2023-24,Sales and Presales,L2,Junior (L1-L2),Bengaluru,Non-binary,0,0,0,0,0,0,0
2023-05-01,FY 2023-24,Sales and Presales,L2,Junior (L1-L2),Bengaluru,Woman,4,0,0,0,0,1,41
2023-05-01,FY 2023-24,Sales and Presales,L2,Junior (L1-L2),Hyderabad,Man,12,0,0,0,0,1,141
2023-05-01,FY 2023-24,Sales and Presales,L2,Junior (L1-L2),Hyderabad,Woman,9,0,0,0,0,1,101
2023-05-01,FY 2023-24,Sales and Presales,L3,Mid (L3-L4),Bengaluru,Man,8,0,0,0,0,3,97
2023-05-01,FY 2023-24,Sales and Presales,L3,Mid (L3-L4),Bengaluru,Woman,5,0,0,0,0,0,54
2023-05-01,FY 2023-24,Sales and Presales,L3,Mid (L3-L4),Hyderabad,Man,10,0,1,0,1,2,134
2023-05-01,FY 2023-24,Sales and Presales,L3,Mid (L3-L4),Hyderabad,Woman,5,0,0,0,0,0,54
2023-05-01,FY 2023-24,Sales and Presales,L4,Mid (L3-L4),Bengaluru,Man,4,0,0,0,0,1,34
2023-05-01,FY 2023-24,Sales and Presales,L4,Mid (L3-L4),Bengaluru,Woman,0,0,0,0,0,2,2
2023-05-01,FY 2023-24,Sales and Presales,L4,Mid (L3-L4),Hyderabad,Man,8,0,0,0,0,3,98
2023-05-01,FY 2023-24,Sales and Presales,L4,Mid (L3-L4),Hyderabad,Woman,0,0,0,0,0,0,0
2023-05-01,FY 2023-24,Sales and Presales,L5,Senior (L5-L6),Bengaluru,Man,1,0,0,0,0,0,12
2023-05-01,FY 2023-24,Sales and Presales,L5,Senior (L5-L6),Hyderabad,Man,4,0,0,0,0,2,35
2023-05-01,FY 2023-24,Sales and Presales,L5,Senior (L5-L6),Hyderabad,Woman,1,0,0,0,0,0,12
2023-05-01,FY 2023-24,Sales and Presales,L6,Senior (L5-L6),Bengaluru,Man,1,0,0,0,0,0,12
2023-05-01,FY 2023-24,Sales and Presales,L6,Senior (L5-L6),Hyderabad,Man,2,0,0,0,0,0,14
2023-06-01,FY 2023-24,Cloud and Infrastructure,L1,Junior (L1-L2),Bengaluru,Man,17,0,0,0,0,1,217
2023-06-01,FY 2023-24,Cloud and Infrastructure,L1,Junior (L1-L2),Bengaluru,Woman,15,0,1,0,0,3,192
2023-06-01,FY 2023-24,Cloud and Infrastructure,L1,Junior (L1-L2),Hyderabad,Man,27,0,1,0,0,2,319
2023-06-01,FY 2023-24,Cloud and Infrastructure,L1,Junior (L1-L2),Hyderabad,Woman,18,0,0,0,0,6,230
2023-06-01,FY 2023-24,Cloud and Infrastructure,L2,Junior (L1-L2),Bengaluru,Man,22,1,0,0,0,6,232
2023-06-01,FY 2023-24,Cloud and Infrastructure,L2,Junior (L1-L2),Bengaluru,Woman,14,0,0,0,0,2,168
2023-06-01,FY 2023-24,Cloud and Infrastructure,L2,Junior (L1-L2),Hyderabad,Man,31,1,1,0,0,7,333
2023-06-01,FY 2023-24,Cloud and Infrastructure,L2,Junior (L1-L2),Hyderabad,Woman,21,0,0,0,0,6,275
2023-06-01,FY 2023-24,Cloud and Infrastructure,L3,Mid (L3-L4),Bengaluru,Man,16,1,0,0,0,2,165
2023-06-01,FY 2023-24,Cloud and Infrastructure,L3,Mid (L3-L4),Bengaluru,Woman,2,0,1,0,1,4,45
2023-06-01,FY 2023-24,Cloud and Infrastructure,L3,Mid (L3-L4),Hyderabad,Man,18,0,0,0,0,3,204
2023-06-01,FY 2023-24,Cloud and Infrastructure,L3,Mid (L3-L4),Hyderabad,Non-binary,0,0,0,0,0,1,1
2023-06-01,FY 2023-24,Cloud and Infrastructure,L3,Mid (L3-L4),Hyderabad,Woman,8,0,0,0,0,2,108
2023-06-01,FY 2023-24,Cloud and Infrastructure,L4,Mid (L3-L4),Bengaluru,Man,8,0,0,0,0,1,101
2023-06-01,FY 2023-24,Cloud and Infrastructure,L4,Mid (L3-L4),Bengaluru,Woman,2,0,0,0,0,1,27
2023-06-01,FY 2023-24,Cloud and Infrastructure,L4,Mid (L3-L4),Hyderabad,Man,6,0,0,0,0,5,76
2023-06-01,FY 2023-24,Cloud and Infrastructure,L4,Mid (L3-L4),Hyderabad,Woman,7,0,0,0,0,1,52
2023-06-01,FY 2023-24,Cloud and Infrastructure,L5,Senior (L5-L6),Bengaluru,Man,2,0,0,0,0,0,15
2023-06-01,FY 2023-24,Cloud and Infrastructure,L5,Senior (L5-L6),Bengaluru,Woman,1,0,0,0,0,0,12
2023-06-01,FY 2023-24,Cloud and Infrastructure,L5,Senior (L5-L6),Hyderabad,Man,8,0,0,0,0,0,70
2023-06-01,FY 2023-24,Cloud and Infrastructure,L5,Senior (L5-L6),Hyderabad,Woman,2,1,0,0,0,1,15
2023-06-01,FY 2023-24,Cloud and Infrastructure,L6,Senior (L5-L6),Bengaluru,Man,1,0,0,0,0,0,4
2023-06-01,FY 2023-24,Cloud and Infrastructure,L6,Senior (L5-L6),Bengaluru,Woman,1,0,0,0,0,0,12
2023-06-01,FY 2023-24,Cloud and Infrastructure,L6,Senior (L5-L6),Hyderabad,Man,2,0,0,0,0,0,24
2023-06-01,FY 2023-24,Consulting,L1,Junior (L1-L2),Bengaluru,Man,3,0,0,0,0,1,45
2023-06-01,FY 2023-24,Consulting,L1,Junior (L1-L2),Bengaluru,Woman,4,0,0,0,0,0,57
2023-06-01,FY 2023-24,Consulting,L1,Junior (L1-L2),Hyderabad,Man,10,0,0,0,0,0,116
2023-06-01,FY 2023-24,Consulting,L1,Junior (L1-L2),Hyderabad,Woman,7,0,0,0,0,2,91
2023-06-01,FY 2023-24,Consulting,L2,Junior (L1-L2),Bengaluru,Man,7,0,0,0,0,0,84
2023-06-01,FY 2023-24,Consulting,L2,Junior (L1-L2),Bengaluru,Woman,2,0,0,0,0,2,32
2023-06-01,FY 2023-24,Consulting,L2,Junior (L1-L2),Hyderabad,Man,6,0,0,0,0,1,69
2023-06-01,FY 2023-24,Consulting,L2,Junior (L1-L2),Hyderabad,Woman,7,0,0,0,0,0,84
2023-06-01,FY 2023-24,Consulting,L3,Mid (L3-L4),Bengaluru,Man,5,1,0,0,0,1,46
2023-06-01,FY 2023-24,Consulting,L3,Mid (L3-L4),Bengaluru,Woman,2,0,0,0,0,0,24
2023-06-01,FY 2023-24,Consulting,L3,Mid (L3-L4),Hyderabad,Man,3,0,0,0,0,1,49
2023-06-01,FY 2023-24,Consulting,L3,Mid (L3-L4),Hyderabad,Woman,7,0,0,0,0,2,69
2023-06-01,FY 2023-24,Consulting,L4,Mid (L3-L4),Bengaluru,Man,6,0,0,0,0,0,62
2023-06-01,FY 2023-24,Consulting,L4,Mid (L3-L4),Bengaluru,Woman,2,0,0,0,0,1,27
2023-06-01,FY 2023-24,Consulting,L4,Mid (L3-L4),Hyderabad,Man,1,0,0,0,0,1,12
2023-06-01,FY 2023-24,Consulting,L4,Mid (L3-L4),Hyderabad,Woman,3,0,0,0,0,0,36
2023-06-01,FY 2023-24,Consulting,L5,Senior (L5-L6),Bengaluru,Man,2,0,0,0,0,0,22
2023-06-01,FY 2023-24,Consulting,L5,Senior (L5-L6),Bengaluru,Woman,0,0,0,0,0,0,0
2023-06-01,FY 2023-24,Consulting,L5,Senior (L5-L6),Hyderabad,Man,2,0,0,0,0,1,34
2023-06-01,FY 2023-24,Consulting,L5,Senior (L5-L6),Hyderabad,Woman,0,0,0,0,0,0,0
2023-06-01,FY 2023-24,Consulting,L6,Senior (L5-L6),Bengaluru,Man,1,0,0,0,0,1,8
2023-06-01,FY 2023-24,Consulting,L6,Senior (L5-L6),Hyderabad,Man,3,0,0,0,0,0,27
2023-06-01,FY 2023-24,Consulting,L6,Senior (L5-L6),Hyderabad,Woman,2,0,0,0,0,0,24
2023-06-01,FY 2023-24,Corporate Functions,L1,Junior (L1-L2),Bengaluru,Man,7,0,0,0,0,1,79
2023-06-01,FY 2023-24,Corporate Functions,L1,Junior (L1-L2),Bengaluru,Woman,5,0,0,0,0,2,56
2023-06-01,FY 2023-24,Corporate Functions,L1,Junior (L1-L2),Hyderabad,Man,16,0,0,0,0,3,191
2023-06-01,FY 2023-24,Corporate Functions,L1,Junior (L1-L2),Hyderabad,Woman,11,0,0,0,0,1,119
2023-06-01,FY 2023-24,Corporate Functions,L2,Junior (L1-L2),Bengaluru,Man,9,0,0,0,0,0,122
2023-06-01,FY 2023-24,Corporate Functions,L2,Junior (L1-L2),Bengaluru,Woman,3,0,0,0,0,1,36
2023-06-01,FY 2023-24,Corporate Functions,L2,Junior (L1-L2),Hyderabad,Man,16,0,1,0,0,4,195
2023-06-01,FY 2023-24,Corporate Functions,L2,Junior (L1-L2),Hyderabad,Woman,10,0,0,0,0,0,120
2023-06-01,FY 2023-24,Corporate Functions,L3,Mid (L3-L4),Bengaluru,Man,12,0,0,0,0,1,141
2023-06-01,FY 2023-24,Corporate Functions,L3,Mid (L3-L4),Bengaluru,Woman,5,0,1,0,1,2,67
2023-06-01,FY 2023-24,Corporate Functions,L3,Mid (L3-L4),Hyderabad,Man,10,0,0,0,0,4,125
2023-06-01,FY 2023-24,Corporate Functions,L3,Mid (L3-L4),Hyderabad,Woman,4,0,0,0,0,1,58
2023-06-01,FY 2023-24,Corporate Functions,L4,Mid (L3-L4),Bengaluru,Man,7,1,0,0,0,3,75
2023-06-01,FY 2023-24,Corporate Functions,L4,Mid (L3-L4),Bengaluru,Woman,1,0,0,0,0,0,3
2023-06-01,FY 2023-24,Corporate Functions,L4,Mid (L3-L4),Hyderabad,Man,10,0,1,0,1,2,120
2023-06-01,FY 2023-24,Corporate Functions,L4,Mid (L3-L4),Hyderabad,Woman,3,0,0,0,0,0,27
2023-06-01,FY 2023-24,Corporate Functions,L5,Senior (L5-L6),Bengaluru,Man,2,0,0,0,0,0,15
2023-06-01,FY 2023-24,Corporate Functions,L5,Senior (L5-L6),Bengaluru,Woman,0,0,0,0,0,0,0
2023-06-01,FY 2023-24,Corporate Functions,L5,Senior (L5-L6),Hyderabad,Man,2,0,0,0,0,1,31
2023-06-01,FY 2023-24,Corporate Functions,L6,Senior (L5-L6),Bengaluru,Man,2,0,0,0,0,0,24
2023-06-01,FY 2023-24,Corporate Functions,L6,Senior (L5-L6),Hyderabad,Man,2,0,0,0,0,0,24
2023-06-01,FY 2023-24,Data and Analytics,L1,Junior (L1-L2),Bengaluru,Man,14,0,0,0,0,4,172
2023-06-01,FY 2023-24,Data and Analytics,L1,Junior (L1-L2),Bengaluru,Woman,14,0,1,0,0,5,186
2023-06-01,FY 2023-24,Data and Analytics,L1,Junior (L1-L2),Hyderabad,Man,16,0,0,0,0,4,217
2023-06-01,FY 2023-24,Data and Analytics,L1,Junior (L1-L2),Hyderabad,Woman,11,0,0,0,0,3,158
2023-06-01,FY 2023-24,Data and Analytics,L2,Junior (L1-L2),Bengaluru,Man,20,1,0,0,0,8,219
2023-06-01,FY 2023-24,Data and Analytics,L2,Junior (L1-L2),Bengaluru,Woman,7,0,0,0,0,3,78
2023-06-01,FY 2023-24,Data and Analytics,L2,Junior (L1-L2),Hyderabad,Man,25,0,0,0,0,10,293
2023-06-01,FY 2023-24,Data and Analytics,L2,Junior (L1-L2),Hyderabad,Woman,21,0,0,0,0,5,228
2023-06-01,FY 2023-24,Data and Analytics,L3,Mid (L3-L4),Bengaluru,Man,12,0,0,0,0,3,133
2023-06-01,FY 2023-24,Data and Analytics,L3,Mid (L3-L4),Bengaluru,Woman,5,0,1,0,0,3,65
2023-06-01,FY 2023-24,Data and Analytics,L3,Mid (L3-L4),Hyderabad,Man,18,1,0,0,0,5,217
2023-06-01,FY 2023-24,Data and Analytics,L3,Mid (L3-L4),Hyderabad,Woman,5,0,0,0,0,2,73
2023-06-01,FY 2023-24,Data and Analytics,L4,Mid (L3-L4),Bengaluru,Man,6,0,0,0,0,0,63
2023-06-01,FY 2023-24,Data and Analytics,L4,Mid (L3-L4),Bengaluru,Woman,1,0,0,0,0,0,12
2023-06-01,FY 2023-24,Data and Analytics,L4,Mid (L3-L4),Hyderabad,Man,17,0,0,0,0,3,147
2023-06-01,FY 2023-24,Data and Analytics,L4,Mid (L3-L4),Hyderabad,Woman,2,0,0,0,0,1,45
2023-06-01,FY 2023-24,Data and Analytics,L5,Senior (L5-L6),Bengaluru,Man,3,0,0,0,0,0,34
2023-06-01,FY 2023-24,Data and Analytics,L5,Senior (L5-L6),Bengaluru,Woman,2,0,0,0,0,0,24
2023-06-01,FY 2023-24,Data and Analytics,L5,Senior (L5-L6),Hyderabad,Man,3,0,0,0,0,2,34
2023-06-01,FY 2023-24,Data and Analytics,L5,Senior (L5-L6),Hyderabad,Woman,3,0,0,0,0,0,18
2023-06-01,FY 2023-24,Data and Analytics,L6,Senior (L5-L6),Bengaluru,Man,1,0,0,0,0,1,15
2023-06-01,FY 2023-24,Data and Analytics,L6,Senior (L5-L6),Hyderabad,Man,3,0,0,0,0,0,36
2023-06-01,FY 2023-24,Data and Analytics,L6,Senior (L5-L6),Hyderabad,Woman,1,0,0,0,0,0,12
2023-06-01,FY 2023-24,Delivery,L1,Junior (L1-L2),Bengaluru,Man,45,1,0,0,0,8,599
2023-06-01,FY 2023-24,Delivery,L1,Junior (L1-L2),Bengaluru,Woman,44,0,0,0,0,7,539
2023-06-01,FY 2023-24,Delivery,L1,Junior (L1-L2),Hyderabad,Man,94,1,1,1,0,18,1139
2023-06-01,FY 2023-24,Delivery,L1,Junior (L1-L2),Hyderabad,Non-binary,0,0,0,0,0,1,10
2023-06-01,FY 2023-24,Delivery,L1,Junior (L1-L2),Hyderabad,Woman,65,2,1,0,0,14,751
2023-06-01,FY 2023-24,Delivery,L2,Junior (L1-L2),Bengaluru,Man,76,2,0,0,0,17,887
2023-06-01,FY 2023-24,Delivery,L2,Junior (L1-L2),Bengaluru,Non-binary,0,0,0,0,0,0,0
2023-06-01,FY 2023-24,Delivery,L2,Junior (L1-L2),Bengaluru,Woman,28,0,0,0,0,9,383
2023-06-01,FY 2023-24,Delivery,L2,Junior (L1-L2),Hyderabad,Man,108,3,4,1,1,37,1367
2023-06-01,FY 2023-24,Delivery,L2,Junior (L1-L2),Hyderabad,Non-binary,1,0,0,0,0,0,12
2023-06-01,FY 2023-24,Delivery,L2,Junior (L1-L2),Hyderabad,Woman,61,3,2,0,0,16,714
2023-06-01,FY 2023-24,Delivery,L3,Mid (L3-L4),Bengaluru,Man,50,0,2,0,0,19,548
2023-06-01,FY 2023-24,Delivery,L3,Mid (L3-L4),Bengaluru,Woman,30,1,1,0,0,7,333
2023-06-01,FY 2023-24,Delivery,L3,Mid (L3-L4),Hyderabad,Man,81,2,0,1,0,19,976
2023-06-01,FY 2023-24,Delivery,L3,Mid (L3-L4),Hyderabad,Non-binary,1,0,0,0,0,0,12
2023-06-01,FY 2023-24,Delivery,L3,Mid (L3-L4),Hyderabad,Woman,39,1,0,0,0,10,390
2023-06-01,FY 2023-24,Delivery,L4,Mid (L3-L4),Bengaluru,Man,23,0,0,0,0,5,288
2023-06-01,FY 2023-24,Delivery,L4,Mid (L3-L4),Bengaluru,Woman,12,1,1,0,1,3,112
2023-06-01,FY 2023-24,Delivery,L4,Mid (L3-L4),Hyderabad,Man,49,0,0,0,0,9,535
2023-06-01,FY 2023-24,Delivery,L4,Mid (L3-L4),Hyderabad,Woman,13,0,0,0,0,4,138
2023-06-01,FY 2023-24,Delivery,L5,Senior (L5-L6),Bengaluru,Man,20,0,0,1,0,3,230
2023-06-01,FY 2023-24,Delivery,L5,Senior (L5-L6),Bengaluru,Woman,6,0,0,0,0,0,81
2023-06-01,FY 2023-24,Delivery,L5,Senior (L5-L6),Hyderabad,Man,19,0,0,0,0,1,254
2023-06-01,FY 2023-24,Delivery,L5,Senior (L5-L6),Hyderabad,Woman,6,0,0,0,0,0,55
2023-06-01,FY 2023-24,Delivery,L6,Senior (L5-L6),Bengaluru,Man,8,0,0,0,0,2,93
2023-06-01,FY 2023-24,Delivery,L6,Senior (L5-L6),Bengaluru,Woman,3,0,0,0,0,0,18
2023-06-01,FY 2023-24,Delivery,L6,Senior (L5-L6),Hyderabad,Man,17,0,0,0,0,1,145
2023-06-01,FY 2023-24,Delivery,L6,Senior (L5-L6),Hyderabad,Woman,1,0,0,0,0,0,12
2023-06-01,FY 2023-24,Quality Engineering,L1,Junior (L1-L2),Bengaluru,Man,15,0,0,0,0,5,210
2023-06-01,FY 2023-24,Quality Engineering,L1,Junior (L1-L2),Bengaluru,Woman,20,0,1,0,0,2,254
2023-06-01,FY 2023-24,Quality Engineering,L1,Junior (L1-L2),Hyderabad,Man,24,0,1,0,0,5,345
2023-06-01,FY 2023-24,Quality Engineering,L1,Junior (L1-L2),Hyderabad,Non-binary,0,0,0,0,0,0,0
2023-06-01,FY 2023-24,Quality Engineering,L1,Junior (L1-L2),Hyderabad,Woman,20,1,1,0,0,8,270
2023-06-01,FY 2023-24,Quality Engineering,L2,Junior (L1-L2),Bengaluru,Man,26,0,0,0,0,5,295
2023-06-01,FY 2023-24,Quality Engineering,L2,Junior (L1-L2),Bengaluru,Non-binary,0,0,0,0,0,1,3
2023-06-01,FY 2023-24,Quality Engineering,L2,Junior (L1-L2),Bengaluru,Woman,17,1,0,0,0,6,175
2023-06-01,FY 2023-24,Quality Engineering,L2,Junior (L1-L2),Hyderabad,Man,38,0,1,0,0,14,462
2023-06-01,FY 2023-24,Quality Engineering,L2,Junior (L1-L2),Hyderabad,Woman,22,1,0,0,0,2,267
2023-06-01,FY 2023-24,Quality Engineering,L3,Mid (L3-L4),Bengaluru,Man,18,0,0,0,0,3,221
2023-06-01,FY 2023-24,Quality Engineering,L3,Mid (L3-L4),Bengaluru,Woman,11,0,0,0,0,0,108
2023-06-01,FY 2023-24,Quality Engineering,L3,Mid (L3-L4),Hyderabad,Man,21,0,0,0,0,7,226
2023-06-01,FY 2023-24,Quality Engineering,L3,Mid (L3-L4),Hyderabad,Woman,16,0,0,0,0,4,172
2023-06-01,FY 2023-24,Quality Engineering,L4,Mid (L3-L4),Bengaluru,Man,8,0,0,0,0,1,102
2023-06-01,FY 2023-24,Quality Engineering,L4,Mid (L3-L4),Bengaluru,Non-binary,1,0,0,0,0,0,12
2023-06-01,FY 2023-24,Quality Engineering,L4,Mid (L3-L4),Bengaluru,Woman,1,0,0,0,0,1,31
2023-06-01,FY 2023-24,Quality Engineering,L4,Mid (L3-L4),Hyderabad,Man,18,0,1,0,0,3,224
2023-06-01,FY 2023-24,Quality Engineering,L4,Mid (L3-L4),Hyderabad,Woman,4,0,0,0,0,0,66
2023-06-01,FY 2023-24,Quality Engineering,L5,Senior (L5-L6),Bengaluru,Man,4,0,0,0,0,0,30
2023-06-01,FY 2023-24,Quality Engineering,L5,Senior (L5-L6),Bengaluru,Woman,2,0,0,0,0,0,6
2023-06-01,FY 2023-24,Quality Engineering,L5,Senior (L5-L6),Hyderabad,Man,11,0,0,0,0,1,141
2023-06-01,FY 2023-24,Quality Engineering,L5,Senior (L5-L6),Hyderabad,Woman,3,0,0,0,0,0,18
2023-06-01,FY 2023-24,Quality Engineering,L6,Senior (L5-L6),Bengaluru,Man,4,0,0,0,0,0,40
2023-06-01,FY 2023-24,Quality Engineering,L6,Senior (L5-L6),Bengaluru,Woman,1,0,0,0,0,1,16
2023-06-01,FY 2023-24,Quality Engineering,L6,Senior (L5-L6),Hyderabad,Man,3,0,0,0,0,0,27
2023-06-01,FY 2023-24,Quality Engineering,L6,Senior (L5-L6),Hyderabad,Woman,1,0,0,0,0,0,12
2023-06-01,FY 2023-24,Sales and Presales,L1,Junior (L1-L2),Bengaluru,Man,12,1,0,0,0,2,131
2023-06-01,FY 2023-24,Sales and Presales,L1,Junior (L1-L2),Bengaluru,Non-binary,0,0,0,0,0,0,0
2023-06-01,FY 2023-24,Sales and Presales,L1,Junior (L1-L2),Bengaluru,Woman,4,0,0,0,0,2,44
2023-06-01,FY 2023-24,Sales and Presales,L1,Junior (L1-L2),Hyderabad,Man,12,0,0,0,0,5,138
2023-06-01,FY 2023-24,Sales and Presales,L1,Junior (L1-L2),Hyderabad,Woman,13,0,0,0,0,5,163
2023-06-01,FY 2023-24,Sales and Presales,L2,Junior (L1-L2),Bengaluru,Man,6,0,0,0,0,2,86
2023-06-01,FY 2023-24,Sales and Presales,L2,Junior (L1-L2),Bengaluru,Non-binary,0,0,0,0,0,0,0
2023-06-01,FY 2023-24,Sales and Presales,L2,Junior (L1-L2),Bengaluru,Woman,4,0,0,0,0,1,41
2023-06-01,FY 2023-24,Sales and Presales,L2,Junior (L1-L2),Hyderabad,Man,12,0,0,0,0,1,142
2023-06-01,FY 2023-24,Sales and Presales,L2,Junior (L1-L2),Hyderabad,Woman,8,0,1,0,1,2,100
2023-06-01,FY 2023-24,Sales and Presales,L3,Mid (L3-L4),Bengaluru,Man,8,0,0,0,0,3,96
2023-06-01,FY 2023-24,Sales and Presales,L3,Mid (L3-L4),Bengaluru,Woman,5,0,0,0,0,0,55
2023-06-01,FY 2023-24,Sales and Presales,L3,Mid (L3-L4),Hyderabad,Man,10,0,0,0,0,2,132
2023-06-01,FY 2023-24,Sales and Presales,L3,Mid (L3-L4),Hyderabad,Woman,5,0,0,0,0,0,55
2023-06-01,FY 2023-24,Sales and Presales,L4,Mid (L3-L4),Bengaluru,Man,4,0,0,0,0,1,36
2023-06-01,FY 2023-24,Sales and Presales,L4,Mid (L3-L4),Bengaluru,Woman,0,0,0,0,0,1,1
2023-06-01,FY 2023-24,Sales and Presales,L4,Mid (L3-L4),Hyderabad,Man,8,0,0,0,0,2,98
2023-06-01,FY 2023-24,Sales and Presales,L4,Mid (L3-L4),Hyderabad,Woman,0,0,0,0,0,0,0
2023-06-01,FY 2023-24,Sales and Presales,L5,Senior (L5-L6),Bengaluru,Man,1,0,0,0,0,0,12
2023-06-01,FY 2023-24,Sales and Presales,L5,Senior (L5-L6),Hyderabad,Man,4,0,0,0,0,2,36
2023-06-01,FY 2023-24,Sales and Presales,L5,Senior (L5-L6),Hyderabad,Woman,1,0,0,0,0,0,12
2023-06-01,FY 2023-24,Sales and Presales,L6,Senior (L5-L6),Bengaluru,Man,1,0,0,0,0,0,12
2023-06-01,FY 2023-24,Sales and Presales,L6,Senior (L5-L6),Hyderabad,Man,2,0,0,0,0,0,15
2023-07-01,FY 2023-24,Cloud and Infrastructure,L1,Junior (L1-L2),Bengaluru,Man,17,0,0,0,0,1,216
2023-07-01,FY 2023-24,Cloud and Infrastructure,L1,Junior (L1-L2),Bengaluru,Woman,15,0,0,0,0,3,190
2023-07-01,FY 2023-24,Cloud and Infrastructure,L1,Junior (L1-L2),Hyderabad,Man,27,0,0,0,0,2,320
2023-07-01,FY 2023-24,Cloud and Infrastructure,L1,Junior (L1-L2),Hyderabad,Woman,18,0,0,0,0,4,228
2023-07-01,FY 2023-24,Cloud and Infrastructure,L2,Junior (L1-L2),Bengaluru,Man,22,0,0,0,0,6,235
2023-07-01,FY 2023-24,Cloud and Infrastructure,L2,Junior (L1-L2),Bengaluru,Woman,13,0,0,1,0,3,167
2023-07-01,FY 2023-24,Cloud and Infrastructure,L2,Junior (L1-L2),Hyderabad,Man,30,1,2,0,0,6,340
2023-07-01,FY 2023-24,Cloud and Infrastructure,L2,Junior (L1-L2),Hyderabad,Woman,20,1,2,0,0,8,272
2023-07-01,FY 2023-24,Cloud and Infrastructure,L3,Mid (L3-L4),Bengaluru,Man,18,2,0,0,0,2,171
2023-07-01,FY 2023-24,Cloud and Infrastructure,L3,Mid (L3-L4),Bengaluru,Woman,2,0,0,0,0,4,42
2023-07-01,FY 2023-24,Cloud and Infrastructure,L3,Mid (L3-L4),Hyderabad,Man,18,0,0,0,0,3,205
2023-07-01,FY 2023-24,Cloud and Infrastructure,L3,Mid (L3-L4),Hyderabad,Non-binary,0,0,0,0,0,1,0
2023-07-01,FY 2023-24,Cloud and Infrastructure,L3,Mid (L3-L4),Hyderabad,Woman,7,0,1,0,1,3,106
2023-07-01,FY 2023-24,Cloud and Infrastructure,L4,Mid (L3-L4),Bengaluru,Man,8,0,0,0,0,1,101
2023-07-01,FY 2023-24,Cloud and Infrastructure,L4,Mid (L3-L4),Bengaluru,Woman,2,0,0,0,0,1,26
2023-07-01,FY 2023-24,Cloud and Infrastructure,L4,Mid (L3-L4),Hyderabad,Man,6,0,0,0,0,4,75
2023-07-01,FY 2023-24,Cloud and Infrastructure,L4,Mid (L3-L4),Hyderabad,Woman,7,0,0,0,0,1,55
2023-07-01,FY 2023-24,Cloud and Infrastructure,L5,Senior (L5-L6),Bengaluru,Man,2,0,0,0,0,0,16
2023-07-01,FY 2023-24,Cloud and Infrastructure,L5,Senior (L5-L6),Bengaluru,Woman,1,0,0,0,0,0,12
2023-07-01,FY 2023-24,Cloud and Infrastructure,L5,Senior (L5-L6),Hyderabad,Man,8,0,0,0,0,0,74
2023-07-01,FY 2023-24,Cloud and Infrastructure,L5,Senior (L5-L6),Hyderabad,Woman,2,0,0,0,0,1,15
2023-07-01,FY 2023-24,Cloud and Infrastructure,L6,Senior (L5-L6),Bengaluru,Man,1,0,0,0,0,0,5
2023-07-01,FY 2023-24,Cloud and Infrastructure,L6,Senior (L5-L6),Bengaluru,Woman,1,0,0,0,0,0,12
2023-07-01,FY 2023-24,Cloud and Infrastructure,L6,Senior (L5-L6),Hyderabad,Man,2,0,0,0,0,0,24
2023-07-01,FY 2023-24,Consulting,L1,Junior (L1-L2),Bengaluru,Man,3,0,0,0,0,1,44
2023-07-01,FY 2023-24,Consulting,L1,Junior (L1-L2),Bengaluru,Woman,5,1,0,0,0,0,57
2023-07-01,FY 2023-24,Consulting,L1,Junior (L1-L2),Hyderabad,Man,10,0,0,0,0,0,117
2023-07-01,FY 2023-24,Consulting,L1,Junior (L1-L2),Hyderabad,Woman,7,0,0,0,0,2,89
2023-07-01,FY 2023-24,Consulting,L2,Junior (L1-L2),Bengaluru,Man,8,1,0,0,0,0,85
2023-07-01,FY 2023-24,Consulting,L2,Junior (L1-L2),Bengaluru,Woman,2,0,0,0,0,2,32
2023-07-01,FY 2023-24,Consulting,L2,Junior (L1-L2),Hyderabad,Man,6,0,0,0,0,1,69
2023-07-01,FY 2023-24,Consulting,L2,Junior (L1-L2),Hyderabad,Woman,7,0,0,0,0,0,84
2023-07-01,FY 2023-24,Consulting,L3,Mid (L3-L4),Bengaluru,Man,5,0,0,0,0,1,48
2023-07-01,FY 2023-24,Consulting,L3,Mid (L3-L4),Bengaluru,Woman,2,0,0,0,0,0,24
2023-07-01,FY 2023-24,Consulting,L3,Mid (L3-L4),Hyderabad,Man,3,0,0,0,0,1,47
2023-07-01,FY 2023-24,Consulting,L3,Mid (L3-L4),Hyderabad,Woman,7,0,0,0,0,2,70
2023-07-01,FY 2023-24,Consulting,L4,Mid (L3-L4),Bengaluru,Man,6,0,0,0,0,0,63
2023-07-01,FY 2023-24,Consulting,L4,Mid (L3-L4),Bengaluru,Woman,2,0,0,0,0,1,27
2023-07-01,FY 2023-24,Consulting,L4,Mid (L3-L4),Hyderabad,Man,1,0,0,0,0,0,12
2023-07-01,FY 2023-24,Consulting,L4,Mid (L3-L4),Hyderabad,Woman,3,0,0,0,0,0,36
2023-07-01,FY 2023-24,Consulting,L5,Senior (L5-L6),Bengaluru,Man,2,0,0,0,0,0,23
2023-07-01,FY 2023-24,Consulting,L5,Senior (L5-L6),Bengaluru,Woman,0,0,0,0,0,0,0
2023-07-01,FY 2023-24,Consulting,L5,Senior (L5-L6),Hyderabad,Man,2,0,0,0,0,1,33
2023-07-01,FY 2023-24,Consulting,L5,Senior (L5-L6),Hyderabad,Woman,0,0,0,0,0,0,0
2023-07-01,FY 2023-24,Consulting,L6,Senior (L5-L6),Bengaluru,Man,1,0,0,0,0,1,8
2023-07-01,FY 2023-24,Consulting,L6,Senior (L5-L6),Hyderabad,Man,3,0,0,0,0,0,28
2023-07-01,FY 2023-24,Consulting,L6,Senior (L5-L6),Hyderabad,Woman,2,0,0,0,0,0,24
2023-07-01,FY 2023-24,Corporate Functions,L1,Junior (L1-L2),Bengaluru,Man,7,0,0,0,0,1,80
2023-07-01,FY 2023-24,Corporate Functions,L1,Junior (L1-L2),Bengaluru,Woman,5,0,0,0,0,1,56
2023-07-01,FY 2023-24,Corporate Functions,L1,Junior (L1-L2),Hyderabad,Man,16,0,0,0,0,3,191
2023-07-01,FY 2023-24,Corporate Functions,L1,Junior (L1-L2),Hyderabad,Woman,11,0,0,0,0,1,120
2023-07-01,FY 2023-24,Corporate Functions,L2,Junior (L1-L2),Bengaluru,Man,9,0,0,0,0,0,122
2023-07-01,FY 2023-24,Corporate Functions,L2,Junior (L1-L2),Bengaluru,Woman,3,0,0,0,0,0,36
2023-07-01,FY 2023-24,Corporate Functions,L2,Junior (L1-L2),Hyderabad,Man,16,0,0,0,0,4,194
2023-07-01,FY 2023-24,Corporate Functions,L2,Junior (L1-L2),Hyderabad,Woman,10,0,0,0,0,0,120
2023-07-01,FY 2023-24,Corporate Functions,L3,Mid (L3-L4),Bengaluru,Man,12,0,0,0,0,1,141
2023-07-01,FY 2023-24,Corporate Functions,L3,Mid (L3-L4),Bengaluru,Woman,5,0,0,0,0,1,68
2023-07-01,FY 2023-24,Corporate Functions,L3,Mid (L3-L4),Hyderabad,Man,12,2,0,0,0,3,126
2023-07-01,FY 2023-24,Corporate Functions,L3,Mid (L3-L4),Hyderabad,Woman,4,0,0,0,0,1,58
2023-07-01,FY 2023-24,Corporate Functions,L4,Mid (L3-L4),Bengaluru,Man,7,0,0,0,0,3,75
2023-07-01,FY 2023-24,Corporate Functions,L4,Mid (L3-L4),Bengaluru,Woman,1,0,0,0,0,0,4
2023-07-01,FY 2023-24,Corporate Functions,L4,Mid (L3-L4),Hyderabad,Man,10,0,0,0,0,2,120
2023-07-01,FY 2023-24,Corporate Functions,L4,Mid (L3-L4),Hyderabad,Woman,3,0,0,0,0,0,28
2023-07-01,FY 2023-24,Corporate Functions,L5,Senior (L5-L6),Bengaluru,Man,2,0,0,0,0,0,16
2023-07-01,FY 2023-24,Corporate Functions,L5,Senior (L5-L6),Bengaluru,Woman,0,0,0,0,0,0,0
2023-07-01,FY 2023-24,Corporate Functions,L5,Senior (L5-L6),Hyderabad,Man,2,0,0,0,0,1,30
2023-07-01,FY 2023-24,Corporate Functions,L6,Senior (L5-L6),Bengaluru,Man,2,0,0,0,0,0,24
2023-07-01,FY 2023-24,Corporate Functions,L6,Senior (L5-L6),Hyderabad,Man,2,0,0,0,0,0,24
2023-07-01,FY 2023-24,Data and Analytics,L1,Junior (L1-L2),Bengaluru,Man,14,0,0,0,0,4,171
2023-07-01,FY 2023-24,Data and Analytics,L1,Junior (L1-L2),Bengaluru,Woman,14,0,0,0,0,4,185
2023-07-01,FY 2023-24,Data and Analytics,L1,Junior (L1-L2),Hyderabad,Man,16,0,0,0,0,3,215
2023-07-01,FY 2023-24,Data and Analytics,L1,Junior (L1-L2),Hyderabad,Woman,11,0,0,0,0,2,156
2023-07-01,FY 2023-24,Data and Analytics,L2,Junior (L1-L2),Bengaluru,Man,19,0,1,0,0,9,220
2023-07-01,FY 2023-24,Data and Analytics,L2,Junior (L1-L2),Bengaluru,Woman,7,0,0,0,0,3,78
2023-07-01,FY 2023-24,Data and Analytics,L2,Junior (L1-L2),Hyderabad,Man,25,0,0,0,0,8,293
2023-07-01,FY 2023-24,Data and Analytics,L2,Junior (L1-L2),Hyderabad,Woman,22,1,0,0,0,5,232
2023-07-01,FY 2023-24,Data and Analytics,L3,Mid (L3-L4),Bengaluru,Man,12,0,0,0,0,2,135
2023-07-01,FY 2023-24,Data and Analytics,L3,Mid (L3-L4),Bengaluru,Woman,5,0,0,0,0,3,64
2023-07-01,FY 2023-24,Data and Analytics,L3,Mid (L3-L4),Hyderabad,Man,20,2,0,0,0,4,219
2023-07-01,FY 2023-24,Data and Analytics,L3,Mid (L3-L4),Hyderabad,Woman,5,0,0,0,0,2,72
2023-07-01,FY 2023-24,Data and Analytics,L4,Mid (L3-L4),Bengaluru,Man,6,0,0,0,0,0,64
2023-07-01,FY 2023-24,Data and Analytics,L4,Mid (L3-L4),Bengaluru,Woman,1,0,0,0,0,0,12
2023-07-01,FY 2023-24,Data and Analytics,L4,Mid (L3-L4),Hyderabad,Man,16,0,1,0,0,3,153
2023-07-01,FY 2023-24,Data and Analytics,L4,Mid (L3-L4),Hyderabad,Woman,2,0,0,0,0,1,42
2023-07-01,FY 2023-24,Data and Analytics,L5,Senior (L5-L6),Bengaluru,Man,3,0,0,0,0,0,35
2023-07-01,FY 2023-24,Data and Analytics,L5,Senior (L5-L6),Bengaluru,Woman,2,0,0,0,0,0,24
2023-07-01,FY 2023-24,Data and Analytics,L5,Senior (L5-L6),Hyderabad,Man,3,0,0,0,0,2,33
2023-07-01,FY 2023-24,Data and Analytics,L5,Senior (L5-L6),Hyderabad,Woman,3,0,0,0,0,0,20
2023-07-01,FY 2023-24,Data and Analytics,L6,Senior (L5-L6),Bengaluru,Man,1,0,0,0,0,1,14
2023-07-01,FY 2023-24,Data and Analytics,L6,Senior (L5-L6),Hyderabad,Man,3,0,0,0,0,0,36
2023-07-01,FY 2023-24,Data and Analytics,L6,Senior (L5-L6),Hyderabad,Woman,1,0,0,0,0,0,12
2023-07-01,FY 2023-24,Delivery,L1,Junior (L1-L2),Bengaluru,Man,46,1,0,0,0,7,596
2023-07-01,FY 2023-24,Delivery,L1,Junior (L1-L2),Bengaluru,Woman,43,1,1,1,0,8,536
2023-07-01,FY 2023-24,Delivery,L1,Junior (L1-L2),Hyderabad,Man,91,0,3,0,0,18,1138
2023-07-01,FY 2023-24,Delivery,L1,Junior (L1-L2),Hyderabad,Non-binary,0,0,0,0,0,1,9
2023-07-01,FY 2023-24,Delivery,L1,Junior (L1-L2),Hyderabad,Woman,64,0,1,0,0,13,751
2023-07-01,FY 2023-24,Delivery,L2,Junior (L1-L2),Bengaluru,Man,77,1,0,0,0,13,893
2023-07-01,FY 2023-24,Delivery,L2,Junior (L1-L2),Bengaluru,Non-binary,1,1,0,0,0,0,1
2023-07-01,FY 2023-24,Delivery,L2,Junior (L1-L2),Bengaluru,Woman,28,0,0,0,0,9,376
2023-07-01,FY 2023-24,Delivery,L2,Junior (L1-L2),Hyderabad,Man,111,4,1,0,0,37,1362
2023-07-01,FY 2023-24,Delivery,L2,Junior (L1-L2),Hyderabad,Non-binary,1,0,0,0,0,0,12
2023-07-01,FY 2023-24,Delivery,L2,Junior (L1-L2),Hyderabad,Woman,63,2,0,0,0,13,720
2023-07-01,FY 2023-24,Delivery,L3,Mid (L3-L4),Bengaluru,Man,51,1,0,0,0,18,553
2023-07-01,FY 2023-24,Delivery,L3,Mid (L3-L4),Bengaluru,Woman,30,0,0,0,0,7,334
2023-07-01,FY 2023-24,Delivery,L3,Mid (L3-L4),Hyderabad,Man,82,1,0,0,0,18,974
2023-07-01,FY 2023-24,Delivery,L3,Mid (L3-L4),Hyderabad,Non-binary,1,0,0,0,0,0,12
2023-07-01,FY 2023-24,Delivery,L3,Mid (L3-L4),Hyderabad,Woman,39,0,0,0,0,9,396
2023-07-01,FY 2023-24,Delivery,L4,Mid (L3-L4),Bengaluru,Man,24,1,0,0,0,5,287
2023-07-01,FY 2023-24,Delivery,L4,Mid (L3-L4),Bengaluru,Woman,12,0,0,0,0,2,116
2023-07-01,FY 2023-24,Delivery,L4,Mid (L3-L4),Hyderabad,Man,51,2,0,0,0,9,540
2023-07-01,FY 2023-24,Delivery,L4,Mid (L3-L4),Hyderabad,Woman,13,0,0,0,0,4,138
2023-07-01,FY 2023-24,Delivery,L5,Senior (L5-L6),Bengaluru,Man,20,0,0,0,0,3,231
2023-07-01,FY 2023-24,Delivery,L5,Senior (L5-L6),Bengaluru,Woman,6,0,0,0,0,0,80
2023-07-01,FY 2023-24,Delivery,L5,Senior (L5-L6),Hyderabad,Man,19,0,0,0,0,1,252
2023-07-01,FY 2023-24,Delivery,L5,Senior (L5-L6),Hyderabad,Woman,6,0,0,0,0,0,57
2023-07-01,FY 2023-24,Delivery,L6,Senior (L5-L6),Bengaluru,Man,8,0,0,0,0,2,93
2023-07-01,FY 2023-24,Delivery,L6,Senior (L5-L6),Bengaluru,Woman,3,0,0,0,0,0,20
2023-07-01,FY 2023-24,Delivery,L6,Senior (L5-L6),Hyderabad,Man,17,0,0,0,0,1,151
2023-07-01,FY 2023-24,Delivery,L6,Senior (L5-L6),Hyderabad,Woman,1,0,0,0,0,0,12
2023-07-01,FY 2023-24,Quality Engineering,L1,Junior (L1-L2),Bengaluru,Man,15,0,0,0,0,4,205
2023-07-01,FY 2023-24,Quality Engineering,L1,Junior (L1-L2),Bengaluru,Woman,19,0,1,0,0,3,253
2023-07-01,FY 2023-24,Quality Engineering,L1,Junior (L1-L2),Hyderabad,Man,25,1,0,0,0,4,340
2023-07-01,FY 2023-24,Quality Engineering,L1,Junior (L1-L2),Hyderabad,Non-binary,0,0,0,0,0,0,0
2023-07-01,FY 2023-24,Quality Engineering,L1,Junior (L1-L2),Hyderabad,Woman,20,0,0,0,0,8,265
2023-07-01,FY 2023-24,Quality Engineering,L2,Junior (L1-L2),Bengaluru,Man,26,1,1,0,1,6,296
2023-07-01,FY 2023-24,Quality Engineering,L2,Junior (L1-L2),Bengaluru,Non-binary,0,0,0,0,0,1,2
2023-07-01,FY 2023-24,Quality Engineering,L2,Junior (L1-L2),Bengaluru,Woman,17,0,0,0,0,6,177
2023-07-01,FY 2023-24,Quality Engineering,L2,Junior (L1-L2),Hyderabad,Man,40,2,0,0,0,12,462
2023-07-01,FY 2023-24,Quality Engineering,L2,Junior (L1-L2),Hyderabad,Woman,22,0,0,0,0,2,268
2023-07-01,FY 2023-24,Quality Engineering,L3,Mid (L3-L4),Bengaluru,Man,18,0,0,0,0,3,220
2023-07-01,FY 2023-24,Quality Engineering,L3,Mid (L3-L4),Bengaluru,Woman,10,0,1,0,0,1,110
2023-07-01,FY 2023-24,Quality Engineering,L3,Mid (L3-L4),Hyderabad,Man,21,0,0,0,0,6,227
2023-07-01,FY 2023-24,Quality Engineering,L3,Mid (L3-L4),Hyderabad,Woman,16,0,0,0,0,4,174
2023-07-01,FY 2023-24,Quality Engineering,L4,Mid (L3-L4),Bengaluru,Man,8,0,0,0,0,1,102
2023-07-01,FY 2023-24,Quality Engineering,L4,Mid (L3-L4),Bengaluru,Non-binary,1,0,0,0,0,0,12
2023-07-01,FY 2023-24,Quality Engineering,L4,Mid (L3-L4),Bengaluru,Woman,1,0,0,0,0,1,29
2023-07-01,FY 2023-24,Quality Engineering,L4,Mid (L3-L4),Hyderabad,Man,18,0,0,0,0,3,226
2023-07-01,FY 2023-24,Quality Engineering,L4,Mid (L3-L4),Hyderabad,Woman,4,0,0,0,0,0,64
2023-07-01,FY 2023-24,Quality Engineering,L5,Senior (L5-L6),Bengaluru,Man,4,0,0,0,0,0,32
2023-07-01,FY 2023-24,Quality Engineering,L5,Senior (L5-L6),Bengaluru,Woman,2,0,0,0,0,0,8
2023-07-01,FY 2023-24,Quality Engineering,L5,Senior (L5-L6),Hyderabad,Man,11,0,0,0,0,1,140
2023-07-01,FY 2023-24,Quality Engineering,L5,Senior (L5-L6),Hyderabad,Woman,3,0,0,0,0,0,20
2023-07-01,FY 2023-24,Quality Engineering,L6,Senior (L5-L6),Bengaluru,Man,4,0,0,0,0,0,41
2023-07-01,FY 2023-24,Quality Engineering,L6,Senior (L5-L6),Bengaluru,Woman,1,0,0,0,0,1,16
2023-07-01,FY 2023-24,Quality Engineering,L6,Senior (L5-L6),Hyderabad,Man,3,0,0,0,0,0,28
2023-07-01,FY 2023-24,Quality Engineering,L6,Senior (L5-L6),Hyderabad,Woman,1,0,0,0,0,0,12
2023-07-01,FY 2023-24,Sales and Presales,L1,Junior (L1-L2),Bengaluru,Man,12,0,0,0,0,2,133
2023-07-01,FY 2023-24,Sales and Presales,L1,Junior (L1-L2),Bengaluru,Non-binary,0,0,0,0,0,0,0
2023-07-01,FY 2023-24,Sales and Presales,L1,Junior (L1-L2),Bengaluru,Woman,4,0,0,0,0,1,44
2023-07-01,FY 2023-24,Sales and Presales,L1,Junior (L1-L2),Hyderabad,Man,11,0,0,1,0,6,137
2023-07-01,FY 2023-24,Sales and Presales,L1,Junior (L1-L2),Hyderabad,Woman,13,0,0,0,0,4,165
2023-07-01,FY 2023-24,Sales and Presales,L2,Junior (L1-L2),Bengaluru,Man,6,0,0,0,0,2,85
2023-07-01,FY 2023-24,Sales and Presales,L2,Junior (L1-L2),Bengaluru,Non-binary,0,0,0,0,0,0,0
2023-07-01,FY 2023-24,Sales and Presales,L2,Junior (L1-L2),Bengaluru,Woman,4,0,0,0,0,1,41
2023-07-01,FY 2023-24,Sales and Presales,L2,Junior (L1-L2),Hyderabad,Man,11,0,1,0,0,2,142
2023-07-01,FY 2023-24,Sales and Presales,L2,Junior (L1-L2),Hyderabad,Woman,8,0,0,0,0,2,99
2023-07-01,FY 2023-24,Sales and Presales,L3,Mid (L3-L4),Bengaluru,Man,7,0,1,0,0,4,94
2023-07-01,FY 2023-24,Sales and Presales,L3,Mid (L3-L4),Bengaluru,Woman,5,0,0,0,0,0,56
2023-07-01,FY 2023-24,Sales and Presales,L3,Mid (L3-L4),Hyderabad,Man,10,0,0,0,0,2,130
2023-07-01,FY 2023-24,Sales and Presales,L3,Mid (L3-L4),Hyderabad,Woman,5,0,0,0,0,0,56
2023-07-01,FY 2023-24,Sales and Presales,L4,Mid (L3-L4),Bengaluru,Man,4,0,0,0,0,1,38
2023-07-01,FY 2023-24,Sales and Presales,L4,Mid (L3-L4),Bengaluru,Woman,1,1,0,0,0,1,1
2023-07-01,FY 2023-24,Sales and Presales,L4,Mid (L3-L4),Hyderabad,Man,8,0,0,0,0,1,99
2023-07-01,FY 2023-24,Sales and Presales,L4,Mid (L3-L4),Hyderabad,Woman,0,0,0,0,0,0,0
2023-07-01,FY 2023-24,Sales and Presales,L5,Senior (L5-L6),Bengaluru,Man,1,0,0,0,0,0,12
2023-07-01,FY 2023-24,Sales and Presales,L5,Senior (L5-L6),Hyderabad,Man,4,0,0,0,0,1,38
2023-07-01,FY 2023-24,Sales and Presales,L5,Senior (L5-L6),Hyderabad,Woman,1,0,0,0,0,0,12
2023-07-01,FY 2023-24,Sales and Presales,L6,Senior (L5-L6),Bengaluru,Man,1,0,0,0,0,0,12
2023-07-01,FY 2023-24,Sales and Presales,L6,Senior (L5-L6),Hyderabad,Man,2,0,0,0,0,0,16
2023-08-01,FY 2023-24,Cloud and Infrastructure,L1,Junior (L1-L2),Bengaluru,Man,24,8,1,0,0,2,222
2023-08-01,FY 2023-24,Cloud and Infrastructure,L1,Junior (L1-L2),Bengaluru,Woman,16,1,0,0,0,2,190
2023-08-01,FY 2023-24,Cloud and Infrastructure,L1,Junior (L1-L2),Hyderabad,Man,31,5,1,0,0,2,326
2023-08-01,FY 2023-24,Cloud and Infrastructure,L1,Junior (L1-L2),Hyderabad,Woman,22,4,0,0,0,2,232
2023-08-01,FY 2023-24,Cloud and Infrastructure,L2,Junior (L1-L2),Bengaluru,Man,22,0,0,0,0,6,237
2023-08-01,FY 2023-24,Cloud and Infrastructure,L2,Junior (L1-L2),Bengaluru,Woman,13,1,1,0,1,4,166
2023-08-01,FY 2023-24,Cloud and Infrastructure,L2,Junior (L1-L2),Hyderabad,Man,30,0,0,0,0,6,346
2023-08-01,FY 2023-24,Cloud and Infrastructure,L2,Junior (L1-L2),Hyderabad,Woman,19,0,1,0,0,8,266
2023-08-01,FY 2023-24,Cloud and Infrastructure,L3,Mid (L3-L4),Bengaluru,Man,20,2,0,0,0,2,178
2023-08-01,FY 2023-24,Cloud and Infrastructure,L3,Mid (L3-L4),Bengaluru,Woman,2,0,0,0,0,4,39
2023-08-01,FY 2023-24,Cloud and Infrastructure,L3,Mid (L3-L4),Hyderabad,Man,18,0,0,0,0,3,206
2023-08-01,FY 2023-24,Cloud and Infrastructure,L3,Mid (L3-L4),Hyderabad,Non-binary,0,0,0,0,0,0,0
2023-08-01,FY 2023-24,Cloud and Infrastructure,L3,Mid (L3-L4),Hyderabad,Woman,7,0,0,0,0,3,104
2023-08-01,FY 2023-24,Cloud and Infrastructure,L4,Mid (L3-L4),Bengaluru,Man,8,0,0,0,0,1,101
2023-08-01,FY 2023-24,Cloud and Infrastructure,L4,Mid (L3-L4),Bengaluru,Woman,2,0,0,0,0,1,25
2023-08-01,FY 2023-24,Cloud and Infrastructure,L4,Mid (L3-L4),Hyderabad,Man,6,0,0,0,0,3,75
2023-08-01,FY 2023-24,Cloud and Infrastructure,L4,Mid (L3-L4),Hyderabad,Woman,7,0,0,0,0,1,58
2023-08-01,FY 2023-24,Cloud and Infrastructure,L5,Senior (L5-L6),Bengaluru,Man,2,0,0,0,0,0,17
2023-08-01,FY 2023-24,Cloud and Infrastructure,L5,Senior (L5-L6),Bengaluru,Woman,1,0,0,0,0,0,12
2023-08-01,FY 2023-24,Cloud and Infrastructure,L5,Senior (L5-L6),Hyderabad,Man,8,0,0,0,0,0,78
2023-08-01,FY 2023-24,Cloud and Infrastructure,L5,Senior (L5-L6),Hyderabad,Woman,2,0,0,0,0,1,15
2023-08-01,FY 2023-24,Cloud and Infrastructure,L6,Senior (L5-L6),Bengaluru,Man,1,0,0,0,0,0,6
2023-08-01,FY 2023-24,Cloud and Infrastructure,L6,Senior (L5-L6),Bengaluru,Woman,1,0,0,0,0,0,12
2023-08-01,FY 2023-24,Cloud and Infrastructure,L6,Senior (L5-L6),Hyderabad,Man,2,0,0,0,0,0,24
2023-08-01,FY 2023-24,Consulting,L1,Junior (L1-L2),Bengaluru,Man,5,2,0,0,0,1,45
2023-08-01,FY 2023-24,Consulting,L1,Junior (L1-L2),Bengaluru,Woman,6,1,0,0,0,0,58
2023-08-01,FY 2023-24,Consulting,L1,Junior (L1-L2),Hyderabad,Man,14,4,0,0,0,0,122
2023-08-01,FY 2023-24,Consulting,L1,Junior (L1-L2),Hyderabad,Woman,9,2,0,0,0,2,89
2023-08-01,FY 2023-24,Consulting,L2,Junior (L1-L2),Bengaluru,Man,8,0,0,0,0,0,86
2023-08-01,FY 2023-24,Consulting,L2,Junior (L1-L2),Bengaluru,Woman,2,1,1,0,1,3,31
2023-08-01,FY 2023-24,Consulting,L2,Junior (L1-L2),Hyderabad,Man,6,0,0,0,0,1,69
2023-08-01,FY 2023-24,Consulting,L2,Junior (L1-L2),Hyderabad,Woman,6,0,1,0,0,1,83
2023-08-01,FY 2023-24,Consulting,L3,Mid (L3-L4),Bengaluru,Man,5,0,0,0,0,1,50
2023-08-01,FY 2023-24,Consulting,L3,Mid (L3-L4),Bengaluru,Woman,2,0,0,0,0,0,24
2023-08-01,FY 2023-24,Consulting,L3,Mid (L3-L4),Hyderabad,Man,3,0,0,0,0,1,45
2023-08-01,FY 2023-24,Consulting,L3,Mid (L3-L4),Hyderabad,Woman,7,0,0,0,0,1,72
2023-08-01,FY 2023-24,Consulting,L4,Mid (L3-L4),Bengaluru,Man,6,0,0,0,0,0,64
2023-08-01,FY 2023-24,Consulting,L4,Mid (L3-L4),Bengaluru,Woman,2,0,0,0,0,1,27
2023-08-01,FY 2023-24,Consulting,L4,Mid (L3-L4),Hyderabad,Man,1,0,0,0,0,0,12
2023-08-01,FY 2023-24,Consulting,L4,Mid (L3-L4),Hyderabad,Woman,3,0,0,0,0,0,36
2023-08-01,FY 2023-24,Consulting,L5,Senior (L5-L6),Bengaluru,Man,2,0,0,0,0,0,24
2023-08-01,FY 2023-24,Consulting,L5,Senior (L5-L6),Bengaluru,Woman,0,0,0,0,0,0,0
2023-08-01,FY 2023-24,Consulting,L5,Senior (L5-L6),Hyderabad,Man,2,0,0,0,0,1,32
2023-08-01,FY 2023-24,Consulting,L5,Senior (L5-L6),Hyderabad,Woman,0,0,0,0,0,0,0
2023-08-01,FY 2023-24,Consulting,L6,Senior (L5-L6),Bengaluru,Man,1,0,0,0,0,1,8
2023-08-01,FY 2023-24,Consulting,L6,Senior (L5-L6),Hyderabad,Man,3,0,0,0,0,0,29
2023-08-01,FY 2023-24,Consulting,L6,Senior (L5-L6),Hyderabad,Woman,2,0,0,0,0,0,24
2023-08-01,FY 2023-24,Corporate Functions,L1,Junior (L1-L2),Bengaluru,Man,7,0,0,0,0,1,81
2023-08-01,FY 2023-24,Corporate Functions,L1,Junior (L1-L2),Bengaluru,Woman,5,0,0,0,0,1,56
2023-08-01,FY 2023-24,Corporate Functions,L1,Junior (L1-L2),Hyderabad,Man,16,0,0,0,0,2,191
2023-08-01,FY 2023-24,Corporate Functions,L1,Junior (L1-L2),Hyderabad,Woman,11,0,0,0,0,1,121
2023-08-01,FY 2023-24,Corporate Functions,L2,Junior (L1-L2),Bengaluru,Man,9,0,0,0,0,0,121
2023-08-01,FY 2023-24,Corporate Functions,L2,Junior (L1-L2),Bengaluru,Woman,3,0,0,0,0,0,36
2023-08-01,FY 2023-24,Corporate Functions,L2,Junior (L1-L2),Hyderabad,Man,17,1,0,0,0,3,195
2023-08-01,FY 2023-24,Corporate Functions,L2,Junior (L1-L2),Hyderabad,Woman,10,0,0,0,0,0,120
2023-08-01,FY 2023-24,Corporate Functions,L3,Mid (L3-L4),Bengaluru,Man,13,1,0,0,0,1,142
2023-08-01,FY 2023-24,Corporate Functions,L3,Mid (L3-L4),Bengaluru,Woman,5,0,0,0,0,1,68
2023-08-01,FY 2023-24,Corporate Functions,L3,Mid (L3-L4),Hyderabad,Man,12,0,0,0,0,3,127
2023-08-01,FY 2023-24,Corporate Functions,L3,Mid (L3-L4),Hyderabad,Woman,4,0,0,0,0,1,58
2023-08-01,FY 2023-24,Corporate Functions,L4,Mid (L3-L4),Bengaluru,Man,7,0,0,0,0,3,75
2023-08-01,FY 2023-24,Corporate Functions,L4,Mid (L3-L4),Bengaluru,Woman,1,0,0,0,0,0,5
2023-08-01,FY 2023-24,Corporate Functions,L4,Mid (L3-L4),Hyderabad,Man,10,0,0,0,0,1,121
2023-08-01,FY 2023-24,Corporate Functions,L4,Mid (L3-L4),Hyderabad,Woman,3,0,0,0,0,0,29
2023-08-01,FY 2023-24,Corporate Functions,L5,Senior (L5-L6),Bengaluru,Man,2,0,0,0,0,0,17
2023-08-01,FY 2023-24,Corporate Functions,L5,Senior (L5-L6),Bengaluru,Woman,0,0,0,0,0,0,0
2023-08-01,FY 2023-24,Corporate Functions,L5,Senior (L5-L6),Hyderabad,Man,2,0,0,0,0,1,29
2023-08-01,FY 2023-24,Corporate Functions,L6,Senior (L5-L6),Bengaluru,Man,2,0,0,0,0,0,24
2023-08-01,FY 2023-24,Corporate Functions,L6,Senior (L5-L6),Hyderabad,Man,2,0,0,0,0,0,24
2023-08-01,FY 2023-24,Data and Analytics,L1,Junior (L1-L2),Bengaluru,Man,18,4,0,0,0,3,175
2023-08-01,FY 2023-24,Data and Analytics,L1,Junior (L1-L2),Bengaluru,Woman,17,3,0,0,0,3,188
2023-08-01,FY 2023-24,Data and Analytics,L1,Junior (L1-L2),Hyderabad,Man,21,5,0,0,0,3,216
2023-08-01,FY 2023-24,Data and Analytics,L1,Junior (L1-L2),Hyderabad,Woman,13,2,0,0,0,2,155
2023-08-01,FY 2023-24,Data and Analytics,L2,Junior (L1-L2),Bengaluru,Man,18,0,1,0,0,9,220
2023-08-01,FY 2023-24,Data and Analytics,L2,Junior (L1-L2),Bengaluru,Woman,7,0,0,0,0,2,79
2023-08-01,FY 2023-24,Data and Analytics,L2,Junior (L1-L2),Hyderabad,Man,25,1,0,1,0,7,294
2023-08-01,FY 2023-24,Data and Analytics,L2,Junior (L1-L2),Hyderabad,Woman,22,0,0,0,0,5,235
2023-08-01,FY 2023-24,Data and Analytics,L3,Mid (L3-L4),Bengaluru,Man,12,0,0,0,0,2,137
2023-08-01,FY 2023-24,Data and Analytics,L3,Mid (L3-L4),Bengaluru,Woman,5,0,0,0,0,1,65
2023-08-01,FY 2023-24,Data and Analytics,L3,Mid (L3-L4),Hyderabad,Man,21,1,0,0,0,3,223
2023-08-01,FY 2023-24,Data and Analytics,L3,Mid (L3-L4),Hyderabad,Woman,5,0,0,0,0,2,71
2023-08-01,FY 2023-24,Data and Analytics,L4,Mid (L3-L4),Bengaluru,Man,6,0,0,0,0,0,65
2023-08-01,FY 2023-24,Data and Analytics,L4,Mid (L3-L4),Bengaluru,Woman,1,0,0,0,0,0,12
2023-08-01,FY 2023-24,Data and Analytics,L4,Mid (L3-L4),Hyderabad,Man,17,1,0,0,0,3,160
2023-08-01,FY 2023-24,Data and Analytics,L4,Mid (L3-L4),Hyderabad,Woman,3,1,0,0,0,1,40
2023-08-01,FY 2023-24,Data and Analytics,L5,Senior (L5-L6),Bengaluru,Man,3,0,0,0,0,0,36
2023-08-01,FY 2023-24,Data and Analytics,L5,Senior (L5-L6),Bengaluru,Woman,2,0,0,0,0,0,24
2023-08-01,FY 2023-24,Data and Analytics,L5,Senior (L5-L6),Hyderabad,Man,3,0,0,0,0,2,32
2023-08-01,FY 2023-24,Data and Analytics,L5,Senior (L5-L6),Hyderabad,Woman,3,0,0,0,0,0,22
2023-08-01,FY 2023-24,Data and Analytics,L6,Senior (L5-L6),Bengaluru,Man,1,0,0,0,0,1,13
2023-08-01,FY 2023-24,Data and Analytics,L6,Senior (L5-L6),Hyderabad,Man,3,0,0,0,0,0,36
2023-08-01,FY 2023-24,Data and Analytics,L6,Senior (L5-L6),Hyderabad,Woman,1,0,0,0,0,0,12
2023-08-01,FY 2023-24,Delivery,L1,Junior (L1-L2),Bengaluru,Man,72,27,0,1,0,7,617
2023-08-01,FY 2023-24,Delivery,L1,Junior (L1-L2),Bengaluru,Woman,61,19,1,0,1,8,551
2023-08-01,FY 2023-24,Delivery,L1,Junior (L1-L2),Hyderabad,Man,125,34,0,0,0,17,1170
2023-08-01,FY 2023-24,Delivery,L1,Junior (L1-L2),Hyderabad,Non-binary,0,0,0,0,0,1,8
2023-08-01,FY 2023-24,Delivery,L1,Junior (L1-L2),Hyderabad,Woman,93,29,0,0,0,10,783
2023-08-01,FY 2023-24,Delivery,L2,Junior (L1-L2),Bengaluru,Man,72,0,5,0,4,16,892
2023-08-01,FY 2023-24,Delivery,L2,Junior (L1-L2),Bengaluru,Non-binary,1,0,0,0,0,0,2
2023-08-01,FY 2023-24,Delivery,L2,Junior (L1-L2),Bengaluru,Woman,29,1,0,0,0,7,372
2023-08-01,FY 2023-24,Delivery,L2,Junior (L1-L2),Hyderabad,Man,111,1,1,0,0,34,1358
2023-08-01,FY 2023-24,Delivery,L2,Junior (L1-L2),Hyderabad,Non-binary,1,0,0,0,0,0,12
2023-08-01,FY 2023-24,Delivery,L2,Junior (L1-L2),Hyderabad,Woman,59,0,4,0,0,15,723
2023-08-01,FY 2023-24,Delivery,L3,Mid (L3-L4),Bengaluru,Man,53,2,0,0,0,17,560
2023-08-01,FY 2023-24,Delivery,L3,Mid (L3-L4),Bengaluru,Woman,29,0,0,1,0,7,335
2023-08-01,FY 2023-24,Delivery,L3,Mid (L3-L4),Hyderabad,Man,85,4,1,0,0,19,974
2023-08-01,FY 2023-24,Delivery,L3,Mid (L3-L4),Hyderabad,Non-binary,1,0,0,0,0,0,12
2023-08-01,FY 2023-24,Delivery,L3,Mid (L3-L4),Hyderabad,Woman,40,1,0,0,0,9,402
2023-08-01,FY 2023-24,Delivery,L4,Mid (L3-L4),Bengaluru,Man,25,1,0,0,0,5,287
2023-08-01,FY 2023-24,Delivery,L4,Mid (L3-L4),Bengaluru,Woman,12,0,0,0,0,2,119
2023-08-01,FY 2023-24,Delivery,L4,Mid (L3-L4),Hyderabad,Man,52,1,0,0,0,7,548
2023-08-01,FY 2023-24,Delivery,L4,Mid (L3-L4),Hyderabad,Woman,13,0,0,0,0,4,138
2023-08-01,FY 2023-24,Delivery,L5,Senior (L5-L6),Bengaluru,Man,20,0,0,0,0,2,232
2023-08-01,FY 2023-24,Delivery,L5,Senior (L5-L6),Bengaluru,Woman,6,0,0,0,0,0,79
2023-08-01,FY 2023-24,Delivery,L5,Senior (L5-L6),Hyderabad,Man,19,0,0,0,0,1,249
2023-08-01,FY 2023-24,Delivery,L5,Senior (L5-L6),Hyderabad,Woman,6,0,0,0,0,0,59
2023-08-01,FY 2023-24,Delivery,L6,Senior (L5-L6),Bengaluru,Man,8,0,0,0,0,2,93
2023-08-01,FY 2023-24,Delivery,L6,Senior (L5-L6),Bengaluru,Woman,3,0,0,0,0,0,22
2023-08-01,FY 2023-24,Delivery,L6,Senior (L5-L6),Hyderabad,Man,17,0,0,0,0,1,157
2023-08-01,FY 2023-24,Delivery,L6,Senior (L5-L6),Hyderabad,Woman,1,0,0,0,0,0,12
2023-08-01,FY 2023-24,Quality Engineering,L1,Junior (L1-L2),Bengaluru,Man,18,3,0,0,0,2,205
2023-08-01,FY 2023-24,Quality Engineering,L1,Junior (L1-L2),Bengaluru,Woman,22,3,0,0,0,3,255
2023-08-01,FY 2023-24,Quality Engineering,L1,Junior (L1-L2),Hyderabad,Man,35,10,0,0,0,4,345
2023-08-01,FY 2023-24,Quality Engineering,L1,Junior (L1-L2),Hyderabad,Non-binary,0,0,0,0,0,0,0
2023-08-01,FY 2023-24,Quality Engineering,L1,Junior (L1-L2),Hyderabad,Woman,27,9,2,0,0,9,267
2023-08-01,FY 2023-24,Quality Engineering,L2,Junior (L1-L2),Bengaluru,Man,26,0,0,0,0,5,298
2023-08-01,FY 2023-24,Quality Engineering,L2,Junior (L1-L2),Bengaluru,Non-binary,0,0,0,0,0,1,1
2023-08-01,FY 2023-24,Quality Engineering,L2,Junior (L1-L2),Bengaluru,Woman,17,0,0,0,0,6,178
2023-08-01,FY 2023-24,Quality Engineering,L2,Junior (L1-L2),Hyderabad,Man,40,1,1,0,0,11,463
2023-08-01,FY 2023-24,Quality Engineering,L2,Junior (L1-L2),Hyderabad,Woman,22,0,0,0,0,2,269
2023-08-01,FY 2023-24,Quality Engineering,L3,Mid (L3-L4),Bengaluru,Man,18,0,0,0,0,3,218
2023-08-01,FY 2023-24,Quality Engineering,L3,Mid (L3-L4),Bengaluru,Woman,9,0,1,0,1,2,111
2023-08-01,FY 2023-24,Quality Engineering,L3,Mid (L3-L4),Hyderabad,Man,22,1,0,0,0,5,230
2023-08-01,FY 2023-24,Quality Engineering,L3,Mid (L3-L4),Hyderabad,Woman,16,1,1,0,1,5,176
2023-08-01,FY 2023-24,Quality Engineering,L4,Mid (L3-L4),Bengaluru,Man,8,0,0,0,0,1,102
2023-08-01,FY 2023-24,Quality Engineering,L4,Mid (L3-L4),Bengaluru,Non-binary,1,0,0,0,0,0,12
2023-08-01,FY 2023-24,Quality Engineering,L4,Mid (L3-L4),Bengaluru,Woman,1,0,0,0,0,1,26
2023-08-01,FY 2023-24,Quality Engineering,L4,Mid (L3-L4),Hyderabad,Man,18,0,0,0,0,2,228
2023-08-01,FY 2023-24,Quality Engineering,L4,Mid (L3-L4),Hyderabad,Woman,4,1,1,0,1,1,62
2023-08-01,FY 2023-24,Quality Engineering,L5,Senior (L5-L6),Bengaluru,Man,4,0,0,0,0,0,34
2023-08-01,FY 2023-24,Quality Engineering,L5,Senior (L5-L6),Bengaluru,Woman,2,0,0,0,0,0,10
2023-08-01,FY 2023-24,Quality Engineering,L5,Senior (L5-L6),Hyderabad,Man,12,1,0,0,0,1,140
2023-08-01,FY 2023-24,Quality Engineering,L5,Senior (L5-L6),Hyderabad,Woman,3,0,0,0,0,0,22
2023-08-01,FY 2023-24,Quality Engineering,L6,Senior (L5-L6),Bengaluru,Man,5,1,0,0,0,0,43
2023-08-01,FY 2023-24,Quality Engineering,L6,Senior (L5-L6),Bengaluru,Woman,1,0,0,0,0,1,16
2023-08-01,FY 2023-24,Quality Engineering,L6,Senior (L5-L6),Hyderabad,Man,3,0,0,0,0,0,29
2023-08-01,FY 2023-24,Quality Engineering,L6,Senior (L5-L6),Hyderabad,Woman,1,0,0,0,0,0,12
2023-08-01,FY 2023-24,Sales and Presales,L1,Junior (L1-L2),Bengaluru,Man,15,3,0,0,0,2,137
2023-08-01,FY 2023-24,Sales and Presales,L1,Junior (L1-L2),Bengaluru,Non-binary,1,1,0,0,0,0,1
2023-08-01,FY 2023-24,Sales and Presales,L1,Junior (L1-L2),Bengaluru,Woman,7,3,0,0,0,1,47
2023-08-01,FY 2023-24,Sales and Presales,L1,Junior (L1-L2),Hyderabad,Man,17,7,1,0,0,4,144
2023-08-01,FY 2023-24,Sales and Presales,L1,Junior (L1-L2),Hyderabad,Woman,14,1,0,0,0,4,166
2023-08-01,FY 2023-24,Sales and Presales,L2,Junior (L1-L2),Bengaluru,Man,7,1,0,0,0,2,84
2023-08-01,FY 2023-24,Sales and Presales,L2,Junior (L1-L2),Bengaluru,Non-binary,0,0,0,0,0,0,0
2023-08-01,FY 2023-24,Sales and Presales,L2,Junior (L1-L2),Bengaluru,Woman,4,0,0,0,0,0,42
2023-08-01,FY 2023-24,Sales and Presales,L2,Junior (L1-L2),Hyderabad,Man,11,0,0,0,0,1,143
2023-08-01,FY 2023-24,Sales and Presales,L2,Junior (L1-L2),Hyderabad,Woman,8,0,0,0,0,2,98
2023-08-01,FY 2023-24,Sales and Presales,L3,Mid (L3-L4),Bengaluru,Man,6,0,1,0,0,4,92
2023-08-01,FY 2023-24,Sales and Presales,L3,Mid (L3-L4),Bengaluru,Woman,5,0,0,0,0,0,57
2023-08-01,FY 2023-24,Sales and Presales,L3,Mid (L3-L4),Hyderabad,Man,10,0,0,0,0,2,128
2023-08-01,FY 2023-24,Sales and Presales,L3,Mid (L3-L4),Hyderabad,Woman,5,0,0,0,0,0,57
2023-08-01,FY 2023-24,Sales and Presales,L4,Mid (L3-L4),Bengaluru,Man,5,1,0,0,0,1,41
2023-08-01,FY 2023-24,Sales and Presales,L4,Mid (L3-L4),Bengaluru,Woman,1,0,0,0,0,0,2
2023-08-01,FY 2023-24,Sales and Presales,L4,Mid (L3-L4),Hyderabad,Man,9,1,0,0,0,1,101
2023-08-01,FY 2023-24,Sales and Presales,L4,Mid (L3-L4),Hyderabad,Woman,0,0,0,0,0,0,0
2023-08-01,FY 2023-24,Sales and Presales,L5,Senior (L5-L6),Bengaluru,Man,1,0,0,0,0,0,12
2023-08-01,FY 2023-24,Sales and Presales,L5,Senior (L5-L6),Hyderabad,Man,3,0,1,0,0,1,40
2023-08-01,FY 2023-24,Sales and Presales,L5,Senior (L5-L6),Hyderabad,Woman,1,0,0,0,0,0,12
2023-08-01,FY 2023-24,Sales and Presales,L6,Senior (L5-L6),Bengaluru,Man,1,0,0,0,0,0,12
2023-08-01,FY 2023-24,Sales and Presales,L6,Senior (L5-L6),Hyderabad,Man,2,0,0,0,0,0,17
2023-09-01,FY 2023-24,Cloud and Infrastructure,L1,Junior (L1-L2),Bengaluru,Man,23,0,0,1,0,3,226
2023-09-01,FY 2023-24,Cloud and Infrastructure,L1,Junior (L1-L2),Bengaluru,Woman,16,0,0,0,0,2,190
2023-09-01,FY 2023-24,Cloud and Infrastructure,L1,Junior (L1-L2),Hyderabad,Man,29,0,2,0,0,4,329
2023-09-01,FY 2023-24,Cloud and Infrastructure,L1,Junior (L1-L2),Hyderabad,Woman,22,0,0,0,0,2,236
2023-09-01,FY 2023-24,Cloud and Infrastructure,L2,Junior (L1-L2),Bengaluru,Man,21,0,1,0,0,5,240
2023-09-01,FY 2023-24,Cloud and Infrastructure,L2,Junior (L1-L2),Bengaluru,Woman,13,1,1,0,0,5,165
2023-09-01,FY 2023-24,Cloud and Infrastructure,L2,Junior (L1-L2),Hyderabad,Man,30,0,0,0,0,6,350
2023-09-01,FY 2023-24,Cloud and Infrastructure,L2,Junior (L1-L2),Hyderabad,Woman,19,1,1,0,0,8,261
2023-09-01,FY 2023-24,Cloud and Infrastructure,L3,Mid (L3-L4),Bengaluru,Man,20,0,0,0,0,2,184
2023-09-01,FY 2023-24,Cloud and Infrastructure,L3,Mid (L3-L4),Bengaluru,Woman,2,0,0,0,0,4,36
2023-09-01,FY 2023-24,Cloud and Infrastructure,L3,Mid (L3-L4),Hyderabad,Man,17,0,1,0,1,3,206
2023-09-01,FY 2023-24,Cloud and Infrastructure,L3,Mid (L3-L4),Hyderabad,Non-binary,0,0,0,0,0,0,0
2023-09-01,FY 2023-24,Cloud and Infrastructure,L3,Mid (L3-L4),Hyderabad,Woman,7,0,0,0,0,3,102
2023-09-01,FY 2023-24,Cloud and Infrastructure,L4,Mid (L3-L4),Bengaluru,Man,8,0,0,0,0,1,101
2023-09-01,FY 2023-24,Cloud and Infrastructure,L4,Mid (L3-L4),Bengaluru,Woman,2,0,0,0,0,1,24
2023-09-01,FY 2023-24,Cloud and Infrastructure,L4,Mid (L3-L4),Hyderabad,Man,6,0,0,0,0,3,75
2023-09-01,FY 2023-24,Cloud and Infrastructure,L4,Mid (L3-L4),Hyderabad,Woman,8,1,0,0,0,1,62
2023-09-01,FY 2023-24,Cloud and Infrastructure,L5,Senior (L5-L6),Bengaluru,Man,2,0,0,0,0,0,18
2023-09-01,FY 2023-24,Cloud and Infrastructure,L5,Senior (L5-L6),Bengaluru,Woman,1,0,0,0,0,0,12
2023-09-01,FY 2023-24,Cloud and Infrastructure,L5,Senior (L5-L6),Hyderabad,Man,8,0,0,0,0,0,82
2023-09-01,FY 2023-24,Cloud and Infrastructure,L5,Senior (L5-L6),Hyderabad,Woman,2,0,0,0,0,0,16
2023-09-01,FY 2023-24,Cloud and Infrastructure,L6,Senior (L5-L6),Bengaluru,Man,1,0,0,0,0,0,7
2023-09-01,FY 2023-24,Cloud and Infrastructure,L6,Senior (L5-L6),Bengaluru,Woman,1,0,0,0,0,0,12
2023-09-01,FY 2023-24,Cloud and Infrastructure,L6,Senior (L5-L6),Hyderabad,Man,2,0,0,0,0,0,24
2023-09-01,FY 2023-24,Consulting,L1,Junior (L1-L2),Bengaluru,Man,5,0,0,0,0,1,46
2023-09-01,FY 2023-24,Consulting,L1,Junior (L1-L2),Bengaluru,Woman,6,0,0,0,0,0,59
2023-09-01,FY 2023-24,Consulting,L1,Junior (L1-L2),Hyderabad,Man,14,0,0,0,0,0,127
2023-09-01,FY 2023-24,Consulting,L1,Junior (L1-L2),Hyderabad,Woman,9,0,0,0,0,1,90
2023-09-01,FY 2023-24,Consulting,L2,Junior (L1-L2),Bengaluru,Man,8,0,0,0,0,0,87
2023-09-01,FY 2023-24,Consulting,L2,Junior (L1-L2),Bengaluru,Woman,2,0,0,0,0,3,30
2023-09-01,FY 2023-24,Consulting,L2,Junior (L1-L2),Hyderabad,Man,6,0,0,0,0,1,69
2023-09-01,FY 2023-24,Consulting,L2,Junior (L1-L2),Hyderabad,Woman,6,0,0,0,0,1,82
2023-09-01,FY 2023-24,Consulting,L3,Mid (L3-L4),Bengaluru,Man,5,0,0,0,0,1,51
2023-09-01,FY 2023-24,Consulting,L3,Mid (L3-L4),Bengaluru,Woman,2,0,0,0,0,0,24
2023-09-01,FY 2023-24,Consulting,L3,Mid (L3-L4),Hyderabad,Man,3,0,0,0,0,1,43
2023-09-01,FY 2023-24,Consulting,L3,Mid (L3-L4),Hyderabad,Woman,7,0,0,0,0,1,74
2023-09-01,FY 2023-24,Consulting,L4,Mid (L3-L4),Bengaluru,Man,6,0,0,0,0,0,65
2023-09-01,FY 2023-24,Consulting,L4,Mid (L3-L4),Bengaluru,Woman,2,0,0,0,0,1,26
2023-09-01,FY 2023-24,Consulting,L4,Mid (L3-L4),Hyderabad,Man,1,0,0,0,0,0,12
2023-09-01,FY 2023-24,Consulting,L4,Mid (L3-L4),Hyderabad,Woman,3,0,0,0,0,0,36
2023-09-01,FY 2023-24,Consulting,L5,Senior (L5-L6),Bengaluru,Man,2,0,0,0,0,0,24
2023-09-01,FY 2023-24,Consulting,L5,Senior (L5-L6),Bengaluru,Woman,0,0,0,0,0,0,0
2023-09-01,FY 2023-24,Consulting,L5,Senior (L5-L6),Hyderabad,Man,3,1,0,0,0,1,32
2023-09-01,FY 2023-24,Consulting,L5,Senior (L5-L6),Hyderabad,Woman,0,0,0,0,0,0,0
2023-09-01,FY 2023-24,Consulting,L6,Senior (L5-L6),Bengaluru,Man,1,0,0,0,0,1,8
2023-09-01,FY 2023-24,Consulting,L6,Senior (L5-L6),Hyderabad,Man,3,0,0,0,0,0,30
2023-09-01,FY 2023-24,Consulting,L6,Senior (L5-L6),Hyderabad,Woman,2,0,0,0,0,0,24
2023-09-01,FY 2023-24,Corporate Functions,L1,Junior (L1-L2),Bengaluru,Man,7,0,0,0,0,1,82
2023-09-01,FY 2023-24,Corporate Functions,L1,Junior (L1-L2),Bengaluru,Woman,5,0,0,0,0,1,56
2023-09-01,FY 2023-24,Corporate Functions,L1,Junior (L1-L2),Hyderabad,Man,16,0,0,0,0,2,191
2023-09-01,FY 2023-24,Corporate Functions,L1,Junior (L1-L2),Hyderabad,Woman,11,0,0,0,0,0,123
2023-09-01,FY 2023-24,Corporate Functions,L2,Junior (L1-L2),Bengaluru,Man,9,0,0,0,0,0,120
2023-09-01,FY 2023-24,Corporate Functions,L2,Junior (L1-L2),Bengaluru,Woman,3,0,0,0,0,0,36
2023-09-01,FY 2023-24,Corporate Functions,L2,Junior (L1-L2),Hyderabad,Man,17,0,0,0,0,3,196
2023-09-01,FY 2023-24,Corporate Functions,L2,Junior (L1-L2),Hyderabad,Woman,9,0,1,0,1,1,119
2023-09-01,FY 2023-24,Corporate Functions,L3,Mid (L3-L4),Bengaluru,Man,13,0,0,0,0,1,143
2023-09-01,FY 2023-24,Corporate Functions,L3,Mid (L3-L4),Bengaluru,Woman,5,0,0,0,0,1,68
2023-09-01,FY 2023-24,Corporate Functions,L3,Mid (L3-L4),Hyderabad,Man,12,0,0,0,0,2,129
2023-09-01,FY 2023-24,Corporate Functions,L3,Mid (L3-L4),Hyderabad,Woman,4,0,0,0,0,1,58
2023-09-01,FY 2023-24,Corporate Functions,L4,Mid (L3-L4),Bengaluru,Man,7,0,0,0,0,3,75
2023-09-01,FY 2023-24,Corporate Functions,L4,Mid (L3-L4),Bengaluru,Woman,1,0,0,0,0,0,6
2023-09-01,FY 2023-24,Corporate Functions,L4,Mid (L3-L4),Hyderabad,Man,10,0,0,0,0,1,122
2023-09-01,FY 2023-24,Corporate Functions,L4,Mid (L3-L4),Hyderabad,Woman,3,0,0,0,0,0,30
2023-09-01,FY 2023-24,Corporate Functions,L5,Senior (L5-L6),Bengaluru,Man,2,0,0,0,0,0,18
2023-09-01,FY 2023-24,Corporate Functions,L5,Senior (L5-L6),Bengaluru,Woman,0,0,0,0,0,0,0
2023-09-01,FY 2023-24,Corporate Functions,L5,Senior (L5-L6),Hyderabad,Man,3,1,0,0,0,1,29
2023-09-01,FY 2023-24,Corporate Functions,L6,Senior (L5-L6),Bengaluru,Man,2,0,0,0,0,0,24
2023-09-01,FY 2023-24,Corporate Functions,L6,Senior (L5-L6),Hyderabad,Man,2,0,0,0,0,0,24
2023-09-01,FY 2023-24,Data and Analytics,L1,Junior (L1-L2),Bengaluru,Man,17,0,1,0,0,2,179
2023-09-01,FY 2023-24,Data and Analytics,L1,Junior (L1-L2),Bengaluru,Woman,15,0,2,0,0,5,188
2023-09-01,FY 2023-24,Data and Analytics,L1,Junior (L1-L2),Hyderabad,Man,22,1,0,0,0,3,218
2023-09-01,FY 2023-24,Data and Analytics,L1,Junior (L1-L2),Hyderabad,Woman,13,0,0,0,0,2,154
2023-09-01,FY 2023-24,Data and Analytics,L2,Junior (L1-L2),Bengaluru,Man,17,0,0,1,0,10,218
2023-09-01,FY 2023-24,Data and Analytics,L2,Junior (L1-L2),Bengaluru,Woman,7,0,0,0,0,2,80
2023-09-01,FY 2023-24,Data and Analytics,L2,Junior (L1-L2),Hyderabad,Man,25,0,0,0,0,6,296
2023-09-01,FY 2023-24,Data and Analytics,L2,Junior (L1-L2),Hyderabad,Woman,23,1,0,0,0,4,239
2023-09-01,FY 2023-24,Data and Analytics,L3,Mid (L3-L4),Bengaluru,Man,12,0,0,0,0,0,141
2023-09-01,FY 2023-24,Data and Analytics,L3,Mid (L3-L4),Bengaluru,Woman,5,0,0,0,0,1,66
2023-09-01,FY 2023-24,Data and Analytics,L3,Mid (L3-L4),Hyderabad,Man,21,0,0,0,0,3,226
2023-09-01,FY 2023-24,Data and Analytics,L3,Mid (L3-L4),Hyderabad,Woman,5,0,0,0,0,2,70
2023-09-01,FY 2023-24,Data and Analytics,L4,Mid (L3-L4),Bengaluru,Man,5,0,1,0,0,1,65
2023-09-01,FY 2023-24,Data and Analytics,L4,Mid (L3-L4),Bengaluru,Woman,1,0,0,0,0,0,12
2023-09-01,FY 2023-24,Data and Analytics,L4,Mid (L3-L4),Hyderabad,Man,17,0,0,0,0,3,167
2023-09-01,FY 2023-24,Data and Analytics,L4,Mid (L3-L4),Hyderabad,Woman,3,0,0,0,0,1,38
2023-09-01,FY 2023-24,Data and Analytics,L5,Senior (L5-L6),Bengaluru,Man,3,0,0,0,0,0,36
2023-09-01,FY 2023-24,Data and Analytics,L5,Senior (L5-L6),Bengaluru,Woman,2,0,0,0,0,0,24
2023-09-01,FY 2023-24,Data and Analytics,L5,Senior (L5-L6),Hyderabad,Man,3,0,0,0,0,2,31
2023-09-01,FY 2023-24,Data and Analytics,L5,Senior (L5-L6),Hyderabad,Woman,3,0,0,0,0,0,24
2023-09-01,FY 2023-24,Data and Analytics,L6,Senior (L5-L6),Bengaluru,Man,2,1,0,0,0,1,13
2023-09-01,FY 2023-24,Data and Analytics,L6,Senior (L5-L6),Hyderabad,Man,3,0,0,0,0,0,36
2023-09-01,FY 2023-24,Data and Analytics,L6,Senior (L5-L6),Hyderabad,Woman,1,0,0,0,0,0,12
2023-09-01,FY 2023-24,Delivery,L1,Junior (L1-L2),Bengaluru,Man,73,1,0,0,0,7,638
2023-09-01,FY 2023-24,Delivery,L1,Junior (L1-L2),Bengaluru,Woman,58,0,3,0,0,10,564
2023-09-01,FY 2023-24,Delivery,L1,Junior (L1-L2),Hyderabad,Man,124,1,1,1,0,16,1201
2023-09-01,FY 2023-24,Delivery,L1,Junior (L1-L2),Hyderabad,Non-binary,0,0,0,0,0,1,7
2023-09-01,FY 2023-24,Delivery,L1,Junior (L1-L2),Hyderabad,Woman,93,1,1,0,0,9,816
2023-09-01,FY 2023-24,Delivery,L2,Junior (L1-L2),Bengaluru,Man,69,0,3,0,3,16,889
2023-09-01,FY 2023-24,Delivery,L2,Junior (L1-L2),Bengaluru,Non-binary,1,0,0,0,0,0,3
2023-09-01,FY 2023-24,Delivery,L2,Junior (L1-L2),Bengaluru,Woman,29,1,1,0,0,6,370
2023-09-01,FY 2023-24,Delivery,L2,Junior (L1-L2),Hyderabad,Man,114,3,0,0,0,31,1353
2023-09-01,FY 2023-24,Delivery,L2,Junior (L1-L2),Hyderabad,Non-binary,1,0,0,0,0,0,12
2023-09-01,FY 2023-24,Delivery,L2,Junior (L1-L2),Hyderabad,Woman,58,0,1,0,0,15,723
2023-09-01,FY 2023-24,Delivery,L3,Mid (L3-L4),Bengaluru,Man,51,0,1,1,0,17,565
2023-09-01,FY 2023-24,Delivery,L3,Mid (L3-L4),Bengaluru,Woman,30,2,1,0,0,7,338
2023-09-01,FY 2023-24,Delivery,L3,Mid (L3-L4),Hyderabad,Man,84,1,0,2,0,17,976
2023-09-01,FY 2023-24,Delivery,L3,Mid (L3-L4),Hyderabad,Non-binary,1,0,0,0,0,0,12
2023-09-01,FY 2023-24,Delivery,L3,Mid (L3-L4),Hyderabad,Woman,40,0,0,0,0,8,409
2023-09-01,FY 2023-24,Delivery,L4,Mid (L3-L4),Bengaluru,Man,25,0,0,0,0,5,287
2023-09-01,FY 2023-24,Delivery,L4,Mid (L3-L4),Bengaluru,Woman,12,0,0,0,0,1,123
2023-09-01,FY 2023-24,Delivery,L4,Mid (L3-L4),Hyderabad,Man,52,0,0,0,0,5,558
2023-09-01,FY 2023-24,Delivery,L4,Mid (L3-L4),Hyderabad,Woman,14,1,0,0,0,2,141
2023-09-01,FY 2023-24,Delivery,L5,Senior (L5-L6),Bengaluru,Man,19,0,0,1,0,3,232
2023-09-01,FY 2023-24,Delivery,L5,Senior (L5-L6),Bengaluru,Woman,6,0,0,0,0,0,78
2023-09-01,FY 2023-24,Delivery,L5,Senior (L5-L6),Hyderabad,Man,19,0,0,0,0,1,246
2023-09-01,FY 2023-24,Delivery,L5,Senior (L5-L6),Hyderabad,Woman,6,0,0,0,0,0,61
2023-09-01,FY 2023-24,Delivery,L6,Senior (L5-L6),Bengaluru,Man,8,1,0,1,0,3,93
2023-09-01,FY 2023-24,Delivery,L6,Senior (L5-L6),Bengaluru,Woman,3,0,0,0,0,0,24
2023-09-01,FY 2023-24,Delivery,L6,Senior (L5-L6),Hyderabad,Man,17,0,0,0,0,1,163
2023-09-01,FY 2023-24,Delivery,L6,Senior (L5-L6),Hyderabad,Woman,1,0,0,0,0,0,12
2023-09-01,FY 2023-24,Quality Engineering,L1,Junior (L1-L2),Bengaluru,Man,18,0,0,0,0,2,204
2023-09-01,FY 2023-24,Quality Engineering,L1,Junior (L1-L2),Bengaluru,Woman,21,0,1,0,0,4,256
2023-09-01,FY 2023-24,Quality Engineering,L1,Junior (L1-L2),Hyderabad,Man,37,2,0,0,0,4,352
2023-09-01,FY 2023-24,Quality Engineering,L1,Junior (L1-L2),Hyderabad,Non-binary,0,0,0,0,0,0,0
2023-09-01,FY 2023-24,Quality Engineering,L1,Junior (L1-L2),Hyderabad,Woman,26,0,1,0,0,10,268
2023-09-01,FY 2023-24,Quality Engineering,L2,Junior (L1-L2),Bengaluru,Man,27,1,0,0,0,5,301
2023-09-01,FY 2023-24,Quality Engineering,L2,Junior (L1-L2),Bengaluru,Non-binary,0,0,0,0,0,1,0
2023-09-01,FY 2023-24,Quality Engineering,L2,Junior (L1-L2),Bengaluru,Woman,17,0,0,0,0,6,179
2023-09-01,FY 2023-24,Quality Engineering,L2,Junior (L1-L2),Hyderabad,Man,38,0,2,0,0,13,461
2023-09-01,FY 2023-24,Quality Engineering,L2,Junior (L1-L2),Hyderabad,Woman,21,1,1,1,0,4,268
2023-09-01,FY 2023-24,Quality Engineering,L3,Mid (L3-L4),Bengaluru,Man,18,1,0,1,0,3,217
2023-09-01,FY 2023-24,Quality Engineering,L3,Mid (L3-L4),Bengaluru,Woman,9,0,0,0,0,2,112
2023-09-01,FY 2023-24,Quality Engineering,L3,Mid (L3-L4),Hyderabad,Man,23,1,0,0,0,4,235
2023-09-01,FY 2023-24,Quality Engineering,L3,Mid (L3-L4),Hyderabad,Woman,16,1,1,0,1,6,177
2023-09-01,FY 2023-24,Quality Engineering,L4,Mid (L3-L4),Bengaluru,Man,8,0,0,0,0,1,102
2023-09-01,FY 2023-24,Quality Engineering,L4,Mid (L3-L4),Bengaluru,Non-binary,1,0,0,0,0,0,12
2023-09-01,FY 2023-24,Quality Engineering,L4,Mid (L3-L4),Bengaluru,Woman,2,1,0,0,0,0,25
2023-09-01,FY 2023-24,Quality Engineering,L4,Mid (L3-L4),Hyderabad,Man,18,0,0,0,0,2,229
2023-09-01,FY 2023-24,Quality Engineering,L4,Mid (L3-L4),Hyderabad,Woman,4,0,0,0,0,1,60
2023-09-01,FY 2023-24,Quality Engineering,L5,Senior (L5-L6),Bengaluru,Man,4,0,0,0,0,0,36
2023-09-01,FY 2023-24,Quality Engineering,L5,Senior (L5-L6),Bengaluru,Woman,2,0,0,0,0,0,12
2023-09-01,FY 2023-24,Quality Engineering,L5,Senior (L5-L6),Hyderabad,Man,11,0,0,1,0,2,139
2023-09-01,FY 2023-24,Quality Engineering,L5,Senior (L5-L6),Hyderabad,Woman,3,0,0,0,0,0,24
2023-09-01,FY 2023-24,Quality Engineering,L6,Senior (L5-L6),Bengaluru,Man,5,0,0,0,0,0,45
2023-09-01,FY 2023-24,Quality Engineering,L6,Senior (L5-L6),Bengaluru,Woman,1,0,0,0,0,1,16
2023-09-01,FY 2023-24,Quality Engineering,L6,Senior (L5-L6),Hyderabad,Man,3,0,0,0,0,0,30
2023-09-01,FY 2023-24,Quality Engineering,L6,Senior (L5-L6),Hyderabad,Woman,1,0,0,0,0,0,12
2023-09-01,FY 2023-24,Sales and Presales,L1,Junior (L1-L2),Bengaluru,Man,14,0,0,1,0,3,140
2023-09-01,FY 2023-24,Sales and Presales,L1,Junior (L1-L2),Bengaluru,Non-binary,1,0,0,0,0,0,2
2023-09-01,FY 2023-24,Sales and Presales,L1,Junior (L1-L2),Bengaluru,Woman,7,0,0,0,0,1,50
2023-09-01,FY 2023-24,Sales and Presales,L1,Junior (L1-L2),Hyderabad,Man,17,0,0,0,0,4,150
2023-09-01,FY 2023-24,Sales and Presales,L1,Junior (L1-L2),Hyderabad,Woman,14,0,0,0,0,4,167
2023-09-01,FY 2023-24,Sales and Presales,L2,Junior (L1-L2),Bengaluru,Man,7,0,0,0,0,2,83
2023-09-01,FY 2023-24,Sales and Presales,L2,Junior (L1-L2),Bengaluru,Non-binary,0,0,0,0,0,0,0
2023-09-01,FY 2023-24,Sales and Presales,L2,Junior (L1-L2),Bengaluru,Woman,4,0,0,0,0,0,43
2023-09-01,FY 2023-24,Sales and Presales,L2,Junior (L1-L2),Hyderabad,Man,10,0,1,0,1,2,142
2023-09-01,FY 2023-24,Sales and Presales,L2,Junior (L1-L2),Hyderabad,Woman,8,0,0,0,0,1,98
2023-09-01,FY 2023-24,Sales and Presales,L3,Mid (L3-L4),Bengaluru,Man,6,0,0,0,0,4,90
2023-09-01,FY 2023-24,Sales and Presales,L3,Mid (L3-L4),Bengaluru,Woman,5,0,0,0,0,0,58
2023-09-01,FY 2023-24,Sales and Presales,L3,Mid (L3-L4),Hyderabad,Man,10,1,1,0,0,2,127
2023-09-01,FY 2023-24,Sales and Presales,L3,Mid (L3-L4),Hyderabad,Woman,5,0,0,0,0,0,58
2023-09-01,FY 2023-24,Sales and Presales,L4,Mid (L3-L4),Bengaluru,Man,5,0,0,0,0,1,44
2023-09-01,FY 2023-24,Sales and Presales,L4,Mid (L3-L4),Bengaluru,Woman,1,0,0,0,0,0,3
2023-09-01,FY 2023-24,Sales and Presales,L4,Mid (L3-L4),Hyderabad,Man,9,0,0,0,0,1,103
2023-09-01,FY 2023-24,Sales and Presales,L4,Mid (L3-L4),Hyderabad,Woman,0,0,0,0,0,0,0
2023-09-01,FY 2023-24,Sales and Presales,L5,Senior (L5-L6),Bengaluru,Man,1,0,0,0,0,0,12
2023-09-01,FY 2023-24,Sales and Presales,L5,Senior (L5-L6),Hyderabad,Man,3,0,0,0,0,1,42
2023-09-01,FY 2023-24,Sales and Presales,L5,Senior (L5-L6),Hyderabad,Woman,1,0,0,0,0,0,12
2023-09-01,FY 2023-24,Sales and Presales,L6,Senior (L5-L6),Bengaluru,Man,1,0,0,0,0,0,12
2023-09-01,FY 2023-24,Sales and Presales,L6,Senior (L5-L6),Hyderabad,Man,2,0,0,0,0,0,18
2023-10-01,FY 2023-24,Cloud and Infrastructure,L1,Junior (L1-L2),Bengaluru,Man,22,0,1,0,0,4,229
2023-10-01,FY 2023-24,Cloud and Infrastructure,L1,Junior (L1-L2),Bengaluru,Woman,16,0,0,0,0,2,190
2023-10-01,FY 2023-24,Cloud and Infrastructure,L1,Junior (L1-L2),Hyderabad,Man,29,0,0,0,0,4,332
2023-10-01,FY 2023-24,Cloud and Infrastructure,L1,Junior (L1-L2),Hyderabad,Woman,21,0,1,0,0,3,237
2023-10-01,FY 2023-24,Cloud and Infrastructure,L2,Junior (L1-L2),Bengaluru,Man,22,1,0,0,0,4,244
2023-10-01,FY 2023-24,Cloud and Infrastructure,L2,Junior (L1-L2),Bengaluru,Woman,12,0,0,1,0,6,163
2023-10-01,FY 2023-24,Cloud and Infrastructure,L2,Junior (L1-L2),Hyderabad,Man,31,1,0,0,0,6,354
2023-10-01,FY 2023-24,Cloud and Infrastructure,L2,Junior (L1-L2),Hyderabad,Woman,21,2,0,0,0,8,257
2023-10-01,FY 2023-24,Cloud and Infrastructure,L3,Mid (L3-L4),Bengaluru,Man,20,0,0,0,0,2,190
2023-10-01,FY 2023-24,Cloud and Infrastructure,L3,Mid (L3-L4),Bengaluru,Woman,2,0,0,0,0,4,33
2023-10-01,FY 2023-24,Cloud and Infrastructure,L3,Mid (L3-L4),Hyderabad,Man,17,0,0,0,0,3,206
2023-10-01,FY 2023-24,Cloud and Infrastructure,L3,Mid (L3-L4),Hyderabad,Non-binary,0,0,0,0,0,0,0
2023-10-01,FY 2023-24,Cloud and Infrastructure,L3,Mid (L3-L4),Hyderabad,Woman,8,1,0,0,0,3,100
2023-10-01,FY 2023-24,Cloud and Infrastructure,L4,Mid (L3-L4),Bengaluru,Man,8,0,0,0,0,1,101
2023-10-01,FY 2023-24,Cloud and Infrastructure,L4,Mid (L3-L4),Bengaluru,Woman,2,0,0,0,0,0,24
2023-10-01,FY 2023-24,Cloud and Infrastructure,L4,Mid (L3-L4),Hyderabad,Man,6,0,0,0,0,2,76
2023-10-01,FY 2023-24,Cloud and Infrastructure,L4,Mid (L3-L4),Hyderabad,Woman,8,0,0,0,0,0,67
2023-10-01,FY 2023-24,Cloud and Infrastructure,L5,Senior (L5-L6),Bengaluru,Man,2,0,0,0,0,0,19
2023-10-01,FY 2023-24,Cloud and Infrastructure,L5,Senior (L5-L6),Bengaluru,Woman,1,0,0,0,0,0,12
2023-10-01,FY 2023-24,Cloud and Infrastructure,L5,Senior (L5-L6),Hyderabad,Man,8,0,0,0,0,0,86
2023-10-01,FY 2023-24,Cloud and Infrastructure,L5,Senior (L5-L6),Hyderabad,Woman,2,0,0,0,0,0,17
2023-10-01,FY 2023-24,Cloud and Infrastructure,L6,Senior (L5-L6),Bengaluru,Man,1,0,0,0,0,0,8
2023-10-01,FY 2023-24,Cloud and Infrastructure,L6,Senior (L5-L6),Bengaluru,Woman,1,0,0,0,0,0,12
2023-10-01,FY 2023-24,Cloud and Infrastructure,L6,Senior (L5-L6),Hyderabad,Man,2,0,0,0,0,0,24
2023-10-01,FY 2023-24,Consulting,L1,Junior (L1-L2),Bengaluru,Man,5,0,0,0,0,1,47
2023-10-01,FY 2023-24,Consulting,L1,Junior (L1-L2),Bengaluru,Woman,6,0,0,0,0,0,60
2023-10-01,FY 2023-24,Consulting,L1,Junior (L1-L2),Hyderabad,Man,14,0,0,0,0,0,132
2023-10-01,FY 2023-24,Consulting,L1,Junior (L1-L2),Hyderabad,Woman,9,0,0,0,0,0,92
2023-10-01,FY 2023-24,Consulting,L2,Junior (L1-L2),Bengaluru,Man,8,0,0,0,0,0,88
2023-10-01,FY 2023-24,Consulting,L2,Junior (L1-L2),Bengaluru,Woman,2,0,0,0,0,3,29
2023-10-01,FY 2023-24,Consulting,L2,Junior (L1-L2),Hyderabad,Man,6,0,0,0,0,1,69
2023-10-01,FY 2023-24,Consulting,L2,Junior (L1-L2),Hyderabad,Woman,6,0,0,0,0,1,81
2023-10-01,FY 2023-24,Consulting,L3,Mid (L3-L4),Bengaluru,Man,5,0,0,0,0,1,52
2023-10-01,FY 2023-24,Consulting,L3,Mid (L3-L4),Bengaluru,Woman,2,0,0,0,0,0,24
2023-10-01,FY 2023-24,Consulting,L3,Mid (L3-L4),Hyderabad,Man,3,0,0,0,0,1,41
2023-10-01,FY 2023-24,Consulting,L3,Mid (L3-L4),Hyderabad,Woman,7,0,0,0,0,0,77
2023-10-01,FY 2023-24,Consulting,L4,Mid (L3-L4),Bengaluru,Man,6,0,0,0,0,0,66
2023-10-01,FY 2023-24,Consulting,L4,Mid (L3-L4),Bengaluru,Woman,2,0,0,0,0,1,25
2023-10-01,FY 2023-24,Consulting,L4,Mid (L3-L4),Hyderabad,Man,1,0,0,0,0,0,12
2023-10-01,FY 2023-24,Consulting,L4,Mid (L3-L4),Hyderabad,Woman,3,0,0,0,0,0,36
2023-10-01,FY 2023-24,Consulting,L5,Senior (L5-L6),Bengaluru,Man,2,0,0,0,0,0,24
2023-10-01,FY 2023-24,Consulting,L5,Senior (L5-L6),Bengaluru,Woman,0,0,0,0,0,0,0
2023-10-01,FY 2023-24,Consulting,L5,Senior (L5-L6),Hyderabad,Man,3,0,0,0,0,1,32
2023-10-01,FY 2023-24,Consulting,L5,Senior (L5-L6),Hyderabad,Woman,0,0,0,0,0,0,0
2023-10-01,FY 2023-24,Consulting,L6,Senior (L5-L6),Bengaluru,Man,1,0,0,0,0,1,8
2023-10-01,FY 2023-24,Consulting,L6,Senior (L5-L6),Hyderabad,Man,3,0,0,0,0,0,31
2023-10-01,FY 2023-24,Consulting,L6,Senior (L5-L6),Hyderabad,Woman,2,0,0,0,0,0,24
2023-10-01,FY 2023-24,Corporate Functions,L1,Junior (L1-L2),Bengaluru,Man,7,0,0,0,0,1,82
2023-10-01,FY 2023-24,Corporate Functions,L1,Junior (L1-L2),Bengaluru,Woman,5,0,0,0,0,1,56
2023-10-01,FY 2023-24,Corporate Functions,L1,Junior (L1-L2),Hyderabad,Man,16,0,0,0,0,2,190
2023-10-01,FY 2023-24,Corporate Functions,L1,Junior (L1-L2),Hyderabad,Woman,11,0,0,0,0,0,125
2023-10-01,FY 2023-24,Corporate Functions,L2,Junior (L1-L2),Bengaluru,Man,9,0,0,0,0,0,118
2023-10-01,FY 2023-24,Corporate Functions,L2,Junior (L1-L2),Bengaluru,Woman,3,0,0,0,0,0,36
2023-10-01,FY 2023-24,Corporate Functions,L2,Junior (L1-L2),Hyderabad,Man,17,0,0,0,0,2,198
2023-10-01,FY 2023-24,Corporate Functions,L2,Junior (L1-L2),Hyderabad,Woman,9,0,0,0,0,1,118
2023-10-01,FY 2023-24,Corporate Functions,L3,Mid (L3-L4),Bengaluru,Man,13,0,0,0,0,1,144
2023-10-01,FY 2023-24,Corporate Functions,L3,Mid (L3-L4),Bengaluru,Woman,5,0,0,0,0,1,67
2023-10-01,FY 2023-24,Corporate Functions,L3,Mid (L3-L4),Hyderabad,Man,12,0,0,0,0,1,131
2023-10-01,FY 2023-24,Corporate Functions,L3,Mid (L3-L4),Hyderabad,Woman,4,0,0,0,0,1,57
2023-10-01,FY 2023-24,Corporate Functions,L4,Mid (L3-L4),Bengaluru,Man,6,0,1,0,0,4,74
2023-10-01,FY 2023-24,Corporate Functions,L4,Mid (L3-L4),Bengaluru,Woman,1,0,0,0,0,0,7
2023-10-01,FY 2023-24,Corporate Functions,L4,Mid (L3-L4),Hyderabad,Man,10,0,0,0,0,1,122
2023-10-01,FY 2023-24,Corporate Functions,L4,Mid (L3-L4),Hyderabad,Woman,3,0,0,0,0,0,31
2023-10-01,FY 2023-24,Corporate Functions,L5,Senior (L5-L6),Bengaluru,Man,2,0,0,0,0,0,19
2023-10-01,FY 2023-24,Corporate Functions,L5,Senior (L5-L6),Bengaluru,Woman,0,0,0,0,0,0,0
2023-10-01,FY 2023-24,Corporate Functions,L5,Senior (L5-L6),Hyderabad,Man,3,0,0,0,0,1,29
2023-10-01,FY 2023-24,Corporate Functions,L6,Senior (L5-L6),Bengaluru,Man,2,0,0,0,0,0,24
2023-10-01,FY 2023-24,Corporate Functions,L6,Senior (L5-L6),Hyderabad,Man,2,0,0,0,0,0,24
2023-10-01,FY 2023-24,Data and Analytics,L1,Junior (L1-L2),Bengaluru,Man,18,1,0,0,0,2,183
2023-10-01,FY 2023-24,Data and Analytics,L1,Junior (L1-L2),Bengaluru,Woman,15,0,0,0,0,5,186
2023-10-01,FY 2023-24,Data and Analytics,L1,Junior (L1-L2),Hyderabad,Man,22,0,0,0,0,2,221
2023-10-01,FY 2023-24,Data and Analytics,L1,Junior (L1-L2),Hyderabad,Woman,13,0,0,0,0,1,154
2023-10-01,FY 2023-24,Data and Analytics,L2,Junior (L1-L2),Bengaluru,Man,17,1,1,0,1,9,218
2023-10-01,FY 2023-24,Data and Analytics,L2,Junior (L1-L2),Bengaluru,Woman,7,0,0,0,0,2,80
2023-10-01,FY 2023-24,Data and Analytics,L2,Junior (L1-L2),Hyderabad,Man,25,0,0,0,0,4,299
2023-10-01,FY 2023-24,Data and Analytics,L2,Junior (L1-L2),Hyderabad,Woman,23,0,0,0,0,4,243
2023-10-01,FY 2023-24,Data and Analytics,L3,Mid (L3-L4),Bengaluru,Man,13,1,0,0,0,0,145
2023-10-01,FY 2023-24,Data and Analytics,L3,Mid (L3-L4),Bengaluru,Woman,5,0,0,0,0,1,66
2023-10-01,FY 2023-24,Data and Analytics,L3,Mid (L3-L4),Hyderabad,Man,21,0,0,0,0,2,229
2023-10-01,FY 2023-24,Data and Analytics,L3,Mid (L3-L4),Hyderabad,Woman,5,0,0,0,0,2,69
2023-10-01,FY 2023-24,Data and Analytics,L4,Mid (L3-L4),Bengaluru,Man,5,0,0,0,0,1,65
2023-10-01,FY 2023-24,Data and Analytics,L4,Mid (L3-L4),Bengaluru,Woman,1,0,0,0,0,0,12
2023-10-01,FY 2023-24,Data and Analytics,L4,Mid (L3-L4),Hyderabad,Man,17,0,0,0,0,3,174
2023-10-01,FY 2023-24,Data and Analytics,L4,Mid (L3-L4),Hyderabad,Woman,3,0,0,0,0,0,37
2023-10-01,FY 2023-24,Data and Analytics,L5,Senior (L5-L6),Bengaluru,Man,3,0,0,0,0,0,36
2023-10-01,FY 2023-24,Data and Analytics,L5,Senior (L5-L6),Bengaluru,Woman,2,0,0,0,0,0,24
2023-10-01,FY 2023-24,Data and Analytics,L5,Senior (L5-L6),Hyderabad,Man,3,0,0,0,0,1,31
2023-10-01,FY 2023-24,Data and Analytics,L5,Senior (L5-L6),Hyderabad,Woman,3,0,0,0,0,0,26
2023-10-01,FY 2023-24,Data and Analytics,L6,Senior (L5-L6),Bengaluru,Man,2,0,0,0,0,0,14
2023-10-01,FY 2023-24,Data and Analytics,L6,Senior (L5-L6),Hyderabad,Man,3,0,0,0,0,0,36
2023-10-01,FY 2023-24,Data and Analytics,L6,Senior (L5-L6),Hyderabad,Woman,1,0,0,0,0,0,12
2023-10-01,FY 2023-24,Delivery,L1,Junior (L1-L2),Bengaluru,Man,72,1,0,2,0,9,657
2023-10-01,FY 2023-24,Delivery,L1,Junior (L1-L2),Bengaluru,Woman,53,0,2,3,0,15,571
2023-10-01,FY 2023-24,Delivery,L1,Junior (L1-L2),Hyderabad,Man,117,0,3,4,1,20,1225
2023-10-01,FY 2023-24,Delivery,L1,Junior (L1-L2),Hyderabad,Non-binary,0,0,0,0,0,1,6
2023-10-01,FY 2023-24,Delivery,L1,Junior (L1-L2),Hyderabad,Woman,96,4,1,0,0,8,852
2023-10-01,FY 2023-24,Delivery,L2,Junior (L1-L2),Bengaluru,Man,68,1,0,2,0,15,885
2023-10-01,FY 2023-24,Delivery,L2,Junior (L1-L2),Bengaluru,Non-binary,1,0,0,0,0,0,4
2023-10-01,FY 2023-24,Delivery,L2,Junior (L1-L2),Bengaluru,Woman,27,0,0,2,0,7,366
2023-10-01,FY 2023-24,Delivery,L2,Junior (L1-L2),Hyderabad,Man,116,4,2,0,0,30,1351
2023-10-01,FY 2023-24,Delivery,L2,Junior (L1-L2),Hyderabad,Non-binary,1,0,0,0,0,0,12
2023-10-01,FY 2023-24,Delivery,L2,Junior (L1-L2),Hyderabad,Woman,60,2,0,0,0,14,725
2023-10-01,FY 2023-24,Delivery,L3,Mid (L3-L4),Bengaluru,Man,51,1,1,0,0,14,574
2023-10-01,FY 2023-24,Delivery,L3,Mid (L3-L4),Bengaluru,Woman,28,0,1,1,1,8,340
2023-10-01,FY 2023-24,Delivery,L3,Mid (L3-L4),Hyderabad,Man,83,0,1,0,1,16,978
2023-10-01,FY 2023-24,Delivery,L3,Mid (L3-L4),Hyderabad,Non-binary,1,0,0,0,0,0,12
2023-10-01,FY 2023-24,Delivery,L3,Mid (L3-L4),Hyderabad,Woman,39,0,1,0,0,7,417
2023-10-01,FY 2023-24,Delivery,L4,Mid (L3-L4),Bengaluru,Man,25,0,0,0,0,4,287
2023-10-01,FY 2023-24,Delivery,L4,Mid (L3-L4),Bengaluru,Woman,12,0,0,0,0,1,127
2023-10-01,FY 2023-24,Delivery,L4,Mid (L3-L4),Hyderabad,Man,52,0,0,0,0,4,568
2023-10-01,FY 2023-24,Delivery,L4,Mid (L3-L4),Hyderabad,Woman,14,0,0,0,0,2,144
2023-10-01,FY 2023-24,Delivery,L5,Senior (L5-L6),Bengaluru,Man,21,2,0,0,0,2,235
2023-10-01,FY 2023-24,Delivery,L5,Senior (L5-L6),Bengaluru,Woman,6,0,0,0,0,0,77
2023-10-01,FY 2023-24,Delivery,L5,Senior (L5-L6),Hyderabad,Man,19,0,0,0,0,1,243
2023-10-01,FY 2023-24,Delivery,L5,Senior (L5-L6),Hyderabad,Woman,6,0,0,0,0,0,63
2023-10-01,FY 2023-24,Delivery,L6,Senior (L5-L6),Bengaluru,Man,8,0,0,0,0,3,93
2023-10-01,FY 2023-24,Delivery,L6,Senior (L5-L6),Bengaluru,Woman,3,0,0,0,0,0,26
2023-10-01,FY 2023-24,Delivery,L6,Senior (L5-L6),Hyderabad,Man,17,0,0,0,0,1,169
2023-10-01,FY 2023-24,Delivery,L6,Senior (L5-L6),Hyderabad,Woman,1,0,0,0,0,0,12
2023-10-01,FY 2023-24,Quality Engineering,L1,Junior (L1-L2),Bengaluru,Man,18,0,0,0,0,2,203
2023-10-01,FY 2023-24,Quality Engineering,L1,Junior (L1-L2),Bengaluru,Woman,22,1,0,0,0,4,256
2023-10-01,FY 2023-24,Quality Engineering,L1,Junior (L1-L2),Hyderabad,Man,39,2,0,0,0,4,360
2023-10-01,FY 2023-24,Quality Engineering,L1,Junior (L1-L2),Hyderabad,Non-binary,0,0,0,0,0,0,0
2023-10-01,FY 2023-24,Quality Engineering,L1,Junior (L1-L2),Hyderabad,Woman,26,0,0,0,0,7,272
2023-10-01,FY 2023-24,Quality Engineering,L2,Junior (L1-L2),Bengaluru,Man,27,0,0,0,0,4,305
2023-10-01,FY 2023-24,Quality Engineering,L2,Junior (L1-L2),Bengaluru,Non-binary,0,0,0,0,0,0,0
2023-10-01,FY 2023-24,Quality Engineering,L2,Junior (L1-L2),Bengaluru,Woman,17,0,0,0,0,5,181
2023-10-01,FY 2023-24,Quality Engineering,L2,Junior (L1-L2),Hyderabad,Man,38,0,0,0,0,13,458
2023-10-01,FY 2023-24,Quality Engineering,L2,Junior (L1-L2),Hyderabad,Woman,21,1,1,0,0,4,266
2023-10-01,FY 2023-24,Quality Engineering,L3,Mid (L3-L4),Bengaluru,Man,18,0,0,0,0,3,216
2023-10-01,FY 2023-24,Quality Engineering,L3,Mid (L3-L4),Bengaluru,Woman,10,1,0,0,0,2,114
2023-10-01,FY 2023-24,Quality Engineering,L3,Mid (L3-L4),Hyderabad,Man,22,0,0,1,0,4,240
2023-10-01,FY 2023-24,Quality Engineering,L3,Mid (L3-L4),Hyderabad,Woman,17,1,0,0,0,5,180
2023-10-01,FY 2023-24,Quality Engineering,L4,Mid (L3-L4),Bengaluru,Man,8,0,0,0,0,1,102
2023-10-01,FY 2023-24,Quality Engineering,L4,Mid (L3-L4),Bengaluru,Non-binary,1,0,0,0,0,0,12
2023-10-01,FY 2023-24,Quality Engineering,L4,Mid (L3-L4),Bengaluru,Woman,2,0,0,0,0,0,24
2023-10-01,FY 2023-24,Quality Engineering,L4,Mid (L3-L4),Hyderabad,Man,18,0,0,0,0,2,228
2023-10-01,FY 2023-24,Quality Engineering,L4,Mid (L3-L4),Hyderabad,Woman,4,0,0,0,0,1,58
2023-10-01,FY 2023-24,Quality Engineering,L5,Senior (L5-L6),Bengaluru,Man,4,0,0,0,0,0,38
2023-10-01,FY 2023-24,Quality Engineering,L5,Senior (L5-L6),Bengaluru,Woman,2,0,0,0,0,0,14
2023-10-01,FY 2023-24,Quality Engineering,L5,Senior (L5-L6),Hyderabad,Man,11,0,0,0,0,2,138
2023-10-01,FY 2023-24,Quality Engineering,L5,Senior (L5-L6),Hyderabad,Woman,3,0,0,0,0,0,26
2023-10-01,FY 2023-24,Quality Engineering,L6,Senior (L5-L6),Bengaluru,Man,5,0,0,0,0,0,47
2023-10-01,FY 2023-24,Quality Engineering,L6,Senior (L5-L6),Bengaluru,Woman,1,0,0,0,0,1,15
2023-10-01,FY 2023-24,Quality Engineering,L6,Senior (L5-L6),Hyderabad,Man,3,0,0,0,0,0,31
2023-10-01,FY 2023-24,Quality Engineering,L6,Senior (L5-L6),Hyderabad,Woman,1,0,0,0,0,0,12
2023-10-01,FY 2023-24,Sales and Presales,L1,Junior (L1-L2),Bengaluru,Man,14,0,0,0,0,3,143
2023-10-01,FY 2023-24,Sales and Presales,L1,Junior (L1-L2),Bengaluru,Non-binary,1,0,0,0,0,0,3
2023-10-01,FY 2023-24,Sales and Presales,L1,Junior (L1-L2),Bengaluru,Woman,7,0,0,0,0,1,53
2023-10-01,FY 2023-24,Sales and Presales,L1,Junior (L1-L2),Hyderabad,Man,17,0,0,0,0,4,156
2023-10-01,FY 2023-24,Sales and Presales,L1,Junior (L1-L2),Hyderabad,Woman,14,0,0,0,0,3,166
2023-10-01,FY 2023-24,Sales and Presales,L2,Junior (L1-L2),Bengaluru,Man,7,0,0,0,0,2,82
2023-10-01,FY 2023-24,Sales and Presales,L2,Junior (L1-L2),Bengaluru,Non-binary,0,0,0,0,0,0,0
2023-10-01,FY 2023-24,Sales and Presales,L2,Junior (L1-L2),Bengaluru,Woman,4,0,0,0,0,0,44
2023-10-01,FY 2023-24,Sales and Presales,L2,Junior (L1-L2),Hyderabad,Man,11,1,0,0,0,2,142
2023-10-01,FY 2023-24,Sales and Presales,L2,Junior (L1-L2),Hyderabad,Woman,9,1,0,0,0,1,99
2023-10-01,FY 2023-24,Sales and Presales,L3,Mid (L3-L4),Bengaluru,Man,6,0,0,0,0,4,88
2023-10-01,FY 2023-24,Sales and Presales,L3,Mid (L3-L4),Bengaluru,Woman,5,0,0,0,0,0,59
2023-10-01,FY 2023-24,Sales and Presales,L3,Mid (L3-L4),Hyderabad,Man,10,0,0,0,0,2,126
2023-10-01,FY 2023-24,Sales and Presales,L3,Mid (L3-L4),Hyderabad,Woman,5,0,0,0,0,0,59
2023-10-01,FY 2023-24,Sales and Presales,L4,Mid (L3-L4),Bengaluru,Man,5,0,0,0,0,1,46
2023-10-01,FY 2023-24,Sales and Presales,L4,Mid (L3-L4),Bengaluru,Woman,1,0,0,0,0,0,4
2023-10-01,FY 2023-24,Sales and Presales,L4,Mid (L3-L4),Hyderabad,Man,9,0,0,0,0,1,103
2023-10-01,FY 2023-24,Sales and Presales,L4,Mid (L3-L4),Hyderabad,Woman,0,0,0,0,0,0,0
2023-10-01,FY 2023-24,Sales and Presales,L5,Senior (L5-L6),Bengaluru,Man,1,0,0,0,0,0,12
2023-10-01,FY 2023-24,Sales and Presales,L5,Senior (L5-L6),Hyderabad,Man,3,0,0,0,0,1,43
2023-10-01,FY 2023-24,Sales and Presales,L5,Senior (L5-L6),Hyderabad,Woman,1,0,0,0,0,0,12
2023-10-01,FY 2023-24,Sales and Presales,L6,Senior (L5-L6),Bengaluru,Man,1,0,0,0,0,0,12
2023-10-01,FY 2023-24,Sales and Presales,L6,Senior (L5-L6),Hyderabad,Man,2,0,0,0,0,0,19
2023-11-01,FY 2023-24,Cloud and Infrastructure,L1,Junior (L1-L2),Bengaluru,Man,23,1,0,0,0,3,234
2023-11-01,FY 2023-24,Cloud and Infrastructure,L1,Junior (L1-L2),Bengaluru,Woman,16,0,0,0,0,1,191
2023-11-01,FY 2023-24,Cloud and Infrastructure,L1,Junior (L1-L2),Hyderabad,Man,30,1,0,0,0,4,336
2023-11-01,FY 2023-24,Cloud and Infrastructure,L1,Junior (L1-L2),Hyderabad,Woman,22,1,0,0,0,3,238
2023-11-01,FY 2023-24,Cloud and Infrastructure,L2,Junior (L1-L2),Bengaluru,Man,22,0,0,0,0,4,248
2023-11-01,FY 2023-24,Cloud and Infrastructure,L2,Junior (L1-L2),Bengaluru,Woman,11,0,1,0,0,7,160
2023-11-01,FY 2023-24,Cloud and Infrastructure,L2,Junior (L1-L2),Hyderabad,Man,32,2,0,1,0,7,358
2023-11-01,FY 2023-24,Cloud and Infrastructure,L2,Junior (L1-L2),Hyderabad,Woman,21,0,0,0,0,8,253
2023-11-01,FY 2023-24,Cloud and Infrastructure,L3,Mid (L3-L4),Bengaluru,Man,20,0,0,0,0,2,196
2023-11-01,FY 2023-24,Cloud and Infrastructure,L3,Mid (L3-L4),Bengaluru,Woman,2,0,0,0,0,4,30
2023-11-01,FY 2023-24,Cloud and Infrastructure,L3,Mid (L3-L4),Hyderabad,Man,17,0,0,0,0,3,206
2023-11-01,FY 2023-24,Cloud and Infrastructure,L3,Mid (L3-L4),Hyderabad,Non-binary,0,0,0,0,0,0,0
2023-11-01,FY 2023-24,Cloud and Infrastructure,L3,Mid (L3-L4),Hyderabad,Woman,7,0,1,0,0,4,97
2023-11-01,FY 2023-24,Cloud and Infrastructure,L4,Mid (L3-L4),Bengaluru,Man,8,0,0,0,0,1,100
2023-11-01,FY 2023-24,Cloud and Infrastructure,L4,Mid (L3-L4),Bengaluru,Woman,2,0,0,0,0,0,24
2023-11-01,FY 2023-24,Cloud and Infrastructure,L4,Mid (L3-L4),Hyderabad,Man,6,0,0,0,0,2,75
2023-11-01,FY 2023-24,Cloud and Infrastructure,L4,Mid (L3-L4),Hyderabad,Woman,8,0,0,0,0,0,72
2023-11-01,FY 2023-24,Cloud and Infrastructure,L5,Senior (L5-L6),Bengaluru,Man,2,0,0,0,0,0,20
2023-11-01,FY 2023-24,Cloud and Infrastructure,L5,Senior (L5-L6),Bengaluru,Woman,1,0,0,0,0,0,12
2023-11-01,FY 2023-24,Cloud and Infrastructure,L5,Senior (L5-L6),Hyderabad,Man,8,0,0,0,0,0,88
2023-11-01,FY 2023-24,Cloud and Infrastructure,L5,Senior (L5-L6),Hyderabad,Woman,2,0,0,0,0,0,18
2023-11-01,FY 2023-24,Cloud and Infrastructure,L6,Senior (L5-L6),Bengaluru,Man,1,0,0,0,0,0,9
2023-11-01,FY 2023-24,Cloud and Infrastructure,L6,Senior (L5-L6),Bengaluru,Woman,1,0,0,0,0,0,12
2023-11-01,FY 2023-24,Cloud and Infrastructure,L6,Senior (L5-L6),Hyderabad,Man,2,0,0,0,0,0,24
2023-11-01,FY 2023-24,Consulting,L1,Junior (L1-L2),Bengaluru,Man,5,0,0,0,0,1,48
2023-11-01,FY 2023-24,Consulting,L1,Junior (L1-L2),Bengaluru,Woman,6,0,0,0,0,0,61
2023-11-01,FY 2023-24,Consulting,L1,Junior (L1-L2),Hyderabad,Man,13,0,1,0,0,1,135
2023-11-01,FY 2023-24,Consulting,L1,Junior (L1-L2),Hyderabad,Woman,8,0,1,0,0,1,93
2023-11-01,FY 2023-24,Consulting,L2,Junior (L1-L2),Bengaluru,Man,9,1,0,0,0,0,90
2023-11-01,FY 2023-24,Consulting,L2,Junior (L1-L2),Bengaluru,Woman,1,0,1,0,1,4,27
2023-11-01,FY 2023-24,Consulting,L2,Junior (L1-L2),Hyderabad,Man,7,1,0,0,0,0,71
2023-11-01,FY 2023-24,Consulting,L2,Junior (L1-L2),Hyderabad,Woman,6,0,0,0,0,1,80
2023-11-01,FY 2023-24,Consulting,L3,Mid (L3-L4),Bengaluru,Man,5,0,0,0,0,1,53
2023-11-01,FY 2023-24,Consulting,L3,Mid (L3-L4),Bengaluru,Woman,2,0,0,0,0,0,24
2023-11-01,FY 2023-24,Consulting,L3,Mid (L3-L4),Hyderabad,Man,3,0,0,0,0,0,40
2023-11-01,FY 2023-24,Consulting,L3,Mid (L3-L4),Hyderabad,Woman,7,0,0,0,0,0,80
2023-11-01,FY 2023-24,Consulting,L4,Mid (L3-L4),Bengaluru,Man,6,0,0,0,0,0,67
2023-11-01,FY 2023-24,Consulting,L4,Mid (L3-L4),Bengaluru,Woman,2,0,0,0,0,1,24
2023-11-01,FY 2023-24,Consulting,L4,Mid (L3-L4),Hyderabad,Man,1,0,0,0,0,0,12
2023-11-01,FY 2023-24,Consulting,L4,Mid (L3-L4),Hyderabad,Woman,2,0,1,0,1,1,35
2023-11-01,FY 2023-24,Consulting,L5,Senior (L5-L6),Bengaluru,Man,2,0,0,0,0,0,24
2023-11-01,FY 2023-24,Consulting,L5,Senior (L5-L6),Bengaluru,Woman,0,0,0,0,0,0,0
2023-11-01,FY 2023-24,Consulting,L5,Senior (L5-L6),Hyderabad,Man,3,0,0,0,0,1,32
2023-11-01,FY 2023-24,Consulting,L5,Senior (L5-L6),Hyderabad,Woman,0,0,0,0,0,0,0
2023-11-01,FY 2023-24,Consulting,L6,Senior (L5-L6),Bengaluru,Man,1,0,0,0,0,0,9
2023-11-01,FY 2023-24,Consulting,L6,Senior (L5-L6),Hyderabad,Man,3,0,0,0,0,0,32
2023-11-01,FY 2023-24,Consulting,L6,Senior (L5-L6),Hyderabad,Woman,2,0,0,0,0,0,24
2023-11-01,FY 2023-24,Corporate Functions,L1,Junior (L1-L2),Bengaluru,Man,7,0,0,0,0,1,82
2023-11-01,FY 2023-24,Corporate Functions,L1,Junior (L1-L2),Bengaluru,Woman,5,0,0,0,0,1,56
2023-11-01,FY 2023-24,Corporate Functions,L1,Junior (L1-L2),Hyderabad,Man,16,0,0,0,0,1,190
2023-11-01,FY 2023-24,Corporate Functions,L1,Junior (L1-L2),Hyderabad,Woman,9,0,2,0,1,2,125
2023-11-01,FY 2023-24,Corporate Functions,L2,Junior (L1-L2),Bengaluru,Man,8,1,2,0,2,2,115
2023-11-01,FY 2023-24,Corporate Functions,L2,Junior (L1-L2),Bengaluru,Woman,3,0,0,0,0,0,36
2023-11-01,FY 2023-24,Corporate Functions,L2,Junior (L1-L2),Hyderabad,Man,17,0,0,0,0,2,200
2023-11-01,FY 2023-24,Corporate Functions,L2,Junior (L1-L2),Hyderabad,Woman,9,0,0,0,0,1,117
2023-11-01,FY 2023-24,Corporate Functions,L3,Mid (L3-L4),Bengaluru,Man,13,0,0,0,0,1,145
2023-11-01,FY 2023-24,Corporate Functions,L3,Mid (L3-L4),Bengaluru,Woman,5,0,0,0,0,1,66
2023-11-01,FY 2023-24,Corporate Functions,L3,Mid (L3-L4),Hyderabad,Man,12,0,0,0,0,1,133
2023-11-01,FY 2023-24,Corporate Functions,L3,Mid (L3-L4),Hyderabad,Woman,4,0,0,0,0,1,55
2023-11-01,FY 2023-24,Corporate Functions,L4,Mid (L3-L4),Bengaluru,Man,6,0,0,0,0,4,73
2023-11-01,FY 2023-24,Corporate Functions,L4,Mid (L3-L4),Bengaluru,Woman,1,0,0,0,0,0,8
2023-11-01,FY 2023-24,Corporate Functions,L4,Mid (L3-L4),Hyderabad,Man,11,1,0,0,0,1,123
2023-11-01,FY 2023-24,Corporate Functions,L4,Mid (L3-L4),Hyderabad,Woman,3,0,0,0,0,0,32
2023-11-01,FY 2023-24,Corporate Functions,L5,Senior (L5-L6),Bengaluru,Man,2,0,0,0,0,0,20
2023-11-01,FY 2023-24,Corporate Functions,L5,Senior (L5-L6),Bengaluru,Woman,0,0,0,0,0,0,0
2023-11-01,FY 2023-24,Corporate Functions,L5,Senior (L5-L6),Hyderabad,Man,3,0,0,0,0,1,29
2023-11-01,FY 2023-24,Corporate Functions,L6,Senior (L5-L6),Bengaluru,Man,2,0,0,0,0,0,24
2023-11-01,FY 2023-24,Corporate Functions,L6,Senior (L5-L6),Hyderabad,Man,2,0,0,0,0,0,24
2023-11-01,FY 2023-24,Data and Analytics,L1,Junior (L1-L2),Bengaluru,Man,18,1,1,0,0,3,187
2023-11-01,FY 2023-24,Data and Analytics,L1,Junior (L1-L2),Bengaluru,Woman,14,0,1,0,0,6,183
2023-11-01,FY 2023-24,Data and Analytics,L1,Junior (L1-L2),Hyderabad,Man,21,0,1,0,0,2,224
2023-11-01,FY 2023-24,Data and Analytics,L1,Junior (L1-L2),Hyderabad,Woman,13,0,0,0,0,1,153
2023-11-01,FY 2023-24,Data and Analytics,L2,Junior (L1-L2),Bengaluru,Man,16,0,1,0,0,8,217
2023-11-01,FY 2023-24,Data and Analytics,L2,Junior (L1-L2),Bengaluru,Woman,7,0,0,0,0,1,81
2023-11-01,FY 2023-24,Data and Analytics,L2,Junior (L1-L2),Hyderabad,Man,25,0,0,0,0,3,300
2023-11-01,FY 2023-24,Data and Analytics,L2,Junior (L1-L2),Hyderabad,Woman,23,0,0,0,0,4,246
2023-11-01,FY 2023-24,Data and Analytics,L3,Mid (L3-L4),Bengaluru,Man,14,1,0,0,0,0,147
2023-11-01,FY 2023-24,Data and Analytics,L3,Mid (L3-L4),Bengaluru,Woman,5,0,0,0,0,1,66
2023-11-01,FY 2023-24,Data and Analytics,L3,Mid (L3-L4),Hyderabad,Man,21,0,0,0,0,2,231
2023-11-01,FY 2023-24,Data and Analytics,L3,Mid (L3-L4),Hyderabad,Woman,5,0,0,0,0,2,67
2023-11-01,FY 2023-24,Data and Analytics,L4,Mid (L3-L4),Bengaluru,Man,5,0,0,0,0,1,65
2023-11-01,FY 2023-24,Data and Analytics,L4,Mid (L3-L4),Bengaluru,Woman,1,0,0,0,0,0,12
2023-11-01,FY 2023-24,Data and Analytics,L4,Mid (L3-L4),Hyderabad,Man,17,0,0,0,0,3,181
2023-11-01,FY 2023-24,Data and Analytics,L4,Mid (L3-L4),Hyderabad,Woman,3,0,0,0,0,0,36
2023-11-01,FY 2023-24,Data and Analytics,L5,Senior (L5-L6),Bengaluru,Man,3,0,0,0,0,0,36
2023-11-01,FY 2023-24,Data and Analytics,L5,Senior (L5-L6),Bengaluru,Woman,2,0,0,0,0,0,24
2023-11-01,FY 2023-24,Data and Analytics,L5,Senior (L5-L6),Hyderabad,Man,3,0,0,0,0,1,31
2023-11-01,FY 2023-24,Data and Analytics,L5,Senior (L5-L6),Hyderabad,Woman,3,0,0,0,0,0,28
2023-11-01,FY 2023-24,Data and Analytics,L6,Senior (L5-L6),Bengaluru,Man,2,0,0,0,0,0,15
2023-11-01,FY 2023-24,Data and Analytics,L6,Senior (L5-L6),Hyderabad,Man,3,0,0,0,0,0,36
2023-11-01,FY 2023-24,Data and Analytics,L6,Senior (L5-L6),Hyderabad,Woman,1,0,0,0,0,0,12
2023-11-01,FY 2023-24,Delivery,L1,Junior (L1-L2),Bengaluru,Man,72,0,0,0,0,7,677
2023-11-01,FY 2023-24,Delivery,L1,Junior (L1-L2),Bengaluru,Woman,50,1,2,2,0,16,577
2023-11-01,FY 2023-24,Delivery,L1,Junior (L1-L2),Hyderabad,Man,114,0,1,2,1,21,1244
2023-11-01,FY 2023-24,Delivery,L1,Junior (L1-L2),Hyderabad,Non-binary,0,0,0,0,0,1,5
2023-11-01,FY 2023-24,Delivery,L1,Junior (L1-L2),Hyderabad,Woman,97,2,0,1,0,8,889
2023-11-01,FY 2023-24,Delivery,L2,Junior (L1-L2),Bengaluru,Man,69,2,0,1,0,14,880
2023-11-01,FY 2023-24,Delivery,L2,Junior (L1-L2),Bengaluru,Non-binary,1,0,0,0,0,0,5
2023-11-01,FY 2023-24,Delivery,L2,Junior (L1-L2),Bengaluru,Woman,28,2,0,1,0,8,362
2023-11-01,FY 2023-24,Delivery,L2,Junior (L1-L2),Hyderabad,Man,115,3,3,1,0,30,1349
2023-11-01,FY 2023-24,Delivery,L2,Junior (L1-L2),Hyderabad,Non-binary,1,0,0,0,0,0,12
2023-11-01,FY 2023-24,Delivery,L2,Junior (L1-L2),Hyderabad,Woman,60,1,0,1,0,15,726
2023-11-01,FY 2023-24,Delivery,L3,Mid (L3-L4),Bengaluru,Man,51,1,1,0,1,14,583
2023-11-01,FY 2023-24,Delivery,L3,Mid (L3-L4),Bengaluru,Woman,28,0,0,0,0,8,341
2023-11-01,FY 2023-24,Delivery,L3,Mid (L3-L4),Hyderabad,Man,87,4,0,0,0,14,985
2023-11-01,FY 2023-24,Delivery,L3,Mid (L3-L4),Hyderabad,Non-binary,1,0,0,0,0,0,12
2023-11-01,FY 2023-24,Delivery,L3,Mid (L3-L4),Hyderabad,Woman,39,0,0,0,0,6,426
2023-11-01,FY 2023-24,Delivery,L4,Mid (L3-L4),Bengaluru,Man,25,1,1,0,1,3,289
2023-11-01,FY 2023-24,Delivery,L4,Mid (L3-L4),Bengaluru,Woman,11,0,1,0,0,2,130
2023-11-01,FY 2023-24,Delivery,L4,Mid (L3-L4),Hyderabad,Man,51,0,1,0,0,4,578
2023-11-01,FY 2023-24,Delivery,L4,Mid (L3-L4),Hyderabad,Woman,14,0,0,0,0,2,147
2023-11-01,FY 2023-24,Delivery,L5,Senior (L5-L6),Bengaluru,Man,21,0,0,0,0,2,238
2023-11-01,FY 2023-24,Delivery,L5,Senior (L5-L6),Bengaluru,Woman,6,0,0,0,0,0,76
2023-11-01,FY 2023-24,Delivery,L5,Senior (L5-L6),Hyderabad,Man,19,0,0,0,0,1,240
2023-11-01,FY 2023-24,Delivery,L5,Senior (L5-L6),Hyderabad,Woman,6,0,0,0,0,0,65
2023-11-01,FY 2023-24,Delivery,L6,Senior (L5-L6),Bengaluru,Man,8,0,0,0,0,3,93
2023-11-01,FY 2023-24,Delivery,L6,Senior (L5-L6),Bengaluru,Woman,3,0,0,0,0,0,28
2023-11-01,FY 2023-24,Delivery,L6,Senior (L5-L6),Hyderabad,Man,17,0,0,0,0,0,176
2023-11-01,FY 2023-24,Delivery,L6,Senior (L5-L6),Hyderabad,Woman,1,0,0,0,0,0,12
2023-11-01,FY 2023-24,Quality Engineering,L1,Junior (L1-L2),Bengaluru,Man,17,0,1,0,0,3,201
2023-11-01,FY 2023-24,Quality Engineering,L1,Junior (L1-L2),Bengaluru,Woman,23,1,0,0,0,4,257
2023-11-01,FY 2023-24,Quality Engineering,L1,Junior (L1-L2),Hyderabad,Man,39,0,0,0,0,4,368
2023-11-01,FY 2023-24,Quality Engineering,L1,Junior (L1-L2),Hyderabad,Non-binary,0,0,0,0,0,0,0
2023-11-01,FY 2023-24,Quality Engineering,L1,Junior (L1-L2),Hyderabad,Woman,26,0,0,0,0,7,276
2023-11-01,FY 2023-24,Quality Engineering,L2,Junior (L1-L2),Bengaluru,Man,28,1,0,0,0,4,309
2023-11-01,FY 2023-24,Quality Engineering,L2,Junior (L1-L2),Bengaluru,Non-binary,0,0,0,0,0,0,0
2023-11-01,FY 2023-24,Quality Engineering,L2,Junior (L1-L2),Bengaluru,Woman,17,0,0,0,0,4,184
2023-11-01,FY 2023-24,Quality Engineering,L2,Junior (L1-L2),Hyderabad,Man,38,1,1,0,1,12,457
2023-11-01,FY 2023-24,Quality Engineering,L2,Junior (L1-L2),Hyderabad,Woman,22,1,0,0,0,4,265
2023-11-01,FY 2023-24,Quality Engineering,L3,Mid (L3-L4),Bengaluru,Man,19,1,0,0,0,2,217
2023-11-01,FY 2023-24,Quality Engineering,L3,Mid (L3-L4),Bengaluru,Woman,10,0,0,0,0,2,116
2023-11-01,FY 2023-24,Quality Engineering,L3,Mid (L3-L4),Hyderabad,Man,22,0,0,0,0,4,245
2023-11-01,FY 2023-24,Quality Engineering,L3,Mid (L3-L4),Hyderabad,Woman,17,1,1,0,1,6,183
2023-11-01,FY 2023-24,Quality Engineering,L4,Mid (L3-L4),Bengaluru,Man,8,0,0,0,0,1,101
2023-11-01,FY 2023-24,Quality Engineering,L4,Mid (L3-L4),Bengaluru,Non-binary,1,0,0,0,0,0,12
2023-11-01,FY 2023-24,Quality Engineering,L4,Mid (L3-L4),Bengaluru,Woman,2,0,0,0,0,0,23
2023-11-01,FY 2023-24,Quality Engineering,L4,Mid (L3-L4),Hyderabad,Man,18,1,1,0,0,3,226
2023-11-01,FY 2023-24,Quality Engineering,L4,Mid (L3-L4),Hyderabad,Woman,3,0,1,0,0,2,55
2023-11-01,FY 2023-24,Quality Engineering,L5,Senior (L5-L6),Bengaluru,Man,4,0,0,0,0,0,40
2023-11-01,FY 2023-24,Quality Engineering,L5,Senior (L5-L6),Bengaluru,Woman,2,0,0,0,0,0,16
2023-11-01,FY 2023-24,Quality Engineering,L5,Senior (L5-L6),Hyderabad,Man,10,0,1,0,1,3,136
2023-11-01,FY 2023-24,Quality Engineering,L5,Senior (L5-L6),Hyderabad,Woman,3,0,0,0,0,0,28
2023-11-01,FY 2023-24,Quality Engineering,L6,Senior (L5-L6),Bengaluru,Man,5,0,0,0,0,0,49
2023-11-01,FY 2023-24,Quality Engineering,L6,Senior (L5-L6),Bengaluru,Woman,1,0,0,0,0,1,14
2023-11-01,FY 2023-24,Quality Engineering,L6,Senior (L5-L6),Hyderabad,Man,3,0,0,0,0,0,32
2023-11-01,FY 2023-24,Quality Engineering,L6,Senior (L5-L6),Hyderabad,Woman,1,0,0,0,0,0,12
2023-11-01,FY 2023-24,Sales and Presales,L1,Junior (L1-L2),Bengaluru,Man,14,0,0,0,0,3,145
2023-11-01,FY 2023-24,Sales and Presales,L1,Junior (L1-L2),Bengaluru,Non-binary,1,0,0,0,0,0,4
2023-11-01,FY 2023-24,Sales and Presales,L1,Junior (L1-L2),Bengaluru,Woman,7,0,0,0,0,1,56
2023-11-01,FY 2023-24,Sales and Presales,L1,Junior (L1-L2),Hyderabad,Man,17,0,0,0,0,4,162
2023-11-01,FY 2023-24,Sales and Presales,L1,Junior (L1-L2),Hyderabad,Woman,15,1,0,0,0,3,165
2023-11-01,FY 2023-24,Sales and Presales,L2,Junior (L1-L2),Bengaluru,Man,7,0,0,0,0,1,81
2023-11-01,FY 2023-24,Sales and Presales,L2,Junior (L1-L2),Bengaluru,Non-binary,0,0,0,0,0,0,0
2023-11-01,FY 2023-24,Sales and Presales,L2,Junior (L1-L2),Bengaluru,Woman,3,0,1,0,0,1,44
2023-11-01,FY 2023-24,Sales and Presales,L2,Junior (L1-L2),Hyderabad,Man,11,0,0,0,0,2,141
2023-11-01,FY 2023-24,Sales and Presales,L2,Junior (L1-L2),Hyderabad,Woman,9,0,0,0,0,1,100
2023-11-01,FY 2023-24,Sales and Presales,L3,Mid (L3-L4),Bengaluru,Man,6,0,0,0,0,4,86
2023-11-01,FY 2023-24,Sales and Presales,L3,Mid (L3-L4),Bengaluru,Woman,6,1,0,0,0,0,61
2023-11-01,FY 2023-24,Sales and Presales,L3,Mid (L3-L4),Hyderabad,Man,10,0,0,0,0,2,125
2023-11-01,FY 2023-24,Sales and Presales,L3,Mid (L3-L4),Hyderabad,Woman,5,1,0,1,0,1,60
2023-11-01,FY 2023-24,Sales and Presales,L4,Mid (L3-L4),Bengaluru,Man,5,0,0,0,0,1,48
2023-11-01,FY 2023-24,Sales and Presales,L4,Mid (L3-L4),Bengaluru,Woman,1,0,0,0,0,0,5
2023-11-01,FY 2023-24,Sales and Presales,L4,Mid (L3-L4),Hyderabad,Man,9,0,0,0,0,1,103
2023-11-01,FY 2023-24,Sales and Presales,L4,Mid (L3-L4),Hyderabad,Woman,0,0,0,0,0,0,0
2023-11-01,FY 2023-24,Sales and Presales,L5,Senior (L5-L6),Bengaluru,Man,1,0,0,0,0,0,12
2023-11-01,FY 2023-24,Sales and Presales,L5,Senior (L5-L6),Hyderabad,Man,3,0,0,0,0,1,44
2023-11-01,FY 2023-24,Sales and Presales,L5,Senior (L5-L6),Hyderabad,Woman,1,0,0,0,0,0,12
2023-11-01,FY 2023-24,Sales and Presales,L6,Senior (L5-L6),Bengaluru,Man,1,0,0,0,0,0,12
2023-11-01,FY 2023-24,Sales and Presales,L6,Senior (L5-L6),Hyderabad,Man,2,0,0,0,0,0,20
2023-12-01,FY 2023-24,Cloud and Infrastructure,L1,Junior (L1-L2),Bengaluru,Man,24,1,0,0,0,3,240
2023-12-01,FY 2023-24,Cloud and Infrastructure,L1,Junior (L1-L2),Bengaluru,Woman,16,0,0,0,0,1,192
2023-12-01,FY 2023-24,Cloud and Infrastructure,L1,Junior (L1-L2),Hyderabad,Man,32,2,0,0,0,4,342
2023-12-01,FY 2023-24,Cloud and Infrastructure,L1,Junior (L1-L2),Hyderabad,Woman,22,0,0,0,0,3,239
2023-12-01,FY 2023-24,Cloud and Infrastructure,L2,Junior (L1-L2),Bengaluru,Man,24,2,0,0,0,3,254
2023-12-01,FY 2023-24,Cloud and Infrastructure,L2,Junior (L1-L2),Bengaluru,Woman,11,0,0,0,0,6,158
2023-12-01,FY 2023-24,Cloud and Infrastructure,L2,Junior (L1-L2),Hyderabad,Man,30,0,2,0,1,8,360
2023-12-01,FY 2023-24,Cloud and Infrastructure,L2,Junior (L1-L2),Hyderabad,Woman,21,0,0,0,0,7,250
2023-12-01,FY 2023-24,Cloud and Infrastructure,L3,Mid (L3-L4),Bengaluru,Man,19,0,1,0,0,2,202
2023-12-01,FY 2023-24,Cloud and Infrastructure,L3,Mid (L3-L4),Bengaluru,Woman,2,0,0,0,0,4,27
2023-12-01,FY 2023-24,Cloud and Infrastructure,L3,Mid (L3-L4),Hyderabad,Man,17,0,0,0,0,2,207
2023-12-01,FY 2023-24,Cloud and Infrastructure,L3,Mid (L3-L4),Hyderabad,Non-binary,0,0,0,0,0,0,0
2023-12-01,FY 2023-24,Cloud and Infrastructure,L3,Mid (L3-L4),Hyderabad,Woman,7,0,0,0,0,4,94
2023-12-01,FY 2023-24,Cloud and Infrastructure,L4,Mid (L3-L4),Bengaluru,Man,8,0,0,0,0,1,99
2023-12-01,FY 2023-24,Cloud and Infrastructure,L4,Mid (L3-L4),Bengaluru,Woman,1,0,0,1,0,1,23
2023-12-01,FY 2023-24,Cloud and Infrastructure,L4,Mid (L3-L4),Hyderabad,Man,6,0,0,0,0,2,74
2023-12-01,FY 2023-24,Cloud and Infrastructure,L4,Mid (L3-L4),Hyderabad,Woman,8,0,0,0,0,0,77
2023-12-01,FY 2023-24,Cloud and Infrastructure,L5,Senior (L5-L6),Bengaluru,Man,2,0,0,0,0,0,21
2023-12-01,FY 2023-24,Cloud and Infrastructure,L5,Senior (L5-L6),Bengaluru,Woman,0,0,1,0,0,1,11
2023-12-01,FY 2023-24,Cloud and Infrastructure,L5,Senior (L5-L6),Hyderabad,Man,8,0,0,0,0,0,90
2023-12-01,FY 2023-24,Cloud and Infrastructure,L5,Senior (L5-L6),Hyderabad,Woman,2,0,0,0,0,0,19
2023-12-01,FY 2023-24,Cloud and Infrastructure,L6,Senior (L5-L6),Bengaluru,Man,1,0,0,0,0,0,10
2023-12-01,FY 2023-24,Cloud and Infrastructure,L6,Senior (L5-L6),Bengaluru,Woman,1,0,0,0,0,0,12
2023-12-01,FY 2023-24,Cloud and Infrastructure,L6,Senior (L5-L6),Hyderabad,Man,2,0,0,0,0,0,24
2023-12-01,FY 2023-24,Consulting,L1,Junior (L1-L2),Bengaluru,Man,5,0,0,0,0,1,49
2023-12-01,FY 2023-24,Consulting,L1,Junior (L1-L2),Bengaluru,Woman,5,0,1,0,0,1,61
2023-12-01,FY 2023-24,Consulting,L1,Junior (L1-L2),Hyderabad,Man,13,0,0,0,0,1,138
2023-12-01,FY 2023-24,Consulting,L1,Junior (L1-L2),Hyderabad,Woman,8,0,0,0,0,1,94
2023-12-01,FY 2023-24,Consulting,L2,Junior (L1-L2),Bengaluru,Man,9,0,0,0,0,0,92
2023-12-01,FY 2023-24,Consulting,L2,Junior (L1-L2),Bengaluru,Woman,1,0,0,0,0,4,25
2023-12-01,FY 2023-24,Consulting,L2,Junior (L1-L2),Hyderabad,Man,7,0,0,0,0,0,73
2023-12-01,FY 2023-24,Consulting,L2,Junior (L1-L2),Hyderabad,Woman,6,0,0,0,0,1,79
2023-12-01,FY 2023-24,Consulting,L3,Mid (L3-L4),Bengaluru,Man,6,1,0,0,0,0,56
2023-12-01,FY 2023-24,Consulting,L3,Mid (L3-L4),Bengaluru,Woman,2,0,0,0,0,0,24
2023-12-01,FY 2023-24,Consulting,L3,Mid (L3-L4),Hyderabad,Man,3,0,0,0,0,0,39
2023-12-01,FY 2023-24,Consulting,L3,Mid (L3-L4),Hyderabad,Woman,7,0,0,0,0,0,81
2023-12-01,FY 2023-24,Consulting,L4,Mid (L3-L4),Bengaluru,Man,6,0,0,0,0,0,68
2023-12-01,FY 2023-24,Consulting,L4,Mid (L3-L4),Bengaluru,Woman,2,0,0,0,0,0,24
2023-12-01,FY 2023-24,Consulting,L4,Mid (L3-L4),Hyderabad,Man,1,0,0,0,0,0,12
2023-12-01,FY 2023-24,Consulting,L4,Mid (L3-L4),Hyderabad,Woman,2,0,0,0,0,1,34
2023-12-01,FY 2023-24,Consulting,L5,Senior (L5-L6),Bengaluru,Man,2,0,0,0,0,0,24
2023-12-01,FY 2023-24,Consulting,L5,Senior (L5-L6),Bengaluru,Woman,0,0,0,0,0,0,0
2023-12-01,FY 2023-24,Consulting,L5,Senior (L5-L6),Hyderabad,Man,3,0,0,0,0,1,32
2023-12-01,FY 2023-24,Consulting,L5,Senior (L5-L6),Hyderabad,Woman,0,0,0,0,0,0,0
2023-12-01,FY 2023-24,Consulting,L6,Senior (L5-L6),Bengaluru,Man,1,0,0,0,0,0,10
2023-12-01,FY 2023-24,Consulting,L6,Senior (L5-L6),Hyderabad,Man,3,0,0,0,0,0,33
2023-12-01,FY 2023-24,Consulting,L6,Senior (L5-L6),Hyderabad,Woman,2,0,0,0,0,0,24
2023-12-01,FY 2023-24,Corporate Functions,L1,Junior (L1-L2),Bengaluru,Man,7,0,0,0,0,1,82
2023-12-01,FY 2023-24,Corporate Functions,L1,Junior (L1-L2),Bengaluru,Woman,5,0,0,0,0,1,56
2023-12-01,FY 2023-24,Corporate Functions,L1,Junior (L1-L2),Hyderabad,Man,16,0,0,0,0,0,191
2023-12-01,FY 2023-24,Corporate Functions,L1,Junior (L1-L2),Hyderabad,Woman,10,1,0,0,0,2,126
2023-12-01,FY 2023-24,Corporate Functions,L2,Junior (L1-L2),Bengaluru,Man,8,0,0,0,0,2,112
2023-12-01,FY 2023-24,Corporate Functions,L2,Junior (L1-L2),Bengaluru,Woman,2,0,1,0,0,1,35
2023-12-01,FY 2023-24,Corporate Functions,L2,Junior (L1-L2),Hyderabad,Man,16,0,1,0,0,3,200
2023-12-01,FY 2023-24,Corporate Functions,L2,Junior (L1-L2),Hyderabad,Woman,9,0,0,0,0,1,116
2023-12-01,FY 2023-24,Corporate Functions,L3,Mid (L3-L4),Bengaluru,Man,11,0,1,1,1,2,145
2023-12-01,FY 2023-24,Corporate Functions,L3,Mid (L3-L4),Bengaluru,Woman,5,0,0,0,0,1,65
2023-12-01,FY 2023-24,Corporate Functions,L3,Mid (L3-L4),Hyderabad,Man,12,0,0,0,0,1,134
2023-12-01,FY 2023-24,Corporate Functions,L3,Mid (L3-L4),Hyderabad,Woman,4,0,0,0,0,1,53
2023-12-01,FY 2023-24,Corporate Functions,L4,Mid (L3-L4),Bengaluru,Man,6,0,0,0,0,4,72
2023-12-01,FY 2023-24,Corporate Functions,L4,Mid (L3-L4),Bengaluru,Woman,1,0,0,0,0,0,9
2023-12-01,FY 2023-24,Corporate Functions,L4,Mid (L3-L4),Hyderabad,Man,10,0,1,0,0,2,123
2023-12-01,FY 2023-24,Corporate Functions,L4,Mid (L3-L4),Hyderabad,Woman,3,0,0,0,0,0,33
2023-12-01,FY 2023-24,Corporate Functions,L5,Senior (L5-L6),Bengaluru,Man,2,0,0,0,0,0,21
2023-12-01,FY 2023-24,Corporate Functions,L5,Senior (L5-L6),Bengaluru,Woman,0,0,0,0,0,0,0
2023-12-01,FY 2023-24,Corporate Functions,L5,Senior (L5-L6),Hyderabad,Man,3,0,0,0,0,1,29
2023-12-01,FY 2023-24,Corporate Functions,L6,Senior (L5-L6),Bengaluru,Man,2,0,0,0,0,0,24
2023-12-01,FY 2023-24,Corporate Functions,L6,Senior (L5-L6),Hyderabad,Man,2,0,0,0,0,0,24
2023-12-01,FY 2023-24,Data and Analytics,L1,Junior (L1-L2),Bengaluru,Man,19,1,0,0,0,2,191
2023-12-01,FY 2023-24,Data and Analytics,L1,Junior (L1-L2),Bengaluru,Woman,13,0,1,0,1,6,180
2023-12-01,FY 2023-24,Data and Analytics,L1,Junior (L1-L2),Hyderabad,Man,20,0,1,0,1,3,226
2023-12-01,FY 2023-24,Data and Analytics,L1,Junior (L1-L2),Hyderabad,Woman,12,0,1,0,0,2,151
2023-12-01,FY 2023-24,Data and Analytics,L2,Junior (L1-L2),Bengaluru,Man,16,0,0,0,0,8,216
2023-12-01,FY 2023-24,Data and Analytics,L2,Junior (L1-L2),Bengaluru,Woman,8,1,0,0,0,0,84
2023-12-01,FY 2023-24,Data and Analytics,L2,Junior (L1-L2),Hyderabad,Man,26,1,0,0,0,3,301
2023-12-01,FY 2023-24,Data and Analytics,L2,Junior (L1-L2),Hyderabad,Woman,23,0,0,0,0,3,250
2023-12-01,FY 2023-24,Data and Analytics,L3,Mid (L3-L4),Bengaluru,Man,14,0,0,0,0,0,149
2023-12-01,FY 2023-24,Data and Analytics,L3,Mid (L3-L4),Bengaluru,Woman,5,0,0,0,0,1,65
2023-12-01,FY 2023-24,Data and Analytics,L3,Mid (L3-L4),Hyderabad,Man,21,0,0,0,0,2,233
2023-12-01,FY 2023-24,Data and Analytics,L3,Mid (L3-L4),Hyderabad,Woman,5,0,0,0,0,2,65
2023-12-01,FY 2023-24,Data and Analytics,L4,Mid (L3-L4),Bengaluru,Man,6,1,0,0,0,1,66
2023-12-01,FY 2023-24,Data and Analytics,L4,Mid (L3-L4),Bengaluru,Woman,1,0,0,0,0,0,12
2023-12-01,FY 2023-24,Data and Analytics,L4,Mid (L3-L4),Hyderabad,Man,17,0,0,0,0,3,186
2023-12-01,FY 2023-24,Data and Analytics,L4,Mid (L3-L4),Hyderabad,Woman,3,0,0,0,0,0,35
2023-12-01,FY 2023-24,Data and Analytics,L5,Senior (L5-L6),Bengaluru,Man,3,0,0,0,0,0,36
2023-12-01,FY 2023-24,Data and Analytics,L5,Senior (L5-L6),Bengaluru,Woman,2,0,0,0,0,0,24
2023-12-01,FY 2023-24,Data and Analytics,L5,Senior (L5-L6),Hyderabad,Man,3,0,0,0,0,0,32
2023-12-01,FY 2023-24,Data and Analytics,L5,Senior (L5-L6),Hyderabad,Woman,3,0,0,0,0,0,30
2023-12-01,FY 2023-24,Data and Analytics,L6,Senior (L5-L6),Bengaluru,Man,2,0,0,0,0,0,16
2023-12-01,FY 2023-24,Data and Analytics,L6,Senior (L5-L6),Hyderabad,Man,3,0,0,0,0,0,36
2023-12-01,FY 2023-24,Data and Analytics,L6,Senior (L5-L6),Hyderabad,Woman,1,0,0,0,0,0,12
2023-12-01,FY 2023-24,Delivery,L1,Junior (L1-L2),Bengaluru,Man,73,4,3,0,1,9,698
2023-12-01,FY 2023-24,Delivery,L1,Junior (L1-L2),Bengaluru,Woman,52,2,0,0,0,16,585
2023-12-01,FY 2023-24,Delivery,L1,Junior (L1-L2),Hyderabad,Man,115,2,0,1,0,21,1264
2023-12-01,FY 2023-24,Delivery,L1,Junior (L1-L2),Hyderabad,Non-binary,0,0,0,0,0,1,4
2023-12-01,FY 2023-24,Delivery,L1,Junior (L1-L2),Hyderabad,Woman,96,0,1,0,0,8,923
2023-12-01,FY 2023-24,Delivery,L2,Junior (L1-L2),Bengaluru,Man,69,2,1,1,0,16,874
2023-12-01,FY 2023-24,Delivery,L2,Junior (L1-L2),Bengaluru,Non-binary,0,0,0,1,0,1,5
2023-12-01,FY 2023-24,Delivery,L2,Junior (L1-L2),Bengaluru,Woman,27,0,1,0,0,9,356
2023-12-01,FY 2023-24,Delivery,L2,Junior (L1-L2),Hyderabad,Man,115,2,2,0,1,29,1349
2023-12-01,FY 2023-24,Delivery,L2,Junior (L1-L2),Hyderabad,Non-binary,1,0,0,0,0,0,12
2023-12-01,FY 2023-24,Delivery,L2,Junior (L1-L2),Hyderabad,Woman,57,0,0,3,0,17,722
2023-12-01,FY 2023-24,Delivery,L3,Mid (L3-L4),Bengaluru,Man,51,0,0,0,0,12,591
2023-12-01,FY 2023-24,Delivery,L3,Mid (L3-L4),Bengaluru,Woman,31,3,0,0,0,6,347
2023-12-01,FY 2023-24,Delivery,L3,Mid (L3-L4),Hyderabad,Man,87,2,2,0,0,15,990
2023-12-01,FY 2023-24,Delivery,L3,Mid (L3-L4),Hyderabad,Non-binary,1,0,0,0,0,0,12
2023-12-01,FY 2023-24,Delivery,L3,Mid (L3-L4),Hyderabad,Woman,39,1,1,0,0,7,435
2023-12-01,FY 2023-24,Delivery,L4,Mid (L3-L4),Bengaluru,Man,25,0,0,0,0,3,291
2023-12-01,FY 2023-24,Delivery,L4,Mid (L3-L4),Bengaluru,Woman,10,0,1,0,0,3,132
2023-12-01,FY 2023-24,Delivery,L4,Mid (L3-L4),Hyderabad,Man,50,0,1,0,0,5,585
2023-12-01,FY 2023-24,Delivery,L4,Mid (L3-L4),Hyderabad,Woman,14,0,0,0,0,1,151
2023-12-01,FY 2023-24,Delivery,L5,Senior (L5-L6),Bengaluru,Man,21,0,0,0,0,2,241
2023-12-01,FY 2023-24,Delivery,L5,Senior (L5-L6),Bengaluru,Woman,6,0,0,0,0,0,75
2023-12-01,FY 2023-24,Delivery,L5,Senior (L5-L6),Hyderabad,Man,19,0,0,0,0,0,237
2023-12-01,FY 2023-24,Delivery,L5,Senior (L5-L6),Hyderabad,Woman,6,0,0,0,0,0,67
2023-12-01,FY 2023-24,Delivery,L6,Senior (L5-L6),Bengaluru,Man,8,0,0,0,0,3,93
2023-12-01,FY 2023-24,Delivery,L6,Senior (L5-L6),Bengaluru,Woman,3,0,0,0,0,0,30
2023-12-01,FY 2023-24,Delivery,L6,Senior (L5-L6),Hyderabad,Man,17,0,0,0,0,0,183
2023-12-01,FY 2023-24,Delivery,L6,Senior (L5-L6),Hyderabad,Woman,1,0,0,0,0,0,12
2023-12-01,FY 2023-24,Quality Engineering,L1,Junior (L1-L2),Bengaluru,Man,16,0,1,0,0,4,198
2023-12-01,FY 2023-24,Quality Engineering,L1,Junior (L1-L2),Bengaluru,Woman,23,0,0,0,0,4,258
2023-12-01,FY 2023-24,Quality Engineering,L1,Junior (L1-L2),Hyderabad,Man,39,0,0,0,0,3,377
2023-12-01,FY 2023-24,Quality Engineering,L1,Junior (L1-L2),Hyderabad,Non-binary,0,0,0,0,0,0,0
2023-12-01,FY 2023-24,Quality Engineering,L1,Junior (L1-L2),Hyderabad,Woman,26,0,0,0,0,7,280
2023-12-01,FY 2023-24,Quality Engineering,L2,Junior (L1-L2),Bengaluru,Man,29,1,0,0,0,4,314
2023-12-01,FY 2023-24,Quality Engineering,L2,Junior (L1-L2),Bengaluru,Non-binary,0,0,0,0,0,0,0
2023-12-01,FY 2023-24,Quality Engineering,L2,Junior (L1-L2),Bengaluru,Woman,17,0,0,0,0,3,187
2023-12-01,FY 2023-24,Quality Engineering,L2,Junior (L1-L2),Hyderabad,Man,38,1,1,0,1,12,457
2023-12-01,FY 2023-24,Quality Engineering,L2,Junior (L1-L2),Hyderabad,Woman,22,0,0,0,0,4,264
2023-12-01,FY 2023-24,Quality Engineering,L3,Mid (L3-L4),Bengaluru,Man,19,0,0,0,0,2,218
2023-12-01,FY 2023-24,Quality Engineering,L3,Mid (L3-L4),Bengaluru,Woman,10,0,0,0,0,2,117
2023-12-01,FY 2023-24,Quality Engineering,L3,Mid (L3-L4),Hyderabad,Man,22,1,1,0,0,5,250
2023-12-01,FY 2023-24,Quality Engineering,L3,Mid (L3-L4),Hyderabad,Woman,17,0,0,0,0,6,185
2023-12-01,FY 2023-24,Quality Engineering,L4,Mid (L3-L4),Bengaluru,Man,8,0,0,0,0,1,100
2023-12-01,FY 2023-24,Quality Engineering,L4,Mid (L3-L4),Bengaluru,Non-binary,1,0,0,0,0,0,12
2023-12-01,FY 2023-24,Quality Engineering,L4,Mid (L3-L4),Bengaluru,Woman,2,0,0,0,0,0,22
2023-12-01,FY 2023-24,Quality Engineering,L4,Mid (L3-L4),Hyderabad,Man,18,0,0,0,0,3,224
2023-12-01,FY 2023-24,Quality Engineering,L4,Mid (L3-L4),Hyderabad,Woman,3,0,0,0,0,2,52
2023-12-01,FY 2023-24,Quality Engineering,L5,Senior (L5-L6),Bengaluru,Man,4,0,0,0,0,0,42
2023-12-01,FY 2023-24,Quality Engineering,L5,Senior (L5-L6),Bengaluru,Woman,2,0,0,0,0,0,18
2023-12-01,FY 2023-24,Quality Engineering,L5,Senior (L5-L6),Hyderabad,Man,10,0,0,0,0,3,134
2023-12-01,FY 2023-24,Quality Engineering,L5,Senior (L5-L6),Hyderabad,Woman,3,0,0,0,0,0,30
2023-12-01,FY 2023-24,Quality Engineering,L6,Senior (L5-L6),Bengaluru,Man,5,0,0,0,0,0,51
2023-12-01,FY 2023-24,Quality Engineering,L6,Senior (L5-L6),Bengaluru,Woman,1,0,0,0,0,1,13
2023-12-01,FY 2023-24,Quality Engineering,L6,Senior (L5-L6),Hyderabad,Man,3,0,0,0,0,0,33
2023-12-01,FY 2023-24,Quality Engineering,L6,Senior (L5-L6),Hyderabad,Woman,1,0,0,0,0,0,12
2023-12-01,FY 2023-24,Sales and Presales,L1,Junior (L1-L2),Bengaluru,Man,14,0,0,0,0,2,148
2023-12-01,FY 2023-24,Sales and Presales,L1,Junior (L1-L2),Bengaluru,Non-binary,1,0,0,0,0,0,5
2023-12-01,FY 2023-24,Sales and Presales,L1,Junior (L1-L2),Bengaluru,Woman,7,0,0,0,0,0,60
2023-12-01,FY 2023-24,Sales and Presales,L1,Junior (L1-L2),Hyderabad,Man,17,0,0,0,0,4,168
2023-12-01,FY 2023-24,Sales and Presales,L1,Junior (L1-L2),Hyderabad,Woman,16,1,0,0,0,1,167
2023-12-01,FY 2023-24,Sales and Presales,L2,Junior (L1-L2),Bengaluru,Man,7,0,0,0,0,1,80
2023-12-01,FY 2023-24,Sales and Presales,L2,Junior (L1-L2),Bengaluru,Non-binary,0,0,0,0,0,0,0
2023-12-01,FY 2023-24,Sales and Presales,L2,Junior (L1-L2),Bengaluru,Woman,3,0,0,0,0,1,44
2023-12-01,FY 2023-24,Sales and Presales,L2,Junior (L1-L2),Hyderabad,Man,11,0,0,0,0,2,140
2023-12-01,FY 2023-24,Sales and Presales,L2,Junior (L1-L2),Hyderabad,Woman,9,1,1,0,1,2,101
2023-12-01,FY 2023-24,Sales and Presales,L3,Mid (L3-L4),Bengaluru,Man,6,0,0,0,0,3,85
2023-12-01,FY 2023-24,Sales and Presales,L3,Mid (L3-L4),Bengaluru,Woman,5,0,1,0,0,1,61
2023-12-01,FY 2023-24,Sales and Presales,L3,Mid (L3-L4),Hyderabad,Man,10,0,0,0,0,2,124
2023-12-01,FY 2023-24,Sales and Presales,L3,Mid (L3-L4),Hyderabad,Woman,5,0,0,0,0,1,60
2023-12-01,FY 2023-24,Sales and Presales,L4,Mid (L3-L4),Bengaluru,Man,5,0,0,0,0,0,50
2023-12-01,FY 2023-24,Sales and Presales,L4,Mid (L3-L4),Bengaluru,Woman,1,0,0,0,0,0,6
2023-12-01,FY 2023-24,Sales and Presales,L4,Mid (L3-L4),Hyderabad,Man,9,0,0,0,0,1,103
2023-12-01,FY 2023-24,Sales and Presales,L4,Mid (L3-L4),Hyderabad,Woman,0,0,0,0,0,0,0
2023-12-01,FY 2023-24,Sales and Presales,L5,Senior (L5-L6),Bengaluru,Man,1,0,0,0,0,0,12
2023-12-01,FY 2023-24,Sales and Presales,L5,Senior (L5-L6),Hyderabad,Man,4,1,0,0,0,1,44
2023-12-01,FY 2023-24,Sales and Presales,L5,Senior (L5-L6),Hyderabad,Woman,1,0,0,0,0,0,12
2023-12-01,FY 2023-24,Sales and Presales,L6,Senior (L5-L6),Bengaluru,Man,1,0,0,0,0,0,12
2023-12-01,FY 2023-24,Sales and Presales,L6,Senior (L5-L6),Hyderabad,Man,2,0,0,0,0,0,21
2024-01-01,FY 2023-24,Cloud and Infrastructure,L1,Junior (L1-L2),Bengaluru,Man,23,0,1,0,0,4,245
2024-01-01,FY 2023-24,Cloud and Infrastructure,L1,Junior (L1-L2),Bengaluru,Woman,17,1,0,0,0,1,193
2024-01-01,FY 2023-24,Cloud and Infrastructure,L1,Junior (L1-L2),Hyderabad,Man,32,0,0,0,0,4,347
2024-01-01,FY 2023-24,Cloud and Infrastructure,L1,Junior (L1-L2),Hyderabad,Woman,22,0,0,0,0,2,241
2024-01-01,FY 2023-24,Cloud and Infrastructure,L2,Junior (L1-L2),Bengaluru,Man,22,0,2,0,0,5,258
2024-01-01,FY 2023-24,Cloud and Infrastructure,L2,Junior (L1-L2),Bengaluru,Woman,11,0,0,0,0,6,156
2024-01-01,FY 2023-24,Cloud and Infrastructure,L2,Junior (L1-L2),Hyderabad,Man,30,0,0,0,0,8,362
2024-01-01,FY 2023-24,Cloud and Infrastructure,L2,Junior (L1-L2),Hyderabad,Woman,21,1,1,0,0,7,248
2024-01-01,FY 2023-24,Cloud and Infrastructure,L3,Mid (L3-L4),Bengaluru,Man,19,0,0,0,0,2,207
2024-01-01,FY 2023-24,Cloud and Infrastructure,L3,Mid (L3-L4),Bengaluru,Woman,2,0,0,0,0,2,26
2024-01-01,FY 2023-24,Cloud and Infrastructure,L3,Mid (L3-L4),Hyderabad,Man,18,1,0,0,0,1,209
2024-01-01,FY 2023-24,Cloud and Infrastructure,L3,Mid (L3-L4),Hyderabad,Non-binary,0,0,0,0,0,0,0
2024-01-01,FY 2023-24,Cloud and Infrastructure,L3,Mid (L3-L4),Hyderabad,Woman,7,0,0,0,0,3,92
2024-01-01,FY 2023-24,Cloud and Infrastructure,L4,Mid (L3-L4),Bengaluru,Man,8,0,0,0,0,1,98
2024-01-01,FY 2023-24,Cloud and Infrastructure,L4,Mid (L3-L4),Bengaluru,Woman,1,0,0,0,0,1,22
2024-01-01,FY 2023-24,Cloud and Infrastructure,L4,Mid (L3-L4),Hyderabad,Man,6,0,0,0,0,2,73
2024-01-01,FY 2023-24,Cloud and Infrastructure,L4,Mid (L3-L4),Hyderabad,Woman,8,0,0,0,0,0,82
2024-01-01,FY 2023-24,Cloud and Infrastructure,L5,Senior (L5-L6),Bengaluru,Man,2,0,0,0,0,0,22
2024-01-01,FY 2023-24,Cloud and Infrastructure,L5,Senior (L5-L6),Bengaluru,Woman,0,0,0,0,0,1,10
2024-01-01,FY 2023-24,Cloud and Infrastructure,L5,Senior (L5-L6),Hyderabad,Man,8,0,0,0,0,0,92
2024-01-01,FY 2023-24,Cloud and Infrastructure,L5,Senior (L5-L6),Hyderabad,Woman,2,0,0,0,0,0,20
2024-01-01,FY 2023-24,Cloud and Infrastructure,L6,Senior (L5-L6),Bengaluru,Man,1,0,0,0,0,0,11
2024-01-01,FY 2023-24,Cloud and Infrastructure,L6,Senior (L5-L6),Bengaluru,Woman,1,0,0,0,0,0,12
2024-01-01,FY 2023-24,Cloud and Infrastructure,L6,Senior (L5-L6),Hyderabad,Man,2,0,0,0,0,0,24
2024-01-01,FY 2023-24,Consulting,L1,Junior (L1-L2),Bengaluru,Man,5,0,0,0,0,1,50
2024-01-01,FY 2023-24,Consulting,L1,Junior (L1-L2),Bengaluru,Woman,5,0,0,0,0,1,61
2024-01-01,FY 2023-24,Consulting,L1,Junior (L1-L2),Hyderabad,Man,13,0,0,0,0,1,141
2024-01-01,FY 2023-24,Consulting,L1,Junior (L1-L2),Hyderabad,Woman,9,1,0,0,0,1,96
2024-01-01,FY 2023-24,Consulting,L2,Junior (L1-L2),Bengaluru,Man,9,0,0,0,0,0,94
2024-01-01,FY 2023-24,Consulting,L2,Junior (L1-L2),Bengaluru,Woman,1,0,0,0,0,4,23
2024-01-01,FY 2023-24,Consulting,L2,Junior (L1-L2),Hyderabad,Man,7,0,0,0,0,0,75
2024-01-01,FY 2023-24,Consulting,L2,Junior (L1-L2),Hyderabad,Woman,6,0,0,0,0,1,78
2024-01-01,FY 2023-24,Consulting,L3,Mid (L3-L4),Bengaluru,Man,6,0,0,0,0,0,58
2024-01-01,FY 2023-24,Consulting,L3,Mid (L3-L4),Bengaluru,Woman,2,0,0,0,0,0,24
2024-01-01,FY 2023-24,Consulting,L3,Mid (L3-L4),Hyderabad,Man,3,0,0,0,0,0,38
2024-01-01,FY 2023-24,Consulting,L3,Mid (L3-L4),Hyderabad,Woman,7,0,0,0,0,0,82
2024-01-01,FY 2023-24,Consulting,L4,Mid (L3-L4),Bengaluru,Man,6,0,0,0,0,0,69
2024-01-01,FY 2023-24,Consulting,L4,Mid (L3-L4),Bengaluru,Woman,2,0,0,0,0,0,24
2024-01-01,FY 2023-24,Consulting,L4,Mid (L3-L4),Hyderabad,Man,1,0,0,0,0,0,12
2024-01-01,FY 2023-24,Consulting,L4,Mid (L3-L4),Hyderabad,Woman,2,0,0,0,0,1,33
2024-01-01,FY 2023-24,Consulting,L5,Senior (L5-L6),Bengaluru,Man,3,1,0,0,0,0,25
2024-01-01,FY 2023-24,Consulting,L5,Senior (L5-L6),Bengaluru,Woman,0,0,0,0,0,0,0
2024-01-01,FY 2023-24,Consulting,L5,Senior (L5-L6),Hyderabad,Man,3,0,0,0,0,1,32
2024-01-01,FY 2023-24,Consulting,L5,Senior (L5-L6),Hyderabad,Woman,0,0,0,0,0,0,0
2024-01-01,FY 2023-24,Consulting,L6,Senior (L5-L6),Bengaluru,Man,1,0,0,0,0,0,11
2024-01-01,FY 2023-24,Consulting,L6,Senior (L5-L6),Hyderabad,Man,3,0,0,0,0,0,34
2024-01-01,FY 2023-24,Consulting,L6,Senior (L5-L6),Hyderabad,Woman,2,0,0,0,0,0,24
2024-01-01,FY 2023-24,Corporate Functions,L1,Junior (L1-L2),Bengaluru,Man,7,0,0,0,0,1,82
2024-01-01,FY 2023-24,Corporate Functions,L1,Junior (L1-L2),Bengaluru,Woman,4,0,1,0,0,1,56
2024-01-01,FY 2023-24,Corporate Functions,L1,Junior (L1-L2),Hyderabad,Man,15,0,1,0,0,1,191
2024-01-01,FY 2023-24,Corporate Functions,L1,Junior (L1-L2),Hyderabad,Woman,10,0,0,0,0,2,127
2024-01-01,FY 2023-24,Corporate Functions,L2,Junior (L1-L2),Bengaluru,Man,8,0,0,0,0,2,109
2024-01-01,FY 2023-24,Corporate Functions,L2,Junior (L1-L2),Bengaluru,Woman,3,1,0,0,0,1,35
2024-01-01,FY 2023-24,Corporate Functions,L2,Junior (L1-L2),Hyderabad,Man,17,1,0,0,0,3,201
2024-01-01,FY 2023-24,Corporate Functions,L2,Junior (L1-L2),Hyderabad,Woman,9,0,0,0,0,1,115
2024-01-01,FY 2023-24,Corporate Functions,L3,Mid (L3-L4),Bengaluru,Man,11,0,0,0,0,2,145
2024-01-01,FY 2023-24,Corporate Functions,L3,Mid (L3-L4),Bengaluru,Woman,5,0,0,0,0,1,64
2024-01-01,FY 2023-24,Corporate Functions,L3,Mid (L3-L4),Hyderabad,Man,12,0,0,0,0,1,135
2024-01-01,FY 2023-24,Corporate Functions,L3,Mid (L3-L4),Hyderabad,Woman,4,0,0,0,0,1,51
2024-01-01,FY 2023-24,Corporate Functions,L4,Mid (L3-L4),Bengaluru,Man,5,0,1,0,0,4,71
2024-01-01,FY 2023-24,Corporate Functions,L4,Mid (L3-L4),Bengaluru,Woman,1,0,0,0,0,0,10
2024-01-01,FY 2023-24,Corporate Functions,L4,Mid (L3-L4),Hyderabad,Man,10,0,0,0,0,2,123
2024-01-01,FY 2023-24,Corporate Functions,L4,Mid (L3-L4),Hyderabad,Woman,3,0,0,0,0,0,34
2024-01-01,FY 2023-24,Corporate Functions,L5,Senior (L5-L6),Bengaluru,Man,2,0,0,0,0,0,22
2024-01-01,FY 2023-24,Corporate Functions,L5,Senior (L5-L6),Bengaluru,Woman,0,0,0,0,0,0,0
2024-01-01,FY 2023-24,Corporate Functions,L5,Senior (L5-L6),Hyderabad,Man,3,0,0,0,0,1,29
2024-01-01,FY 2023-24,Corporate Functions,L6,Senior (L5-L6),Bengaluru,Man,3,1,0,0,0,0,25
2024-01-01,FY 2023-24,Corporate Functions,L6,Senior (L5-L6),Hyderabad,Man,2,0,0,0,0,0,24
2024-01-01,FY 2023-24,Data and Analytics,L1,Junior (L1-L2),Bengaluru,Man,20,1,0,0,0,2,196
2024-01-01,FY 2023-24,Data and Analytics,L1,Junior (L1-L2),Bengaluru,Woman,13,0,0,0,0,6,177
2024-01-01,FY 2023-24,Data and Analytics,L1,Junior (L1-L2),Hyderabad,Man,20,0,0,0,0,3,228
2024-01-01,FY 2023-24,Data and Analytics,L1,Junior (L1-L2),Hyderabad,Woman,12,0,0,0,0,2,149
2024-01-01,FY 2023-24,Data and Analytics,L2,Junior (L1-L2),Bengaluru,Man,16,0,0,0,0,7,214
2024-01-01,FY 2023-24,Data and Analytics,L2,Junior (L1-L2),Bengaluru,Woman,8,0,0,0,0,0,86
2024-01-01,FY 2023-24,Data and Analytics,L2,Junior (L1-L2),Hyderabad,Man,26,0,0,0,0,3,301
2024-01-01,FY 2023-24,Data and Analytics,L2,Junior (L1-L2),Hyderabad,Woman,23,0,0,0,0,2,255
2024-01-01,FY 2023-24,Data and Analytics,L3,Mid (L3-L4),Bengaluru,Man,14,0,0,0,0,0,151
2024-01-01,FY 2023-24,Data and Analytics,L3,Mid (L3-L4),Bengaluru,Woman,5,0,0,0,0,1,64
2024-01-01,FY 2023-24,Data and Analytics,L3,Mid (L3-L4),Hyderabad,Man,20,0,1,0,0,2,235
2024-01-01,FY 2023-24,Data and Analytics,L3,Mid (L3-L4),Hyderabad,Woman,5,0,0,0,0,2,63
2024-01-01,FY 2023-24,Data and Analytics,L4,Mid (L3-L4),Bengaluru,Man,6,0,0,0,0,1,67
2024-01-01,FY 2023-24,Data and Analytics,L4,Mid (L3-L4),Bengaluru,Woman,1,0,0,0,0,0,12
2024-01-01,FY 2023-24,Data and Analytics,L4,Mid (L3-L4),Hyderabad,Man,17,0,0,0,0,2,191
2024-01-01,FY 2023-24,Data and Analytics,L4,Mid (L3-L4),Hyderabad,Woman,3,0,0,0,0,0,34
2024-01-01,FY 2023-24,Data and Analytics,L5,Senior (L5-L6),Bengaluru,Man,3,0,0,0,0,0,36
2024-01-01,FY 2023-24,Data and Analytics,L5,Senior (L5-L6),Bengaluru,Woman,2,0,0,0,0,0,24
2024-01-01,FY 2023-24,Data and Analytics,L5,Senior (L5-L6),Hyderabad,Man,3,0,0,0,0,0,33
2024-01-01,FY 2023-24,Data and Analytics,L5,Senior (L5-L6),Hyderabad,Woman,3,0,0,0,0,0,32
2024-01-01,FY 2023-24,Data and Analytics,L6,Senior (L5-L6),Bengaluru,Man,2,0,0,0,0,0,17
2024-01-01,FY 2023-24,Data and Analytics,L6,Senior (L5-L6),Hyderabad,Man,3,0,0,0,0,0,36
2024-01-01,FY 2023-24,Data and Analytics,L6,Senior (L5-L6),Hyderabad,Woman,1,0,0,0,0,0,12
2024-01-01,FY 2023-24,Delivery,L1,Junior (L1-L2),Bengaluru,Man,74,2,1,0,0,10,719
2024-01-01,FY 2023-24,Delivery,L1,Junior (L1-L2),Bengaluru,Woman,52,0,0,0,0,16,592
2024-01-01,FY 2023-24,Delivery,L1,Junior (L1-L2),Hyderabad,Man,116,1,0,0,0,21,1283
2024-01-01,FY 2023-24,Delivery,L1,Junior (L1-L2),Hyderabad,Non-binary,0,0,0,0,0,1,3
2024-01-01,FY 2023-24,Delivery,L1,Junior (L1-L2),Hyderabad,Woman,99,5,2,0,0,9,959
2024-01-01,FY 2023-24,Delivery,L2,Junior (L1-L2),Bengaluru,Man,72,3,0,0,0,14,872
2024-01-01,FY 2023-24,Delivery,L2,Junior (L1-L2),Bengaluru,Non-binary,0,0,0,0,0,1,5
2024-01-01,FY 2023-24,Delivery,L2,Junior (L1-L2),Bengaluru,Woman,29,2,0,0,0,9,350
2024-01-01,FY 2023-24,Delivery,L2,Junior (L1-L2),Hyderabad,Man,114,2,2,1,0,30,1350
2024-01-01,FY 2023-24,Delivery,L2,Junior (L1-L2),Hyderabad,Non-binary,1,0,0,0,0,0,12
2024-01-01,FY 2023-24,Delivery,L2,Junior (L1-L2),Hyderabad,Woman,58,1,0,0,0,16,718
2024-01-01,FY 2023-24,Delivery,L3,Mid (L3-L4),Bengaluru,Man,52,1,0,0,0,11,599
2024-01-01,FY 2023-24,Delivery,L3,Mid (L3-L4),Bengaluru,Woman,31,1,1,0,0,7,351
2024-01-01,FY 2023-24,Delivery,L3,Mid (L3-L4),Hyderabad,Man,87,1,1,0,0,14,996
2024-01-01,FY 2023-24,Delivery,L3,Mid (L3-L4),Hyderabad,Non-binary,1,0,0,0,0,0,12
2024-01-01,FY 2023-24,Delivery,L3,Mid (L3-L4),Hyderabad,Woman,39,0,0,0,0,5,444
2024-01-01,FY 2023-24,Delivery,L4,Mid (L3-L4),Bengaluru,Man,25,0,0,0,0,3,292
2024-01-01,FY 2023-24,Delivery,L4,Mid (L3-L4),Bengaluru,Woman,10,0,0,0,0,3,133
2024-01-01,FY 2023-24,Delivery,L4,Mid (L3-L4),Hyderabad,Man,50,0,0,0,0,5,592
2024-01-01,FY 2023-24,Delivery,L4,Mid (L3-L4),Hyderabad,Woman,14,0,0,0,0,0,155
2024-01-01,FY 2023-24,Delivery,L5,Senior (L5-L6),Bengaluru,Man,22,1,0,0,0,2,244
2024-01-01,FY 2023-24,Delivery,L5,Senior (L5-L6),Bengaluru,Woman,6,0,0,0,0,0,74
2024-01-01,FY 2023-24,Delivery,L5,Senior (L5-L6),Hyderabad,Man,19,0,0,0,0,0,234
2024-01-01,FY 2023-24,Delivery,L5,Senior (L5-L6),Hyderabad,Woman,6,0,0,0,0,0,69
2024-01-01,FY 2023-24,Delivery,L6,Senior (L5-L6),Bengaluru,Man,8,0,0,0,0,2,94
2024-01-01,FY 2023-24,Delivery,L6,Senior (L5-L6),Bengaluru,Woman,3,0,0,0,0,0,32
2024-01-01,FY 2023-24,Delivery,L6,Senior (L5-L6),Hyderabad,Man,17,0,0,0,0,0,190
2024-01-01,FY 2023-24,Delivery,L6,Senior (L5-L6),Hyderabad,Woman,0,0,0,1,0,1,11
2024-01-01,FY 2023-24,Quality Engineering,L1,Junior (L1-L2),Bengaluru,Man,16,0,0,0,0,2,197
2024-01-01,FY 2023-24,Quality Engineering,L1,Junior (L1-L2),Bengaluru,Woman,23,0,0,0,0,4,259
2024-01-01,FY 2023-24,Quality Engineering,L1,Junior (L1-L2),Hyderabad,Man,40,1,0,0,0,2,388
2024-01-01,FY 2023-24,Quality Engineering,L1,Junior (L1-L2),Hyderabad,Non-binary,0,0,0,0,0,0,0
2024-01-01,FY 2023-24,Quality Engineering,L1,Junior (L1-L2),Hyderabad,Woman,26,0,0,0,0,6,283
2024-01-01,FY 2023-24,Quality Engineering,L2,Junior (L1-L2),Bengaluru,Man,29,0,0,0,0,2,320
2024-01-01,FY 2023-24,Quality Engineering,L2,Junior (L1-L2),Bengaluru,Non-binary,0,0,0,0,0,0,0
2024-01-01,FY 2023-24,Quality Engineering,L2,Junior (L1-L2),Bengaluru,Woman,17,0,0,0,0,1,192
2024-01-01,FY 2023-24,Quality Engineering,L2,Junior (L1-L2),Hyderabad,Man,38,1,1,0,0,11,458
2024-01-01,FY 2023-24,Quality Engineering,L2,Junior (L1-L2),Hyderabad,Woman,24,2,0,0,0,4,265
2024-01-01,FY 2023-24,Quality Engineering,L3,Mid (L3-L4),Bengaluru,Man,19,0,0,0,0,1,219
2024-01-01,FY 2023-24,Quality Engineering,L3,Mid (L3-L4),Bengaluru,Woman,10,0,0,0,0,2,118
2024-01-01,FY 2023-24,Quality Engineering,L3,Mid (L3-L4),Hyderabad,Man,21,0,1,0,0,6,251
2024-01-01,FY 2023-24,Quality Engineering,L3,Mid (L3-L4),Hyderabad,Woman,18,1,0,0,0,4,190
2024-01-01,FY 2023-24,Quality Engineering,L4,Mid (L3-L4),Bengaluru,Man,8,0,0,0,0,1,99
2024-01-01,FY 2023-24,Quality Engineering,L4,Mid (L3-L4),Bengaluru,Non-binary,1,0,0,0,0,0,12
2024-01-01,FY 2023-24,Quality Engineering,L4,Mid (L3-L4),Bengaluru,Woman,2,0,0,0,0,0,21
2024-01-01,FY 2023-24,Quality Engineering,L4,Mid (L3-L4),Hyderabad,Man,17,0,0,1,0,4,221
2024-01-01,FY 2023-24,Quality Engineering,L4,Mid (L3-L4),Hyderabad,Woman,3,0,0,0,0,2,49
2024-01-01,FY 2023-24,Quality Engineering,L5,Senior (L5-L6),Bengaluru,Man,4,0,0,0,0,0,44
2024-01-01,FY 2023-24,Quality Engineering,L5,Senior (L5-L6),Bengaluru,Woman,2,0,0,0,0,0,20
2024-01-01,FY 2023-24,Quality Engineering,L5,Senior (L5-L6),Hyderabad,Man,10,0,0,0,0,3,132
2024-01-01,FY 2023-24,Quality Engineering,L5,Senior (L5-L6),Hyderabad,Woman,3,0,0,0,0,0,32
2024-01-01,FY 2023-24,Quality Engineering,L6,Senior (L5-L6),Bengaluru,Man,5,0,0,0,0,0,53
2024-01-01,FY 2023-24,Quality Engineering,L6,Senior (L5-L6),Bengaluru,Woman,1,0,0,0,0,1,12
2024-01-01,FY 2023-24,Quality Engineering,L6,Senior (L5-L6),Hyderabad,Man,3,0,0,0,0,0,34
2024-01-01,FY 2023-24,Quality Engineering,L6,Senior (L5-L6),Hyderabad,Woman,1,0,0,0,0,0,12
2024-01-01,FY 2023-24,Sales and Presales,L1,Junior (L1-L2),Bengaluru,Man,15,1,0,0,0,2,152
2024-01-01,FY 2023-24,Sales and Presales,L1,Junior (L1-L2),Bengaluru,Non-binary,1,0,0,0,0,0,6
2024-01-01,FY 2023-24,Sales and Presales,L1,Junior (L1-L2),Bengaluru,Woman,7,0,0,0,0,0,64
2024-01-01,FY 2023-24,Sales and Presales,L1,Junior (L1-L2),Hyderabad,Man,17,0,0,0,0,4,173
2024-01-01,FY 2023-24,Sales and Presales,L1,Junior (L1-L2),Hyderabad,Woman,15,0,1,0,0,2,168
2024-01-01,FY 2023-24,Sales and Presales,L2,Junior (L1-L2),Bengaluru,Man,8,1,0,0,0,0,81
2024-01-01,FY 2023-24,Sales and Presales,L2,Junior (L1-L2),Bengaluru,Non-binary,0,0,0,0,0,0,0
2024-01-01,FY 2023-24,Sales and Presales,L2,Junior (L1-L2),Bengaluru,Woman,3,0,0,0,0,1,44
2024-01-01,FY 2023-24,Sales and Presales,L2,Junior (L1-L2),Hyderabad,Man,11,0,0,0,0,2,138
2024-01-01,FY 2023-24,Sales and Presales,L2,Junior (L1-L2),Hyderabad,Woman,9,0,0,0,0,2,102
2024-01-01,FY 2023-24,Sales and Presales,L3,Mid (L3-L4),Bengaluru,Man,7,1,0,0,0,3,84
2024-01-01,FY 2023-24,Sales and Presales,L3,Mid (L3-L4),Bengaluru,Woman,5,0,0,0,0,1,61
2024-01-01,FY 2023-24,Sales and Presales,L3,Mid (L3-L4),Hyderabad,Man,10,0,0,0,0,2,123
2024-01-01,FY 2023-24,Sales and Presales,L3,Mid (L3-L4),Hyderabad,Woman,5,0,0,0,0,1,60
2024-01-01,FY 2023-24,Sales and Presales,L4,Mid (L3-L4),Bengaluru,Man,5,0,0,0,0,0,52
2024-01-01,FY 2023-24,Sales and Presales,L4,Mid (L3-L4),Bengaluru,Woman,1,0,0,0,0,0,7
2024-01-01,FY 2023-24,Sales and Presales,L4,Mid (L3-L4),Hyderabad,Man,9,0,0,0,0,1,103
2024-01-01,FY 2023-24,Sales and Presales,L4,Mid (L3-L4),Hyderabad,Woman,0,0,0,0,0,0,0
2024-01-01,FY 2023-24,Sales and Presales,L5,Senior (L5-L6),Bengaluru,Man,1,0,0,0,0,0,12
2024-01-01,FY 2023-24,Sales and Presales,L5,Senior (L5-L6),Hyderabad,Man,4,0,0,0,0,1,44
2024-01-01,FY 2023-24,Sales and Presales,L5,Senior (L5-L6),Hyderabad,Woman,1,0,0,0,0,0,12
2024-01-01,FY 2023-24,Sales and Presales,L6,Senior (L5-L6),Bengaluru,Man,1,0,0,0,0,0,12
2024-01-01,FY 2023-24,Sales and Presales,L6,Senior (L5-L6),Hyderabad,Man,2,0,0,0,0,0,22
2024-02-01,FY 2023-24,Cloud and Infrastructure,L1,Junior (L1-L2),Bengaluru,Man,23,0,0,0,0,4,249
2024-02-01,FY 2023-24,Cloud and Infrastructure,L1,Junior (L1-L2),Bengaluru,Woman,17,0,0,0,0,1,193
2024-02-01,FY 2023-24,Cloud and Infrastructure,L1,Junior (L1-L2),Hyderabad,Man,32,0,0,0,0,4,352
2024-02-01,FY 2023-24,Cloud and Infrastructure,L1,Junior (L1-L2),Hyderabad,Woman,22,0,0,0,0,1,244
2024-02-01,FY 2023-24,Cloud and Infrastructure,L2,Junior (L1-L2),Bengaluru,Man,22,0,0,0,0,5,261
2024-02-01,FY 2023-24,Cloud and Infrastructure,L2,Junior (L1-L2),Bengaluru,Woman,11,0,0,0,0,6,153
2024-02-01,FY 2023-24,Cloud and Infrastructure,L2,Junior (L1-L2),Hyderabad,Man,30,0,0,0,0,8,364
2024-02-01,FY 2023-24,Cloud and Infrastructure,L2,Junior (L1-L2),Hyderabad,Woman,21,0,0,0,0,6,247
2024-02-01,FY 2023-24,Cloud and Infrastructure,L3,Mid (L3-L4),Bengaluru,Man,19,0,0,0,0,1,213
2024-02-01,FY 2023-24,Cloud and Infrastructure,L3,Mid (L3-L4),Bengaluru,Woman,2,0,0,0,0,1,26
2024-02-01,FY 2023-24,Cloud and Infrastructure,L3,Mid (L3-L4),Hyderabad,Man,18,0,0,0,0,1,211
2024-02-01,FY 2023-24,Cloud and Infrastructure,L3,Mid (L3-L4),Hyderabad,Non-binary,0,0,0,0,0,0,0
2024-02-01,FY 2023-24,Cloud and Infrastructure,L3,Mid (L3-L4),Hyderabad,Woman,8,1,0,0,0,3,91
2024-02-01,FY 2023-24,Cloud and Infrastructure,L4,Mid (L3-L4),Bengaluru,Man,9,1,0,0,0,0,98
2024-02-01,FY 2023-24,Cloud and Infrastructure,L4,Mid (L3-L4),Bengaluru,Woman,1,0,0,0,0,1,21
2024-02-01,FY 2023-24,Cloud and Infrastructure,L4,Mid (L3-L4),Hyderabad,Man,6,0,0,0,0,1,73
2024-02-01,FY 2023-24,Cloud and Infrastructure,L4,Mid (L3-L4),Hyderabad,Woman,8,0,0,0,0,0,87
2024-02-01,FY 2023-24,Cloud and Infrastructure,L5,Senior (L5-L6),Bengaluru,Man,2,0,0,0,0,0,23
2024-02-01,FY 2023-24,Cloud and Infrastructure,L5,Senior (L5-L6),Bengaluru,Woman,0,0,0,0,0,1,9
2024-02-01,FY 2023-24,Cloud and Infrastructure,L5,Senior (L5-L6),Hyderabad,Man,8,0,0,0,0,0,94
2024-02-01,FY 2023-24,Cloud and Infrastructure,L5,Senior (L5-L6),Hyderabad,Woman,2,0,0,0,0,0,21
2024-02-01,FY 2023-24,Cloud and Infrastructure,L6,Senior (L5-L6),Bengaluru,Man,1,0,0,0,0,0,12
2024-02-01,FY 2023-24,Cloud and Infrastructure,L6,Senior (L5-L6),Bengaluru,Woman,1,0,0,0,0,0,12
2024-02-01,FY 2023-24,Cloud and Infrastructure,L6,Senior (L5-L6),Hyderabad,Man,2,0,0,0,0,0,24
2024-02-01,FY 2023-24,Consulting,L1,Junior (L1-L2),Bengaluru,Man,6,1,0,0,0,1,52
2024-02-01,FY 2023-24,Consulting,L1,Junior (L1-L2),Bengaluru,Woman,5,0,0,0,0,1,61
2024-02-01,FY 2023-24,Consulting,L1,Junior (L1-L2),Hyderabad,Man,14,1,0,0,0,1,145
2024-02-01,FY 2023-24,Consulting,L1,Junior (L1-L2),Hyderabad,Woman,9,0,0,0,0,1,97
2024-02-01,FY 2023-24,Consulting,L2,Junior (L1-L2),Bengaluru,Man,8,0,1,0,0,1,95
2024-02-01,FY 2023-24,Consulting,L2,Junior (L1-L2),Bengaluru,Woman,1,0,0,0,0,4,21
2024-02-01,FY 2023-24,Consulting,L2,Junior (L1-L2),Hyderabad,Man,7,0,0,0,0,0,76
2024-02-01,FY 2023-24,Consulting,L2,Junior (L1-L2),Hyderabad,Woman,6,0,0,0,0,1,77
2024-02-01,FY 2023-24,Consulting,L3,Mid (L3-L4),Bengaluru,Man,6,0,0,0,0,0,60
2024-02-01,FY 2023-24,Consulting,L3,Mid (L3-L4),Bengaluru,Woman,2,0,0,0,0,0,24
2024-02-01,FY 2023-24,Consulting,L3,Mid (L3-L4),Hyderabad,Man,3,0,0,0,0,0,37
2024-02-01,FY 2023-24,Consulting,L3,Mid (L3-L4),Hyderabad,Woman,6,0,1,0,0,1,82
2024-02-01,FY 2023-24,Consulting,L4,Mid (L3-L4),Bengaluru,Man,6,0,0,0,0,0,70
2024-02-01,FY 2023-24,Consulting,L4,Mid (L3-L4),Bengaluru,Woman,2,0,0,0,0,0,24
2024-02-01,FY 2023-24,Consulting,L4,Mid (L3-L4),Hyderabad,Man,1,0,0,0,0,0,12
2024-02-01,FY 2023-24,Consulting,L4,Mid (L3-L4),Hyderabad,Woman,2,0,0,0,0,1,32
2024-02-01,FY 2023-24,Consulting,L5,Senior (L5-L6),Bengaluru,Man,3,0,0,0,0,0,26
2024-02-01,FY 2023-24,Consulting,L5,Senior (L5-L6),Bengaluru,Woman,0,0,0,0,0,0,0
2024-02-01,FY 2023-24,Consulting,L5,Senior (L5-L6),Hyderabad,Man,3,0,0,0,0,1,32
2024-02-01,FY 2023-24,Consulting,L5,Senior (L5-L6),Hyderabad,Woman,0,0,0,0,0,0,0
2024-02-01,FY 2023-24,Consulting,L6,Senior (L5-L6),Bengaluru,Man,1,0,0,0,0,0,12
2024-02-01,FY 2023-24,Consulting,L6,Senior (L5-L6),Hyderabad,Man,3,0,0,0,0,0,35
2024-02-01,FY 2023-24,Consulting,L6,Senior (L5-L6),Hyderabad,Woman,2,0,0,0,0,0,24
2024-02-01,FY 2023-24,Corporate Functions,L1,Junior (L1-L2),Bengaluru,Man,7,0,0,0,0,1,82
2024-02-01,FY 2023-24,Corporate Functions,L1,Junior (L1-L2),Bengaluru,Woman,4,0,0,0,0,1,56
2024-02-01,FY 2023-24,Corporate Functions,L1,Junior (L1-L2),Hyderabad,Man,14,0,0,1,0,2,189
2024-02-01,FY 2023-24,Corporate Functions,L1,Junior (L1-L2),Hyderabad,Woman,10,1,0,1,0,3,127
2024-02-01,FY 2023-24,Corporate Functions,L2,Junior (L1-L2),Bengaluru,Man,8,0,0,0,0,2,106
2024-02-01,FY 2023-24,Corporate Functions,L2,Junior (L1-L2),Bengaluru,Woman,3,0,0,0,0,1,35
2024-02-01,FY 2023-24,Corporate Functions,L2,Junior (L1-L2),Hyderabad,Man,17,0,0,0,0,3,201
2024-02-01,FY 2023-24,Corporate Functions,L2,Junior (L1-L2),Hyderabad,Woman,9,0,0,0,0,1,114
2024-02-01,FY 2023-24,Corporate Functions,L3,Mid (L3-L4),Bengaluru,Man,12,1,0,0,0,2,146
2024-02-01,FY 2023-24,Corporate Functions,L3,Mid (L3-L4),Bengaluru,Woman,5,0,0,0,0,1,63
2024-02-01,FY 2023-24,Corporate Functions,L3,Mid (L3-L4),Hyderabad,Man,12,0,0,0,0,1,136
2024-02-01,FY 2023-24,Corporate Functions,L3,Mid (L3-L4),Hyderabad,Woman,4,0,0,0,0,1,49
2024-02-01,FY 2023-24,Corporate Functions,L4,Mid (L3-L4),Bengaluru,Man,4,0,1,0,0,3,71
2024-02-01,FY 2023-24,Corporate Functions,L4,Mid (L3-L4),Bengaluru,Woman,1,0,0,0,0,0,11
2024-02-01,FY 2023-24,Corporate Functions,L4,Mid (L3-L4),Hyderabad,Man,10,0,0,0,0,2,123
2024-02-01,FY 2023-24,Corporate Functions,L4,Mid (L3-L4),Hyderabad,Woman,3,0,0,0,0,0,35
2024-02-01,FY 2023-24,Corporate Functions,L5,Senior (L5-L6),Bengaluru,Man,2,0,0,0,0,0,23
2024-02-01,FY 2023-24,Corporate Functions,L5,Senior (L5-L6),Bengaluru,Woman,0,0,0,0,0,0,0
2024-02-01,FY 2023-24,Corporate Functions,L5,Senior (L5-L6),Hyderabad,Man,3,0,0,0,0,0,30
2024-02-01,FY 2023-24,Corporate Functions,L6,Senior (L5-L6),Bengaluru,Man,3,0,0,0,0,0,26
2024-02-01,FY 2023-24,Corporate Functions,L6,Senior (L5-L6),Hyderabad,Man,2,0,0,0,0,0,24
2024-02-01,FY 2023-24,Data and Analytics,L1,Junior (L1-L2),Bengaluru,Man,19,0,1,0,0,3,200
2024-02-01,FY 2023-24,Data and Analytics,L1,Junior (L1-L2),Bengaluru,Woman,13,0,0,0,0,6,174
2024-02-01,FY 2023-24,Data and Analytics,L1,Junior (L1-L2),Hyderabad,Man,20,0,0,0,0,3,229
2024-02-01,FY 2023-24,Data and Analytics,L1,Junior (L1-L2),Hyderabad,Woman,11,0,1,0,1,3,146
2024-02-01,FY 2023-24,Data and Analytics,L2,Junior (L1-L2),Bengaluru,Man,17,1,0,0,0,7,213
2024-02-01,FY 2023-24,Data and Analytics,L2,Junior (L1-L2),Bengaluru,Woman,8,0,0,0,0,0,87
2024-02-01,FY 2023-24,Data and Analytics,L2,Junior (L1-L2),Hyderabad,Man,26,0,0,0,0,1,302
2024-02-01,FY 2023-24,Data and Analytics,L2,Junior (L1-L2),Hyderabad,Woman,23,0,0,0,0,2,260
2024-02-01,FY 2023-24,Data and Analytics,L3,Mid (L3-L4),Bengaluru,Man,14,0,0,0,0,0,153
2024-02-01,FY 2023-24,Data and Analytics,L3,Mid (L3-L4),Bengaluru,Woman,5,0,0,0,0,1,63
2024-02-01,FY 2023-24,Data and Analytics,L3,Mid (L3-L4),Hyderabad,Man,19,0,1,0,0,3,236
2024-02-01,FY 2023-24,Data and Analytics,L3,Mid (L3-L4),Hyderabad,Woman,5,0,0,0,0,2,61
2024-02-01,FY 2023-24,Data and Analytics,L4,Mid (L3-L4),Bengaluru,Man,6,0,0,0,0,1,68
2024-02-01,FY 2023-24,Data and Analytics,L4,Mid (L3-L4),Bengaluru,Woman,1,0,0,0,0,0,12
2024-02-01,FY 2023-24,Data and Analytics,L4,Mid (L3-L4),Hyderabad,Man,17,0,0,0,0,2,196
2024-02-01,FY 2023-24,Data and Analytics,L4,Mid (L3-L4),Hyderabad,Woman,3,0,0,0,0,0,33
2024-02-01,FY 2023-24,Data and Analytics,L5,Senior (L5-L6),Bengaluru,Man,3,0,0,0,0,0,36
2024-02-01,FY 2023-24,Data and Analytics,L5,Senior (L5-L6),Bengaluru,Woman,2,0,0,0,0,0,24
2024-02-01,FY 2023-24,Data and Analytics,L5,Senior (L5-L6),Hyderabad,Man,3,0,0,0,0,0,34
2024-02-01,FY 2023-24,Data and Analytics,L5,Senior (L5-L6),Hyderabad,Woman,3,0,0,0,0,0,34
2024-02-01,FY 2023-24,Data and Analytics,L6,Senior (L5-L6),Bengaluru,Man,2,0,0,0,0,0,18
2024-02-01,FY 2023-24,Data and Analytics,L6,Senior (L5-L6),Hyderabad,Man,3,0,0,0,0,0,36
2024-02-01,FY 2023-24,Data and Analytics,L6,Senior (L5-L6),Hyderabad,Woman,1,0,0,0,0,0,12
2024-02-01,FY 2023-24,Delivery,L1,Junior (L1-L2),Bengaluru,Man,74,1,1,0,0,10,741
2024-02-01,FY 2023-24,Delivery,L1,Junior (L1-L2),Bengaluru,Woman,54,2,0,0,0,16,601
2024-02-01,FY 2023-24,Delivery,L1,Junior (L1-L2),Hyderabad,Man,117,2,1,0,0,21,1303
2024-02-01,FY 2023-24,Delivery,L1,Junior (L1-L2),Hyderabad,Non-binary,0,0,0,0,0,1,2
2024-02-01,FY 2023-24,Delivery,L1,Junior (L1-L2),Hyderabad,Woman,99,1,1,0,1,9,994
2024-02-01,FY 2023-24,Delivery,L2,Junior (L1-L2),Bengaluru,Man,69,0,2,1,0,17,866
2024-02-01,FY 2023-24,Delivery,L2,Junior (L1-L2),Bengaluru,Non-binary,0,0,0,0,0,1,5
2024-02-01,FY 2023-24,Delivery,L2,Junior (L1-L2),Bengaluru,Woman,27,0,2,0,0,10,343
2024-02-01,FY 2023-24,Delivery,L2,Junior (L1-L2),Hyderabad,Man,113,2,3,0,1,28,1351
2024-02-01,FY 2023-24,Delivery,L2,Junior (L1-L2),Hyderabad,Non-binary,1,0,0,0,0,0,12
2024-02-01,FY 2023-24,Delivery,L2,Junior (L1-L2),Hyderabad,Woman,60,2,0,0,0,14,717
2024-02-01,FY 2023-24,Delivery,L3,Mid (L3-L4),Bengaluru,Man,54,2,0,0,0,9,611
2024-02-01,FY 2023-24,Delivery,L3,Mid (L3-L4),Bengaluru,Woman,31,0,0,0,0,7,355
2024-02-01,FY 2023-24,Delivery,L3,Mid (L3-L4),Hyderabad,Man,85,0,1,1,0,16,1000
2024-02-01,FY 2023-24,Delivery,L3,Mid (L3-L4),Hyderabad,Non-binary,1,0,0,0,0,0,12
2024-02-01,FY 2023-24,Delivery,L3,Mid (L3-L4),Hyderabad,Woman,38,0,1,0,0,4,454
2024-02-01,FY 2023-24,Delivery,L4,Mid (L3-L4),Bengaluru,Man,26,1,0,0,0,2,294
2024-02-01,FY 2023-24,Delivery,L4,Mid (L3-L4),Bengaluru,Woman,10,0,0,0,0,3,134
2024-02-01,FY 2023-24,Delivery,L4,Mid (L3-L4),Hyderabad,Man,49,0,1,0,0,5,597
2024-02-01,FY 2023-24,Delivery,L4,Mid (L3-L4),Hyderabad,Woman,14,0,0,0,0,0,159
2024-02-01,FY 2023-24,Delivery,L5,Senior (L5-L6),Bengaluru,Man,22,0,0,0,0,2,247
2024-02-01,FY 2023-24,Delivery,L5,Senior (L5-L6),Bengaluru,Woman,6,0,0,0,0,0,73
2024-02-01,FY 2023-24,Delivery,L5,Senior (L5-L6),Hyderabad,Man,19,0,0,0,0,0,231
2024-02-01,FY 2023-24,Delivery,L5,Senior (L5-L6),Hyderabad,Woman,5,0,1,0,0,1,70
2024-02-01,FY 2023-24,Delivery,L6,Senior (L5-L6),Bengaluru,Man,9,1,0,0,0,2,96
2024-02-01,FY 2023-24,Delivery,L6,Senior (L5-L6),Bengaluru,Woman,3,0,0,0,0,0,34
2024-02-01,FY 2023-24,Delivery,L6,Senior (L5-L6),Hyderabad,Man,17,0,0,0,0,0,197
2024-02-01,FY 2023-24,Delivery,L6,Senior (L5-L6),Hyderabad,Woman,0,0,0,0,0,1,10
2024-02-01,FY 2023-24,Quality Engineering,L1,Junior (L1-L2),Bengaluru,Man,17,1,0,0,0,2,197
2024-02-01,FY 2023-24,Quality Engineering,L1,Junior (L1-L2),Bengaluru,Woman,22,0,1,0,0,5,259
2024-02-01,FY 2023-24,Quality Engineering,L1,Junior (L1-L2),Hyderabad,Man,40,0,0,0,0,2,398
2024-02-01,FY 2023-24,Quality Engineering,L1,Junior (L1-L2),Hyderabad,Non-binary,0,0,0,0,0,0,0
2024-02-01,FY 2023-24,Quality Engineering,L1,Junior (L1-L2),Hyderabad,Woman,25,0,1,0,0,7,285
2024-02-01,FY 2023-24,Quality Engineering,L2,Junior (L1-L2),Bengaluru,Man,29,0,0,0,0,2,325
2024-02-01,FY 2023-24,Quality Engineering,L2,Junior (L1-L2),Bengaluru,Non-binary,0,0,0,0,0,0,0
2024-02-01,FY 2023-24,Quality Engineering,L2,Junior (L1-L2),Bengaluru,Woman,17,0,0,0,0,1,197
2024-02-01,FY 2023-24,Quality Engineering,L2,Junior (L1-L2),Hyderabad,Man,38,0,0,0,0,9,460
2024-02-01,FY 2023-24,Quality Engineering,L2,Junior (L1-L2),Hyderabad,Woman,23,0,1,0,0,5,265
2024-02-01,FY 2023-24,Quality Engineering,L3,Mid (L3-L4),Bengaluru,Man,19,0,0,0,0,1,220
2024-02-01,FY 2023-24,Quality Engineering,L3,Mid (L3-L4),Bengaluru,Woman,9,0,1,0,0,3,118
2024-02-01,FY 2023-24,Quality Engineering,L3,Mid (L3-L4),Hyderabad,Man,19,0,2,0,0,7,251
2024-02-01,FY 2023-24,Quality Engineering,L3,Mid (L3-L4),Hyderabad,Woman,18,0,0,0,0,4,195
2024-02-01,FY 2023-24,Quality Engineering,L4,Mid (L3-L4),Bengaluru,Man,8,0,0,0,0,1,98
2024-02-01,FY 2023-24,Quality Engineering,L4,Mid (L3-L4),Bengaluru,Non-binary,1,0,0,0,0,0,12
2024-02-01,FY 2023-24,Quality Engineering,L4,Mid (L3-L4),Bengaluru,Woman,2,0,0,0,0,0,20
2024-02-01,FY 2023-24,Quality Engineering,L4,Mid (L3-L4),Hyderabad,Man,18,1,0,0,0,4,219
2024-02-01,FY 2023-24,Quality Engineering,L4,Mid (L3-L4),Hyderabad,Woman,3,0,0,0,0,2,46
2024-02-01,FY 2023-24,Quality Engineering,L5,Senior (L5-L6),Bengaluru,Man,4,0,0,0,0,0,46
2024-02-01,FY 2023-24,Quality Engineering,L5,Senior (L5-L6),Bengaluru,Woman,2,0,0,0,0,0,22
2024-02-01,FY 2023-24,Quality Engineering,L5,Senior (L5-L6),Hyderabad,Man,12,2,0,0,0,3,132
2024-02-01,FY 2023-24,Quality Engineering,L5,Senior (L5-L6),Hyderabad,Woman,3,0,0,0,0,0,34
2024-02-01,FY 2023-24,Quality Engineering,L6,Senior (L5-L6),Bengaluru,Man,5,0,0,0,0,0,55
2024-02-01,FY 2023-24,Quality Engineering,L6,Senior (L5-L6),Bengaluru,Woman,1,0,0,0,0,0,12
2024-02-01,FY 2023-24,Quality Engineering,L6,Senior (L5-L6),Hyderabad,Man,3,0,0,0,0,0,35
2024-02-01,FY 2023-24,Quality Engineering,L6,Senior (L5-L6),Hyderabad,Woman,1,0,0,0,0,0,12
2024-02-01,FY 2023-24,Sales and Presales,L1,Junior (L1-L2),Bengaluru,Man,15,0,0,0,0,2,156
2024-02-01,FY 2023-24,Sales and Presales,L1,Junior (L1-L2),Bengaluru,Non-binary,1,0,0,0,0,0,7
2024-02-01,FY 2023-24,Sales and Presales,L1,Junior (L1-L2),Bengaluru,Woman,7,0,0,0,0,0,68
2024-02-01,FY 2023-24,Sales and Presales,L1,Junior (L1-L2),Hyderabad,Man,17,0,0,0,0,4,178
2024-02-01,FY 2023-24,Sales and Presales,L1,Junior (L1-L2),Hyderabad,Woman,15,0,0,0,0,2,169
2024-02-01,FY 2023-24,Sales and Presales,L2,Junior (L1-L2),Bengaluru,Man,8,0,0,0,0,0,82
2024-02-01,FY 2023-24,Sales and Presales,L2,Junior (L1-L2),Bengaluru,Non-binary,0,0,0,0,0,0,0
2024-02-01,FY 2023-24,Sales and Presales,L2,Junior (L1-L2),Bengaluru,Woman,3,0,0,0,0,1,44
2024-02-01,FY 2023-24,Sales and Presales,L2,Junior (L1-L2),Hyderabad,Man,11,0,0,0,0,2,136
2024-02-01,FY 2023-24,Sales and Presales,L2,Junior (L1-L2),Hyderabad,Woman,9,0,0,0,0,2,103
2024-02-01,FY 2023-24,Sales and Presales,L3,Mid (L3-L4),Bengaluru,Man,7,0,0,0,0,3,83
2024-02-01,FY 2023-24,Sales and Presales,L3,Mid (L3-L4),Bengaluru,Woman,5,0,0,0,0,1,61
2024-02-01,FY 2023-24,Sales and Presales,L3,Mid (L3-L4),Hyderabad,Man,10,0,0,0,0,2,122
2024-02-01,FY 2023-24,Sales and Presales,L3,Mid (L3-L4),Hyderabad,Woman,5,0,0,0,0,1,60
2024-02-01,FY 2023-24,Sales and Presales,L4,Mid (L3-L4),Bengaluru,Man,5,0,0,0,0,0,54
2024-02-01,FY 2023-24,Sales and Presales,L4,Mid (L3-L4),Bengaluru,Woman,1,0,0,0,0,0,8
2024-02-01,FY 2023-24,Sales and Presales,L4,Mid (L3-L4),Hyderabad,Man,8,0,1,0,0,2,102
2024-02-01,FY 2023-24,Sales and Presales,L4,Mid (L3-L4),Hyderabad,Woman,0,0,0,0,0,0,0
2024-02-01,FY 2023-24,Sales and Presales,L5,Senior (L5-L6),Bengaluru,Man,1,0,0,0,0,0,12
2024-02-01,FY 2023-24,Sales and Presales,L5,Senior (L5-L6),Hyderabad,Man,4,0,0,0,0,1,44
2024-02-01,FY 2023-24,Sales and Presales,L5,Senior (L5-L6),Hyderabad,Woman,1,0,0,0,0,0,12
2024-02-01,FY 2023-24,Sales and Presales,L6,Senior (L5-L6),Bengaluru,Man,1,0,0,0,0,0,12
2024-02-01,FY 2023-24,Sales and Presales,L6,Senior (L5-L6),Hyderabad,Man,2,0,0,0,0,0,23
2024-03-01,FY 2023-24,Cloud and Infrastructure,L1,Junior (L1-L2),Bengaluru,Man,23,0,0,0,0,4,253
2024-03-01,FY 2023-24,Cloud and Infrastructure,L1,Junior (L1-L2),Bengaluru,Woman,17,0,0,0,0,1,193
2024-03-01,FY 2023-24,Cloud and Infrastructure,L1,Junior (L1-L2),Hyderabad,Man,32,0,0,0,0,4,356
2024-03-01,FY 2023-24,Cloud and Infrastructure,L1,Junior (L1-L2),Hyderabad,Woman,21,0,1,0,0,2,246
2024-03-01,FY 2023-24,Cloud and Infrastructure,L2,Junior (L1-L2),Bengaluru,Man,22,0,0,0,0,4,263
2024-03-01,FY 2023-24,Cloud and Infrastructure,L2,Junior (L1-L2),Bengaluru,Woman,11,1,1,0,0,7,149
2024-03-01,FY 2023-24,Cloud and Infrastructure,L2,Junior (L1-L2),Hyderabad,Man,31,2,1,0,0,7,366
2024-03-01,FY 2023-24,Cloud and Infrastructure,L2,Junior (L1-L2),Hyderabad,Woman,21,0,0,0,0,6,246
2024-03-01,FY 2023-24,Cloud and Infrastructure,L3,Mid (L3-L4),Bengaluru,Man,19,0,0,0,0,1,219
2024-03-01,FY 2023-24,Cloud and Infrastructure,L3,Mid (L3-L4),Bengaluru,Woman,3,1,0,0,0,1,27
2024-03-01,FY 2023-24,Cloud and Infrastructure,L3,Mid (L3-L4),Hyderabad,Man,18,0,0,0,0,1,212
2024-03-01,FY 2023-24,Cloud and Infrastructure,L3,Mid (L3-L4),Hyderabad,Non-binary,0,0,0,0,0,0,0
2024-03-01,FY 2023-24,Cloud and Infrastructure,L3,Mid (L3-L4),Hyderabad,Woman,8,0,0,0,0,3,90
2024-03-01,FY 2023-24,Cloud and Infrastructure,L4,Mid (L3-L4),Bengaluru,Man,9,0,0,0,0,0,98
2024-03-01,FY 2023-24,Cloud and Infrastructure,L4,Mid (L3-L4),Bengaluru,Woman,1,0,0,0,0,1,20
2024-03-01,FY 2023-24,Cloud and Infrastructure,L4,Mid (L3-L4),Hyderabad,Man,6,0,0,0,0,1,72
2024-03-01,FY 2023-24,Cloud and Infrastructure,L4,Mid (L3-L4),Hyderabad,Woman,8,0,0,0,0,0,91
2024-03-01,FY 2023-24,Cloud and Infrastructure,L5,Senior (L5-L6),Bengaluru,Man,3,1,0,0,0,0,25
2024-03-01,FY 2023-24,Cloud and Infrastructure,L5,Senior (L5-L6),Bengaluru,Woman,0,0,0,0,0,1,8
2024-03-01,FY 2023-24,Cloud and Infrastructure,L5,Senior (L5-L6),Hyderabad,Man,8,0,0,0,0,0,96
2024-03-01,FY 2023-24,Cloud and Infrastructure,L5,Senior (L5-L6),Hyderabad,Woman,2,0,0,0,0,0,22
2024-03-01,FY 2023-24,Cloud and Infrastructure,L6,Senior (L5-L6),Bengaluru,Man,1,0,0,0,0,0,12
2024-03-01,FY 2023-24,Cloud and Infrastructure,L6,Senior (L5-L6),Bengaluru,Woman,1,0,0,0,0,0,12
2024-03-01,FY 2023-24,Cloud and Infrastructure,L6,Senior (L5-L6),Hyderabad,Man,2,0,0,0,0,0,24
2024-03-01,FY 2023-24,Consulting,L1,Junior (L1-L2),Bengaluru,Man,6,0,0,0,0,1,54
2024-03-01,FY 2023-24,Consulting,L1,Junior (L1-L2),Bengaluru,Woman,5,0,0,0,0,1,61
2024-03-01,FY 2023-24,Consulting,L1,Junior (L1-L2),Hyderabad,Man,14,0,0,0,0,1,149
2024-03-01,FY 2023-24,Consulting,L1,Junior (L1-L2),Hyderabad,Woman,9,0,0,0,0,1,98
2024-03-01,FY 2023-24,Consulting,L2,Junior (L1-L2),Bengaluru,Man,8,0,0,0,0,1,96
2024-03-01,FY 2023-24,Consulting,L2,Junior (L1-L2),Bengaluru,Woman,2,1,0,0,0,3,21
2024-03-01,FY 2023-24,Consulting,L2,Junior (L1-L2),Hyderabad,Man,7,0,0,0,0,0,77
2024-03-01,FY 2023-24,Consulting,L2,Junior (L1-L2),Hyderabad,Woman,6,0,0,0,0,1,76
2024-03-01,FY 2023-24,Consulting,L3,Mid (L3-L4),Bengaluru,Man,6,0,0,0,0,0,62
2024-03-01,FY 2023-24,Consulting,L3,Mid (L3-L4),Bengaluru,Woman,2,0,0,0,0,0,24
2024-03-01,FY 2023-24,Consulting,L3,Mid (L3-L4),Hyderabad,Man,3,0,0,0,0,0,36
2024-03-01,FY 2023-24,Consulting,L3,Mid (L3-L4),Hyderabad,Woman,6,0,0,0,0,1,82
2024-03-01,FY 2023-24,Consulting,L4,Mid (L3-L4),Bengaluru,Man,6,0,0,0,0,0,71
2024-03-01,FY 2023-24,Consulting,L4,Mid (L3-L4),Bengaluru,Woman,2,0,0,0,0,0,24
2024-03-01,FY 2023-24,Consulting,L4,Mid (L3-L4),Hyderabad,Man,1,0,0,0,0,0,12
2024-03-01,FY 2023-24,Consulting,L4,Mid (L3-L4),Hyderabad,Woman,2,0,0,0,0,1,31
2024-03-01,FY 2023-24,Consulting,L5,Senior (L5-L6),Bengaluru,Man,3,0,0,0,0,0,27
2024-03-01,FY 2023-24,Consulting,L5,Senior (L5-L6),Bengaluru,Woman,0,0,0,0,0,0,0
2024-03-01,FY 2023-24,Consulting,L5,Senior (L5-L6),Hyderabad,Man,3,0,0,0,0,1,32
2024-03-01,FY 2023-24,Consulting,L5,Senior (L5-L6),Hyderabad,Woman,0,0,0,0,0,0,0
2024-03-01,FY 2023-24,Consulting,L6,Senior (L5-L6),Bengaluru,Man,1,0,0,0,0,0,12
2024-03-01,FY 2023-24,Consulting,L6,Senior (L5-L6),Hyderabad,Man,3,0,0,0,0,0,36
2024-03-01,FY 2023-24,Consulting,L6,Senior (L5-L6),Hyderabad,Woman,2,0,0,0,0,0,24
2024-03-01,FY 2023-24,Corporate Functions,L1,Junior (L1-L2),Bengaluru,Man,7,0,0,0,0,0,83
2024-03-01,FY 2023-24,Corporate Functions,L1,Junior (L1-L2),Bengaluru,Woman,4,0,0,0,0,1,56
2024-03-01,FY 2023-24,Corporate Functions,L1,Junior (L1-L2),Hyderabad,Man,14,0,0,0,0,2,187
2024-03-01,FY 2023-24,Corporate Functions,L1,Junior (L1-L2),Hyderabad,Woman,10,0,0,0,0,3,126
2024-03-01,FY 2023-24,Corporate Functions,L2,Junior (L1-L2),Bengaluru,Man,8,0,0,0,0,2,103
2024-03-01,FY 2023-24,Corporate Functions,L2,Junior (L1-L2),Bengaluru,Woman,4,1,0,0,0,1,36
2024-03-01,FY 2023-24,Corporate Functions,L2,Junior (L1-L2),Hyderabad,Man,18,1,0,0,0,2,202
2024-03-01,FY 2023-24,Corporate Functions,L2,Junior (L1-L2),Hyderabad,Woman,9,0,0,0,0,1,113
2024-03-01,FY 2023-24,Corporate Functions,L3,Mid (L3-L4),Bengaluru,Man,12,0,0,0,0,2,146
2024-03-01,FY 2023-24,Corporate Functions,L3,Mid (L3-L4),Bengaluru,Woman,5,0,0,0,0,1,62
2024-03-01,FY 2023-24,Corporate Functions,L3,Mid (L3-L4),Hyderabad,Man,12,0,0,0,0,0,138
2024-03-01,FY 2023-24,Corporate Functions,L3,Mid (L3-L4),Hyderabad,Woman,4,0,0,0,0,0,48
2024-03-01,FY 2023-24,Corporate Functions,L4,Mid (L3-L4),Bengaluru,Man,4,0,0,0,0,3,71
2024-03-01,FY 2023-24,Corporate Functions,L4,Mid (L3-L4),Bengaluru,Woman,2,1,0,0,0,0,13
2024-03-01,FY 2023-24,Corporate Functions,L4,Mid (L3-L4),Hyderabad,Man,9,0,1,0,0,3,122
2024-03-01,FY 2023-24,Corporate Functions,L4,Mid (L3-L4),Hyderabad,Woman,3,0,0,0,0,0,36
2024-03-01,FY 2023-24,Corporate Functions,L5,Senior (L5-L6),Bengaluru,Man,2,0,0,0,0,0,24
2024-03-01,FY 2023-24,Corporate Functions,L5,Senior (L5-L6),Bengaluru,Woman,0,0,0,0,0,0,0
2024-03-01,FY 2023-24,Corporate Functions,L5,Senior (L5-L6),Hyderabad,Man,3,0,0,0,0,0,31
2024-03-01,FY 2023-24,Corporate Functions,L6,Senior (L5-L6),Bengaluru,Man,3,0,0,0,0,0,27
2024-03-01,FY 2023-24,Corporate Functions,L6,Senior (L5-L6),Hyderabad,Man,2,0,0,0,0,0,24
2024-03-01,FY 2023-24,Data and Analytics,L1,Junior (L1-L2),Bengaluru,Man,18,0,0,1,0,4,202
2024-03-01,FY 2023-24,Data and Analytics,L1,Junior (L1-L2),Bengaluru,Woman,14,1,0,0,0,6,172
2024-03-01,FY 2023-24,Data and Analytics,L1,Junior (L1-L2),Hyderabad,Man,21,1,0,0,0,3,231
2024-03-01,FY 2023-24,Data and Analytics,L1,Junior (L1-L2),Hyderabad,Woman,12,1,0,0,0,3,144
2024-03-01,FY 2023-24,Data and Analytics,L2,Junior (L1-L2),Bengaluru,Man,17,0,0,0,0,7,212
2024-03-01,FY 2023-24,Data and Analytics,L2,Junior (L1-L2),Bengaluru,Woman,9,1,0,0,0,0,89
2024-03-01,FY 2023-24,Data and Analytics,L2,Junior (L1-L2),Hyderabad,Man,25,0,1,0,0,2,302
2024-03-01,FY 2023-24,Data and Analytics,L2,Junior (L1-L2),Hyderabad,Woman,22,0,1,0,0,1,265
2024-03-01,FY 2023-24,Data and Analytics,L3,Mid (L3-L4),Bengaluru,Man,14,0,0,0,0,0,155
2024-03-01,FY 2023-24,Data and Analytics,L3,Mid (L3-L4),Bengaluru,Woman,5,0,0,0,0,1,62
2024-03-01,FY 2023-24,Data and Analytics,L3,Mid (L3-L4),Hyderabad,Man,18,0,1,0,0,4,235
2024-03-01,FY 2023-24,Data and Analytics,L3,Mid (L3-L4),Hyderabad,Woman,5,0,0,0,0,1,60
2024-03-01,FY 2023-24,Data and Analytics,L4,Mid (L3-L4),Bengaluru,Man,6,0,0,0,0,1,69
2024-03-01,FY 2023-24,Data and Analytics,L4,Mid (L3-L4),Bengaluru,Woman,1,0,0,0,0,0,12
2024-03-01,FY 2023-24,Data and Analytics,L4,Mid (L3-L4),Hyderabad,Man,17,0,0,0,0,1,202
2024-03-01,FY 2023-24,Data and Analytics,L4,Mid (L3-L4),Hyderabad,Woman,3,0,0,0,0,0,32
2024-03-01,FY 2023-24,Data and Analytics,L5,Senior (L5-L6),Bengaluru,Man,3,0,0,0,0,0,36
2024-03-01,FY 2023-24,Data and Analytics,L5,Senior (L5-L6),Bengaluru,Woman,2,0,0,0,0,0,24
2024-03-01,FY 2023-24,Data and Analytics,L5,Senior (L5-L6),Hyderabad,Man,3,0,0,0,0,0,35
2024-03-01,FY 2023-24,Data and Analytics,L5,Senior (L5-L6),Hyderabad,Woman,3,0,0,0,0,0,36
2024-03-01,FY 2023-24,Data and Analytics,L6,Senior (L5-L6),Bengaluru,Man,2,0,0,0,0,0,19
2024-03-01,FY 2023-24,Data and Analytics,L6,Senior (L5-L6),Hyderabad,Man,3,0,0,0,0,0,36
2024-03-01,FY 2023-24,Data and Analytics,L6,Senior (L5-L6),Hyderabad,Woman,1,0,0,0,0,0,12
2024-03-01,FY 2023-24,Delivery,L1,Junior (L1-L2),Bengaluru,Man,74,1,1,0,0,10,764
2024-03-01,FY 2023-24,Delivery,L1,Junior (L1-L2),Bengaluru,Woman,54,1,1,0,0,17,609
2024-03-01,FY 2023-24,Delivery,L1,Junior (L1-L2),Hyderabad,Man,116,1,1,1,0,23,1320
2024-03-01,FY 2023-24,Delivery,L1,Junior (L1-L2),Hyderabad,Non-binary,0,0,0,0,0,1,1
2024-03-01,FY 2023-24,Delivery,L1,Junior (L1-L2),Hyderabad,Woman,99,0,0,0,0,9,1029
2024-03-01,FY 2023-24,Delivery,L2,Junior (L1-L2),Bengaluru,Man,69,1,1,0,1,18,858
2024-03-01,FY 2023-24,Delivery,L2,Junior (L1-L2),Bengaluru,Non-binary,0,0,0,0,0,1,5
2024-03-01,FY 2023-24,Delivery,L2,Junior (L1-L2),Bengaluru,Woman,28,1,0,0,0,10,337
2024-03-01,FY 2023-24,Delivery,L2,Junior (L1-L2),Hyderabad,Man,112,1,2,0,0,27,1351
2024-03-01,FY 2023-24,Delivery,L2,Junior (L1-L2),Hyderabad,Non-binary,1,0,0,0,0,0,12
2024-03-01,FY 2023-24,Delivery,L2,Junior (L1-L2),Hyderabad,Woman,60,2,2,0,0,15,715
2024-03-01,FY 2023-24,Delivery,L3,Mid (L3-L4),Bengaluru,Man,53,0,1,0,0,9,620
2024-03-01,FY 2023-24,Delivery,L3,Mid (L3-L4),Bengaluru,Woman,30,0,1,0,1,8,358
2024-03-01,FY 2023-24,Delivery,L3,Mid (L3-L4),Hyderabad,Man,85,0,0,0,0,13,1005
2024-03-01,FY 2023-24,Delivery,L3,Mid (L3-L4),Hyderabad,Non-binary,1,0,0,0,0,0,12
2024-03-01,FY 2023-24,Delivery,L3,Mid (L3-L4),Hyderabad,Woman,40,2,0,0,0,4,465
2024-03-01,FY 2023-24,Delivery,L4,Mid (L3-L4),Bengaluru,Man,27,1,0,0,0,2,297
2024-03-01,FY 2023-24,Delivery,L4,Mid (L3-L4),Bengaluru,Woman,10,0,0,0,0,3,135
2024-03-01,FY 2023-24,Delivery,L4,Mid (L3-L4),Hyderabad,Man,48,0,1,0,0,5,602
2024-03-01,FY 2023-24,Delivery,L4,Mid (L3-L4),Hyderabad,Woman,15,1,0,0,0,0,163
2024-03-01,FY 2023-24,Delivery,L5,Senior (L5-L6),Bengaluru,Man,22,0,0,0,0,2,250
2024-03-01,FY 2023-24,Delivery,L5,Senior (L5-L6),Bengaluru,Woman,6,0,0,0,0,0,72
2024-03-01,FY 2023-24,Delivery,L5,Senior (L5-L6),Hyderabad,Man,19,0,0,0,0,0,228
2024-03-01,FY 2023-24,Delivery,L5,Senior (L5-L6),Hyderabad,Woman,5,0,0,0,0,1,70
2024-03-01,FY 2023-24,Delivery,L6,Senior (L5-L6),Bengaluru,Man,9,0,0,0,0,2,98
2024-03-01,FY 2023-24,Delivery,L6,Senior (L5-L6),Bengaluru,Woman,3,0,0,0,0,0,36
2024-03-01,FY 2023-24,Delivery,L6,Senior (L5-L6),Hyderabad,Man,17,0,0,0,0,0,204
2024-03-01,FY 2023-24,Delivery,L6,Senior (L5-L6),Hyderabad,Woman,0,0,0,0,0,1,9
2024-03-01,FY 2023-24,Quality Engineering,L1,Junior (L1-L2),Bengaluru,Man,17,0,0,0,0,2,197
2024-03-01,FY 2023-24,Quality Engineering,L1,Junior (L1-L2),Bengaluru,Woman,23,1,0,0,0,5,260
2024-03-01,FY 2023-24,Quality Engineering,L1,Junior (L1-L2),Hyderabad,Man,40,0,0,0,0,2,408
2024-03-01,FY 2023-24,Quality Engineering,L1,Junior (L1-L2),Hyderabad,Non-binary,0,0,0,0,0,0,0
2024-03-01,FY 2023-24,Quality Engineering,L1,Junior (L1-L2),Hyderabad,Woman,25,0,0,0,0,7,287
2024-03-01,FY 2023-24,Quality Engineering,L2,Junior (L1-L2),Bengaluru,Man,29,0,0,0,0,2,329
2024-03-01,FY 2023-24,Quality Engineering,L2,Junior (L1-L2),Bengaluru,Non-binary,0,0,0,0,0,0,0
2024-03-01,FY 2023-24,Quality Engineering,L2,Junior (L1-L2),Bengaluru,Woman,17,0,0,0,0,0,201
2024-03-01,FY 2023-24,Quality Engineering,L2,Junior (L1-L2),Hyderabad,Man,38,1,1,0,0,9,462
2024-03-01,FY 2023-24,Quality Engineering,L2,Junior (L1-L2),Hyderabad,Woman,24,1,0,0,0,5,265
2024-03-01,FY 2023-24,Quality Engineering,L3,Mid (L3-L4),Bengaluru,Man,19,0,0,0,0,1,221
2024-03-01,FY 2023-24,Quality Engineering,L3,Mid (L3-L4),Bengaluru,Woman,8,0,0,1,0,4,117
2024-03-01,FY 2023-24,Quality Engineering,L3,Mid (L3-L4),Hyderabad,Man,18,0,1,0,0,7,251
2024-03-01,FY 2023-24,Quality Engineering,L3,Mid (L3-L4),Hyderabad,Woman,18,0,0,0,0,3,201
2024-03-01,FY 2023-24,Quality Engineering,L4,Mid (L3-L4),Bengaluru,Man,8,0,0,0,0,1,96
2024-03-01,FY 2023-24,Quality Engineering,L4,Mid (L3-L4),Bengaluru,Non-binary,1,0,0,0,0,0,12
2024-03-01,FY 2023-24,Quality Engineering,L4,Mid (L3-L4),Bengaluru,Woman,2,0,0,0,0,0,19
2024-03-01,FY 2023-24,Quality Engineering,L4,Mid (L3-L4),Hyderabad,Man,17,0,1,0,1,5,216
2024-03-01,FY 2023-24,Quality Engineering,L4,Mid (L3-L4),Hyderabad,Woman,3,0,0,0,0,2,43
2024-03-01,FY 2023-24,Quality Engineering,L5,Senior (L5-L6),Bengaluru,Man,4,0,0,0,0,0,48
2024-03-01,FY 2023-24,Quality Engineering,L5,Senior (L5-L6),Bengaluru,Woman,2,0,0,0,0,0,24
2024-03-01,FY 2023-24,Quality Engineering,L5,Senior (L5-L6),Hyderabad,Man,12,0,0,0,0,3,132
2024-03-01,FY 2023-24,Quality Engineering,L5,Senior (L5-L6),Hyderabad,Woman,3,0,0,0,0,0,36
2024-03-01,FY 2023-24,Quality Engineering,L6,Senior (L5-L6),Bengaluru,Man,5,0,0,0,0,0,56
2024-03-01,FY 2023-24,Quality Engineering,L6,Senior (L5-L6),Bengaluru,Woman,1,0,0,0,0,0,12
2024-03-01,FY 2023-24,Quality Engineering,L6,Senior (L5-L6),Hyderabad,Man,3,0,0,0,0,0,36
2024-03-01,FY 2023-24,Quality Engineering,L6,Senior (L5-L6),Hyderabad,Woman,1,0,0,0,0,0,12
2024-03-01,FY 2023-24,Sales and Presales,L1,Junior (L1-L2),Bengaluru,Man,15,0,0,0,0,1,161
2024-03-01,FY 2023-24,Sales and Presales,L1,Junior (L1-L2),Bengaluru,Non-binary,1,0,0,0,0,0,8
2024-03-01,FY 2023-24,Sales and Presales,L1,Junior (L1-L2),Bengaluru,Woman,7,0,0,0,0,0,72
2024-03-01,FY 2023-24,Sales and Presales,L1,Junior (L1-L2),Hyderabad,Man,16,0,1,0,0,4,182
2024-03-01,FY 2023-24,Sales and Presales,L1,Junior (L1-L2),Hyderabad,Woman,16,1,0,0,0,2,171
2024-03-01,FY 2023-24,Sales and Presales,L2,Junior (L1-L2),Bengaluru,Man,8,0,0,0,0,0,83
2024-03-01,FY 2023-24,Sales and Presales,L2,Junior (L1-L2),Bengaluru,Non-binary,0,0,0,0,0,0,0
2024-03-01,FY 2023-24,Sales and Presales,L2,Junior (L1-L2),Bengaluru,Woman,3,0,0,0,0,1,43
2024-03-01,FY 2023-24,Sales and Presales,L2,Junior (L1-L2),Hyderabad,Man,11,0,0,0,0,2,134
2024-03-01,FY 2023-24,Sales and Presales,L2,Junior (L1-L2),Hyderabad,Woman,10,1,0,0,0,2,105
2024-03-01,FY 2023-24,Sales and Presales,L3,Mid (L3-L4),Bengaluru,Man,7,0,0,0,0,2,82
2024-03-01,FY 2023-24,Sales and Presales,L3,Mid (L3-L4),Bengaluru,Woman,5,0,0,0,0,1,61
2024-03-01,FY 2023-24,Sales and Presales,L3,Mid (L3-L4),Hyderabad,Man,11,1,0,0,0,2,122
2024-03-01,FY 2023-24,Sales and Presales,L3,Mid (L3-L4),Hyderabad,Woman,5,0,0,0,0,1,60
2024-03-01,FY 2023-24,Sales and Presales,L4,Mid (L3-L4),Bengaluru,Man,5,0,0,0,0,0,56
2024-03-01,FY 2023-24,Sales and Presales,L4,Mid (L3-L4),Bengaluru,Woman,1,0,0,0,0,0,9
2024-03-01,FY 2023-24,Sales and Presales,L4,Mid (L3-L4),Hyderabad,Man,8,0,0,0,0,1,102
2024-03-01,FY 2023-24,Sales and Presales,L4,Mid (L3-L4),Hyderabad,Woman,0,0,0,0,0,0,0
2024-03-01,FY 2023-24,Sales and Presales,L5,Senior (L5-L6),Bengaluru,Man,1,0,0,0,0,0,12
2024-03-01,FY 2023-24,Sales and Presales,L5,Senior (L5-L6),Hyderabad,Man,4,0,0,0,0,1,44
2024-03-01,FY 2023-24,Sales and Presales,L5,Senior (L5-L6),Hyderabad,Woman,1,0,0,0,0,0,12
2024-03-01,FY 2023-24,Sales and Presales,L6,Senior (L5-L6),Bengaluru,Man,1,0,0,0,0,0,12
2024-03-01,FY 2023-24,Sales and Presales,L6,Senior (L5-L6),Hyderabad,Man,2,0,0,0,0,0,24
2024-04-01,FY 2024-25,Cloud and Infrastructure,L1,Junior (L1-L2),Bengaluru,Man,21,0,0,0,0,4,257
2024-04-01,FY 2024-25,Cloud and Infrastructure,L1,Junior (L1-L2),Bengaluru,Woman,16,0,0,0,0,1,193
2024-04-01,FY 2024-25,Cloud and Infrastructure,L1,Junior (L1-L2),Hyderabad,Man,29,0,0,0,0,4,358
2024-04-01,FY 2024-25,Cloud and Infrastructure,L1,Junior (L1-L2),Hyderabad,Woman,18,0,1,0,0,3,246
2024-04-01,FY 2024-25,Cloud and Infrastructure,L2,Junior (L1-L2),Bengaluru,Man,23,0,1,0,1,4,265
2024-04-01,FY 2024-25,Cloud and Infrastructure,L2,Junior (L1-L2),Bengaluru,Woman,13,1,0,0,0,7,147
2024-04-01,FY 2024-25,Cloud and Infrastructure,L2,Junior (L1-L2),Hyderabad,Man,33,0,0,0,0,7,369
2024-04-01,FY 2024-25,Cloud and Infrastructure,L2,Junior (L1-L2),Hyderabad,Woman,22,1,0,0,0,5,248
2024-04-01,FY 2024-25,Cloud and Infrastructure,L3,Mid (L3-L4),Bengaluru,Man,15,0,0,0,0,1,220
2024-04-01,FY 2024-25,Cloud and Infrastructure,L3,Mid (L3-L4),Bengaluru,Woman,3,0,0,0,0,1,27
2024-04-01,FY 2024-25,Cloud and Infrastructure,L3,Mid (L3-L4),Hyderabad,Man,17,0,1,0,0,2,211
2024-04-01,FY 2024-25,Cloud and Infrastructure,L3,Mid (L3-L4),Hyderabad,Non-binary,0,0,0,0,0,0,0
2024-04-01,FY 2024-25,Cloud and Infrastructure,L3,Mid (L3-L4),Hyderabad,Woman,10,0,0,0,0,3,92
2024-04-01,FY 2024-25,Cloud and Infrastructure,L4,Mid (L3-L4),Bengaluru,Man,12,0,0,0,0,0,102
2024-04-01,FY 2024-25,Cloud and Infrastructure,L4,Mid (L3-L4),Bengaluru,Woman,1,1,0,0,0,1,19
2024-04-01,FY 2024-25,Cloud and Infrastructure,L4,Mid (L3-L4),Hyderabad,Man,7,0,0,0,0,1,73
2024-04-01,FY 2024-25,Cloud and Infrastructure,L4,Mid (L3-L4),Hyderabad,Woman,8,0,0,0,0,0,92
2024-04-01,FY 2024-25,Cloud and Infrastructure,L5,Senior (L5-L6),Bengaluru,Man,4,0,0,0,0,0,27
2024-04-01,FY 2024-25,Cloud and Infrastructure,L5,Senior (L5-L6),Bengaluru,Woman,1,0,0,0,0,1,8
2024-04-01,FY 2024-25,Cloud and Infrastructure,L5,Senior (L5-L6),Hyderabad,Man,6,0,0,0,0,0,94
2024-04-01,FY 2024-25,Cloud and Infrastructure,L5,Senior (L5-L6),Hyderabad,Woman,2,0,0,0,0,0,23
2024-04-01,FY 2024-25,Cloud and Infrastructure,L6,Senior (L5-L6),Bengaluru,Man,1,0,0,0,0,0,12
2024-04-01,FY 2024-25,Cloud and Infrastructure,L6,Senior (L5-L6),Bengaluru,Woman,1,0,0,0,0,0,12
2024-04-01,FY 2024-25,Cloud and Infrastructure,L6,Senior (L5-L6),Hyderabad,Man,4,0,0,0,0,0,26
2024-04-01,FY 2024-25,Consulting,L1,Junior (L1-L2),Bengaluru,Man,5,0,0,0,0,0,56
2024-04-01,FY 2024-25,Consulting,L1,Junior (L1-L2),Bengaluru,Woman,5,0,0,0,0,1,62
2024-04-01,FY 2024-25,Consulting,L1,Junior (L1-L2),Hyderabad,Man,14,0,0,0,0,1,153
2024-04-01,FY 2024-25,Consulting,L1,Junior (L1-L2),Hyderabad,Woman,8,0,0,0,0,1,99
2024-04-01,FY 2024-25,Consulting,L2,Junior (L1-L2),Bengaluru,Man,6,0,0,0,0,1,95
2024-04-01,FY 2024-25,Consulting,L2,Junior (L1-L2),Bengaluru,Woman,2,0,0,0,0,3,20
2024-04-01,FY 2024-25,Consulting,L2,Junior (L1-L2),Hyderabad,Man,7,0,0,0,0,0,78
2024-04-01,FY 2024-25,Consulting,L2,Junior (L1-L2),Hyderabad,Woman,7,0,0,0,0,1,76
2024-04-01,FY 2024-25,Consulting,L3,Mid (L3-L4),Bengaluru,Man,8,0,0,1,0,1,66
2024-04-01,FY 2024-25,Consulting,L3,Mid (L3-L4),Bengaluru,Woman,1,0,0,0,0,0,23
2024-04-01,FY 2024-25,Consulting,L3,Mid (L3-L4),Hyderabad,Man,3,0,0,0,0,0,36
2024-04-01,FY 2024-25,Consulting,L3,Mid (L3-L4),Hyderabad,Woman,6,0,0,0,0,1,81
2024-04-01,FY 2024-25,Consulting,L4,Mid (L3-L4),Bengaluru,Man,6,0,0,0,0,0,72
2024-04-01,FY 2024-25,Consulting,L4,Mid (L3-L4),Bengaluru,Woman,2,0,0,0,0,0,24
2024-04-01,FY 2024-25,Consulting,L4,Mid (L3-L4),Hyderabad,Man,1,0,0,0,0,0,12
2024-04-01,FY 2024-25,Consulting,L4,Mid (L3-L4),Hyderabad,Woman,2,1,0,0,0,1,30
2024-04-01,FY 2024-25,Consulting,L5,Senior (L5-L6),Bengaluru,Man,2,0,0,0,0,0,27
2024-04-01,FY 2024-25,Consulting,L5,Senior (L5-L6),Bengaluru,Woman,1,0,0,0,0,0,1
2024-04-01,FY 2024-25,Consulting,L5,Senior (L5-L6),Hyderabad,Man,3,0,0,0,0,1,32
2024-04-01,FY 2024-25,Consulting,L5,Senior (L5-L6),Hyderabad,Woman,1,0,0,0,0,0,1
2024-04-01,FY 2024-25,Consulting,L6,Senior (L5-L6),Bengaluru,Man,2,0,0,0,0,0,13
2024-04-01,FY 2024-25,Consulting,L6,Senior (L5-L6),Hyderabad,Man,3,0,0,0,0,0,36
2024-04-01,FY 2024-25,Consulting,L6,Senior (L5-L6),Hyderabad,Woman,2,0,0,0,0,0,24
2024-04-01,FY 2024-25,Corporate Functions,L1,Junior (L1-L2),Bengaluru,Man,7,0,0,0,0,0,84
2024-04-01,FY 2024-25,Corporate Functions,L1,Junior (L1-L2),Bengaluru,Woman,5,1,0,0,0,1,57
2024-04-01,FY 2024-25,Corporate Functions,L1,Junior (L1-L2),Hyderabad,Man,13,1,0,0,0,2,184
2024-04-01,FY 2024-25,Corporate Functions,L1,Junior (L1-L2),Hyderabad,Woman,9,0,0,0,0,3,124
2024-04-01,FY 2024-25,Corporate Functions,L2,Junior (L1-L2),Bengaluru,Man,9,2,0,0,0,2,103
2024-04-01,FY 2024-25,Corporate Functions,L2,Junior (L1-L2),Bengaluru,Woman,4,0,0,0,0,1,37
2024-04-01,FY 2024-25,Corporate Functions,L2,Junior (L1-L2),Hyderabad,Man,18,0,0,0,0,2,203
2024-04-01,FY 2024-25,Corporate Functions,L2,Junior (L1-L2),Hyderabad,Woman,10,0,0,0,0,1,113
2024-04-01,FY 2024-25,Corporate Functions,L3,Mid (L3-L4),Bengaluru,Man,10,1,1,0,0,3,144
2024-04-01,FY 2024-25,Corporate Functions,L3,Mid (L3-L4),Bengaluru,Woman,5,0,0,0,0,1,61
2024-04-01,FY 2024-25,Corporate Functions,L3,Mid (L3-L4),Hyderabad,Man,12,0,0,0,0,0,140
2024-04-01,FY 2024-25,Corporate Functions,L3,Mid (L3-L4),Hyderabad,Woman,2,0,1,0,0,1,46
2024-04-01,FY 2024-25,Corporate Functions,L4,Mid (L3-L4),Bengaluru,Man,7,0,0,0,0,3,72
2024-04-01,FY 2024-25,Corporate Functions,L4,Mid (L3-L4),Bengaluru,Woman,2,0,0,0,0,0,14
2024-04-01,FY 2024-25,Corporate Functions,L4,Mid (L3-L4),Hyderabad,Man,10,0,0,0,0,3,121
2024-04-01,FY 2024-25,Corporate Functions,L4,Mid (L3-L4),Hyderabad,Woman,4,0,0,0,0,0,37
2024-04-01,FY 2024-25,Corporate Functions,L5,Senior (L5-L6),Bengaluru,Man,2,0,0,0,0,0,24
2024-04-01,FY 2024-25,Corporate Functions,L5,Senior (L5-L6),Bengaluru,Woman,0,0,0,0,0,0,0
2024-04-01,FY 2024-25,Corporate Functions,L5,Senior (L5-L6),Hyderabad,Man,4,0,0,0,0,0,33
2024-04-01,FY 2024-25,Corporate Functions,L6,Senior (L5-L6),Bengaluru,Man,3,0,0,0,0,0,28
2024-04-01,FY 2024-25,Corporate Functions,L6,Senior (L5-L6),Hyderabad,Man,2,0,0,0,0,0,24
2024-04-01,FY 2024-25,Data and Analytics,L1,Junior (L1-L2),Bengaluru,Man,14,0,1,0,1,5,203
2024-04-01,FY 2024-25,Data and Analytics,L1,Junior (L1-L2),Bengaluru,Woman,15,1,0,0,0,5,172
2024-04-01,FY 2024-25,Data and Analytics,L1,Junior (L1-L2),Hyderabad,Man,19,0,1,0,0,3,234
2024-04-01,FY 2024-25,Data and Analytics,L1,Junior (L1-L2),Hyderabad,Woman,10,0,1,0,1,4,142
2024-04-01,FY 2024-25,Data and Analytics,L2,Junior (L1-L2),Bengaluru,Man,17,0,1,0,0,7,209
2024-04-01,FY 2024-25,Data and Analytics,L2,Junior (L1-L2),Bengaluru,Woman,9,0,0,0,0,0,91
2024-04-01,FY 2024-25,Data and Analytics,L2,Junior (L1-L2),Hyderabad,Man,23,0,1,0,0,3,301
2024-04-01,FY 2024-25,Data and Analytics,L2,Junior (L1-L2),Hyderabad,Woman,19,0,0,0,0,1,265
2024-04-01,FY 2024-25,Data and Analytics,L3,Mid (L3-L4),Bengaluru,Man,13,0,1,0,0,1,156
2024-04-01,FY 2024-25,Data and Analytics,L3,Mid (L3-L4),Bengaluru,Woman,5,0,0,0,0,1,61
2024-04-01,FY 2024-25,Data and Analytics,L3,Mid (L3-L4),Hyderabad,Man,17,0,0,0,0,4,234
2024-04-01,FY 2024-25,Data and Analytics,L3,Mid (L3-L4),Hyderabad,Woman,8,0,0,0,0,0,63
2024-04-01,FY 2024-25,Data and Analytics,L4,Mid (L3-L4),Bengaluru,Man,7,0,0,0,0,1,70
2024-04-01,FY 2024-25,Data and Analytics,L4,Mid (L3-L4),Bengaluru,Woman,1,0,0,0,0,0,12
2024-04-01,FY 2024-25,Data and Analytics,L4,Mid (L3-L4),Hyderabad,Man,20,0,0,0,0,1,206
2024-04-01,FY 2024-25,Data and Analytics,L4,Mid (L3-L4),Hyderabad,Woman,3,0,0,0,0,0,33
2024-04-01,FY 2024-25,Data and Analytics,L5,Senior (L5-L6),Bengaluru,Man,3,0,0,0,0,0,36
2024-04-01,FY 2024-25,Data and Analytics,L5,Senior (L5-L6),Bengaluru,Woman,2,0,0,0,0,0,24
2024-04-01,FY 2024-25,Data and Analytics,L5,Senior (L5-L6),Hyderabad,Man,2,0,0,0,0,0,35
2024-04-01,FY 2024-25,Data and Analytics,L5,Senior (L5-L6),Hyderabad,Woman,4,0,0,0,0,0,37
2024-04-01,FY 2024-25,Data and Analytics,L6,Senior (L5-L6),Bengaluru,Man,3,0,0,0,0,0,21
2024-04-01,FY 2024-25,Data and Analytics,L6,Senior (L5-L6),Hyderabad,Man,4,0,0,0,0,0,37
2024-04-01,FY 2024-25,Data and Analytics,L6,Senior (L5-L6),Hyderabad,Woman,1,0,0,0,0,0,12
2024-04-01,FY 2024-25,Delivery,L1,Junior (L1-L2),Bengaluru,Man,71,1,0,0,0,10,790
2024-04-01,FY 2024-25,Delivery,L1,Junior (L1-L2),Bengaluru,Woman,52,0,0,0,0,17,617
2024-04-01,FY 2024-25,Delivery,L1,Junior (L1-L2),Hyderabad,Man,105,2,1,0,0,23,1329
2024-04-01,FY 2024-25,Delivery,L1,Junior (L1-L2),Hyderabad,Non-binary,0,0,0,0,0,1,0
2024-04-01,FY 2024-25,Delivery,L1,Junior (L1-L2),Hyderabad,Woman,88,0,3,1,0,13,1053
2024-04-01,FY 2024-25,Delivery,L2,Junior (L1-L2),Bengaluru,Man,68,2,0,0,0,17,852
2024-04-01,FY 2024-25,Delivery,L2,Junior (L1-L2),Bengaluru,Non-binary,0,0,0,0,0,1,5
2024-04-01,FY 2024-25,Delivery,L2,Junior (L1-L2),Bengaluru,Woman,27,0,1,0,0,9,335
2024-04-01,FY 2024-25,Delivery,L2,Junior (L1-L2),Hyderabad,Man,114,5,1,0,1,27,1353
2024-04-01,FY 2024-25,Delivery,L2,Junior (L1-L2),Hyderabad,Non-binary,1,0,0,0,0,0,12
2024-04-01,FY 2024-25,Delivery,L2,Junior (L1-L2),Hyderabad,Woman,67,3,0,0,0,13,723
2024-04-01,FY 2024-25,Delivery,L3,Mid (L3-L4),Bengaluru,Man,60,2,1,0,0,8,629
2024-04-01,FY 2024-25,Delivery,L3,Mid (L3-L4),Bengaluru,Woman,32,0,0,0,0,8,360
2024-04-01,FY 2024-25,Delivery,L3,Mid (L3-L4),Hyderabad,Man,84,0,1,0,0,13,1010
2024-04-01,FY 2024-25,Delivery,L3,Mid (L3-L4),Hyderabad,Non-binary,1,0,0,0,0,0,12
2024-04-01,FY 2024-25,Delivery,L3,Mid (L3-L4),Hyderabad,Woman,41,0,0,0,0,4,471
2024-04-01,FY 2024-25,Delivery,L4,Mid (L3-L4),Bengaluru,Man,26,0,0,0,0,2,299
2024-04-01,FY 2024-25,Delivery,L4,Mid (L3-L4),Bengaluru,Woman,9,0,0,0,0,3,132
2024-04-01,FY 2024-25,Delivery,L4,Mid (L3-L4),Hyderabad,Man,55,0,0,0,0,5,608
2024-04-01,FY 2024-25,Delivery,L4,Mid (L3-L4),Hyderabad,Woman,15,0,1,0,1,1,166
2024-04-01,FY 2024-25,Delivery,L5,Senior (L5-L6),Bengaluru,Man,22,0,1,0,0,3,251
2024-04-01,FY 2024-25,Delivery,L5,Senior (L5-L6),Bengaluru,Woman,6,0,0,0,0,0,72
2024-04-01,FY 2024-25,Delivery,L5,Senior (L5-L6),Hyderabad,Man,23,0,0,0,0,0,232
2024-04-01,FY 2024-25,Delivery,L5,Senior (L5-L6),Hyderabad,Woman,6,0,0,0,0,1,70
2024-04-01,FY 2024-25,Delivery,L6,Senior (L5-L6),Bengaluru,Man,10,0,0,0,0,1,100
2024-04-01,FY 2024-25,Delivery,L6,Senior (L5-L6),Bengaluru,Woman,4,0,0,0,0,0,37
2024-04-01,FY 2024-25,Delivery,L6,Senior (L5-L6),Hyderabad,Man,21,1,0,0,0,0,208
2024-04-01,FY 2024-25,Delivery,L6,Senior (L5-L6),Hyderabad,Woman,0,0,0,0,0,1,8
2024-04-01,FY 2024-25,Quality Engineering,L1,Junior (L1-L2),Bengaluru,Man,14,0,0,0,0,2,196
2024-04-01,FY 2024-25,Quality Engineering,L1,Junior (L1-L2),Bengaluru,Woman,21,0,1,0,1,6,260
2024-04-01,FY 2024-25,Quality Engineering,L1,Junior (L1-L2),Hyderabad,Man,38,0,0,0,0,1,421
2024-04-01,FY 2024-25,Quality Engineering,L1,Junior (L1-L2),Hyderabad,Non-binary,0,0,0,0,0,0,0
2024-04-01,FY 2024-25,Quality Engineering,L1,Junior (L1-L2),Hyderabad,Woman,25,0,0,0,0,6,292
2024-04-01,FY 2024-25,Quality Engineering,L2,Junior (L1-L2),Bengaluru,Man,30,0,0,0,0,2,332
2024-04-01,FY 2024-25,Quality Engineering,L2,Junior (L1-L2),Bengaluru,Non-binary,0,0,0,0,0,0,0
2024-04-01,FY 2024-25,Quality Engineering,L2,Junior (L1-L2),Bengaluru,Woman,17,0,0,0,0,0,203
2024-04-01,FY 2024-25,Quality Engineering,L2,Junior (L1-L2),Hyderabad,Man,38,0,0,0,0,9,461
2024-04-01,FY 2024-25,Quality Engineering,L2,Junior (L1-L2),Hyderabad,Woman,21,0,0,0,0,4,265
2024-04-01,FY 2024-25,Quality Engineering,L3,Mid (L3-L4),Bengaluru,Man,22,1,0,0,0,1,225
2024-04-01,FY 2024-25,Quality Engineering,L3,Mid (L3-L4),Bengaluru,Woman,9,1,0,0,0,4,116
2024-04-01,FY 2024-25,Quality Engineering,L3,Mid (L3-L4),Hyderabad,Man,19,4,2,0,1,8,251
2024-04-01,FY 2024-25,Quality Engineering,L3,Mid (L3-L4),Hyderabad,Woman,20,0,0,0,0,3,205
2024-04-01,FY 2024-25,Quality Engineering,L4,Mid (L3-L4),Bengaluru,Man,7,0,0,0,0,0,95
2024-04-01,FY 2024-25,Quality Engineering,L4,Mid (L3-L4),Bengaluru,Non-binary,1,0,0,0,0,0,12
2024-04-01,FY 2024-25,Quality Engineering,L4,Mid (L3-L4),Bengaluru,Woman,3,0,0,0,0,0,21
2024-04-01,FY 2024-25,Quality Engineering,L4,Mid (L3-L4),Hyderabad,Man,19,1,0,0,0,4,216
2024-04-01,FY 2024-25,Quality Engineering,L4,Mid (L3-L4),Hyderabad,Woman,5,1,0,0,0,2,44
2024-04-01,FY 2024-25,Quality Engineering,L5,Senior (L5-L6),Bengaluru,Man,4,0,0,0,0,0,48
2024-04-01,FY 2024-25,Quality Engineering,L5,Senior (L5-L6),Bengaluru,Woman,2,0,0,0,0,0,24
2024-04-01,FY 2024-25,Quality Engineering,L5,Senior (L5-L6),Hyderabad,Man,13,0,0,0,0,2,134
2024-04-01,FY 2024-25,Quality Engineering,L5,Senior (L5-L6),Hyderabad,Woman,3,0,0,0,0,0,36
2024-04-01,FY 2024-25,Quality Engineering,L6,Senior (L5-L6),Bengaluru,Man,6,0,0,0,0,0,58
2024-04-01,FY 2024-25,Quality Engineering,L6,Senior (L5-L6),Bengaluru,Woman,1,0,0,0,0,0,12
2024-04-01,FY 2024-25,Quality Engineering,L6,Senior (L5-L6),Hyderabad,Man,4,0,0,0,0,0,37
2024-04-01,FY 2024-25,Quality Engineering,L6,Senior (L5-L6),Hyderabad,Woman,1,0,0,0,0,0,12
2024-04-01,FY 2024-25,Sales and Presales,L1,Junior (L1-L2),Bengaluru,Man,15,0,0,0,0,1,166
2024-04-01,FY 2024-25,Sales and Presales,L1,Junior (L1-L2),Bengaluru,Non-binary,1,0,0,0,0,0,9
2024-04-01,FY 2024-25,Sales and Presales,L1,Junior (L1-L2),Bengaluru,Woman,7,0,0,0,0,0,75
2024-04-01,FY 2024-25,Sales and Presales,L1,Junior (L1-L2),Hyderabad,Man,12,0,2,0,0,6,182
2024-04-01,FY 2024-25,Sales and Presales,L1,Junior (L1-L2),Hyderabad,Woman,16,0,0,0,0,2,174
2024-04-01,FY 2024-25,Sales and Presales,L2,Junior (L1-L2),Bengaluru,Man,8,0,0,0,0,0,85
2024-04-01,FY 2024-25,Sales and Presales,L2,Junior (L1-L2),Bengaluru,Non-binary,0,0,0,0,0,0,0
2024-04-01,FY 2024-25,Sales and Presales,L2,Junior (L1-L2),Bengaluru,Woman,1,0,0,0,0,1,40
2024-04-01,FY 2024-25,Sales and Presales,L2,Junior (L1-L2),Hyderabad,Man,12,1,0,0,0,2,134
2024-04-01,FY 2024-25,Sales and Presales,L2,Junior (L1-L2),Hyderabad,Woman,9,0,0,0,0,2,105
2024-04-01,FY 2024-25,Sales and Presales,L3,Mid (L3-L4),Bengaluru,Man,7,0,0,0,0,2,81
2024-04-01,FY 2024-25,Sales and Presales,L3,Mid (L3-L4),Bengaluru,Woman,7,0,0,0,0,1,63
2024-04-01,FY 2024-25,Sales and Presales,L3,Mid (L3-L4),Hyderabad,Man,13,0,0,0,0,2,124
2024-04-01,FY 2024-25,Sales and Presales,L3,Mid (L3-L4),Hyderabad,Woman,6,0,0,0,0,1,61
2024-04-01,FY 2024-25,Sales and Presales,L4,Mid (L3-L4),Bengaluru,Man,5,0,0,0,0,0,57
2024-04-01,FY 2024-25,Sales and Presales,L4,Mid (L3-L4),Bengaluru,Woman,1,0,0,0,0,0,10
2024-04-01,FY 2024-25,Sales and Presales,L4,Mid (L3-L4),Hyderabad,Man,8,0,0,0,0,1,102
2024-04-01,FY 2024-25,Sales and Presales,L4,Mid (L3-L4),Hyderabad,Woman,0,0,0,0,0,0,0
2024-04-01,FY 2024-25,Sales and Presales,L5,Senior (L5-L6),Bengaluru,Man,1,0,0,0,0,0,12
2024-04-01,FY 2024-25,Sales and Presales,L5,Senior (L5-L6),Hyderabad,Man,4,0,0,0,0,1,44
2024-04-01,FY 2024-25,Sales and Presales,L5,Senior (L5-L6),Hyderabad,Woman,1,0,0,0,0,0,12
2024-04-01,FY 2024-25,Sales and Presales,L6,Senior (L5-L6),Bengaluru,Man,1,0,0,0,0,0,12
2024-04-01,FY 2024-25,Sales and Presales,L6,Senior (L5-L6),Hyderabad,Man,2,0,0,0,0,0,24
2024-05-01,FY 2024-25,Cloud and Infrastructure,L1,Junior (L1-L2),Bengaluru,Man,21,0,0,0,0,4,261
2024-05-01,FY 2024-25,Cloud and Infrastructure,L1,Junior (L1-L2),Bengaluru,Woman,14,0,2,0,1,3,191
2024-05-01,FY 2024-25,Cloud and Infrastructure,L1,Junior (L1-L2),Hyderabad,Man,29,0,0,0,0,4,359
2024-05-01,FY 2024-25,Cloud and Infrastructure,L1,Junior (L1-L2),Hyderabad,Woman,17,0,1,0,1,4,245
2024-05-01,FY 2024-25,Cloud and Infrastructure,L2,Junior (L1-L2),Bengaluru,Man,20,0,3,0,1,7,264
2024-05-01,FY 2024-25,Cloud and Infrastructure,L2,Junior (L1-L2),Bengaluru,Woman,14,1,0,0,0,6,147
2024-05-01,FY 2024-25,Cloud and Infrastructure,L2,Junior (L1-L2),Hyderabad,Man,33,1,0,1,0,8,371
2024-05-01,FY 2024-25,Cloud and Infrastructure,L2,Junior (L1-L2),Hyderabad,Woman,22,0,0,0,0,5,249
2024-05-01,FY 2024-25,Cloud and Infrastructure,L3,Mid (L3-L4),Bengaluru,Man,15,0,0,0,0,1,220
2024-05-01,FY 2024-25,Cloud and Infrastructure,L3,Mid (L3-L4),Bengaluru,Woman,3,0,0,0,0,1,27
2024-05-01,FY 2024-25,Cloud and Infrastructure,L3,Mid (L3-L4),Hyderabad,Man,17,0,0,0,0,2,210
2024-05-01,FY 2024-25,Cloud and Infrastructure,L3,Mid (L3-L4),Hyderabad,Non-binary,0,0,0,0,0,0,0
2024-05-01,FY 2024-25,Cloud and Infrastructure,L3,Mid (L3-L4),Hyderabad,Woman,10,0,0,0,0,2,94
2024-05-01,FY 2024-25,Cloud and Infrastructure,L4,Mid (L3-L4),Bengaluru,Man,12,0,0,0,0,0,106
2024-05-01,FY 2024-25,Cloud and Infrastructure,L4,Mid (L3-L4),Bengaluru,Woman,1,0,0,0,0,1,18
2024-05-01,FY 2024-25,Cloud and Infrastructure,L4,Mid (L3-L4),Hyderabad,Man,7,0,0,0,0,0,74
2024-05-01,FY 2024-25,Cloud and Infrastructure,L4,Mid (L3-L4),Hyderabad,Woman,8,0,0,0,0,0,93
2024-05-01,FY 2024-25,Cloud and Infrastructure,L5,Senior (L5-L6),Bengaluru,Man,4,0,0,0,0,0,29
2024-05-01,FY 2024-25,Cloud and Infrastructure,L5,Senior (L5-L6),Bengaluru,Woman,1,0,0,0,0,1,8
2024-05-01,FY 2024-25,Cloud and Infrastructure,L5,Senior (L5-L6),Hyderabad,Man,6,0,0,0,0,0,92
2024-05-01,FY 2024-25,Cloud and Infrastructure,L5,Senior (L5-L6),Hyderabad,Woman,2,0,0,0,0,0,24
2024-05-01,FY 2024-25,Cloud and Infrastructure,L6,Senior (L5-L6),Bengaluru,Man,1,0,0,0,0,0,12
2024-05-01,FY 2024-25,Cloud and Infrastructure,L6,Senior (L5-L6),Bengaluru,Woman,1,0,0,0,0,0,12
2024-05-01,FY 2024-25,Cloud and Infrastructure,L6,Senior (L5-L6),Hyderabad,Man,4,0,0,0,0,0,28
2024-05-01,FY 2024-25,Consulting,L1,Junior (L1-L2),Bengaluru,Man,5,0,0,0,0,0,58
2024-05-01,FY 2024-25,Consulting,L1,Junior (L1-L2),Bengaluru,Woman,5,0,0,0,0,1,63
2024-05-01,FY 2024-25,Consulting,L1,Junior (L1-L2),Hyderabad,Man,14,0,0,0,0,1,157
2024-05-01,FY 2024-25,Consulting,L1,Junior (L1-L2),Hyderabad,Woman,8,0,0,0,0,1,100
2024-05-01,FY 2024-25,Consulting,L2,Junior (L1-L2),Bengaluru,Man,7,1,0,0,0,1,95
2024-05-01,FY 2024-25,Consulting,L2,Junior (L1-L2),Bengaluru,Woman,2,0,0,0,0,2,20
2024-05-01,FY 2024-25,Consulting,L2,Junior (L1-L2),Hyderabad,Man,7,0,0,0,0,0,79
2024-05-01,FY 2024-25,Consulting,L2,Junior (L1-L2),Hyderabad,Woman,7,0,0,0,0,1,76
2024-05-01,FY 2024-25,Consulting,L3,Mid (L3-L4),Bengaluru,Man,8,0,0,0,0,1,70
2024-05-01,FY 2024-25,Consulting,L3,Mid (L3-L4),Bengaluru,Woman,1,0,0,0,0,0,22
2024-05-01,FY 2024-25,Consulting,L3,Mid (L3-L4),Hyderabad,Man,3,0,0,0,0,0,36
2024-05-01,FY 2024-25,Consulting,L3,Mid (L3-L4),Hyderabad,Woman,6,0,0,0,0,1,80
2024-05-01,FY 2024-25,Consulting,L4,Mid (L3-L4),Bengaluru,Man,6,0,0,0,0,0,72
2024-05-01,FY 2024-25,Consulting,L4,Mid (L3-L4),Bengaluru,Woman,2,0,0,0,0,0,24
2024-05-01,FY 2024-25,Consulting,L4,Mid (L3-L4),Hyderabad,Man,1,0,0,0,0,0,12
2024-05-01,FY 2024-25,Consulting,L4,Mid (L3-L4),Hyderabad,Woman,2,0,0,0,0,1,29
2024-05-01,FY 2024-25,Consulting,L5,Senior (L5-L6),Bengaluru,Man,2,0,0,0,0,0,27
2024-05-01,FY 2024-25,Consulting,L5,Senior (L5-L6),Bengaluru,Woman,1,0,0,0,0,0,2
2024-05-01,FY 2024-25,Consulting,L5,Senior (L5-L6),Hyderabad,Man,3,0,0,0,0,0,33
2024-05-01,FY 2024-25,Consulting,L5,Senior (L5-L6),Hyderabad,Woman,1,0,0,0,0,0,2
2024-05-01,FY 2024-25,Consulting,L6,Senior (L5-L6),Bengaluru,Man,2,0,0,0,0,0,14
2024-05-01,FY 2024-25,Consulting,L6,Senior (L5-L6),Hyderabad,Man,3,0,0,0,0,0,36
2024-05-01,FY 2024-25,Consulting,L6,Senior (L5-L6),Hyderabad,Woman,2,0,0,0,0,0,24
2024-05-01,FY 2024-25,Corporate Functions,L1,Junior (L1-L2),Bengaluru,Man,7,0,0,0,0,0,84
2024-05-01,FY 2024-25,Corporate Functions,L1,Junior (L1-L2),Bengaluru,Woman,5,0,0,0,0,1,57
2024-05-01,FY 2024-25,Corporate Functions,L1,Junior (L1-L2),Hyderabad,Man,13,1,0,1,0,3,181
2024-05-01,FY 2024-25,Corporate Functions,L1,Junior (L1-L2),Hyderabad,Woman,9,0,0,0,0,3,122
2024-05-01,FY 2024-25,Corporate Functions,L2,Junior (L1-L2),Bengaluru,Man,9,0,0,0,0,2,103
2024-05-01,FY 2024-25,Corporate Functions,L2,Junior (L1-L2),Bengaluru,Woman,4,0,0,0,0,1,38
2024-05-01,FY 2024-25,Corporate Functions,L2,Junior (L1-L2),Hyderabad,Man,18,0,0,0,0,2,204
2024-05-01,FY 2024-25,Corporate Functions,L2,Junior (L1-L2),Hyderabad,Woman,11,1,0,0,0,1,114
2024-05-01,FY 2024-25,Corporate Functions,L3,Mid (L3-L4),Bengaluru,Man,10,0,0,0,0,3,142
2024-05-01,FY 2024-25,Corporate Functions,L3,Mid (L3-L4),Bengaluru,Woman,5,0,0,0,0,1,60
2024-05-01,FY 2024-25,Corporate Functions,L3,Mid (L3-L4),Hyderabad,Man,12,0,0,0,0,0,142
2024-05-01,FY 2024-25,Corporate Functions,L3,Mid (L3-L4),Hyderabad,Woman,2,0,0,0,0,1,44
2024-05-01,FY 2024-25,Corporate Functions,L4,Mid (L3-L4),Bengaluru,Man,7,0,0,0,0,3,73
2024-05-01,FY 2024-25,Corporate Functions,L4,Mid (L3-L4),Bengaluru,Woman,2,0,0,0,0,0,15
2024-05-01,FY 2024-25,Corporate Functions,L4,Mid (L3-L4),Hyderabad,Man,11,1,0,0,0,3,121
2024-05-01,FY 2024-25,Corporate Functions,L4,Mid (L3-L4),Hyderabad,Woman,4,0,0,0,0,0,38
2024-05-01,FY 2024-25,Corporate Functions,L5,Senior (L5-L6),Bengaluru,Man,2,0,0,0,0,0,24
2024-05-01,FY 2024-25,Corporate Functions,L5,Senior (L5-L6),Bengaluru,Woman,0,0,0,0,0,0,0
2024-05-01,FY 2024-25,Corporate Functions,L5,Senior (L5-L6),Hyderabad,Man,4,0,0,0,0,0,35
2024-05-01,FY 2024-25,Corporate Functions,L6,Senior (L5-L6),Bengaluru,Man,3,0,0,0,0,0,29
2024-05-01,FY 2024-25,Corporate Functions,L6,Senior (L5-L6),Hyderabad,Man,2,0,0,0,0,0,24
2024-05-01,FY 2024-25,Data and Analytics,L1,Junior (L1-L2),Bengaluru,Man,15,1,0,0,0,5,204
2024-05-01,FY 2024-25,Data and Analytics,L1,Junior (L1-L2),Bengaluru,Woman,15,0,0,0,0,5,172
2024-05-01,FY 2024-25,Data and Analytics,L1,Junior (L1-L2),Hyderabad,Man,19,0,0,0,0,3,237
2024-05-01,FY 2024-25,Data and Analytics,L1,Junior (L1-L2),Hyderabad,Woman,10,0,0,0,0,3,141
2024-05-01,FY 2024-25,Data and Analytics,L2,Junior (L1-L2),Bengaluru,Man,17,0,0,0,0,6,207
2024-05-01,FY 2024-25,Data and Analytics,L2,Junior (L1-L2),Bengaluru,Woman,9,0,0,0,0,0,93
2024-05-01,FY 2024-25,Data and Analytics,L2,Junior (L1-L2),Hyderabad,Man,23,0,0,0,0,3,299
2024-05-01,FY 2024-25,Data and Analytics,L2,Junior (L1-L2),Hyderabad,Woman,18,0,1,0,0,2,262
2024-05-01,FY 2024-25,Data and Analytics,L3,Mid (L3-L4),Bengaluru,Man,12,0,1,0,0,2,156
2024-05-01,FY 2024-25,Data and Analytics,L3,Mid (L3-L4),Bengaluru,Woman,5,0,0,0,0,1,60
2024-05-01,FY 2024-25,Data and Analytics,L3,Mid (L3-L4),Hyderabad,Man,17,0,0,0,0,3,234
2024-05-01,FY 2024-25,Data and Analytics,L3,Mid (L3-L4),Hyderabad,Woman,8,0,0,0,0,0,66
2024-05-01,FY 2024-25,Data and Analytics,L4,Mid (L3-L4),Bengaluru,Man,7,0,0,0,0,1,71
2024-05-01,FY 2024-25,Data and Analytics,L4,Mid (L3-L4),Bengaluru,Woman,1,0,0,0,0,0,12
2024-05-01,FY 2024-25,Data and Analytics,L4,Mid (L3-L4),Hyderabad,Man,20,0,0,0,0,1,209
2024-05-01,FY 2024-25,Data and Analytics,L4,Mid (L3-L4),Hyderabad,Woman,3,0,0,0,0,0,34
2024-05-01,FY 2024-25,Data and Analytics,L5,Senior (L5-L6),Bengaluru,Man,3,0,0,0,0,0,36
2024-05-01,FY 2024-25,Data and Analytics,L5,Senior (L5-L6),Bengaluru,Woman,2,0,0,0,0,0,24
2024-05-01,FY 2024-25,Data and Analytics,L5,Senior (L5-L6),Hyderabad,Man,2,0,0,0,0,0,34
2024-05-01,FY 2024-25,Data and Analytics,L5,Senior (L5-L6),Hyderabad,Woman,4,0,0,0,0,0,38
2024-05-01,FY 2024-25,Data and Analytics,L6,Senior (L5-L6),Bengaluru,Man,3,0,0,0,0,0,23
2024-05-01,FY 2024-25,Data and Analytics,L6,Senior (L5-L6),Hyderabad,Man,4,0,0,0,0,0,38
2024-05-01,FY 2024-25,Data and Analytics,L6,Senior (L5-L6),Hyderabad,Woman,1,0,0,0,0,0,12
2024-05-01,FY 2024-25,Delivery,L1,Junior (L1-L2),Bengaluru,Man,72,1,0,0,0,9,818
2024-05-01,FY 2024-25,Delivery,L1,Junior (L1-L2),Bengaluru,Woman,51,0,1,0,1,17,624
2024-05-01,FY 2024-25,Delivery,L1,Junior (L1-L2),Hyderabad,Man,105,3,2,1,1,25,1339
2024-05-01,FY 2024-25,Delivery,L1,Junior (L1-L2),Hyderabad,Non-binary,0,0,0,0,0,0,0
2024-05-01,FY 2024-25,Delivery,L1,Junior (L1-L2),Hyderabad,Woman,87,0,1,0,0,14,1076
2024-05-01,FY 2024-25,Delivery,L2,Junior (L1-L2),Bengaluru,Man,68,1,1,0,0,18,846
2024-05-01,FY 2024-25,Delivery,L2,Junior (L1-L2),Bengaluru,Non-binary,0,0,0,0,0,1,5
2024-05-01,FY 2024-25,Delivery,L2,Junior (L1-L2),Bengaluru,Woman,29,2,0,0,0,8,336
2024-05-01,FY 2024-25,Delivery,L2,Junior (L1-L2),Hyderabad,Man,115,2,1,0,1,25,1358
2024-05-01,FY 2024-25,Delivery,L2,Junior (L1-L2),Hyderabad,Non-binary,1,0,0,0,0,0,12
2024-05-01,FY 2024-25,Delivery,L2,Junior (L1-L2),Hyderabad,Woman,65,0,1,1,0,15,728
2024-05-01,FY 2024-25,Delivery,L3,Mid (L3-L4),Bengaluru,Man,59,1,1,1,1,10,636
2024-05-01,FY 2024-25,Delivery,L3,Mid (L3-L4),Bengaluru,Woman,31,0,1,0,0,8,361
2024-05-01,FY 2024-25,Delivery,L3,Mid (L3-L4),Hyderabad,Man,84,1,1,0,0,12,1014
2024-05-01,FY 2024-25,Delivery,L3,Mid (L3-L4),Hyderabad,Non-binary,1,0,0,0,0,0,12
2024-05-01,FY 2024-25,Delivery,L3,Mid (L3-L4),Hyderabad,Woman,41,0,0,0,0,3,474
2024-05-01,FY 2024-25,Delivery,L4,Mid (L3-L4),Bengaluru,Man,27,2,1,0,0,2,303
2024-05-01,FY 2024-25,Delivery,L4,Mid (L3-L4),Bengaluru,Woman,8,0,1,0,1,4,128
2024-05-01,FY 2024-25,Delivery,L4,Mid (L3-L4),Hyderabad,Man,55,0,0,0,0,4,614
2024-05-01,FY 2024-25,Delivery,L4,Mid (L3-L4),Hyderabad,Woman,14,0,1,0,0,2,167
2024-05-01,FY 2024-25,Delivery,L5,Senior (L5-L6),Bengaluru,Man,22,0,0,0,0,3,252
2024-05-01,FY 2024-25,Delivery,L5,Senior (L5-L6),Bengaluru,Woman,6,0,0,0,0,0,72
2024-05-01,FY 2024-25,Delivery,L5,Senior (L5-L6),Hyderabad,Man,25,2,0,0,0,0,238
2024-05-01,FY 2024-25,Delivery,L5,Senior (L5-L6),Hyderabad,Woman,6,0,0,0,0,1,70
2024-05-01,FY 2024-25,Delivery,L6,Senior (L5-L6),Bengaluru,Man,10,0,0,0,0,1,102
2024-05-01,FY 2024-25,Delivery,L6,Senior (L5-L6),Bengaluru,Woman,4,0,0,0,0,0,38
2024-05-01,FY 2024-25,Delivery,L6,Senior (L5-L6),Hyderabad,Man,20,0,1,0,1,1,211
2024-05-01,FY 2024-25,Delivery,L6,Senior (L5-L6),Hyderabad,Woman,0,0,0,0,0,1,7
2024-05-01,FY 2024-25,Quality Engineering,L1,Junior (L1-L2),Bengaluru,Man,15,1,0,0,0,2,196
2024-05-01,FY 2024-25,Quality Engineering,L1,Junior (L1-L2),Bengaluru,Woman,20,0,1,0,1,6,259
2024-05-01,FY 2024-25,Quality Engineering,L1,Junior (L1-L2),Hyderabad,Man,37,1,1,1,1,3,433
2024-05-01,FY 2024-25,Quality Engineering,L1,Junior (L1-L2),Hyderabad,Non-binary,0,0,0,0,0,0,0
2024-05-01,FY 2024-25,Quality Engineering,L1,Junior (L1-L2),Hyderabad,Woman,24,0,1,0,0,6,296
2024-05-01,FY 2024-25,Quality Engineering,L2,Junior (L1-L2),Bengaluru,Man,30,0,0,0,0,1,336
2024-05-01,FY 2024-25,Quality Engineering,L2,Junior (L1-L2),Bengaluru,Non-binary,0,0,0,0,0,0,0
2024-05-01,FY 2024-25,Quality Engineering,L2,Junior (L1-L2),Bengaluru,Woman,17,0,0,0,0,0,204
2024-05-01,FY 2024-25,Quality Engineering,L2,Junior (L1-L2),Hyderabad,Man,38,1,1,0,0,9,460
2024-05-01,FY 2024-25,Quality Engineering,L2,Junior (L1-L2),Hyderabad,Woman,21,0,0,0,0,4,265
2024-05-01,FY 2024-25,Quality Engineering,L3,Mid (L3-L4),Bengaluru,Man,22,0,0,0,0,1,229
2024-05-01,FY 2024-25,Quality Engineering,L3,Mid (L3-L4),Bengaluru,Woman,9,0,0,0,0,4,114
2024-05-01,FY 2024-25,Quality Engineering,L3,Mid (L3-L4),Hyderabad,Man,20,1,0,0,0,8,250
2024-05-01,FY 2024-25,Quality Engineering,L3,Mid (L3-L4),Hyderabad,Woman,20,0,0,0,0,3,209
2024-05-01,FY 2024-25,Quality Engineering,L4,Mid (L3-L4),Bengaluru,Man,5,0,2,0,0,2,92
2024-05-01,FY 2024-25,Quality Engineering,L4,Mid (L3-L4),Bengaluru,Non-binary,1,0,0,0,0,0,12
2024-05-01,FY 2024-25,Quality Engineering,L4,Mid (L3-L4),Bengaluru,Woman,3,0,0,0,0,0,23
2024-05-01,FY 2024-25,Quality Engineering,L4,Mid (L3-L4),Hyderabad,Man,19,0,0,0,0,4,216
2024-05-01,FY 2024-25,Quality Engineering,L4,Mid (L3-L4),Hyderabad,Woman,5,0,0,0,0,2,45
2024-05-01,FY 2024-25,Quality Engineering,L5,Senior (L5-L6),Bengaluru,Man,4,0,0,0,0,0,48
2024-05-01,FY 2024-25,Quality Engineering,L5,Senior (L5-L6),Bengaluru,Woman,2,0,0,0,0,0,24
2024-05-01,FY 2024-25,Quality Engineering,L5,Senior (L5-L6),Hyderabad,Man,13,0,0,0,0,2,136
2024-05-01,FY 2024-25,Quality Engineering,L5,Senior (L5-L6),Hyderabad,Woman,3,0,0,0,0,0,36
2024-05-01,FY 2024-25,Quality Engineering,L6,Senior (L5-L6),Bengaluru,Man,6,0,0,0,0,0,60
2024-05-01,FY 2024-25,Quality Engineering,L6,Senior (L5-L6),Bengaluru,Woman,1,0,0,0,0,0,12
2024-05-01,FY 2024-25,Quality Engineering,L6,Senior (L5-L6),Hyderabad,Man,4,0,0,0,0,0,38
2024-05-01,FY 2024-25,Quality Engineering,L6,Senior (L5-L6),Hyderabad,Woman,1,0,0,0,0,0,12
2024-05-01,FY 2024-25,Sales and Presales,L1,Junior (L1-L2),Bengaluru,Man,15,0,0,0,0,1,170
2024-05-01,FY 2024-25,Sales and Presales,L1,Junior (L1-L2),Bengaluru,Non-binary,1,0,0,0,0,0,10
2024-05-01,FY 2024-25,Sales and Presales,L1,Junior (L1-L2),Bengaluru,Woman,7,0,0,0,0,0,78
2024-05-01,FY 2024-25,Sales and Presales,L1,Junior (L1-L2),Hyderabad,Man,12,0,0,0,0,5,182
2024-05-01,FY 2024-25,Sales and Presales,L1,Junior (L1-L2),Hyderabad,Woman,16,0,0,0,0,1,177
2024-05-01,FY 2024-25,Sales and Presales,L2,Junior (L1-L2),Bengaluru,Man,8,0,0,0,0,0,87
2024-05-01,FY 2024-25,Sales and Presales,L2,Junior (L1-L2),Bengaluru,Non-binary,0,0,0,0,0,0,0
2024-05-01,FY 2024-25,Sales and Presales,L2,Junior (L1-L2),Bengaluru,Woman,1,0,0,0,0,1,37
2024-05-01,FY 2024-25,Sales and Presales,L2,Junior (L1-L2),Hyderabad,Man,12,0,0,0,0,2,134
2024-05-01,FY 2024-25,Sales and Presales,L2,Junior (L1-L2),Hyderabad,Woman,9,0,0,0,0,2,105
2024-05-01,FY 2024-25,Sales and Presales,L3,Mid (L3-L4),Bengaluru,Man,8,1,0,0,0,2,81
2024-05-01,FY 2024-25,Sales and Presales,L3,Mid (L3-L4),Bengaluru,Woman,7,0,0,0,0,1,65
2024-05-01,FY 2024-25,Sales and Presales,L3,Mid (L3-L4),Hyderabad,Man,13,0,0,0,0,1,127
2024-05-01,FY 2024-25,Sales and Presales,L3,Mid (L3-L4),Hyderabad,Woman,5,0,1,0,0,2,61
2024-05-01,FY 2024-25,Sales and Presales,L4,Mid (L3-L4),Bengaluru,Man,5,0,0,0,0,0,58
2024-05-01,FY 2024-25,Sales and Presales,L4,Mid (L3-L4),Bengaluru,Woman,1,0,0,0,0,0,11
2024-05-01,FY 2024-25,Sales and Presales,L4,Mid (L3-L4),Hyderabad,Man,8,0,0,0,0,1,102
2024-05-01,FY 2024-25,Sales and Presales,L4,Mid (L3-L4),Hyderabad,Woman,0,0,0,0,0,0,0
2024-05-01,FY 2024-25,Sales and Presales,L5,Senior (L5-L6),Bengaluru,Man,1,0,0,0,0,0,12
2024-05-01,FY 2024-25,Sales and Presales,L5,Senior (L5-L6),Hyderabad,Man,4,0,0,0,0,1,44
2024-05-01,FY 2024-25,Sales and Presales,L5,Senior (L5-L6),Hyderabad,Woman,1,0,0,0,0,0,12
2024-05-01,FY 2024-25,Sales and Presales,L6,Senior (L5-L6),Bengaluru,Man,1,0,0,0,0,0,12
2024-05-01,FY 2024-25,Sales and Presales,L6,Senior (L5-L6),Hyderabad,Man,2,0,0,0,0,0,24
2024-06-01,FY 2024-25,Cloud and Infrastructure,L1,Junior (L1-L2),Bengaluru,Man,20,0,1,0,1,5,264
2024-06-01,FY 2024-25,Cloud and Infrastructure,L1,Junior (L1-L2),Bengaluru,Woman,14,0,0,0,0,2,190
2024-06-01,FY 2024-25,Cloud and Infrastructure,L1,Junior (L1-L2),Hyderabad,Man,30,1,0,0,0,3,362
2024-06-01,FY 2024-25,Cloud and Infrastructure,L1,Junior (L1-L2),Hyderabad,Woman,16,0,1,0,0,5,243
2024-06-01,FY 2024-25,Cloud and Infrastructure,L2,Junior (L1-L2),Bengaluru,Man,20,0,0,0,0,7,262
2024-06-01,FY 2024-25,Cloud and Infrastructure,L2,Junior (L1-L2),Bengaluru,Woman,14,0,0,0,0,6,147
2024-06-01,FY 2024-25,Cloud and Infrastructure,L2,Junior (L1-L2),Hyderabad,Man,33,0,0,0,0,7,373
2024-06-01,FY 2024-25,Cloud and Infrastructure,L2,Junior (L1-L2),Hyderabad,Woman,21,0,1,0,0,6,249
2024-06-01,FY 2024-25,Cloud and Infrastructure,L3,Mid (L3-L4),Bengaluru,Man,14,0,0,1,0,2,218
2024-06-01,FY 2024-25,Cloud and Infrastructure,L3,Mid (L3-L4),Bengaluru,Woman,3,0,0,0,0,0,28
2024-06-01,FY 2024-25,Cloud and Infrastructure,L3,Mid (L3-L4),Hyderabad,Man,17,0,0,0,0,2,209
2024-06-01,FY 2024-25,Cloud and Infrastructure,L3,Mid (L3-L4),Hyderabad,Non-binary,0,0,0,0,0,0,0
2024-06-01,FY 2024-25,Cloud and Infrastructure,L3,Mid (L3-L4),Hyderabad,Woman,10,0,0,0,0,2,96
2024-06-01,FY 2024-25,Cloud and Infrastructure,L4,Mid (L3-L4),Bengaluru,Man,12,0,0,0,0,0,110
2024-06-01,FY 2024-25,Cloud and Infrastructure,L4,Mid (L3-L4),Bengaluru,Woman,1,0,0,0,0,1,17
2024-06-01,FY 2024-25,Cloud and Infrastructure,L4,Mid (L3-L4),Hyderabad,Man,6,0,1,0,1,1,74
2024-06-01,FY 2024-25,Cloud and Infrastructure,L4,Mid (L3-L4),Hyderabad,Woman,8,0,0,0,0,0,94
2024-06-01,FY 2024-25,Cloud and Infrastructure,L5,Senior (L5-L6),Bengaluru,Man,4,0,0,0,0,0,31
2024-06-01,FY 2024-25,Cloud and Infrastructure,L5,Senior (L5-L6),Bengaluru,Woman,1,0,0,0,0,1,8
2024-06-01,FY 2024-25,Cloud and Infrastructure,L5,Senior (L5-L6),Hyderabad,Man,6,0,0,0,0,0,90
2024-06-01,FY 2024-25,Cloud and Infrastructure,L5,Senior (L5-L6),Hyderabad,Woman,2,0,0,0,0,0,24
2024-06-01,FY 2024-25,Cloud and Infrastructure,L6,Senior (L5-L6),Bengaluru,Man,1,0,0,0,0,0,12
2024-06-01,FY 2024-25,Cloud and Infrastructure,L6,Senior (L5-L6),Bengaluru,Woman,1,0,0,0,0,0,12
2024-06-01,FY 2024-25,Cloud and Infrastructure,L6,Senior (L5-L6),Hyderabad,Man,4,0,0,0,0,0,30
2024-06-01,FY 2024-25,Consulting,L1,Junior (L1-L2),Bengaluru,Man,5,0,0,0,0,0,60
2024-06-01,FY 2024-25,Consulting,L1,Junior (L1-L2),Bengaluru,Woman,5,0,0,0,0,1,64
2024-06-01,FY 2024-25,Consulting,L1,Junior (L1-L2),Hyderabad,Man,14,0,0,0,0,1,161
2024-06-01,FY 2024-25,Consulting,L1,Junior (L1-L2),Hyderabad,Woman,8,0,0,0,0,1,101
2024-06-01,FY 2024-25,Consulting,L2,Junior (L1-L2),Bengaluru,Man,7,0,0,0,0,1,95
2024-06-01,FY 2024-25,Consulting,L2,Junior (L1-L2),Bengaluru,Woman,2,0,0,0,0,2,20
2024-06-01,FY 2024-25,Consulting,L2,Junior (L1-L2),Hyderabad,Man,7,0,0,0,0,0,80
2024-06-01,FY 2024-25,Consulting,L2,Junior (L1-L2),Hyderabad,Woman,7,0,0,0,0,1,76
2024-06-01,FY 2024-25,Consulting,L3,Mid (L3-L4),Bengaluru,Man,8,0,0,0,0,1,73
2024-06-01,FY 2024-25,Consulting,L3,Mid (L3-L4),Bengaluru,Woman,1,0,0,0,0,0,21
2024-06-01,FY 2024-25,Consulting,L3,Mid (L3-L4),Hyderabad,Man,3,0,0,0,0,0,36
2024-06-01,FY 2024-25,Consulting,L3,Mid (L3-L4),Hyderabad,Woman,6,0,0,0,0,1,79
2024-06-01,FY 2024-25,Consulting,L4,Mid (L3-L4),Bengaluru,Man,6,0,0,0,0,0,72
2024-06-01,FY 2024-25,Consulting,L4,Mid (L3-L4),Bengaluru,Woman,2,0,0,0,0,0,24
2024-06-01,FY 2024-25,Consulting,L4,Mid (L3-L4),Hyderabad,Man,1,0,0,0,0,0,12
2024-06-01,FY 2024-25,Consulting,L4,Mid (L3-L4),Hyderabad,Woman,2,0,0,0,0,1,28
2024-06-01,FY 2024-25,Consulting,L5,Senior (L5-L6),Bengaluru,Man,2,0,0,0,0,0,27
2024-06-01,FY 2024-25,Consulting,L5,Senior (L5-L6),Bengaluru,Woman,1,0,0,0,0,0,3
2024-06-01,FY 2024-25,Consulting,L5,Senior (L5-L6),Hyderabad,Man,3,0,0,0,0,0,34
2024-06-01,FY 2024-25,Consulting,L5,Senior (L5-L6),Hyderabad,Woman,1,0,0,0,0,0,3
2024-06-01,FY 2024-25,Consulting,L6,Senior (L5-L6),Bengaluru,Man,2,0,0,0,0,0,15
2024-06-01,FY 2024-25,Consulting,L6,Senior (L5-L6),Hyderabad,Man,3,0,0,0,0,0,36
2024-06-01,FY 2024-25,Consulting,L6,Senior (L5-L6),Hyderabad,Woman,2,0,0,0,0,0,24
2024-06-01,FY 2024-25,Corporate Functions,L1,Junior (L1-L2),Bengaluru,Man,6,0,1,0,0,1,83
2024-06-01,FY 2024-25,Corporate Functions,L1,Junior (L1-L2),Bengaluru,Woman,5,0,0,0,0,1,57
2024-06-01,FY 2024-25,Corporate Functions,L1,Junior (L1-L2),Hyderabad,Man,13,0,0,0,0,3,178
2024-06-01,FY 2024-25,Corporate Functions,L1,Junior (L1-L2),Hyderabad,Woman,9,0,0,0,0,3,120
2024-06-01,FY 2024-25,Corporate Functions,L2,Junior (L1-L2),Bengaluru,Man,9,0,0,0,0,2,103
2024-06-01,FY 2024-25,Corporate Functions,L2,Junior (L1-L2),Bengaluru,Woman,4,0,0,0,0,1,39
2024-06-01,FY 2024-25,Corporate Functions,L2,Junior (L1-L2),Hyderabad,Man,18,0,0,0,0,1,206
2024-06-01,FY 2024-25,Corporate Functions,L2,Junior (L1-L2),Hyderabad,Woman,11,0,0,0,0,1,115
2024-06-01,FY 2024-25,Corporate Functions,L3,Mid (L3-L4),Bengaluru,Man,10,0,0,0,0,3,140
2024-06-01,FY 2024-25,Corporate Functions,L3,Mid (L3-L4),Bengaluru,Woman,5,0,0,0,0,0,60
2024-06-01,FY 2024-25,Corporate Functions,L3,Mid (L3-L4),Hyderabad,Man,13,1,0,0,0,0,145
2024-06-01,FY 2024-25,Corporate Functions,L3,Mid (L3-L4),Hyderabad,Woman,2,0,0,0,0,1,42
2024-06-01,FY 2024-25,Corporate Functions,L4,Mid (L3-L4),Bengaluru,Man,7,0,0,0,0,3,73
2024-06-01,FY 2024-25,Corporate Functions,L4,Mid (L3-L4),Bengaluru,Woman,3,1,0,0,0,0,17
2024-06-01,FY 2024-25,Corporate Functions,L4,Mid (L3-L4),Hyderabad,Man,10,0,0,1,0,3,121
2024-06-01,FY 2024-25,Corporate Functions,L4,Mid (L3-L4),Hyderabad,Woman,4,0,0,0,0,0,39
2024-06-01,FY 2024-25,Corporate Functions,L5,Senior (L5-L6),Bengaluru,Man,2,0,0,0,0,0,24
2024-06-01,FY 2024-25,Corporate Functions,L5,Senior (L5-L6),Bengaluru,Woman,0,0,0,0,0,0,0
2024-06-01,FY 2024-25,Corporate Functions,L5,Senior (L5-L6),Hyderabad,Man,4,0,0,0,0,0,37
2024-06-01,FY 2024-25,Corporate Functions,L6,Senior (L5-L6),Bengaluru,Man,3,0,0,0,0,0,30
2024-06-01,FY 2024-25,Corporate Functions,L6,Senior (L5-L6),Hyderabad,Man,2,0,0,0,0,0,24
2024-06-01,FY 2024-25,Data and Analytics,L1,Junior (L1-L2),Bengaluru,Man,15,1,1,0,1,6,205
2024-06-01,FY 2024-25,Data and Analytics,L1,Junior (L1-L2),Bengaluru,Woman,15,0,0,0,0,4,173
2024-06-01,FY 2024-25,Data and Analytics,L1,Junior (L1-L2),Hyderabad,Man,19,1,1,0,0,4,240
2024-06-01,FY 2024-25,Data and Analytics,L1,Junior (L1-L2),Hyderabad,Woman,10,0,0,0,0,3,140
2024-06-01,FY 2024-25,Data and Analytics,L2,Junior (L1-L2),Bengaluru,Man,17,0,0,0,0,6,204
2024-06-01,FY 2024-25,Data and Analytics,L2,Junior (L1-L2),Bengaluru,Woman,9,0,0,0,0,0,95
2024-06-01,FY 2024-25,Data and Analytics,L2,Junior (L1-L2),Hyderabad,Man,23,0,0,0,0,3,297
2024-06-01,FY 2024-25,Data and Analytics,L2,Junior (L1-L2),Hyderabad,Woman,19,1,0,0,0,2,260
2024-06-01,FY 2024-25,Data and Analytics,L3,Mid (L3-L4),Bengaluru,Man,12,0,0,0,0,2,156
2024-06-01,FY 2024-25,Data and Analytics,L3,Mid (L3-L4),Bengaluru,Woman,5,0,0,0,0,0,60
2024-06-01,FY 2024-25,Data and Analytics,L3,Mid (L3-L4),Hyderabad,Man,17,0,0,0,0,3,233
2024-06-01,FY 2024-25,Data and Analytics,L3,Mid (L3-L4),Hyderabad,Woman,8,0,0,0,0,0,69
2024-06-01,FY 2024-25,Data and Analytics,L4,Mid (L3-L4),Bengaluru,Man,6,0,1,0,0,2,71
2024-06-01,FY 2024-25,Data and Analytics,L4,Mid (L3-L4),Bengaluru,Woman,1,0,0,0,0,0,12
2024-06-01,FY 2024-25,Data and Analytics,L4,Mid (L3-L4),Hyderabad,Man,21,1,0,0,0,1,213
2024-06-01,FY 2024-25,Data and Analytics,L4,Mid (L3-L4),Hyderabad,Woman,2,0,1,0,1,1,34
2024-06-01,FY 2024-25,Data and Analytics,L5,Senior (L5-L6),Bengaluru,Man,3,0,0,0,0,0,36
2024-06-01,FY 2024-25,Data and Analytics,L5,Senior (L5-L6),Bengaluru,Woman,2,0,0,0,0,0,24
2024-06-01,FY 2024-25,Data and Analytics,L5,Senior (L5-L6),Hyderabad,Man,2,0,0,0,0,0,33
2024-06-01,FY 2024-25,Data and Analytics,L5,Senior (L5-L6),Hyderabad,Woman,4,0,0,0,0,0,39
2024-06-01,FY 2024-25,Data and Analytics,L6,Senior (L5-L6),Bengaluru,Man,3,0,0,0,0,0,25
2024-06-01,FY 2024-25,Data and Analytics,L6,Senior (L5-L6),Hyderabad,Man,4,0,0,0,0,0,39
2024-06-01,FY 2024-25,Data and Analytics,L6,Senior (L5-L6),Hyderabad,Woman,1,0,0,0,0,0,12
2024-06-01,FY 2024-25,Delivery,L1,Junior (L1-L2),Bengaluru,Man,73,1,0,0,0,9,846
2024-06-01,FY 2024-25,Delivery,L1,Junior (L1-L2),Bengaluru,Woman,52,1,0,0,0,17,632
2024-06-01,FY 2024-25,Delivery,L1,Junior (L1-L2),Hyderabad,Man,105,1,1,0,0,24,1350
2024-06-01,FY 2024-25,Delivery,L1,Junior (L1-L2),Hyderabad,Non-binary,0,0,0,0,0,0,0
2024-06-01,FY 2024-25,Delivery,L1,Junior (L1-L2),Hyderabad,Woman,86,1,2,0,1,15,1097
2024-06-01,FY 2024-25,Delivery,L2,Junior (L1-L2),Bengaluru,Man,69,3,2,0,1,20,839
2024-06-01,FY 2024-25,Delivery,L2,Junior (L1-L2),Bengaluru,Non-binary,0,0,0,0,0,1,5
2024-06-01,FY 2024-25,Delivery,L2,Junior (L1-L2),Bengaluru,Woman,30,1,0,0,0,8,338
2024-06-01,FY 2024-25,Delivery,L2,Junior (L1-L2),Hyderabad,Man,113,2,3,1,1,24,1363
2024-06-01,FY 2024-25,Delivery,L2,Junior (L1-L2),Hyderabad,Non-binary,1,0,0,0,0,0,12
2024-06-01,FY 2024-25,Delivery,L2,Junior (L1-L2),Hyderabad,Woman,66,1,0,0,0,13,733
2024-06-01,FY 2024-25,Delivery,L3,Mid (L3-L4),Bengaluru,Man,59,0,0,0,0,8,645
2024-06-01,FY 2024-25,Delivery,L3,Mid (L3-L4),Bengaluru,Woman,33,2,0,0,0,7,364
2024-06-01,FY 2024-25,Delivery,L3,Mid (L3-L4),Hyderabad,Man,86,2,0,0,0,11,1019
2024-06-01,FY 2024-25,Delivery,L3,Mid (L3-L4),Hyderabad,Non-binary,1,0,0,0,0,0,12
2024-06-01,FY 2024-25,Delivery,L3,Mid (L3-L4),Hyderabad,Woman,40,1,2,0,2,5,475
2024-06-01,FY 2024-25,Delivery,L4,Mid (L3-L4),Bengaluru,Man,28,1,0,0,0,2,308
2024-06-01,FY 2024-25,Delivery,L4,Mid (L3-L4),Bengaluru,Woman,8,0,0,0,0,3,124
2024-06-01,FY 2024-25,Delivery,L4,Mid (L3-L4),Hyderabad,Man,55,1,1,0,0,5,620
2024-06-01,FY 2024-25,Delivery,L4,Mid (L3-L4),Hyderabad,Woman,14,0,0,0,0,2,168
2024-06-01,FY 2024-25,Delivery,L5,Senior (L5-L6),Bengaluru,Man,22,0,0,0,0,2,254
2024-06-01,FY 2024-25,Delivery,L5,Senior (L5-L6),Bengaluru,Woman,6,0,0,0,0,0,72
2024-06-01,FY 2024-25,Delivery,L5,Senior (L5-L6),Hyderabad,Man,24,0,1,0,1,1,243
2024-06-01,FY 2024-25,Delivery,L5,Senior (L5-L6),Hyderabad,Woman,6,0,0,0,0,1,70
2024-06-01,FY 2024-25,Delivery,L6,Senior (L5-L6),Bengaluru,Man,10,0,0,0,0,1,104
2024-06-01,FY 2024-25,Delivery,L6,Senior (L5-L6),Bengaluru,Woman,4,0,0,0,0,0,39
2024-06-01,FY 2024-25,Delivery,L6,Senior (L5-L6),Hyderabad,Man,20,0,0,0,0,1,214
2024-06-01,FY 2024-25,Delivery,L6,Senior (L5-L6),Hyderabad,Woman,0,0,0,0,0,1,6
2024-06-01,FY 2024-25,Quality Engineering,L1,Junior (L1-L2),Bengaluru,Man,13,0,2,0,0,4,194
2024-06-01,FY 2024-25,Quality Engineering,L1,Junior (L1-L2),Bengaluru,Woman,20,0,0,0,0,5,259
2024-06-01,FY 2024-25,Quality Engineering,L1,Junior (L1-L2),Hyderabad,Man,37,0,0,0,0,2,446
2024-06-01,FY 2024-25,Quality Engineering,L1,Junior (L1-L2),Hyderabad,Non-binary,0,0,0,0,0,0,0
2024-06-01,FY 2024-25,Quality Engineering,L1,Junior (L1-L2),Hyderabad,Woman,24,0,0,0,0,5,300
2024-06-01,FY 2024-25,Quality Engineering,L2,Junior (L1-L2),Bengaluru,Man,30,0,0,0,0,1,340
2024-06-01,FY 2024-25,Quality Engineering,L2,Junior (L1-L2),Bengaluru,Non-binary,0,0,0,0,0,0,0
2024-06-01,FY 2024-25,Quality Engineering,L2,Junior (L1-L2),Bengaluru,Woman,16,0,1,0,0,1,203
2024-06-01,FY 2024-25,Quality Engineering,L2,Junior (L1-L2),Hyderabad,Man,38,0,0,0,0,8,460
2024-06-01,FY 2024-25,Quality Engineering,L2,Junior (L1-L2),Hyderabad,Woman,22,1,0,0,0,4,265
2024-06-01,FY 2024-25,Quality Engineering,L3,Mid (L3-L4),Bengaluru,Man,23,1,0,0,0,1,234
2024-06-01,FY 2024-25,Quality Engineering,L3,Mid (L3-L4),Bengaluru,Woman,9,0,0,0,0,4,112
2024-06-01,FY 2024-25,Quality Engineering,L3,Mid (L3-L4),Hyderabad,Man,21,1,0,0,0,8,250
2024-06-01,FY 2024-25,Quality Engineering,L3,Mid (L3-L4),Hyderabad,Woman,20,0,0,0,0,3,213
2024-06-01,FY 2024-25,Quality Engineering,L4,Mid (L3-L4),Bengaluru,Man,6,1,0,0,0,2,90
2024-06-01,FY 2024-25,Quality Engineering,L4,Mid (L3-L4),Bengaluru,Non-binary,1,0,0,0,0,0,12
2024-06-01,FY 2024-25,Quality Engineering,L4,Mid (L3-L4),Bengaluru,Woman,3,0,0,0,0,0,25
2024-06-01,FY 2024-25,Quality Engineering,L4,Mid (L3-L4),Hyderabad,Man,20,1,0,0,0,3,218
2024-06-01,FY 2024-25,Quality Engineering,L4,Mid (L3-L4),Hyderabad,Woman,4,0,1,0,1,3,45
2024-06-01,FY 2024-25,Quality Engineering,L5,Senior (L5-L6),Bengaluru,Man,4,0,0,0,0,0,48
2024-06-01,FY 2024-25,Quality Engineering,L5,Senior (L5-L6),Bengaluru,Woman,2,0,0,0,0,0,24
2024-06-01,FY 2024-25,Quality Engineering,L5,Senior (L5-L6),Hyderabad,Man,13,0,0,0,0,2,138
2024-06-01,FY 2024-25,Quality Engineering,L5,Senior (L5-L6),Hyderabad,Woman,3,0,0,0,0,0,36
2024-06-01,FY 2024-25,Quality Engineering,L6,Senior (L5-L6),Bengaluru,Man,6,0,0,0,0,0,62
2024-06-01,FY 2024-25,Quality Engineering,L6,Senior (L5-L6),Bengaluru,Woman,1,0,0,0,0,0,12
2024-06-01,FY 2024-25,Quality Engineering,L6,Senior (L5-L6),Hyderabad,Man,4,0,0,0,0,0,39
2024-06-01,FY 2024-25,Quality Engineering,L6,Senior (L5-L6),Hyderabad,Woman,1,0,0,0,0,0,12
2024-06-01,FY 2024-25,Sales and Presales,L1,Junior (L1-L2),Bengaluru,Man,15,0,0,0,0,1,173
2024-06-01,FY 2024-25,Sales and Presales,L1,Junior (L1-L2),Bengaluru,Non-binary,1,0,0,0,0,0,11
2024-06-01,FY 2024-25,Sales and Presales,L1,Junior (L1-L2),Bengaluru,Woman,6,0,1,0,1,1,80
2024-06-01,FY 2024-25,Sales and Presales,L1,Junior (L1-L2),Hyderabad,Man,11,0,1,0,0,6,181
2024-06-01,FY 2024-25,Sales and Presales,L1,Junior (L1-L2),Hyderabad,Woman,16,0,0,0,0,1,180
2024-06-01,FY 2024-25,Sales and Presales,L2,Junior (L1-L2),Bengaluru,Man,8,0,0,0,0,0,89
2024-06-01,FY 2024-25,Sales and Presales,L2,Junior (L1-L2),Bengaluru,Non-binary,0,0,0,0,0,0,0
2024-06-01,FY 2024-25,Sales and Presales,L2,Junior (L1-L2),Bengaluru,Woman,1,0,0,0,0,1,34
2024-06-01,FY 2024-25,Sales and Presales,L2,Junior (L1-L2),Hyderabad,Man,12,0,0,0,0,2,134
2024-06-01,FY 2024-25,Sales and Presales,L2,Junior (L1-L2),Hyderabad,Woman,9,0,0,0,0,1,106
2024-06-01,FY 2024-25,Sales and Presales,L3,Mid (L3-L4),Bengaluru,Man,8,0,0,0,0,2,81
2024-06-01,FY 2024-25,Sales and Presales,L3,Mid (L3-L4),Bengaluru,Woman,7,0,0,0,0,1,67
2024-06-01,FY 2024-25,Sales and Presales,L3,Mid (L3-L4),Hyderabad,Man,12,0,0,1,0,2,129
2024-06-01,FY 2024-25,Sales and Presales,L3,Mid (L3-L4),Hyderabad,Woman,5,0,0,0,0,2,61
2024-06-01,FY 2024-25,Sales and Presales,L4,Mid (L3-L4),Bengaluru,Man,3,0,2,0,1,2,57
2024-06-01,FY 2024-25,Sales and Presales,L4,Mid (L3-L4),Bengaluru,Woman,1,0,0,0,0,0,12
2024-06-01,FY 2024-25,Sales and Presales,L4,Mid (L3-L4),Hyderabad,Man,9,1,0,0,0,1,103
2024-06-01,FY 2024-25,Sales and Presales,L4,Mid (L3-L4),Hyderabad,Woman,0,0,0,0,0,0,0
2024-06-01,FY 2024-25,Sales and Presales,L5,Senior (L5-L6),Bengaluru,Man,1,0,0,0,0,0,12
2024-06-01,FY 2024-25,Sales and Presales,L5,Senior (L5-L6),Hyderabad,Man,4,0,0,0,0,1,44
2024-06-01,FY 2024-25,Sales and Presales,L5,Senior (L5-L6),Hyderabad,Woman,1,0,0,0,0,0,12
2024-06-01,FY 2024-25,Sales and Presales,L6,Senior (L5-L6),Bengaluru,Man,1,0,0,0,0,0,12
2024-06-01,FY 2024-25,Sales and Presales,L6,Senior (L5-L6),Hyderabad,Man,2,0,0,0,0,0,24
2024-07-01,FY 2024-25,Cloud and Infrastructure,L1,Junior (L1-L2),Bengaluru,Man,20,0,0,0,0,5,267
2024-07-01,FY 2024-25,Cloud and Infrastructure,L1,Junior (L1-L2),Bengaluru,Woman,13,0,1,0,0,3,188
2024-07-01,FY 2024-25,Cloud and Infrastructure,L1,Junior (L1-L2),Hyderabad,Man,31,1,0,0,0,3,366
2024-07-01,FY 2024-25,Cloud and Infrastructure,L1,Junior (L1-L2),Hyderabad,Woman,16,0,0,0,0,5,241
2024-07-01,FY 2024-25,Cloud and Infrastructure,L2,Junior (L1-L2),Bengaluru,Man,21,2,1,0,1,8,261
2024-07-01,FY 2024-25,Cloud and Infrastructure,L2,Junior (L1-L2),Bengaluru,Woman,14,0,0,0,0,5,148
2024-07-01,FY 2024-25,Cloud and Infrastructure,L2,Junior (L1-L2),Hyderabad,Man,33,0,0,0,0,5,376
2024-07-01,FY 2024-25,Cloud and Infrastructure,L2,Junior (L1-L2),Hyderabad,Woman,21,1,1,0,1,5,250
2024-07-01,FY 2024-25,Cloud and Infrastructure,L3,Mid (L3-L4),Bengaluru,Man,14,0,0,0,0,2,214
2024-07-01,FY 2024-25,Cloud and Infrastructure,L3,Mid (L3-L4),Bengaluru,Woman,3,0,0,0,0,0,29
2024-07-01,FY 2024-25,Cloud and Infrastructure,L3,Mid (L3-L4),Hyderabad,Man,17,0,0,0,0,2,208
2024-07-01,FY 2024-25,Cloud and Infrastructure,L3,Mid (L3-L4),Hyderabad,Non-binary,0,0,0,0,0,0,0
2024-07-01,FY 2024-25,Cloud and Infrastructure,L3,Mid (L3-L4),Hyderabad,Woman,11,1,0,0,0,1,100
2024-07-01,FY 2024-25,Cloud and Infrastructure,L4,Mid (L3-L4),Bengaluru,Man,12,0,0,0,0,0,114
2024-07-01,FY 2024-25,Cloud and Infrastructure,L4,Mid (L3-L4),Bengaluru,Woman,1,0,0,0,0,1,16
2024-07-01,FY 2024-25,Cloud and Infrastructure,L4,Mid (L3-L4),Hyderabad,Man,6,0,0,0,0,1,74
2024-07-01,FY 2024-25,Cloud and Infrastructure,L4,Mid (L3-L4),Hyderabad,Woman,7,0,1,0,1,1,94
2024-07-01,FY 2024-25,Cloud and Infrastructure,L5,Senior (L5-L6),Bengaluru,Man,4,0,0,0,0,0,33
2024-07-01,FY 2024-25,Cloud and Infrastructure,L5,Senior (L5-L6),Bengaluru,Woman,1,0,0,0,0,1,8
2024-07-01,FY 2024-25,Cloud and Infrastructure,L5,Senior (L5-L6),Hyderabad,Man,5,0,1,0,0,1,87
2024-07-01,FY 2024-25,Cloud and Infrastructure,L5,Senior (L5-L6),Hyderabad,Woman,2,0,0,0,0,0,24
2024-07-01,FY 2024-25,Cloud and Infrastructure,L6,Senior (L5-L6),Bengaluru,Man,1,0,0,0,0,0,12
2024-07-01,FY 2024-25,Cloud and Infrastructure,L6,Senior (L5-L6),Bengaluru,Woman,1,0,0,0,0,0,12
2024-07-01,FY 2024-25,Cloud and Infrastructure,L6,Senior (L5-L6),Hyderabad,Man,4,0,0,0,0,0,32
2024-07-01,FY 2024-25,Consulting,L1,Junior (L1-L2),Bengaluru,Man,5,0,0,0,0,0,62
2024-07-01,FY 2024-25,Consulting,L1,Junior (L1-L2),Bengaluru,Woman,5,0,0,0,0,1,64
2024-07-01,FY 2024-25,Consulting,L1,Junior (L1-L2),Hyderabad,Man,14,0,0,0,0,1,165
2024-07-01,FY 2024-25,Consulting,L1,Junior (L1-L2),Hyderabad,Woman,8,0,0,0,0,1,102
2024-07-01,FY 2024-25,Consulting,L2,Junior (L1-L2),Bengaluru,Man,7,0,0,0,0,1,94
2024-07-01,FY 2024-25,Consulting,L2,Junior (L1-L2),Bengaluru,Woman,2,0,0,0,0,2,20
2024-07-01,FY 2024-25,Consulting,L2,Junior (L1-L2),Hyderabad,Man,7,0,0,0,0,0,81
2024-07-01,FY 2024-25,Consulting,L2,Junior (L1-L2),Hyderabad,Woman,6,0,1,0,1,2,75
2024-07-01,FY 2024-25,Consulting,L3,Mid (L3-L4),Bengaluru,Man,8,0,0,0,0,1,76
2024-07-01,FY 2024-25,Consulting,L3,Mid (L3-L4),Bengaluru,Woman,1,0,0,0,0,0,20
2024-07-01,FY 2024-25,Consulting,L3,Mid (L3-L4),Hyderabad,Man,3,0,0,0,0,0,36
2024-07-01,FY 2024-25,Consulting,L3,Mid (L3-L4),Hyderabad,Woman,6,0,0,0,0,1,78
2024-07-01,FY 2024-25,Consulting,L4,Mid (L3-L4),Bengaluru,Man,6,0,0,0,0,0,72
2024-07-01,FY 2024-25,Consulting,L4,Mid (L3-L4),Bengaluru,Woman,2,0,0,0,0,0,24
2024-07-01,FY 2024-25,Consulting,L4,Mid (L3-L4),Hyderabad,Man,1,0,0,0,0,0,12
2024-07-01,FY 2024-25,Consulting,L4,Mid (L3-L4),Hyderabad,Woman,2,0,0,0,0,1,27
2024-07-01,FY 2024-25,Consulting,L5,Senior (L5-L6),Bengaluru,Man,2,0,0,0,0,0,27
2024-07-01,FY 2024-25,Consulting,L5,Senior (L5-L6),Bengaluru,Woman,1,0,0,0,0,0,4
2024-07-01,FY 2024-25,Consulting,L5,Senior (L5-L6),Hyderabad,Man,3,0,0,0,0,0,35
2024-07-01,FY 2024-25,Consulting,L5,Senior (L5-L6),Hyderabad,Woman,1,0,0,0,0,0,4
2024-07-01,FY 2024-25,Consulting,L6,Senior (L5-L6),Bengaluru,Man,2,0,0,0,0,0,16
2024-07-01,FY 2024-25,Consulting,L6,Senior (L5-L6),Hyderabad,Man,3,0,0,0,0,0,36
2024-07-01,FY 2024-25,Consulting,L6,Senior (L5-L6),Hyderabad,Woman,2,0,0,0,0,0,24
2024-07-01,FY 2024-25,Corporate Functions,L1,Junior (L1-L2),Bengaluru,Man,6,0,0,0,0,1,82
2024-07-01,FY 2024-25,Corporate Functions,L1,Junior (L1-L2),Bengaluru,Woman,5,0,0,0,0,1,57
2024-07-01,FY 2024-25,Corporate Functions,L1,Junior (L1-L2),Hyderabad,Man,12,0,0,1,0,4,174
2024-07-01,FY 2024-25,Corporate Functions,L1,Junior (L1-L2),Hyderabad,Woman,9,0,0,0,0,3,118
2024-07-01,FY 2024-25,Corporate Functions,L2,Junior (L1-L2),Bengaluru,Man,8,0,1,0,0,3,102
2024-07-01,FY 2024-25,Corporate Functions,L2,Junior (L1-L2),Bengaluru,Woman,4,0,0,0,0,1,40
2024-07-01,FY 2024-25,Corporate Functions,L2,Junior (L1-L2),Hyderabad,Man,18,0,0,0,0,1,208
2024-07-01,FY 2024-25,Corporate Functions,L2,Junior (L1-L2),Hyderabad,Woman,10,0,1,0,0,2,115
2024-07-01,FY 2024-25,Corporate Functions,L3,Mid (L3-L4),Bengaluru,Man,10,0,0,0,0,3,138
2024-07-01,FY 2024-25,Corporate Functions,L3,Mid (L3-L4),Bengaluru,Woman,4,0,1,0,0,1,59
2024-07-01,FY 2024-25,Corporate Functions,L3,Mid (L3-L4),Hyderabad,Man,13,0,0,0,0,0,146
2024-07-01,FY 2024-25,Corporate Functions,L3,Mid (L3-L4),Hyderabad,Woman,2,0,0,0,0,1,40
2024-07-01,FY 2024-25,Corporate Functions,L4,Mid (L3-L4),Bengaluru,Man,7,0,0,0,0,3,73
2024-07-01,FY 2024-25,Corporate Functions,L4,Mid (L3-L4),Bengaluru,Woman,3,0,0,0,0,0,19
2024-07-01,FY 2024-25,Corporate Functions,L4,Mid (L3-L4),Hyderabad,Man,11,1,0,0,0,3,122
2024-07-01,FY 2024-25,Corporate Functions,L4,Mid (L3-L4),Hyderabad,Woman,4,0,0,0,0,0,40
2024-07-01,FY 2024-25,Corporate Functions,L5,Senior (L5-L6),Bengaluru,Man,2,0,0,0,0,0,24
2024-07-01,FY 2024-25,Corporate Functions,L5,Senior (L5-L6),Bengaluru,Woman,0,0,0,0,0,0,0
2024-07-01,FY 2024-25,Corporate Functions,L5,Senior (L5-L6),Hyderabad,Man,4,0,0,0,0,0,39
2024-07-01,FY 2024-25,Corporate Functions,L6,Senior (L5-L6),Bengaluru,Man,3,0,0,0,0,0,31
2024-07-01,FY 2024-25,Corporate Functions,L6,Senior (L5-L6),Hyderabad,Man,2,0,0,0,0,0,24
2024-07-01,FY 2024-25,Data and Analytics,L1,Junior (L1-L2),Bengaluru,Man,16,1,0,0,0,6,207
2024-07-01,FY 2024-25,Data and Analytics,L1,Junior (L1-L2),Bengaluru,Woman,15,0,0,0,0,4,174
2024-07-01,FY 2024-25,Data and Analytics,L1,Junior (L1-L2),Hyderabad,Man,19,0,0,0,0,4,243
2024-07-01,FY 2024-25,Data and Analytics,L1,Junior (L1-L2),Hyderabad,Woman,10,0,0,0,0,3,139
2024-07-01,FY 2024-25,Data and Analytics,L2,Junior (L1-L2),Bengaluru,Man,17,1,1,0,0,6,202
2024-07-01,FY 2024-25,Data and Analytics,L2,Junior (L1-L2),Bengaluru,Woman,9,0,0,0,0,0,97
2024-07-01,FY 2024-25,Data and Analytics,L2,Junior (L1-L2),Hyderabad,Man,24,1,0,0,0,3,296
2024-07-01,FY 2024-25,Data and Analytics,L2,Junior (L1-L2),Hyderabad,Woman,19,0,0,0,0,2,257
2024-07-01,FY 2024-25,Data and Analytics,L3,Mid (L3-L4),Bengaluru,Man,12,1,1,0,0,3,156
2024-07-01,FY 2024-25,Data and Analytics,L3,Mid (L3-L4),Bengaluru,Woman,5,0,0,0,0,0,60
2024-07-01,FY 2024-25,Data and Analytics,L3,Mid (L3-L4),Hyderabad,Man,18,1,0,0,0,3,231
2024-07-01,FY 2024-25,Data and Analytics,L3,Mid (L3-L4),Hyderabad,Woman,8,0,0,0,0,0,72
2024-07-01,FY 2024-25,Data and Analytics,L4,Mid (L3-L4),Bengaluru,Man,6,0,0,0,0,2,71
2024-07-01,FY 2024-25,Data and Analytics,L4,Mid (L3-L4),Bengaluru,Woman,1,0,0,0,0,0,12
2024-07-01,FY 2024-25,Data and Analytics,L4,Mid (L3-L4),Hyderabad,Man,21,0,0,0,0,0,218
2024-07-01,FY 2024-25,Data and Analytics,L4,Mid (L3-L4),Hyderabad,Woman,2,0,0,0,0,1,34
2024-07-01,FY 2024-25,Data and Analytics,L5,Senior (L5-L6),Bengaluru,Man,3,0,0,0,0,0,36
2024-07-01,FY 2024-25,Data and Analytics,L5,Senior (L5-L6),Bengaluru,Woman,2,0,0,0,0,0,24
2024-07-01,FY 2024-25,Data and Analytics,L5,Senior (L5-L6),Hyderabad,Man,2,0,0,0,0,0,32
2024-07-01,FY 2024-25,Data and Analytics,L5,Senior (L5-L6),Hyderabad,Woman,4,0,0,0,0,0,40
2024-07-01,FY 2024-25,Data and Analytics,L6,Senior (L5-L6),Bengaluru,Man,3,0,0,0,0,0,27
2024-07-01,FY 2024-25,Data and Analytics,L6,Senior (L5-L6),Hyderabad,Man,4,0,0,0,0,0,40
2024-07-01,FY 2024-25,Data and Analytics,L6,Senior (L5-L6),Hyderabad,Woman,1,0,0,0,0,0,12
2024-07-01,FY 2024-25,Delivery,L1,Junior (L1-L2),Bengaluru,Man,73,0,0,0,0,9,873
2024-07-01,FY 2024-25,Delivery,L1,Junior (L1-L2),Bengaluru,Woman,50,0,1,1,0,17,639
2024-07-01,FY 2024-25,Delivery,L1,Junior (L1-L2),Hyderabad,Man,106,2,1,0,0,22,1365
2024-07-01,FY 2024-25,Delivery,L1,Junior (L1-L2),Hyderabad,Non-binary,0,0,0,0,0,0,0
2024-07-01,FY 2024-25,Delivery,L1,Junior (L1-L2),Hyderabad,Woman,85,1,1,1,1,16,1118
2024-07-01,FY 2024-25,Delivery,L2,Junior (L1-L2),Bengaluru,Man,68,0,1,0,1,21,830
2024-07-01,FY 2024-25,Delivery,L2,Junior (L1-L2),Bengaluru,Non-binary,0,0,0,0,0,1,4
2024-07-01,FY 2024-25,Delivery,L2,Junior (L1-L2),Bengaluru,Woman,31,1,0,0,0,8,341
2024-07-01,FY 2024-25,Delivery,L2,Junior (L1-L2),Hyderabad,Man,113,0,0,0,0,23,1365
2024-07-01,FY 2024-25,Delivery,L2,Junior (L1-L2),Hyderabad,Non-binary,1,0,0,0,0,0,12
2024-07-01,FY 2024-25,Delivery,L2,Junior (L1-L2),Hyderabad,Woman,66,0,0,0,0,13,736
2024-07-01,FY 2024-25,Delivery,L3,Mid (L3-L4),Bengaluru,Man,59,0,0,0,0,8,653
2024-07-01,FY 2024-25,Delivery,L3,Mid (L3-L4),Bengaluru,Woman,31,0,0,2,0,9,365
2024-07-01,FY 2024-25,Delivery,L3,Mid (L3-L4),Hyderabad,Man,84,0,2,0,2,13,1021
2024-07-01,FY 2024-25,Delivery,L3,Mid (L3-L4),Hyderabad,Non-binary,1,0,0,0,0,0,12
2024-07-01,FY 2024-25,Delivery,L3,Mid (L3-L4),Hyderabad,Woman,39,0,1,0,1,6,475
2024-07-01,FY 2024-25,Delivery,L4,Mid (L3-L4),Bengaluru,Man,29,1,0,0,0,2,313
2024-07-01,FY 2024-25,Delivery,L4,Mid (L3-L4),Bengaluru,Woman,8,0,0,0,0,3,120
2024-07-01,FY 2024-25,Delivery,L4,Mid (L3-L4),Hyderabad,Man,55,0,0,0,0,5,624
2024-07-01,FY 2024-25,Delivery,L4,Mid (L3-L4),Hyderabad,Woman,14,0,0,0,0,2,169
2024-07-01,FY 2024-25,Delivery,L5,Senior (L5-L6),Bengaluru,Man,23,1,0,0,0,2,257
2024-07-01,FY 2024-25,Delivery,L5,Senior (L5-L6),Bengaluru,Woman,6,0,0,0,0,0,72
2024-07-01,FY 2024-25,Delivery,L5,Senior (L5-L6),Hyderabad,Man,24,0,0,0,0,1,248
2024-07-01,FY 2024-25,Delivery,L5,Senior (L5-L6),Hyderabad,Woman,6,0,0,0,0,1,70
2024-07-01,FY 2024-25,Delivery,L6,Senior (L5-L6),Bengaluru,Man,10,0,0,0,0,1,106
2024-07-01,FY 2024-25,Delivery,L6,Senior (L5-L6),Bengaluru,Woman,4,0,0,0,0,0,40
2024-07-01,FY 2024-25,Delivery,L6,Senior (L5-L6),Hyderabad,Man,19,0,1,0,0,2,216
2024-07-01,FY 2024-25,Delivery,L6,Senior (L5-L6),Hyderabad,Woman,0,0,0,0,0,1,5
2024-07-01,FY 2024-25,Quality Engineering,L1,Junior (L1-L2),Bengaluru,Man,14,1,0,0,0,4,193
2024-07-01,FY 2024-25,Quality Engineering,L1,Junior (L1-L2),Bengaluru,Woman,20,0,0,0,0,4,260
2024-07-01,FY 2024-25,Quality Engineering,L1,Junior (L1-L2),Hyderabad,Man,37,0,0,0,0,2,458
2024-07-01,FY 2024-25,Quality Engineering,L1,Junior (L1-L2),Hyderabad,Non-binary,0,0,0,0,0,0,0
2024-07-01,FY 2024-25,Quality Engineering,L1,Junior (L1-L2),Hyderabad,Woman,23,0,1,0,0,6,303
2024-07-01,FY 2024-25,Quality Engineering,L2,Junior (L1-L2),Bengaluru,Man,31,1,0,0,0,0,345
2024-07-01,FY 2024-25,Quality Engineering,L2,Junior (L1-L2),Bengaluru,Non-binary,0,0,0,0,0,0,0
2024-07-01,FY 2024-25,Quality Engineering,L2,Junior (L1-L2),Bengaluru,Woman,15,0,1,0,1,2,201
2024-07-01,FY 2024-25,Quality Engineering,L2,Junior (L1-L2),Hyderabad,Man,38,0,0,0,0,8,458
2024-07-01,FY 2024-25,Quality Engineering,L2,Junior (L1-L2),Hyderabad,Woman,22,0,0,0,0,4,265
2024-07-01,FY 2024-25,Quality Engineering,L3,Mid (L3-L4),Bengaluru,Man,23,1,1,0,0,2,239
2024-07-01,FY 2024-25,Quality Engineering,L3,Mid (L3-L4),Bengaluru,Woman,9,0,0,0,0,3,111
2024-07-01,FY 2024-25,Quality Engineering,L3,Mid (L3-L4),Hyderabad,Man,21,0,0,0,0,8,250
2024-07-01,FY 2024-25,Quality Engineering,L3,Mid (L3-L4),Hyderabad,Woman,20,0,0,0,0,3,217
2024-07-01,FY 2024-25,Quality Engineering,L4,Mid (L3-L4),Bengaluru,Man,6,0,0,0,0,2,88
2024-07-01,FY 2024-25,Quality Engineering,L4,Mid (L3-L4),Bengaluru,Non-binary,1,0,0,0,0,0,12
2024-07-01,FY 2024-25,Quality Engineering,L4,Mid (L3-L4),Bengaluru,Woman,3,0,0,0,0,0,27
2024-07-01,FY 2024-25,Quality Engineering,L4,Mid (L3-L4),Hyderabad,Man,20,0,0,0,0,3,220
2024-07-01,FY 2024-25,Quality Engineering,L4,Mid (L3-L4),Hyderabad,Woman,5,1,0,0,0,3,46
2024-07-01,FY 2024-25,Quality Engineering,L5,Senior (L5-L6),Bengaluru,Man,4,0,0,0,0,0,48
2024-07-01,FY 2024-25,Quality Engineering,L5,Senior (L5-L6),Bengaluru,Woman,2,0,0,0,0,0,24
2024-07-01,FY 2024-25,Quality Engineering,L5,Senior (L5-L6),Hyderabad,Man,13,0,0,0,0,2,140
2024-07-01,FY 2024-25,Quality Engineering,L5,Senior (L5-L6),Hyderabad,Woman,3,0,0,0,0,0,36
2024-07-01,FY 2024-25,Quality Engineering,L6,Senior (L5-L6),Bengaluru,Man,6,0,0,0,0,0,64
2024-07-01,FY 2024-25,Quality Engineering,L6,Senior (L5-L6),Bengaluru,Woman,1,0,0,0,0,0,12
2024-07-01,FY 2024-25,Quality Engineering,L6,Senior (L5-L6),Hyderabad,Man,4,0,0,0,0,0,40
2024-07-01,FY 2024-25,Quality Engineering,L6,Senior (L5-L6),Hyderabad,Woman,1,0,0,0,0,0,12
2024-07-01,FY 2024-25,Sales and Presales,L1,Junior (L1-L2),Bengaluru,Man,15,0,0,0,0,1,176
2024-07-01,FY 2024-25,Sales and Presales,L1,Junior (L1-L2),Bengaluru,Non-binary,1,0,0,0,0,0,12
2024-07-01,FY 2024-25,Sales and Presales,L1,Junior (L1-L2),Bengaluru,Woman,6,0,0,0,0,1,82
2024-07-01,FY 2024-25,Sales and Presales,L1,Junior (L1-L2),Hyderabad,Man,11,0,0,0,0,5,181
2024-07-01,FY 2024-25,Sales and Presales,L1,Junior (L1-L2),Hyderabad,Woman,16,0,0,0,0,1,183
2024-07-01,FY 2024-25,Sales and Presales,L2,Junior (L1-L2),Bengaluru,Man,8,0,0,0,0,0,91
2024-07-01,FY 2024-25,Sales and Presales,L2,Junior (L1-L2),Bengaluru,Non-binary,0,0,0,0,0,0,0
2024-07-01,FY 2024-25,Sales and Presales,L2,Junior (L1-L2),Bengaluru,Woman,1,0,0,0,0,1,31
2024-07-01,FY 2024-25,Sales and Presales,L2,Junior (L1-L2),Hyderabad,Man,12,0,0,0,0,1,135
2024-07-01,FY 2024-25,Sales and Presales,L2,Junior (L1-L2),Hyderabad,Woman,8,0,1,0,0,2,106
2024-07-01,FY 2024-25,Sales and Presales,L3,Mid (L3-L4),Bengaluru,Man,8,0,0,0,0,1,82
2024-07-01,FY 2024-25,Sales and Presales,L3,Mid (L3-L4),Bengaluru,Woman,7,0,0,0,0,1,69
2024-07-01,FY 2024-25,Sales and Presales,L3,Mid (L3-L4),Hyderabad,Man,12,0,0,0,0,2,131
2024-07-01,FY 2024-25,Sales and Presales,L3,Mid (L3-L4),Hyderabad,Woman,5,0,0,0,0,2,61
2024-07-01,FY 2024-25,Sales and Presales,L4,Mid (L3-L4),Bengaluru,Man,3,0,0,0,0,2,56
2024-07-01,FY 2024-25,Sales and Presales,L4,Mid (L3-L4),Bengaluru,Woman,1,0,0,0,0,0,12
2024-07-01,FY 2024-25,Sales and Presales,L4,Mid (L3-L4),Hyderabad,Man,9,0,0,0,0,1,104
2024-07-01,FY 2024-25,Sales and Presales,L4,Mid (L3-L4),Hyderabad,Woman,0,0,0,0,0,0,0
2024-07-01,FY 2024-25,Sales and Presales,L5,Senior (L5-L6),Bengaluru,Man,1,0,0,0,0,0,12
2024-07-01,FY 2024-25,Sales and Presales,L5,Senior (L5-L6),Hyderabad,Man,4,0,0,0,0,1,44
2024-07-01,FY 2024-25,Sales and Presales,L5,Senior (L5-L6),Hyderabad,Woman,1,0,0,0,0,0,12
2024-07-01,FY 2024-25,Sales and Presales,L6,Senior (L5-L6),Bengaluru,Man,1,0,0,0,0,0,12
2024-07-01,FY 2024-25,Sales and Presales,L6,Senior (L5-L6),Hyderabad,Man,2,0,0,0,0,0,24
2024-08-01,FY 2024-25,Cloud and Infrastructure,L1,Junior (L1-L2),Bengaluru,Man,26,6,0,0,0,4,269
2024-08-01,FY 2024-25,Cloud and Infrastructure,L1,Junior (L1-L2),Bengaluru,Woman,16,3,0,0,0,3,188
2024-08-01,FY 2024-25,Cloud and Infrastructure,L1,Junior (L1-L2),Hyderabad,Man,38,7,0,0,0,2,373
2024-08-01,FY 2024-25,Cloud and Infrastructure,L1,Junior (L1-L2),Hyderabad,Woman,24,9,1,0,1,6,243
2024-08-01,FY 2024-25,Cloud and Infrastructure,L2,Junior (L1-L2),Bengaluru,Man,22,1,0,0,0,8,261
2024-08-01,FY 2024-25,Cloud and Infrastructure,L2,Junior (L1-L2),Bengaluru,Woman,14,0,0,0,0,4,149
2024-08-01,FY 2024-25,Cloud and Infrastructure,L2,Junior (L1-L2),Hyderabad,Man,33,0,0,0,0,5,379
2024-08-01,FY 2024-25,Cloud and Infrastructure,L2,Junior (L1-L2),Hyderabad,Woman,22,1,0,0,0,4,253
2024-08-01,FY 2024-25,Cloud and Infrastructure,L3,Mid (L3-L4),Bengaluru,Man,14,0,0,0,0,2,208
2024-08-01,FY 2024-25,Cloud and Infrastructure,L3,Mid (L3-L4),Bengaluru,Woman,3,0,0,0,0,0,30
2024-08-01,FY 2024-25,Cloud and Infrastructure,L3,Mid (L3-L4),Hyderabad,Man,17,0,0,0,0,2,207
2024-08-01,FY 2024-25,Cloud and Infrastructure,L3,Mid (L3-L4),Hyderabad,Non-binary,0,0,0,0,0,0,0
2024-08-01,FY 2024-25,Cloud and Infrastructure,L3,Mid (L3-L4),Hyderabad,Woman,11,0,0,0,0,1,104
2024-08-01,FY 2024-25,Cloud and Infrastructure,L4,Mid (L3-L4),Bengaluru,Man,12,0,0,0,0,0,118
2024-08-01,FY 2024-25,Cloud and Infrastructure,L4,Mid (L3-L4),Bengaluru,Woman,1,0,0,0,0,1,15
2024-08-01,FY 2024-25,Cloud and Infrastructure,L4,Mid (L3-L4),Hyderabad,Man,6,0,0,0,0,1,74
2024-08-01,FY 2024-25,Cloud and Infrastructure,L4,Mid (L3-L4),Hyderabad,Woman,7,0,0,0,0,1,94
2024-08-01,FY 2024-25,Cloud and Infrastructure,L5,Senior (L5-L6),Bengaluru,Man,4,0,0,0,0,0,35
2024-08-01,FY 2024-25,Cloud and Infrastructure,L5,Senior (L5-L6),Bengaluru,Woman,1,0,0,0,0,1,8
2024-08-01,FY 2024-25,Cloud and Infrastructure,L5,Senior (L5-L6),Hyderabad,Man,4,0,1,0,0,2,83
2024-08-01,FY 2024-25,Cloud and Infrastructure,L5,Senior (L5-L6),Hyderabad,Woman,2,0,0,0,0,0,24
2024-08-01,FY 2024-25,Cloud and Infrastructure,L6,Senior (L5-L6),Bengaluru,Man,1,0,0,0,0,0,12
2024-08-01,FY 2024-25,Cloud and Infrastructure,L6,Senior (L5-L6),Bengaluru,Woman,1,0,0,0,0,0,12
2024-08-01,FY 2024-25,Cloud and Infrastructure,L6,Senior (L5-L6),Hyderabad,Man,4,0,0,0,0,0,34
2024-08-01,FY 2024-25,Consulting,L1,Junior (L1-L2),Bengaluru,Man,7,2,0,0,0,0,64
2024-08-01,FY 2024-25,Consulting,L1,Junior (L1-L2),Bengaluru,Woman,5,1,0,1,0,2,63
2024-08-01,FY 2024-25,Consulting,L1,Junior (L1-L2),Hyderabad,Man,19,5,0,0,0,1,170
2024-08-01,FY 2024-25,Consulting,L1,Junior (L1-L2),Hyderabad,Woman,12,4,0,0,0,1,105
2024-08-01,FY 2024-25,Consulting,L2,Junior (L1-L2),Bengaluru,Man,7,0,0,0,0,1,93
2024-08-01,FY 2024-25,Consulting,L2,Junior (L1-L2),Bengaluru,Woman,2,0,0,0,0,1,20
2024-08-01,FY 2024-25,Consulting,L2,Junior (L1-L2),Hyderabad,Man,7,0,0,0,0,0,82
2024-08-01,FY 2024-25,Consulting,L2,Junior (L1-L2),Hyderabad,Woman,6,0,0,0,0,1,75
2024-08-01,FY 2024-25,Consulting,L3,Mid (L3-L4),Bengaluru,Man,7,0,1,0,1,2,78
2024-08-01,FY 2024-25,Consulting,L3,Mid (L3-L4),Bengaluru,Woman,1,0,0,0,0,0,19
2024-08-01,FY 2024-25,Consulting,L3,Mid (L3-L4),Hyderabad,Man,3,0,0,0,0,0,36
2024-08-01,FY 2024-25,Consulting,L3,Mid (L3-L4),Hyderabad,Woman,7,1,0,0,0,1,78
2024-08-01,FY 2024-25,Consulting,L4,Mid (L3-L4),Bengaluru,Man,6,0,0,0,0,0,72
2024-08-01,FY 2024-25,Consulting,L4,Mid (L3-L4),Bengaluru,Woman,2,0,0,0,0,0,24
2024-08-01,FY 2024-25,Consulting,L4,Mid (L3-L4),Hyderabad,Man,1,0,0,0,0,0,12
2024-08-01,FY 2024-25,Consulting,L4,Mid (L3-L4),Hyderabad,Woman,2,0,0,0,0,1,26
2024-08-01,FY 2024-25,Consulting,L5,Senior (L5-L6),Bengaluru,Man,2,0,0,0,0,0,27
2024-08-01,FY 2024-25,Consulting,L5,Senior (L5-L6),Bengaluru,Woman,1,0,0,0,0,0,5
2024-08-01,FY 2024-25,Consulting,L5,Senior (L5-L6),Hyderabad,Man,3,0,0,0,0,0,36
2024-08-01,FY 2024-25,Consulting,L5,Senior (L5-L6),Hyderabad,Woman,1,0,0,0,0,0,5
2024-08-01,FY 2024-25,Consulting,L6,Senior (L5-L6),Bengaluru,Man,2,0,0,0,0,0,17
2024-08-01,FY 2024-25,Consulting,L6,Senior (L5-L6),Hyderabad,Man,3,0,0,0,0,0,36
2024-08-01,FY 2024-25,Consulting,L6,Senior (L5-L6),Hyderabad,Woman,2,0,0,0,0,0,24
2024-08-01,FY 2024-25,Corporate Functions,L1,Junior (L1-L2),Bengaluru,Man,6,0,0,0,0,1,81
2024-08-01,FY 2024-25,Corporate Functions,L1,Junior (L1-L2),Bengaluru,Woman,5,0,0,0,0,1,57
2024-08-01,FY 2024-25,Corporate Functions,L1,Junior (L1-L2),Hyderabad,Man,13,1,0,0,0,4,171
2024-08-01,FY 2024-25,Corporate Functions,L1,Junior (L1-L2),Hyderabad,Woman,9,0,0,0,0,3,116
2024-08-01,FY 2024-25,Corporate Functions,L2,Junior (L1-L2),Bengaluru,Man,7,0,1,0,0,4,100
2024-08-01,FY 2024-25,Corporate Functions,L2,Junior (L1-L2),Bengaluru,Woman,4,0,0,0,0,1,41
2024-08-01,FY 2024-25,Corporate Functions,L2,Junior (L1-L2),Hyderabad,Man,18,0,0,0,0,1,209
2024-08-01,FY 2024-25,Corporate Functions,L2,Junior (L1-L2),Hyderabad,Woman,10,0,0,0,0,2,115
2024-08-01,FY 2024-25,Corporate Functions,L3,Mid (L3-L4),Bengaluru,Man,11,1,0,0,0,3,136
2024-08-01,FY 2024-25,Corporate Functions,L3,Mid (L3-L4),Bengaluru,Woman,4,0,0,0,0,1,58
2024-08-01,FY 2024-25,Corporate Functions,L3,Mid (L3-L4),Hyderabad,Man,13,0,0,0,0,0,147
2024-08-01,FY 2024-25,Corporate Functions,L3,Mid (L3-L4),Hyderabad,Woman,2,0,0,0,0,1,38
2024-08-01,FY 2024-25,Corporate Functions,L4,Mid (L3-L4),Bengaluru,Man,7,0,0,0,0,3,73
2024-08-01,FY 2024-25,Corporate Functions,L4,Mid (L3-L4),Bengaluru,Woman,3,0,0,0,0,0,21
2024-08-01,FY 2024-25,Corporate Functions,L4,Mid (L3-L4),Hyderabad,Man,10,0,1,0,0,4,122
2024-08-01,FY 2024-25,Corporate Functions,L4,Mid (L3-L4),Hyderabad,Woman,4,0,0,0,0,0,41
2024-08-01,FY 2024-25,Corporate Functions,L5,Senior (L5-L6),Bengaluru,Man,2,0,0,0,0,0,24
2024-08-01,FY 2024-25,Corporate Functions,L5,Senior (L5-L6),Bengaluru,Woman,0,0,0,0,0,0,0
2024-08-01,FY 2024-25,Corporate Functions,L5,Senior (L5-L6),Hyderabad,Man,5,1,0,0,0,0,42
2024-08-01,FY 2024-25,Corporate Functions,L6,Senior (L5-L6),Bengaluru,Man,3,0,0,0,0,0,32
2024-08-01,FY 2024-25,Corporate Functions,L6,Senior (L5-L6),Hyderabad,Man,2,0,0,0,0,0,24
2024-08-01,FY 2024-25,Data and Analytics,L1,Junior (L1-L2),Bengaluru,Man,21,5,0,0,0,6,210
2024-08-01,FY 2024-25,Data and Analytics,L1,Junior (L1-L2),Bengaluru,Woman,17,2,0,0,0,4,174
2024-08-01,FY 2024-25,Data and Analytics,L1,Junior (L1-L2),Hyderabad,Man,23,5,1,0,0,5,245
2024-08-01,FY 2024-25,Data and Analytics,L1,Junior (L1-L2),Hyderabad,Woman,16,6,0,0,0,3,142
2024-08-01,FY 2024-25,Data and Analytics,L2,Junior (L1-L2),Bengaluru,Man,16,0,1,0,0,6,200
2024-08-01,FY 2024-25,Data and Analytics,L2,Junior (L1-L2),Bengaluru,Woman,8,0,1,0,0,1,98
2024-08-01,FY 2024-25,Data and Analytics,L2,Junior (L1-L2),Hyderabad,Man,23,0,1,0,0,3,294
2024-08-01,FY 2024-25,Data and Analytics,L2,Junior (L1-L2),Hyderabad,Woman,19,0,0,0,0,2,254
2024-08-01,FY 2024-25,Data and Analytics,L3,Mid (L3-L4),Bengaluru,Man,12,0,0,0,0,3,156
2024-08-01,FY 2024-25,Data and Analytics,L3,Mid (L3-L4),Bengaluru,Woman,4,0,0,1,0,1,59
2024-08-01,FY 2024-25,Data and Analytics,L3,Mid (L3-L4),Hyderabad,Man,18,0,0,0,0,3,228
2024-08-01,FY 2024-25,Data and Analytics,L3,Mid (L3-L4),Hyderabad,Woman,8,0,0,0,0,0,75
2024-08-01,FY 2024-25,Data and Analytics,L4,Mid (L3-L4),Bengaluru,Man,6,0,0,0,0,2,71
2024-08-01,FY 2024-25,Data and Analytics,L4,Mid (L3-L4),Bengaluru,Woman,1,0,0,0,0,0,12
2024-08-01,FY 2024-25,Data and Analytics,L4,Mid (L3-L4),Hyderabad,Man,21,0,0,0,0,0,222
2024-08-01,FY 2024-25,Data and Analytics,L4,Mid (L3-L4),Hyderabad,Woman,2,0,0,0,0,1,33
2024-08-01,FY 2024-25,Data and Analytics,L5,Senior (L5-L6),Bengaluru,Man,3,0,0,0,0,0,36
2024-08-01,FY 2024-25,Data and Analytics,L5,Senior (L5-L6),Bengaluru,Woman,2,0,0,0,0,0,24
2024-08-01,FY 2024-25,Data and Analytics,L5,Senior (L5-L6),Hyderabad,Man,2,0,0,0,0,0,31
2024-08-01,FY 2024-25,Data and Analytics,L5,Senior (L5-L6),Hyderabad,Woman,4,0,0,0,0,0,41
2024-08-01,FY 2024-25,Data and Analytics,L6,Senior (L5-L6),Bengaluru,Man,3,0,0,0,0,0,29
2024-08-01,FY 2024-25,Data and Analytics,L6,Senior (L5-L6),Hyderabad,Man,4,0,0,0,0,0,41
2024-08-01,FY 2024-25,Data and Analytics,L6,Senior (L5-L6),Hyderabad,Woman,1,0,0,0,0,0,12
2024-08-01,FY 2024-25,Delivery,L1,Junior (L1-L2),Bengaluru,Man,97,25,1,0,0,9,898
2024-08-01,FY 2024-25,Delivery,L1,Junior (L1-L2),Bengaluru,Woman,63,15,1,1,0,18,641
2024-08-01,FY 2024-25,Delivery,L1,Junior (L1-L2),Hyderabad,Man,139,35,2,0,1,24,1379
2024-08-01,FY 2024-25,Delivery,L1,Junior (L1-L2),Hyderabad,Non-binary,1,1,0,0,0,0,1
2024-08-01,FY 2024-25,Delivery,L1,Junior (L1-L2),Hyderabad,Woman,109,26,2,0,0,18,1134
2024-08-01,FY 2024-25,Delivery,L2,Junior (L1-L2),Bengaluru,Man,68,1,1,0,0,17,826
2024-08-01,FY 2024-25,Delivery,L2,Junior (L1-L2),Bengaluru,Non-binary,0,0,0,0,0,1,3
2024-08-01,FY 2024-25,Delivery,L2,Junior (L1-L2),Bengaluru,Woman,30,0,1,0,0,9,342
2024-08-01,FY 2024-25,Delivery,L2,Junior (L1-L2),Hyderabad,Man,111,1,3,0,2,25,1365
2024-08-01,FY 2024-25,Delivery,L2,Junior (L1-L2),Hyderabad,Non-binary,1,0,0,0,0,0,12
2024-08-01,FY 2024-25,Delivery,L2,Junior (L1-L2),Hyderabad,Woman,66,2,2,0,0,11,743
2024-08-01,FY 2024-25,Delivery,L3,Mid (L3-L4),Bengaluru,Man,59,1,1,0,0,9,659
2024-08-01,FY 2024-25,Delivery,L3,Mid (L3-L4),Bengaluru,Woman,32,1,0,0,0,8,368
2024-08-01,FY 2024-25,Delivery,L3,Mid (L3-L4),Hyderabad,Man,84,1,1,0,1,13,1020
2024-08-01,FY 2024-25,Delivery,L3,Mid (L3-L4),Hyderabad,Non-binary,1,0,0,0,0,0,12
2024-08-01,FY 2024-25,Delivery,L3,Mid (L3-L4),Hyderabad,Woman,41,2,0,0,0,6,476
2024-08-01,FY 2024-25,Delivery,L4,Mid (L3-L4),Bengaluru,Man,28,0,1,0,1,3,316
2024-08-01,FY 2024-25,Delivery,L4,Mid (L3-L4),Bengaluru,Woman,8,0,0,0,0,3,116
2024-08-01,FY 2024-25,Delivery,L4,Mid (L3-L4),Hyderabad,Man,56,1,0,0,0,5,628
2024-08-01,FY 2024-25,Delivery,L4,Mid (L3-L4),Hyderabad,Woman,14,1,1,0,0,3,170
2024-08-01,FY 2024-25,Delivery,L5,Senior (L5-L6),Bengaluru,Man,23,0,0,0,0,2,260
2024-08-01,FY 2024-25,Delivery,L5,Senior (L5-L6),Bengaluru,Woman,6,0,0,0,0,0,72
2024-08-01,FY 2024-25,Delivery,L5,Senior (L5-L6),Hyderabad,Man,24,0,0,0,0,1,253
2024-08-01,FY 2024-25,Delivery,L5,Senior (L5-L6),Hyderabad,Woman,6,0,0,0,0,1,70
2024-08-01,FY 2024-25,Delivery,L6,Senior (L5-L6),Bengaluru,Man,10,0,0,0,0,1,108
2024-08-01,FY 2024-25,Delivery,L6,Senior (L5-L6),Bengaluru,Woman,4,0,0,0,0,0,41
2024-08-01,FY 2024-25,Delivery,L6,Senior (L5-L6),Hyderabad,Man,19,0,0,0,0,2,218
2024-08-01,FY 2024-25,Delivery,L6,Senior (L5-L6),Hyderabad,Woman,0,0,0,0,0,1,4
2024-08-01,FY 2024-25,Quality Engineering,L1,Junior (L1-L2),Bengaluru,Man,27,13,0,0,0,4,202
2024-08-01,FY 2024-25,Quality Engineering,L1,Junior (L1-L2),Bengaluru,Woman,23,3,0,0,0,4,261
2024-08-01,FY 2024-25,Quality Engineering,L1,Junior (L1-L2),Hyderabad,Man,47,10,0,0,0,2,470
2024-08-01,FY 2024-25,Quality Engineering,L1,Junior (L1-L2),Hyderabad,Non-binary,1,1,0,0,0,0,1
2024-08-01,FY 2024-25,Quality Engineering,L1,Junior (L1-L2),Hyderabad,Woman,32,10,1,0,0,5,308
2024-08-01,FY 2024-25,Quality Engineering,L2,Junior (L1-L2),Bengaluru,Man,31,0,0,0,0,0,350
2024-08-01,FY 2024-25,Quality Engineering,L2,Junior (L1-L2),Bengaluru,Non-binary,0,0,0,0,0,0,0
2024-08-01,FY 2024-25,Quality Engineering,L2,Junior (L1-L2),Bengaluru,Woman,15,0,0,0,0,2,199
2024-08-01,FY 2024-25,Quality Engineering,L2,Junior (L1-L2),Hyderabad,Man,37,0,1,0,1,8,455
2024-08-01,FY 2024-25,Quality Engineering,L2,Junior (L1-L2),Hyderabad,Woman,23,1,0,0,0,4,266
2024-08-01,FY 2024-25,Quality Engineering,L3,Mid (L3-L4),Bengaluru,Man,22,0,1,0,1,3,243
2024-08-01,FY 2024-25,Quality Engineering,L3,Mid (L3-L4),Bengaluru,Woman,9,0,0,0,0,2,111
2024-08-01,FY 2024-25,Quality Engineering,L3,Mid (L3-L4),Hyderabad,Man,22,1,0,0,0,8,250
2024-08-01,FY 2024-25,Quality Engineering,L3,Mid (L3-L4),Hyderabad,Woman,21,1,0,0,0,2,222
2024-08-01,FY 2024-25,Quality Engineering,L4,Mid (L3-L4),Bengaluru,Man,6,0,0,0,0,2,86
2024-08-01,FY 2024-25,Quality Engineering,L4,Mid (L3-L4),Bengaluru,Non-binary,1,0,0,0,0,0,12
2024-08-01,FY 2024-25,Quality Engineering,L4,Mid (L3-L4),Bengaluru,Woman,3,0,0,0,0,0,29
2024-08-01,FY 2024-25,Quality Engineering,L4,Mid (L3-L4),Hyderabad,Man,20,0,0,0,0,3,222
2024-08-01,FY 2024-25,Quality Engineering,L4,Mid (L3-L4),Hyderabad,Woman,5,0,0,0,0,2,47
2024-08-01,FY 2024-25,Quality Engineering,L5,Senior (L5-L6),Bengaluru,Man,4,0,0,0,0,0,48
2024-08-01,FY 2024-25,Quality Engineering,L5,Senior (L5-L6),Bengaluru,Woman,2,0,0,0,0,0,24
2024-08-01,FY 2024-25,Quality Engineering,L5,Senior (L5-L6),Hyderabad,Man,13,0,0,0,0,2,141
2024-08-01,FY 2024-25,Quality Engineering,L5,Senior (L5-L6),Hyderabad,Woman,2,0,1,0,0,1,35
2024-08-01,FY 2024-25,Quality Engineering,L6,Senior (L5-L6),Bengaluru,Man,6,0,0,0,0,0,65
2024-08-01,FY 2024-25,Quality Engineering,L6,Senior (L5-L6),Bengaluru,Woman,1,0,0,0,0,0,12
2024-08-01,FY 2024-25,Quality Engineering,L6,Senior (L5-L6),Hyderabad,Man,4,0,0,0,0,0,41
2024-08-01,FY 2024-25,Quality Engineering,L6,Senior (L5-L6),Hyderabad,Woman,1,0,0,0,0,0,12
2024-08-01,FY 2024-25,Sales and Presales,L1,Junior (L1-L2),Bengaluru,Man,17,3,1,0,0,2,178
2024-08-01,FY 2024-25,Sales and Presales,L1,Junior (L1-L2),Bengaluru,Non-binary,1,0,0,0,0,0,12
2024-08-01,FY 2024-25,Sales and Presales,L1,Junior (L1-L2),Bengaluru,Woman,9,3,0,0,0,1,84
2024-08-01,FY 2024-25,Sales and Presales,L1,Junior (L1-L2),Hyderabad,Man,15,4,0,0,0,4,179
2024-08-01,FY 2024-25,Sales and Presales,L1,Junior (L1-L2),Hyderabad,Woman,21,5,0,0,0,1,190
2024-08-01,FY 2024-25,Sales and Presales,L2,Junior (L1-L2),Bengaluru,Man,8,0,0,0,0,0,92
2024-08-01,FY 2024-25,Sales and Presales,L2,Junior (L1-L2),Bengaluru,Non-binary,0,0,0,0,0,0,0
2024-08-01,FY 2024-25,Sales and Presales,L2,Junior (L1-L2),Bengaluru,Woman,1,0,0,0,0,1,28
2024-08-01,FY 2024-25,Sales and Presales,L2,Junior (L1-L2),Hyderabad,Man,12,0,0,0,0,1,136
2024-08-01,FY 2024-25,Sales and Presales,L2,Junior (L1-L2),Hyderabad,Woman,8,0,0,0,0,2,106
2024-08-01,FY 2024-25,Sales and Presales,L3,Mid (L3-L4),Bengaluru,Man,8,0,0,0,0,0,84
2024-08-01,FY 2024-25,Sales and Presales,L3,Mid (L3-L4),Bengaluru,Woman,7,0,0,0,0,1,71
2024-08-01,FY 2024-25,Sales and Presales,L3,Mid (L3-L4),Hyderabad,Man,13,1,0,0,0,2,134
2024-08-01,FY 2024-25,Sales and Presales,L3,Mid (L3-L4),Hyderabad,Woman,5,0,0,0,0,2,61
2024-08-01,FY 2024-25,Sales and Presales,L4,Mid (L3-L4),Bengaluru,Man,3,0,0,0,0,2,54
2024-08-01,FY 2024-25,Sales and Presales,L4,Mid (L3-L4),Bengaluru,Woman,1,0,0,0,0,0,12
2024-08-01,FY 2024-25,Sales and Presales,L4,Mid (L3-L4),Hyderabad,Man,9,0,0,0,0,1,104
2024-08-01,FY 2024-25,Sales and Presales,L4,Mid (L3-L4),Hyderabad,Woman,0,0,0,0,0,0,0
2024-08-01,FY 2024-25,Sales and Presales,L5,Senior (L5-L6),Bengaluru,Man,1,0,0,0,0,0,12
2024-08-01,FY 2024-25,Sales and Presales,L5,Senior (L5-L6),Hyderabad,Man,4,0,0,0,0,0,45
2024-08-01,FY 2024-25,Sales and Presales,L5,Senior (L5-L6),Hyderabad,Woman,1,0,0,0,0,0,12
2024-08-01,FY 2024-25,Sales and Presales,L6,Senior (L5-L6),Bengaluru,Man,1,0,0,0,0,0,12
2024-08-01,FY 2024-25,Sales and Presales,L6,Senior (L5-L6),Hyderabad,Man,2,0,0,0,0,0,24
2024-09-01,FY 2024-25,Cloud and Infrastructure,L1,Junior (L1-L2),Bengaluru,Man,27,1,0,0,0,3,273
2024-09-01,FY 2024-25,Cloud and Infrastructure,L1,Junior (L1-L2),Bengaluru,Woman,15,0,0,1,0,4,187
2024-09-01,FY 2024-25,Cloud and Infrastructure,L1,Junior (L1-L2),Hyderabad,Man,37,0,1,0,0,1,381
2024-09-01,FY 2024-25,Cloud and Infrastructure,L1,Junior (L1-L2),Hyderabad,Woman,25,1,0,0,0,6,246
2024-09-01,FY 2024-25,Cloud and Infrastructure,L2,Junior (L1-L2),Bengaluru,Man,22,0,0,0,0,7,262
2024-09-01,FY 2024-25,Cloud and Infrastructure,L2,Junior (L1-L2),Bengaluru,Woman,14,2,2,0,1,5,150
2024-09-01,FY 2024-25,Cloud and Infrastructure,L2,Junior (L1-L2),Hyderabad,Man,33,1,1,0,0,6,382
2024-09-01,FY 2024-25,Cloud and Infrastructure,L2,Junior (L1-L2),Hyderabad,Woman,22,1,1,0,0,4,256
2024-09-01,FY 2024-25,Cloud and Infrastructure,L3,Mid (L3-L4),Bengaluru,Man,14,1,1,0,0,3,202
2024-09-01,FY 2024-25,Cloud and Infrastructure,L3,Mid (L3-L4),Bengaluru,Woman,3,0,0,0,0,0,31
2024-09-01,FY 2024-25,Cloud and Infrastructure,L3,Mid (L3-L4),Hyderabad,Man,17,0,0,0,0,1,207
2024-09-01,FY 2024-25,Cloud and Infrastructure,L3,Mid (L3-L4),Hyderabad,Non-binary,0,0,0,0,0,0,0
2024-09-01,FY 2024-25,Cloud and Infrastructure,L3,Mid (L3-L4),Hyderabad,Woman,11,0,0,0,0,1,108
2024-09-01,FY 2024-25,Cloud and Infrastructure,L4,Mid (L3-L4),Bengaluru,Man,13,1,0,0,0,0,123
2024-09-01,FY 2024-25,Cloud and Infrastructure,L4,Mid (L3-L4),Bengaluru,Woman,1,0,0,0,0,1,14
2024-09-01,FY 2024-25,Cloud and Infrastructure,L4,Mid (L3-L4),Hyderabad,Man,7,1,0,0,0,1,75
2024-09-01,FY 2024-25,Cloud and Infrastructure,L4,Mid (L3-L4),Hyderabad,Woman,7,0,0,0,0,1,93
2024-09-01,FY 2024-25,Cloud and Infrastructure,L5,Senior (L5-L6),Bengaluru,Man,4,0,0,0,0,0,37
2024-09-01,FY 2024-25,Cloud and Infrastructure,L5,Senior (L5-L6),Bengaluru,Woman,1,0,0,0,0,1,8
2024-09-01,FY 2024-25,Cloud and Infrastructure,L5,Senior (L5-L6),Hyderabad,Man,4,0,0,0,0,2,79
2024-09-01,FY 2024-25,Cloud and Infrastructure,L5,Senior (L5-L6),Hyderabad,Woman,2,0,0,0,0,0,24
2024-09-01,FY 2024-25,Cloud and Infrastructure,L6,Senior (L5-L6),Bengaluru,Man,1,0,0,0,0,0,12
2024-09-01,FY 2024-25,Cloud and Infrastructure,L6,Senior (L5-L6),Bengaluru,Woman,1,0,0,0,0,0,12
2024-09-01,FY 2024-25,Cloud and Infrastructure,L6,Senior (L5-L6),Hyderabad,Man,4,0,0,0,0,0,36
2024-09-01,FY 2024-25,Consulting,L1,Junior (L1-L2),Bengaluru,Man,6,0,1,0,0,1,65
2024-09-01,FY 2024-25,Consulting,L1,Junior (L1-L2),Bengaluru,Woman,5,0,0,0,0,2,62
2024-09-01,FY 2024-25,Consulting,L1,Junior (L1-L2),Hyderabad,Man,19,0,0,0,0,1,175
2024-09-01,FY 2024-25,Consulting,L1,Junior (L1-L2),Hyderabad,Woman,11,0,1,0,0,2,107
2024-09-01,FY 2024-25,Consulting,L2,Junior (L1-L2),Bengaluru,Man,7,0,0,0,0,1,92
2024-09-01,FY 2024-25,Consulting,L2,Junior (L1-L2),Bengaluru,Woman,2,0,0,0,0,1,20
2024-09-01,FY 2024-25,Consulting,L2,Junior (L1-L2),Hyderabad,Man,7,0,0,0,0,0,83
2024-09-01,FY 2024-25,Consulting,L2,Junior (L1-L2),Hyderabad,Woman,6,0,0,0,0,1,75
2024-09-01,FY 2024-25,Consulting,L3,Mid (L3-L4),Bengaluru,Man,7,0,0,0,0,2,80
2024-09-01,FY 2024-25,Consulting,L3,Mid (L3-L4),Bengaluru,Woman,1,0,0,0,0,0,18
2024-09-01,FY 2024-25,Consulting,L3,Mid (L3-L4),Hyderabad,Man,3,0,0,0,0,0,36
2024-09-01,FY 2024-25,Consulting,L3,Mid (L3-L4),Hyderabad,Woman,7,0,0,0,0,1,78
2024-09-01,FY 2024-25,Consulting,L4,Mid (L3-L4),Bengaluru,Man,6,0,0,0,0,0,72
2024-09-01,FY 2024-25,Consulting,L4,Mid (L3-L4),Bengaluru,Woman,2,0,0,0,0,0,24
2024-09-01,FY 2024-25,Consulting,L4,Mid (L3-L4),Hyderabad,Man,1,0,0,0,0,0,12
2024-09-01,FY 2024-25,Consulting,L4,Mid (L3-L4),Hyderabad,Woman,2,0,0,0,0,1,25
2024-09-01,FY 2024-25,Consulting,L5,Senior (L5-L6),Bengaluru,Man,2,0,0,0,0,0,27
2024-09-01,FY 2024-25,Consulting,L5,Senior (L5-L6),Bengaluru,Woman,1,0,0,0,0,0,6
2024-09-01,FY 2024-25,Consulting,L5,Senior (L5-L6),Hyderabad,Man,3,0,0,0,0,0,36
2024-09-01,FY 2024-25,Consulting,L5,Senior (L5-L6),Hyderabad,Woman,1,0,0,0,0,0,6
2024-09-01,FY 2024-25,Consulting,L6,Senior (L5-L6),Bengaluru,Man,2,0,0,0,0,0,18
2024-09-01,FY 2024-25,Consulting,L6,Senior (L5-L6),Hyderabad,Man,3,0,0,0,0,0,36
2024-09-01,FY 2024-25,Consulting,L6,Senior (L5-L6),Hyderabad,Woman,2,0,0,0,0,0,24
2024-09-01,FY 2024-25,Corporate Functions,L1,Junior (L1-L2),Bengaluru,Man,6,0,0,0,0,1,80
2024-09-01,FY 2024-25,Corporate Functions,L1,Junior (L1-L2),Bengaluru,Woman,6,1,0,0,0,1,58
2024-09-01,FY 2024-25,Corporate Functions,L1,Junior (L1-L2),Hyderabad,Man,13,0,0,0,0,4,168
2024-09-01,FY 2024-25,Corporate Functions,L1,Junior (L1-L2),Hyderabad,Woman,9,0,0,0,0,3,114
2024-09-01,FY 2024-25,Corporate Functions,L2,Junior (L1-L2),Bengaluru,Man,6,0,1,0,1,5,97
2024-09-01,FY 2024-25,Corporate Functions,L2,Junior (L1-L2),Bengaluru,Woman,4,0,0,0,0,1,42
2024-09-01,FY 2024-25,Corporate Functions,L2,Junior (L1-L2),Hyderabad,Man,18,0,0,0,0,1,210
2024-09-01,FY 2024-25,Corporate Functions,L2,Junior (L1-L2),Hyderabad,Woman,10,0,0,0,0,1,116
2024-09-01,FY 2024-25,Corporate Functions,L3,Mid (L3-L4),Bengaluru,Man,11,0,0,0,0,3,134
2024-09-01,FY 2024-25,Corporate Functions,L3,Mid (L3-L4),Bengaluru,Woman,4,0,0,0,0,1,57
2024-09-01,FY 2024-25,Corporate Functions,L3,Mid (L3-L4),Hyderabad,Man,13,0,0,0,0,0,148
2024-09-01,FY 2024-25,Corporate Functions,L3,Mid (L3-L4),Hyderabad,Woman,2,0,0,0,0,1,36
2024-09-01,FY 2024-25,Corporate Functions,L4,Mid (L3-L4),Bengaluru,Man,7,0,0,0,0,3,73
2024-09-01,FY 2024-25,Corporate Functions,L4,Mid (L3-L4),Bengaluru,Woman,3,0,0,0,0,0,23
2024-09-01,FY 2024-25,Corporate Functions,L4,Mid (L3-L4),Hyderabad,Man,10,0,0,0,0,4,122
2024-09-01,FY 2024-25,Corporate Functions,L4,Mid (L3-L4),Hyderabad,Woman,4,0,0,0,0,0,42
2024-09-01,FY 2024-25,Corporate Functions,L5,Senior (L5-L6),Bengaluru,Man,2,0,0,0,0,0,24
2024-09-01,FY 2024-25,Corporate Functions,L5,Senior (L5-L6),Bengaluru,Woman,0,0,0,0,0,0,0
2024-09-01,FY 2024-25,Corporate Functions,L5,Senior (L5-L6),Hyderabad,Man,5,0,0,0,0,0,44
2024-09-01,FY 2024-25,Corporate Functions,L6,Senior (L5-L6),Bengaluru,Man,3,0,0,0,0,0,33
2024-09-01,FY 2024-25,Corporate Functions,L6,Senior (L5-L6),Hyderabad,Man,2,0,0,0,0,0,24
2024-09-01,FY 2024-25,Data and Analytics,L1,Junior (L1-L2),Bengaluru,Man,22,1,0,0,0,5,215
2024-09-01,FY 2024-25,Data and Analytics,L1,Junior (L1-L2),Bengaluru,Woman,17,0,0,0,0,2,176
2024-09-01,FY 2024-25,Data and Analytics,L1,Junior (L1-L2),Hyderabad,Man,24,1,0,0,0,5,247
2024-09-01,FY 2024-25,Data and Analytics,L1,Junior (L1-L2),Hyderabad,Woman,16,0,0,0,0,3,145
2024-09-01,FY 2024-25,Data and Analytics,L2,Junior (L1-L2),Bengaluru,Man,16,0,0,0,0,5,199
2024-09-01,FY 2024-25,Data and Analytics,L2,Junior (L1-L2),Bengaluru,Woman,8,0,0,0,0,1,99
2024-09-01,FY 2024-25,Data and Analytics,L2,Junior (L1-L2),Hyderabad,Man,23,0,0,0,0,3,292
2024-09-01,FY 2024-25,Data and Analytics,L2,Junior (L1-L2),Hyderabad,Woman,19,0,0,0,0,2,250
2024-09-01,FY 2024-25,Data and Analytics,L3,Mid (L3-L4),Bengaluru,Man,12,0,0,0,0,3,156
2024-09-01,FY 2024-25,Data and Analytics,L3,Mid (L3-L4),Bengaluru,Woman,4,0,0,0,0,1,58
2024-09-01,FY 2024-25,Data and Analytics,L3,Mid (L3-L4),Hyderabad,Man,18,0,0,0,0,3,225
2024-09-01,FY 2024-25,Data and Analytics,L3,Mid (L3-L4),Hyderabad,Woman,8,0,0,0,0,0,78
2024-09-01,FY 2024-25,Data and Analytics,L4,Mid (L3-L4),Bengaluru,Man,6,0,0,0,0,1,72
2024-09-01,FY 2024-25,Data and Analytics,L4,Mid (L3-L4),Bengaluru,Woman,1,0,0,0,0,0,12
2024-09-01,FY 2024-25,Data and Analytics,L4,Mid (L3-L4),Hyderabad,Man,21,0,0,0,0,0,226
2024-09-01,FY 2024-25,Data and Analytics,L4,Mid (L3-L4),Hyderabad,Woman,2,0,0,0,0,1,32
2024-09-01,FY 2024-25,Data and Analytics,L5,Senior (L5-L6),Bengaluru,Man,3,0,0,0,0,0,36
2024-09-01,FY 2024-25,Data and Analytics,L5,Senior (L5-L6),Bengaluru,Woman,2,0,0,0,0,0,24
2024-09-01,FY 2024-25,Data and Analytics,L5,Senior (L5-L6),Hyderabad,Man,2,0,0,0,0,0,30
2024-09-01,FY 2024-25,Data and Analytics,L5,Senior (L5-L6),Hyderabad,Woman,4,0,0,0,0,0,42
2024-09-01,FY 2024-25,Data and Analytics,L6,Senior (L5-L6),Bengaluru,Man,3,0,0,0,0,0,30
2024-09-01,FY 2024-25,Data and Analytics,L6,Senior (L5-L6),Hyderabad,Man,4,0,0,0,0,0,42
2024-09-01,FY 2024-25,Data and Analytics,L6,Senior (L5-L6),Hyderabad,Woman,1,0,0,0,0,0,12
2024-09-01,FY 2024-25,Delivery,L1,Junior (L1-L2),Bengaluru,Man,97,1,1,0,1,10,922
2024-09-01,FY 2024-25,Delivery,L1,Junior (L1-L2),Bengaluru,Woman,61,0,2,0,0,17,644
2024-09-01,FY 2024-25,Delivery,L1,Junior (L1-L2),Hyderabad,Man,142,3,0,0,0,22,1397
2024-09-01,FY 2024-25,Delivery,L1,Junior (L1-L2),Hyderabad,Non-binary,1,0,0,0,0,0,2
2024-09-01,FY 2024-25,Delivery,L1,Junior (L1-L2),Hyderabad,Woman,108,3,4,0,1,21,1149
2024-09-01,FY 2024-25,Delivery,L2,Junior (L1-L2),Bengaluru,Man,69,1,0,0,0,14,826
2024-09-01,FY 2024-25,Delivery,L2,Junior (L1-L2),Bengaluru,Non-binary,0,0,0,0,0,1,2
2024-09-01,FY 2024-25,Delivery,L2,Junior (L1-L2),Bengaluru,Woman,31,1,0,0,0,8,344
2024-09-01,FY 2024-25,Delivery,L2,Junior (L1-L2),Hyderabad,Man,109,1,3,0,0,28,1360
2024-09-01,FY 2024-25,Delivery,L2,Junior (L1-L2),Hyderabad,Non-binary,1,0,0,0,0,0,12
2024-09-01,FY 2024-25,Delivery,L2,Junior (L1-L2),Hyderabad,Woman,65,2,3,0,0,13,750
2024-09-01,FY 2024-25,Delivery,L3,Mid (L3-L4),Bengaluru,Man,59,0,0,0,0,7,667
2024-09-01,FY 2024-25,Delivery,L3,Mid (L3-L4),Bengaluru,Woman,30,0,2,0,1,9,368
2024-09-01,FY 2024-25,Delivery,L3,Mid (L3-L4),Hyderabad,Man,81,0,3,0,1,14,1017
2024-09-01,FY 2024-25,Delivery,L3,Mid (L3-L4),Hyderabad,Non-binary,1,0,0,0,0,0,12
2024-09-01,FY 2024-25,Delivery,L3,Mid (L3-L4),Hyderabad,Woman,41,1,0,1,0,7,477
2024-09-01,FY 2024-25,Delivery,L4,Mid (L3-L4),Bengaluru,Man,28,0,0,0,0,3,319
2024-09-01,FY 2024-25,Delivery,L4,Mid (L3-L4),Bengaluru,Woman,8,0,0,0,0,3,112
2024-09-01,FY 2024-25,Delivery,L4,Mid (L3-L4),Hyderabad,Man,55,0,1,0,0,6,631
2024-09-01,FY 2024-25,Delivery,L4,Mid (L3-L4),Hyderabad,Woman,14,0,0,0,0,3,170
2024-09-01,FY 2024-25,Delivery,L5,Senior (L5-L6),Bengaluru,Man,23,0,0,0,0,1,264
2024-09-01,FY 2024-25,Delivery,L5,Senior (L5-L6),Bengaluru,Woman,6,0,0,0,0,0,72
2024-09-01,FY 2024-25,Delivery,L5,Senior (L5-L6),Hyderabad,Man,24,0,0,0,0,1,258
2024-09-01,FY 2024-25,Delivery,L5,Senior (L5-L6),Hyderabad,Woman,6,0,0,0,0,1,70
2024-09-01,FY 2024-25,Delivery,L6,Senior (L5-L6),Bengaluru,Man,10,0,0,0,0,0,110
2024-09-01,FY 2024-25,Delivery,L6,Senior (L5-L6),Bengaluru,Woman,4,0,0,0,0,0,42
2024-09-01,FY 2024-25,Delivery,L6,Senior (L5-L6),Hyderabad,Man,19,0,0,0,0,2,220
2024-09-01,FY 2024-25,Delivery,L6,Senior (L5-L6),Hyderabad,Woman,0,0,0,0,0,1,3
2024-09-01,FY 2024-25,Quality Engineering,L1,Junior (L1-L2),Bengaluru,Man,28,1,0,0,0,4,212
2024-09-01,FY 2024-25,Quality Engineering,L1,Junior (L1-L2),Bengaluru,Woman,23,0,0,0,0,3,263
2024-09-01,FY 2024-25,Quality Engineering,L1,Junior (L1-L2),Hyderabad,Man,46,0,1,0,0,3,479
2024-09-01,FY 2024-25,Quality Engineering,L1,Junior (L1-L2),Hyderabad,Non-binary,1,0,0,0,0,0,2
2024-09-01,FY 2024-25,Quality Engineering,L1,Junior (L1-L2),Hyderabad,Woman,31,0,1,0,0,5,313
2024-09-01,FY 2024-25,Quality Engineering,L2,Junior (L1-L2),Bengaluru,Man,31,0,0,0,0,0,354
2024-09-01,FY 2024-25,Quality Engineering,L2,Junior (L1-L2),Bengaluru,Non-binary,0,0,0,0,0,0,0
2024-09-01,FY 2024-25,Quality Engineering,L2,Junior (L1-L2),Bengaluru,Woman,15,0,0,0,0,2,197
2024-09-01,FY 2024-25,Quality Engineering,L2,Junior (L1-L2),Hyderabad,Man,37,0,0,0,0,6,454
2024-09-01,FY 2024-25,Quality Engineering,L2,Junior (L1-L2),Hyderabad,Woman,23,0,0,0,0,2,268
2024-09-01,FY 2024-25,Quality Engineering,L3,Mid (L3-L4),Bengaluru,Man,22,0,0,0,0,2,247
2024-09-01,FY 2024-25,Quality Engineering,L3,Mid (L3-L4),Bengaluru,Woman,9,0,0,0,0,2,111
2024-09-01,FY 2024-25,Quality Engineering,L3,Mid (L3-L4),Hyderabad,Man,21,0,1,0,0,9,248
2024-09-01,FY 2024-25,Quality Engineering,L3,Mid (L3-L4),Hyderabad,Woman,21,0,0,0,0,1,227
2024-09-01,FY 2024-25,Quality Engineering,L4,Mid (L3-L4),Bengaluru,Man,6,0,0,0,0,2,84
2024-09-01,FY 2024-25,Quality Engineering,L4,Mid (L3-L4),Bengaluru,Non-binary,1,0,0,0,0,0,12
2024-09-01,FY 2024-25,Quality Engineering,L4,Mid (L3-L4),Bengaluru,Woman,3,0,0,0,0,0,30
2024-09-01,FY 2024-25,Quality Engineering,L4,Mid (L3-L4),Hyderabad,Man,20,0,0,0,0,3,224
2024-09-01,FY 2024-25,Quality Engineering,L4,Mid (L3-L4),Hyderabad,Woman,5,0,0,0,0,2,48
2024-09-01,FY 2024-25,Quality Engineering,L5,Senior (L5-L6),Bengaluru,Man,4,0,0,0,0,0,48
2024-09-01,FY 2024-25,Quality Engineering,L5,Senior (L5-L6),Bengaluru,Woman,2,0,0,0,0,0,24
2024-09-01,FY 2024-25,Quality Engineering,L5,Senior (L5-L6),Hyderabad,Man,12,0,0,1,0,2,142
2024-09-01,FY 2024-25,Quality Engineering,L5,Senior (L5-L6),Hyderabad,Woman,2,0,0,0,0,1,34
2024-09-01,FY 2024-25,Quality Engineering,L6,Senior (L5-L6),Bengaluru,Man,6,0,0,0,0,0,66
2024-09-01,FY 2024-25,Quality Engineering,L6,Senior (L5-L6),Bengaluru,Woman,1,0,0,0,0,0,12
2024-09-01,FY 2024-25,Quality Engineering,L6,Senior (L5-L6),Hyderabad,Man,4,0,0,0,0,0,42
2024-09-01,FY 2024-25,Quality Engineering,L6,Senior (L5-L6),Hyderabad,Woman,1,0,0,0,0,0,12
2024-09-01,FY 2024-25,Sales and Presales,L1,Junior (L1-L2),Bengaluru,Man,17,0,0,0,0,1,181
2024-09-01,FY 2024-25,Sales and Presales,L1,Junior (L1-L2),Bengaluru,Non-binary,1,0,0,0,0,0,12
2024-09-01,FY 2024-25,Sales and Presales,L1,Junior (L1-L2),Bengaluru,Woman,9,1,0,1,0,2,86
2024-09-01,FY 2024-25,Sales and Presales,L1,Junior (L1-L2),Hyderabad,Man,15,0,0,0,0,4,177
2024-09-01,FY 2024-25,Sales and Presales,L1,Junior (L1-L2),Hyderabad,Woman,21,0,0,0,0,1,197
2024-09-01,FY 2024-25,Sales and Presales,L2,Junior (L1-L2),Bengaluru,Man,8,0,0,0,0,0,93
2024-09-01,FY 2024-25,Sales and Presales,L2,Junior (L1-L2),Bengaluru,Non-binary,0,0,0,0,0,0,0
2024-09-01,FY 2024-25,Sales and Presales,L2,Junior (L1-L2),Bengaluru,Woman,1,0,0,0,0,1,25
2024-09-01,FY 2024-25,Sales and Presales,L2,Junior (L1-L2),Hyderabad,Man,12,0,0,0,0,0,138
2024-09-01,FY 2024-25,Sales and Presales,L2,Junior (L1-L2),Hyderabad,Woman,8,0,0,0,0,2,106
2024-09-01,FY 2024-25,Sales and Presales,L3,Mid (L3-L4),Bengaluru,Man,8,0,0,0,0,0,86
2024-09-01,FY 2024-25,Sales and Presales,L3,Mid (L3-L4),Bengaluru,Woman,7,0,0,0,0,1,73
2024-09-01,FY 2024-25,Sales and Presales,L3,Mid (L3-L4),Hyderabad,Man,13,1,0,1,0,2,137
2024-09-01,FY 2024-25,Sales and Presales,L3,Mid (L3-L4),Hyderabad,Woman,5,0,0,0,0,2,61
2024-09-01,FY 2024-25,Sales and Presales,L4,Mid (L3-L4),Bengaluru,Man,3,0,0,0,0,2,52
2024-09-01,FY 2024-25,Sales and Presales,L4,Mid (L3-L4),Bengaluru,Woman,1,0,0,0,0,0,12
2024-09-01,FY 2024-25,Sales and Presales,L4,Mid (L3-L4),Hyderabad,Man,9,0,0,0,0,1,104
2024-09-01,FY 2024-25,Sales and Presales,L4,Mid (L3-L4),Hyderabad,Woman,0,0,0,0,0,0,0
2024-09-01,FY 2024-25,Sales and Presales,L5,Senior (L5-L6),Bengaluru,Man,1,0,0,0,0,0,12
2024-09-01,FY 2024-25,Sales and Presales,L5,Senior (L5-L6),Hyderabad,Man,4,0,0,0,0,0,46
2024-09-01,FY 2024-25,Sales and Presales,L5,Senior (L5-L6),Hyderabad,Woman,1,0,0,0,0,0,12
2024-09-01,FY 2024-25,Sales and Presales,L6,Senior (L5-L6),Bengaluru,Man,1,0,0,0,0,0,12
2024-09-01,FY 2024-25,Sales and Presales,L6,Senior (L5-L6),Hyderabad,Man,2,0,0,0,0,0,24
2024-10-01,FY 2024-25,Cloud and Infrastructure,L1,Junior (L1-L2),Bengaluru,Man,26,0,1,0,0,3,277
2024-10-01,FY 2024-25,Cloud and Infrastructure,L1,Junior (L1-L2),Bengaluru,Woman,15,0,0,0,0,4,186
2024-10-01,FY 2024-25,Cloud and Infrastructure,L1,Junior (L1-L2),Hyderabad,Man,37,0,0,0,0,1,389
2024-10-01,FY 2024-25,Cloud and Infrastructure,L1,Junior (L1-L2),Hyderabad,Woman,25,0,0,0,0,5,250
2024-10-01,FY 2024-25,Cloud and Infrastructure,L2,Junior (L1-L2),Bengaluru,Man,22,0,0,0,0,7,262
2024-10-01,FY 2024-25,Cloud and Infrastructure,L2,Junior (L1-L2),Bengaluru,Woman,14,0,0,0,0,4,152
2024-10-01,FY 2024-25,Cloud and Infrastructure,L2,Junior (L1-L2),Hyderabad,Man,33,1,1,0,1,7,384
2024-10-01,FY 2024-25,Cloud and Infrastructure,L2,Junior (L1-L2),Hyderabad,Woman,22,0,0,0,0,4,257
2024-10-01,FY 2024-25,Cloud and Infrastructure,L3,Mid (L3-L4),Bengaluru,Man,14,0,0,0,0,3,196
2024-10-01,FY 2024-25,Cloud and Infrastructure,L3,Mid (L3-L4),Bengaluru,Woman,3,0,0,0,0,0,32
2024-10-01,FY 2024-25,Cloud and Infrastructure,L3,Mid (L3-L4),Hyderabad,Man,16,0,1,0,0,2,206
2024-10-01,FY 2024-25,Cloud and Infrastructure,L3,Mid (L3-L4),Hyderabad,Non-binary,0,0,0,0,0,0,0
2024-10-01,FY 2024-25,Cloud and Infrastructure,L3,Mid (L3-L4),Hyderabad,Woman,11,0,0,0,0,1,111
2024-10-01,FY 2024-25,Cloud and Infrastructure,L4,Mid (L3-L4),Bengaluru,Man,13,0,0,0,0,0,128
2024-10-01,FY 2024-25,Cloud and Infrastructure,L4,Mid (L3-L4),Bengaluru,Woman,1,0,0,0,0,1,13
2024-10-01,FY 2024-25,Cloud and Infrastructure,L4,Mid (L3-L4),Hyderabad,Man,8,1,0,0,0,1,77
2024-10-01,FY 2024-25,Cloud and Infrastructure,L4,Mid (L3-L4),Hyderabad,Woman,7,0,0,0,0,1,92
2024-10-01,FY 2024-25,Cloud and Infrastructure,L5,Senior (L5-L6),Bengaluru,Man,4,0,0,0,0,0,39
2024-10-01,FY 2024-25,Cloud and Infrastructure,L5,Senior (L5-L6),Bengaluru,Woman,1,0,0,0,0,1,8
2024-10-01,FY 2024-25,Cloud and Infrastructure,L5,Senior (L5-L6),Hyderabad,Man,4,0,0,0,0,2,75
2024-10-01,FY 2024-25,Cloud and Infrastructure,L5,Senior (L5-L6),Hyderabad,Woman,2,0,0,0,0,0,24
2024-10-01,FY 2024-25,Cloud and Infrastructure,L6,Senior (L5-L6),Bengaluru,Man,1,0,0,0,0,0,12
2024-10-01,FY 2024-25,Cloud and Infrastructure,L6,Senior (L5-L6),Bengaluru,Woman,1,0,0,0,0,0,12
2024-10-01,FY 2024-25,Cloud and Infrastructure,L6,Senior (L5-L6),Hyderabad,Man,4,0,0,0,0,0,38
2024-10-01,FY 2024-25,Consulting,L1,Junior (L1-L2),Bengaluru,Man,6,0,0,0,0,1,66
2024-10-01,FY 2024-25,Consulting,L1,Junior (L1-L2),Bengaluru,Woman,5,0,0,0,0,2,61
2024-10-01,FY 2024-25,Consulting,L1,Junior (L1-L2),Hyderabad,Man,19,0,0,0,0,1,180
2024-10-01,FY 2024-25,Consulting,L1,Junior (L1-L2),Hyderabad,Woman,11,0,0,0,0,2,109
2024-10-01,FY 2024-25,Consulting,L2,Junior (L1-L2),Bengaluru,Man,7,0,0,0,0,1,91
2024-10-01,FY 2024-25,Consulting,L2,Junior (L1-L2),Bengaluru,Woman,2,0,0,0,0,1,20
2024-10-01,FY 2024-25,Consulting,L2,Junior (L1-L2),Hyderabad,Man,7,0,0,0,0,0,84
2024-10-01,FY 2024-25,Consulting,L2,Junior (L1-L2),Hyderabad,Woman,6,0,0,0,0,1,75
2024-10-01,FY 2024-25,Consulting,L3,Mid (L3-L4),Bengaluru,Man,6,0,1,0,1,3,81
2024-10-01,FY 2024-25,Consulting,L3,Mid (L3-L4),Bengaluru,Woman,1,0,0,0,0,0,17
2024-10-01,FY 2024-25,Consulting,L3,Mid (L3-L4),Hyderabad,Man,3,0,0,0,0,0,36
2024-10-01,FY 2024-25,Consulting,L3,Mid (L3-L4),Hyderabad,Woman,7,0,0,0,0,1,78
2024-10-01,FY 2024-25,Consulting,L4,Mid (L3-L4),Bengaluru,Man,6,0,0,0,0,0,72
2024-10-01,FY 2024-25,Consulting,L4,Mid (L3-L4),Bengaluru,Woman,2,0,0,0,0,0,24
2024-10-01,FY 2024-25,Consulting,L4,Mid (L3-L4),Hyderabad,Man,1,0,0,0,0,0,12
2024-10-01,FY 2024-25,Consulting,L4,Mid (L3-L4),Hyderabad,Woman,2,0,0,0,0,1,24
2024-10-01,FY 2024-25,Consulting,L5,Senior (L5-L6),Bengaluru,Man,2,0,0,0,0,0,27
2024-10-01,FY 2024-25,Consulting,L5,Senior (L5-L6),Bengaluru,Woman,1,0,0,0,0,0,7
2024-10-01,FY 2024-25,Consulting,L5,Senior (L5-L6),Hyderabad,Man,3,0,0,0,0,0,36
2024-10-01,FY 2024-25,Consulting,L5,Senior (L5-L6),Hyderabad,Woman,1,0,0,0,0,0,7
2024-10-01,FY 2024-25,Consulting,L6,Senior (L5-L6),Bengaluru,Man,2,0,0,0,0,0,19
2024-10-01,FY 2024-25,Consulting,L6,Senior (L5-L6),Hyderabad,Man,3,0,0,0,0,0,36
2024-10-01,FY 2024-25,Consulting,L6,Senior (L5-L6),Hyderabad,Woman,2,0,0,0,0,0,24
2024-10-01,FY 2024-25,Corporate Functions,L1,Junior (L1-L2),Bengaluru,Man,6,0,0,0,0,1,79
2024-10-01,FY 2024-25,Corporate Functions,L1,Junior (L1-L2),Bengaluru,Woman,6,0,0,0,0,1,59
2024-10-01,FY 2024-25,Corporate Functions,L1,Junior (L1-L2),Hyderabad,Man,13,1,1,0,0,5,165
2024-10-01,FY 2024-25,Corporate Functions,L1,Junior (L1-L2),Hyderabad,Woman,9,0,0,0,0,3,112
2024-10-01,FY 2024-25,Corporate Functions,L2,Junior (L1-L2),Bengaluru,Man,6,0,0,0,0,5,94
2024-10-01,FY 2024-25,Corporate Functions,L2,Junior (L1-L2),Bengaluru,Woman,4,0,0,0,0,1,43
2024-10-01,FY 2024-25,Corporate Functions,L2,Junior (L1-L2),Hyderabad,Man,19,1,0,0,0,1,212
2024-10-01,FY 2024-25,Corporate Functions,L2,Junior (L1-L2),Hyderabad,Woman,9,0,0,1,0,2,116
2024-10-01,FY 2024-25,Corporate Functions,L3,Mid (L3-L4),Bengaluru,Man,11,0,0,0,0,3,132
2024-10-01,FY 2024-25,Corporate Functions,L3,Mid (L3-L4),Bengaluru,Woman,4,0,0,0,0,1,56
2024-10-01,FY 2024-25,Corporate Functions,L3,Mid (L3-L4),Hyderabad,Man,13,0,0,0,0,0,149
2024-10-01,FY 2024-25,Corporate Functions,L3,Mid (L3-L4),Hyderabad,Woman,2,0,0,0,0,1,34
2024-10-01,FY 2024-25,Corporate Functions,L4,Mid (L3-L4),Bengaluru,Man,7,0,0,0,0,2,74
2024-10-01,FY 2024-25,Corporate Functions,L4,Mid (L3-L4),Bengaluru,Woman,3,0,0,0,0,0,25
2024-10-01,FY 2024-25,Corporate Functions,L4,Mid (L3-L4),Hyderabad,Man,11,1,0,0,0,4,123
2024-10-01,FY 2024-25,Corporate Functions,L4,Mid (L3-L4),Hyderabad,Woman,4,0,0,0,0,0,43
2024-10-01,FY 2024-25,Corporate Functions,L5,Senior (L5-L6),Bengaluru,Man,2,0,0,0,0,0,24
2024-10-01,FY 2024-25,Corporate Functions,L5,Senior (L5-L6),Bengaluru,Woman,0,0,0,0,0,0,0
2024-10-01,FY 2024-25,Corporate Functions,L5,Senior (L5-L6),Hyderabad,Man,5,0,0,0,0,0,46
2024-10-01,FY 2024-25,Corporate Functions,L6,Senior (L5-L6),Bengaluru,Man,3,0,0,0,0,0,34
2024-10-01,FY 2024-25,Corporate Functions,L6,Senior (L5-L6),Hyderabad,Man,2,0,0,0,0,0,24
2024-10-01,FY 2024-25,Data and Analytics,L1,Junior (L1-L2),Bengaluru,Man,22,0,0,0,0,5,219
2024-10-01,FY 2024-25,Data and Analytics,L1,Junior (L1-L2),Bengaluru,Woman,17,0,0,0,0,2,178
2024-10-01,FY 2024-25,Data and Analytics,L1,Junior (L1-L2),Hyderabad,Man,25,1,0,0,0,5,250
2024-10-01,FY 2024-25,Data and Analytics,L1,Junior (L1-L2),Hyderabad,Woman,16,0,0,0,0,3,148
2024-10-01,FY 2024-25,Data and Analytics,L2,Junior (L1-L2),Bengaluru,Man,16,0,0,0,0,4,198
2024-10-01,FY 2024-25,Data and Analytics,L2,Junior (L1-L2),Bengaluru,Woman,9,1,0,0,0,1,101
2024-10-01,FY 2024-25,Data and Analytics,L2,Junior (L1-L2),Hyderabad,Man,23,0,0,0,0,3,290
2024-10-01,FY 2024-25,Data and Analytics,L2,Junior (L1-L2),Hyderabad,Woman,19,0,0,0,0,2,246
2024-10-01,FY 2024-25,Data and Analytics,L3,Mid (L3-L4),Bengaluru,Man,12,0,0,0,0,3,155
2024-10-01,FY 2024-25,Data and Analytics,L3,Mid (L3-L4),Bengaluru,Woman,4,0,0,0,0,1,57
2024-10-01,FY 2024-25,Data and Analytics,L3,Mid (L3-L4),Hyderabad,Man,17,0,1,0,1,4,221
2024-10-01,FY 2024-25,Data and Analytics,L3,Mid (L3-L4),Hyderabad,Woman,8,0,0,0,0,0,81
2024-10-01,FY 2024-25,Data and Analytics,L4,Mid (L3-L4),Bengaluru,Man,7,1,0,0,0,1,74
2024-10-01,FY 2024-25,Data and Analytics,L4,Mid (L3-L4),Bengaluru,Woman,1,0,0,0,0,0,12
2024-10-01,FY 2024-25,Data and Analytics,L4,Mid (L3-L4),Hyderabad,Man,21,0,0,0,0,0,230
2024-10-01,FY 2024-25,Data and Analytics,L4,Mid (L3-L4),Hyderabad,Woman,2,0,0,0,0,1,31
2024-10-01,FY 2024-25,Data and Analytics,L5,Senior (L5-L6),Bengaluru,Man,3,0,0,0,0,0,36
2024-10-01,FY 2024-25,Data and Analytics,L5,Senior (L5-L6),Bengaluru,Woman,2,0,0,0,0,0,24
2024-10-01,FY 2024-25,Data and Analytics,L5,Senior (L5-L6),Hyderabad,Man,2,0,0,0,0,0,29
2024-10-01,FY 2024-25,Data and Analytics,L5,Senior (L5-L6),Hyderabad,Woman,4,0,0,0,0,0,43
2024-10-01,FY 2024-25,Data and Analytics,L6,Senior (L5-L6),Bengaluru,Man,3,0,0,0,0,0,31
2024-10-01,FY 2024-25,Data and Analytics,L6,Senior (L5-L6),Hyderabad,Man,4,0,0,0,0,0,43
2024-10-01,FY 2024-25,Data and Analytics,L6,Senior (L5-L6),Hyderabad,Woman,1,0,0,0,0,0,12
2024-10-01,FY 2024-25,Delivery,L1,Junior (L1-L2),Bengaluru,Man,96,1,2,0,0,10,946
2024-10-01,FY 2024-25,Delivery,L1,Junior (L1-L2),Bengaluru,Woman,58,0,3,0,0,15,649
2024-10-01,FY 2024-25,Delivery,L1,Junior (L1-L2),Hyderabad,Man,141,1,1,1,0,17,1421
2024-10-01,FY 2024-25,Delivery,L1,Junior (L1-L2),Hyderabad,Non-binary,1,0,0,0,0,0,3
2024-10-01,FY 2024-25,Delivery,L1,Junior (L1-L2),Hyderabad,Woman,107,1,1,1,1,22,1160
2024-10-01,FY 2024-25,Delivery,L2,Junior (L1-L2),Bengaluru,Man,67,0,2,0,0,14,825
2024-10-01,FY 2024-25,Delivery,L2,Junior (L1-L2),Bengaluru,Non-binary,0,0,0,0,0,1,1
2024-10-01,FY 2024-25,Delivery,L2,Junior (L1-L2),Bengaluru,Woman,31,0,0,0,0,6,348
2024-10-01,FY 2024-25,Delivery,L2,Junior (L1-L2),Hyderabad,Man,107,2,3,1,2,30,1351
2024-10-01,FY 2024-25,Delivery,L2,Junior (L1-L2),Hyderabad,Non-binary,1,0,0,0,0,0,12
2024-10-01,FY 2024-25,Delivery,L2,Junior (L1-L2),Hyderabad,Woman,66,2,1,0,1,14,756
2024-10-01,FY 2024-25,Delivery,L3,Mid (L3-L4),Bengaluru,Man,60,2,1,0,0,7,676
2024-10-01,FY 2024-25,Delivery,L3,Mid (L3-L4),Bengaluru,Woman,28,0,2,0,0,9,368
2024-10-01,FY 2024-25,Delivery,L3,Mid (L3-L4),Hyderabad,Man,81,1,1,0,0,14,1015
2024-10-01,FY 2024-25,Delivery,L3,Mid (L3-L4),Hyderabad,Non-binary,1,0,0,0,0,0,12
2024-10-01,FY 2024-25,Delivery,L3,Mid (L3-L4),Hyderabad,Woman,41,0,0,0,0,6,479
2024-10-01,FY 2024-25,Delivery,L4,Mid (L3-L4),Bengaluru,Man,28,0,0,0,0,3,322
2024-10-01,FY 2024-25,Delivery,L4,Mid (L3-L4),Bengaluru,Woman,7,0,1,0,1,4,107
2024-10-01,FY 2024-25,Delivery,L4,Mid (L3-L4),Hyderabad,Man,54,0,1,0,0,7,633
2024-10-01,FY 2024-25,Delivery,L4,Mid (L3-L4),Hyderabad,Woman,14,0,0,0,0,3,170
2024-10-01,FY 2024-25,Delivery,L5,Senior (L5-L6),Bengaluru,Man,23,1,1,0,0,2,266
2024-10-01,FY 2024-25,Delivery,L5,Senior (L5-L6),Bengaluru,Woman,6,0,0,0,0,0,72
2024-10-01,FY 2024-25,Delivery,L5,Senior (L5-L6),Hyderabad,Man,24,0,0,0,0,1,263
2024-10-01,FY 2024-25,Delivery,L5,Senior (L5-L6),Hyderabad,Woman,6,0,0,0,0,1,70
2024-10-01,FY 2024-25,Delivery,L6,Senior (L5-L6),Bengaluru,Man,10,0,0,0,0,0,112
2024-10-01,FY 2024-25,Delivery,L6,Senior (L5-L6),Bengaluru,Woman,4,0,0,0,0,0,43
2024-10-01,FY 2024-25,Delivery,L6,Senior (L5-L6),Hyderabad,Man,20,1,0,0,0,2,223
2024-10-01,FY 2024-25,Delivery,L6,Senior (L5-L6),Hyderabad,Woman,0,0,0,0,0,1,2
2024-10-01,FY 2024-25,Quality Engineering,L1,Junior (L1-L2),Bengaluru,Man,28,0,0,0,0,4,222
2024-10-01,FY 2024-25,Quality Engineering,L1,Junior (L1-L2),Bengaluru,Woman,22,0,0,1,0,4,263
2024-10-01,FY 2024-25,Quality Engineering,L1,Junior (L1-L2),Hyderabad,Man,46,0,0,0,0,3,486
2024-10-01,FY 2024-25,Quality Engineering,L1,Junior (L1-L2),Hyderabad,Non-binary,1,0,0,0,0,0,3
2024-10-01,FY 2024-25,Quality Engineering,L1,Junior (L1-L2),Hyderabad,Woman,31,0,0,0,0,5,318
2024-10-01,FY 2024-25,Quality Engineering,L2,Junior (L1-L2),Bengaluru,Man,32,2,1,0,1,1,359
2024-10-01,FY 2024-25,Quality Engineering,L2,Junior (L1-L2),Bengaluru,Non-binary,0,0,0,0,0,0,0
2024-10-01,FY 2024-25,Quality Engineering,L2,Junior (L1-L2),Bengaluru,Woman,15,0,0,0,0,2,195
2024-10-01,FY 2024-25,Quality Engineering,L2,Junior (L1-L2),Hyderabad,Man,36,0,0,1,0,7,452
2024-10-01,FY 2024-25,Quality Engineering,L2,Junior (L1-L2),Hyderabad,Woman,23,0,0,0,0,1,270
2024-10-01,FY 2024-25,Quality Engineering,L3,Mid (L3-L4),Bengaluru,Man,19,0,3,0,0,5,248
2024-10-01,FY 2024-25,Quality Engineering,L3,Mid (L3-L4),Bengaluru,Woman,8,0,1,0,0,3,109
2024-10-01,FY 2024-25,Quality Engineering,L3,Mid (L3-L4),Hyderabad,Man,21,0,0,0,0,8,247
2024-10-01,FY 2024-25,Quality Engineering,L3,Mid (L3-L4),Hyderabad,Woman,20,0,1,0,1,2,230
2024-10-01,FY 2024-25,Quality Engineering,L4,Mid (L3-L4),Bengaluru,Man,6,0,0,0,0,2,82
2024-10-01,FY 2024-25,Quality Engineering,L4,Mid (L3-L4),Bengaluru,Non-binary,1,0,0,0,0,0,12
2024-10-01,FY 2024-25,Quality Engineering,L4,Mid (L3-L4),Bengaluru,Woman,3,0,0,0,0,0,31
2024-10-01,FY 2024-25,Quality Engineering,L4,Mid (L3-L4),Hyderabad,Man,20,0,0,0,0,3,226
2024-10-01,FY 2024-25,Quality Engineering,L4,Mid (L3-L4),Hyderabad,Woman,5,0,0,0,0,2,49
2024-10-01,FY 2024-25,Quality Engineering,L5,Senior (L5-L6),Bengaluru,Man,3,0,1,0,0,1,47
2024-10-01,FY 2024-25,Quality Engineering,L5,Senior (L5-L6),Bengaluru,Woman,2,0,0,0,0,0,24
2024-10-01,FY 2024-25,Quality Engineering,L5,Senior (L5-L6),Hyderabad,Man,13,1,0,0,0,2,144
2024-10-01,FY 2024-25,Quality Engineering,L5,Senior (L5-L6),Hyderabad,Woman,2,0,0,0,0,1,33
2024-10-01,FY 2024-25,Quality Engineering,L6,Senior (L5-L6),Bengaluru,Man,6,0,0,0,0,0,67
2024-10-01,FY 2024-25,Quality Engineering,L6,Senior (L5-L6),Bengaluru,Woman,1,0,0,0,0,0,12
2024-10-01,FY 2024-25,Quality Engineering,L6,Senior (L5-L6),Hyderabad,Man,4,0,0,0,0,0,43
2024-10-01,FY 2024-25,Quality Engineering,L6,Senior (L5-L6),Hyderabad,Woman,1,0,0,0,0,0,12
2024-10-01,FY 2024-25,Sales and Presales,L1,Junior (L1-L2),Bengaluru,Man,18,1,0,0,0,1,185
2024-10-01,FY 2024-25,Sales and Presales,L1,Junior (L1-L2),Bengaluru,Non-binary,1,0,0,0,0,0,12
2024-10-01,FY 2024-25,Sales and Presales,L1,Junior (L1-L2),Bengaluru,Woman,9,0,0,0,0,2,88
2024-10-01,FY 2024-25,Sales and Presales,L1,Junior (L1-L2),Hyderabad,Man,16,1,0,0,0,4,176
2024-10-01,FY 2024-25,Sales and Presales,L1,Junior (L1-L2),Hyderabad,Woman,21,0,0,0,0,1,204
2024-10-01,FY 2024-25,Sales and Presales,L2,Junior (L1-L2),Bengaluru,Man,8,0,0,0,0,0,94
2024-10-01,FY 2024-25,Sales and Presales,L2,Junior (L1-L2),Bengaluru,Non-binary,0,0,0,0,0,0,0
2024-10-01,FY 2024-25,Sales and Presales,L2,Junior (L1-L2),Bengaluru,Woman,1,0,0,0,0,1,22
2024-10-01,FY 2024-25,Sales and Presales,L2,Junior (L1-L2),Hyderabad,Man,12,0,0,0,0,0,139
2024-10-01,FY 2024-25,Sales and Presales,L2,Junior (L1-L2),Hyderabad,Woman,8,0,0,0,0,2,105
2024-10-01,FY 2024-25,Sales and Presales,L3,Mid (L3-L4),Bengaluru,Man,8,0,0,0,0,0,88
2024-10-01,FY 2024-25,Sales and Presales,L3,Mid (L3-L4),Bengaluru,Woman,7,0,0,0,0,1,75
2024-10-01,FY 2024-25,Sales and Presales,L3,Mid (L3-L4),Hyderabad,Man,13,0,0,0,0,2,140
2024-10-01,FY 2024-25,Sales and Presales,L3,Mid (L3-L4),Hyderabad,Woman,5,0,0,0,0,2,61
2024-10-01,FY 2024-25,Sales and Presales,L4,Mid (L3-L4),Bengaluru,Man,3,0,0,0,0,2,50
2024-10-01,FY 2024-25,Sales and Presales,L4,Mid (L3-L4),Bengaluru,Woman,1,0,0,0,0,0,12
2024-10-01,FY 2024-25,Sales and Presales,L4,Mid (L3-L4),Hyderabad,Man,9,0,0,0,0,1,104
2024-10-01,FY 2024-25,Sales and Presales,L4,Mid (L3-L4),Hyderabad,Woman,0,0,0,0,0,0,0
2024-10-01,FY 2024-25,Sales and Presales,L5,Senior (L5-L6),Bengaluru,Man,1,0,0,0,0,0,12
2024-10-01,FY 2024-25,Sales and Presales,L5,Senior (L5-L6),Hyderabad,Man,4,0,0,0,0,0,47
2024-10-01,FY 2024-25,Sales and Presales,L5,Senior (L5-L6),Hyderabad,Woman,1,0,0,0,0,0,12
2024-10-01,FY 2024-25,Sales and Presales,L6,Senior (L5-L6),Bengaluru,Man,1,0,0,0,0,0,12
2024-10-01,FY 2024-25,Sales and Presales,L6,Senior (L5-L6),Hyderabad,Man,2,0,0,0,0,0,24
2024-11-01,FY 2024-25,Cloud and Infrastructure,L1,Junior (L1-L2),Bengaluru,Man,26,0,0,0,0,3,280
2024-11-01,FY 2024-25,Cloud and Infrastructure,L1,Junior (L1-L2),Bengaluru,Woman,15,0,0,0,0,4,185
2024-11-01,FY 2024-25,Cloud and Infrastructure,L1,Junior (L1-L2),Hyderabad,Man,37,1,0,1,0,2,396
2024-11-01,FY 2024-25,Cloud and Infrastructure,L1,Junior (L1-L2),Hyderabad,Woman,25,0,0,0,0,5,253
2024-11-01,FY 2024-25,Cloud and Infrastructure,L2,Junior (L1-L2),Bengaluru,Man,24,2,0,0,0,7,264
2024-11-01,FY 2024-25,Cloud and Infrastructure,L2,Junior (L1-L2),Bengaluru,Woman,14,0,0,0,0,3,155
2024-11-01,FY 2024-25,Cloud and Infrastructure,L2,Junior (L1-L2),Hyderabad,Man,32,0,1,0,0,7,384
2024-11-01,FY 2024-25,Cloud and Infrastructure,L2,Junior (L1-L2),Hyderabad,Woman,22,0,0,0,0,4,258
2024-11-01,FY 2024-25,Cloud and Infrastructure,L3,Mid (L3-L4),Bengaluru,Man,13,0,1,0,1,4,189
2024-11-01,FY 2024-25,Cloud and Infrastructure,L3,Mid (L3-L4),Bengaluru,Woman,3,0,0,0,0,0,33
2024-11-01,FY 2024-25,Cloud and Infrastructure,L3,Mid (L3-L4),Hyderabad,Man,16,0,0,0,0,2,205
2024-11-01,FY 2024-25,Cloud and Infrastructure,L3,Mid (L3-L4),Hyderabad,Non-binary,0,0,0,0,0,0,0
2024-11-01,FY 2024-25,Cloud and Infrastructure,L3,Mid (L3-L4),Hyderabad,Woman,11,0,0,0,0,0,115
2024-11-01,FY 2024-25,Cloud and Infrastructure,L4,Mid (L3-L4),Bengaluru,Man,13,0,0,0,0,0,133
2024-11-01,FY 2024-25,Cloud and Infrastructure,L4,Mid (L3-L4),Bengaluru,Woman,1,0,0,0,0,1,12
2024-11-01,FY 2024-25,Cloud and Infrastructure,L4,Mid (L3-L4),Hyderabad,Man,8,0,0,0,0,1,79
2024-11-01,FY 2024-25,Cloud and Infrastructure,L4,Mid (L3-L4),Hyderabad,Woman,7,0,0,0,0,1,91
2024-11-01,FY 2024-25,Cloud and Infrastructure,L5,Senior (L5-L6),Bengaluru,Man,4,0,0,0,0,0,41
2024-11-01,FY 2024-25,Cloud and Infrastructure,L5,Senior (L5-L6),Bengaluru,Woman,1,0,0,0,0,1,8
2024-11-01,FY 2024-25,Cloud and Infrastructure,L5,Senior (L5-L6),Hyderabad,Man,5,1,0,0,0,2,72
2024-11-01,FY 2024-25,Cloud and Infrastructure,L5,Senior (L5-L6),Hyderabad,Woman,2,0,0,0,0,0,24
2024-11-01,FY 2024-25,Cloud and Infrastructure,L6,Senior (L5-L6),Bengaluru,Man,1,0,0,0,0,0,12
2024-11-01,FY 2024-25,Cloud and Infrastructure,L6,Senior (L5-L6),Bengaluru,Woman,1,0,0,0,0,0,12
2024-11-01,FY 2024-25,Cloud and Infrastructure,L6,Senior (L5-L6),Hyderabad,Man,4,0,0,0,0,0,40
2024-11-01,FY 2024-25,Consulting,L1,Junior (L1-L2),Bengaluru,Man,6,0,0,0,0,1,67
2024-11-01,FY 2024-25,Consulting,L1,Junior (L1-L2),Bengaluru,Woman,5,0,0,0,0,2,60
2024-11-01,FY 2024-25,Consulting,L1,Junior (L1-L2),Hyderabad,Man,20,1,0,0,0,0,187
2024-11-01,FY 2024-25,Consulting,L1,Junior (L1-L2),Hyderabad,Woman,11,0,0,0,0,1,112
2024-11-01,FY 2024-25,Consulting,L2,Junior (L1-L2),Bengaluru,Man,7,0,0,0,0,1,89
2024-11-01,FY 2024-25,Consulting,L2,Junior (L1-L2),Bengaluru,Woman,2,0,0,0,0,0,21
2024-11-01,FY 2024-25,Consulting,L2,Junior (L1-L2),Hyderabad,Man,8,1,0,0,0,0,85
2024-11-01,FY 2024-25,Consulting,L2,Junior (L1-L2),Hyderabad,Woman,6,0,0,0,0,1,75
2024-11-01,FY 2024-25,Consulting,L3,Mid (L3-L4),Bengaluru,Man,6,0,0,0,0,3,82
2024-11-01,FY 2024-25,Consulting,L3,Mid (L3-L4),Bengaluru,Woman,1,0,0,0,0,0,16
2024-11-01,FY 2024-25,Consulting,L3,Mid (L3-L4),Hyderabad,Man,3,0,0,0,0,0,36
2024-11-01,FY 2024-25,Consulting,L3,Mid (L3-L4),Hyderabad,Woman,6,0,1,0,0,2,77
2024-11-01,FY 2024-25,Consulting,L4,Mid (L3-L4),Bengaluru,Man,5,0,1,0,0,1,71
2024-11-01,FY 2024-25,Consulting,L4,Mid (L3-L4),Bengaluru,Woman,2,0,0,0,0,0,24
2024-11-01,FY 2024-25,Consulting,L4,Mid (L3-L4),Hyderabad,Man,1,0,0,0,0,0,12
2024-11-01,FY 2024-25,Consulting,L4,Mid (L3-L4),Hyderabad,Woman,2,0,0,0,0,0,24
2024-11-01,FY 2024-25,Consulting,L5,Senior (L5-L6),Bengaluru,Man,2,0,0,0,0,0,27
2024-11-01,FY 2024-25,Consulting,L5,Senior (L5-L6),Bengaluru,Woman,1,0,0,0,0,0,8
2024-11-01,FY 2024-25,Consulting,L5,Senior (L5-L6),Hyderabad,Man,3,0,0,0,0,0,36
2024-11-01,FY 2024-25,Consulting,L5,Senior (L5-L6),Hyderabad,Woman,1,0,0,0,0,0,8
2024-11-01,FY 2024-25,Consulting,L6,Senior (L5-L6),Bengaluru,Man,2,0,0,0,0,0,20
2024-11-01,FY 2024-25,Consulting,L6,Senior (L5-L6),Hyderabad,Man,3,0,0,0,0,0,36
2024-11-01,FY 2024-25,Consulting,L6,Senior (L5-L6),Hyderabad,Woman,2,0,0,0,0,0,24
2024-11-01,FY 2024-25,Corporate Functions,L1,Junior (L1-L2),Bengaluru,Man,6,0,0,0,0,1,78
2024-11-01,FY 2024-25,Corporate Functions,L1,Junior (L1-L2),Bengaluru,Woman,6,0,0,0,0,1,60
2024-11-01,FY 2024-25,Corporate Functions,L1,Junior (L1-L2),Hyderabad,Man,13,0,0,0,0,5,162
2024-11-01,FY 2024-25,Corporate Functions,L1,Junior (L1-L2),Hyderabad,Woman,9,0,0,0,0,1,112
2024-11-01,FY 2024-25,Corporate Functions,L2,Junior (L1-L2),Bengaluru,Man,7,1,0,0,0,3,93
2024-11-01,FY 2024-25,Corporate Functions,L2,Junior (L1-L2),Bengaluru,Woman,4,0,0,0,0,1,44
2024-11-01,FY 2024-25,Corporate Functions,L2,Junior (L1-L2),Hyderabad,Man,18,0,1,0,1,2,213
2024-11-01,FY 2024-25,Corporate Functions,L2,Junior (L1-L2),Hyderabad,Woman,10,1,0,0,0,2,117
2024-11-01,FY 2024-25,Corporate Functions,L3,Mid (L3-L4),Bengaluru,Man,10,1,2,0,1,5,129
2024-11-01,FY 2024-25,Corporate Functions,L3,Mid (L3-L4),Bengaluru,Woman,4,0,0,0,0,1,55
2024-11-01,FY 2024-25,Corporate Functions,L3,Mid (L3-L4),Hyderabad,Man,13,0,0,0,0,0,150
2024-11-01,FY 2024-25,Corporate Functions,L3,Mid (L3-L4),Hyderabad,Woman,2,0,0,0,0,1,32
2024-11-01,FY 2024-25,Corporate Functions,L4,Mid (L3-L4),Bengaluru,Man,7,0,0,0,0,2,75
2024-11-01,FY 2024-25,Corporate Functions,L4,Mid (L3-L4),Bengaluru,Woman,3,0,0,0,0,0,27
2024-11-01,FY 2024-25,Corporate Functions,L4,Mid (L3-L4),Hyderabad,Man,11,0,0,0,0,4,123
2024-11-01,FY 2024-25,Corporate Functions,L4,Mid (L3-L4),Hyderabad,Woman,4,0,0,0,0,0,44
2024-11-01,FY 2024-25,Corporate Functions,L5,Senior (L5-L6),Bengaluru,Man,2,0,0,0,0,0,24
2024-11-01,FY 2024-25,Corporate Functions,L5,Senior (L5-L6),Bengaluru,Woman,0,0,0,0,0,0,0
2024-11-01,FY 2024-25,Corporate Functions,L5,Senior (L5-L6),Hyderabad,Man,5,0,0,0,0,0,48
2024-11-01,FY 2024-25,Corporate Functions,L6,Senior (L5-L6),Bengaluru,Man,3,0,0,0,0,0,35
2024-11-01,FY 2024-25,Corporate Functions,L6,Senior (L5-L6),Hyderabad,Man,2,0,0,0,0,0,24
2024-11-01,FY 2024-25,Data and Analytics,L1,Junior (L1-L2),Bengaluru,Man,22,0,0,0,0,4,223
2024-11-01,FY 2024-25,Data and Analytics,L1,Junior (L1-L2),Bengaluru,Woman,17,0,0,0,0,1,181
2024-11-01,FY 2024-25,Data and Analytics,L1,Junior (L1-L2),Hyderabad,Man,25,0,0,0,0,4,254
2024-11-01,FY 2024-25,Data and Analytics,L1,Junior (L1-L2),Hyderabad,Woman,16,0,0,0,0,3,151
2024-11-01,FY 2024-25,Data and Analytics,L2,Junior (L1-L2),Bengaluru,Man,16,0,0,0,0,3,198
2024-11-01,FY 2024-25,Data and Analytics,L2,Junior (L1-L2),Bengaluru,Woman,9,0,0,0,0,1,103
2024-11-01,FY 2024-25,Data and Analytics,L2,Junior (L1-L2),Hyderabad,Man,23,1,1,0,0,4,288
2024-11-01,FY 2024-25,Data and Analytics,L2,Junior (L1-L2),Hyderabad,Woman,19,0,0,0,0,2,242
2024-11-01,FY 2024-25,Data and Analytics,L3,Mid (L3-L4),Bengaluru,Man,13,1,0,0,0,3,154
2024-11-01,FY 2024-25,Data and Analytics,L3,Mid (L3-L4),Bengaluru,Woman,4,0,0,0,0,1,56
2024-11-01,FY 2024-25,Data and Analytics,L3,Mid (L3-L4),Hyderabad,Man,18,1,0,0,0,4,218
2024-11-01,FY 2024-25,Data and Analytics,L3,Mid (L3-L4),Hyderabad,Woman,8,0,0,0,0,0,84
2024-11-01,FY 2024-25,Data and Analytics,L4,Mid (L3-L4),Bengaluru,Man,7,0,0,0,0,1,76
2024-11-01,FY 2024-25,Data and Analytics,L4,Mid (L3-L4),Bengaluru,Woman,1,0,0,0,0,0,12
2024-11-01,FY 2024-25,Data and Analytics,L4,Mid (L3-L4),Hyderabad,Man,21,0,0,0,0,0,234
2024-11-01,FY 2024-25,Data and Analytics,L4,Mid (L3-L4),Hyderabad,Woman,2,0,0,0,0,1,30
2024-11-01,FY 2024-25,Data and Analytics,L5,Senior (L5-L6),Bengaluru,Man,3,0,0,0,0,0,36
2024-11-01,FY 2024-25,Data and Analytics,L5,Senior (L5-L6),Bengaluru,Woman,2,0,0,0,0,0,24
2024-11-01,FY 2024-25,Data and Analytics,L5,Senior (L5-L6),Hyderabad,Man,2,0,0,0,0,0,28
2024-11-01,FY 2024-25,Data and Analytics,L5,Senior (L5-L6),Hyderabad,Woman,4,0,0,0,0,0,44
2024-11-01,FY 2024-25,Data and Analytics,L6,Senior (L5-L6),Bengaluru,Man,3,0,0,0,0,0,32
2024-11-01,FY 2024-25,Data and Analytics,L6,Senior (L5-L6),Hyderabad,Man,4,0,0,0,0,0,44
2024-11-01,FY 2024-25,Data and Analytics,L6,Senior (L5-L6),Hyderabad,Woman,1,0,0,0,0,0,12
2024-11-01,FY 2024-25,Delivery,L1,Junior (L1-L2),Bengaluru,Man,96,1,1,0,0,11,970
2024-11-01,FY 2024-25,Delivery,L1,Junior (L1-L2),Bengaluru,Woman,61,3,0,0,0,11,660
2024-11-01,FY 2024-25,Delivery,L1,Junior (L1-L2),Hyderabad,Man,142,2,0,1,0,15,1449
2024-11-01,FY 2024-25,Delivery,L1,Junior (L1-L2),Hyderabad,Non-binary,1,0,0,0,0,0,4
2024-11-01,FY 2024-25,Delivery,L1,Junior (L1-L2),Hyderabad,Woman,107,1,0,1,0,22,1170
2024-11-01,FY 2024-25,Delivery,L2,Junior (L1-L2),Bengaluru,Man,68,1,0,0,0,13,824
2024-11-01,FY 2024-25,Delivery,L2,Junior (L1-L2),Bengaluru,Non-binary,0,0,0,0,0,1,0
2024-11-01,FY 2024-25,Delivery,L2,Junior (L1-L2),Bengaluru,Woman,28,0,3,0,0,8,348
2024-11-01,FY 2024-25,Delivery,L2,Junior (L1-L2),Hyderabad,Man,103,1,5,0,2,31,1339
2024-11-01,FY 2024-25,Delivery,L2,Junior (L1-L2),Hyderabad,Non-binary,1,0,0,0,0,0,12
2024-11-01,FY 2024-25,Delivery,L2,Junior (L1-L2),Hyderabad,Woman,66,0,0,0,0,13,762
2024-11-01,FY 2024-25,Delivery,L3,Mid (L3-L4),Bengaluru,Man,60,1,1,0,0,7,685
2024-11-01,FY 2024-25,Delivery,L3,Mid (L3-L4),Bengaluru,Woman,27,0,1,0,0,10,367
2024-11-01,FY 2024-25,Delivery,L3,Mid (L3-L4),Hyderabad,Man,82,3,1,1,1,16,1010
2024-11-01,FY 2024-25,Delivery,L3,Mid (L3-L4),Hyderabad,Non-binary,1,0,0,0,0,0,12
2024-11-01,FY 2024-25,Delivery,L3,Mid (L3-L4),Hyderabad,Woman,44,3,0,0,0,6,484
2024-11-01,FY 2024-25,Delivery,L4,Mid (L3-L4),Bengaluru,Man,27,0,1,0,0,3,324
2024-11-01,FY 2024-25,Delivery,L4,Mid (L3-L4),Bengaluru,Woman,7,0,0,0,0,3,103
2024-11-01,FY 2024-25,Delivery,L4,Mid (L3-L4),Hyderabad,Man,55,1,0,0,0,6,637
2024-11-01,FY 2024-25,Delivery,L4,Mid (L3-L4),Hyderabad,Woman,14,0,0,0,0,3,170
2024-11-01,FY 2024-25,Delivery,L5,Senior (L5-L6),Bengaluru,Man,22,0,0,1,0,3,267
2024-11-01,FY 2024-25,Delivery,L5,Senior (L5-L6),Bengaluru,Woman,6,0,0,0,0,0,72
2024-11-01,FY 2024-25,Delivery,L5,Senior (L5-L6),Hyderabad,Man,24,0,0,0,0,1,268
2024-11-01,FY 2024-25,Delivery,L5,Senior (L5-L6),Hyderabad,Woman,6,0,0,0,0,1,70
2024-11-01,FY 2024-25,Delivery,L6,Senior (L5-L6),Bengaluru,Man,10,0,0,0,0,0,114
2024-11-01,FY 2024-25,Delivery,L6,Senior (L5-L6),Bengaluru,Woman,4,0,0,0,0,0,44
2024-11-01,FY 2024-25,Delivery,L6,Senior (L5-L6),Hyderabad,Man,21,1,0,0,0,2,227
2024-11-01,FY 2024-25,Delivery,L6,Senior (L5-L6),Hyderabad,Woman,0,0,0,0,0,1,1
2024-11-01,FY 2024-25,Quality Engineering,L1,Junior (L1-L2),Bengaluru,Man,28,0,0,0,0,3,233
2024-11-01,FY 2024-25,Quality Engineering,L1,Junior (L1-L2),Bengaluru,Woman,22,0,0,0,0,4,262
2024-11-01,FY 2024-25,Quality Engineering,L1,Junior (L1-L2),Hyderabad,Man,46,0,0,0,0,3,493
2024-11-01,FY 2024-25,Quality Engineering,L1,Junior (L1-L2),Hyderabad,Non-binary,1,0,0,0,0,0,4
2024-11-01,FY 2024-25,Quality Engineering,L1,Junior (L1-L2),Hyderabad,Woman,32,1,0,0,0,5,324
2024-11-01,FY 2024-25,Quality Engineering,L2,Junior (L1-L2),Bengaluru,Man,32,0,0,0,0,1,363
2024-11-01,FY 2024-25,Quality Engineering,L2,Junior (L1-L2),Bengaluru,Non-binary,0,0,0,0,0,0,0
2024-11-01,FY 2024-25,Quality Engineering,L2,Junior (L1-L2),Bengaluru,Woman,15,0,0,0,0,2,193
2024-11-01,FY 2024-25,Quality Engineering,L2,Junior (L1-L2),Hyderabad,Man,36,1,1,0,0,7,450
2024-11-01,FY 2024-25,Quality Engineering,L2,Junior (L1-L2),Hyderabad,Woman,23,0,0,0,0,1,271
2024-11-01,FY 2024-25,Quality Engineering,L3,Mid (L3-L4),Bengaluru,Man,20,1,0,0,0,5,249
2024-11-01,FY 2024-25,Quality Engineering,L3,Mid (L3-L4),Bengaluru,Woman,8,0,0,0,0,3,107
2024-11-01,FY 2024-25,Quality Engineering,L3,Mid (L3-L4),Hyderabad,Man,21,0,0,0,0,8,246
2024-11-01,FY 2024-25,Quality Engineering,L3,Mid (L3-L4),Hyderabad,Woman,20,0,0,0,0,1,233
2024-11-01,FY 2024-25,Quality Engineering,L4,Mid (L3-L4),Bengaluru,Man,6,0,0,0,0,2,80
2024-11-01,FY 2024-25,Quality Engineering,L4,Mid (L3-L4),Bengaluru,Non-binary,1,0,0,0,0,0,12
2024-11-01,FY 2024-25,Quality Engineering,L4,Mid (L3-L4),Bengaluru,Woman,3,0,0,0,0,0,32
2024-11-01,FY 2024-25,Quality Engineering,L4,Mid (L3-L4),Hyderabad,Man,20,0,0,0,0,2,228
2024-11-01,FY 2024-25,Quality Engineering,L4,Mid (L3-L4),Hyderabad,Woman,5,0,0,0,0,1,51
2024-11-01,FY 2024-25,Quality Engineering,L5,Senior (L5-L6),Bengaluru,Man,3,0,0,0,0,1,46
2024-11-01,FY 2024-25,Quality Engineering,L5,Senior (L5-L6),Bengaluru,Woman,2,0,0,0,0,0,24
2024-11-01,FY 2024-25,Quality Engineering,L5,Senior (L5-L6),Hyderabad,Man,13,0,0,0,0,1,147
2024-11-01,FY 2024-25,Quality Engineering,L5,Senior (L5-L6),Hyderabad,Woman,2,0,0,0,0,1,32
2024-11-01,FY 2024-25,Quality Engineering,L6,Senior (L5-L6),Bengaluru,Man,6,0,0,0,0,0,68
2024-11-01,FY 2024-25,Quality Engineering,L6,Senior (L5-L6),Bengaluru,Woman,1,0,0,0,0,0,12
2024-11-01,FY 2024-25,Quality Engineering,L6,Senior (L5-L6),Hyderabad,Man,4,0,0,0,0,0,44
2024-11-01,FY 2024-25,Quality Engineering,L6,Senior (L5-L6),Hyderabad,Woman,1,0,0,0,0,0,12
2024-11-01,FY 2024-25,Sales and Presales,L1,Junior (L1-L2),Bengaluru,Man,18,0,0,0,0,1,189
2024-11-01,FY 2024-25,Sales and Presales,L1,Junior (L1-L2),Bengaluru,Non-binary,1,0,0,0,0,0,12
2024-11-01,FY 2024-25,Sales and Presales,L1,Junior (L1-L2),Bengaluru,Woman,10,1,0,0,0,2,91
2024-11-01,FY 2024-25,Sales and Presales,L1,Junior (L1-L2),Hyderabad,Man,15,0,1,0,0,5,174
2024-11-01,FY 2024-25,Sales and Presales,L1,Junior (L1-L2),Hyderabad,Woman,21,0,0,0,0,1,210
2024-11-01,FY 2024-25,Sales and Presales,L2,Junior (L1-L2),Bengaluru,Man,8,0,0,0,0,0,95
2024-11-01,FY 2024-25,Sales and Presales,L2,Junior (L1-L2),Bengaluru,Non-binary,0,0,0,0,0,0,0
2024-11-01,FY 2024-25,Sales and Presales,L2,Junior (L1-L2),Bengaluru,Woman,1,0,0,0,0,0,20
2024-11-01,FY 2024-25,Sales and Presales,L2,Junior (L1-L2),Hyderabad,Man,13,1,0,0,0,0,141
2024-11-01,FY 2024-25,Sales and Presales,L2,Junior (L1-L2),Hyderabad,Woman,8,0,0,0,0,2,104
2024-11-01,FY 2024-25,Sales and Presales,L3,Mid (L3-L4),Bengaluru,Man,8,0,0,0,0,0,90
2024-11-01,FY 2024-25,Sales and Presales,L3,Mid (L3-L4),Bengaluru,Woman,7,0,0,0,0,1,76
2024-11-01,FY 2024-25,Sales and Presales,L3,Mid (L3-L4),Hyderabad,Man,12,0,1,0,1,3,142
2024-11-01,FY 2024-25,Sales and Presales,L3,Mid (L3-L4),Hyderabad,Woman,5,0,0,0,0,1,61
2024-11-01,FY 2024-25,Sales and Presales,L4,Mid (L3-L4),Bengaluru,Man,3,0,0,0,0,2,48
2024-11-01,FY 2024-25,Sales and Presales,L4,Mid (L3-L4),Bengaluru,Woman,1,0,0,0,0,0,12
2024-11-01,FY 2024-25,Sales and Presales,L4,Mid (L3-L4),Hyderabad,Man,9,0,0,0,0,1,104
2024-11-01,FY 2024-25,Sales and Presales,L4,Mid (L3-L4),Hyderabad,Woman,0,0,0,0,0,0,0
2024-11-01,FY 2024-25,Sales and Presales,L5,Senior (L5-L6),Bengaluru,Man,1,0,0,0,0,0,12
2024-11-01,FY 2024-25,Sales and Presales,L5,Senior (L5-L6),Hyderabad,Man,4,0,0,0,0,0,48
2024-11-01,FY 2024-25,Sales and Presales,L5,Senior (L5-L6),Hyderabad,Woman,0,0,1,0,0,1,11
2024-11-01,FY 2024-25,Sales and Presales,L6,Senior (L5-L6),Bengaluru,Man,1,0,0,0,0,0,12
2024-11-01,FY 2024-25,Sales and Presales,L6,Senior (L5-L6),Hyderabad,Man,2,0,0,0,0,0,24
2024-12-01,FY 2024-25,Cloud and Infrastructure,L1,Junior (L1-L2),Bengaluru,Man,26,0,0,0,0,3,282
2024-12-01,FY 2024-25,Cloud and Infrastructure,L1,Junior (L1-L2),Bengaluru,Woman,15,0,0,0,0,4,184
2024-12-01,FY 2024-25,Cloud and Infrastructure,L1,Junior (L1-L2),Hyderabad,Man,38,1,0,0,0,2,402
2024-12-01,FY 2024-25,Cloud and Infrastructure,L1,Junior (L1-L2),Hyderabad,Woman,25,0,0,0,0,5,256
2024-12-01,FY 2024-25,Cloud and Infrastructure,L2,Junior (L1-L2),Bengaluru,Man,23,0,1,0,1,8,263
2024-12-01,FY 2024-25,Cloud and Infrastructure,L2,Junior (L1-L2),Bengaluru,Woman,14,0,0,0,0,3,158
2024-12-01,FY 2024-25,Cloud and Infrastructure,L2,Junior (L1-L2),Hyderabad,Man,33,1,0,0,0,5,387
2024-12-01,FY 2024-25,Cloud and Infrastructure,L2,Junior (L1-L2),Hyderabad,Woman,22,0,0,0,0,4,259
2024-12-01,FY 2024-25,Cloud and Infrastructure,L3,Mid (L3-L4),Bengaluru,Man,13,0,0,0,0,3,183
2024-12-01,FY 2024-25,Cloud and Infrastructure,L3,Mid (L3-L4),Bengaluru,Woman,2,0,1,0,0,1,33
2024-12-01,FY 2024-25,Cloud and Infrastructure,L3,Mid (L3-L4),Hyderabad,Man,15,0,0,1,0,3,203
2024-12-01,FY 2024-25,Cloud and Infrastructure,L3,Mid (L3-L4),Hyderabad,Non-binary,0,0,0,0,0,0,0
2024-12-01,FY 2024-25,Cloud and Infrastructure,L3,Mid (L3-L4),Hyderabad,Woman,12,1,0,0,0,0,120
2024-12-01,FY 2024-25,Cloud and Infrastructure,L4,Mid (L3-L4),Bengaluru,Man,13,0,0,0,0,0,138
2024-12-01,FY 2024-25,Cloud and Infrastructure,L4,Mid (L3-L4),Bengaluru,Woman,1,0,0,0,0,0,12
2024-12-01,FY 2024-25,Cloud and Infrastructure,L4,Mid (L3-L4),Hyderabad,Man,8,0,0,0,0,1,81
2024-12-01,FY 2024-25,Cloud and Infrastructure,L4,Mid (L3-L4),Hyderabad,Woman,7,0,0,0,0,1,90
2024-12-01,FY 2024-25,Cloud and Infrastructure,L5,Senior (L5-L6),Bengaluru,Man,4,0,0,0,0,0,43
2024-12-01,FY 2024-25,Cloud and Infrastructure,L5,Senior (L5-L6),Bengaluru,Woman,1,0,0,0,0,0,9
2024-12-01,FY 2024-25,Cloud and Infrastructure,L5,Senior (L5-L6),Hyderabad,Man,6,1,0,0,0,2,70
2024-12-01,FY 2024-25,Cloud and Infrastructure,L5,Senior (L5-L6),Hyderabad,Woman,2,0,0,0,0,0,24
2024-12-01,FY 2024-25,Cloud and Infrastructure,L6,Senior (L5-L6),Bengaluru,Man,1,0,0,0,0,0,12
2024-12-01,FY 2024-25,Cloud and Infrastructure,L6,Senior (L5-L6),Bengaluru,Woman,1,0,0,0,0,0,12
2024-12-01,FY 2024-25,Cloud and Infrastructure,L6,Senior (L5-L6),Hyderabad,Man,4,0,0,0,0,0,42
2024-12-01,FY 2024-25,Consulting,L1,Junior (L1-L2),Bengaluru,Man,7,1,0,0,0,1,69
2024-12-01,FY 2024-25,Consulting,L1,Junior (L1-L2),Bengaluru,Woman,5,0,0,0,0,1,60
2024-12-01,FY 2024-25,Consulting,L1,Junior (L1-L2),Hyderabad,Man,20,0,0,0,0,0,194
2024-12-01,FY 2024-25,Consulting,L1,Junior (L1-L2),Hyderabad,Woman,10,0,1,0,0,2,114
2024-12-01,FY 2024-25,Consulting,L2,Junior (L1-L2),Bengaluru,Man,7,0,0,0,0,1,87
2024-12-01,FY 2024-25,Consulting,L2,Junior (L1-L2),Bengaluru,Woman,2,0,0,0,0,0,22
2024-12-01,FY 2024-25,Consulting,L2,Junior (L1-L2),Hyderabad,Man,7,0,1,0,0,1,85
2024-12-01,FY 2024-25,Consulting,L2,Junior (L1-L2),Hyderabad,Woman,6,0,0,0,0,1,75
2024-12-01,FY 2024-25,Consulting,L3,Mid (L3-L4),Bengaluru,Man,6,0,0,0,0,3,82
2024-12-01,FY 2024-25,Consulting,L3,Mid (L3-L4),Bengaluru,Woman,1,0,0,0,0,0,15
2024-12-01,FY 2024-25,Consulting,L3,Mid (L3-L4),Hyderabad,Man,3,0,0,0,0,0,36
2024-12-01,FY 2024-25,Consulting,L3,Mid (L3-L4),Hyderabad,Woman,6,0,0,0,0,2,76
2024-12-01,FY 2024-25,Consulting,L4,Mid (L3-L4),Bengaluru,Man,5,0,0,0,0,1,70
2024-12-01,FY 2024-25,Consulting,L4,Mid (L3-L4),Bengaluru,Woman,2,0,0,0,0,0,24
2024-12-01,FY 2024-25,Consulting,L4,Mid (L3-L4),Hyderabad,Man,1,0,0,0,0,0,12
2024-12-01,FY 2024-25,Consulting,L4,Mid (L3-L4),Hyderabad,Woman,2,0,0,0,0,0,24
2024-12-01,FY 2024-25,Consulting,L5,Senior (L5-L6),Bengaluru,Man,2,0,0,0,0,0,27
2024-12-01,FY 2024-25,Consulting,L5,Senior (L5-L6),Bengaluru,Woman,1,0,0,0,0,0,9
2024-12-01,FY 2024-25,Consulting,L5,Senior (L5-L6),Hyderabad,Man,3,0,0,0,0,0,36
2024-12-01,FY 2024-25,Consulting,L5,Senior (L5-L6),Hyderabad,Woman,1,0,0,0,0,0,9
2024-12-01,FY 2024-25,Consulting,L6,Senior (L5-L6),Bengaluru,Man,2,0,0,0,0,0,21
2024-12-01,FY 2024-25,Consulting,L6,Senior (L5-L6),Hyderabad,Man,3,0,0,0,0,0,36
2024-12-01,FY 2024-25,Consulting,L6,Senior (L5-L6),Hyderabad,Woman,2,0,0,0,0,0,24
2024-12-01,FY 2024-25,Corporate Functions,L1,Junior (L1-L2),Bengaluru,Man,6,0,0,0,0,1,77
2024-12-01,FY 2024-25,Corporate Functions,L1,Junior (L1-L2),Bengaluru,Woman,6,0,0,0,0,1,61
2024-12-01,FY 2024-25,Corporate Functions,L1,Junior (L1-L2),Hyderabad,Man,13,0,0,0,0,5,159
2024-12-01,FY 2024-25,Corporate Functions,L1,Junior (L1-L2),Hyderabad,Woman,8,0,1,0,0,2,110
2024-12-01,FY 2024-25,Corporate Functions,L2,Junior (L1-L2),Bengaluru,Man,7,0,0,0,0,3,92
2024-12-01,FY 2024-25,Corporate Functions,L2,Junior (L1-L2),Bengaluru,Woman,5,1,0,0,0,0,47
2024-12-01,FY 2024-25,Corporate Functions,L2,Junior (L1-L2),Hyderabad,Man,19,1,0,0,0,1,216
2024-12-01,FY 2024-25,Corporate Functions,L2,Junior (L1-L2),Hyderabad,Woman,10,0,0,0,0,2,118
2024-12-01,FY 2024-25,Corporate Functions,L3,Mid (L3-L4),Bengaluru,Man,10,0,0,0,0,3,128
2024-12-01,FY 2024-25,Corporate Functions,L3,Mid (L3-L4),Bengaluru,Woman,4,0,0,0,0,1,54
2024-12-01,FY 2024-25,Corporate Functions,L3,Mid (L3-L4),Hyderabad,Man,13,0,0,0,0,0,151
2024-12-01,FY 2024-25,Corporate Functions,L3,Mid (L3-L4),Hyderabad,Woman,2,0,0,0,0,1,30
2024-12-01,FY 2024-25,Corporate Functions,L4,Mid (L3-L4),Bengaluru,Man,7,0,0,0,0,2,76
2024-12-01,FY 2024-25,Corporate Functions,L4,Mid (L3-L4),Bengaluru,Woman,3,0,0,0,0,0,29
2024-12-01,FY 2024-25,Corporate Functions,L4,Mid (L3-L4),Hyderabad,Man,11,0,0,0,0,3,124
2024-12-01,FY 2024-25,Corporate Functions,L4,Mid (L3-L4),Hyderabad,Woman,4,0,0,0,0,0,45
2024-12-01,FY 2024-25,Corporate Functions,L5,Senior (L5-L6),Bengaluru,Man,2,0,0,0,0,0,24
2024-12-01,FY 2024-25,Corporate Functions,L5,Senior (L5-L6),Bengaluru,Woman,0,0,0,0,0,0,0
2024-12-01,FY 2024-25,Corporate Functions,L5,Senior (L5-L6),Hyderabad,Man,5,0,0,0,0,0,50
2024-12-01,FY 2024-25,Corporate Functions,L6,Senior (L5-L6),Bengaluru,Man,3,0,0,0,0,0,36
2024-12-01,FY 2024-25,Corporate Functions,L6,Senior (L5-L6),Hyderabad,Man,2,0,0,0,0,0,24
2024-12-01,FY 2024-25,Data and Analytics,L1,Junior (L1-L2),Bengaluru,Man,22,0,0,0,0,4,226
2024-12-01,FY 2024-25,Data and Analytics,L1,Junior (L1-L2),Bengaluru,Woman,17,0,0,0,0,0,185
2024-12-01,FY 2024-25,Data and Analytics,L1,Junior (L1-L2),Hyderabad,Man,25,0,0,0,0,3,259
2024-12-01,FY 2024-25,Data and Analytics,L1,Junior (L1-L2),Hyderabad,Woman,16,0,0,0,0,2,155
2024-12-01,FY 2024-25,Data and Analytics,L2,Junior (L1-L2),Bengaluru,Man,17,1,0,0,0,3,199
2024-12-01,FY 2024-25,Data and Analytics,L2,Junior (L1-L2),Bengaluru,Woman,9,0,0,0,0,1,104
2024-12-01,FY 2024-25,Data and Analytics,L2,Junior (L1-L2),Hyderabad,Man,21,0,1,1,0,6,283
2024-12-01,FY 2024-25,Data and Analytics,L2,Junior (L1-L2),Hyderabad,Woman,19,0,0,0,0,2,238
2024-12-01,FY 2024-25,Data and Analytics,L3,Mid (L3-L4),Bengaluru,Man,13,0,0,0,0,3,153
2024-12-01,FY 2024-25,Data and Analytics,L3,Mid (L3-L4),Bengaluru,Woman,4,0,0,0,0,1,55
2024-12-01,FY 2024-25,Data and Analytics,L3,Mid (L3-L4),Hyderabad,Man,17,0,1,0,0,5,214
2024-12-01,FY 2024-25,Data and Analytics,L3,Mid (L3-L4),Hyderabad,Woman,8,0,0,0,0,0,87
2024-12-01,FY 2024-25,Data and Analytics,L4,Mid (L3-L4),Bengaluru,Man,7,0,0,0,0,1,77
2024-12-01,FY 2024-25,Data and Analytics,L4,Mid (L3-L4),Bengaluru,Woman,1,0,0,0,0,0,12
2024-12-01,FY 2024-25,Data and Analytics,L4,Mid (L3-L4),Hyderabad,Man,21,0,0,0,0,0,238
2024-12-01,FY 2024-25,Data and Analytics,L4,Mid (L3-L4),Hyderabad,Woman,2,0,0,0,0,1,29
2024-12-01,FY 2024-25,Data and Analytics,L5,Senior (L5-L6),Bengaluru,Man,3,0,0,0,0,0,36
2024-12-01,FY 2024-25,Data and Analytics,L5,Senior (L5-L6),Bengaluru,Woman,2,0,0,0,0,0,24
2024-12-01,FY 2024-25,Data and Analytics,L5,Senior (L5-L6),Hyderabad,Man,2,0,0,0,0,0,27
2024-12-01,FY 2024-25,Data and Analytics,L5,Senior (L5-L6),Hyderabad,Woman,4,0,0,0,0,0,45
2024-12-01,FY 2024-25,Data and Analytics,L6,Senior (L5-L6),Bengaluru,Man,3,0,0,0,0,0,33
2024-12-01,FY 2024-25,Data and Analytics,L6,Senior (L5-L6),Hyderabad,Man,4,0,0,0,0,0,45
2024-12-01,FY 2024-25,Data and Analytics,L6,Senior (L5-L6),Hyderabad,Woman,1,0,0,0,0,0,12
2024-12-01,FY 2024-25,Delivery,L1,Junior (L1-L2),Bengaluru,Man,98,2,0,0,0,8,995
2024-12-01,FY 2024-25,Delivery,L1,Junior (L1-L2),Bengaluru,Woman,62,1,0,0,0,11,670
2024-12-01,FY 2024-25,Delivery,L1,Junior (L1-L2),Hyderabad,Man,144,5,2,1,0,17,1478
2024-12-01,FY 2024-25,Delivery,L1,Junior (L1-L2),Hyderabad,Non-binary,1,0,0,0,0,0,5
2024-12-01,FY 2024-25,Delivery,L1,Junior (L1-L2),Hyderabad,Woman,106,1,1,1,0,23,1180
2024-12-01,FY 2024-25,Delivery,L2,Junior (L1-L2),Bengaluru,Man,71,3,0,0,0,11,826
2024-12-01,FY 2024-25,Delivery,L2,Junior (L1-L2),Bengaluru,Non-binary,0,0,0,0,0,0,0
2024-12-01,FY 2024-25,Delivery,L2,Junior (L1-L2),Bengaluru,Woman,28,0,0,0,0,7,349
2024-12-01,FY 2024-25,Delivery,L2,Junior (L1-L2),Hyderabad,Man,108,5,0,0,0,29,1332
2024-12-01,FY 2024-25,Delivery,L2,Junior (L1-L2),Hyderabad,Non-binary,1,0,0,0,0,0,12
2024-12-01,FY 2024-25,Delivery,L2,Junior (L1-L2),Hyderabad,Woman,68,3,1,0,1,11,773
2024-12-01,FY 2024-25,Delivery,L3,Mid (L3-L4),Bengaluru,Man,60,3,3,0,3,10,694
2024-12-01,FY 2024-25,Delivery,L3,Mid (L3-L4),Bengaluru,Woman,27,1,1,0,0,11,363
2024-12-01,FY 2024-25,Delivery,L3,Mid (L3-L4),Hyderabad,Man,84,3,1,0,1,15,1007
2024-12-01,FY 2024-25,Delivery,L3,Mid (L3-L4),Hyderabad,Non-binary,1,0,0,0,0,0,12
2024-12-01,FY 2024-25,Delivery,L3,Mid (L3-L4),Hyderabad,Woman,45,1,0,0,0,5,490
2024-12-01,FY 2024-25,Delivery,L4,Mid (L3-L4),Bengaluru,Man,25,0,1,1,0,5,324
2024-12-01,FY 2024-25,Delivery,L4,Mid (L3-L4),Bengaluru,Woman,6,0,1,0,0,3,99
2024-12-01,FY 2024-25,Delivery,L4,Mid (L3-L4),Hyderabad,Man,55,0,0,0,0,5,642
2024-12-01,FY 2024-25,Delivery,L4,Mid (L3-L4),Hyderabad,Woman,13,0,1,0,1,4,169
2024-12-01,FY 2024-25,Delivery,L5,Senior (L5-L6),Bengaluru,Man,22,0,0,0,0,3,268
2024-12-01,FY 2024-25,Delivery,L5,Senior (L5-L6),Bengaluru,Woman,6,0,0,0,0,0,72
2024-12-01,FY 2024-25,Delivery,L5,Senior (L5-L6),Hyderabad,Man,25,1,0,0,0,1,274
2024-12-01,FY 2024-25,Delivery,L5,Senior (L5-L6),Hyderabad,Woman,5,0,0,1,0,2,69
2024-12-01,FY 2024-25,Delivery,L6,Senior (L5-L6),Bengaluru,Man,10,0,0,0,0,0,116
2024-12-01,FY 2024-25,Delivery,L6,Senior (L5-L6),Bengaluru,Woman,4,0,0,0,0,0,45
2024-12-01,FY 2024-25,Delivery,L6,Senior (L5-L6),Hyderabad,Man,20,0,0,1,0,3,230
2024-12-01,FY 2024-25,Delivery,L6,Senior (L5-L6),Hyderabad,Woman,0,0,0,0,0,1,0
2024-12-01,FY 2024-25,Quality Engineering,L1,Junior (L1-L2),Bengaluru,Man,28,0,0,0,0,2,245
2024-12-01,FY 2024-25,Quality Engineering,L1,Junior (L1-L2),Bengaluru,Woman,22,0,0,0,0,4,261
2024-12-01,FY 2024-25,Quality Engineering,L1,Junior (L1-L2),Hyderabad,Man,47,1,0,0,0,3,501
2024-12-01,FY 2024-25,Quality Engineering,L1,Junior (L1-L2),Hyderabad,Non-binary,1,0,0,0,0,0,5
2024-12-01,FY 2024-25,Quality Engineering,L1,Junior (L1-L2),Hyderabad,Woman,33,1,0,0,0,5,331
2024-12-01,FY 2024-25,Quality Engineering,L2,Junior (L1-L2),Bengaluru,Man,32,1,1,0,0,2,366
2024-12-01,FY 2024-25,Quality Engineering,L2,Junior (L1-L2),Bengaluru,Non-binary,0,0,0,0,0,0,0
2024-12-01,FY 2024-25,Quality Engineering,L2,Junior (L1-L2),Bengaluru,Woman,15,1,1,0,0,3,191
2024-12-01,FY 2024-25,Quality Engineering,L2,Junior (L1-L2),Hyderabad,Man,36,0,0,0,0,6,448
2024-12-01,FY 2024-25,Quality Engineering,L2,Junior (L1-L2),Hyderabad,Woman,23,0,0,0,0,1,272
2024-12-01,FY 2024-25,Quality Engineering,L3,Mid (L3-L4),Bengaluru,Man,21,2,1,0,0,6,251
2024-12-01,FY 2024-25,Quality Engineering,L3,Mid (L3-L4),Bengaluru,Woman,8,0,0,0,0,3,105
2024-12-01,FY 2024-25,Quality Engineering,L3,Mid (L3-L4),Hyderabad,Man,21,0,0,0,0,7,245
2024-12-01,FY 2024-25,Quality Engineering,L3,Mid (L3-L4),Hyderabad,Woman,20,0,0,0,0,1,236
2024-12-01,FY 2024-25,Quality Engineering,L4,Mid (L3-L4),Bengaluru,Man,6,0,0,0,0,2,78
2024-12-01,FY 2024-25,Quality Engineering,L4,Mid (L3-L4),Bengaluru,Non-binary,1,0,0,0,0,0,12
2024-12-01,FY 2024-25,Quality Engineering,L4,Mid (L3-L4),Bengaluru,Woman,3,0,0,0,0,0,33
2024-12-01,FY 2024-25,Quality Engineering,L4,Mid (L3-L4),Hyderabad,Man,20,0,0,0,0,2,230
2024-12-01,FY 2024-25,Quality Engineering,L4,Mid (L3-L4),Hyderabad,Woman,5,0,0,0,0,1,53
2024-12-01,FY 2024-25,Quality Engineering,L5,Senior (L5-L6),Bengaluru,Man,3,0,0,0,0,1,45
2024-12-01,FY 2024-25,Quality Engineering,L5,Senior (L5-L6),Bengaluru,Woman,2,0,0,0,0,0,24
2024-12-01,FY 2024-25,Quality Engineering,L5,Senior (L5-L6),Hyderabad,Man,13,0,0,0,0,1,150
2024-12-01,FY 2024-25,Quality Engineering,L5,Senior (L5-L6),Hyderabad,Woman,2,0,0,0,0,1,31
2024-12-01,FY 2024-25,Quality Engineering,L6,Senior (L5-L6),Bengaluru,Man,6,0,0,0,0,0,69
2024-12-01,FY 2024-25,Quality Engineering,L6,Senior (L5-L6),Bengaluru,Woman,1,0,0,0,0,0,12
2024-12-01,FY 2024-25,Quality Engineering,L6,Senior (L5-L6),Hyderabad,Man,4,0,0,0,0,0,45
2024-12-01,FY 2024-25,Quality Engineering,L6,Senior (L5-L6),Hyderabad,Woman,1,0,0,0,0,0,12
2024-12-01,FY 2024-25,Sales and Presales,L1,Junior (L1-L2),Bengaluru,Man,18,0,0,0,0,1,193
2024-12-01,FY 2024-25,Sales and Presales,L1,Junior (L1-L2),Bengaluru,Non-binary,1,0,0,0,0,0,12
2024-12-01,FY 2024-25,Sales and Presales,L1,Junior (L1-L2),Bengaluru,Woman,10,0,0,0,0,2,94
2024-12-01,FY 2024-25,Sales and Presales,L1,Junior (L1-L2),Hyderabad,Man,15,0,0,0,0,5,172
2024-12-01,FY 2024-25,Sales and Presales,L1,Junior (L1-L2),Hyderabad,Woman,21,0,0,0,0,1,215
2024-12-01,FY 2024-25,Sales and Presales,L2,Junior (L1-L2),Bengaluru,Man,8,0,0,0,0,0,96
2024-12-01,FY 2024-25,Sales and Presales,L2,Junior (L1-L2),Bengaluru,Non-binary,0,0,0,0,0,0,0
2024-12-01,FY 2024-25,Sales and Presales,L2,Junior (L1-L2),Bengaluru,Woman,2,1,0,0,0,0,19
2024-12-01,FY 2024-25,Sales and Presales,L2,Junior (L1-L2),Hyderabad,Man,13,0,0,0,0,0,143
2024-12-01,FY 2024-25,Sales and Presales,L2,Junior (L1-L2),Hyderabad,Woman,8,0,0,0,0,1,103
2024-12-01,FY 2024-25,Sales and Presales,L3,Mid (L3-L4),Bengaluru,Man,7,0,1,0,0,1,91
2024-12-01,FY 2024-25,Sales and Presales,L3,Mid (L3-L4),Bengaluru,Woman,7,0,0,0,0,0,78
2024-12-01,FY 2024-25,Sales and Presales,L3,Mid (L3-L4),Hyderabad,Man,11,0,1,0,0,4,143
2024-12-01,FY 2024-25,Sales and Presales,L3,Mid (L3-L4),Hyderabad,Woman,5,0,0,0,0,1,61
2024-12-01,FY 2024-25,Sales and Presales,L4,Mid (L3-L4),Bengaluru,Man,3,0,0,0,0,2,46
2024-12-01,FY 2024-25,Sales and Presales,L4,Mid (L3-L4),Bengaluru,Woman,1,0,0,0,0,0,12
2024-12-01,FY 2024-25,Sales and Presales,L4,Mid (L3-L4),Hyderabad,Man,9,0,0,0,0,1,104
2024-12-01,FY 2024-25,Sales and Presales,L4,Mid (L3-L4),Hyderabad,Woman,0,0,0,0,0,0,0
2024-12-01,FY 2024-25,Sales and Presales,L5,Senior (L5-L6),Bengaluru,Man,1,0,0,0,0,0,12
2024-12-01,FY 2024-25,Sales and Presales,L5,Senior (L5-L6),Hyderabad,Man,4,0,0,0,0,0,48
2024-12-01,FY 2024-25,Sales and Presales,L5,Senior (L5-L6),Hyderabad,Woman,0,0,0,0,0,1,10
2024-12-01,FY 2024-25,Sales and Presales,L6,Senior (L5-L6),Bengaluru,Man,1,0,0,0,0,0,12
2024-12-01,FY 2024-25,Sales and Presales,L6,Senior (L5-L6),Hyderabad,Man,2,0,0,0,0,0,24
2025-01-01,FY 2024-25,Cloud and Infrastructure,L1,Junior (L1-L2),Bengaluru,Man,27,1,0,0,0,2,286
2025-01-01,FY 2024-25,Cloud and Infrastructure,L1,Junior (L1-L2),Bengaluru,Woman,15,0,0,0,0,4,182
2025-01-01,FY 2024-25,Cloud and Infrastructure,L1,Junior (L1-L2),Hyderabad,Man,38,0,0,0,0,2,408
2025-01-01,FY 2024-25,Cloud and Infrastructure,L1,Junior (L1-L2),Hyderabad,Woman,24,0,1,0,0,6,258
2025-01-01,FY 2024-25,Cloud and Infrastructure,L2,Junior (L1-L2),Bengaluru,Man,23,0,0,0,0,6,264
2025-01-01,FY 2024-25,Cloud and Infrastructure,L2,Junior (L1-L2),Bengaluru,Woman,14,1,0,1,0,4,161
2025-01-01,FY 2024-25,Cloud and Infrastructure,L2,Junior (L1-L2),Hyderabad,Man,33,0,0,0,0,5,390
2025-01-01,FY 2024-25,Cloud and Infrastructure,L2,Junior (L1-L2),Hyderabad,Woman,22,0,0,0,0,3,260
2025-01-01,FY 2024-25,Cloud and Infrastructure,L3,Mid (L3-L4),Bengaluru,Man,13,0,0,0,0,3,177
2025-01-01,FY 2024-25,Cloud and Infrastructure,L3,Mid (L3-L4),Bengaluru,Woman,2,0,0,0,0,1,33
2025-01-01,FY 2024-25,Cloud and Infrastructure,L3,Mid (L3-L4),Hyderabad,Man,15,0,0,0,0,3,200
2025-01-01,FY 2024-25,Cloud and Infrastructure,L3,Mid (L3-L4),Hyderabad,Non-binary,0,0,0,0,0,0,0
2025-01-01,FY 2024-25,Cloud and Infrastructure,L3,Mid (L3-L4),Hyderabad,Woman,12,0,0,0,0,0,125
2025-01-01,FY 2024-25,Cloud and Infrastructure,L4,Mid (L3-L4),Bengaluru,Man,13,0,0,0,0,0,143
2025-01-01,FY 2024-25,Cloud and Infrastructure,L4,Mid (L3-L4),Bengaluru,Woman,1,0,0,0,0,0,12
2025-01-01,FY 2024-25,Cloud and Infrastructure,L4,Mid (L3-L4),Hyderabad,Man,8,0,0,0,0,1,83
2025-01-01,FY 2024-25,Cloud and Infrastructure,L4,Mid (L3-L4),Hyderabad,Woman,7,0,0,0,0,1,89
2025-01-01,FY 2024-25,Cloud and Infrastructure,L5,Senior (L5-L6),Bengaluru,Man,4,0,0,0,0,0,45
2025-01-01,FY 2024-25,Cloud and Infrastructure,L5,Senior (L5-L6),Bengaluru,Woman,1,0,0,0,0,0,10
2025-01-01,FY 2024-25,Cloud and Infrastructure,L5,Senior (L5-L6),Hyderabad,Man,6,0,0,0,0,2,68
2025-01-01,FY 2024-25,Cloud and Infrastructure,L5,Senior (L5-L6),Hyderabad,Woman,2,0,0,0,0,0,24
2025-01-01,FY 2024-25,Cloud and Infrastructure,L6,Senior (L5-L6),Bengaluru,Man,1,0,0,0,0,0,12
2025-01-01,FY 2024-25,Cloud and Infrastructure,L6,Senior (L5-L6),Bengaluru,Woman,1,0,0,0,0,0,12
2025-01-01,FY 2024-25,Cloud and Infrastructure,L6,Senior (L5-L6),Hyderabad,Man,4,0,0,0,0,0,44
2025-01-01,FY 2024-25,Consulting,L1,Junior (L1-L2),Bengaluru,Man,7,0,0,0,0,1,71
2025-01-01,FY 2024-25,Consulting,L1,Junior (L1-L2),Bengaluru,Woman,5,0,0,0,0,1,60
2025-01-01,FY 2024-25,Consulting,L1,Junior (L1-L2),Hyderabad,Man,20,0,0,0,0,0,201
2025-01-01,FY 2024-25,Consulting,L1,Junior (L1-L2),Hyderabad,Woman,10,0,0,0,0,2,115
2025-01-01,FY 2024-25,Consulting,L2,Junior (L1-L2),Bengaluru,Man,7,0,0,0,0,1,85
2025-01-01,FY 2024-25,Consulting,L2,Junior (L1-L2),Bengaluru,Woman,2,0,0,0,0,0,23
2025-01-01,FY 2024-25,Consulting,L2,Junior (L1-L2),Hyderabad,Man,8,1,0,0,0,1,86
2025-01-01,FY 2024-25,Consulting,L2,Junior (L1-L2),Hyderabad,Woman,6,0,0,0,0,1,75
2025-01-01,FY 2024-25,Consulting,L3,Mid (L3-L4),Bengaluru,Man,7,1,0,0,0,3,83
2025-01-01,FY 2024-25,Consulting,L3,Mid (L3-L4),Bengaluru,Woman,1,0,0,0,0,0,14
2025-01-01,FY 2024-25,Consulting,L3,Mid (L3-L4),Hyderabad,Man,3,0,0,0,0,0,36
2025-01-01,FY 2024-25,Consulting,L3,Mid (L3-L4),Hyderabad,Woman,6,0,0,0,0,2,75
2025-01-01,FY 2024-25,Consulting,L4,Mid (L3-L4),Bengaluru,Man,4,0,1,0,0,2,68
2025-01-01,FY 2024-25,Consulting,L4,Mid (L3-L4),Bengaluru,Woman,2,0,0,0,0,0,24
2025-01-01,FY 2024-25,Consulting,L4,Mid (L3-L4),Hyderabad,Man,1,0,0,0,0,0,12
2025-01-01,FY 2024-25,Consulting,L4,Mid (L3-L4),Hyderabad,Woman,2,0,0,0,0,0,24
2025-01-01,FY 2024-25,Consulting,L5,Senior (L5-L6),Bengaluru,Man,2,0,0,0,0,0,26
2025-01-01,FY 2024-25,Consulting,L5,Senior (L5-L6),Bengaluru,Woman,1,0,0,0,0,0,10
2025-01-01,FY 2024-25,Consulting,L5,Senior (L5-L6),Hyderabad,Man,3,0,0,0,0,0,36
2025-01-01,FY 2024-25,Consulting,L5,Senior (L5-L6),Hyderabad,Woman,1,0,0,0,0,0,10
2025-01-01,FY 2024-25,Consulting,L6,Senior (L5-L6),Bengaluru,Man,2,0,0,0,0,0,22
2025-01-01,FY 2024-25,Consulting,L6,Senior (L5-L6),Hyderabad,Man,3,0,0,0,0,0,36
2025-01-01,FY 2024-25,Consulting,L6,Senior (L5-L6),Hyderabad,Woman,2,0,0,0,0,0,24
2025-01-01,FY 2024-25,Corporate Functions,L1,Junior (L1-L2),Bengaluru,Man,6,0,0,0,0,1,76
2025-01-01,FY 2024-25,Corporate Functions,L1,Junior (L1-L2),Bengaluru,Woman,6,0,0,0,0,0,63
2025-01-01,FY 2024-25,Corporate Functions,L1,Junior (L1-L2),Hyderabad,Man,13,0,0,0,0,4,157
2025-01-01,FY 2024-25,Corporate Functions,L1,Junior (L1-L2),Hyderabad,Woman,8,0,0,0,0,2,108
2025-01-01,FY 2024-25,Corporate Functions,L2,Junior (L1-L2),Bengaluru,Man,7,0,0,0,0,3,91
2025-01-01,FY 2024-25,Corporate Functions,L2,Junior (L1-L2),Bengaluru,Woman,6,1,0,0,0,0,50
2025-01-01,FY 2024-25,Corporate Functions,L2,Junior (L1-L2),Hyderabad,Man,19,0,0,0,0,1,218
2025-01-01,FY 2024-25,Corporate Functions,L2,Junior (L1-L2),Hyderabad,Woman,10,0,0,0,0,2,119
2025-01-01,FY 2024-25,Corporate Functions,L3,Mid (L3-L4),Bengaluru,Man,10,0,0,0,0,3,127
2025-01-01,FY 2024-25,Corporate Functions,L3,Mid (L3-L4),Bengaluru,Woman,4,0,0,0,0,1,53
2025-01-01,FY 2024-25,Corporate Functions,L3,Mid (L3-L4),Hyderabad,Man,13,0,0,0,0,0,152
2025-01-01,FY 2024-25,Corporate Functions,L3,Mid (L3-L4),Hyderabad,Woman,2,0,0,0,0,1,28
2025-01-01,FY 2024-25,Corporate Functions,L4,Mid (L3-L4),Bengaluru,Man,7,0,0,0,0,1,78
2025-01-01,FY 2024-25,Corporate Functions,L4,Mid (L3-L4),Bengaluru,Woman,3,0,0,0,0,0,31
2025-01-01,FY 2024-25,Corporate Functions,L4,Mid (L3-L4),Hyderabad,Man,11,1,1,0,0,4,125
2025-01-01,FY 2024-25,Corporate Functions,L4,Mid (L3-L4),Hyderabad,Woman,4,0,0,0,0,0,46
2025-01-01,FY 2024-25,Corporate Functions,L5,Senior (L5-L6),Bengaluru,Man,2,0,0,0,0,0,24
2025-01-01,FY 2024-25,Corporate Functions,L5,Senior (L5-L6),Bengaluru,Woman,0,0,0,0,0,0,0
2025-01-01,FY 2024-25,Corporate Functions,L5,Senior (L5-L6),Hyderabad,Man,5,0,0,0,0,0,52
2025-01-01,FY 2024-25,Corporate Functions,L6,Senior (L5-L6),Bengaluru,Man,3,0,0,0,0,0,36
2025-01-01,FY 2024-25,Corporate Functions,L6,Senior (L5-L6),Hyderabad,Man,2,0,0,0,0,0,24
2025-01-01,FY 2024-25,Data and Analytics,L1,Junior (L1-L2),Bengaluru,Man,22,0,0,0,0,4,228
2025-01-01,FY 2024-25,Data and Analytics,L1,Junior (L1-L2),Bengaluru,Woman,16,0,1,0,1,1,188
2025-01-01,FY 2024-25,Data and Analytics,L1,Junior (L1-L2),Hyderabad,Man,25,0,0,0,0,3,264
2025-01-01,FY 2024-25,Data and Analytics,L1,Junior (L1-L2),Hyderabad,Woman,15,0,1,0,0,3,158
2025-01-01,FY 2024-25,Data and Analytics,L2,Junior (L1-L2),Bengaluru,Man,17,0,0,0,0,3,200
2025-01-01,FY 2024-25,Data and Analytics,L2,Junior (L1-L2),Bengaluru,Woman,9,0,0,0,0,1,105
2025-01-01,FY 2024-25,Data and Analytics,L2,Junior (L1-L2),Hyderabad,Man,18,0,3,0,1,9,275
2025-01-01,FY 2024-25,Data and Analytics,L2,Junior (L1-L2),Hyderabad,Woman,18,0,1,0,1,3,233
2025-01-01,FY 2024-25,Data and Analytics,L3,Mid (L3-L4),Bengaluru,Man,12,0,1,0,0,4,151
2025-01-01,FY 2024-25,Data and Analytics,L3,Mid (L3-L4),Bengaluru,Woman,4,0,0,0,0,1,54
2025-01-01,FY 2024-25,Data and Analytics,L3,Mid (L3-L4),Hyderabad,Man,17,0,0,0,0,4,211
2025-01-01,FY 2024-25,Data and Analytics,L3,Mid (L3-L4),Hyderabad,Woman,8,0,0,0,0,0,90
2025-01-01,FY 2024-25,Data and Analytics,L4,Mid (L3-L4),Bengaluru,Man,7,0,0,0,0,1,78
2025-01-01,FY 2024-25,Data and Analytics,L4,Mid (L3-L4),Bengaluru,Woman,1,0,0,0,0,0,12
2025-01-01,FY 2024-25,Data and Analytics,L4,Mid (L3-L4),Hyderabad,Man,21,0,0,0,0,0,242
2025-01-01,FY 2024-25,Data and Analytics,L4,Mid (L3-L4),Hyderabad,Woman,2,0,0,0,0,1,28
2025-01-01,FY 2024-25,Data and Analytics,L5,Senior (L5-L6),Bengaluru,Man,3,0,0,0,0,0,36
2025-01-01,FY 2024-25,Data and Analytics,L5,Senior (L5-L6),Bengaluru,Woman,2,0,0,0,0,0,24
2025-01-01,FY 2024-25,Data and Analytics,L5,Senior (L5-L6),Hyderabad,Man,2,0,0,0,0,0,26
2025-01-01,FY 2024-25,Data and Analytics,L5,Senior (L5-L6),Hyderabad,Woman,4,0,0,0,0,0,46
2025-01-01,FY 2024-25,Data and Analytics,L6,Senior (L5-L6),Bengaluru,Man,3,0,0,0,0,0,34
2025-01-01,FY 2024-25,Data and Analytics,L6,Senior (L5-L6),Hyderabad,Man,4,0,0,0,0,0,46
2025-01-01,FY 2024-25,Data and Analytics,L6,Senior (L5-L6),Hyderabad,Woman,0,0,1,0,1,1,11
2025-01-01,FY 2024-25,Delivery,L1,Junior (L1-L2),Bengaluru,Man,99,2,1,0,1,8,1020
2025-01-01,FY 2024-25,Delivery,L1,Junior (L1-L2),Bengaluru,Woman,62,1,1,0,0,12,680
2025-01-01,FY 2024-25,Delivery,L1,Junior (L1-L2),Hyderabad,Man,145,1,0,0,0,17,1507
2025-01-01,FY 2024-25,Delivery,L1,Junior (L1-L2),Hyderabad,Non-binary,1,0,0,0,0,0,6
2025-01-01,FY 2024-25,Delivery,L1,Junior (L1-L2),Hyderabad,Woman,105,0,1,0,0,22,1186
2025-01-01,FY 2024-25,Delivery,L2,Junior (L1-L2),Bengaluru,Man,70,0,1,0,1,12,824
2025-01-01,FY 2024-25,Delivery,L2,Junior (L1-L2),Bengaluru,Non-binary,0,0,0,0,0,0,0
2025-01-01,FY 2024-25,Delivery,L2,Junior (L1-L2),Bengaluru,Woman,28,0,0,0,0,7,348
2025-01-01,FY 2024-25,Delivery,L2,Junior (L1-L2),Hyderabad,Man,106,0,1,1,0,28,1324
2025-01-01,FY 2024-25,Delivery,L2,Junior (L1-L2),Hyderabad,Non-binary,1,0,0,0,0,0,12
2025-01-01,FY 2024-25,Delivery,L2,Junior (L1-L2),Hyderabad,Woman,68,0,0,0,0,11,783
2025-01-01,FY 2024-25,Delivery,L3,Mid (L3-L4),Bengaluru,Man,60,0,0,0,0,10,702
2025-01-01,FY 2024-25,Delivery,L3,Mid (L3-L4),Bengaluru,Woman,28,1,0,0,0,10,360
2025-01-01,FY 2024-25,Delivery,L3,Mid (L3-L4),Hyderabad,Man,84,0,0,0,0,14,1004
2025-01-01,FY 2024-25,Delivery,L3,Mid (L3-L4),Hyderabad,Non-binary,1,0,0,0,0,0,12
2025-01-01,FY 2024-25,Delivery,L3,Mid (L3-L4),Hyderabad,Woman,44,0,1,0,1,6,495
2025-01-01,FY 2024-25,Delivery,L4,Mid (L3-L4),Bengaluru,Man,25,0,0,0,0,5,324
2025-01-01,FY 2024-25,Delivery,L4,Mid (L3-L4),Bengaluru,Woman,5,0,0,1,0,4,94
2025-01-01,FY 2024-25,Delivery,L4,Mid (L3-L4),Hyderabad,Man,56,1,0,0,0,5,648
2025-01-01,FY 2024-25,Delivery,L4,Mid (L3-L4),Hyderabad,Woman,12,0,1,0,1,5,167
2025-01-01,FY 2024-25,Delivery,L5,Senior (L5-L6),Bengaluru,Man,21,0,1,0,0,4,267
2025-01-01,FY 2024-25,Delivery,L5,Senior (L5-L6),Bengaluru,Woman,6,0,0,0,0,0,72
2025-01-01,FY 2024-25,Delivery,L5,Senior (L5-L6),Hyderabad,Man,25,0,0,0,0,1,280
2025-01-01,FY 2024-25,Delivery,L5,Senior (L5-L6),Hyderabad,Woman,5,0,0,0,0,2,68
2025-01-01,FY 2024-25,Delivery,L6,Senior (L5-L6),Bengaluru,Man,10,0,0,0,0,0,118
2025-01-01,FY 2024-25,Delivery,L6,Senior (L5-L6),Bengaluru,Woman,4,0,0,0,0,0,46
2025-01-01,FY 2024-25,Delivery,L6,Senior (L5-L6),Hyderabad,Man,20,0,0,0,0,3,233
2025-01-01,FY 2024-25,Delivery,L6,Senior (L5-L6),Hyderabad,Woman,0,0,0,0,0,0,0
2025-01-01,FY 2024-25,Quality Engineering,L1,Junior (L1-L2),Bengaluru,Man,29,1,0,0,0,2,258
2025-01-01,FY 2024-25,Quality Engineering,L1,Junior (L1-L2),Bengaluru,Woman,22,0,0,0,0,4,260
2025-01-01,FY 2024-25,Quality Engineering,L1,Junior (L1-L2),Hyderabad,Man,47,0,0,0,0,3,508
2025-01-01,FY 2024-25,Quality Engineering,L1,Junior (L1-L2),Hyderabad,Non-binary,1,0,0,0,0,0,6
2025-01-01,FY 2024-25,Quality Engineering,L1,Junior (L1-L2),Hyderabad,Woman,33,0,0,0,0,5,338
2025-01-01,FY 2024-25,Quality Engineering,L2,Junior (L1-L2),Bengaluru,Man,31,0,0,1,0,3,368
2025-01-01,FY 2024-25,Quality Engineering,L2,Junior (L1-L2),Bengaluru,Non-binary,0,0,0,0,0,0,0
2025-01-01,FY 2024-25,Quality Engineering,L2,Junior (L1-L2),Bengaluru,Woman,15,0,0,0,0,3,189
2025-01-01,FY 2024-25,Quality Engineering,L2,Junior (L1-L2),Hyderabad,Man,36,0,0,0,0,5,446
2025-01-01,FY 2024-25,Quality Engineering,L2,Junior (L1-L2),Hyderabad,Woman,21,0,2,0,0,3,269
2025-01-01,FY 2024-25,Quality Engineering,L3,Mid (L3-L4),Bengaluru,Man,22,1,0,0,0,6,254
2025-01-01,FY 2024-25,Quality Engineering,L3,Mid (L3-L4),Bengaluru,Woman,9,1,0,0,0,3,104
2025-01-01,FY 2024-25,Quality Engineering,L3,Mid (L3-L4),Hyderabad,Man,22,1,0,0,0,6,246
2025-01-01,FY 2024-25,Quality Engineering,L3,Mid (L3-L4),Hyderabad,Woman,20,0,0,0,0,1,238
2025-01-01,FY 2024-25,Quality Engineering,L4,Mid (L3-L4),Bengaluru,Man,6,0,0,0,0,2,76
2025-01-01,FY 2024-25,Quality Engineering,L4,Mid (L3-L4),Bengaluru,Non-binary,1,0,0,0,0,0,12
2025-01-01,FY 2024-25,Quality Engineering,L4,Mid (L3-L4),Bengaluru,Woman,3,0,0,0,0,0,34
2025-01-01,FY 2024-25,Quality Engineering,L4,Mid (L3-L4),Hyderabad,Man,19,0,1,0,0,2,232
2025-01-01,FY 2024-25,Quality Engineering,L4,Mid (L3-L4),Hyderabad,Woman,5,0,0,0,0,1,55
2025-01-01,FY 2024-25,Quality Engineering,L5,Senior (L5-L6),Bengaluru,Man,4,1,0,0,0,1,45
2025-01-01,FY 2024-25,Quality Engineering,L5,Senior (L5-L6),Bengaluru,Woman,2,0,0,0,0,0,24
2025-01-01,FY 2024-25,Quality Engineering,L5,Senior (L5-L6),Hyderabad,Man,13,0,0,0,0,1,153
2025-01-01,FY 2024-25,Quality Engineering,L5,Senior (L5-L6),Hyderabad,Woman,2,0,0,0,0,1,30
2025-01-01,FY 2024-25,Quality Engineering,L6,Senior (L5-L6),Bengaluru,Man,6,0,0,0,0,0,70
2025-01-01,FY 2024-25,Quality Engineering,L6,Senior (L5-L6),Bengaluru,Woman,1,0,0,0,0,0,12
2025-01-01,FY 2024-25,Quality Engineering,L6,Senior (L5-L6),Hyderabad,Man,4,0,0,0,0,0,46
2025-01-01,FY 2024-25,Quality Engineering,L6,Senior (L5-L6),Hyderabad,Woman,1,0,0,0,0,0,12
2025-01-01,FY 2024-25,Sales and Presales,L1,Junior (L1-L2),Bengaluru,Man,18,0,0,0,0,1,196
2025-01-01,FY 2024-25,Sales and Presales,L1,Junior (L1-L2),Bengaluru,Non-binary,1,0,0,0,0,0,12
2025-01-01,FY 2024-25,Sales and Presales,L1,Junior (L1-L2),Bengaluru,Woman,10,0,0,0,0,2,97
2025-01-01,FY 2024-25,Sales and Presales,L1,Junior (L1-L2),Hyderabad,Man,15,0,0,0,0,5,170
2025-01-01,FY 2024-25,Sales and Presales,L1,Junior (L1-L2),Hyderabad,Woman,20,0,1,0,0,1,220
2025-01-01,FY 2024-25,Sales and Presales,L2,Junior (L1-L2),Bengaluru,Man,8,0,0,0,0,0,96
2025-01-01,FY 2024-25,Sales and Presales,L2,Junior (L1-L2),Bengaluru,Non-binary,0,0,0,0,0,0,0
2025-01-01,FY 2024-25,Sales and Presales,L2,Junior (L1-L2),Bengaluru,Woman,2,0,0,0,0,0,18
2025-01-01,FY 2024-25,Sales and Presales,L2,Junior (L1-L2),Hyderabad,Man,13,0,0,0,0,0,145
2025-01-01,FY 2024-25,Sales and Presales,L2,Junior (L1-L2),Hyderabad,Woman,8,0,0,0,0,1,102
2025-01-01,FY 2024-25,Sales and Presales,L3,Mid (L3-L4),Bengaluru,Man,7,0,0,0,0,1,91
2025-01-01,FY 2024-25,Sales and Presales,L3,Mid (L3-L4),Bengaluru,Woman,7,0,0,0,0,0,80
2025-01-01,FY 2024-25,Sales and Presales,L3,Mid (L3-L4),Hyderabad,Man,11,0,0,0,0,4,144
2025-01-01,FY 2024-25,Sales and Presales,L3,Mid (L3-L4),Hyderabad,Woman,5,0,0,0,0,1,61
2025-01-01,FY 2024-25,Sales and Presales,L4,Mid (L3-L4),Bengaluru,Man,3,0,0,0,0,2,44
2025-01-01,FY 2024-25,Sales and Presales,L4,Mid (L3-L4),Bengaluru,Woman,1,0,0,0,0,0,12
2025-01-01,FY 2024-25,Sales and Presales,L4,Mid (L3-L4),Hyderabad,Man,9,0,0,0,0,1,104
2025-01-01,FY 2024-25,Sales and Presales,L4,Mid (L3-L4),Hyderabad,Woman,0,0,0,0,0,0,0
2025-01-01,FY 2024-25,Sales and Presales,L5,Senior (L5-L6),Bengaluru,Man,1,0,0,0,0,0,12
2025-01-01,FY 2024-25,Sales and Presales,L5,Senior (L5-L6),Hyderabad,Man,4,0,0,0,0,0,48
2025-01-01,FY 2024-25,Sales and Presales,L5,Senior (L5-L6),Hyderabad,Woman,0,0,0,0,0,1,9
2025-01-01,FY 2024-25,Sales and Presales,L6,Senior (L5-L6),Bengaluru,Man,1,0,0,0,0,0,12
2025-01-01,FY 2024-25,Sales and Presales,L6,Senior (L5-L6),Hyderabad,Man,2,0,0,0,0,0,24
2025-02-01,FY 2024-25,Cloud and Infrastructure,L1,Junior (L1-L2),Bengaluru,Man,27,0,0,0,0,2,290
2025-02-01,FY 2024-25,Cloud and Infrastructure,L1,Junior (L1-L2),Bengaluru,Woman,14,0,1,0,0,5,179
2025-02-01,FY 2024-25,Cloud and Infrastructure,L1,Junior (L1-L2),Hyderabad,Man,38,0,0,0,0,2,414
2025-02-01,FY 2024-25,Cloud and Infrastructure,L1,Junior (L1-L2),Hyderabad,Woman,24,0,0,0,0,6,260
2025-02-01,FY 2024-25,Cloud and Infrastructure,L2,Junior (L1-L2),Bengaluru,Man,22,0,1,0,0,7,264
2025-02-01,FY 2024-25,Cloud and Infrastructure,L2,Junior (L1-L2),Bengaluru,Woman,14,0,0,0,0,4,164
2025-02-01,FY 2024-25,Cloud and Infrastructure,L2,Junior (L1-L2),Hyderabad,Man,32,0,1,0,1,6,392
2025-02-01,FY 2024-25,Cloud and Infrastructure,L2,Junior (L1-L2),Hyderabad,Woman,22,0,0,0,0,3,261
2025-02-01,FY 2024-25,Cloud and Infrastructure,L3,Mid (L3-L4),Bengaluru,Man,13,1,1,0,1,4,171
2025-02-01,FY 2024-25,Cloud and Infrastructure,L3,Mid (L3-L4),Bengaluru,Woman,2,0,0,0,0,1,33
2025-02-01,FY 2024-25,Cloud and Infrastructure,L3,Mid (L3-L4),Hyderabad,Man,15,0,0,0,0,3,197
2025-02-01,FY 2024-25,Cloud and Infrastructure,L3,Mid (L3-L4),Hyderabad,Non-binary,0,0,0,0,0,0,0
2025-02-01,FY 2024-25,Cloud and Infrastructure,L3,Mid (L3-L4),Hyderabad,Woman,12,0,0,0,0,0,129
2025-02-01,FY 2024-25,Cloud and Infrastructure,L4,Mid (L3-L4),Bengaluru,Man,13,0,0,0,0,0,147
2025-02-01,FY 2024-25,Cloud and Infrastructure,L4,Mid (L3-L4),Bengaluru,Woman,1,0,0,0,0,0,12
2025-02-01,FY 2024-25,Cloud and Infrastructure,L4,Mid (L3-L4),Hyderabad,Man,8,0,0,0,0,1,85
2025-02-01,FY 2024-25,Cloud and Infrastructure,L4,Mid (L3-L4),Hyderabad,Woman,7,0,0,0,0,1,88
2025-02-01,FY 2024-25,Cloud and Infrastructure,L5,Senior (L5-L6),Bengaluru,Man,4,0,0,0,0,0,47
2025-02-01,FY 2024-25,Cloud and Infrastructure,L5,Senior (L5-L6),Bengaluru,Woman,1,0,0,0,0,0,11
2025-02-01,FY 2024-25,Cloud and Infrastructure,L5,Senior (L5-L6),Hyderabad,Man,6,0,0,0,0,2,66
2025-02-01,FY 2024-25,Cloud and Infrastructure,L5,Senior (L5-L6),Hyderabad,Woman,2,0,0,0,0,0,24
2025-02-01,FY 2024-25,Cloud and Infrastructure,L6,Senior (L5-L6),Bengaluru,Man,1,0,0,0,0,0,12
2025-02-01,FY 2024-25,Cloud and Infrastructure,L6,Senior (L5-L6),Bengaluru,Woman,1,0,0,0,0,0,12
2025-02-01,FY 2024-25,Cloud and Infrastructure,L6,Senior (L5-L6),Hyderabad,Man,4,0,0,0,0,0,46
2025-02-01,FY 2024-25,Consulting,L1,Junior (L1-L2),Bengaluru,Man,7,0,0,0,0,1,72
2025-02-01,FY 2024-25,Consulting,L1,Junior (L1-L2),Bengaluru,Woman,5,0,0,0,0,1,60
2025-02-01,FY 2024-25,Consulting,L1,Junior (L1-L2),Hyderabad,Man,20,0,0,0,0,0,207
2025-02-01,FY 2024-25,Consulting,L1,Junior (L1-L2),Hyderabad,Woman,10,0,0,0,0,2,116
2025-02-01,FY 2024-25,Consulting,L2,Junior (L1-L2),Bengaluru,Man,6,0,0,1,0,1,83
2025-02-01,FY 2024-25,Consulting,L2,Junior (L1-L2),Bengaluru,Woman,2,0,0,0,0,0,24
2025-02-01,FY 2024-25,Consulting,L2,Junior (L1-L2),Hyderabad,Man,8,0,0,0,0,1,87
2025-02-01,FY 2024-25,Consulting,L2,Junior (L1-L2),Hyderabad,Woman,6,0,0,0,0,1,75
2025-02-01,FY 2024-25,Consulting,L3,Mid (L3-L4),Bengaluru,Man,7,0,0,0,0,3,84
2025-02-01,FY 2024-25,Consulting,L3,Mid (L3-L4),Bengaluru,Woman,1,0,0,0,0,0,13
2025-02-01,FY 2024-25,Consulting,L3,Mid (L3-L4),Hyderabad,Man,3,0,0,0,0,0,36
2025-02-01,FY 2024-25,Consulting,L3,Mid (L3-L4),Hyderabad,Woman,6,0,0,0,0,1,75
2025-02-01,FY 2024-25,Consulting,L4,Mid (L3-L4),Bengaluru,Man,4,0,0,0,0,2,66
2025-02-01,FY 2024-25,Consulting,L4,Mid (L3-L4),Bengaluru,Woman,2,0,0,0,0,0,24
2025-02-01,FY 2024-25,Consulting,L4,Mid (L3-L4),Hyderabad,Man,1,0,0,0,0,0,12
2025-02-01,FY 2024-25,Consulting,L4,Mid (L3-L4),Hyderabad,Woman,2,0,0,0,0,0,24
2025-02-01,FY 2024-25,Consulting,L5,Senior (L5-L6),Bengaluru,Man,2,0,0,0,0,0,25
2025-02-01,FY 2024-25,Consulting,L5,Senior (L5-L6),Bengaluru,Woman,1,0,0,0,0,0,11
2025-02-01,FY 2024-25,Consulting,L5,Senior (L5-L6),Hyderabad,Man,2,0,0,1,0,1,35
2025-02-01,FY 2024-25,Consulting,L5,Senior (L5-L6),Hyderabad,Woman,1,0,0,0,0,0,11
2025-02-01,FY 2024-25,Consulting,L6,Senior (L5-L6),Bengaluru,Man,2,0,0,0,0,0,23
2025-02-01,FY 2024-25,Consulting,L6,Senior (L5-L6),Hyderabad,Man,3,0,0,0,0,0,36
2025-02-01,FY 2024-25,Consulting,L6,Senior (L5-L6),Hyderabad,Woman,2,0,0,0,0,0,24
2025-02-01,FY 2024-25,Corporate Functions,L1,Junior (L1-L2),Bengaluru,Man,6,0,0,0,0,1,75
2025-02-01,FY 2024-25,Corporate Functions,L1,Junior (L1-L2),Bengaluru,Woman,6,0,0,0,0,0,65
2025-02-01,FY 2024-25,Corporate Functions,L1,Junior (L1-L2),Hyderabad,Man,13,0,0,0,0,3,156
2025-02-01,FY 2024-25,Corporate Functions,L1,Junior (L1-L2),Hyderabad,Woman,9,1,0,0,0,1,107
2025-02-01,FY 2024-25,Corporate Functions,L2,Junior (L1-L2),Bengaluru,Man,7,0,0,0,0,3,90
2025-02-01,FY 2024-25,Corporate Functions,L2,Junior (L1-L2),Bengaluru,Woman,6,0,0,0,0,0,53
2025-02-01,FY 2024-25,Corporate Functions,L2,Junior (L1-L2),Hyderabad,Man,20,1,0,0,0,1,221
2025-02-01,FY 2024-25,Corporate Functions,L2,Junior (L1-L2),Hyderabad,Woman,11,1,0,0,0,2,121
2025-02-01,FY 2024-25,Corporate Functions,L3,Mid (L3-L4),Bengaluru,Man,10,0,0,0,0,3,125
2025-02-01,FY 2024-25,Corporate Functions,L3,Mid (L3-L4),Bengaluru,Woman,4,0,0,0,0,1,52
2025-02-01,FY 2024-25,Corporate Functions,L3,Mid (L3-L4),Hyderabad,Man,13,0,0,0,0,0,153
2025-02-01,FY 2024-25,Corporate Functions,L3,Mid (L3-L4),Hyderabad,Woman,2,0,0,0,0,1,26
2025-02-01,FY 2024-25,Corporate Functions,L4,Mid (L3-L4),Bengaluru,Man,7,0,0,0,0,0,81
2025-02-01,FY 2024-25,Corporate Functions,L4,Mid (L3-L4),Bengaluru,Woman,3,0,0,0,0,0,33
2025-02-01,FY 2024-25,Corporate Functions,L4,Mid (L3-L4),Hyderabad,Man,11,0,0,0,0,4,126
2025-02-01,FY 2024-25,Corporate Functions,L4,Mid (L3-L4),Hyderabad,Woman,4,0,0,0,0,0,47
2025-02-01,FY 2024-25,Corporate Functions,L5,Senior (L5-L6),Bengaluru,Man,2,0,0,0,0,0,24
2025-02-01,FY 2024-25,Corporate Functions,L5,Senior (L5-L6),Bengaluru,Woman,0,0,0,0,0,0,0
2025-02-01,FY 2024-25,Corporate Functions,L5,Senior (L5-L6),Hyderabad,Man,5,0,0,0,0,0,54
2025-02-01,FY 2024-25,Corporate Functions,L6,Senior (L5-L6),Bengaluru,Man,3,0,0,0,0,0,36
2025-02-01,FY 2024-25,Corporate Functions,L6,Senior (L5-L6),Hyderabad,Man,2,0,0,0,0,0,24
2025-02-01,FY 2024-25,Data and Analytics,L1,Junior (L1-L2),Bengaluru,Man,22,0,0,0,0,3,231
2025-02-01,FY 2024-25,Data and Analytics,L1,Junior (L1-L2),Bengaluru,Woman,16,0,0,0,0,1,191
2025-02-01,FY 2024-25,Data and Analytics,L1,Junior (L1-L2),Hyderabad,Man,25,0,0,0,0,3,269
2025-02-01,FY 2024-25,Data and Analytics,L1,Junior (L1-L2),Hyderabad,Woman,15,0,0,0,0,2,162
2025-02-01,FY 2024-25,Data and Analytics,L2,Junior (L1-L2),Bengaluru,Man,17,0,0,0,0,3,200
2025-02-01,FY 2024-25,Data and Analytics,L2,Junior (L1-L2),Bengaluru,Woman,8,0,1,0,1,2,105
2025-02-01,FY 2024-25,Data and Analytics,L2,Junior (L1-L2),Hyderabad,Man,18,0,0,0,0,9,267
2025-02-01,FY 2024-25,Data and Analytics,L2,Junior (L1-L2),Hyderabad,Woman,18,0,0,0,0,3,228
2025-02-01,FY 2024-25,Data and Analytics,L3,Mid (L3-L4),Bengaluru,Man,13,1,0,0,0,4,150
2025-02-01,FY 2024-25,Data and Analytics,L3,Mid (L3-L4),Bengaluru,Woman,4,0,0,0,0,1,53
2025-02-01,FY 2024-25,Data and Analytics,L3,Mid (L3-L4),Hyderabad,Man,16,0,0,1,0,4,208
2025-02-01,FY 2024-25,Data and Analytics,L3,Mid (L3-L4),Hyderabad,Woman,8,0,0,0,0,0,93
2025-02-01,FY 2024-25,Data and Analytics,L4,Mid (L3-L4),Bengaluru,Man,7,0,0,0,0,1,79
2025-02-01,FY 2024-25,Data and Analytics,L4,Mid (L3-L4),Bengaluru,Woman,1,0,0,0,0,0,12
2025-02-01,FY 2024-25,Data and Analytics,L4,Mid (L3-L4),Hyderabad,Man,21,0,0,0,0,0,246
2025-02-01,FY 2024-25,Data and Analytics,L4,Mid (L3-L4),Hyderabad,Woman,2,0,0,0,0,1,27
2025-02-01,FY 2024-25,Data and Analytics,L5,Senior (L5-L6),Bengaluru,Man,3,0,0,0,0,0,36
2025-02-01,FY 2024-25,Data and Analytics,L5,Senior (L5-L6),Bengaluru,Woman,2,0,0,0,0,0,24
2025-02-01,FY 2024-25,Data and Analytics,L5,Senior (L5-L6),Hyderabad,Man,2,0,0,0,0,0,25
2025-02-01,FY 2024-25,Data and Analytics,L5,Senior (L5-L6),Hyderabad,Woman,4,0,0,0,0,0,47
2025-02-01,FY 2024-25,Data and Analytics,L6,Senior (L5-L6),Bengaluru,Man,3,0,0,0,0,0,35
2025-02-01,FY 2024-25,Data and Analytics,L6,Senior (L5-L6),Hyderabad,Man,4,0,0,0,0,0,47
2025-02-01,FY 2024-25,Data and Analytics,L6,Senior (L5-L6),Hyderabad,Woman,0,0,0,0,0,1,10
2025-02-01,FY 2024-25,Delivery,L1,Junior (L1-L2),Bengaluru,Man,100,1,0,0,0,7,1046
2025-02-01,FY 2024-25,Delivery,L1,Junior (L1-L2),Bengaluru,Woman,61,0,1,0,0,13,687
2025-02-01,FY 2024-25,Delivery,L1,Junior (L1-L2),Hyderabad,Man,145,1,1,0,0,17,1535
2025-02-01,FY 2024-25,Delivery,L1,Junior (L1-L2),Hyderabad,Non-binary,1,0,0,0,0,0,7
2025-02-01,FY 2024-25,Delivery,L1,Junior (L1-L2),Hyderabad,Woman,106,2,1,0,0,22,1193
2025-02-01,FY 2024-25,Delivery,L2,Junior (L1-L2),Bengaluru,Man,71,1,0,0,0,9,826
2025-02-01,FY 2024-25,Delivery,L2,Junior (L1-L2),Bengaluru,Non-binary,0,0,0,0,0,0,0
2025-02-01,FY 2024-25,Delivery,L2,Junior (L1-L2),Bengaluru,Woman,28,1,1,0,0,6,349
2025-02-01,FY 2024-25,Delivery,L2,Junior (L1-L2),Hyderabad,Man,106,0,0,0,0,25,1317
2025-02-01,FY 2024-25,Delivery,L2,Junior (L1-L2),Hyderabad,Non-binary,1,0,0,0,0,0,12
2025-02-01,FY 2024-25,Delivery,L2,Junior (L1-L2),Hyderabad,Woman,68,1,1,0,0,12,791
2025-02-01,FY 2024-25,Delivery,L3,Mid (L3-L4),Bengaluru,Man,62,3,0,1,0,11,710
2025-02-01,FY 2024-25,Delivery,L3,Mid (L3-L4),Bengaluru,Woman,28,0,0,0,0,10,357
2025-02-01,FY 2024-25,Delivery,L3,Mid (L3-L4),Hyderabad,Man,84,1,1,0,0,13,1003
2025-02-01,FY 2024-25,Delivery,L3,Mid (L3-L4),Hyderabad,Non-binary,1,0,0,0,0,0,12
2025-02-01,FY 2024-25,Delivery,L3,Mid (L3-L4),Hyderabad,Woman,44,0,0,0,0,5,501
2025-02-01,FY 2024-25,Delivery,L4,Mid (L3-L4),Bengaluru,Man,27,2,0,0,0,5,325
2025-02-01,FY 2024-25,Delivery,L4,Mid (L3-L4),Bengaluru,Woman,5,0,0,0,0,4,89
2025-02-01,FY 2024-25,Delivery,L4,Mid (L3-L4),Hyderabad,Man,56,1,1,0,1,5,655
2025-02-01,FY 2024-25,Delivery,L4,Mid (L3-L4),Hyderabad,Woman,13,1,0,0,0,5,166
2025-02-01,FY 2024-25,Delivery,L5,Senior (L5-L6),Bengaluru,Man,22,1,0,0,0,4,267
2025-02-01,FY 2024-25,Delivery,L5,Senior (L5-L6),Bengaluru,Woman,6,0,0,0,0,0,72
2025-02-01,FY 2024-25,Delivery,L5,Senior (L5-L6),Hyderabad,Man,25,0,0,0,0,1,286
2025-02-01,FY 2024-25,Delivery,L5,Senior (L5-L6),Hyderabad,Woman,5,0,0,0,0,1,68
2025-02-01,FY 2024-25,Delivery,L6,Senior (L5-L6),Bengaluru,Man,10,0,0,0,0,0,119
2025-02-01,FY 2024-25,Delivery,L6,Senior (L5-L6),Bengaluru,Woman,4,0,0,0,0,0,47
2025-02-01,FY 2024-25,Delivery,L6,Senior (L5-L6),Hyderabad,Man,19,0,0,1,0,4,235
2025-02-01,FY 2024-25,Delivery,L6,Senior (L5-L6),Hyderabad,Woman,0,0,0,0,0,0,0
2025-02-01,FY 2024-25,Quality Engineering,L1,Junior (L1-L2),Bengaluru,Man,29,0,0,0,0,2,270
2025-02-01,FY 2024-25,Quality Engineering,L1,Junior (L1-L2),Bengaluru,Woman,20,0,2,0,1,5,258
2025-02-01,FY 2024-25,Quality Engineering,L1,Junior (L1-L2),Hyderabad,Man,47,0,0,0,0,3,515
2025-02-01,FY 2024-25,Quality Engineering,L1,Junior (L1-L2),Hyderabad,Non-binary,1,0,0,0,0,0,7
2025-02-01,FY 2024-25,Quality Engineering,L1,Junior (L1-L2),Hyderabad,Woman,32,0,1,0,0,5,345
2025-02-01,FY 2024-25,Quality Engineering,L2,Junior (L1-L2),Bengaluru,Man,31,0,0,0,0,3,370
2025-02-01,FY 2024-25,Quality Engineering,L2,Junior (L1-L2),Bengaluru,Non-binary,0,0,0,0,0,0,0
2025-02-01,FY 2024-25,Quality Engineering,L2,Junior (L1-L2),Bengaluru,Woman,16,1,0,0,0,3,188
2025-02-01,FY 2024-25,Quality Engineering,L2,Junior (L1-L2),Hyderabad,Man,37,1,0,0,0,5,445
2025-02-01,FY 2024-25,Quality Engineering,L2,Junior (L1-L2),Hyderabad,Woman,22,1,0,0,0,2,268
2025-02-01,FY 2024-25,Quality Engineering,L3,Mid (L3-L4),Bengaluru,Man,22,0,0,0,0,6,257
2025-02-01,FY 2024-25,Quality Engineering,L3,Mid (L3-L4),Bengaluru,Woman,9,0,0,0,0,2,104
2025-02-01,FY 2024-25,Quality Engineering,L3,Mid (L3-L4),Hyderabad,Man,21,1,2,0,0,6,248
2025-02-01,FY 2024-25,Quality Engineering,L3,Mid (L3-L4),Hyderabad,Woman,19,0,1,0,0,2,239
2025-02-01,FY 2024-25,Quality Engineering,L4,Mid (L3-L4),Bengaluru,Man,6,0,0,0,0,2,74
2025-02-01,FY 2024-25,Quality Engineering,L4,Mid (L3-L4),Bengaluru,Non-binary,1,0,0,0,0,0,12
2025-02-01,FY 2024-25,Quality Engineering,L4,Mid (L3-L4),Bengaluru,Woman,3,0,0,0,0,0,35
2025-02-01,FY 2024-25,Quality Engineering,L4,Mid (L3-L4),Hyderabad,Man,19,0,0,0,0,2,233
2025-02-01,FY 2024-25,Quality Engineering,L4,Mid (L3-L4),Hyderabad,Woman,5,0,0,0,0,1,57
2025-02-01,FY 2024-25,Quality Engineering,L5,Senior (L5-L6),Bengaluru,Man,4,0,0,0,0,1,45
2025-02-01,FY 2024-25,Quality Engineering,L5,Senior (L5-L6),Bengaluru,Woman,2,0,0,0,0,0,24
2025-02-01,FY 2024-25,Quality Engineering,L5,Senior (L5-L6),Hyderabad,Man,13,0,0,0,0,1,154
2025-02-01,FY 2024-25,Quality Engineering,L5,Senior (L5-L6),Hyderabad,Woman,2,0,0,0,0,1,29
2025-02-01,FY 2024-25,Quality Engineering,L6,Senior (L5-L6),Bengaluru,Man,6,0,0,0,0,0,71
2025-02-01,FY 2024-25,Quality Engineering,L6,Senior (L5-L6),Bengaluru,Woman,1,0,0,0,0,0,12
2025-02-01,FY 2024-25,Quality Engineering,L6,Senior (L5-L6),Hyderabad,Man,4,0,0,0,0,0,47
2025-02-01,FY 2024-25,Quality Engineering,L6,Senior (L5-L6),Hyderabad,Woman,1,0,0,0,0,0,12
2025-02-01,FY 2024-25,Sales and Presales,L1,Junior (L1-L2),Bengaluru,Man,17,0,1,0,0,2,198
2025-02-01,FY 2024-25,Sales and Presales,L1,Junior (L1-L2),Bengaluru,Non-binary,1,0,0,0,0,0,12
2025-02-01,FY 2024-25,Sales and Presales,L1,Junior (L1-L2),Bengaluru,Woman,10,0,0,0,0,2,100
2025-02-01,FY 2024-25,Sales and Presales,L1,Junior (L1-L2),Hyderabad,Man,15,0,0,0,0,5,168
2025-02-01,FY 2024-25,Sales and Presales,L1,Junior (L1-L2),Hyderabad,Woman,20,0,0,0,0,1,225
2025-02-01,FY 2024-25,Sales and Presales,L2,Junior (L1-L2),Bengaluru,Man,8,0,0,0,0,0,96
2025-02-01,FY 2024-25,Sales and Presales,L2,Junior (L1-L2),Bengaluru,Non-binary,0,0,0,0,0,0,0
2025-02-01,FY 2024-25,Sales and Presales,L2,Junior (L1-L2),Bengaluru,Woman,2,0,0,0,0,0,17
2025-02-01,FY 2024-25,Sales and Presales,L2,Junior (L1-L2),Hyderabad,Man,12,0,1,0,0,1,146
2025-02-01,FY 2024-25,Sales and Presales,L2,Junior (L1-L2),Hyderabad,Woman,8,0,0,0,0,1,101
2025-02-01,FY 2024-25,Sales and Presales,L3,Mid (L3-L4),Bengaluru,Man,7,0,0,0,0,1,91
2025-02-01,FY 2024-25,Sales and Presales,L3,Mid (L3-L4),Bengaluru,Woman,7,0,0,0,0,0,82
2025-02-01,FY 2024-25,Sales and Presales,L3,Mid (L3-L4),Hyderabad,Man,11,0,0,0,0,4,145
2025-02-01,FY 2024-25,Sales and Presales,L3,Mid (L3-L4),Hyderabad,Woman,5,0,0,0,0,1,61
2025-02-01,FY 2024-25,Sales and Presales,L4,Mid (L3-L4),Bengaluru,Man,3,0,0,0,0,2,42
2025-02-01,FY 2024-25,Sales and Presales,L4,Mid (L3-L4),Bengaluru,Woman,1,0,0,0,0,0,12
2025-02-01,FY 2024-25,Sales and Presales,L4,Mid (L3-L4),Hyderabad,Man,8,0,1,0,0,1,104
2025-02-01,FY 2024-25,Sales and Presales,L4,Mid (L3-L4),Hyderabad,Woman,0,0,0,0,0,0,0
2025-02-01,FY 2024-25,Sales and Presales,L5,Senior (L5-L6),Bengaluru,Man,1,0,0,0,0,0,12
2025-02-01,FY 2024-25,Sales and Presales,L5,Senior (L5-L6),Hyderabad,Man,4,0,0,0,0,0,48
2025-02-01,FY 2024-25,Sales and Presales,L5,Senior (L5-L6),Hyderabad,Woman,0,0,0,0,0,1,8
2025-02-01,FY 2024-25,Sales and Presales,L6,Senior (L5-L6),Bengaluru,Man,1,0,0,0,0,0,12
2025-02-01,FY 2024-25,Sales and Presales,L6,Senior (L5-L6),Hyderabad,Man,2,0,0,0,0,0,24
2025-03-01,FY 2024-25,Cloud and Infrastructure,L1,Junior (L1-L2),Bengaluru,Man,26,0,1,0,1,3,293
2025-03-01,FY 2024-25,Cloud and Infrastructure,L1,Junior (L1-L2),Bengaluru,Woman,14,0,0,0,0,5,176
2025-03-01,FY 2024-25,Cloud and Infrastructure,L1,Junior (L1-L2),Hyderabad,Man,38,0,0,0,0,2,420
2025-03-01,FY 2024-25,Cloud and Infrastructure,L1,Junior (L1-L2),Hyderabad,Woman,24,0,0,0,0,5,263
2025-03-01,FY 2024-25,Cloud and Infrastructure,L2,Junior (L1-L2),Bengaluru,Man,23,1,0,0,0,7,265
2025-03-01,FY 2024-25,Cloud and Infrastructure,L2,Junior (L1-L2),Bengaluru,Woman,14,0,0,0,0,3,167
2025-03-01,FY 2024-25,Cloud and Infrastructure,L2,Junior (L1-L2),Hyderabad,Man,32,1,0,1,0,6,393
2025-03-01,FY 2024-25,Cloud and Infrastructure,L2,Junior (L1-L2),Hyderabad,Woman,22,0,0,0,0,3,262
2025-03-01,FY 2024-25,Cloud and Infrastructure,L3,Mid (L3-L4),Bengaluru,Man,13,0,0,0,0,4,165
2025-03-01,FY 2024-25,Cloud and Infrastructure,L3,Mid (L3-L4),Bengaluru,Woman,2,0,0,0,0,1,32
2025-03-01,FY 2024-25,Cloud and Infrastructure,L3,Mid (L3-L4),Hyderabad,Man,15,0,0,0,0,3,194
2025-03-01,FY 2024-25,Cloud and Infrastructure,L3,Mid (L3-L4),Hyderabad,Non-binary,0,0,0,0,0,0,0
2025-03-01,FY 2024-25,Cloud and Infrastructure,L3,Mid (L3-L4),Hyderabad,Woman,12,0,0,0,0,0,133
2025-03-01,FY 2024-25,Cloud and Infrastructure,L4,Mid (L3-L4),Bengaluru,Man,13,0,0,0,0,0,151
2025-03-01,FY 2024-25,Cloud and Infrastructure,L4,Mid (L3-L4),Bengaluru,Woman,1,0,0,0,0,0,12
2025-03-01,FY 2024-25,Cloud and Infrastructure,L4,Mid (L3-L4),Hyderabad,Man,8,0,0,0,0,1,87
2025-03-01,FY 2024-25,Cloud and Infrastructure,L4,Mid (L3-L4),Hyderabad,Woman,7,0,0,0,0,1,87
2025-03-01,FY 2024-25,Cloud and Infrastructure,L5,Senior (L5-L6),Bengaluru,Man,4,0,0,0,0,0,48
2025-03-01,FY 2024-25,Cloud and Infrastructure,L5,Senior (L5-L6),Bengaluru,Woman,1,0,0,0,0,0,12
2025-03-01,FY 2024-25,Cloud and Infrastructure,L5,Senior (L5-L6),Hyderabad,Man,6,0,0,0,0,2,64
2025-03-01,FY 2024-25,Cloud and Infrastructure,L5,Senior (L5-L6),Hyderabad,Woman,2,0,0,0,0,0,24
2025-03-01,FY 2024-25,Cloud and Infrastructure,L6,Senior (L5-L6),Bengaluru,Man,1,0,0,0,0,0,12
2025-03-01,FY 2024-25,Cloud and Infrastructure,L6,Senior (L5-L6),Bengaluru,Woman,1,0,0,0,0,0,12
2025-03-01,FY 2024-25,Cloud and Infrastructure,L6,Senior (L5-L6),Hyderabad,Man,4,0,0,0,0,0,48
2025-03-01,FY 2024-25,Consulting,L1,Junior (L1-L2),Bengaluru,Man,7,0,0,0,0,1,73
2025-03-01,FY 2024-25,Consulting,L1,Junior (L1-L2),Bengaluru,Woman,5,0,0,0,0,1,60
2025-03-01,FY 2024-25,Consulting,L1,Junior (L1-L2),Hyderabad,Man,20,1,1,0,0,1,213
2025-03-01,FY 2024-25,Consulting,L1,Junior (L1-L2),Hyderabad,Woman,10,0,0,0,0,2,117
2025-03-01,FY 2024-25,Consulting,L2,Junior (L1-L2),Bengaluru,Man,6,0,0,0,0,1,81
2025-03-01,FY 2024-25,Consulting,L2,Junior (L1-L2),Bengaluru,Woman,2,0,0,0,0,0,24
2025-03-01,FY 2024-25,Consulting,L2,Junior (L1-L2),Hyderabad,Man,8,0,0,0,0,1,88
2025-03-01,FY 2024-25,Consulting,L2,Junior (L1-L2),Hyderabad,Woman,6,0,0,0,0,1,75
2025-03-01,FY 2024-25,Consulting,L3,Mid (L3-L4),Bengaluru,Man,7,0,0,0,0,3,85
2025-03-01,FY 2024-25,Consulting,L3,Mid (L3-L4),Bengaluru,Woman,1,0,0,0,0,0,12
2025-03-01,FY 2024-25,Consulting,L3,Mid (L3-L4),Hyderabad,Man,3,0,0,0,0,0,36
2025-03-01,FY 2024-25,Consulting,L3,Mid (L3-L4),Hyderabad,Woman,6,0,0,0,0,1,75
2025-03-01,FY 2024-25,Consulting,L4,Mid (L3-L4),Bengaluru,Man,4,0,0,0,0,2,64
2025-03-01,FY 2024-25,Consulting,L4,Mid (L3-L4),Bengaluru,Woman,3,1,0,0,0,0,25
2025-03-01,FY 2024-25,Consulting,L4,Mid (L3-L4),Hyderabad,Man,1,0,0,0,0,0,12
2025-03-01,FY 2024-25,Consulting,L4,Mid (L3-L4),Hyderabad,Woman,2,0,0,0,0,0,24
2025-03-01,FY 2024-25,Consulting,L5,Senior (L5-L6),Bengaluru,Man,2,0,0,0,0,0,24
2025-03-01,FY 2024-25,Consulting,L5,Senior (L5-L6),Bengaluru,Woman,1,0,0,0,0,0,12
2025-03-01,FY 2024-25,Consulting,L5,Senior (L5-L6),Hyderabad,Man,2,0,0,0,0,1,34
2025-03-01,FY 2024-25,Consulting,L5,Senior (L5-L6),Hyderabad,Woman,1,0,0,0,0,0,12
2025-03-01,FY 2024-25,Consulting,L6,Senior (L5-L6),Bengaluru,Man,2,0,0,0,0,0,24
2025-03-01,FY 2024-25,Consulting,L6,Senior (L5-L6),Hyderabad,Man,4,1,0,0,0,0,37
2025-03-01,FY 2024-25,Consulting,L6,Senior (L5-L6),Hyderabad,Woman,2,0,0,0,0,0,24
2025-03-01,FY 2024-25,Corporate Functions,L1,Junior (L1-L2),Bengaluru,Man,6,0,0,0,0,1,74
2025-03-01,FY 2024-25,Corporate Functions,L1,Junior (L1-L2),Bengaluru,Woman,6,0,0,0,0,0,67
2025-03-01,FY 2024-25,Corporate Functions,L1,Junior (L1-L2),Hyderabad,Man,13,0,0,0,0,3,155
2025-03-01,FY 2024-25,Corporate Functions,L1,Junior (L1-L2),Hyderabad,Woman,9,0,0,0,0,1,106
2025-03-01,FY 2024-25,Corporate Functions,L2,Junior (L1-L2),Bengaluru,Man,7,0,0,0,0,3,89
2025-03-01,FY 2024-25,Corporate Functions,L2,Junior (L1-L2),Bengaluru,Woman,6,0,0,0,0,0,55
2025-03-01,FY 2024-25,Corporate Functions,L2,Junior (L1-L2),Hyderabad,Man,20,0,0,0,0,1,223
2025-03-01,FY 2024-25,Corporate Functions,L2,Junior (L1-L2),Hyderabad,Woman,11,0,0,0,0,2,123
2025-03-01,FY 2024-25,Corporate Functions,L3,Mid (L3-L4),Bengaluru,Man,10,0,0,0,0,3,123
2025-03-01,FY 2024-25,Corporate Functions,L3,Mid (L3-L4),Bengaluru,Woman,6,2,0,0,0,1,53
2025-03-01,FY 2024-25,Corporate Functions,L3,Mid (L3-L4),Hyderabad,Man,12,0,1,0,0,1,153
2025-03-01,FY 2024-25,Corporate Functions,L3,Mid (L3-L4),Hyderabad,Woman,2,0,0,0,0,1,24
2025-03-01,FY 2024-25,Corporate Functions,L4,Mid (L3-L4),Bengaluru,Man,7,0,0,0,0,0,84
2025-03-01,FY 2024-25,Corporate Functions,L4,Mid (L3-L4),Bengaluru,Woman,3,0,0,0,0,0,34
2025-03-01,FY 2024-25,Corporate Functions,L4,Mid (L3-L4),Hyderabad,Man,11,0,0,0,0,3,128
2025-03-01,FY 2024-25,Corporate Functions,L4,Mid (L3-L4),Hyderabad,Woman,4,0,0,0,0,0,48
2025-03-01,FY 2024-25,Corporate Functions,L5,Senior (L5-L6),Bengaluru,Man,2,0,0,0,0,0,24
2025-03-01,FY 2024-25,Corporate Functions,L5,Senior (L5-L6),Bengaluru,Woman,0,0,0,0,0,0,0
2025-03-01,FY 2024-25,Corporate Functions,L5,Senior (L5-L6),Hyderabad,Man,5,0,0,0,0,0,56
2025-03-01,FY 2024-25,Corporate Functions,L6,Senior (L5-L6),Bengaluru,Man,3,0,0,0,0,0,36
2025-03-01,FY 2024-25,Corporate Functions,L6,Senior (L5-L6),Hyderabad,Man,2,0,0,0,0,0,24
2025-03-01,FY 2024-25,Data and Analytics,L1,Junior (L1-L2),Bengaluru,Man,22,0,0,0,0,2,235
2025-03-01,FY 2024-25,Data and Analytics,L1,Junior (L1-L2),Bengaluru,Woman,16,0,0,0,0,1,193
2025-03-01,FY 2024-25,Data and Analytics,L1,Junior (L1-L2),Hyderabad,Man,25,0,0,0,0,3,273
2025-03-01,FY 2024-25,Data and Analytics,L1,Junior (L1-L2),Hyderabad,Woman,15,0,0,0,0,2,165
2025-03-01,FY 2024-25,Data and Analytics,L2,Junior (L1-L2),Bengaluru,Man,17,0,0,0,0,3,200
2025-03-01,FY 2024-25,Data and Analytics,L2,Junior (L1-L2),Bengaluru,Woman,7,0,1,0,0,3,103
2025-03-01,FY 2024-25,Data and Analytics,L2,Junior (L1-L2),Hyderabad,Man,18,0,0,0,0,8,260
2025-03-01,FY 2024-25,Data and Analytics,L2,Junior (L1-L2),Hyderabad,Woman,17,0,1,0,1,3,223
2025-03-01,FY 2024-25,Data and Analytics,L3,Mid (L3-L4),Bengaluru,Man,14,1,0,0,0,4,150
2025-03-01,FY 2024-25,Data and Analytics,L3,Mid (L3-L4),Bengaluru,Woman,4,0,0,0,0,1,52
2025-03-01,FY 2024-25,Data and Analytics,L3,Mid (L3-L4),Hyderabad,Man,17,1,0,0,0,3,207
2025-03-01,FY 2024-25,Data and Analytics,L3,Mid (L3-L4),Hyderabad,Woman,8,0,0,0,0,0,96
2025-03-01,FY 2024-25,Data and Analytics,L4,Mid (L3-L4),Bengaluru,Man,7,0,0,0,0,1,80
2025-03-01,FY 2024-25,Data and Analytics,L4,Mid (L3-L4),Bengaluru,Woman,1,0,0,0,0,0,12
2025-03-01,FY 2024-25,Data and Analytics,L4,Mid (L3-L4),Hyderabad,Man,21,0,0,0,0,0,250
2025-03-01,FY 2024-25,Data and Analytics,L4,Mid (L3-L4),Hyderabad,Woman,2,0,0,0,0,1,26
2025-03-01,FY 2024-25,Data and Analytics,L5,Senior (L5-L6),Bengaluru,Man,3,0,0,0,0,0,36
2025-03-01,FY 2024-25,Data and Analytics,L5,Senior (L5-L6),Bengaluru,Woman,2,0,0,0,0,0,24
2025-03-01,FY 2024-25,Data and Analytics,L5,Senior (L5-L6),Hyderabad,Man,2,0,0,0,0,0,24
2025-03-01,FY 2024-25,Data and Analytics,L5,Senior (L5-L6),Hyderabad,Woman,4,0,0,0,0,0,48
2025-03-01,FY 2024-25,Data and Analytics,L6,Senior (L5-L6),Bengaluru,Man,3,0,0,0,0,0,36
2025-03-01,FY 2024-25,Data and Analytics,L6,Senior (L5-L6),Hyderabad,Man,4,0,0,0,0,0,48
2025-03-01,FY 2024-25,Data and Analytics,L6,Senior (L5-L6),Hyderabad,Woman,0,0,0,0,0,1,9
2025-03-01,FY 2024-25,Delivery,L1,Junior (L1-L2),Bengaluru,Man,98,0,2,0,0,8,1070
2025-03-01,FY 2024-25,Delivery,L1,Junior (L1-L2),Bengaluru,Woman,60,0,1,0,0,13,693
2025-03-01,FY 2024-25,Delivery,L1,Junior (L1-L2),Hyderabad,Man,145,2,2,0,0,17,1564
2025-03-01,FY 2024-25,Delivery,L1,Junior (L1-L2),Hyderabad,Non-binary,1,0,0,0,0,0,8
2025-03-01,FY 2024-25,Delivery,L1,Junior (L1-L2),Hyderabad,Woman,107,2,1,0,0,23,1201
2025-03-01,FY 2024-25,Delivery,L2,Junior (L1-L2),Bengaluru,Man,72,1,0,0,0,8,829
2025-03-01,FY 2024-25,Delivery,L2,Junior (L1-L2),Bengaluru,Non-binary,0,0,0,0,0,0,0
2025-03-01,FY 2024-25,Delivery,L2,Junior (L1-L2),Bengaluru,Woman,28,0,0,0,0,6,349
2025-03-01,FY 2024-25,Delivery,L2,Junior (L1-L2),Hyderabad,Man,108,3,1,0,0,24,1313
2025-03-01,FY 2024-25,Delivery,L2,Junior (L1-L2),Hyderabad,Non-binary,1,0,0,0,0,0,12
2025-03-01,FY 2024-25,Delivery,L2,Junior (L1-L2),Hyderabad,Woman,66,0,2,0,0,12,797
2025-03-01,FY 2024-25,Delivery,L3,Mid (L3-L4),Bengaluru,Man,64,2,0,0,0,10,721
2025-03-01,FY 2024-25,Delivery,L3,Mid (L3-L4),Bengaluru,Woman,29,1,0,0,0,9,356
2025-03-01,FY 2024-25,Delivery,L3,Mid (L3-L4),Hyderabad,Man,84,2,2,0,1,15,1002
2025-03-01,FY 2024-25,Delivery,L3,Mid (L3-L4),Hyderabad,Non-binary,1,0,0,0,0,0,12
2025-03-01,FY 2024-25,Delivery,L3,Mid (L3-L4),Hyderabad,Woman,45,1,0,0,0,5,506
2025-03-01,FY 2024-25,Delivery,L4,Mid (L3-L4),Bengaluru,Man,27,1,1,0,0,6,325
2025-03-01,FY 2024-25,Delivery,L4,Mid (L3-L4),Bengaluru,Woman,4,0,1,0,0,5,83
2025-03-01,FY 2024-25,Delivery,L4,Mid (L3-L4),Hyderabad,Man,55,0,1,0,0,5,662
2025-03-01,FY 2024-25,Delivery,L4,Mid (L3-L4),Hyderabad,Woman,11,0,2,0,1,7,162
2025-03-01,FY 2024-25,Delivery,L5,Senior (L5-L6),Bengaluru,Man,22,0,0,0,0,4,267
2025-03-01,FY 2024-25,Delivery,L5,Senior (L5-L6),Bengaluru,Woman,6,0,0,0,0,0,72
2025-03-01,FY 2024-25,Delivery,L5,Senior (L5-L6),Hyderabad,Man,25,0,0,0,0,1,292
2025-03-01,FY 2024-25,Delivery,L5,Senior (L5-L6),Hyderabad,Woman,5,0,0,0,0,1,68
2025-03-01,FY 2024-25,Delivery,L6,Senior (L5-L6),Bengaluru,Man,10,0,0,0,0,0,120
2025-03-01,FY 2024-25,Delivery,L6,Senior (L5-L6),Bengaluru,Woman,4,0,0,0,0,0,48
2025-03-01,FY 2024-25,Delivery,L6,Senior (L5-L6),Hyderabad,Man,19,0,0,0,0,4,237
2025-03-01,FY 2024-25,Delivery,L6,Senior (L5-L6),Hyderabad,Woman,0,0,0,0,0,0,0
2025-03-01,FY 2024-25,Quality Engineering,L1,Junior (L1-L2),Bengaluru,Man,28,0,1,0,0,3,281
2025-03-01,FY 2024-25,Quality Engineering,L1,Junior (L1-L2),Bengaluru,Woman,20,0,0,0,0,5,255
2025-03-01,FY 2024-25,Quality Engineering,L1,Junior (L1-L2),Hyderabad,Man,46,0,1,0,0,4,521
2025-03-01,FY 2024-25,Quality Engineering,L1,Junior (L1-L2),Hyderabad,Non-binary,1,0,0,0,0,0,8
2025-03-01,FY 2024-25,Quality Engineering,L1,Junior (L1-L2),Hyderabad,Woman,31,0,0,1,0,6,351
2025-03-01,FY 2024-25,Quality Engineering,L2,Junior (L1-L2),Bengaluru,Man,29,0,2,0,0,5,370
2025-03-01,FY 2024-25,Quality Engineering,L2,Junior (L1-L2),Bengaluru,Non-binary,0,0,0,0,0,0,0
2025-03-01,FY 2024-25,Quality Engineering,L2,Junior (L1-L2),Bengaluru,Woman,16,0,0,0,0,3,187
2025-03-01,FY 2024-25,Quality Engineering,L2,Junior (L1-L2),Hyderabad,Man,35,0,1,1,1,6,442
2025-03-01,FY 2024-25,Quality Engineering,L2,Junior (L1-L2),Hyderabad,Woman,22,0,0,0,0,2,266
2025-03-01,FY 2024-25,Quality Engineering,L3,Mid (L3-L4),Bengaluru,Man,22,0,0,0,0,6,260
2025-03-01,FY 2024-25,Quality Engineering,L3,Mid (L3-L4),Bengaluru,Woman,9,0,0,0,0,1,105
2025-03-01,FY 2024-25,Quality Engineering,L3,Mid (L3-L4),Hyderabad,Man,22,1,0,0,0,5,252
2025-03-01,FY 2024-25,Quality Engineering,L3,Mid (L3-L4),Hyderabad,Woman,19,0,0,0,0,2,240
2025-03-01,FY 2024-25,Quality Engineering,L4,Mid (L3-L4),Bengaluru,Man,6,0,0,0,0,2,72
2025-03-01,FY 2024-25,Quality Engineering,L4,Mid (L3-L4),Bengaluru,Non-binary,1,0,0,0,0,0,12
2025-03-01,FY 2024-25,Quality Engineering,L4,Mid (L3-L4),Bengaluru,Woman,3,0,0,0,0,0,36
2025-03-01,FY 2024-25,Quality Engineering,L4,Mid (L3-L4),Hyderabad,Man,19,0,0,0,0,1,235
2025-03-01,FY 2024-25,Quality Engineering,L4,Mid (L3-L4),Hyderabad,Woman,5,0,0,0,0,1,59
2025-03-01,FY 2024-25,Quality Engineering,L5,Senior (L5-L6),Bengaluru,Man,4,0,0,0,0,1,45
2025-03-01,FY 2024-25,Quality Engineering,L5,Senior (L5-L6),Bengaluru,Woman,2,0,0,0,0,0,24
2025-03-01,FY 2024-25,Quality Engineering,L5,Senior (L5-L6),Hyderabad,Man,13,0,0,0,0,1,155
2025-03-01,FY 2024-25,Quality Engineering,L5,Senior (L5-L6),Hyderabad,Woman,2,0,0,0,0,1,28
2025-03-01,FY 2024-25,Quality Engineering,L6,Senior (L5-L6),Bengaluru,Man,6,0,0,0,0,0,72
2025-03-01,FY 2024-25,Quality Engineering,L6,Senior (L5-L6),Bengaluru,Woman,1,0,0,0,0,0,12
2025-03-01,FY 2024-25,Quality Engineering,L6,Senior (L5-L6),Hyderabad,Man,4,0,0,0,0,0,48
2025-03-01,FY 2024-25,Quality Engineering,L6,Senior (L5-L6),Hyderabad,Woman,1,0,0,0,0,0,12
2025-03-01,FY 2024-25,Sales and Presales,L1,Junior (L1-L2),Bengaluru,Man,17,0,0,0,0,2,200
2025-03-01,FY 2024-25,Sales and Presales,L1,Junior (L1-L2),Bengaluru,Non-binary,1,0,0,0,0,0,12
2025-03-01,FY 2024-25,Sales and Presales,L1,Junior (L1-L2),Bengaluru,Woman,9,0,1,0,0,3,102
2025-03-01,FY 2024-25,Sales and Presales,L1,Junior (L1-L2),Hyderabad,Man,15,0,0,0,0,4,167
2025-03-01,FY 2024-25,Sales and Presales,L1,Junior (L1-L2),Hyderabad,Woman,19,0,1,0,0,2,228
2025-03-01,FY 2024-25,Sales and Presales,L2,Junior (L1-L2),Bengaluru,Man,8,0,0,0,0,0,96
2025-03-01,FY 2024-25,Sales and Presales,L2,Junior (L1-L2),Bengaluru,Non-binary,0,0,0,0,0,0,0
2025-03-01,FY 2024-25,Sales and Presales,L2,Junior (L1-L2),Bengaluru,Woman,3,1,0,0,0,0,17
2025-03-01,FY 2024-25,Sales and Presales,L2,Junior (L1-L2),Hyderabad,Man,12,0,0,0,0,1,147
2025-03-01,FY 2024-25,Sales and Presales,L2,Junior (L1-L2),Hyderabad,Woman,8,0,0,0,0,1,99
2025-03-01,FY 2024-25,Sales and Presales,L3,Mid (L3-L4),Bengaluru,Man,7,0,0,0,0,1,91
2025-03-01,FY 2024-25,Sales and Presales,L3,Mid (L3-L4),Bengaluru,Woman,7,0,0,0,0,0,84
2025-03-01,FY 2024-25,Sales and Presales,L3,Mid (L3-L4),Hyderabad,Man,12,1,0,0,0,4,146
2025-03-01,FY 2024-25,Sales and Presales,L3,Mid (L3-L4),Hyderabad,Woman,6,1,0,0,0,1,62
2025-03-01,FY 2024-25,Sales and Presales,L4,Mid (L3-L4),Bengaluru,Man,3,0,0,0,0,2,40
2025-03-01,FY 2024-25,Sales and Presales,L4,Mid (L3-L4),Bengaluru,Woman,1,0,0,0,0,0,12
2025-03-01,FY 2024-25,Sales and Presales,L4,Mid (L3-L4),Hyderabad,Man,8,0,0,0,0,1,104
2025-03-01,FY 2024-25,Sales and Presales,L4,Mid (L3-L4),Hyderabad,Woman,0,0,0,0,0,0,0
2025-03-01,FY 2024-25,Sales and Presales,L5,Senior (L5-L6),Bengaluru,Man,1,0,0,0,0,0,12
2025-03-01,FY 2024-25,Sales and Presales,L5,Senior (L5-L6),Hyderabad,Man,4,0,0,0,0,0,48
2025-03-01,FY 2024-25,Sales and Presales,L5,Senior (L5-L6),Hyderabad,Woman,0,0,0,0,0,1,7
2025-03-01,FY 2024-25,Sales and Presales,L6,Senior (L5-L6),Bengaluru,Man,1,0,0,0,0,0,12
2025-03-01,FY 2024-25,Sales and Presales,L6,Senior (L5-L6),Hyderabad,Man,2,0,0,0,0,0,24
2025-04-01,FY 2025-26,Cloud and Infrastructure,L1,Junior (L1-L2),Bengaluru,Man,23,1,0,0,0,3,295
2025-04-01,FY 2025-26,Cloud and Infrastructure,L1,Junior (L1-L2),Bengaluru,Woman,12,0,1,0,0,6,172
2025-04-01,FY 2025-26,Cloud and Infrastructure,L1,Junior (L1-L2),Hyderabad,Man,36,1,0,0,0,2,427
2025-04-01,FY 2025-26,Cloud and Infrastructure,L1,Junior (L1-L2),Hyderabad,Woman,23,0,0,0,0,4,268
2025-04-01,FY 2025-26,Cloud and Infrastructure,L2,Junior (L1-L2),Bengaluru,Man,25,0,0,0,0,6,267
2025-04-01,FY 2025-26,Cloud and Infrastructure,L2,Junior (L1-L2),Bengaluru,Woman,15,0,0,0,0,3,169
2025-04-01,FY 2025-26,Cloud and Infrastructure,L2,Junior (L1-L2),Hyderabad,Man,35,1,0,0,0,6,395
2025-04-01,FY 2025-26,Cloud and Infrastructure,L2,Junior (L1-L2),Hyderabad,Woman,21,0,0,0,0,3,261
2025-04-01,FY 2025-26,Cloud and Infrastructure,L3,Mid (L3-L4),Bengaluru,Man,10,1,2,0,1,6,160
2025-04-01,FY 2025-26,Cloud and Infrastructure,L3,Mid (L3-L4),Bengaluru,Woman,2,0,0,0,0,1,31
2025-04-01,FY 2025-26,Cloud and Infrastructure,L3,Mid (L3-L4),Hyderabad,Man,15,1,0,0,0,2,192
2025-04-01,FY 2025-26,Cloud and Infrastructure,L3,Mid (L3-L4),Hyderabad,Non-binary,0,0,0,0,0,0,0
2025-04-01,FY 2025-26,Cloud and Infrastructure,L3,Mid (L3-L4),Hyderabad,Woman,12,0,1,0,0,1,135
2025-04-01,FY 2025-26,Cloud and Infrastructure,L4,Mid (L3-L4),Bengaluru,Man,17,0,0,0,0,0,156
2025-04-01,FY 2025-26,Cloud and Infrastructure,L4,Mid (L3-L4),Bengaluru,Woman,1,0,0,0,0,0,12
2025-04-01,FY 2025-26,Cloud and Infrastructure,L4,Mid (L3-L4),Hyderabad,Man,10,0,0,0,0,1,90
2025-04-01,FY 2025-26,Cloud and Infrastructure,L4,Mid (L3-L4),Hyderabad,Woman,7,0,0,0,0,1,86
2025-04-01,FY 2025-26,Cloud and Infrastructure,L5,Senior (L5-L6),Bengaluru,Man,4,0,0,0,0,0,48
2025-04-01,FY 2025-26,Cloud and Infrastructure,L5,Senior (L5-L6),Bengaluru,Woman,1,0,0,0,0,0,12
2025-04-01,FY 2025-26,Cloud and Infrastructure,L5,Senior (L5-L6),Hyderabad,Man,5,0,0,0,0,2,63
2025-04-01,FY 2025-26,Cloud and Infrastructure,L5,Senior (L5-L6),Hyderabad,Woman,3,0,0,0,0,0,25
2025-04-01,FY 2025-26,Cloud and Infrastructure,L6,Senior (L5-L6),Bengaluru,Man,1,0,0,0,0,0,12
2025-04-01,FY 2025-26,Cloud and Infrastructure,L6,Senior (L5-L6),Bengaluru,Woman,1,0,0,0,0,0,12
2025-04-01,FY 2025-26,Cloud and Infrastructure,L6,Senior (L5-L6),Hyderabad,Man,5,0,0,0,0,0,49
2025-04-01,FY 2025-26,Consulting,L1,Junior (L1-L2),Bengaluru,Man,7,0,0,0,0,1,75
2025-04-01,FY 2025-26,Consulting,L1,Junior (L1-L2),Bengaluru,Woman,4,0,0,0,0,1,59
2025-04-01,FY 2025-26,Consulting,L1,Junior (L1-L2),Hyderabad,Man,18,0,0,0,0,1,217
2025-04-01,FY 2025-26,Consulting,L1,Junior (L1-L2),Hyderabad,Woman,10,0,0,0,0,2,119
2025-04-01,FY 2025-26,Consulting,L2,Junior (L1-L2),Bengaluru,Man,5,0,1,0,0,2,80
2025-04-01,FY 2025-26,Consulting,L2,Junior (L1-L2),Bengaluru,Woman,1,0,1,0,1,1,23
2025-04-01,FY 2025-26,Consulting,L2,Junior (L1-L2),Hyderabad,Man,10,0,0,0,0,1,91
2025-04-01,FY 2025-26,Consulting,L2,Junior (L1-L2),Hyderabad,Woman,5,0,0,0,0,1,73
2025-04-01,FY 2025-26,Consulting,L3,Mid (L3-L4),Bengaluru,Man,6,0,0,0,0,2,83
2025-04-01,FY 2025-26,Consulting,L3,Mid (L3-L4),Bengaluru,Woman,2,0,0,0,0,0,13
2025-04-01,FY 2025-26,Consulting,L3,Mid (L3-L4),Hyderabad,Man,1,0,0,0,0,0,34
2025-04-01,FY 2025-26,Consulting,L3,Mid (L3-L4),Hyderabad,Woman,6,1,0,0,0,1,75
2025-04-01,FY 2025-26,Consulting,L4,Mid (L3-L4),Bengaluru,Man,5,1,0,0,0,2,63
2025-04-01,FY 2025-26,Consulting,L4,Mid (L3-L4),Bengaluru,Woman,3,0,0,0,0,0,26
2025-04-01,FY 2025-26,Consulting,L4,Mid (L3-L4),Hyderabad,Man,3,0,0,0,0,0,14
2025-04-01,FY 2025-26,Consulting,L4,Mid (L3-L4),Hyderabad,Woman,5,1,0,0,0,0,27
2025-04-01,FY 2025-26,Consulting,L5,Senior (L5-L6),Bengaluru,Man,3,0,0,0,0,0,25
2025-04-01,FY 2025-26,Consulting,L5,Senior (L5-L6),Bengaluru,Woman,1,0,0,0,0,0,12
2025-04-01,FY 2025-26,Consulting,L5,Senior (L5-L6),Hyderabad,Man,2,0,0,0,0,1,33
2025-04-01,FY 2025-26,Consulting,L5,Senior (L5-L6),Hyderabad,Woman,1,0,0,0,0,0,12
2025-04-01,FY 2025-26,Consulting,L6,Senior (L5-L6),Bengaluru,Man,2,0,0,0,0,0,24
2025-04-01,FY 2025-26,Consulting,L6,Senior (L5-L6),Hyderabad,Man,4,0,0,0,0,0,38
2025-04-01,FY 2025-26,Consulting,L6,Senior (L5-L6),Hyderabad,Woman,2,0,0,0,0,0,24
2025-04-01,FY 2025-26,Corporate Functions,L1,Junior (L1-L2),Bengaluru,Man,6,0,0,0,0,1,73
2025-04-01,FY 2025-26,Corporate Functions,L1,Junior (L1-L2),Bengaluru,Woman,5,0,0,0,0,0,67
2025-04-01,FY 2025-26,Corporate Functions,L1,Junior (L1-L2),Hyderabad,Man,12,0,0,0,0,3,154
2025-04-01,FY 2025-26,Corporate Functions,L1,Junior (L1-L2),Hyderabad,Woman,7,0,1,0,0,2,104
2025-04-01,FY 2025-26,Corporate Functions,L2,Junior (L1-L2),Bengaluru,Man,6,0,0,0,0,3,86
2025-04-01,FY 2025-26,Corporate Functions,L2,Junior (L1-L2),Bengaluru,Woman,7,0,0,0,0,0,58
2025-04-01,FY 2025-26,Corporate Functions,L2,Junior (L1-L2),Hyderabad,Man,18,0,0,0,0,1,223
2025-04-01,FY 2025-26,Corporate Functions,L2,Junior (L1-L2),Hyderabad,Woman,11,0,0,0,0,2,124
2025-04-01,FY 2025-26,Corporate Functions,L3,Mid (L3-L4),Bengaluru,Man,9,0,0,0,0,2,122
2025-04-01,FY 2025-26,Corporate Functions,L3,Mid (L3-L4),Bengaluru,Woman,6,0,0,0,0,1,54
2025-04-01,FY 2025-26,Corporate Functions,L3,Mid (L3-L4),Hyderabad,Man,15,1,0,0,0,1,156
2025-04-01,FY 2025-26,Corporate Functions,L3,Mid (L3-L4),Hyderabad,Woman,3,0,0,0,0,0,25
2025-04-01,FY 2025-26,Corporate Functions,L4,Mid (L3-L4),Bengaluru,Man,8,0,0,0,0,0,85
2025-04-01,FY 2025-26,Corporate Functions,L4,Mid (L3-L4),Bengaluru,Woman,2,0,0,0,0,0,34
2025-04-01,FY 2025-26,Corporate Functions,L4,Mid (L3-L4),Hyderabad,Man,11,0,0,0,0,3,129
2025-04-01,FY 2025-26,Corporate Functions,L4,Mid (L3-L4),Hyderabad,Woman,4,0,0,0,0,0,48
2025-04-01,FY 2025-26,Corporate Functions,L5,Senior (L5-L6),Bengaluru,Man,3,0,0,0,0,0,25
2025-04-01,FY 2025-26,Corporate Functions,L5,Senior (L5-L6),Bengaluru,Woman,1,0,0,0,0,0,1
2025-04-01,FY 2025-26,Corporate Functions,L5,Senior (L5-L6),Hyderabad,Man,6,0,0,0,0,0,58
2025-04-01,FY 2025-26,Corporate Functions,L6,Senior (L5-L6),Bengaluru,Man,3,0,0,0,0,0,36
2025-04-01,FY 2025-26,Corporate Functions,L6,Senior (L5-L6),Hyderabad,Man,2,0,0,0,0,0,24
2025-04-01,FY 2025-26,Data and Analytics,L1,Junior (L1-L2),Bengaluru,Man,20,0,0,1,0,2,241
2025-04-01,FY 2025-26,Data and Analytics,L1,Junior (L1-L2),Bengaluru,Woman,14,1,1,0,1,2,192
2025-04-01,FY 2025-26,Data and Analytics,L1,Junior (L1-L2),Hyderabad,Man,24,0,0,0,0,2,278
2025-04-01,FY 2025-26,Data and Analytics,L1,Junior (L1-L2),Hyderabad,Woman,13,1,0,0,0,1,168
2025-04-01,FY 2025-26,Data and Analytics,L2,Junior (L1-L2),Bengaluru,Man,17,0,0,0,0,2,200
2025-04-01,FY 2025-26,Data and Analytics,L2,Junior (L1-L2),Bengaluru,Woman,8,0,0,0,0,3,102
2025-04-01,FY 2025-26,Data and Analytics,L2,Junior (L1-L2),Hyderabad,Man,18,1,0,0,0,7,255
2025-04-01,FY 2025-26,Data and Analytics,L2,Junior (L1-L2),Hyderabad,Woman,20,1,0,0,0,3,224
2025-04-01,FY 2025-26,Data and Analytics,L3,Mid (L3-L4),Bengaluru,Man,13,0,0,0,0,3,150
2025-04-01,FY 2025-26,Data and Analytics,L3,Mid (L3-L4),Bengaluru,Woman,3,0,1,0,0,2,50
2025-04-01,FY 2025-26,Data and Analytics,L3,Mid (L3-L4),Hyderabad,Man,19,0,0,0,0,3,209
2025-04-01,FY 2025-26,Data and Analytics,L3,Mid (L3-L4),Hyderabad,Woman,9,1,0,0,0,0,97
2025-04-01,FY 2025-26,Data and Analytics,L4,Mid (L3-L4),Bengaluru,Man,9,0,0,0,0,1,82
2025-04-01,FY 2025-26,Data and Analytics,L4,Mid (L3-L4),Bengaluru,Woman,2,0,0,0,0,0,13
2025-04-01,FY 2025-26,Data and Analytics,L4,Mid (L3-L4),Hyderabad,Man,18,0,0,0,0,0,248
2025-04-01,FY 2025-26,Data and Analytics,L4,Mid (L3-L4),Hyderabad,Woman,3,0,0,0,0,1,26
2025-04-01,FY 2025-26,Data and Analytics,L5,Senior (L5-L6),Bengaluru,Man,3,0,0,0,0,0,36
2025-04-01,FY 2025-26,Data and Analytics,L5,Senior (L5-L6),Bengaluru,Woman,2,0,0,0,0,0,24
2025-04-01,FY 2025-26,Data and Analytics,L5,Senior (L5-L6),Hyderabad,Man,5,0,0,0,0,0,27
2025-04-01,FY 2025-26,Data and Analytics,L5,Senior (L5-L6),Hyderabad,Woman,4,0,0,0,0,0,48
2025-04-01,FY 2025-26,Data and Analytics,L6,Senior (L5-L6),Bengaluru,Man,3,0,0,0,0,0,36
2025-04-01,FY 2025-26,Data and Analytics,L6,Senior (L5-L6),Hyderabad,Man,4,0,0,0,0,0,48
2025-04-01,FY 2025-26,Data and Analytics,L6,Senior (L5-L6),Hyderabad,Woman,0,0,0,0,0,1,8
2025-04-01,FY 2025-26,Delivery,L1,Junior (L1-L2),Bengaluru,Man,82,1,1,1,0,10,1081
2025-04-01,FY 2025-26,Delivery,L1,Junior (L1-L2),Bengaluru,Woman,58,1,0,0,0,13,699
2025-04-01,FY 2025-26,Delivery,L1,Junior (L1-L2),Hyderabad,Man,133,4,1,0,0,17,1592
2025-04-01,FY 2025-26,Delivery,L1,Junior (L1-L2),Hyderabad,Non-binary,1,0,0,0,0,0,9
2025-04-01,FY 2025-26,Delivery,L1,Junior (L1-L2),Hyderabad,Woman,99,0,3,0,0,22,1212
2025-04-01,FY 2025-26,Delivery,L2,Junior (L1-L2),Bengaluru,Man,79,0,1,0,0,9,840
2025-04-01,FY 2025-26,Delivery,L2,Junior (L1-L2),Bengaluru,Non-binary,0,0,0,0,0,0,0
2025-04-01,FY 2025-26,Delivery,L2,Junior (L1-L2),Bengaluru,Woman,29,1,1,0,0,6,351
2025-04-01,FY 2025-26,Delivery,L2,Junior (L1-L2),Hyderabad,Man,111,2,2,0,0,25,1310
2025-04-01,FY 2025-26,Delivery,L2,Junior (L1-L2),Hyderabad,Non-binary,1,0,0,0,0,0,12
2025-04-01,FY 2025-26,Delivery,L2,Junior (L1-L2),Hyderabad,Woman,57,1,0,0,0,12,787
2025-04-01,FY 2025-26,Delivery,L3,Mid (L3-L4),Bengaluru,Man,65,0,1,0,1,10,726
2025-04-01,FY 2025-26,Delivery,L3,Mid (L3-L4),Bengaluru,Woman,31,1,0,0,0,9,355
2025-04-01,FY 2025-26,Delivery,L3,Mid (L3-L4),Hyderabad,Man,89,1,1,0,0,15,1007
2025-04-01,FY 2025-26,Delivery,L3,Mid (L3-L4),Hyderabad,Non-binary,1,0,0,0,0,0,12
2025-04-01,FY 2025-26,Delivery,L3,Mid (L3-L4),Hyderabad,Woman,58,1,0,0,0,5,523
2025-04-01,FY 2025-26,Delivery,L4,Mid (L3-L4),Bengaluru,Man,31,1,0,0,0,6,330
2025-04-01,FY 2025-26,Delivery,L4,Mid (L3-L4),Bengaluru,Woman,5,0,0,0,0,5,79
2025-04-01,FY 2025-26,Delivery,L4,Mid (L3-L4),Hyderabad,Man,58,2,0,0,0,5,665
2025-04-01,FY 2025-26,Delivery,L4,Mid (L3-L4),Hyderabad,Woman,13,0,0,0,0,6,160
2025-04-01,FY 2025-26,Delivery,L5,Senior (L5-L6),Bengaluru,Man,21,0,1,0,0,4,266
2025-04-01,FY 2025-26,Delivery,L5,Senior (L5-L6),Bengaluru,Woman,6,1,0,0,0,0,72
2025-04-01,FY 2025-26,Delivery,L5,Senior (L5-L6),Hyderabad,Man,29,0,1,0,0,2,298
2025-04-01,FY 2025-26,Delivery,L5,Senior (L5-L6),Hyderabad,Woman,5,0,0,0,0,1,67
2025-04-01,FY 2025-26,Delivery,L6,Senior (L5-L6),Bengaluru,Man,13,1,0,0,0,0,123
2025-04-01,FY 2025-26,Delivery,L6,Senior (L5-L6),Bengaluru,Woman,5,0,0,0,0,0,49
2025-04-01,FY 2025-26,Delivery,L6,Senior (L5-L6),Hyderabad,Man,20,0,0,0,0,4,236
2025-04-01,FY 2025-26,Delivery,L6,Senior (L5-L6),Hyderabad,Woman,1,0,0,0,0,0,1
2025-04-01,FY 2025-26,Quality Engineering,L1,Junior (L1-L2),Bengaluru,Man,25,0,0,1,0,4,292
2025-04-01,FY 2025-26,Quality Engineering,L1,Junior (L1-L2),Bengaluru,Woman,19,1,0,0,0,4,253
2025-04-01,FY 2025-26,Quality Engineering,L1,Junior (L1-L2),Hyderabad,Man,38,1,2,0,0,6,521
2025-04-01,FY 2025-26,Quality Engineering,L1,Junior (L1-L2),Hyderabad,Non-binary,1,0,0,0,0,0,9
2025-04-01,FY 2025-26,Quality Engineering,L1,Junior (L1-L2),Hyderabad,Woman,28,0,0,0,0,6,354
2025-04-01,FY 2025-26,Quality Engineering,L2,Junior (L1-L2),Bengaluru,Man,26,1,2,1,1,8,366
2025-04-01,FY 2025-26,Quality Engineering,L2,Junior (L1-L2),Bengaluru,Non-binary,0,0,0,0,0,0,0
2025-04-01,FY 2025-26,Quality Engineering,L2,Junior (L1-L2),Bengaluru,Woman,17,0,0,0,0,3,187
2025-04-01,FY 2025-26,Quality Engineering,L2,Junior (L1-L2),Hyderabad,Man,38,1,1,0,0,7,442
2025-04-01,FY 2025-26,Quality Engineering,L2,Junior (L1-L2),Hyderabad,Woman,25,0,0,0,0,2,270
2025-04-01,FY 2025-26,Quality Engineering,L3,Mid (L3-L4),Bengaluru,Man,22,0,0,0,0,6,260
2025-04-01,FY 2025-26,Quality Engineering,L3,Mid (L3-L4),Bengaluru,Woman,10,0,0,0,0,1,106
2025-04-01,FY 2025-26,Quality Engineering,L3,Mid (L3-L4),Hyderabad,Man,25,0,0,0,0,3,258
2025-04-01,FY 2025-26,Quality Engineering,L3,Mid (L3-L4),Hyderabad,Woman,16,0,0,0,0,2,236
2025-04-01,FY 2025-26,Quality Engineering,L4,Mid (L3-L4),Bengaluru,Man,9,0,0,0,0,2,74
2025-04-01,FY 2025-26,Quality Engineering,L4,Mid (L3-L4),Bengaluru,Non-binary,1,0,0,0,0,0,12
2025-04-01,FY 2025-26,Quality Engineering,L4,Mid (L3-L4),Bengaluru,Woman,3,0,0,0,0,0,36
2025-04-01,FY 2025-26,Quality Engineering,L4,Mid (L3-L4),Hyderabad,Man,18,1,0,0,0,1,234
2025-04-01,FY 2025-26,Quality Engineering,L4,Mid (L3-L4),Hyderabad,Woman,8,0,0,0,0,1,62
2025-04-01,FY 2025-26,Quality Engineering,L5,Senior (L5-L6),Bengaluru,Man,4,0,0,0,0,1,45
2025-04-01,FY 2025-26,Quality Engineering,L5,Senior (L5-L6),Bengaluru,Woman,2,0,0,0,0,0,24
2025-04-01,FY 2025-26,Quality Engineering,L5,Senior (L5-L6),Hyderabad,Man,15,1,0,0,0,1,157
2025-04-01,FY 2025-26,Quality Engineering,L5,Senior (L5-L6),Hyderabad,Woman,1,0,0,0,0,1,26
2025-04-01,FY 2025-26,Quality Engineering,L6,Senior (L5-L6),Bengaluru,Man,6,0,0,0,0,0,72
2025-04-01,FY 2025-26,Quality Engineering,L6,Senior (L5-L6),Bengaluru,Woman,1,0,0,0,0,0,12
2025-04-01,FY 2025-26,Quality Engineering,L6,Senior (L5-L6),Hyderabad,Man,6,0,0,0,0,0,50
2025-04-01,FY 2025-26,Quality Engineering,L6,Senior (L5-L6),Hyderabad,Woman,2,0,0,0,0,0,13
2025-04-01,FY 2025-26,Sales and Presales,L1,Junior (L1-L2),Bengaluru,Man,14,0,0,0,0,2,199
2025-04-01,FY 2025-26,Sales and Presales,L1,Junior (L1-L2),Bengaluru,Non-binary,0,0,0,0,0,0,11
2025-04-01,FY 2025-26,Sales and Presales,L1,Junior (L1-L2),Bengaluru,Woman,8,0,0,0,0,3,103
2025-04-01,FY 2025-26,Sales and Presales,L1,Junior (L1-L2),Hyderabad,Man,14,1,0,0,0,2,169
2025-04-01,FY 2025-26,Sales and Presales,L1,Junior (L1-L2),Hyderabad,Woman,18,0,0,0,0,2,230
2025-04-01,FY 2025-26,Sales and Presales,L2,Junior (L1-L2),Bengaluru,Man,10,0,0,0,0,0,98
2025-04-01,FY 2025-26,Sales and Presales,L2,Junior (L1-L2),Bengaluru,Non-binary,1,0,0,0,0,0,1
2025-04-01,FY 2025-26,Sales and Presales,L2,Junior (L1-L2),Bengaluru,Woman,4,0,0,0,0,0,20
2025-04-01,FY 2025-26,Sales and Presales,L2,Junior (L1-L2),Hyderabad,Man,14,0,0,0,0,1,149
2025-04-01,FY 2025-26,Sales and Presales,L2,Junior (L1-L2),Hyderabad,Woman,8,0,1,0,0,2,98
2025-04-01,FY 2025-26,Sales and Presales,L3,Mid (L3-L4),Bengaluru,Man,9,1,0,0,0,1,93
2025-04-01,FY 2025-26,Sales and Presales,L3,Mid (L3-L4),Bengaluru,Woman,6,0,0,0,0,0,83
2025-04-01,FY 2025-26,Sales and Presales,L3,Mid (L3-L4),Hyderabad,Man,12,0,0,0,0,4,145
2025-04-01,FY 2025-26,Sales and Presales,L3,Mid (L3-L4),Hyderabad,Woman,6,0,0,0,0,1,62
2025-04-01,FY 2025-26,Sales and Presales,L4,Mid (L3-L4),Bengaluru,Man,3,0,0,0,0,2,38
2025-04-01,FY 2025-26,Sales and Presales,L4,Mid (L3-L4),Bengaluru,Woman,2,0,0,0,0,0,13
2025-04-01,FY 2025-26,Sales and Presales,L4,Mid (L3-L4),Hyderabad,Man,6,0,0,1,0,2,102
2025-04-01,FY 2025-26,Sales and Presales,L4,Mid (L3-L4),Hyderabad,Woman,0,0,0,0,0,0,0
2025-04-01,FY 2025-26,Sales and Presales,L5,Senior (L5-L6),Bengaluru,Man,1,0,0,0,0,0,12
2025-04-01,FY 2025-26,Sales and Presales,L5,Senior (L5-L6),Hyderabad,Man,4,0,0,0,0,0,48
2025-04-01,FY 2025-26,Sales and Presales,L5,Senior (L5-L6),Hyderabad,Woman,0,0,0,0,0,1,6
2025-04-01,FY 2025-26,Sales and Presales,L6,Senior (L5-L6),Bengaluru,Man,1,0,0,0,0,0,12
2025-04-01,FY 2025-26,Sales and Presales,L6,Senior (L5-L6),Hyderabad,Man,3,0,0,0,0,0,25
2025-05-01,FY 2025-26,Cloud and Infrastructure,L1,Junior (L1-L2),Bengaluru,Man,23,0,0,0,0,3,297
2025-05-01,FY 2025-26,Cloud and Infrastructure,L1,Junior (L1-L2),Bengaluru,Woman,12,0,0,0,0,4,170
2025-05-01,FY 2025-26,Cloud and Infrastructure,L1,Junior (L1-L2),Hyderabad,Man,35,0,1,0,0,3,433
2025-05-01,FY 2025-26,Cloud and Infrastructure,L1,Junior (L1-L2),Hyderabad,Woman,22,0,0,1,0,4,273
2025-05-01,FY 2025-26,Cloud and Infrastructure,L2,Junior (L1-L2),Bengaluru,Man,25,0,0,0,0,3,272
2025-05-01,FY 2025-26,Cloud and Infrastructure,L2,Junior (L1-L2),Bengaluru,Woman,16,1,0,0,0,3,171
2025-05-01,FY 2025-26,Cloud and Infrastructure,L2,Junior (L1-L2),Hyderabad,Man,33,0,2,0,1,7,395
2025-05-01,FY 2025-26,Cloud and Infrastructure,L2,Junior (L1-L2),Hyderabad,Woman,21,0,0,0,0,3,260
2025-05-01,FY 2025-26,Cloud and Infrastructure,L3,Mid (L3-L4),Bengaluru,Man,10,0,0,0,0,6,155
2025-05-01,FY 2025-26,Cloud and Infrastructure,L3,Mid (L3-L4),Bengaluru,Woman,2,0,0,0,0,1,30
2025-05-01,FY 2025-26,Cloud and Infrastructure,L3,Mid (L3-L4),Hyderabad,Man,14,0,1,0,0,3,189
2025-05-01,FY 2025-26,Cloud and Infrastructure,L3,Mid (L3-L4),Hyderabad,Non-binary,0,0,0,0,0,0,0
2025-05-01,FY 2025-26,Cloud and Infrastructure,L3,Mid (L3-L4),Hyderabad,Woman,13,1,0,0,0,1,138
2025-05-01,FY 2025-26,Cloud and Infrastructure,L4,Mid (L3-L4),Bengaluru,Man,17,0,0,0,0,0,161
2025-05-01,FY 2025-26,Cloud and Infrastructure,L4,Mid (L3-L4),Bengaluru,Woman,0,0,0,1,0,1,11
2025-05-01,FY 2025-26,Cloud and Infrastructure,L4,Mid (L3-L4),Hyderabad,Man,10,0,0,0,0,1,93
2025-05-01,FY 2025-26,Cloud and Infrastructure,L4,Mid (L3-L4),Hyderabad,Woman,7,0,0,0,0,1,85
2025-05-01,FY 2025-26,Cloud and Infrastructure,L5,Senior (L5-L6),Bengaluru,Man,4,0,0,0,0,0,48
2025-05-01,FY 2025-26,Cloud and Infrastructure,L5,Senior (L5-L6),Bengaluru,Woman,1,0,0,0,0,0,12
2025-05-01,FY 2025-26,Cloud and Infrastructure,L5,Senior (L5-L6),Hyderabad,Man,5,0,0,0,0,2,62
2025-05-01,FY 2025-26,Cloud and Infrastructure,L5,Senior (L5-L6),Hyderabad,Woman,3,0,0,0,0,0,26
2025-05-01,FY 2025-26,Cloud and Infrastructure,L6,Senior (L5-L6),Bengaluru,Man,1,0,0,0,0,0,12
2025-05-01,FY 2025-26,Cloud and Infrastructure,L6,Senior (L5-L6),Bengaluru,Woman,1,0,0,0,0,0,12
2025-05-01,FY 2025-26,Cloud and Infrastructure,L6,Senior (L5-L6),Hyderabad,Man,5,0,0,0,0,0,50
2025-05-01,FY 2025-26,Consulting,L1,Junior (L1-L2),Bengaluru,Man,7,0,0,0,0,1,77
2025-05-01,FY 2025-26,Consulting,L1,Junior (L1-L2),Bengaluru,Woman,4,0,0,0,0,1,58
2025-05-01,FY 2025-26,Consulting,L1,Junior (L1-L2),Hyderabad,Man,18,0,0,0,0,1,221
2025-05-01,FY 2025-26,Consulting,L1,Junior (L1-L2),Hyderabad,Woman,10,0,0,0,0,2,121
2025-05-01,FY 2025-26,Consulting,L2,Junior (L1-L2),Bengaluru,Man,5,0,0,0,0,2,78
2025-05-01,FY 2025-26,Consulting,L2,Junior (L1-L2),Bengaluru,Woman,2,1,0,0,0,1,23
2025-05-01,FY 2025-26,Consulting,L2,Junior (L1-L2),Hyderabad,Man,11,1,0,0,0,1,95
2025-05-01,FY 2025-26,Consulting,L2,Junior (L1-L2),Hyderabad,Woman,5,0,0,0,0,1,71
2025-05-01,FY 2025-26,Consulting,L3,Mid (L3-L4),Bengaluru,Man,6,0,0,0,0,2,81
2025-05-01,FY 2025-26,Consulting,L3,Mid (L3-L4),Bengaluru,Woman,2,0,0,0,0,0,14
2025-05-01,FY 2025-26,Consulting,L3,Mid (L3-L4),Hyderabad,Man,1,0,0,0,0,0,32
2025-05-01,FY 2025-26,Consulting,L3,Mid (L3-L4),Hyderabad,Woman,6,0,0,0,0,1,75
2025-05-01,FY 2025-26,Consulting,L4,Mid (L3-L4),Bengaluru,Man,5,0,0,0,0,2,62
2025-05-01,FY 2025-26,Consulting,L4,Mid (L3-L4),Bengaluru,Woman,3,0,0,0,0,0,27
2025-05-01,FY 2025-26,Consulting,L4,Mid (L3-L4),Hyderabad,Man,3,0,0,0,0,0,16
2025-05-01,FY 2025-26,Consulting,L4,Mid (L3-L4),Hyderabad,Woman,5,0,0,0,0,0,30
2025-05-01,FY 2025-26,Consulting,L5,Senior (L5-L6),Bengaluru,Man,3,0,0,0,0,0,26
2025-05-01,FY 2025-26,Consulting,L5,Senior (L5-L6),Bengaluru,Woman,1,0,0,0,0,0,12
2025-05-01,FY 2025-26,Consulting,L5,Senior (L5-L6),Hyderabad,Man,3,1,0,0,0,1,33
2025-05-01,FY 2025-26,Consulting,L5,Senior (L5-L6),Hyderabad,Woman,1,0,0,0,0,0,12
2025-05-01,FY 2025-26,Consulting,L6,Senior (L5-L6),Bengaluru,Man,2,0,0,0,0,0,24
2025-05-01,FY 2025-26,Consulting,L6,Senior (L5-L6),Hyderabad,Man,4,0,0,0,0,0,39
2025-05-01,FY 2025-26,Consulting,L6,Senior (L5-L6),Hyderabad,Woman,2,0,0,0,0,0,24
2025-05-01,FY 2025-26,Corporate Functions,L1,Junior (L1-L2),Bengaluru,Man,6,0,0,0,0,1,72
2025-05-01,FY 2025-26,Corporate Functions,L1,Junior (L1-L2),Bengaluru,Woman,5,0,0,0,0,0,67
2025-05-01,FY 2025-26,Corporate Functions,L1,Junior (L1-L2),Hyderabad,Man,12,0,0,0,0,2,153
2025-05-01,FY 2025-26,Corporate Functions,L1,Junior (L1-L2),Hyderabad,Woman,7,0,0,0,0,2,102
2025-05-01,FY 2025-26,Corporate Functions,L2,Junior (L1-L2),Bengaluru,Man,6,0,0,0,0,3,83
2025-05-01,FY 2025-26,Corporate Functions,L2,Junior (L1-L2),Bengaluru,Woman,7,0,0,0,0,0,61
2025-05-01,FY 2025-26,Corporate Functions,L2,Junior (L1-L2),Hyderabad,Man,18,0,0,0,0,1,223
2025-05-01,FY 2025-26,Corporate Functions,L2,Junior (L1-L2),Hyderabad,Woman,11,0,0,0,0,2,124
2025-05-01,FY 2025-26,Corporate Functions,L3,Mid (L3-L4),Bengaluru,Man,9,0,0,0,0,2,121
2025-05-01,FY 2025-26,Corporate Functions,L3,Mid (L3-L4),Bengaluru,Woman,6,0,0,0,0,1,55
2025-05-01,FY 2025-26,Corporate Functions,L3,Mid (L3-L4),Hyderabad,Man,15,0,0,0,0,1,159
2025-05-01,FY 2025-26,Corporate Functions,L3,Mid (L3-L4),Hyderabad,Woman,3,0,0,0,0,0,26
2025-05-01,FY 2025-26,Corporate Functions,L4,Mid (L3-L4),Bengaluru,Man,8,0,0,0,0,0,86
2025-05-01,FY 2025-26,Corporate Functions,L4,Mid (L3-L4),Bengaluru,Woman,2,0,0,0,0,0,34
2025-05-01,FY 2025-26,Corporate Functions,L4,Mid (L3-L4),Hyderabad,Man,11,0,0,0,0,3,129
2025-05-01,FY 2025-26,Corporate Functions,L4,Mid (L3-L4),Hyderabad,Woman,4,0,0,0,0,0,48
2025-05-01,FY 2025-26,Corporate Functions,L5,Senior (L5-L6),Bengaluru,Man,3,0,0,0,0,0,26
2025-05-01,FY 2025-26,Corporate Functions,L5,Senior (L5-L6),Bengaluru,Woman,1,0,0,0,0,0,2
2025-05-01,FY 2025-26,Corporate Functions,L5,Senior (L5-L6),Hyderabad,Man,6,0,0,0,0,0,60
2025-05-01,FY 2025-26,Corporate Functions,L6,Senior (L5-L6),Bengaluru,Man,3,0,0,0,0,0,36
2025-05-01,FY 2025-26,Corporate Functions,L6,Senior (L5-L6),Hyderabad,Man,2,0,0,0,0,0,24
2025-05-01,FY 2025-26,Data and Analytics,L1,Junior (L1-L2),Bengaluru,Man,20,0,0,0,0,2,246
2025-05-01,FY 2025-26,Data and Analytics,L1,Junior (L1-L2),Bengaluru,Woman,14,0,0,0,0,2,191
2025-05-01,FY 2025-26,Data and Analytics,L1,Junior (L1-L2),Hyderabad,Man,24,0,0,0,0,2,283
2025-05-01,FY 2025-26,Data and Analytics,L1,Junior (L1-L2),Hyderabad,Woman,13,0,0,0,0,1,171
2025-05-01,FY 2025-26,Data and Analytics,L2,Junior (L1-L2),Bengaluru,Man,17,1,1,0,0,3,200
2025-05-01,FY 2025-26,Data and Analytics,L2,Junior (L1-L2),Bengaluru,Woman,8,0,0,0,0,3,101
2025-05-01,FY 2025-26,Data and Analytics,L2,Junior (L1-L2),Hyderabad,Man,21,3,0,0,0,7,253
2025-05-01,FY 2025-26,Data and Analytics,L2,Junior (L1-L2),Hyderabad,Woman,20,0,0,0,0,2,226
2025-05-01,FY 2025-26,Data and Analytics,L3,Mid (L3-L4),Bengaluru,Man,13,0,0,0,0,2,151
2025-05-01,FY 2025-26,Data and Analytics,L3,Mid (L3-L4),Bengaluru,Woman,3,0,0,0,0,2,48
2025-05-01,FY 2025-26,Data and Analytics,L3,Mid (L3-L4),Hyderabad,Man,19,1,1,0,1,4,211
2025-05-01,FY 2025-26,Data and Analytics,L3,Mid (L3-L4),Hyderabad,Woman,9,0,0,0,0,0,98
2025-05-01,FY 2025-26,Data and Analytics,L4,Mid (L3-L4),Bengaluru,Man,8,0,1,0,1,2,83
2025-05-01,FY 2025-26,Data and Analytics,L4,Mid (L3-L4),Bengaluru,Woman,2,0,0,0,0,0,14
2025-05-01,FY 2025-26,Data and Analytics,L4,Mid (L3-L4),Hyderabad,Man,18,0,0,0,0,0,246
2025-05-01,FY 2025-26,Data and Analytics,L4,Mid (L3-L4),Hyderabad,Woman,3,0,0,0,0,1,26
2025-05-01,FY 2025-26,Data and Analytics,L5,Senior (L5-L6),Bengaluru,Man,2,0,1,0,0,1,35
2025-05-01,FY 2025-26,Data and Analytics,L5,Senior (L5-L6),Bengaluru,Woman,1,0,0,1,0,1,23
2025-05-01,FY 2025-26,Data and Analytics,L5,Senior (L5-L6),Hyderabad,Man,5,0,0,0,0,0,30
2025-05-01,FY 2025-26,Data and Analytics,L5,Senior (L5-L6),Hyderabad,Woman,4,0,0,0,0,0,48
2025-05-01,FY 2025-26,Data and Analytics,L6,Senior (L5-L6),Bengaluru,Man,3,0,0,0,0,0,36
2025-05-01,FY 2025-26,Data and Analytics,L6,Senior (L5-L6),Hyderabad,Man,4,0,0,0,0,0,48
2025-05-01,FY 2025-26,Data and Analytics,L6,Senior (L5-L6),Hyderabad,Woman,0,0,0,0,0,1,7
2025-05-01,FY 2025-26,Delivery,L1,Junior (L1-L2),Bengaluru,Man,81,1,2,0,1,12,1090
2025-05-01,FY 2025-26,Delivery,L1,Junior (L1-L2),Bengaluru,Woman,58,0,0,0,0,12,706
2025-05-01,FY 2025-26,Delivery,L1,Junior (L1-L2),Hyderabad,Man,130,0,2,1,0,17,1617
2025-05-01,FY 2025-26,Delivery,L1,Junior (L1-L2),Hyderabad,Non-binary,1,0,0,0,0,0,10
2025-05-01,FY 2025-26,Delivery,L1,Junior (L1-L2),Hyderabad,Woman,98,0,1,0,1,22,1223
2025-05-01,FY 2025-26,Delivery,L2,Junior (L1-L2),Bengaluru,Man,78,0,1,0,0,9,850
2025-05-01,FY 2025-26,Delivery,L2,Junior (L1-L2),Bengaluru,Non-binary,0,0,0,0,0,0,0
2025-05-01,FY 2025-26,Delivery,L2,Junior (L1-L2),Bengaluru,Woman,29,0,0,0,0,6,351
2025-05-01,FY 2025-26,Delivery,L2,Junior (L1-L2),Hyderabad,Man,109,1,3,0,2,27,1304
2025-05-01,FY 2025-26,Delivery,L2,Junior (L1-L2),Hyderabad,Non-binary,1,0,0,0,0,0,12
2025-05-01,FY 2025-26,Delivery,L2,Junior (L1-L2),Hyderabad,Woman,57,0,0,0,0,10,779
2025-05-01,FY 2025-26,Delivery,L3,Mid (L3-L4),Bengaluru,Man,64,1,2,0,0,10,731
2025-05-01,FY 2025-26,Delivery,L3,Mid (L3-L4),Bengaluru,Woman,29,0,2,0,0,10,353
2025-05-01,FY 2025-26,Delivery,L3,Mid (L3-L4),Hyderabad,Man,88,0,1,0,0,15,1011
2025-05-01,FY 2025-26,Delivery,L3,Mid (L3-L4),Hyderabad,Non-binary,1,0,0,0,0,0,12
2025-05-01,FY 2025-26,Delivery,L3,Mid (L3-L4),Hyderabad,Woman,56,1,3,0,1,8,538
2025-05-01,FY 2025-26,Delivery,L4,Mid (L3-L4),Bengaluru,Man,33,2,0,0,0,5,336
2025-05-01,FY 2025-26,Delivery,L4,Mid (L3-L4),Bengaluru,Woman,5,0,0,0,0,4,76
2025-05-01,FY 2025-26,Delivery,L4,Mid (L3-L4),Hyderabad,Man,59,1,0,0,0,5,669
2025-05-01,FY 2025-26,Delivery,L4,Mid (L3-L4),Hyderabad,Woman,13,0,0,0,0,5,159
2025-05-01,FY 2025-26,Delivery,L5,Senior (L5-L6),Bengaluru,Man,21,0,0,0,0,4,265
2025-05-01,FY 2025-26,Delivery,L5,Senior (L5-L6),Bengaluru,Woman,6,0,0,0,0,0,72
2025-05-01,FY 2025-26,Delivery,L5,Senior (L5-L6),Hyderabad,Man,30,1,0,0,0,2,303
2025-05-01,FY 2025-26,Delivery,L5,Senior (L5-L6),Hyderabad,Woman,5,0,0,0,0,1,66
2025-05-01,FY 2025-26,Delivery,L6,Senior (L5-L6),Bengaluru,Man,13,0,0,0,0,0,126
2025-05-01,FY 2025-26,Delivery,L6,Senior (L5-L6),Bengaluru,Woman,5,0,0,0,0,0,50
2025-05-01,FY 2025-26,Delivery,L6,Senior (L5-L6),Hyderabad,Man,20,0,0,0,0,3,236
2025-05-01,FY 2025-26,Delivery,L6,Senior (L5-L6),Hyderabad,Woman,1,0,0,0,0,0,2
2025-05-01,FY 2025-26,Quality Engineering,L1,Junior (L1-L2),Bengaluru,Man,25,0,0,0,0,4,302
2025-05-01,FY 2025-26,Quality Engineering,L1,Junior (L1-L2),Bengaluru,Woman,19,0,0,0,0,3,252
2025-05-01,FY 2025-26,Quality Engineering,L1,Junior (L1-L2),Hyderabad,Man,38,0,0,0,0,4,522
2025-05-01,FY 2025-26,Quality Engineering,L1,Junior (L1-L2),Hyderabad,Non-binary,1,0,0,0,0,0,10
2025-05-01,FY 2025-26,Quality Engineering,L1,Junior (L1-L2),Hyderabad,Woman,28,0,0,0,0,5,358
2025-05-01,FY 2025-26,Quality Engineering,L2,Junior (L1-L2),Bengaluru,Man,25,0,1,0,1,9,361
2025-05-01,FY 2025-26,Quality Engineering,L2,Junior (L1-L2),Bengaluru,Non-binary,0,0,0,0,0,0,0
2025-05-01,FY 2025-26,Quality Engineering,L2,Junior (L1-L2),Bengaluru,Woman,17,0,0,0,0,3,187
2025-05-01,FY 2025-26,Quality Engineering,L2,Junior (L1-L2),Hyderabad,Man,39,1,0,0,0,6,443
2025-05-01,FY 2025-26,Quality Engineering,L2,Junior (L1-L2),Hyderabad,Woman,25,0,0,0,0,2,274
2025-05-01,FY 2025-26,Quality Engineering,L3,Mid (L3-L4),Bengaluru,Man,22,1,0,1,0,7,260
2025-05-01,FY 2025-26,Quality Engineering,L3,Mid (L3-L4),Bengaluru,Woman,10,0,0,0,0,1,107
2025-05-01,FY 2025-26,Quality Engineering,L3,Mid (L3-L4),Hyderabad,Man,22,0,3,0,2,6,260
2025-05-01,FY 2025-26,Quality Engineering,L3,Mid (L3-L4),Hyderabad,Woman,16,0,0,0,0,2,232
2025-05-01,FY 2025-26,Quality Engineering,L4,Mid (L3-L4),Bengaluru,Man,8,0,1,0,1,1,77
2025-05-01,FY 2025-26,Quality Engineering,L4,Mid (L3-L4),Bengaluru,Non-binary,1,0,0,0,0,0,12
2025-05-01,FY 2025-26,Quality Engineering,L4,Mid (L3-L4),Bengaluru,Woman,3,0,0,0,0,0,36
2025-05-01,FY 2025-26,Quality Engineering,L4,Mid (L3-L4),Hyderabad,Man,18,0,0,0,0,1,233
2025-05-01,FY 2025-26,Quality Engineering,L4,Mid (L3-L4),Hyderabad,Woman,8,0,0,0,0,1,65
2025-05-01,FY 2025-26,Quality Engineering,L5,Senior (L5-L6),Bengaluru,Man,4,0,0,0,0,1,45
2025-05-01,FY 2025-26,Quality Engineering,L5,Senior (L5-L6),Bengaluru,Woman,2,0,0,0,0,0,24
2025-05-01,FY 2025-26,Quality Engineering,L5,Senior (L5-L6),Hyderabad,Man,15,0,0,0,0,1,159
2025-05-01,FY 2025-26,Quality Engineering,L5,Senior (L5-L6),Hyderabad,Woman,1,0,0,0,0,1,24
2025-05-01,FY 2025-26,Quality Engineering,L6,Senior (L5-L6),Bengaluru,Man,6,0,0,0,0,0,72
2025-05-01,FY 2025-26,Quality Engineering,L6,Senior (L5-L6),Bengaluru,Woman,1,0,0,0,0,0,12
2025-05-01,FY 2025-26,Quality Engineering,L6,Senior (L5-L6),Hyderabad,Man,6,0,0,0,0,0,52
2025-05-01,FY 2025-26,Quality Engineering,L6,Senior (L5-L6),Hyderabad,Woman,2,0,0,0,0,0,14
2025-05-01,FY 2025-26,Sales and Presales,L1,Junior (L1-L2),Bengaluru,Man,14,0,0,0,0,2,198
2025-05-01,FY 2025-26,Sales and Presales,L1,Junior (L1-L2),Bengaluru,Non-binary,0,0,0,0,0,0,10
2025-05-01,FY 2025-26,Sales and Presales,L1,Junior (L1-L2),Bengaluru,Woman,8,0,0,0,0,3,104
2025-05-01,FY 2025-26,Sales and Presales,L1,Junior (L1-L2),Hyderabad,Man,15,1,0,0,0,2,172
2025-05-01,FY 2025-26,Sales and Presales,L1,Junior (L1-L2),Hyderabad,Woman,18,0,0,0,0,2,232
2025-05-01,FY 2025-26,Sales and Presales,L2,Junior (L1-L2),Bengaluru,Man,10,0,0,0,0,0,100
2025-05-01,FY 2025-26,Sales and Presales,L2,Junior (L1-L2),Bengaluru,Non-binary,0,0,1,0,1,1,1
2025-05-01,FY 2025-26,Sales and Presales,L2,Junior (L1-L2),Bengaluru,Woman,4,0,0,0,0,0,23
2025-05-01,FY 2025-26,Sales and Presales,L2,Junior (L1-L2),Hyderabad,Man,14,0,0,0,0,1,151
2025-05-01,FY 2025-26,Sales and Presales,L2,Junior (L1-L2),Hyderabad,Woman,8,1,1,0,1,3,97
2025-05-01,FY 2025-26,Sales and Presales,L3,Mid (L3-L4),Bengaluru,Man,9,0,0,0,0,1,94
2025-05-01,FY 2025-26,Sales and Presales,L3,Mid (L3-L4),Bengaluru,Woman,5,0,1,0,1,1,81
2025-05-01,FY 2025-26,Sales and Presales,L3,Mid (L3-L4),Hyderabad,Man,12,0,0,0,0,4,144
2025-05-01,FY 2025-26,Sales and Presales,L3,Mid (L3-L4),Hyderabad,Woman,6,0,0,0,0,0,63
2025-05-01,FY 2025-26,Sales and Presales,L4,Mid (L3-L4),Bengaluru,Man,3,0,0,0,0,2,36
2025-05-01,FY 2025-26,Sales and Presales,L4,Mid (L3-L4),Bengaluru,Woman,2,0,0,0,0,0,14
2025-05-01,FY 2025-26,Sales and Presales,L4,Mid (L3-L4),Hyderabad,Man,6,0,0,0,0,2,100
2025-05-01,FY 2025-26,Sales and Presales,L4,Mid (L3-L4),Hyderabad,Woman,0,0,0,0,0,0,0
2025-05-01,FY 2025-26,Sales and Presales,L5,Senior (L5-L6),Bengaluru,Man,1,0,0,0,0,0,12
2025-05-01,FY 2025-26,Sales and Presales,L5,Senior (L5-L6),Hyderabad,Man,4,0,0,0,0,0,48
2025-05-01,FY 2025-26,Sales and Presales,L5,Senior (L5-L6),Hyderabad,Woman,0,0,0,0,0,1,5
2025-05-01,FY 2025-26,Sales and Presales,L6,Senior (L5-L6),Bengaluru,Man,1,0,0,0,0,0,12
2025-05-01,FY 2025-26,Sales and Presales,L6,Senior (L5-L6),Hyderabad,Man,3,0,0,0,0,0,26
2025-06-01,FY 2025-26,Cloud and Infrastructure,L1,Junior (L1-L2),Bengaluru,Man,24,1,0,0,0,2,301
2025-06-01,FY 2025-26,Cloud and Infrastructure,L1,Junior (L1-L2),Bengaluru,Woman,11,0,1,0,0,5,167
2025-06-01,FY 2025-26,Cloud and Infrastructure,L1,Junior (L1-L2),Hyderabad,Man,35,0,0,0,0,3,438
2025-06-01,FY 2025-26,Cloud and Infrastructure,L1,Junior (L1-L2),Hyderabad,Woman,22,0,0,0,0,3,279
2025-06-01,FY 2025-26,Cloud and Infrastructure,L2,Junior (L1-L2),Bengaluru,Man,25,1,1,0,0,4,277
2025-06-01,FY 2025-26,Cloud and Infrastructure,L2,Junior (L1-L2),Bengaluru,Woman,16,0,0,0,0,3,173
2025-06-01,FY 2025-26,Cloud and Infrastructure,L2,Junior (L1-L2),Hyderabad,Man,34,1,0,0,0,7,396
2025-06-01,FY 2025-26,Cloud and Infrastructure,L2,Junior (L1-L2),Hyderabad,Woman,20,0,1,0,1,3,259
2025-06-01,FY 2025-26,Cloud and Infrastructure,L3,Mid (L3-L4),Bengaluru,Man,10,0,0,0,0,5,151
2025-06-01,FY 2025-26,Cloud and Infrastructure,L3,Mid (L3-L4),Bengaluru,Woman,2,0,0,0,0,1,29
2025-06-01,FY 2025-26,Cloud and Infrastructure,L3,Mid (L3-L4),Hyderabad,Man,14,0,0,0,0,3,186
2025-06-01,FY 2025-26,Cloud and Infrastructure,L3,Mid (L3-L4),Hyderabad,Non-binary,0,0,0,0,0,0,0
2025-06-01,FY 2025-26,Cloud and Infrastructure,L3,Mid (L3-L4),Hyderabad,Woman,13,0,0,0,0,1,141
2025-06-01,FY 2025-26,Cloud and Infrastructure,L4,Mid (L3-L4),Bengaluru,Man,17,0,0,0,0,0,166
2025-06-01,FY 2025-26,Cloud and Infrastructure,L4,Mid (L3-L4),Bengaluru,Woman,0,0,0,0,0,1,10
2025-06-01,FY 2025-26,Cloud and Infrastructure,L4,Mid (L3-L4),Hyderabad,Man,10,0,0,0,0,0,97
2025-06-01,FY 2025-26,Cloud and Infrastructure,L4,Mid (L3-L4),Hyderabad,Woman,7,0,0,0,0,1,84
2025-06-01,FY 2025-26,Cloud and Infrastructure,L5,Senior (L5-L6),Bengaluru,Man,4,0,0,0,0,0,48
2025-06-01,FY 2025-26,Cloud and Infrastructure,L5,Senior (L5-L6),Bengaluru,Woman,1,0,0,0,0,0,12
2025-06-01,FY 2025-26,Cloud and Infrastructure,L5,Senior (L5-L6),Hyderabad,Man,5,0,0,0,0,2,61
2025-06-01,FY 2025-26,Cloud and Infrastructure,L5,Senior (L5-L6),Hyderabad,Woman,3,0,0,0,0,0,27
2025-06-01,FY 2025-26,Cloud and Infrastructure,L6,Senior (L5-L6),Bengaluru,Man,1,0,0,0,0,0,12
2025-06-01,FY 2025-26,Cloud and Infrastructure,L6,Senior (L5-L6),Bengaluru,Woman,1,0,0,0,0,0,12
2025-06-01,FY 2025-26,Cloud and Infrastructure,L6,Senior (L5-L6),Hyderabad,Man,5,0,0,0,0,0,51
2025-06-01,FY 2025-26,Consulting,L1,Junior (L1-L2),Bengaluru,Man,7,0,0,0,0,1,79
2025-06-01,FY 2025-26,Consulting,L1,Junior (L1-L2),Bengaluru,Woman,4,0,0,0,0,1,57
2025-06-01,FY 2025-26,Consulting,L1,Junior (L1-L2),Hyderabad,Man,18,0,0,0,0,1,225
2025-06-01,FY 2025-26,Consulting,L1,Junior (L1-L2),Hyderabad,Woman,11,1,0,0,0,2,124
2025-06-01,FY 2025-26,Consulting,L2,Junior (L1-L2),Bengaluru,Man,6,1,0,0,0,2,77
2025-06-01,FY 2025-26,Consulting,L2,Junior (L1-L2),Bengaluru,Woman,2,0,0,0,0,1,23
2025-06-01,FY 2025-26,Consulting,L2,Junior (L1-L2),Hyderabad,Man,11,0,0,0,0,1,99
2025-06-01,FY 2025-26,Consulting,L2,Junior (L1-L2),Hyderabad,Woman,5,0,0,0,0,1,69
2025-06-01,FY 2025-26,Consulting,L3,Mid (L3-L4),Bengaluru,Man,6,0,0,0,0,2,79
2025-06-01,FY 2025-26,Consulting,L3,Mid (L3-L4),Bengaluru,Woman,2,0,0,0,0,0,15
2025-06-01,FY 2025-26,Consulting,L3,Mid (L3-L4),Hyderabad,Man,1,0,0,0,0,0,30
2025-06-01,FY 2025-26,Consulting,L3,Mid (L3-L4),Hyderabad,Woman,5,0,1,0,0,2,74
2025-06-01,FY 2025-26,Consulting,L4,Mid (L3-L4),Bengaluru,Man,5,0,0,0,0,2,61
2025-06-01,FY 2025-26,Consulting,L4,Mid (L3-L4),Bengaluru,Woman,3,0,0,0,0,0,28
2025-06-01,FY 2025-26,Consulting,L4,Mid (L3-L4),Hyderabad,Man,3,0,0,0,0,0,18
2025-06-01,FY 2025-26,Consulting,L4,Mid (L3-L4),Hyderabad,Woman,5,0,0,0,0,0,33
2025-06-01,FY 2025-26,Consulting,L5,Senior (L5-L6),Bengaluru,Man,3,0,0,0,0,0,27
2025-06-01,FY 2025-26,Consulting,L5,Senior (L5-L6),Bengaluru,Woman,1,0,0,0,0,0,12
2025-06-01,FY 2025-26,Consulting,L5,Senior (L5-L6),Hyderabad,Man,3,0,0,0,0,1,33
2025-06-01,FY 2025-26,Consulting,L5,Senior (L5-L6),Hyderabad,Woman,1,0,0,0,0,0,12
2025-06-01,FY 2025-26,Consulting,L6,Senior (L5-L6),Bengaluru,Man,2,0,0,0,0,0,24
2025-06-01,FY 2025-26,Consulting,L6,Senior (L5-L6),Hyderabad,Man,4,0,0,0,0,0,40
2025-06-01,FY 2025-26,Consulting,L6,Senior (L5-L6),Hyderabad,Woman,2,0,0,0,0,0,24
2025-06-01,FY 2025-26,Corporate Functions,L1,Junior (L1-L2),Bengaluru,Man,6,0,0,0,0,0,72
2025-06-01,FY 2025-26,Corporate Functions,L1,Junior (L1-L2),Bengaluru,Woman,5,0,0,0,0,0,67
2025-06-01,FY 2025-26,Corporate Functions,L1,Junior (L1-L2),Hyderabad,Man,11,0,1,0,0,3,151
2025-06-01,FY 2025-26,Corporate Functions,L1,Junior (L1-L2),Hyderabad,Woman,8,1,0,0,0,2,101
2025-06-01,FY 2025-26,Corporate Functions,L2,Junior (L1-L2),Bengaluru,Man,6,0,0,0,0,3,80
2025-06-01,FY 2025-26,Corporate Functions,L2,Junior (L1-L2),Bengaluru,Woman,7,0,0,0,0,0,64
2025-06-01,FY 2025-26,Corporate Functions,L2,Junior (L1-L2),Hyderabad,Man,18,0,0,0,0,1,223
2025-06-01,FY 2025-26,Corporate Functions,L2,Junior (L1-L2),Hyderabad,Woman,10,0,1,0,1,3,123
2025-06-01,FY 2025-26,Corporate Functions,L3,Mid (L3-L4),Bengaluru,Man,9,0,0,0,0,2,120
2025-06-01,FY 2025-26,Corporate Functions,L3,Mid (L3-L4),Bengaluru,Woman,6,0,0,0,0,1,56
2025-06-01,FY 2025-26,Corporate Functions,L3,Mid (L3-L4),Hyderabad,Man,15,0,0,0,0,1,161
2025-06-01,FY 2025-26,Corporate Functions,L3,Mid (L3-L4),Hyderabad,Woman,3,0,0,0,0,0,27
2025-06-01,FY 2025-26,Corporate Functions,L4,Mid (L3-L4),Bengaluru,Man,8,0,0,0,0,0,87
2025-06-01,FY 2025-26,Corporate Functions,L4,Mid (L3-L4),Bengaluru,Woman,2,0,0,0,0,0,33
2025-06-01,FY 2025-26,Corporate Functions,L4,Mid (L3-L4),Hyderabad,Man,11,0,0,0,0,2,130
2025-06-01,FY 2025-26,Corporate Functions,L4,Mid (L3-L4),Hyderabad,Woman,4,0,0,0,0,0,48
2025-06-01,FY 2025-26,Corporate Functions,L5,Senior (L5-L6),Bengaluru,Man,3,0,0,0,0,0,27
2025-06-01,FY 2025-26,Corporate Functions,L5,Senior (L5-L6),Bengaluru,Woman,1,0,0,0,0,0,3
2025-06-01,FY 2025-26,Corporate Functions,L5,Senior (L5-L6),Hyderabad,Man,6,0,0,0,0,0,62
2025-06-01,FY 2025-26,Corporate Functions,L6,Senior (L5-L6),Bengaluru,Man,3,0,0,0,0,0,36
2025-06-01,FY 2025-26,Corporate Functions,L6,Senior (L5-L6),Hyderabad,Man,2,0,0,0,0,0,24
2025-06-01,FY 2025-26,Data and Analytics,L1,Junior (L1-L2),Bengaluru,Man,20,0,0,0,0,1,251
2025-06-01,FY 2025-26,Data and Analytics,L1,Junior (L1-L2),Bengaluru,Woman,14,0,0,0,0,2,190
2025-06-01,FY 2025-26,Data and Analytics,L1,Junior (L1-L2),Hyderabad,Man,24,0,0,0,0,1,288
2025-06-01,FY 2025-26,Data and Analytics,L1,Junior (L1-L2),Hyderabad,Woman,13,0,0,0,0,1,174
2025-06-01,FY 2025-26,Data and Analytics,L2,Junior (L1-L2),Bengaluru,Man,16,0,1,0,0,4,199
2025-06-01,FY 2025-26,Data and Analytics,L2,Junior (L1-L2),Bengaluru,Woman,7,0,1,0,0,4,99
2025-06-01,FY 2025-26,Data and Analytics,L2,Junior (L1-L2),Hyderabad,Man,22,1,0,0,0,7,252
2025-06-01,FY 2025-26,Data and Analytics,L2,Junior (L1-L2),Hyderabad,Woman,19,0,1,0,1,3,226
2025-06-01,FY 2025-26,Data and Analytics,L3,Mid (L3-L4),Bengaluru,Man,13,0,0,0,0,2,152
2025-06-01,FY 2025-26,Data and Analytics,L3,Mid (L3-L4),Bengaluru,Woman,3,0,0,0,0,2,46
2025-06-01,FY 2025-26,Data and Analytics,L3,Mid (L3-L4),Hyderabad,Man,19,0,0,0,0,4,213
2025-06-01,FY 2025-26,Data and Analytics,L3,Mid (L3-L4),Hyderabad,Woman,10,1,0,0,0,0,100
2025-06-01,FY 2025-26,Data and Analytics,L4,Mid (L3-L4),Bengaluru,Man,8,0,0,0,0,1,85
2025-06-01,FY 2025-26,Data and Analytics,L4,Mid (L3-L4),Bengaluru,Woman,2,0,0,0,0,0,15
2025-06-01,FY 2025-26,Data and Analytics,L4,Mid (L3-L4),Hyderabad,Man,18,0,0,0,0,0,243
2025-06-01,FY 2025-26,Data and Analytics,L4,Mid (L3-L4),Hyderabad,Woman,3,0,0,0,0,0,27
2025-06-01,FY 2025-26,Data and Analytics,L5,Senior (L5-L6),Bengaluru,Man,2,0,0,0,0,1,34
2025-06-01,FY 2025-26,Data and Analytics,L5,Senior (L5-L6),Bengaluru,Woman,1,0,0,0,0,1,22
2025-06-01,FY 2025-26,Data and Analytics,L5,Senior (L5-L6),Hyderabad,Man,4,0,1,0,1,1,32
2025-06-01,FY 2025-26,Data and Analytics,L5,Senior (L5-L6),Hyderabad,Woman,4,0,0,0,0,0,48
2025-06-01,FY 2025-26,Data and Analytics,L6,Senior (L5-L6),Bengaluru,Man,3,0,0,0,0,0,36
2025-06-01,FY 2025-26,Data and Analytics,L6,Senior (L5-L6),Hyderabad,Man,4,0,0,0,0,0,48
2025-06-01,FY 2025-26,Data and Analytics,L6,Senior (L5-L6),Hyderabad,Woman,0,0,0,0,0,1,6
2025-06-01,FY 2025-26,Delivery,L1,Junior (L1-L2),Bengaluru,Man,82,1,0,0,0,12,1099
2025-06-01,FY 2025-26,Delivery,L1,Junior (L1-L2),Bengaluru,Woman,60,2,0,0,0,12,714
2025-06-01,FY 2025-26,Delivery,L1,Junior (L1-L2),Hyderabad,Man,129,1,2,0,0,18,1641
2025-06-01,FY 2025-26,Delivery,L1,Junior (L1-L2),Hyderabad,Non-binary,1,0,0,0,0,0,11
2025-06-01,FY 2025-26,Delivery,L1,Junior (L1-L2),Hyderabad,Woman,95,0,3,0,0,23,1232
2025-06-01,FY 2025-26,Delivery,L2,Junior (L1-L2),Bengaluru,Man,75,0,2,1,2,10,856
2025-06-01,FY 2025-26,Delivery,L2,Junior (L1-L2),Bengaluru,Non-binary,0,0,0,0,0,0,0
2025-06-01,FY 2025-26,Delivery,L2,Junior (L1-L2),Bengaluru,Woman,29,1,1,0,0,7,350
2025-06-01,FY 2025-26,Delivery,L2,Junior (L1-L2),Hyderabad,Man,110,2,1,0,0,24,1301
2025-06-01,FY 2025-26,Delivery,L2,Junior (L1-L2),Hyderabad,Non-binary,1,0,0,0,0,0,12
2025-06-01,FY 2025-26,Delivery,L2,Junior (L1-L2),Hyderabad,Woman,56,0,1,0,0,11,769
2025-06-01,FY 2025-26,Delivery,L3,Mid (L3-L4),Bengaluru,Man,64,0,0,0,0,10,736
2025-06-01,FY 2025-26,Delivery,L3,Mid (L3-L4),Bengaluru,Woman,29,0,0,0,0,10,349
2025-06-01,FY 2025-26,Delivery,L3,Mid (L3-L4),Hyderabad,Man,89,1,0,0,0,15,1014
2025-06-01,FY 2025-26,Delivery,L3,Mid (L3-L4),Hyderabad,Non-binary,1,0,0,0,0,0,12
2025-06-01,FY 2025-26,Delivery,L3,Mid (L3-L4),Hyderabad,Woman,57,1,0,0,0,6,555
2025-06-01,FY 2025-26,Delivery,L4,Mid (L3-L4),Bengaluru,Man,35,2,0,0,0,5,343
2025-06-01,FY 2025-26,Delivery,L4,Mid (L3-L4),Bengaluru,Woman,5,0,0,0,0,4,73
2025-06-01,FY 2025-26,Delivery,L4,Mid (L3-L4),Hyderabad,Man,59,0,0,0,0,4,673
2025-06-01,FY 2025-26,Delivery,L4,Mid (L3-L4),Hyderabad,Woman,13,0,0,0,0,5,158
2025-06-01,FY 2025-26,Delivery,L5,Senior (L5-L6),Bengaluru,Man,20,0,1,0,0,5,263
2025-06-01,FY 2025-26,Delivery,L5,Senior (L5-L6),Bengaluru,Woman,6,0,0,0,0,0,72
2025-06-01,FY 2025-26,Delivery,L5,Senior (L5-L6),Hyderabad,Man,30,0,0,0,0,1,309
2025-06-01,FY 2025-26,Delivery,L5,Senior (L5-L6),Hyderabad,Woman,5,0,0,0,0,1,65
2025-06-01,FY 2025-26,Delivery,L6,Senior (L5-L6),Bengaluru,Man,13,0,0,0,0,0,129
2025-06-01,FY 2025-26,Delivery,L6,Senior (L5-L6),Bengaluru,Woman,5,0,0,0,0,0,51
2025-06-01,FY 2025-26,Delivery,L6,Senior (L5-L6),Hyderabad,Man,21,1,0,0,0,3,237
2025-06-01,FY 2025-26,Delivery,L6,Senior (L5-L6),Hyderabad,Woman,1,0,0,0,0,0,3
2025-06-01,FY 2025-26,Quality Engineering,L1,Junior (L1-L2),Bengaluru,Man,25,0,0,0,0,2,314
2025-06-01,FY 2025-26,Quality Engineering,L1,Junior (L1-L2),Bengaluru,Woman,18,0,1,0,0,4,250
2025-06-01,FY 2025-26,Quality Engineering,L1,Junior (L1-L2),Hyderabad,Man,38,0,0,0,0,4,523
2025-06-01,FY 2025-26,Quality Engineering,L1,Junior (L1-L2),Hyderabad,Non-binary,1,0,0,0,0,0,11
2025-06-01,FY 2025-26,Quality Engineering,L1,Junior (L1-L2),Hyderabad,Woman,29,2,1,0,0,6,363
2025-06-01,FY 2025-26,Quality Engineering,L2,Junior (L1-L2),Bengaluru,Man,25,0,0,0,0,9,356
2025-06-01,FY 2025-26,Quality Engineering,L2,Junior (L1-L2),Bengaluru,Non-binary,0,0,0,0,0,0,0
2025-06-01,FY 2025-26,Quality Engineering,L2,Junior (L1-L2),Bengaluru,Woman,18,1,0,0,0,2,189
2025-06-01,FY 2025-26,Quality Engineering,L2,Junior (L1-L2),Hyderabad,Man,39,0,0,0,0,6,444
2025-06-01,FY 2025-26,Quality Engineering,L2,Junior (L1-L2),Hyderabad,Woman,25,0,0,0,0,2,277
2025-06-01,FY 2025-26,Quality Engineering,L3,Mid (L3-L4),Bengaluru,Man,21,0,1,0,1,8,258
2025-06-01,FY 2025-26,Quality Engineering,L3,Mid (L3-L4),Bengaluru,Woman,10,0,0,0,0,1,108
2025-06-01,FY 2025-26,Quality Engineering,L3,Mid (L3-L4),Hyderabad,Man,23,1,0,0,0,6,262
2025-06-01,FY 2025-26,Quality Engineering,L3,Mid (L3-L4),Hyderabad,Woman,16,0,0,0,0,2,228
2025-06-01,FY 2025-26,Quality Engineering,L4,Mid (L3-L4),Bengaluru,Man,8,0,0,0,0,1,79
2025-06-01,FY 2025-26,Quality Engineering,L4,Mid (L3-L4),Bengaluru,Non-binary,1,0,0,0,0,0,12
2025-06-01,FY 2025-26,Quality Engineering,L4,Mid (L3-L4),Bengaluru,Woman,3,0,0,0,0,0,36
2025-06-01,FY 2025-26,Quality Engineering,L4,Mid (L3-L4),Hyderabad,Man,18,0,0,0,0,1,231
2025-06-01,FY 2025-26,Quality Engineering,L4,Mid (L3-L4),Hyderabad,Woman,7,0,1,0,0,1,68
2025-06-01,FY 2025-26,Quality Engineering,L5,Senior (L5-L6),Bengaluru,Man,4,0,0,0,0,1,45
2025-06-01,FY 2025-26,Quality Engineering,L5,Senior (L5-L6),Bengaluru,Woman,2,0,0,0,0,0,24
2025-06-01,FY 2025-26,Quality Engineering,L5,Senior (L5-L6),Hyderabad,Man,15,0,0,0,0,1,161
2025-06-01,FY 2025-26,Quality Engineering,L5,Senior (L5-L6),Hyderabad,Woman,1,0,0,0,0,1,22
2025-06-01,FY 2025-26,Quality Engineering,L6,Senior (L5-L6),Bengaluru,Man,6,0,0,0,0,0,72
2025-06-01,FY 2025-26,Quality Engineering,L6,Senior (L5-L6),Bengaluru,Woman,1,0,0,0,0,0,12
2025-06-01,FY 2025-26,Quality Engineering,L6,Senior (L5-L6),Hyderabad,Man,6,0,0,0,0,0,54
2025-06-01,FY 2025-26,Quality Engineering,L6,Senior (L5-L6),Hyderabad,Woman,2,0,0,0,0,0,15
2025-06-01,FY 2025-26,Sales and Presales,L1,Junior (L1-L2),Bengaluru,Man,16,2,0,0,0,2,199
2025-06-01,FY 2025-26,Sales and Presales,L1,Junior (L1-L2),Bengaluru,Non-binary,0,0,0,0,0,0,9
2025-06-01,FY 2025-26,Sales and Presales,L1,Junior (L1-L2),Bengaluru,Woman,8,0,0,0,0,2,106
2025-06-01,FY 2025-26,Sales and Presales,L1,Junior (L1-L2),Hyderabad,Man,15,1,0,1,0,2,176
2025-06-01,FY 2025-26,Sales and Presales,L1,Junior (L1-L2),Hyderabad,Woman,17,0,1,0,0,3,233
2025-06-01,FY 2025-26,Sales and Presales,L2,Junior (L1-L2),Bengaluru,Man,9,0,1,0,1,1,101
2025-06-01,FY 2025-26,Sales and Presales,L2,Junior (L1-L2),Bengaluru,Non-binary,0,0,0,0,0,1,1
2025-06-01,FY 2025-26,Sales and Presales,L2,Junior (L1-L2),Bengaluru,Woman,4,0,0,0,0,0,26
2025-06-01,FY 2025-26,Sales and Presales,L2,Junior (L1-L2),Hyderabad,Man,13,0,0,1,0,2,152
2025-06-01,FY 2025-26,Sales and Presales,L2,Junior (L1-L2),Hyderabad,Woman,8,0,0,0,0,3,96
2025-06-01,FY 2025-26,Sales and Presales,L3,Mid (L3-L4),Bengaluru,Man,8,0,0,1,0,2,94
2025-06-01,FY 2025-26,Sales and Presales,L3,Mid (L3-L4),Bengaluru,Woman,5,0,0,0,0,1,79
2025-06-01,FY 2025-26,Sales and Presales,L3,Mid (L3-L4),Hyderabad,Man,12,0,0,0,0,3,144
2025-06-01,FY 2025-26,Sales and Presales,L3,Mid (L3-L4),Hyderabad,Woman,6,0,0,0,0,0,64
2025-06-01,FY 2025-26,Sales and Presales,L4,Mid (L3-L4),Bengaluru,Man,3,0,0,0,0,0,36
2025-06-01,FY 2025-26,Sales and Presales,L4,Mid (L3-L4),Bengaluru,Woman,2,0,0,0,0,0,15
2025-06-01,FY 2025-26,Sales and Presales,L4,Mid (L3-L4),Hyderabad,Man,6,0,0,0,0,2,97
2025-06-01,FY 2025-26,Sales and Presales,L4,Mid (L3-L4),Hyderabad,Woman,0,0,0,0,0,0,0
2025-06-01,FY 2025-26,Sales and Presales,L5,Senior (L5-L6),Bengaluru,Man,1,0,0,0,0,0,12
2025-06-01,FY 2025-26,Sales and Presales,L5,Senior (L5-L6),Hyderabad,Man,4,0,0,0,0,0,48
2025-06-01,FY 2025-26,Sales and Presales,L5,Senior (L5-L6),Hyderabad,Woman,0,0,0,0,0,1,4
2025-06-01,FY 2025-26,Sales and Presales,L6,Senior (L5-L6),Bengaluru,Man,1,0,0,0,0,0,12
2025-06-01,FY 2025-26,Sales and Presales,L6,Senior (L5-L6),Hyderabad,Man,3,0,0,0,0,0,27
2025-07-01,FY 2025-26,Cloud and Infrastructure,L1,Junior (L1-L2),Bengaluru,Man,24,0,0,0,0,2,305
2025-07-01,FY 2025-26,Cloud and Infrastructure,L1,Junior (L1-L2),Bengaluru,Woman,10,0,1,0,0,5,164
2025-07-01,FY 2025-26,Cloud and Infrastructure,L1,Junior (L1-L2),Hyderabad,Man,35,0,0,0,0,3,442
2025-07-01,FY 2025-26,Cloud and Infrastructure,L1,Junior (L1-L2),Hyderabad,Woman,22,0,0,0,0,3,285
2025-07-01,FY 2025-26,Cloud and Infrastructure,L2,Junior (L1-L2),Bengaluru,Man,25,1,1,0,1,4,281
2025-07-01,FY 2025-26,Cloud and Infrastructure,L2,Junior (L1-L2),Bengaluru,Woman,16,0,0,0,0,3,175
2025-07-01,FY 2025-26,Cloud and Infrastructure,L2,Junior (L1-L2),Hyderabad,Man,35,1,0,0,0,7,398
2025-07-01,FY 2025-26,Cloud and Infrastructure,L2,Junior (L1-L2),Hyderabad,Woman,19,0,1,0,1,3,257
2025-07-01,FY 2025-26,Cloud and Infrastructure,L3,Mid (L3-L4),Bengaluru,Man,10,0,0,0,0,5,147
2025-07-01,FY 2025-26,Cloud and Infrastructure,L3,Mid (L3-L4),Bengaluru,Woman,3,1,0,0,0,1,29
2025-07-01,FY 2025-26,Cloud and Infrastructure,L3,Mid (L3-L4),Hyderabad,Man,14,0,0,0,0,3,183
2025-07-01,FY 2025-26,Cloud and Infrastructure,L3,Mid (L3-L4),Hyderabad,Non-binary,0,0,0,0,0,0,0
2025-07-01,FY 2025-26,Cloud and Infrastructure,L3,Mid (L3-L4),Hyderabad,Woman,13,0,0,0,0,1,143
2025-07-01,FY 2025-26,Cloud and Infrastructure,L4,Mid (L3-L4),Bengaluru,Man,17,1,1,0,0,1,171
2025-07-01,FY 2025-26,Cloud and Infrastructure,L4,Mid (L3-L4),Bengaluru,Woman,0,0,0,0,0,1,9
2025-07-01,FY 2025-26,Cloud and Infrastructure,L4,Mid (L3-L4),Hyderabad,Man,10,0,0,0,0,0,101
2025-07-01,FY 2025-26,Cloud and Infrastructure,L4,Mid (L3-L4),Hyderabad,Woman,7,0,0,0,0,0,84
2025-07-01,FY 2025-26,Cloud and Infrastructure,L5,Senior (L5-L6),Bengaluru,Man,4,0,0,0,0,0,48
2025-07-01,FY 2025-26,Cloud and Infrastructure,L5,Senior (L5-L6),Bengaluru,Woman,1,0,0,0,0,0,12
2025-07-01,FY 2025-26,Cloud and Infrastructure,L5,Senior (L5-L6),Hyderabad,Man,5,0,0,0,0,1,61
2025-07-01,FY 2025-26,Cloud and Infrastructure,L5,Senior (L5-L6),Hyderabad,Woman,3,0,0,0,0,0,28
2025-07-01,FY 2025-26,Cloud and Infrastructure,L6,Senior (L5-L6),Bengaluru,Man,1,0,0,0,0,0,12
2025-07-01,FY 2025-26,Cloud and Infrastructure,L6,Senior (L5-L6),Bengaluru,Woman,1,0,0,0,0,0,12
2025-07-01,FY 2025-26,Cloud and Infrastructure,L6,Senior (L5-L6),Hyderabad,Man,5,0,0,0,0,0,52
2025-07-01,FY 2025-26,Consulting,L1,Junior (L1-L2),Bengaluru,Man,7,0,0,0,0,1,81
2025-07-01,FY 2025-26,Consulting,L1,Junior (L1-L2),Bengaluru,Woman,4,0,0,0,0,1,56
2025-07-01,FY 2025-26,Consulting,L1,Junior (L1-L2),Hyderabad,Man,18,0,0,0,0,1,229
2025-07-01,FY 2025-26,Consulting,L1,Junior (L1-L2),Hyderabad,Woman,11,0,0,0,0,2,127
2025-07-01,FY 2025-26,Consulting,L2,Junior (L1-L2),Bengaluru,Man,7,1,0,0,0,2,77
2025-07-01,FY 2025-26,Consulting,L2,Junior (L1-L2),Bengaluru,Woman,2,0,0,0,0,1,23
2025-07-01,FY 2025-26,Consulting,L2,Junior (L1-L2),Hyderabad,Man,11,0,0,0,0,1,103
2025-07-01,FY 2025-26,Consulting,L2,Junior (L1-L2),Hyderabad,Woman,5,0,0,0,0,0,68
2025-07-01,FY 2025-26,Consulting,L3,Mid (L3-L4),Bengaluru,Man,7,1,0,0,0,2,78
2025-07-01,FY 2025-26,Consulting,L3,Mid (L3-L4),Bengaluru,Woman,2,0,0,0,0,0,16
2025-07-01,FY 2025-26,Consulting,L3,Mid (L3-L4),Hyderabad,Man,1,0,0,0,0,0,28
2025-07-01,FY 2025-26,Consulting,L3,Mid (L3-L4),Hyderabad,Woman,5,0,0,0,0,2,73
2025-07-01,FY 2025-26,Consulting,L4,Mid (L3-L4),Bengaluru,Man,4,0,1,0,1,3,59
2025-07-01,FY 2025-26,Consulting,L4,Mid (L3-L4),Bengaluru,Woman,3,0,0,0,0,0,29
2025-07-01,FY 2025-26,Consulting,L4,Mid (L3-L4),Hyderabad,Man,3,0,0,0,0,0,20
2025-07-01,FY 2025-26,Consulting,L4,Mid (L3-L4),Hyderabad,Woman,5,0,0,0,0,0,36
2025-07-01,FY 2025-26,Consulting,L5,Senior (L5-L6),Bengaluru,Man,3,0,0,0,0,0,28
2025-07-01,FY 2025-26,Consulting,L5,Senior (L5-L6),Bengaluru,Woman,1,0,0,0,0,0,12
2025-07-01,FY 2025-26,Consulting,L5,Senior (L5-L6),Hyderabad,Man,3,0,0,0,0,1,33
2025-07-01,FY 2025-26,Consulting,L5,Senior (L5-L6),Hyderabad,Woman,1,0,0,0,0,0,12
2025-07-01,FY 2025-26,Consulting,L6,Senior (L5-L6),Bengaluru,Man,2,0,0,0,0,0,24
2025-07-01,FY 2025-26,Consulting,L6,Senior (L5-L6),Hyderabad,Man,4,0,0,0,0,0,41
2025-07-01,FY 2025-26,Consulting,L6,Senior (L5-L6),Hyderabad,Woman,2,0,0,0,0,0,24
2025-07-01,FY 2025-26,Corporate Functions,L1,Junior (L1-L2),Bengaluru,Man,5,0,1,0,0,1,71
2025-07-01,FY 2025-26,Corporate Functions,L1,Junior (L1-L2),Bengaluru,Woman,5,0,0,0,0,0,67
2025-07-01,FY 2025-26,Corporate Functions,L1,Junior (L1-L2),Hyderabad,Man,10,0,1,0,0,3,149
2025-07-01,FY 2025-26,Corporate Functions,L1,Junior (L1-L2),Hyderabad,Woman,9,1,0,0,0,2,101
2025-07-01,FY 2025-26,Corporate Functions,L2,Junior (L1-L2),Bengaluru,Man,6,0,0,0,0,2,78
2025-07-01,FY 2025-26,Corporate Functions,L2,Junior (L1-L2),Bengaluru,Woman,6,0,0,1,0,1,66
2025-07-01,FY 2025-26,Corporate Functions,L2,Junior (L1-L2),Hyderabad,Man,17,0,1,0,0,2,222
2025-07-01,FY 2025-26,Corporate Functions,L2,Junior (L1-L2),Hyderabad,Woman,10,0,0,0,0,2,123
2025-07-01,FY 2025-26,Corporate Functions,L3,Mid (L3-L4),Bengaluru,Man,9,0,0,0,0,2,119
2025-07-01,FY 2025-26,Corporate Functions,L3,Mid (L3-L4),Bengaluru,Woman,6,0,0,0,0,0,58
2025-07-01,FY 2025-26,Corporate Functions,L3,Mid (L3-L4),Hyderabad,Man,15,0,0,0,0,1,163
2025-07-01,FY 2025-26,Corporate Functions,L3,Mid (L3-L4),Hyderabad,Woman,3,0,0,0,0,0,28
2025-07-01,FY 2025-26,Corporate Functions,L4,Mid (L3-L4),Bengaluru,Man,8,0,0,0,0,0,88
2025-07-01,FY 2025-26,Corporate Functions,L4,Mid (L3-L4),Bengaluru,Woman,2,0,0,0,0,0,32
2025-07-01,FY 2025-26,Corporate Functions,L4,Mid (L3-L4),Hyderabad,Man,11,0,0,0,0,2,130
2025-07-01,FY 2025-26,Corporate Functions,L4,Mid (L3-L4),Hyderabad,Woman,4,0,0,0,0,0,48
2025-07-01,FY 2025-26,Corporate Functions,L5,Senior (L5-L6),Bengaluru,Man,3,0,0,0,0,0,28
2025-07-01,FY 2025-26,Corporate Functions,L5,Senior (L5-L6),Bengaluru,Woman,1,0,0,0,0,0,4
2025-07-01,FY 2025-26,Corporate Functions,L5,Senior (L5-L6),Hyderabad,Man,6,0,0,0,0,0,64
2025-07-01,FY 2025-26,Corporate Functions,L6,Senior (L5-L6),Bengaluru,Man,3,0,0,0,0,0,36
2025-07-01,FY 2025-26,Corporate Functions,L6,Senior (L5-L6),Hyderabad,Man,2,0,0,0,0,0,24
2025-07-01,FY 2025-26,Data and Analytics,L1,Junior (L1-L2),Bengaluru,Man,21,1,0,0,0,1,256
2025-07-01,FY 2025-26,Data and Analytics,L1,Junior (L1-L2),Bengaluru,Woman,15,1,0,0,0,2,190
2025-07-01,FY 2025-26,Data and Analytics,L1,Junior (L1-L2),Hyderabad,Man,23,0,1,0,0,2,292
2025-07-01,FY 2025-26,Data and Analytics,L1,Junior (L1-L2),Hyderabad,Woman,13,0,0,0,0,1,177
2025-07-01,FY 2025-26,Data and Analytics,L2,Junior (L1-L2),Bengaluru,Man,17,1,0,0,0,3,199
2025-07-01,FY 2025-26,Data and Analytics,L2,Junior (L1-L2),Bengaluru,Woman,7,0,0,0,0,4,97
2025-07-01,FY 2025-26,Data and Analytics,L2,Junior (L1-L2),Hyderabad,Man,21,0,1,0,0,8,249
2025-07-01,FY 2025-26,Data and Analytics,L2,Junior (L1-L2),Hyderabad,Woman,17,1,3,0,1,6,224
2025-07-01,FY 2025-26,Data and Analytics,L3,Mid (L3-L4),Bengaluru,Man,13,0,0,0,0,1,153
2025-07-01,FY 2025-26,Data and Analytics,L3,Mid (L3-L4),Bengaluru,Woman,2,0,1,0,0,3,43
2025-07-01,FY 2025-26,Data and Analytics,L3,Mid (L3-L4),Hyderabad,Man,19,0,0,0,0,4,214
2025-07-01,FY 2025-26,Data and Analytics,L3,Mid (L3-L4),Hyderabad,Woman,10,0,0,0,0,0,102
2025-07-01,FY 2025-26,Data and Analytics,L4,Mid (L3-L4),Bengaluru,Man,8,0,0,0,0,1,87
2025-07-01,FY 2025-26,Data and Analytics,L4,Mid (L3-L4),Bengaluru,Woman,1,0,1,0,0,1,15
2025-07-01,FY 2025-26,Data and Analytics,L4,Mid (L3-L4),Hyderabad,Man,18,0,0,0,0,0,240
2025-07-01,FY 2025-26,Data and Analytics,L4,Mid (L3-L4),Hyderabad,Woman,3,0,0,0,0,0,28
2025-07-01,FY 2025-26,Data and Analytics,L5,Senior (L5-L6),Bengaluru,Man,2,0,0,0,0,1,33
2025-07-01,FY 2025-26,Data and Analytics,L5,Senior (L5-L6),Bengaluru,Woman,1,0,0,0,0,1,21
2025-07-01,FY 2025-26,Data and Analytics,L5,Senior (L5-L6),Hyderabad,Man,4,0,0,0,0,1,34
2025-07-01,FY 2025-26,Data and Analytics,L5,Senior (L5-L6),Hyderabad,Woman,4,0,0,0,0,0,48
2025-07-01,FY 2025-26,Data and Analytics,L6,Senior (L5-L6),Bengaluru,Man,3,0,0,0,0,0,36
2025-07-01,FY 2025-26,Data and Analytics,L6,Senior (L5-L6),Hyderabad,Man,4,0,0,0,0,0,48
2025-07-01,FY 2025-26,Data and Analytics,L6,Senior (L5-L6),Hyderabad,Woman,0,0,0,0,0,1,5
2025-07-01,FY 2025-26,Delivery,L1,Junior (L1-L2),Bengaluru,Man,83,1,0,0,0,12,1109
2025-07-01,FY 2025-26,Delivery,L1,Junior (L1-L2),Bengaluru,Woman,58,0,0,2,0,12,722
2025-07-01,FY 2025-26,Delivery,L1,Junior (L1-L2),Hyderabad,Man,130,3,1,1,1,19,1665
2025-07-01,FY 2025-26,Delivery,L1,Junior (L1-L2),Hyderabad,Non-binary,1,0,0,0,0,0,12
2025-07-01,FY 2025-26,Delivery,L1,Junior (L1-L2),Hyderabad,Woman,98,4,1,0,0,22,1245
2025-07-01,FY 2025-26,Delivery,L2,Junior (L1-L2),Bengaluru,Man,74,1,2,0,0,11,862
2025-07-01,FY 2025-26,Delivery,L2,Junior (L1-L2),Bengaluru,Non-binary,0,0,0,0,0,0,0
2025-07-01,FY 2025-26,Delivery,L2,Junior (L1-L2),Bengaluru,Woman,26,0,3,0,1,10,345
2025-07-01,FY 2025-26,Delivery,L2,Junior (L1-L2),Hyderabad,Man,106,0,3,1,1,28,1294
2025-07-01,FY 2025-26,Delivery,L2,Junior (L1-L2),Hyderabad,Non-binary,1,0,0,0,0,0,12
2025-07-01,FY 2025-26,Delivery,L2,Junior (L1-L2),Hyderabad,Woman,57,1,0,0,0,11,760
2025-07-01,FY 2025-26,Delivery,L3,Mid (L3-L4),Bengaluru,Man,63,1,2,0,0,12,740
2025-07-01,FY 2025-26,Delivery,L3,Mid (L3-L4),Bengaluru,Woman,29,0,0,0,0,8,347
2025-07-01,FY 2025-26,Delivery,L3,Mid (L3-L4),Hyderabad,Man,89,0,0,0,0,13,1019
2025-07-01,FY 2025-26,Delivery,L3,Mid (L3-L4),Hyderabad,Non-binary,1,0,0,0,0,0,12
2025-07-01,FY 2025-26,Delivery,L3,Mid (L3-L4),Hyderabad,Woman,58,1,0,0,0,5,574
2025-07-01,FY 2025-26,Delivery,L4,Mid (L3-L4),Bengaluru,Man,36,1,0,0,0,5,350
2025-07-01,FY 2025-26,Delivery,L4,Mid (L3-L4),Bengaluru,Woman,5,0,0,0,0,4,70
2025-07-01,FY 2025-26,Delivery,L4,Mid (L3-L4),Hyderabad,Man,58,0,1,0,0,5,676
2025-07-01,FY 2025-26,Delivery,L4,Mid (L3-L4),Hyderabad,Woman,14,1,0,0,0,5,158
2025-07-01,FY 2025-26,Delivery,L5,Senior (L5-L6),Bengaluru,Man,20,0,0,0,0,5,260
2025-07-01,FY 2025-26,Delivery,L5,Senior (L5-L6),Bengaluru,Woman,6,0,0,0,0,0,72
2025-07-01,FY 2025-26,Delivery,L5,Senior (L5-L6),Hyderabad,Man,30,0,0,0,0,1,315
2025-07-01,FY 2025-26,Delivery,L5,Senior (L5-L6),Hyderabad,Woman,5,0,0,0,0,1,64
2025-07-01,FY 2025-26,Delivery,L6,Senior (L5-L6),Bengaluru,Man,13,0,0,0,0,0,132
2025-07-01,FY 2025-26,Delivery,L6,Senior (L5-L6),Bengaluru,Woman,5,0,0,0,0,0,52
2025-07-01,FY 2025-26,Delivery,L6,Senior (L5-L6),Hyderabad,Man,20,0,0,1,0,3,238
2025-07-01,FY 2025-26,Delivery,L6,Senior (L5-L6),Hyderabad,Woman,1,0,0,0,0,0,4
2025-07-01,FY 2025-26,Quality Engineering,L1,Junior (L1-L2),Bengaluru,Man,25,1,1,0,1,3,325
2025-07-01,FY 2025-26,Quality Engineering,L1,Junior (L1-L2),Bengaluru,Woman,18,0,0,0,0,4,248
2025-07-01,FY 2025-26,Quality Engineering,L1,Junior (L1-L2),Hyderabad,Man,36,0,2,0,1,6,522
2025-07-01,FY 2025-26,Quality Engineering,L1,Junior (L1-L2),Hyderabad,Non-binary,1,0,0,0,0,0,12
2025-07-01,FY 2025-26,Quality Engineering,L1,Junior (L1-L2),Hyderabad,Woman,28,0,1,0,0,6,368
2025-07-01,FY 2025-26,Quality Engineering,L2,Junior (L1-L2),Bengaluru,Man,28,3,0,0,0,9,353
2025-07-01,FY 2025-26,Quality Engineering,L2,Junior (L1-L2),Bengaluru,Non-binary,0,0,0,0,0,0,0
2025-07-01,FY 2025-26,Quality Engineering,L2,Junior (L1-L2),Bengaluru,Woman,18,0,0,0,0,1,192
2025-07-01,FY 2025-26,Quality Engineering,L2,Junior (L1-L2),Hyderabad,Man,41,2,0,0,0,6,447
2025-07-01,FY 2025-26,Quality Engineering,L2,Junior (L1-L2),Hyderabad,Woman,26,2,1,0,0,3,281
2025-07-01,FY 2025-26,Quality Engineering,L3,Mid (L3-L4),Bengaluru,Man,21,0,0,0,0,7,256
2025-07-01,FY 2025-26,Quality Engineering,L3,Mid (L3-L4),Bengaluru,Woman,9,1,1,1,0,3,108
2025-07-01,FY 2025-26,Quality Engineering,L3,Mid (L3-L4),Hyderabad,Man,26,3,0,0,0,6,267
2025-07-01,FY 2025-26,Quality Engineering,L3,Mid (L3-L4),Hyderabad,Woman,16,0,0,0,0,2,224
2025-07-01,FY 2025-26,Quality Engineering,L4,Mid (L3-L4),Bengaluru,Man,8,0,0,0,0,1,81
2025-07-01,FY 2025-26,Quality Engineering,L4,Mid (L3-L4),Bengaluru,Non-binary,1,0,0,0,0,0,12
2025-07-01,FY 2025-26,Quality Engineering,L4,Mid (L3-L4),Bengaluru,Woman,3,0,0,0,0,0,36
2025-07-01,FY 2025-26,Quality Engineering,L4,Mid (L3-L4),Hyderabad,Man,18,0,0,0,0,1,229
2025-07-01,FY 2025-26,Quality Engineering,L4,Mid (L3-L4),Hyderabad,Woman,7,0,0,0,0,1,70
2025-07-01,FY 2025-26,Quality Engineering,L5,Senior (L5-L6),Bengaluru,Man,4,0,0,0,0,1,45
2025-07-01,FY 2025-26,Quality Engineering,L5,Senior (L5-L6),Bengaluru,Woman,2,0,0,0,0,0,24
2025-07-01,FY 2025-26,Quality Engineering,L5,Senior (L5-L6),Hyderabad,Man,15,0,0,0,0,1,163
2025-07-01,FY 2025-26,Quality Engineering,L5,Senior (L5-L6),Hyderabad,Woman,1,0,0,0,0,1,20
2025-07-01,FY 2025-26,Quality Engineering,L6,Senior (L5-L6),Bengaluru,Man,6,0,0,0,0,0,72
2025-07-01,FY 2025-26,Quality Engineering,L6,Senior (L5-L6),Bengaluru,Woman,1,0,0,0,0,0,12
2025-07-01,FY 2025-26,Quality Engineering,L6,Senior (L5-L6),Hyderabad,Man,6,0,0,0,0,0,56
2025-07-01,FY 2025-26,Quality Engineering,L6,Senior (L5-L6),Hyderabad,Woman,2,0,0,0,0,0,16
2025-07-01,FY 2025-26,Sales and Presales,L1,Junior (L1-L2),Bengaluru,Man,16,0,0,0,0,2,200
2025-07-01,FY 2025-26,Sales and Presales,L1,Junior (L1-L2),Bengaluru,Non-binary,0,0,0,0,0,0,8
2025-07-01,FY 2025-26,Sales and Presales,L1,Junior (L1-L2),Bengaluru,Woman,8,0,0,0,0,2,108
2025-07-01,FY 2025-26,Sales and Presales,L1,Junior (L1-L2),Hyderabad,Man,15,0,0,0,0,2,180
2025-07-01,FY 2025-26,Sales and Presales,L1,Junior (L1-L2),Hyderabad,Woman,16,0,1,0,0,4,233
2025-07-01,FY 2025-26,Sales and Presales,L2,Junior (L1-L2),Bengaluru,Man,9,0,0,0,0,1,102
2025-07-01,FY 2025-26,Sales and Presales,L2,Junior (L1-L2),Bengaluru,Non-binary,0,0,0,0,0,1,1
2025-07-01,FY 2025-26,Sales and Presales,L2,Junior (L1-L2),Bengaluru,Woman,4,0,0,0,0,0,29
2025-07-01,FY 2025-26,Sales and Presales,L2,Junior (L1-L2),Hyderabad,Man,13,0,0,0,0,2,153
2025-07-01,FY 2025-26,Sales and Presales,L2,Junior (L1-L2),Hyderabad,Woman,8,0,0,0,0,2,96
2025-07-01,FY 2025-26,Sales and Presales,L3,Mid (L3-L4),Bengaluru,Man,9,1,0,0,0,2,95
2025-07-01,FY 2025-26,Sales and Presales,L3,Mid (L3-L4),Bengaluru,Woman,4,0,0,1,0,2,76
2025-07-01,FY 2025-26,Sales and Presales,L3,Mid (L3-L4),Hyderabad,Man,12,0,0,0,0,3,144
2025-07-01,FY 2025-26,Sales and Presales,L3,Mid (L3-L4),Hyderabad,Woman,5,0,1,0,1,1,64
2025-07-01,FY 2025-26,Sales and Presales,L4,Mid (L3-L4),Bengaluru,Man,3,0,0,0,0,0,36
2025-07-01,FY 2025-26,Sales and Presales,L4,Mid (L3-L4),Bengaluru,Woman,2,0,0,0,0,0,16
2025-07-01,FY 2025-26,Sales and Presales,L4,Mid (L3-L4),Hyderabad,Man,6,0,0,0,0,2,94
2025-07-01,FY 2025-26,Sales and Presales,L4,Mid (L3-L4),Hyderabad,Woman,1,1,0,0,0,0,1
2025-07-01,FY 2025-26,Sales and Presales,L5,Senior (L5-L6),Bengaluru,Man,1,0,0,0,0,0,12
2025-07-01,FY 2025-26,Sales and Presales,L5,Senior (L5-L6),Hyderabad,Man,4,0,0,0,0,0,48
2025-07-01,FY 2025-26,Sales and Presales,L5,Senior (L5-L6),Hyderabad,Woman,0,0,0,0,0,1,3
2025-07-01,FY 2025-26,Sales and Presales,L6,Senior (L5-L6),Bengaluru,Man,1,0,0,0,0,0,12
2025-07-01,FY 2025-26,Sales and Presales,L6,Senior (L5-L6),Hyderabad,Man,3,0,0,0,0,0,28
2025-08-01,FY 2025-26,Cloud and Infrastructure,L1,Junior (L1-L2),Bengaluru,Man,33,10,0,1,0,3,312
2025-08-01,FY 2025-26,Cloud and Infrastructure,L1,Junior (L1-L2),Bengaluru,Woman,18,8,0,0,0,5,166
2025-08-01,FY 2025-26,Cloud and Infrastructure,L1,Junior (L1-L2),Hyderabad,Man,42,7,0,0,0,3,446
2025-08-01,FY 2025-26,Cloud and Infrastructure,L1,Junior (L1-L2),Hyderabad,Woman,29,7,0,0,0,2,290
2025-08-01,FY 2025-26,Cloud and Infrastructure,L2,Junior (L1-L2),Bengaluru,Man,24,0,1,0,0,5,283
2025-08-01,FY 2025-26,Cloud and Infrastructure,L2,Junior (L1-L2),Bengaluru,Woman,16,0,0,0,0,3,177
2025-08-01,FY 2025-26,Cloud and Infrastructure,L2,Junior (L1-L2),Hyderabad,Man,35,1,1,0,1,8,400
2025-08-01,FY 2025-26,Cloud and Infrastructure,L2,Junior (L1-L2),Hyderabad,Woman,19,0,0,0,0,3,254
2025-08-01,FY 2025-26,Cloud and Infrastructure,L3,Mid (L3-L4),Bengaluru,Man,9,0,1,0,0,6,142
2025-08-01,FY 2025-26,Cloud and Infrastructure,L3,Mid (L3-L4),Bengaluru,Woman,4,1,0,0,0,1,30
2025-08-01,FY 2025-26,Cloud and Infrastructure,L3,Mid (L3-L4),Hyderabad,Man,15,1,0,0,0,3,181
2025-08-01,FY 2025-26,Cloud and Infrastructure,L3,Mid (L3-L4),Hyderabad,Non-binary,0,0,0,0,0,0,0
2025-08-01,FY 2025-26,Cloud and Infrastructure,L3,Mid (L3-L4),Hyderabad,Woman,13,0,0,0,0,1,145
2025-08-01,FY 2025-26,Cloud and Infrastructure,L4,Mid (L3-L4),Bengaluru,Man,18,1,0,0,0,1,177
2025-08-01,FY 2025-26,Cloud and Infrastructure,L4,Mid (L3-L4),Bengaluru,Woman,0,0,0,0,0,1,8
2025-08-01,FY 2025-26,Cloud and Infrastructure,L4,Mid (L3-L4),Hyderabad,Man,10,0,0,0,0,0,105
2025-08-01,FY 2025-26,Cloud and Infrastructure,L4,Mid (L3-L4),Hyderabad,Woman,7,0,0,0,0,0,84
2025-08-01,FY 2025-26,Cloud and Infrastructure,L5,Senior (L5-L6),Bengaluru,Man,4,0,0,0,0,0,48
2025-08-01,FY 2025-26,Cloud and Infrastructure,L5,Senior (L5-L6),Bengaluru,Woman,1,0,0,0,0,0,12
2025-08-01,FY 2025-26,Cloud and Infrastructure,L5,Senior (L5-L6),Hyderabad,Man,6,1,0,0,0,0,63
2025-08-01,FY 2025-26,Cloud and Infrastructure,L5,Senior (L5-L6),Hyderabad,Woman,3,0,0,0,0,0,29
2025-08-01,FY 2025-26,Cloud and Infrastructure,L6,Senior (L5-L6),Bengaluru,Man,1,0,0,0,0,0,12
2025-08-01,FY 2025-26,Cloud and Infrastructure,L6,Senior (L5-L6),Bengaluru,Woman,1,0,0,0,0,0,12
2025-08-01,FY 2025-26,Cloud and Infrastructure,L6,Senior (L5-L6),Hyderabad,Man,5,0,0,0,0,0,53
2025-08-01,FY 2025-26,Consulting,L1,Junior (L1-L2),Bengaluru,Man,11,4,0,0,0,1,85
2025-08-01,FY 2025-26,Consulting,L1,Junior (L1-L2),Bengaluru,Woman,4,0,0,0,0,0,55
2025-08-01,FY 2025-26,Consulting,L1,Junior (L1-L2),Hyderabad,Man,19,1,0,0,0,1,229
2025-08-01,FY 2025-26,Consulting,L1,Junior (L1-L2),Hyderabad,Woman,13,2,0,0,0,2,128
2025-08-01,FY 2025-26,Consulting,L2,Junior (L1-L2),Bengaluru,Man,7,0,0,0,0,2,77
2025-08-01,FY 2025-26,Consulting,L2,Junior (L1-L2),Bengaluru,Woman,2,0,0,0,0,1,23
2025-08-01,FY 2025-26,Consulting,L2,Junior (L1-L2),Hyderabad,Man,11,0,0,0,0,1,107
2025-08-01,FY 2025-26,Consulting,L2,Junior (L1-L2),Hyderabad,Woman,5,0,0,0,0,0,67
2025-08-01,FY 2025-26,Consulting,L3,Mid (L3-L4),Bengaluru,Man,7,0,0,0,0,1,78
2025-08-01,FY 2025-26,Consulting,L3,Mid (L3-L4),Bengaluru,Woman,2,0,0,0,0,0,17
2025-08-01,FY 2025-26,Consulting,L3,Mid (L3-L4),Hyderabad,Man,1,0,0,0,0,0,26
2025-08-01,FY 2025-26,Consulting,L3,Mid (L3-L4),Hyderabad,Woman,5,0,0,0,0,2,71
2025-08-01,FY 2025-26,Consulting,L4,Mid (L3-L4),Bengaluru,Man,4,0,0,0,0,3,57
2025-08-01,FY 2025-26,Consulting,L4,Mid (L3-L4),Bengaluru,Woman,3,0,0,0,0,0,30
2025-08-01,FY 2025-26,Consulting,L4,Mid (L3-L4),Hyderabad,Man,3,0,0,0,0,0,22
2025-08-01,FY 2025-26,Consulting,L4,Mid (L3-L4),Hyderabad,Woman,5,0,0,0,0,0,39
2025-08-01,FY 2025-26,Consulting,L5,Senior (L5-L6),Bengaluru,Man,3,0,0,0,0,0,29
2025-08-01,FY 2025-26,Consulting,L5,Senior (L5-L6),Bengaluru,Woman,1,0,0,0,0,0,12
2025-08-01,FY 2025-26,Consulting,L5,Senior (L5-L6),Hyderabad,Man,3,0,0,0,0,1,33
2025-08-01,FY 2025-26,Consulting,L5,Senior (L5-L6),Hyderabad,Woman,1,0,0,0,0,0,12
2025-08-01,FY 2025-26,Consulting,L6,Senior (L5-L6),Bengaluru,Man,2,0,0,0,0,0,24
2025-08-01,FY 2025-26,Consulting,L6,Senior (L5-L6),Hyderabad,Man,4,0,0,0,0,0,42
2025-08-01,FY 2025-26,Consulting,L6,Senior (L5-L6),Hyderabad,Woman,2,0,0,0,0,0,24
2025-08-01,FY 2025-26,Corporate Functions,L1,Junior (L1-L2),Bengaluru,Man,5,0,0,0,0,1,70
2025-08-01,FY 2025-26,Corporate Functions,L1,Junior (L1-L2),Bengaluru,Woman,5,0,0,0,0,0,67
2025-08-01,FY 2025-26,Corporate Functions,L1,Junior (L1-L2),Hyderabad,Man,10,0,0,0,0,3,146
2025-08-01,FY 2025-26,Corporate Functions,L1,Junior (L1-L2),Hyderabad,Woman,8,0,0,1,0,3,100
2025-08-01,FY 2025-26,Corporate Functions,L2,Junior (L1-L2),Bengaluru,Man,6,0,0,0,0,1,77
2025-08-01,FY 2025-26,Corporate Functions,L2,Junior (L1-L2),Bengaluru,Woman,6,0,0,0,0,1,68
2025-08-01,FY 2025-26,Corporate Functions,L2,Junior (L1-L2),Hyderabad,Man,17,0,0,0,0,2,221
2025-08-01,FY 2025-26,Corporate Functions,L2,Junior (L1-L2),Hyderabad,Woman,11,1,0,0,0,2,124
2025-08-01,FY 2025-26,Corporate Functions,L3,Mid (L3-L4),Bengaluru,Man,9,0,0,0,0,2,117
2025-08-01,FY 2025-26,Corporate Functions,L3,Mid (L3-L4),Bengaluru,Woman,6,0,0,0,0,0,60
2025-08-01,FY 2025-26,Corporate Functions,L3,Mid (L3-L4),Hyderabad,Man,15,0,0,0,0,1,165
2025-08-01,FY 2025-26,Corporate Functions,L3,Mid (L3-L4),Hyderabad,Woman,3,0,0,0,0,0,29
2025-08-01,FY 2025-26,Corporate Functions,L4,Mid (L3-L4),Bengaluru,Man,8,0,0,0,0,0,89
2025-08-01,FY 2025-26,Corporate Functions,L4,Mid (L3-L4),Bengaluru,Woman,2,0,0,0,0,0,31
2025-08-01,FY 2025-26,Corporate Functions,L4,Mid (L3-L4),Hyderabad,Man,12,1,0,0,0,1,132
2025-08-01,FY 2025-26,Corporate Functions,L4,Mid (L3-L4),Hyderabad,Woman,4,0,0,0,0,0,48
2025-08-01,FY 2025-26,Corporate Functions,L5,Senior (L5-L6),Bengaluru,Man,3,0,0,0,0,0,29
2025-08-01,FY 2025-26,Corporate Functions,L5,Senior (L5-L6),Bengaluru,Woman,1,0,0,0,0,0,5
2025-08-01,FY 2025-26,Corporate Functions,L5,Senior (L5-L6),Hyderabad,Man,6,0,0,0,0,0,65
2025-08-01,FY 2025-26,Corporate Functions,L6,Senior (L5-L6),Bengaluru,Man,3,0,0,0,0,0,36
2025-08-01,FY 2025-26,Corporate Functions,L6,Senior (L5-L6),Hyderabad,Man,2,0,0,0,0,0,24
2025-08-01,FY 2025-26,Data and Analytics,L1,Junior (L1-L2),Bengaluru,Man,26,6,1,0,0,2,261
2025-08-01,FY 2025-26,Data and Analytics,L1,Junior (L1-L2),Bengaluru,Woman,19,4,0,0,0,2,192
2025-08-01,FY 2025-26,Data and Analytics,L1,Junior (L1-L2),Hyderabad,Man,33,10,0,0,0,1,302
2025-08-01,FY 2025-26,Data and Analytics,L1,Junior (L1-L2),Hyderabad,Woman,22,9,0,0,0,1,183
2025-08-01,FY 2025-26,Data and Analytics,L2,Junior (L1-L2),Bengaluru,Man,18,1,0,0,0,2,201
2025-08-01,FY 2025-26,Data and Analytics,L2,Junior (L1-L2),Bengaluru,Woman,9,2,0,0,0,3,98
2025-08-01,FY 2025-26,Data and Analytics,L2,Junior (L1-L2),Hyderabad,Man,22,1,0,0,0,7,248
2025-08-01,FY 2025-26,Data and Analytics,L2,Junior (L1-L2),Hyderabad,Woman,17,0,0,0,0,6,222
2025-08-01,FY 2025-26,Data and Analytics,L3,Mid (L3-L4),Bengaluru,Man,14,1,0,0,0,1,155
2025-08-01,FY 2025-26,Data and Analytics,L3,Mid (L3-L4),Bengaluru,Woman,2,0,0,0,0,2,41
2025-08-01,FY 2025-26,Data and Analytics,L3,Mid (L3-L4),Hyderabad,Man,20,1,0,0,0,4,216
2025-08-01,FY 2025-26,Data and Analytics,L3,Mid (L3-L4),Hyderabad,Woman,10,0,0,0,0,0,104
2025-08-01,FY 2025-26,Data and Analytics,L4,Mid (L3-L4),Bengaluru,Man,9,1,0,0,0,1,90
2025-08-01,FY 2025-26,Data and Analytics,L4,Mid (L3-L4),Bengaluru,Woman,1,0,0,0,0,1,15
2025-08-01,FY 2025-26,Data and Analytics,L4,Mid (L3-L4),Hyderabad,Man,18,0,0,0,0,0,237
2025-08-01,FY 2025-26,Data and Analytics,L4,Mid (L3-L4),Hyderabad,Woman,3,0,0,0,0,0,29
2025-08-01,FY 2025-26,Data and Analytics,L5,Senior (L5-L6),Bengaluru,Man,2,0,0,0,0,1,32
2025-08-01,FY 2025-26,Data and Analytics,L5,Senior (L5-L6),Bengaluru,Woman,1,0,0,0,0,1,20
2025-08-01,FY 2025-26,Data and Analytics,L5,Senior (L5-L6),Hyderabad,Man,4,0,0,0,0,1,36
2025-08-01,FY 2025-26,Data and Analytics,L5,Senior (L5-L6),Hyderabad,Woman,4,0,0,0,0,0,48
2025-08-01,FY 2025-26,Data and Analytics,L6,Senior (L5-L6),Bengaluru,Man,3,0,0,0,0,0,36
2025-08-01,FY 2025-26,Data and Analytics,L6,Senior (L5-L6),Hyderabad,Man,4,0,0,0,0,0,48
2025-08-01,FY 2025-26,Data and Analytics,L6,Senior (L5-L6),Hyderabad,Woman,0,0,0,0,0,1,4
2025-08-01,FY 2025-26,Delivery,L1,Junior (L1-L2),Bengaluru,Man,99,17,0,1,0,12,1111
2025-08-01,FY 2025-26,Delivery,L1,Junior (L1-L2),Bengaluru,Woman,73,15,0,0,0,10,732
2025-08-01,FY 2025-26,Delivery,L1,Junior (L1-L2),Hyderabad,Man,154,24,0,0,0,17,1680
2025-08-01,FY 2025-26,Delivery,L1,Junior (L1-L2),Hyderabad,Non-binary,1,0,0,0,0,0,12
2025-08-01,FY 2025-26,Delivery,L1,Junior (L1-L2),Hyderabad,Woman,123,27,0,2,0,22,1259
2025-08-01,FY 2025-26,Delivery,L2,Junior (L1-L2),Bengaluru,Man,73,0,1,0,0,11,867
2025-08-01,FY 2025-26,Delivery,L2,Junior (L1-L2),Bengaluru,Non-binary,0,0,0,0,0,0,0
2025-08-01,FY 2025-26,Delivery,L2,Junior (L1-L2),Bengaluru,Woman,26,1,1,0,0,10,341
2025-08-01,FY 2025-26,Delivery,L2,Junior (L1-L2),Hyderabad,Man,104,0,1,1,0,27,1287
2025-08-01,FY 2025-26,Delivery,L2,Junior (L1-L2),Hyderabad,Non-binary,1,0,0,0,0,0,12
2025-08-01,FY 2025-26,Delivery,L2,Junior (L1-L2),Hyderabad,Woman,55,0,2,0,0,11,749
2025-08-01,FY 2025-26,Delivery,L3,Mid (L3-L4),Bengaluru,Man,64,1,0,0,0,11,745
2025-08-01,FY 2025-26,Delivery,L3,Mid (L3-L4),Bengaluru,Woman,29,0,0,0,0,8,344
2025-08-01,FY 2025-26,Delivery,L3,Mid (L3-L4),Hyderabad,Man,89,1,1,0,1,13,1024
2025-08-01,FY 2025-26,Delivery,L3,Mid (L3-L4),Hyderabad,Non-binary,1,0,0,0,0,0,12
2025-08-01,FY 2025-26,Delivery,L3,Mid (L3-L4),Hyderabad,Woman,56,0,2,0,0,7,589
2025-08-01,FY 2025-26,Delivery,L4,Mid (L3-L4),Bengaluru,Man,35,0,1,0,0,5,357
2025-08-01,FY 2025-26,Delivery,L4,Mid (L3-L4),Bengaluru,Woman,5,0,0,0,0,4,67
2025-08-01,FY 2025-26,Delivery,L4,Mid (L3-L4),Hyderabad,Man,58,0,0,0,0,5,678
2025-08-01,FY 2025-26,Delivery,L4,Mid (L3-L4),Hyderabad,Woman,14,0,0,0,0,4,158
2025-08-01,FY 2025-26,Delivery,L5,Senior (L5-L6),Bengaluru,Man,20,0,0,0,0,5,257
2025-08-01,FY 2025-26,Delivery,L5,Senior (L5-L6),Bengaluru,Woman,6,0,0,0,0,0,72
2025-08-01,FY 2025-26,Delivery,L5,Senior (L5-L6),Hyderabad,Man,30,0,0,0,0,1,321
2025-08-01,FY 2025-26,Delivery,L5,Senior (L5-L6),Hyderabad,Woman,5,0,0,0,0,1,63
2025-08-01,FY 2025-26,Delivery,L6,Senior (L5-L6),Bengaluru,Man,13,0,0,0,0,0,135
2025-08-01,FY 2025-26,Delivery,L6,Senior (L5-L6),Bengaluru,Woman,5,0,0,0,0,0,53
2025-08-01,FY 2025-26,Delivery,L6,Senior (L5-L6),Hyderabad,Man,20,0,0,0,0,3,239
2025-08-01,FY 2025-26,Delivery,L6,Senior (L5-L6),Hyderabad,Woman,1,0,0,0,0,0,5
2025-08-01,FY 2025-26,Quality Engineering,L1,Junior (L1-L2),Bengaluru,Man,30,5,0,0,0,3,328
2025-08-01,FY 2025-26,Quality Engineering,L1,Junior (L1-L2),Bengaluru,Woman,24,7,1,0,1,5,249
2025-08-01,FY 2025-26,Quality Engineering,L1,Junior (L1-L2),Hyderabad,Man,51,17,1,1,1,8,526
2025-08-01,FY 2025-26,Quality Engineering,L1,Junior (L1-L2),Hyderabad,Non-binary,1,0,0,0,0,0,12
2025-08-01,FY 2025-26,Quality Engineering,L1,Junior (L1-L2),Hyderabad,Woman,36,9,0,1,0,6,372
2025-08-01,FY 2025-26,Quality Engineering,L2,Junior (L1-L2),Bengaluru,Man,26,0,1,1,0,11,348
2025-08-01,FY 2025-26,Quality Engineering,L2,Junior (L1-L2),Bengaluru,Non-binary,0,0,0,0,0,0,0
2025-08-01,FY 2025-26,Quality Engineering,L2,Junior (L1-L2),Bengaluru,Woman,17,0,1,0,0,2,194
2025-08-01,FY 2025-26,Quality Engineering,L2,Junior (L1-L2),Hyderabad,Man,41,0,0,0,0,5,451
2025-08-01,FY 2025-26,Quality Engineering,L2,Junior (L1-L2),Hyderabad,Woman,27,1,0,0,0,3,285
2025-08-01,FY 2025-26,Quality Engineering,L3,Mid (L3-L4),Bengaluru,Man,21,0,0,0,0,6,255
2025-08-01,FY 2025-26,Quality Engineering,L3,Mid (L3-L4),Bengaluru,Woman,9,0,0,0,0,3,108
2025-08-01,FY 2025-26,Quality Engineering,L3,Mid (L3-L4),Hyderabad,Man,26,0,0,0,0,6,271
2025-08-01,FY 2025-26,Quality Engineering,L3,Mid (L3-L4),Hyderabad,Woman,16,0,0,0,0,2,219
2025-08-01,FY 2025-26,Quality Engineering,L4,Mid (L3-L4),Bengaluru,Man,8,0,0,0,0,1,83
2025-08-01,FY 2025-26,Quality Engineering,L4,Mid (L3-L4),Bengaluru,Non-binary,1,0,0,0,0,0,12
2025-08-01,FY 2025-26,Quality Engineering,L4,Mid (L3-L4),Bengaluru,Woman,3,0,0,0,0,0,36
2025-08-01,FY 2025-26,Quality Engineering,L4,Mid (L3-L4),Hyderabad,Man,18,0,0,0,0,1,227
2025-08-01,FY 2025-26,Quality Engineering,L4,Mid (L3-L4),Hyderabad,Woman,7,0,0,0,0,1,72
2025-08-01,FY 2025-26,Quality Engineering,L5,Senior (L5-L6),Bengaluru,Man,4,0,0,0,0,1,45
2025-08-01,FY 2025-26,Quality Engineering,L5,Senior (L5-L6),Bengaluru,Woman,2,0,0,0,0,0,24
2025-08-01,FY 2025-26,Quality Engineering,L5,Senior (L5-L6),Hyderabad,Man,15,0,0,0,0,1,165
2025-08-01,FY 2025-26,Quality Engineering,L5,Senior (L5-L6),Hyderabad,Woman,1,0,0,0,0,0,19
2025-08-01,FY 2025-26,Quality Engineering,L6,Senior (L5-L6),Bengaluru,Man,6,0,0,0,0,0,72
2025-08-01,FY 2025-26,Quality Engineering,L6,Senior (L5-L6),Bengaluru,Woman,1,0,0,0,0,0,12
2025-08-01,FY 2025-26,Quality Engineering,L6,Senior (L5-L6),Hyderabad,Man,6,0,0,0,0,0,58
2025-08-01,FY 2025-26,Quality Engineering,L6,Senior (L5-L6),Hyderabad,Woman,2,0,0,0,0,0,17
2025-08-01,FY 2025-26,Sales and Presales,L1,Junior (L1-L2),Bengaluru,Man,17,1,0,0,0,1,200
2025-08-01,FY 2025-26,Sales and Presales,L1,Junior (L1-L2),Bengaluru,Non-binary,0,0,0,0,0,0,7
2025-08-01,FY 2025-26,Sales and Presales,L1,Junior (L1-L2),Bengaluru,Woman,15,7,0,0,0,2,114
2025-08-01,FY 2025-26,Sales and Presales,L1,Junior (L1-L2),Hyderabad,Man,17,2,0,0,0,2,182
2025-08-01,FY 2025-26,Sales and Presales,L1,Junior (L1-L2),Hyderabad,Woman,17,1,0,0,0,4,229
2025-08-01,FY 2025-26,Sales and Presales,L2,Junior (L1-L2),Bengaluru,Man,9,0,0,0,0,1,103
2025-08-01,FY 2025-26,Sales and Presales,L2,Junior (L1-L2),Bengaluru,Non-binary,0,0,0,0,0,1,1
2025-08-01,FY 2025-26,Sales and Presales,L2,Junior (L1-L2),Bengaluru,Woman,3,0,1,0,0,1,31
2025-08-01,FY 2025-26,Sales and Presales,L2,Junior (L1-L2),Hyderabad,Man,14,1,0,0,0,2,155
2025-08-01,FY 2025-26,Sales and Presales,L2,Junior (L1-L2),Hyderabad,Woman,9,1,0,0,0,2,97
2025-08-01,FY 2025-26,Sales and Presales,L3,Mid (L3-L4),Bengaluru,Man,9,0,0,0,0,2,96
2025-08-01,FY 2025-26,Sales and Presales,L3,Mid (L3-L4),Bengaluru,Woman,4,0,0,0,0,2,73
2025-08-01,FY 2025-26,Sales and Presales,L3,Mid (L3-L4),Hyderabad,Man,12,0,0,0,0,3,143
2025-08-01,FY 2025-26,Sales and Presales,L3,Mid (L3-L4),Hyderabad,Woman,4,0,1,0,1,2,63
2025-08-01,FY 2025-26,Sales and Presales,L4,Mid (L3-L4),Bengaluru,Man,3,0,0,0,0,0,36
2025-08-01,FY 2025-26,Sales and Presales,L4,Mid (L3-L4),Bengaluru,Woman,2,0,0,0,0,0,17
2025-08-01,FY 2025-26,Sales and Presales,L4,Mid (L3-L4),Hyderabad,Man,6,0,0,0,0,2,91
2025-08-01,FY 2025-26,Sales and Presales,L4,Mid (L3-L4),Hyderabad,Woman,1,0,0,0,0,0,2
2025-08-01,FY 2025-26,Sales and Presales,L5,Senior (L5-L6),Bengaluru,Man,1,0,0,0,0,0,12
2025-08-01,FY 2025-26,Sales and Presales,L5,Senior (L5-L6),Hyderabad,Man,4,0,0,0,0,0,48
2025-08-01,FY 2025-26,Sales and Presales,L5,Senior (L5-L6),Hyderabad,Woman,0,0,0,0,0,1,2
2025-08-01,FY 2025-26,Sales and Presales,L6,Senior (L5-L6),Bengaluru,Man,1,0,0,0,0,0,12
2025-08-01,FY 2025-26,Sales and Presales,L6,Senior (L5-L6),Hyderabad,Man,3,0,0,0,0,0,29
2025-09-01,FY 2025-26,Cloud and Infrastructure,L1,Junior (L1-L2),Bengaluru,Man,35,2,0,0,0,3,320
2025-09-01,FY 2025-26,Cloud and Infrastructure,L1,Junior (L1-L2),Bengaluru,Woman,18,0,0,0,0,4,169
2025-09-01,FY 2025-26,Cloud and Infrastructure,L1,Junior (L1-L2),Hyderabad,Man,42,1,1,0,1,3,451
2025-09-01,FY 2025-26,Cloud and Infrastructure,L1,Junior (L1-L2),Hyderabad,Woman,29,0,0,0,0,2,294
2025-09-01,FY 2025-26,Cloud and Infrastructure,L2,Junior (L1-L2),Bengaluru,Man,23,0,1,0,0,6,284
2025-09-01,FY 2025-26,Cloud and Infrastructure,L2,Junior (L1-L2),Bengaluru,Woman,17,1,0,0,0,1,180
2025-09-01,FY 2025-26,Cloud and Infrastructure,L2,Junior (L1-L2),Hyderabad,Man,36,1,0,0,0,7,403
2025-09-01,FY 2025-26,Cloud and Infrastructure,L2,Junior (L1-L2),Hyderabad,Woman,18,0,0,1,0,3,250
2025-09-01,FY 2025-26,Cloud and Infrastructure,L3,Mid (L3-L4),Bengaluru,Man,9,0,0,0,0,5,137
2025-09-01,FY 2025-26,Cloud and Infrastructure,L3,Mid (L3-L4),Bengaluru,Woman,4,0,0,0,0,1,31
2025-09-01,FY 2025-26,Cloud and Infrastructure,L3,Mid (L3-L4),Hyderabad,Man,15,0,0,0,0,3,179
2025-09-01,FY 2025-26,Cloud and Infrastructure,L3,Mid (L3-L4),Hyderabad,Non-binary,0,0,0,0,0,0,0
2025-09-01,FY 2025-26,Cloud and Infrastructure,L3,Mid (L3-L4),Hyderabad,Woman,14,1,0,0,0,1,148
2025-09-01,FY 2025-26,Cloud and Infrastructure,L4,Mid (L3-L4),Bengaluru,Man,19,1,0,0,0,1,183
2025-09-01,FY 2025-26,Cloud and Infrastructure,L4,Mid (L3-L4),Bengaluru,Woman,0,0,0,0,0,1,7
2025-09-01,FY 2025-26,Cloud and Infrastructure,L4,Mid (L3-L4),Hyderabad,Man,10,0,0,0,0,0,108
2025-09-01,FY 2025-26,Cloud and Infrastructure,L4,Mid (L3-L4),Hyderabad,Woman,7,0,0,0,0,0,84
2025-09-01,FY 2025-26,Cloud and Infrastructure,L5,Senior (L5-L6),Bengaluru,Man,4,0,0,0,0,0,48
2025-09-01,FY 2025-26,Cloud and Infrastructure,L5,Senior (L5-L6),Bengaluru,Woman,1,0,0,0,0,0,12
2025-09-01,FY 2025-26,Cloud and Infrastructure,L5,Senior (L5-L6),Hyderabad,Man,6,0,0,0,0,0,65
2025-09-01,FY 2025-26,Cloud and Infrastructure,L5,Senior (L5-L6),Hyderabad,Woman,3,0,0,0,0,0,30
2025-09-01,FY 2025-26,Cloud and Infrastructure,L6,Senior (L5-L6),Bengaluru,Man,1,0,0,0,0,0,12
2025-09-01,FY 2025-26,Cloud and Infrastructure,L6,Senior (L5-L6),Bengaluru,Woman,1,0,0,0,0,0,12
2025-09-01,FY 2025-26,Cloud and Infrastructure,L6,Senior (L5-L6),Hyderabad,Man,5,0,0,0,0,0,54
2025-09-01,FY 2025-26,Consulting,L1,Junior (L1-L2),Bengaluru,Man,10,0,1,0,0,1,89
2025-09-01,FY 2025-26,Consulting,L1,Junior (L1-L2),Bengaluru,Woman,4,0,0,0,0,0,54
2025-09-01,FY 2025-26,Consulting,L1,Junior (L1-L2),Hyderabad,Man,19,0,0,0,0,1,229
2025-09-01,FY 2025-26,Consulting,L1,Junior (L1-L2),Hyderabad,Woman,12,0,1,0,0,2,129
2025-09-01,FY 2025-26,Consulting,L2,Junior (L1-L2),Bengaluru,Man,7,0,0,0,0,2,77
2025-09-01,FY 2025-26,Consulting,L2,Junior (L1-L2),Bengaluru,Woman,2,0,0,0,0,1,23
2025-09-01,FY 2025-26,Consulting,L2,Junior (L1-L2),Hyderabad,Man,11,0,0,0,0,1,111
2025-09-01,FY 2025-26,Consulting,L2,Junior (L1-L2),Hyderabad,Woman,6,1,0,0,0,0,67
2025-09-01,FY 2025-26,Consulting,L3,Mid (L3-L4),Bengaluru,Man,7,0,0,0,0,1,78
2025-09-01,FY 2025-26,Consulting,L3,Mid (L3-L4),Bengaluru,Woman,2,0,0,0,0,0,18
2025-09-01,FY 2025-26,Consulting,L3,Mid (L3-L4),Hyderabad,Man,1,0,0,0,0,0,24
2025-09-01,FY 2025-26,Consulting,L3,Mid (L3-L4),Hyderabad,Woman,5,0,0,0,0,2,69
2025-09-01,FY 2025-26,Consulting,L4,Mid (L3-L4),Bengaluru,Man,4,0,0,0,0,3,55
2025-09-01,FY 2025-26,Consulting,L4,Mid (L3-L4),Bengaluru,Woman,3,0,0,0,0,0,31
2025-09-01,FY 2025-26,Consulting,L4,Mid (L3-L4),Hyderabad,Man,3,0,0,0,0,0,24
2025-09-01,FY 2025-26,Consulting,L4,Mid (L3-L4),Hyderabad,Woman,5,0,0,0,0,0,42
2025-09-01,FY 2025-26,Consulting,L5,Senior (L5-L6),Bengaluru,Man,3,0,0,0,0,0,30
2025-09-01,FY 2025-26,Consulting,L5,Senior (L5-L6),Bengaluru,Woman,1,0,0,0,0,0,12
2025-09-01,FY 2025-26,Consulting,L5,Senior (L5-L6),Hyderabad,Man,3,0,0,0,0,1,33
2025-09-01,FY 2025-26,Consulting,L5,Senior (L5-L6),Hyderabad,Woman,1,0,0,0,0,0,12
2025-09-01,FY 2025-26,Consulting,L6,Senior (L5-L6),Bengaluru,Man,2,0,0,0,0,0,24
2025-09-01,FY 2025-26,Consulting,L6,Senior (L5-L6),Hyderabad,Man,4,0,0,0,0,0,43
2025-09-01,FY 2025-26,Consulting,L6,Senior (L5-L6),Hyderabad,Woman,2,0,0,0,0,0,24
2025-09-01,FY 2025-26,Corporate Functions,L1,Junior (L1-L2),Bengaluru,Man,5,0,0,0,0,1,69
2025-09-01,FY 2025-26,Corporate Functions,L1,Junior (L1-L2),Bengaluru,Woman,5,0,0,0,0,0,66
2025-09-01,FY 2025-26,Corporate Functions,L1,Junior (L1-L2),Hyderabad,Man,10,0,0,0,0,3,143
2025-09-01,FY 2025-26,Corporate Functions,L1,Junior (L1-L2),Hyderabad,Woman,8,0,0,0,0,3,99
2025-09-01,FY 2025-26,Corporate Functions,L2,Junior (L1-L2),Bengaluru,Man,7,1,0,0,0,0,78
2025-09-01,FY 2025-26,Corporate Functions,L2,Junior (L1-L2),Bengaluru,Woman,6,0,0,0,0,1,70
2025-09-01,FY 2025-26,Corporate Functions,L2,Junior (L1-L2),Hyderabad,Man,17,0,0,0,0,2,220
2025-09-01,FY 2025-26,Corporate Functions,L2,Junior (L1-L2),Hyderabad,Woman,11,0,0,0,0,2,125
2025-09-01,FY 2025-26,Corporate Functions,L3,Mid (L3-L4),Bengaluru,Man,9,0,0,0,0,2,115
2025-09-01,FY 2025-26,Corporate Functions,L3,Mid (L3-L4),Bengaluru,Woman,6,0,0,0,0,0,62
2025-09-01,FY 2025-26,Corporate Functions,L3,Mid (L3-L4),Hyderabad,Man,15,0,0,0,0,1,167
2025-09-01,FY 2025-26,Corporate Functions,L3,Mid (L3-L4),Hyderabad,Woman,3,0,0,0,0,0,30
2025-09-01,FY 2025-26,Corporate Functions,L4,Mid (L3-L4),Bengaluru,Man,8,0,0,0,0,0,90
2025-09-01,FY 2025-26,Corporate Functions,L4,Mid (L3-L4),Bengaluru,Woman,2,0,0,0,0,0,30
2025-09-01,FY 2025-26,Corporate Functions,L4,Mid (L3-L4),Hyderabad,Man,12,0,0,0,0,1,134
2025-09-01,FY 2025-26,Corporate Functions,L4,Mid (L3-L4),Hyderabad,Woman,4,0,0,0,0,0,48
2025-09-01,FY 2025-26,Corporate Functions,L5,Senior (L5-L6),Bengaluru,Man,3,0,0,0,0,0,30
2025-09-01,FY 2025-26,Corporate Functions,L5,Senior (L5-L6),Bengaluru,Woman,1,0,0,0,0,0,6
2025-09-01,FY 2025-26,Corporate Functions,L5,Senior (L5-L6),Hyderabad,Man,6,0,0,0,0,0,66
2025-09-01,FY 2025-26,Corporate Functions,L6,Senior (L5-L6),Bengaluru,Man,3,0,0,0,0,0,36
2025-09-01,FY 2025-26,Corporate Functions,L6,Senior (L5-L6),Hyderabad,Man,2,0,0,0,0,0,24
2025-09-01,FY 2025-26,Data and Analytics,L1,Junior (L1-L2),Bengaluru,Man,26,0,0,0,0,2,265
2025-09-01,FY 2025-26,Data and Analytics,L1,Junior (L1-L2),Bengaluru,Woman,17,0,2,0,0,4,192
2025-09-01,FY 2025-26,Data and Analytics,L1,Junior (L1-L2),Hyderabad,Man,33,0,0,0,0,1,311
2025-09-01,FY 2025-26,Data and Analytics,L1,Junior (L1-L2),Hyderabad,Woman,21,0,1,0,0,2,188
2025-09-01,FY 2025-26,Data and Analytics,L2,Junior (L1-L2),Bengaluru,Man,18,0,0,0,0,2,203
2025-09-01,FY 2025-26,Data and Analytics,L2,Junior (L1-L2),Bengaluru,Woman,9,0,0,0,0,3,99
2025-09-01,FY 2025-26,Data and Analytics,L2,Junior (L1-L2),Hyderabad,Man,22,1,1,0,0,8,247
2025-09-01,FY 2025-26,Data and Analytics,L2,Junior (L1-L2),Hyderabad,Woman,17,0,0,0,0,6,220
2025-09-01,FY 2025-26,Data and Analytics,L3,Mid (L3-L4),Bengaluru,Man,14,0,0,0,0,1,157
2025-09-01,FY 2025-26,Data and Analytics,L3,Mid (L3-L4),Bengaluru,Woman,2,0,0,0,0,2,39
2025-09-01,FY 2025-26,Data and Analytics,L3,Mid (L3-L4),Hyderabad,Man,20,0,0,0,0,4,218
2025-09-01,FY 2025-26,Data and Analytics,L3,Mid (L3-L4),Hyderabad,Woman,10,0,0,0,0,0,106
2025-09-01,FY 2025-26,Data and Analytics,L4,Mid (L3-L4),Bengaluru,Man,9,0,0,0,0,1,93
2025-09-01,FY 2025-26,Data and Analytics,L4,Mid (L3-L4),Bengaluru,Woman,1,0,0,0,0,1,15
2025-09-01,FY 2025-26,Data and Analytics,L4,Mid (L3-L4),Hyderabad,Man,18,0,0,0,0,0,234
2025-09-01,FY 2025-26,Data and Analytics,L4,Mid (L3-L4),Hyderabad,Woman,3,0,0,0,0,0,30
2025-09-01,FY 2025-26,Data and Analytics,L5,Senior (L5-L6),Bengaluru,Man,3,1,0,0,0,1,32
2025-09-01,FY 2025-26,Data and Analytics,L5,Senior (L5-L6),Bengaluru,Woman,1,0,0,0,0,1,19
2025-09-01,FY 2025-26,Data and Analytics,L5,Senior (L5-L6),Hyderabad,Man,4,0,0,0,0,1,38
2025-09-01,FY 2025-26,Data and Analytics,L5,Senior (L5-L6),Hyderabad,Woman,5,1,0,0,0,0,49
2025-09-01,FY 2025-26,Data and Analytics,L6,Senior (L5-L6),Bengaluru,Man,3,0,0,0,0,0,36
2025-09-01,FY 2025-26,Data and Analytics,L6,Senior (L5-L6),Hyderabad,Man,4,0,0,0,0,0,48
2025-09-01,FY 2025-26,Data and Analytics,L6,Senior (L5-L6),Hyderabad,Woman,0,0,0,0,0,1,3
2025-09-01,FY 2025-26,Delivery,L1,Junior (L1-L2),Bengaluru,Man,99,1,1,0,0,12,1113
2025-09-01,FY 2025-26,Delivery,L1,Junior (L1-L2),Bengaluru,Woman,72,0,1,0,0,9,743
2025-09-01,FY 2025-26,Delivery,L1,Junior (L1-L2),Hyderabad,Man,151,2,4,1,1,22,1689
2025-09-01,FY 2025-26,Delivery,L1,Junior (L1-L2),Hyderabad,Non-binary,1,0,0,0,0,0,12
2025-09-01,FY 2025-26,Delivery,L1,Junior (L1-L2),Hyderabad,Woman,125,2,0,0,0,18,1276
2025-09-01,FY 2025-26,Delivery,L2,Junior (L1-L2),Bengaluru,Man,76,3,0,0,0,11,874
2025-09-01,FY 2025-26,Delivery,L2,Junior (L1-L2),Bengaluru,Non-binary,0,0,0,0,0,0,0
2025-09-01,FY 2025-26,Delivery,L2,Junior (L1-L2),Bengaluru,Woman,27,1,0,0,0,10,337
2025-09-01,FY 2025-26,Delivery,L2,Junior (L1-L2),Hyderabad,Man,108,4,0,0,0,24,1286
2025-09-01,FY 2025-26,Delivery,L2,Junior (L1-L2),Hyderabad,Non-binary,1,0,0,0,0,0,12
2025-09-01,FY 2025-26,Delivery,L2,Junior (L1-L2),Hyderabad,Woman,55,2,2,0,1,10,739
2025-09-01,FY 2025-26,Delivery,L3,Mid (L3-L4),Bengaluru,Man,63,1,2,0,2,13,749
2025-09-01,FY 2025-26,Delivery,L3,Mid (L3-L4),Bengaluru,Woman,28,0,1,0,0,7,342
2025-09-01,FY 2025-26,Delivery,L3,Mid (L3-L4),Hyderabad,Man,90,1,0,0,0,10,1033
2025-09-01,FY 2025-26,Delivery,L3,Mid (L3-L4),Hyderabad,Non-binary,1,0,0,0,0,0,12
2025-09-01,FY 2025-26,Delivery,L3,Mid (L3-L4),Hyderabad,Woman,57,2,1,0,1,7,605
2025-09-01,FY 2025-26,Delivery,L4,Mid (L3-L4),Bengaluru,Man,35,0,0,0,0,5,364
2025-09-01,FY 2025-26,Delivery,L4,Mid (L3-L4),Bengaluru,Woman,5,0,0,0,0,4,64
2025-09-01,FY 2025-26,Delivery,L4,Mid (L3-L4),Hyderabad,Man,59,1,0,0,0,4,682
2025-09-01,FY 2025-26,Delivery,L4,Mid (L3-L4),Hyderabad,Woman,15,1,0,0,0,4,159
2025-09-01,FY 2025-26,Delivery,L5,Senior (L5-L6),Bengaluru,Man,21,1,0,0,0,5,255
2025-09-01,FY 2025-26,Delivery,L5,Senior (L5-L6),Bengaluru,Woman,6,0,0,0,0,0,72
2025-09-01,FY 2025-26,Delivery,L5,Senior (L5-L6),Hyderabad,Man,30,0,0,0,0,1,327
2025-09-01,FY 2025-26,Delivery,L5,Senior (L5-L6),Hyderabad,Woman,5,0,0,0,0,1,62
2025-09-01,FY 2025-26,Delivery,L6,Senior (L5-L6),Bengaluru,Man,13,0,0,0,0,0,138
2025-09-01,FY 2025-26,Delivery,L6,Senior (L5-L6),Bengaluru,Woman,5,0,0,0,0,0,54
2025-09-01,FY 2025-26,Delivery,L6,Senior (L5-L6),Hyderabad,Man,21,1,0,0,0,3,241
2025-09-01,FY 2025-26,Delivery,L6,Senior (L5-L6),Hyderabad,Woman,1,0,0,0,0,0,6
2025-09-01,FY 2025-26,Quality Engineering,L1,Junior (L1-L2),Bengaluru,Man,30,0,0,0,0,3,330
2025-09-01,FY 2025-26,Quality Engineering,L1,Junior (L1-L2),Bengaluru,Woman,24,0,0,0,0,5,250
2025-09-01,FY 2025-26,Quality Engineering,L1,Junior (L1-L2),Hyderabad,Man,51,0,0,0,0,7,531
2025-09-01,FY 2025-26,Quality Engineering,L1,Junior (L1-L2),Hyderabad,Non-binary,1,0,0,0,0,0,12
2025-09-01,FY 2025-26,Quality Engineering,L1,Junior (L1-L2),Hyderabad,Woman,37,2,1,0,0,6,378
2025-09-01,FY 2025-26,Quality Engineering,L2,Junior (L1-L2),Bengaluru,Man,26,0,0,0,0,11,343
2025-09-01,FY 2025-26,Quality Engineering,L2,Junior (L1-L2),Bengaluru,Non-binary,0,0,0,0,0,0,0
2025-09-01,FY 2025-26,Quality Engineering,L2,Junior (L1-L2),Bengaluru,Woman,18,1,0,0,0,2,197
2025-09-01,FY 2025-26,Quality Engineering,L2,Junior (L1-L2),Hyderabad,Man,41,0,0,0,0,5,455
2025-09-01,FY 2025-26,Quality Engineering,L2,Junior (L1-L2),Hyderabad,Woman,26,0,1,0,0,4,288
2025-09-01,FY 2025-26,Quality Engineering,L3,Mid (L3-L4),Bengaluru,Man,21,1,1,0,0,7,254
2025-09-01,FY 2025-26,Quality Engineering,L3,Mid (L3-L4),Bengaluru,Woman,9,0,0,0,0,3,108
2025-09-01,FY 2025-26,Quality Engineering,L3,Mid (L3-L4),Hyderabad,Man,26,0,0,0,0,5,276
2025-09-01,FY 2025-26,Quality Engineering,L3,Mid (L3-L4),Hyderabad,Woman,16,0,0,0,0,2,214
2025-09-01,FY 2025-26,Quality Engineering,L4,Mid (L3-L4),Bengaluru,Man,8,0,0,0,0,1,85
2025-09-01,FY 2025-26,Quality Engineering,L4,Mid (L3-L4),Bengaluru,Non-binary,1,0,0,0,0,0,12
2025-09-01,FY 2025-26,Quality Engineering,L4,Mid (L3-L4),Bengaluru,Woman,3,0,0,0,0,0,36
2025-09-01,FY 2025-26,Quality Engineering,L4,Mid (L3-L4),Hyderabad,Man,18,0,0,0,0,1,225
2025-09-01,FY 2025-26,Quality Engineering,L4,Mid (L3-L4),Hyderabad,Woman,7,0,0,0,0,1,74
2025-09-01,FY 2025-26,Quality Engineering,L5,Senior (L5-L6),Bengaluru,Man,4,0,0,0,0,1,45
2025-09-01,FY 2025-26,Quality Engineering,L5,Senior (L5-L6),Bengaluru,Woman,2,0,0,0,0,0,24
2025-09-01,FY 2025-26,Quality Engineering,L5,Senior (L5-L6),Hyderabad,Man,15,0,0,0,0,0,168
2025-09-01,FY 2025-26,Quality Engineering,L5,Senior (L5-L6),Hyderabad,Woman,1,0,0,0,0,0,18
2025-09-01,FY 2025-26,Quality Engineering,L6,Senior (L5-L6),Bengaluru,Man,6,0,0,0,0,0,72
2025-09-01,FY 2025-26,Quality Engineering,L6,Senior (L5-L6),Bengaluru,Woman,1,0,0,0,0,0,12
2025-09-01,FY 2025-26,Quality Engineering,L6,Senior (L5-L6),Hyderabad,Man,5,0,0,1,0,1,59
2025-09-01,FY 2025-26,Quality Engineering,L6,Senior (L5-L6),Hyderabad,Woman,2,0,0,0,0,0,18
2025-09-01,FY 2025-26,Sales and Presales,L1,Junior (L1-L2),Bengaluru,Man,17,0,0,0,0,1,200
2025-09-01,FY 2025-26,Sales and Presales,L1,Junior (L1-L2),Bengaluru,Non-binary,0,0,0,0,0,0,6
2025-09-01,FY 2025-26,Sales and Presales,L1,Junior (L1-L2),Bengaluru,Woman,15,0,0,0,0,1,120
2025-09-01,FY 2025-26,Sales and Presales,L1,Junior (L1-L2),Hyderabad,Man,18,2,1,0,0,3,185
2025-09-01,FY 2025-26,Sales and Presales,L1,Junior (L1-L2),Hyderabad,Woman,17,0,0,0,0,4,225
2025-09-01,FY 2025-26,Sales and Presales,L2,Junior (L1-L2),Bengaluru,Man,9,0,0,0,0,1,104
2025-09-01,FY 2025-26,Sales and Presales,L2,Junior (L1-L2),Bengaluru,Non-binary,0,0,0,0,0,1,1
2025-09-01,FY 2025-26,Sales and Presales,L2,Junior (L1-L2),Bengaluru,Woman,3,0,0,0,0,1,33
2025-09-01,FY 2025-26,Sales and Presales,L2,Junior (L1-L2),Hyderabad,Man,15,1,0,0,0,2,158
2025-09-01,FY 2025-26,Sales and Presales,L2,Junior (L1-L2),Hyderabad,Woman,9,0,0,0,0,2,98
2025-09-01,FY 2025-26,Sales and Presales,L3,Mid (L3-L4),Bengaluru,Man,11,2,0,0,0,2,99
2025-09-01,FY 2025-26,Sales and Presales,L3,Mid (L3-L4),Bengaluru,Woman,4,0,0,0,0,2,70
2025-09-01,FY 2025-26,Sales and Presales,L3,Mid (L3-L4),Hyderabad,Man,12,0,0,0,0,2,142
2025-09-01,FY 2025-26,Sales and Presales,L3,Mid (L3-L4),Hyderabad,Woman,4,0,0,0,0,2,62
2025-09-01,FY 2025-26,Sales and Presales,L4,Mid (L3-L4),Bengaluru,Man,3,0,0,0,0,0,36
2025-09-01,FY 2025-26,Sales and Presales,L4,Mid (L3-L4),Bengaluru,Woman,2,0,0,0,0,0,18
2025-09-01,FY 2025-26,Sales and Presales,L4,Mid (L3-L4),Hyderabad,Man,6,0,0,0,0,2,88
2025-09-01,FY 2025-26,Sales and Presales,L4,Mid (L3-L4),Hyderabad,Woman,2,1,0,0,0,0,4
2025-09-01,FY 2025-26,Sales and Presales,L5,Senior (L5-L6),Bengaluru,Man,1,0,0,0,0,0,12
2025-09-01,FY 2025-26,Sales and Presales,L5,Senior (L5-L6),Hyderabad,Man,4,0,0,0,0,0,48
2025-09-01,FY 2025-26,Sales and Presales,L5,Senior (L5-L6),Hyderabad,Woman,0,0,0,0,0,1,1
2025-09-01,FY 2025-26,Sales and Presales,L6,Senior (L5-L6),Bengaluru,Man,1,0,0,0,0,0,12
2025-09-01,FY 2025-26,Sales and Presales,L6,Senior (L5-L6),Hyderabad,Man,3,0,0,0,0,0,30
2025-10-01,FY 2025-26,Cloud and Infrastructure,L1,Junior (L1-L2),Bengaluru,Man,35,0,0,0,0,2,329
2025-10-01,FY 2025-26,Cloud and Infrastructure,L1,Junior (L1-L2),Bengaluru,Woman,18,0,0,0,0,4,172
2025-10-01,FY 2025-26,Cloud and Infrastructure,L1,Junior (L1-L2),Hyderabad,Man,42,0,0,0,0,3,456
2025-10-01,FY 2025-26,Cloud and Infrastructure,L1,Junior (L1-L2),Hyderabad,Woman,29,0,0,0,0,2,298
2025-10-01,FY 2025-26,Cloud and Infrastructure,L2,Junior (L1-L2),Bengaluru,Man,23,0,0,0,0,6,285
2025-10-01,FY 2025-26,Cloud and Infrastructure,L2,Junior (L1-L2),Bengaluru,Woman,18,2,1,0,1,2,184
2025-10-01,FY 2025-26,Cloud and Infrastructure,L2,Junior (L1-L2),Hyderabad,Man,34,0,2,0,1,8,404
2025-10-01,FY 2025-26,Cloud and Infrastructure,L2,Junior (L1-L2),Hyderabad,Woman,17,0,1,0,0,4,245
2025-10-01,FY 2025-26,Cloud and Infrastructure,L3,Mid (L3-L4),Bengaluru,Man,9,0,0,0,0,5,132
2025-10-01,FY 2025-26,Cloud and Infrastructure,L3,Mid (L3-L4),Bengaluru,Woman,4,0,0,0,0,1,32
2025-10-01,FY 2025-26,Cloud and Infrastructure,L3,Mid (L3-L4),Hyderabad,Man,15,0,0,0,0,2,178
2025-10-01,FY 2025-26,Cloud and Infrastructure,L3,Mid (L3-L4),Hyderabad,Non-binary,0,0,0,0,0,0,0
2025-10-01,FY 2025-26,Cloud and Infrastructure,L3,Mid (L3-L4),Hyderabad,Woman,14,0,0,0,0,1,151
2025-10-01,FY 2025-26,Cloud and Infrastructure,L4,Mid (L3-L4),Bengaluru,Man,18,0,1,0,1,2,188
2025-10-01,FY 2025-26,Cloud and Infrastructure,L4,Mid (L3-L4),Bengaluru,Woman,0,0,0,0,0,1,6
2025-10-01,FY 2025-26,Cloud and Infrastructure,L4,Mid (L3-L4),Hyderabad,Man,10,0,0,0,0,0,110
2025-10-01,FY 2025-26,Cloud and Infrastructure,L4,Mid (L3-L4),Hyderabad,Woman,7,0,0,0,0,0,84
2025-10-01,FY 2025-26,Cloud and Infrastructure,L5,Senior (L5-L6),Bengaluru,Man,4,0,0,0,0,0,48
2025-10-01,FY 2025-26,Cloud and Infrastructure,L5,Senior (L5-L6),Bengaluru,Woman,1,0,0,0,0,0,12
2025-10-01,FY 2025-26,Cloud and Infrastructure,L5,Senior (L5-L6),Hyderabad,Man,5,0,0,1,0,1,66
2025-10-01,FY 2025-26,Cloud and Infrastructure,L5,Senior (L5-L6),Hyderabad,Woman,2,0,0,1,0,1,30
2025-10-01,FY 2025-26,Cloud and Infrastructure,L6,Senior (L5-L6),Bengaluru,Man,1,0,0,0,0,0,12
2025-10-01,FY 2025-26,Cloud and Infrastructure,L6,Senior (L5-L6),Bengaluru,Woman,1,0,0,0,0,0,12
2025-10-01,FY 2025-26,Cloud and Infrastructure,L6,Senior (L5-L6),Hyderabad,Man,4,0,0,1,0,1,54
2025-10-01,FY 2025-26,Consulting,L1,Junior (L1-L2),Bengaluru,Man,9,0,0,1,0,2,92
2025-10-01,FY 2025-26,Consulting,L1,Junior (L1-L2),Bengaluru,Woman,4,0,0,0,0,0,53
2025-10-01,FY 2025-26,Consulting,L1,Junior (L1-L2),Hyderabad,Man,20,1,0,0,0,1,230
2025-10-01,FY 2025-26,Consulting,L1,Junior (L1-L2),Hyderabad,Woman,12,0,0,0,0,2,130
2025-10-01,FY 2025-26,Consulting,L2,Junior (L1-L2),Bengaluru,Man,7,0,0,0,0,2,77
2025-10-01,FY 2025-26,Consulting,L2,Junior (L1-L2),Bengaluru,Woman,2,0,0,0,0,1,23
2025-10-01,FY 2025-26,Consulting,L2,Junior (L1-L2),Hyderabad,Man,11,0,0,0,0,1,115
2025-10-01,FY 2025-26,Consulting,L2,Junior (L1-L2),Hyderabad,Woman,6,0,0,0,0,0,67
2025-10-01,FY 2025-26,Consulting,L3,Mid (L3-L4),Bengaluru,Man,7,0,0,0,0,0,79
2025-10-01,FY 2025-26,Consulting,L3,Mid (L3-L4),Bengaluru,Woman,2,0,0,0,0,0,19
2025-10-01,FY 2025-26,Consulting,L3,Mid (L3-L4),Hyderabad,Man,1,0,0,0,0,0,22
2025-10-01,FY 2025-26,Consulting,L3,Mid (L3-L4),Hyderabad,Woman,5,0,0,0,0,2,67
2025-10-01,FY 2025-26,Consulting,L4,Mid (L3-L4),Bengaluru,Man,4,0,0,0,0,3,53
2025-10-01,FY 2025-26,Consulting,L4,Mid (L3-L4),Bengaluru,Woman,3,0,0,0,0,0,32
2025-10-01,FY 2025-26,Consulting,L4,Mid (L3-L4),Hyderabad,Man,3,0,0,0,0,0,26
2025-10-01,FY 2025-26,Consulting,L4,Mid (L3-L4),Hyderabad,Woman,4,0,1,0,0,1,44
2025-10-01,FY 2025-26,Consulting,L5,Senior (L5-L6),Bengaluru,Man,3,0,0,0,0,0,31
2025-10-01,FY 2025-26,Consulting,L5,Senior (L5-L6),Bengaluru,Woman,1,0,0,0,0,0,12
2025-10-01,FY 2025-26,Consulting,L5,Senior (L5-L6),Hyderabad,Man,3,0,0,0,0,1,33
2025-10-01,FY 2025-26,Consulting,L5,Senior (L5-L6),Hyderabad,Woman,1,0,0,0,0,0,12
2025-10-01,FY 2025-26,Consulting,L6,Senior (L5-L6),Bengaluru,Man,2,0,0,0,0,0,24
2025-10-01,FY 2025-26,Consulting,L6,Senior (L5-L6),Hyderabad,Man,4,0,0,0,0,0,44
2025-10-01,FY 2025-26,Consulting,L6,Senior (L5-L6),Hyderabad,Woman,2,0,0,0,0,0,24
2025-10-01,FY 2025-26,Corporate Functions,L1,Junior (L1-L2),Bengaluru,Man,6,1,0,0,0,1,69
2025-10-01,FY 2025-26,Corporate Functions,L1,Junior (L1-L2),Bengaluru,Woman,5,0,0,0,0,0,65
2025-10-01,FY 2025-26,Corporate Functions,L1,Junior (L1-L2),Hyderabad,Man,10,0,0,0,0,2,140
2025-10-01,FY 2025-26,Corporate Functions,L1,Junior (L1-L2),Hyderabad,Woman,8,0,0,0,0,3,98
2025-10-01,FY 2025-26,Corporate Functions,L2,Junior (L1-L2),Bengaluru,Man,7,0,0,0,0,0,79
2025-10-01,FY 2025-26,Corporate Functions,L2,Junior (L1-L2),Bengaluru,Woman,6,0,0,0,0,1,72
2025-10-01,FY 2025-26,Corporate Functions,L2,Junior (L1-L2),Hyderabad,Man,18,1,0,0,0,2,219
2025-10-01,FY 2025-26,Corporate Functions,L2,Junior (L1-L2),Hyderabad,Woman,11,0,0,0,0,1,127
2025-10-01,FY 2025-26,Corporate Functions,L3,Mid (L3-L4),Bengaluru,Man,9,0,0,0,0,2,113
2025-10-01,FY 2025-26,Corporate Functions,L3,Mid (L3-L4),Bengaluru,Woman,6,0,0,0,0,0,64
2025-10-01,FY 2025-26,Corporate Functions,L3,Mid (L3-L4),Hyderabad,Man,15,0,0,0,0,1,169
2025-10-01,FY 2025-26,Corporate Functions,L3,Mid (L3-L4),Hyderabad,Woman,3,0,0,0,0,0,31
2025-10-01,FY 2025-26,Corporate Functions,L4,Mid (L3-L4),Bengaluru,Man,8,0,0,0,0,0,91
2025-10-01,FY 2025-26,Corporate Functions,L4,Mid (L3-L4),Bengaluru,Woman,2,0,0,0,0,0,29
2025-10-01,FY 2025-26,Corporate Functions,L4,Mid (L3-L4),Hyderabad,Man,12,0,0,0,0,1,135
2025-10-01,FY 2025-26,Corporate Functions,L4,Mid (L3-L4),Hyderabad,Woman,4,0,0,0,0,0,48
2025-10-01,FY 2025-26,Corporate Functions,L5,Senior (L5-L6),Bengaluru,Man,3,0,0,0,0,0,31
2025-10-01,FY 2025-26,Corporate Functions,L5,Senior (L5-L6),Bengaluru,Woman,0,0,1,0,0,1,6
2025-10-01,FY 2025-26,Corporate Functions,L5,Senior (L5-L6),Hyderabad,Man,6,0,0,0,0,0,67
2025-10-01,FY 2025-26,Corporate Functions,L6,Senior (L5-L6),Bengaluru,Man,3,0,0,0,0,0,36
2025-10-01,FY 2025-26,Corporate Functions,L6,Senior (L5-L6),Hyderabad,Man,2,0,0,0,0,0,24
2025-10-01,FY 2025-26,Data and Analytics,L1,Junior (L1-L2),Bengaluru,Man,24,0,2,0,1,4,267
2025-10-01,FY 2025-26,Data and Analytics,L1,Junior (L1-L2),Bengaluru,Woman,18,1,0,0,0,4,193
2025-10-01,FY 2025-26,Data and Analytics,L1,Junior (L1-L2),Hyderabad,Man,32,0,0,1,0,2,318
2025-10-01,FY 2025-26,Data and Analytics,L1,Junior (L1-L2),Hyderabad,Woman,21,0,0,0,0,2,193
2025-10-01,FY 2025-26,Data and Analytics,L2,Junior (L1-L2),Bengaluru,Man,18,0,0,0,0,2,205
2025-10-01,FY 2025-26,Data and Analytics,L2,Junior (L1-L2),Bengaluru,Woman,9,0,0,0,0,3,99
2025-10-01,FY 2025-26,Data and Analytics,L2,Junior (L1-L2),Hyderabad,Man,21,0,0,1,0,9,245
2025-10-01,FY 2025-26,Data and Analytics,L2,Junior (L1-L2),Hyderabad,Woman,15,0,2,0,0,8,216
2025-10-01,FY 2025-26,Data and Analytics,L3,Mid (L3-L4),Bengaluru,Man,15,1,0,0,0,1,160
2025-10-01,FY 2025-26,Data and Analytics,L3,Mid (L3-L4),Bengaluru,Woman,2,0,0,0,0,2,37
2025-10-01,FY 2025-26,Data and Analytics,L3,Mid (L3-L4),Hyderabad,Man,20,0,0,0,0,3,221
2025-10-01,FY 2025-26,Data and Analytics,L3,Mid (L3-L4),Hyderabad,Woman,9,0,1,0,1,1,107
2025-10-01,FY 2025-26,Data and Analytics,L4,Mid (L3-L4),Bengaluru,Man,9,0,0,0,0,1,95
2025-10-01,FY 2025-26,Data and Analytics,L4,Mid (L3-L4),Bengaluru,Woman,1,0,0,0,0,1,15
2025-10-01,FY 2025-26,Data and Analytics,L4,Mid (L3-L4),Hyderabad,Man,18,0,0,0,0,0,231
2025-10-01,FY 2025-26,Data and Analytics,L4,Mid (L3-L4),Hyderabad,Woman,2,0,1,0,0,1,30
2025-10-01,FY 2025-26,Data and Analytics,L5,Senior (L5-L6),Bengaluru,Man,4,1,0,0,0,1,33
2025-10-01,FY 2025-26,Data and Analytics,L5,Senior (L5-L6),Bengaluru,Woman,1,0,0,0,0,1,18
2025-10-01,FY 2025-26,Data and Analytics,L5,Senior (L5-L6),Hyderabad,Man,4,0,0,0,0,1,40
2025-10-01,FY 2025-26,Data and Analytics,L5,Senior (L5-L6),Hyderabad,Woman,5,0,0,0,0,0,50
2025-10-01,FY 2025-26,Data and Analytics,L6,Senior (L5-L6),Bengaluru,Man,3,0,0,0,0,0,36
2025-10-01,FY 2025-26,Data and Analytics,L6,Senior (L5-L6),Hyderabad,Man,4,0,0,0,0,0,48
2025-10-01,FY 2025-26,Data and Analytics,L6,Senior (L5-L6),Hyderabad,Woman,0,0,0,0,0,1,2
2025-10-01,FY 2025-26,Delivery,L1,Junior (L1-L2),Bengaluru,Man,99,1,0,1,0,11,1116
2025-10-01,FY 2025-26,Delivery,L1,Junior (L1-L2),Bengaluru,Woman,72,0,0,0,0,6,757
2025-10-01,FY 2025-26,Delivery,L1,Junior (L1-L2),Hyderabad,Man,148,0,2,1,1,23,1696
2025-10-01,FY 2025-26,Delivery,L1,Junior (L1-L2),Hyderabad,Non-binary,1,0,0,0,0,0,12
2025-10-01,FY 2025-26,Delivery,L1,Junior (L1-L2),Hyderabad,Woman,123,0,0,2,0,18,1292
2025-10-01,FY 2025-26,Delivery,L2,Junior (L1-L2),Bengaluru,Man,78,2,0,0,0,9,885
2025-10-01,FY 2025-26,Delivery,L2,Junior (L1-L2),Bengaluru,Non-binary,0,0,0,0,0,0,0
2025-10-01,FY 2025-26,Delivery,L2,Junior (L1-L2),Bengaluru,Woman,27,0,0,0,0,10,333
2025-10-01,FY 2025-26,Delivery,L2,Junior (L1-L2),Hyderabad,Man,103,0,5,0,0,25,1282
2025-10-01,FY 2025-26,Delivery,L2,Junior (L1-L2),Hyderabad,Non-binary,1,0,0,0,0,0,12
2025-10-01,FY 2025-26,Delivery,L2,Junior (L1-L2),Hyderabad,Woman,55,0,0,0,0,9,728
2025-10-01,FY 2025-26,Delivery,L3,Mid (L3-L4),Bengaluru,Man,65,3,1,0,0,13,754
2025-10-01,FY 2025-26,Delivery,L3,Mid (L3-L4),Bengaluru,Woman,29,1,0,0,0,5,343
2025-10-01,FY 2025-26,Delivery,L3,Mid (L3-L4),Hyderabad,Man,89,1,2,0,1,11,1041
2025-10-01,FY 2025-26,Delivery,L3,Mid (L3-L4),Hyderabad,Non-binary,1,0,0,0,0,0,12
2025-10-01,FY 2025-26,Delivery,L3,Mid (L3-L4),Hyderabad,Woman,57,0,0,0,0,7,621
2025-10-01,FY 2025-26,Delivery,L4,Mid (L3-L4),Bengaluru,Man,35,0,0,0,0,5,371
2025-10-01,FY 2025-26,Delivery,L4,Mid (L3-L4),Bengaluru,Woman,5,0,0,0,0,3,62
2025-10-01,FY 2025-26,Delivery,L4,Mid (L3-L4),Hyderabad,Man,59,0,0,0,0,3,687
2025-10-01,FY 2025-26,Delivery,L4,Mid (L3-L4),Hyderabad,Woman,16,1,0,0,0,4,161
2025-10-01,FY 2025-26,Delivery,L5,Senior (L5-L6),Bengaluru,Man,21,0,0,0,0,4,253
2025-10-01,FY 2025-26,Delivery,L5,Senior (L5-L6),Bengaluru,Woman,5,0,0,1,0,1,71
2025-10-01,FY 2025-26,Delivery,L5,Senior (L5-L6),Hyderabad,Man,31,1,0,0,0,1,334
2025-10-01,FY 2025-26,Delivery,L5,Senior (L5-L6),Hyderabad,Woman,5,0,0,0,0,1,61
2025-10-01,FY 2025-26,Delivery,L6,Senior (L5-L6),Bengaluru,Man,13,0,0,0,0,0,141
2025-10-01,FY 2025-26,Delivery,L6,Senior (L5-L6),Bengaluru,Woman,5,0,0,0,0,0,55
2025-10-01,FY 2025-26,Delivery,L6,Senior (L5-L6),Hyderabad,Man,21,0,0,0,0,3,242
2025-10-01,FY 2025-26,Delivery,L6,Senior (L5-L6),Hyderabad,Woman,1,0,0,0,0,0,7
2025-10-01,FY 2025-26,Quality Engineering,L1,Junior (L1-L2),Bengaluru,Man,31,1,0,0,0,3,333
2025-10-01,FY 2025-26,Quality Engineering,L1,Junior (L1-L2),Bengaluru,Woman,23,0,0,1,0,5,251
2025-10-01,FY 2025-26,Quality Engineering,L1,Junior (L1-L2),Hyderabad,Man,52,1,0,0,0,7,537
2025-10-01,FY 2025-26,Quality Engineering,L1,Junior (L1-L2),Hyderabad,Non-binary,1,0,0,0,0,0,12
2025-10-01,FY 2025-26,Quality Engineering,L1,Junior (L1-L2),Hyderabad,Woman,39,2,0,0,0,6,386
2025-10-01,FY 2025-26,Quality Engineering,L2,Junior (L1-L2),Bengaluru,Man,23,0,3,0,1,13,334
2025-10-01,FY 2025-26,Quality Engineering,L2,Junior (L1-L2),Bengaluru,Non-binary,0,0,0,0,0,0,0
2025-10-01,FY 2025-26,Quality Engineering,L2,Junior (L1-L2),Bengaluru,Woman,18,1,1,0,1,3,200
2025-10-01,FY 2025-26,Quality Engineering,L2,Junior (L1-L2),Hyderabad,Man,41,1,1,0,0,5,460
2025-10-01,FY 2025-26,Quality Engineering,L2,Junior (L1-L2),Hyderabad,Woman,25,0,1,0,0,5,290
2025-10-01,FY 2025-26,Quality Engineering,L3,Mid (L3-L4),Bengaluru,Man,21,0,0,0,0,4,256
2025-10-01,FY 2025-26,Quality Engineering,L3,Mid (L3-L4),Bengaluru,Woman,8,0,0,1,0,3,108
2025-10-01,FY 2025-26,Quality Engineering,L3,Mid (L3-L4),Hyderabad,Man,27,1,0,0,0,5,282
2025-10-01,FY 2025-26,Quality Engineering,L3,Mid (L3-L4),Hyderabad,Woman,15,0,1,0,0,2,209
2025-10-01,FY 2025-26,Quality Engineering,L4,Mid (L3-L4),Bengaluru,Man,8,0,0,0,0,1,87
2025-10-01,FY 2025-26,Quality Engineering,L4,Mid (L3-L4),Bengaluru,Non-binary,1,0,0,0,0,0,12
2025-10-01,FY 2025-26,Quality Engineering,L4,Mid (L3-L4),Bengaluru,Woman,3,0,0,0,0,0,36
2025-10-01,FY 2025-26,Quality Engineering,L4,Mid (L3-L4),Hyderabad,Man,17,0,0,1,0,2,222
2025-10-01,FY 2025-26,Quality Engineering,L4,Mid (L3-L4),Hyderabad,Woman,7,0,0,0,0,1,76
2025-10-01,FY 2025-26,Quality Engineering,L5,Senior (L5-L6),Bengaluru,Man,4,0,0,0,0,0,46
2025-10-01,FY 2025-26,Quality Engineering,L5,Senior (L5-L6),Bengaluru,Woman,2,0,0,0,0,0,24
2025-10-01,FY 2025-26,Quality Engineering,L5,Senior (L5-L6),Hyderabad,Man,15,0,0,0,0,0,170
2025-10-01,FY 2025-26,Quality Engineering,L5,Senior (L5-L6),Hyderabad,Woman,1,0,0,0,0,0,17
2025-10-01,FY 2025-26,Quality Engineering,L6,Senior (L5-L6),Bengaluru,Man,6,0,0,0,0,0,72
2025-10-01,FY 2025-26,Quality Engineering,L6,Senior (L5-L6),Bengaluru,Woman,1,0,0,0,0,0,12
2025-10-01,FY 2025-26,Quality Engineering,L6,Senior (L5-L6),Hyderabad,Man,5,0,0,0,0,1,60
2025-10-01,FY 2025-26,Quality Engineering,L6,Senior (L5-L6),Hyderabad,Woman,2,0,0,0,0,0,19
2025-10-01,FY 2025-26,Sales and Presales,L1,Junior (L1-L2),Bengaluru,Man,17,0,0,0,0,1,199
2025-10-01,FY 2025-26,Sales and Presales,L1,Junior (L1-L2),Bengaluru,Non-binary,0,0,0,0,0,0,5
2025-10-01,FY 2025-26,Sales and Presales,L1,Junior (L1-L2),Bengaluru,Woman,15,0,0,0,0,1,126
2025-10-01,FY 2025-26,Sales and Presales,L1,Junior (L1-L2),Hyderabad,Man,19,1,0,0,0,3,188
2025-10-01,FY 2025-26,Sales and Presales,L1,Junior (L1-L2),Hyderabad,Woman,15,0,1,1,1,6,219
2025-10-01,FY 2025-26,Sales and Presales,L2,Junior (L1-L2),Bengaluru,Man,9,0,0,0,0,1,105
2025-10-01,FY 2025-26,Sales and Presales,L2,Junior (L1-L2),Bengaluru,Non-binary,0,0,0,0,0,1,1
2025-10-01,FY 2025-26,Sales and Presales,L2,Junior (L1-L2),Bengaluru,Woman,4,1,0,0,0,1,36
2025-10-01,FY 2025-26,Sales and Presales,L2,Junior (L1-L2),Hyderabad,Man,15,0,0,0,0,2,161
2025-10-01,FY 2025-26,Sales and Presales,L2,Junior (L1-L2),Hyderabad,Woman,9,0,0,0,0,2,99
2025-10-01,FY 2025-26,Sales and Presales,L3,Mid (L3-L4),Bengaluru,Man,11,0,0,0,0,2,102
2025-10-01,FY 2025-26,Sales and Presales,L3,Mid (L3-L4),Bengaluru,Woman,4,0,0,0,0,2,67
2025-10-01,FY 2025-26,Sales and Presales,L3,Mid (L3-L4),Hyderabad,Man,14,2,0,0,0,2,143
2025-10-01,FY 2025-26,Sales and Presales,L3,Mid (L3-L4),Hyderabad,Woman,4,0,0,0,0,2,61
2025-10-01,FY 2025-26,Sales and Presales,L4,Mid (L3-L4),Bengaluru,Man,3,0,0,0,0,0,36
2025-10-01,FY 2025-26,Sales and Presales,L4,Mid (L3-L4),Bengaluru,Woman,2,0,0,0,0,0,19
2025-10-01,FY 2025-26,Sales and Presales,L4,Mid (L3-L4),Hyderabad,Man,6,0,0,0,0,2,85
2025-10-01,FY 2025-26,Sales and Presales,L4,Mid (L3-L4),Hyderabad,Woman,2,0,0,0,0,0,6
2025-10-01,FY 2025-26,Sales and Presales,L5,Senior (L5-L6),Bengaluru,Man,1,0,0,0,0,0,12
2025-10-01,FY 2025-26,Sales and Presales,L5,Senior (L5-L6),Hyderabad,Man,4,0,0,0,0,0,48
2025-10-01,FY 2025-26,Sales and Presales,L5,Senior (L5-L6),Hyderabad,Woman,0,0,0,0,0,1,0
2025-10-01,FY 2025-26,Sales and Presales,L6,Senior (L5-L6),Bengaluru,Man,1,0,0,0,0,0,12
2025-10-01,FY 2025-26,Sales and Presales,L6,Senior (L5-L6),Hyderabad,Man,3,0,0,0,0,0,31
2025-11-01,FY 2025-26,Cloud and Infrastructure,L1,Junior (L1-L2),Bengaluru,Man,35,0,0,0,0,2,338
2025-11-01,FY 2025-26,Cloud and Infrastructure,L1,Junior (L1-L2),Bengaluru,Woman,18,0,0,0,0,4,175
2025-11-01,FY 2025-26,Cloud and Infrastructure,L1,Junior (L1-L2),Hyderabad,Man,41,0,1,0,1,3,460
2025-11-01,FY 2025-26,Cloud and Infrastructure,L1,Junior (L1-L2),Hyderabad,Woman,29,0,0,0,0,2,302
2025-11-01,FY 2025-26,Cloud and Infrastructure,L2,Junior (L1-L2),Bengaluru,Man,23,0,0,0,0,6,284
2025-11-01,FY 2025-26,Cloud and Infrastructure,L2,Junior (L1-L2),Bengaluru,Woman,19,2,1,0,1,3,189
2025-11-01,FY 2025-26,Cloud and Infrastructure,L2,Junior (L1-L2),Hyderabad,Man,35,2,1,0,0,8,407
2025-11-01,FY 2025-26,Cloud and Infrastructure,L2,Junior (L1-L2),Hyderabad,Woman,17,1,1,0,0,5,240
2025-11-01,FY 2025-26,Cloud and Infrastructure,L3,Mid (L3-L4),Bengaluru,Man,9,0,0,0,0,4,128
2025-11-01,FY 2025-26,Cloud and Infrastructure,L3,Mid (L3-L4),Bengaluru,Woman,4,0,0,0,0,1,33
2025-11-01,FY 2025-26,Cloud and Infrastructure,L3,Mid (L3-L4),Hyderabad,Man,14,0,1,0,0,3,176
2025-11-01,FY 2025-26,Cloud and Infrastructure,L3,Mid (L3-L4),Hyderabad,Non-binary,0,0,0,0,0,0,0
2025-11-01,FY 2025-26,Cloud and Infrastructure,L3,Mid (L3-L4),Hyderabad,Woman,14,0,0,0,0,1,154
2025-11-01,FY 2025-26,Cloud and Infrastructure,L4,Mid (L3-L4),Bengaluru,Man,18,0,0,0,0,2,193
2025-11-01,FY 2025-26,Cloud and Infrastructure,L4,Mid (L3-L4),Bengaluru,Woman,0,0,0,0,0,1,5
2025-11-01,FY 2025-26,Cloud and Infrastructure,L4,Mid (L3-L4),Hyderabad,Man,10,0,0,0,0,0,112
2025-11-01,FY 2025-26,Cloud and Infrastructure,L4,Mid (L3-L4),Hyderabad,Woman,7,0,0,0,0,0,84
2025-11-01,FY 2025-26,Cloud and Infrastructure,L5,Senior (L5-L6),Bengaluru,Man,4,0,0,0,0,0,48
2025-11-01,FY 2025-26,Cloud and Infrastructure,L5,Senior (L5-L6),Bengaluru,Woman,1,0,0,0,0,0,12
2025-11-01,FY 2025-26,Cloud and Infrastructure,L5,Senior (L5-L6),Hyderabad,Man,6,1,0,0,0,1,67
2025-11-01,FY 2025-26,Cloud and Infrastructure,L5,Senior (L5-L6),Hyderabad,Woman,2,0,0,0,0,1,30
2025-11-01,FY 2025-26,Cloud and Infrastructure,L6,Senior (L5-L6),Bengaluru,Man,1,0,0,0,0,0,12
2025-11-01,FY 2025-26,Cloud and Infrastructure,L6,Senior (L5-L6),Bengaluru,Woman,1,0,0,0,0,0,12
2025-11-01,FY 2025-26,Cloud and Infrastructure,L6,Senior (L5-L6),Hyderabad,Man,4,0,0,0,0,1,54
2025-11-01,FY 2025-26,Consulting,L1,Junior (L1-L2),Bengaluru,Man,9,1,1,0,0,3,95
2025-11-01,FY 2025-26,Consulting,L1,Junior (L1-L2),Bengaluru,Woman,4,0,0,0,0,0,52
2025-11-01,FY 2025-26,Consulting,L1,Junior (L1-L2),Hyderabad,Man,20,0,0,0,0,1,230
2025-11-01,FY 2025-26,Consulting,L1,Junior (L1-L2),Hyderabad,Woman,12,0,0,0,0,2,131
2025-11-01,FY 2025-26,Consulting,L2,Junior (L1-L2),Bengaluru,Man,7,0,0,0,0,2,77
2025-11-01,FY 2025-26,Consulting,L2,Junior (L1-L2),Bengaluru,Woman,2,0,0,0,0,1,23
2025-11-01,FY 2025-26,Consulting,L2,Junior (L1-L2),Hyderabad,Man,10,0,1,0,0,2,117
2025-11-01,FY 2025-26,Consulting,L2,Junior (L1-L2),Hyderabad,Woman,5,0,1,0,0,1,66
2025-11-01,FY 2025-26,Consulting,L3,Mid (L3-L4),Bengaluru,Man,7,0,0,0,0,0,80
2025-11-01,FY 2025-26,Consulting,L3,Mid (L3-L4),Bengaluru,Woman,2,0,0,0,0,0,20
2025-11-01,FY 2025-26,Consulting,L3,Mid (L3-L4),Hyderabad,Man,1,0,0,0,0,0,20
2025-11-01,FY 2025-26,Consulting,L3,Mid (L3-L4),Hyderabad,Woman,5,0,0,0,0,1,66
2025-11-01,FY 2025-26,Consulting,L4,Mid (L3-L4),Bengaluru,Man,5,1,0,0,0,2,53
2025-11-01,FY 2025-26,Consulting,L4,Mid (L3-L4),Bengaluru,Woman,3,0,0,0,0,0,33
2025-11-01,FY 2025-26,Consulting,L4,Mid (L3-L4),Hyderabad,Man,3,0,0,0,0,0,28
2025-11-01,FY 2025-26,Consulting,L4,Mid (L3-L4),Hyderabad,Woman,4,0,0,0,0,1,46
2025-11-01,FY 2025-26,Consulting,L5,Senior (L5-L6),Bengaluru,Man,3,0,0,0,0,0,32
2025-11-01,FY 2025-26,Consulting,L5,Senior (L5-L6),Bengaluru,Woman,1,0,0,0,0,0,12
2025-11-01,FY 2025-26,Consulting,L5,Senior (L5-L6),Hyderabad,Man,3,0,0,0,0,1,33
2025-11-01,FY 2025-26,Consulting,L5,Senior (L5-L6),Hyderabad,Woman,1,0,0,0,0,0,12
2025-11-01,FY 2025-26,Consulting,L6,Senior (L5-L6),Bengaluru,Man,2,0,0,0,0,0,24
2025-11-01,FY 2025-26,Consulting,L6,Senior (L5-L6),Hyderabad,Man,4,0,0,0,0,0,45
2025-11-01,FY 2025-26,Consulting,L6,Senior (L5-L6),Hyderabad,Woman,2,0,0,0,0,0,24
2025-11-01,FY 2025-26,Corporate Functions,L1,Junior (L1-L2),Bengaluru,Man,6,0,0,0,0,1,69
2025-11-01,FY 2025-26,Corporate Functions,L1,Junior (L1-L2),Bengaluru,Woman,5,0,0,0,0,0,64
2025-11-01,FY 2025-26,Corporate Functions,L1,Junior (L1-L2),Hyderabad,Man,10,0,0,0,0,2,137
2025-11-01,FY 2025-26,Corporate Functions,L1,Junior (L1-L2),Hyderabad,Woman,8,0,0,0,0,3,97
2025-11-01,FY 2025-26,Corporate Functions,L2,Junior (L1-L2),Bengaluru,Man,7,0,0,0,0,0,79
2025-11-01,FY 2025-26,Corporate Functions,L2,Junior (L1-L2),Bengaluru,Woman,6,0,0,0,0,1,74
2025-11-01,FY 2025-26,Corporate Functions,L2,Junior (L1-L2),Hyderabad,Man,18,0,0,0,0,1,219
2025-11-01,FY 2025-26,Corporate Functions,L2,Junior (L1-L2),Hyderabad,Woman,11,0,0,0,0,1,128
2025-11-01,FY 2025-26,Corporate Functions,L3,Mid (L3-L4),Bengaluru,Man,9,0,0,0,0,0,112
2025-11-01,FY 2025-26,Corporate Functions,L3,Mid (L3-L4),Bengaluru,Woman,6,0,0,0,0,0,66
2025-11-01,FY 2025-26,Corporate Functions,L3,Mid (L3-L4),Hyderabad,Man,15,0,0,0,0,1,171
2025-11-01,FY 2025-26,Corporate Functions,L3,Mid (L3-L4),Hyderabad,Woman,3,0,0,0,0,0,32
2025-11-01,FY 2025-26,Corporate Functions,L4,Mid (L3-L4),Bengaluru,Man,8,0,0,0,0,0,92
2025-11-01,FY 2025-26,Corporate Functions,L4,Mid (L3-L4),Bengaluru,Woman,2,0,0,0,0,0,28
2025-11-01,FY 2025-26,Corporate Functions,L4,Mid (L3-L4),Hyderabad,Man,11,0,1,0,0,2,135
2025-11-01,FY 2025-26,Corporate Functions,L4,Mid (L3-L4),Hyderabad,Woman,4,0,0,0,0,0,48
2025-11-01,FY 2025-26,Corporate Functions,L5,Senior (L5-L6),Bengaluru,Man,3,0,0,0,0,0,32
2025-11-01,FY 2025-26,Corporate Functions,L5,Senior (L5-L6),Bengaluru,Woman,0,0,0,0,0,1,6
2025-11-01,FY 2025-26,Corporate Functions,L5,Senior (L5-L6),Hyderabad,Man,6,0,0,0,0,0,68
2025-11-01,FY 2025-26,Corporate Functions,L6,Senior (L5-L6),Bengaluru,Man,3,0,0,0,0,0,36
2025-11-01,FY 2025-26,Corporate Functions,L6,Senior (L5-L6),Hyderabad,Man,2,0,0,0,0,0,24
2025-11-01,FY 2025-26,Data and Analytics,L1,Junior (L1-L2),Bengaluru,Man,24,0,0,0,0,4,269
2025-11-01,FY 2025-26,Data and Analytics,L1,Junior (L1-L2),Bengaluru,Woman,18,0,0,0,0,4,194
2025-11-01,FY 2025-26,Data and Analytics,L1,Junior (L1-L2),Hyderabad,Man,33,1,0,0,0,2,326
2025-11-01,FY 2025-26,Data and Analytics,L1,Junior (L1-L2),Hyderabad,Woman,21,0,0,0,0,2,198
2025-11-01,FY 2025-26,Data and Analytics,L2,Junior (L1-L2),Bengaluru,Man,18,0,0,0,0,2,207
2025-11-01,FY 2025-26,Data and Analytics,L2,Junior (L1-L2),Bengaluru,Woman,9,0,0,0,0,3,99
2025-11-01,FY 2025-26,Data and Analytics,L2,Junior (L1-L2),Hyderabad,Man,23,2,0,0,0,8,245
2025-11-01,FY 2025-26,Data and Analytics,L2,Junior (L1-L2),Hyderabad,Woman,16,1,0,0,0,8,213
2025-11-01,FY 2025-26,Data and Analytics,L3,Mid (L3-L4),Bengaluru,Man,15,0,0,0,0,1,162
2025-11-01,FY 2025-26,Data and Analytics,L3,Mid (L3-L4),Bengaluru,Woman,2,0,0,0,0,2,35
2025-11-01,FY 2025-26,Data and Analytics,L3,Mid (L3-L4),Hyderabad,Man,19,0,1,0,1,4,222
2025-11-01,FY 2025-26,Data and Analytics,L3,Mid (L3-L4),Hyderabad,Woman,9,0,0,0,0,1,108
2025-11-01,FY 2025-26,Data and Analytics,L4,Mid (L3-L4),Bengaluru,Man,9,0,0,0,0,1,97
2025-11-01,FY 2025-26,Data and Analytics,L4,Mid (L3-L4),Bengaluru,Woman,1,0,0,0,0,1,15
2025-11-01,FY 2025-26,Data and Analytics,L4,Mid (L3-L4),Hyderabad,Man,18,0,0,0,0,0,228
2025-11-01,FY 2025-26,Data and Analytics,L4,Mid (L3-L4),Hyderabad,Woman,2,0,0,0,0,1,30
2025-11-01,FY 2025-26,Data and Analytics,L5,Senior (L5-L6),Bengaluru,Man,4,0,0,0,0,1,34
2025-11-01,FY 2025-26,Data and Analytics,L5,Senior (L5-L6),Bengaluru,Woman,1,0,0,0,0,1,17
2025-11-01,FY 2025-26,Data and Analytics,L5,Senior (L5-L6),Hyderabad,Man,4,0,0,0,0,1,42
2025-11-01,FY 2025-26,Data and Analytics,L5,Senior (L5-L6),Hyderabad,Woman,5,0,0,0,0,0,51
2025-11-01,FY 2025-26,Data and Analytics,L6,Senior (L5-L6),Bengaluru,Man,3,0,0,0,0,0,36
2025-11-01,FY 2025-26,Data and Analytics,L6,Senior (L5-L6),Hyderabad,Man,4,0,0,0,0,0,48
2025-11-01,FY 2025-26,Data and Analytics,L6,Senior (L5-L6),Hyderabad,Woman,0,0,0,0,0,1,1
2025-11-01,FY 2025-26,Delivery,L1,Junior (L1-L2),Bengaluru,Man,96,1,4,0,1,14,1116
2025-11-01,FY 2025-26,Delivery,L1,Junior (L1-L2),Bengaluru,Woman,71,0,1,0,0,7,767
2025-11-01,FY 2025-26,Delivery,L1,Junior (L1-L2),Hyderabad,Man,150,4,2,0,0,24,1704
2025-11-01,FY 2025-26,Delivery,L1,Junior (L1-L2),Hyderabad,Non-binary,1,0,0,0,0,0,12
2025-11-01,FY 2025-26,Delivery,L1,Junior (L1-L2),Hyderabad,Woman,123,1,1,0,0,18,1308
2025-11-01,FY 2025-26,Delivery,L2,Junior (L1-L2),Bengaluru,Man,78,1,1,0,0,10,895
2025-11-01,FY 2025-26,Delivery,L2,Junior (L1-L2),Bengaluru,Non-binary,0,0,0,0,0,0,0
2025-11-01,FY 2025-26,Delivery,L2,Junior (L1-L2),Bengaluru,Woman,27,1,1,0,0,8,332
2025-11-01,FY 2025-26,Delivery,L2,Junior (L1-L2),Hyderabad,Man,104,2,0,1,0,21,1283
2025-11-01,FY 2025-26,Delivery,L2,Junior (L1-L2),Hyderabad,Non-binary,1,0,0,0,0,0,12
2025-11-01,FY 2025-26,Delivery,L2,Junior (L1-L2),Hyderabad,Woman,54,1,1,1,0,11,716
2025-11-01,FY 2025-26,Delivery,L3,Mid (L3-L4),Bengaluru,Man,63,0,2,0,1,14,757
2025-11-01,FY 2025-26,Delivery,L3,Mid (L3-L4),Bengaluru,Woman,31,2,0,0,0,4,347
2025-11-01,FY 2025-26,Delivery,L3,Mid (L3-L4),Hyderabad,Man,89,0,0,0,0,9,1048
2025-11-01,FY 2025-26,Delivery,L3,Mid (L3-L4),Hyderabad,Non-binary,1,0,0,0,0,0,12
2025-11-01,FY 2025-26,Delivery,L3,Mid (L3-L4),Hyderabad,Woman,56,0,1,0,0,8,633
2025-11-01,FY 2025-26,Delivery,L4,Mid (L3-L4),Bengaluru,Man,36,1,0,0,0,4,380
2025-11-01,FY 2025-26,Delivery,L4,Mid (L3-L4),Bengaluru,Woman,5,0,0,0,0,3,60
2025-11-01,FY 2025-26,Delivery,L4,Mid (L3-L4),Hyderabad,Man,56,0,3,0,1,6,688
2025-11-01,FY 2025-26,Delivery,L4,Mid (L3-L4),Hyderabad,Woman,16,0,0,0,0,4,163
2025-11-01,FY 2025-26,Delivery,L5,Senior (L5-L6),Bengaluru,Man,21,0,0,0,0,3,252
2025-11-01,FY 2025-26,Delivery,L5,Senior (L5-L6),Bengaluru,Woman,5,0,0,0,0,1,70
2025-11-01,FY 2025-26,Delivery,L5,Senior (L5-L6),Hyderabad,Man,31,0,0,0,0,1,341
2025-11-01,FY 2025-26,Delivery,L5,Senior (L5-L6),Hyderabad,Woman,5,0,0,0,0,1,60
2025-11-01,FY 2025-26,Delivery,L6,Senior (L5-L6),Bengaluru,Man,13,0,0,0,0,0,144
2025-11-01,FY 2025-26,Delivery,L6,Senior (L5-L6),Bengaluru,Woman,5,0,0,0,0,0,56
2025-11-01,FY 2025-26,Delivery,L6,Senior (L5-L6),Hyderabad,Man,21,0,0,0,0,3,242
2025-11-01,FY 2025-26,Delivery,L6,Senior (L5-L6),Hyderabad,Woman,1,0,0,0,0,0,8
2025-11-01,FY 2025-26,Quality Engineering,L1,Junior (L1-L2),Bengaluru,Man,30,0,1,0,0,4,335
2025-11-01,FY 2025-26,Quality Engineering,L1,Junior (L1-L2),Bengaluru,Woman,24,1,0,0,0,5,253
2025-11-01,FY 2025-26,Quality Engineering,L1,Junior (L1-L2),Hyderabad,Man,53,1,0,0,0,7,544
2025-11-01,FY 2025-26,Quality Engineering,L1,Junior (L1-L2),Hyderabad,Non-binary,1,0,0,0,0,0,12
2025-11-01,FY 2025-26,Quality Engineering,L1,Junior (L1-L2),Hyderabad,Woman,39,0,0,0,0,6,393
2025-11-01,FY 2025-26,Quality Engineering,L2,Junior (L1-L2),Bengaluru,Man,22,0,1,0,1,14,324
2025-11-01,FY 2025-26,Quality Engineering,L2,Junior (L1-L2),Bengaluru,Non-binary,0,0,0,0,0,0,0
2025-11-01,FY 2025-26,Quality Engineering,L2,Junior (L1-L2),Bengaluru,Woman,18,1,1,0,0,4,203
2025-11-01,FY 2025-26,Quality Engineering,L2,Junior (L1-L2),Hyderabad,Man,40,0,0,1,0,5,464
2025-11-01,FY 2025-26,Quality Engineering,L2,Junior (L1-L2),Hyderabad,Woman,25,0,0,0,0,5,292
2025-11-01,FY 2025-26,Quality Engineering,L3,Mid (L3-L4),Bengaluru,Man,21,0,0,0,0,4,257
2025-11-01,FY 2025-26,Quality Engineering,L3,Mid (L3-L4),Bengaluru,Woman,8,0,0,0,0,3,108
2025-11-01,FY 2025-26,Quality Engineering,L3,Mid (L3-L4),Hyderabad,Man,27,0,0,0,0,5,288
2025-11-01,FY 2025-26,Quality Engineering,L3,Mid (L3-L4),Hyderabad,Woman,15,0,0,0,0,2,204
2025-11-01,FY 2025-26,Quality Engineering,L4,Mid (L3-L4),Bengaluru,Man,8,0,0,0,0,1,89
2025-11-01,FY 2025-26,Quality Engineering,L4,Mid (L3-L4),Bengaluru,Non-binary,1,0,0,0,0,0,12
2025-11-01,FY 2025-26,Quality Engineering,L4,Mid (L3-L4),Bengaluru,Woman,3,0,0,0,0,0,36
2025-11-01,FY 2025-26,Quality Engineering,L4,Mid (L3-L4),Hyderabad,Man,17,0,0,0,0,2,219
2025-11-01,FY 2025-26,Quality Engineering,L4,Mid (L3-L4),Hyderabad,Woman,7,0,0,0,0,1,78
2025-11-01,FY 2025-26,Quality Engineering,L5,Senior (L5-L6),Bengaluru,Man,4,0,0,0,0,0,47
2025-11-01,FY 2025-26,Quality Engineering,L5,Senior (L5-L6),Bengaluru,Woman,2,0,0,0,0,0,24
2025-11-01,FY 2025-26,Quality Engineering,L5,Senior (L5-L6),Hyderabad,Man,15,0,0,0,0,0,172
2025-11-01,FY 2025-26,Quality Engineering,L5,Senior (L5-L6),Hyderabad,Woman,1,0,0,0,0,0,16
2025-11-01,FY 2025-26,Quality Engineering,L6,Senior (L5-L6),Bengaluru,Man,6,0,0,0,0,0,72
2025-11-01,FY 2025-26,Quality Engineering,L6,Senior (L5-L6),Bengaluru,Woman,1,0,0,0,0,0,12
2025-11-01,FY 2025-26,Quality Engineering,L6,Senior (L5-L6),Hyderabad,Man,5,0,0,0,0,1,61
2025-11-01,FY 2025-26,Quality Engineering,L6,Senior (L5-L6),Hyderabad,Woman,2,0,0,0,0,0,20
2025-11-01,FY 2025-26,Sales and Presales,L1,Junior (L1-L2),Bengaluru,Man,17,0,0,0,0,1,198
2025-11-01,FY 2025-26,Sales and Presales,L1,Junior (L1-L2),Bengaluru,Non-binary,0,0,0,0,0,0,4
2025-11-01,FY 2025-26,Sales and Presales,L1,Junior (L1-L2),Bengaluru,Woman,15,0,0,0,0,1,131
2025-11-01,FY 2025-26,Sales and Presales,L1,Junior (L1-L2),Hyderabad,Man,19,0,0,0,0,2,192
2025-11-01,FY 2025-26,Sales and Presales,L1,Junior (L1-L2),Hyderabad,Woman,15,0,0,0,0,6,213
2025-11-01,FY 2025-26,Sales and Presales,L2,Junior (L1-L2),Bengaluru,Man,10,1,0,0,0,1,107
2025-11-01,FY 2025-26,Sales and Presales,L2,Junior (L1-L2),Bengaluru,Non-binary,0,0,0,0,0,1,1
2025-11-01,FY 2025-26,Sales and Presales,L2,Junior (L1-L2),Bengaluru,Woman,4,0,0,0,0,1,39
2025-11-01,FY 2025-26,Sales and Presales,L2,Junior (L1-L2),Hyderabad,Man,15,0,0,0,0,2,163
2025-11-01,FY 2025-26,Sales and Presales,L2,Junior (L1-L2),Hyderabad,Woman,9,0,0,0,0,2,100
2025-11-01,FY 2025-26,Sales and Presales,L3,Mid (L3-L4),Bengaluru,Man,11,0,0,0,0,2,105
2025-11-01,FY 2025-26,Sales and Presales,L3,Mid (L3-L4),Bengaluru,Woman,4,0,0,0,0,2,64
2025-11-01,FY 2025-26,Sales and Presales,L3,Mid (L3-L4),Hyderabad,Man,14,0,0,0,0,1,145
2025-11-01,FY 2025-26,Sales and Presales,L3,Mid (L3-L4),Hyderabad,Woman,4,0,0,0,0,2,60
2025-11-01,FY 2025-26,Sales and Presales,L4,Mid (L3-L4),Bengaluru,Man,3,0,0,0,0,0,36
2025-11-01,FY 2025-26,Sales and Presales,L4,Mid (L3-L4),Bengaluru,Woman,2,0,0,0,0,0,20
2025-11-01,FY 2025-26,Sales and Presales,L4,Mid (L3-L4),Hyderabad,Man,6,0,0,0,0,2,82
2025-11-01,FY 2025-26,Sales and Presales,L4,Mid (L3-L4),Hyderabad,Woman,2,0,0,0,0,0,8
2025-11-01,FY 2025-26,Sales and Presales,L5,Senior (L5-L6),Bengaluru,Man,1,0,0,0,0,0,12
2025-11-01,FY 2025-26,Sales and Presales,L5,Senior (L5-L6),Hyderabad,Man,4,0,0,0,0,0,48
2025-11-01,FY 2025-26,Sales and Presales,L5,Senior (L5-L6),Hyderabad,Woman,0,0,0,0,0,0,0
2025-11-01,FY 2025-26,Sales and Presales,L6,Senior (L5-L6),Bengaluru,Man,1,0,0,0,0,0,12
2025-11-01,FY 2025-26,Sales and Presales,L6,Senior (L5-L6),Hyderabad,Man,3,0,0,0,0,0,32
2025-12-01,FY 2025-26,Cloud and Infrastructure,L1,Junior (L1-L2),Bengaluru,Man,35,0,0,0,0,2,347
2025-12-01,FY 2025-26,Cloud and Infrastructure,L1,Junior (L1-L2),Bengaluru,Woman,17,0,1,0,0,5,177
2025-12-01,FY 2025-26,Cloud and Infrastructure,L1,Junior (L1-L2),Hyderabad,Man,41,1,1,0,0,4,463
2025-12-01,FY 2025-26,Cloud and Infrastructure,L1,Junior (L1-L2),Hyderabad,Woman,29,0,0,0,0,2,306
2025-12-01,FY 2025-26,Cloud and Infrastructure,L2,Junior (L1-L2),Bengaluru,Man,23,0,0,0,0,5,284
2025-12-01,FY 2025-26,Cloud and Infrastructure,L2,Junior (L1-L2),Bengaluru,Woman,19,0,0,0,0,3,194
2025-12-01,FY 2025-26,Cloud and Infrastructure,L2,Junior (L1-L2),Hyderabad,Man,35,0,0,0,0,8,409
2025-12-01,FY 2025-26,Cloud and Infrastructure,L2,Junior (L1-L2),Hyderabad,Woman,18,2,1,0,1,6,236
2025-12-01,FY 2025-26,Cloud and Infrastructure,L3,Mid (L3-L4),Bengaluru,Man,8,0,1,0,1,5,123
2025-12-01,FY 2025-26,Cloud and Infrastructure,L3,Mid (L3-L4),Bengaluru,Woman,4,0,0,0,0,0,35
2025-12-01,FY 2025-26,Cloud and Infrastructure,L3,Mid (L3-L4),Hyderabad,Man,14,0,0,0,0,2,175
2025-12-01,FY 2025-26,Cloud and Infrastructure,L3,Mid (L3-L4),Hyderabad,Non-binary,0,0,0,0,0,0,0
2025-12-01,FY 2025-26,Cloud and Infrastructure,L3,Mid (L3-L4),Hyderabad,Woman,14,0,0,0,0,1,156
2025-12-01,FY 2025-26,Cloud and Infrastructure,L4,Mid (L3-L4),Bengaluru,Man,18,0,0,0,0,2,198
2025-12-01,FY 2025-26,Cloud and Infrastructure,L4,Mid (L3-L4),Bengaluru,Woman,0,0,0,0,0,1,4
2025-12-01,FY 2025-26,Cloud and Infrastructure,L4,Mid (L3-L4),Hyderabad,Man,10,0,0,0,0,0,114
2025-12-01,FY 2025-26,Cloud and Infrastructure,L4,Mid (L3-L4),Hyderabad,Woman,7,0,0,0,0,0,84
2025-12-01,FY 2025-26,Cloud and Infrastructure,L5,Senior (L5-L6),Bengaluru,Man,4,0,0,0,0,0,48
2025-12-01,FY 2025-26,Cloud and Infrastructure,L5,Senior (L5-L6),Bengaluru,Woman,1,0,0,0,0,0,12
2025-12-01,FY 2025-26,Cloud and Infrastructure,L5,Senior (L5-L6),Hyderabad,Man,6,0,0,0,0,1,67
2025-12-01,FY 2025-26,Cloud and Infrastructure,L5,Senior (L5-L6),Hyderabad,Woman,2,0,0,0,0,1,30
2025-12-01,FY 2025-26,Cloud and Infrastructure,L6,Senior (L5-L6),Bengaluru,Man,1,0,0,0,0,0,12
2025-12-01,FY 2025-26,Cloud and Infrastructure,L6,Senior (L5-L6),Bengaluru,Woman,1,0,0,0,0,0,12
2025-12-01,FY 2025-26,Cloud and Infrastructure,L6,Senior (L5-L6),Hyderabad,Man,4,0,0,0,0,1,54
2025-12-01,FY 2025-26,Consulting,L1,Junior (L1-L2),Bengaluru,Man,9,0,0,0,0,3,97
2025-12-01,FY 2025-26,Consulting,L1,Junior (L1-L2),Bengaluru,Woman,4,0,0,0,0,0,51
2025-12-01,FY 2025-26,Consulting,L1,Junior (L1-L2),Hyderabad,Man,20,0,0,0,0,1,230
2025-12-01,FY 2025-26,Consulting,L1,Junior (L1-L2),Hyderabad,Woman,12,0,0,0,0,1,133
2025-12-01,FY 2025-26,Consulting,L2,Junior (L1-L2),Bengaluru,Man,7,0,0,0,0,2,77
2025-12-01,FY 2025-26,Consulting,L2,Junior (L1-L2),Bengaluru,Woman,2,0,0,0,0,1,23
2025-12-01,FY 2025-26,Consulting,L2,Junior (L1-L2),Hyderabad,Man,10,0,0,0,0,1,120
2025-12-01,FY 2025-26,Consulting,L2,Junior (L1-L2),Hyderabad,Woman,5,0,0,0,0,1,65
2025-12-01,FY 2025-26,Consulting,L3,Mid (L3-L4),Bengaluru,Man,7,0,0,0,0,0,81
2025-12-01,FY 2025-26,Consulting,L3,Mid (L3-L4),Bengaluru,Woman,2,0,0,0,0,0,21
2025-12-01,FY 2025-26,Consulting,L3,Mid (L3-L4),Hyderabad,Man,1,0,0,0,0,0,18
2025-12-01,FY 2025-26,Consulting,L3,Mid (L3-L4),Hyderabad,Woman,5,0,0,0,0,1,65
2025-12-01,FY 2025-26,Consulting,L4,Mid (L3-L4),Bengaluru,Man,5,0,0,0,0,2,53
2025-12-01,FY 2025-26,Consulting,L4,Mid (L3-L4),Bengaluru,Woman,3,0,0,0,0,0,34
2025-12-01,FY 2025-26,Consulting,L4,Mid (L3-L4),Hyderabad,Man,4,1,0,0,0,0,31
2025-12-01,FY 2025-26,Consulting,L4,Mid (L3-L4),Hyderabad,Woman,4,0,0,0,0,1,48
2025-12-01,FY 2025-26,Consulting,L5,Senior (L5-L6),Bengaluru,Man,3,0,0,0,0,0,33
2025-12-01,FY 2025-26,Consulting,L5,Senior (L5-L6),Bengaluru,Woman,1,0,0,0,0,0,12
2025-12-01,FY 2025-26,Consulting,L5,Senior (L5-L6),Hyderabad,Man,3,0,0,0,0,1,33
2025-12-01,FY 2025-26,Consulting,L5,Senior (L5-L6),Hyderabad,Woman,1,0,0,0,0,0,12
2025-12-01,FY 2025-26,Consulting,L6,Senior (L5-L6),Bengaluru,Man,2,0,0,0,0,0,24
2025-12-01,FY 2025-26,Consulting,L6,Senior (L5-L6),Hyderabad,Man,4,0,0,0,0,0,46
2025-12-01,FY 2025-26,Consulting,L6,Senior (L5-L6),Hyderabad,Woman,2,0,0,0,0,0,24
2025-12-01,FY 2025-26,Corporate Functions,L1,Junior (L1-L2),Bengaluru,Man,6,0,0,0,0,1,69
2025-12-01,FY 2025-26,Corporate Functions,L1,Junior (L1-L2),Bengaluru,Woman,5,0,0,0,0,0,63
2025-12-01,FY 2025-26,Corporate Functions,L1,Junior (L1-L2),Hyderabad,Man,10,0,0,0,0,2,134
2025-12-01,FY 2025-26,Corporate Functions,L1,Junior (L1-L2),Hyderabad,Woman,8,0,0,0,0,2,97
2025-12-01,FY 2025-26,Corporate Functions,L2,Junior (L1-L2),Bengaluru,Man,7,0,0,0,0,0,79
2025-12-01,FY 2025-26,Corporate Functions,L2,Junior (L1-L2),Bengaluru,Woman,6,0,0,0,0,1,75
2025-12-01,FY 2025-26,Corporate Functions,L2,Junior (L1-L2),Hyderabad,Man,15,0,2,1,0,4,215
2025-12-01,FY 2025-26,Corporate Functions,L2,Junior (L1-L2),Hyderabad,Woman,12,1,0,0,0,1,130
2025-12-01,FY 2025-26,Corporate Functions,L3,Mid (L3-L4),Bengaluru,Man,9,0,0,0,0,0,111
2025-12-01,FY 2025-26,Corporate Functions,L3,Mid (L3-L4),Bengaluru,Woman,6,0,0,0,0,0,68
2025-12-01,FY 2025-26,Corporate Functions,L3,Mid (L3-L4),Hyderabad,Man,15,0,0,0,0,1,173
2025-12-01,FY 2025-26,Corporate Functions,L3,Mid (L3-L4),Hyderabad,Woman,3,0,0,0,0,0,33
2025-12-01,FY 2025-26,Corporate Functions,L4,Mid (L3-L4),Bengaluru,Man,8,0,0,0,0,0,93
2025-12-01,FY 2025-26,Corporate Functions,L4,Mid (L3-L4),Bengaluru,Woman,2,0,0,0,0,0,27
2025-12-01,FY 2025-26,Corporate Functions,L4,Mid (L3-L4),Hyderabad,Man,11,0,0,0,0,2,135
2025-12-01,FY 2025-26,Corporate Functions,L4,Mid (L3-L4),Hyderabad,Woman,4,0,0,0,0,0,48
2025-12-01,FY 2025-26,Corporate Functions,L5,Senior (L5-L6),Bengaluru,Man,3,0,0,0,0,0,33
2025-12-01,FY 2025-26,Corporate Functions,L5,Senior (L5-L6),Bengaluru,Woman,0,0,0,0,0,1,6
2025-12-01,FY 2025-26,Corporate Functions,L5,Senior (L5-L6),Hyderabad,Man,6,0,0,0,0,0,69
2025-12-01,FY 2025-26,Corporate Functions,L6,Senior (L5-L6),Bengaluru,Man,3,0,0,0,0,0,36
2025-12-01,FY 2025-26,Corporate Functions,L6,Senior (L5-L6),Hyderabad,Man,2,0,0,0,0,0,24
2025-12-01,FY 2025-26,Data and Analytics,L1,Junior (L1-L2),Bengaluru,Man,25,1,0,0,0,4,272
2025-12-01,FY 2025-26,Data and Analytics,L1,Junior (L1-L2),Bengaluru,Woman,17,0,0,1,0,5,194
2025-12-01,FY 2025-26,Data and Analytics,L1,Junior (L1-L2),Hyderabad,Man,34,1,0,0,0,2,335
2025-12-01,FY 2025-26,Data and Analytics,L1,Junior (L1-L2),Hyderabad,Woman,21,0,0,0,0,2,203
2025-12-01,FY 2025-26,Data and Analytics,L2,Junior (L1-L2),Bengaluru,Man,17,0,1,0,1,3,207
2025-12-01,FY 2025-26,Data and Analytics,L2,Junior (L1-L2),Bengaluru,Woman,9,0,0,0,0,3,99
2025-12-01,FY 2025-26,Data and Analytics,L2,Junior (L1-L2),Hyderabad,Man,23,1,0,1,0,7,247
2025-12-01,FY 2025-26,Data and Analytics,L2,Junior (L1-L2),Hyderabad,Woman,16,0,0,0,0,8,210
2025-12-01,FY 2025-26,Data and Analytics,L3,Mid (L3-L4),Bengaluru,Man,15,0,0,0,0,1,164
2025-12-01,FY 2025-26,Data and Analytics,L3,Mid (L3-L4),Bengaluru,Woman,2,0,0,0,0,2,33
2025-12-01,FY 2025-26,Data and Analytics,L3,Mid (L3-L4),Hyderabad,Man,20,1,0,0,0,3,225
2025-12-01,FY 2025-26,Data and Analytics,L3,Mid (L3-L4),Hyderabad,Woman,9,0,0,0,0,1,109
2025-12-01,FY 2025-26,Data and Analytics,L4,Mid (L3-L4),Bengaluru,Man,9,1,1,0,0,2,99
2025-12-01,FY 2025-26,Data and Analytics,L4,Mid (L3-L4),Bengaluru,Woman,1,0,0,0,0,1,15
2025-12-01,FY 2025-26,Data and Analytics,L4,Mid (L3-L4),Hyderabad,Man,18,0,0,0,0,0,225
2025-12-01,FY 2025-26,Data and Analytics,L4,Mid (L3-L4),Hyderabad,Woman,2,0,0,0,0,1,30
2025-12-01,FY 2025-26,Data and Analytics,L5,Senior (L5-L6),Bengaluru,Man,4,0,0,0,0,1,35
2025-12-01,FY 2025-26,Data and Analytics,L5,Senior (L5-L6),Bengaluru,Woman,1,0,0,0,0,1,16
2025-12-01,FY 2025-26,Data and Analytics,L5,Senior (L5-L6),Hyderabad,Man,4,0,0,0,0,1,44
2025-12-01,FY 2025-26,Data and Analytics,L5,Senior (L5-L6),Hyderabad,Woman,5,0,0,0,0,0,52
2025-12-01,FY 2025-26,Data and Analytics,L6,Senior (L5-L6),Bengaluru,Man,3,0,0,0,0,0,36
2025-12-01,FY 2025-26,Data and Analytics,L6,Senior (L5-L6),Hyderabad,Man,4,0,0,0,0,0,48
2025-12-01,FY 2025-26,Data and Analytics,L6,Senior (L5-L6),Hyderabad,Woman,0,0,0,0,0,1,0
2025-12-01,FY 2025-26,Delivery,L1,Junior (L1-L2),Bengaluru,Man,96,1,1,0,0,15,1114
2025-12-01,FY 2025-26,Delivery,L1,Junior (L1-L2),Bengaluru,Woman,70,0,1,0,0,8,775
2025-12-01,FY 2025-26,Delivery,L1,Junior (L1-L2),Hyderabad,Man,150,3,3,0,0,24,1710
2025-12-01,FY 2025-26,Delivery,L1,Junior (L1-L2),Hyderabad,Non-binary,1,0,0,0,0,0,12
2025-12-01,FY 2025-26,Delivery,L1,Junior (L1-L2),Hyderabad,Woman,124,3,1,1,0,18,1326
2025-12-01,FY 2025-26,Delivery,L2,Junior (L1-L2),Bengaluru,Man,80,3,1,0,0,11,904
2025-12-01,FY 2025-26,Delivery,L2,Junior (L1-L2),Bengaluru,Non-binary,0,0,0,0,0,0,0
2025-12-01,FY 2025-26,Delivery,L2,Junior (L1-L2),Bengaluru,Woman,27,0,0,0,0,8,331
2025-12-01,FY 2025-26,Delivery,L2,Junior (L1-L2),Hyderabad,Man,106,2,0,0,0,21,1281
2025-12-01,FY 2025-26,Delivery,L2,Junior (L1-L2),Hyderabad,Non-binary,1,0,0,0,0,0,12
2025-12-01,FY 2025-26,Delivery,L2,Junior (L1-L2),Hyderabad,Woman,55,1,0,0,0,10,703
2025-12-01,FY 2025-26,Delivery,L3,Mid (L3-L4),Bengaluru,Man,62,1,2,0,0,13,759
2025-12-01,FY 2025-26,Delivery,L3,Mid (L3-L4),Bengaluru,Woman,32,1,0,0,0,3,352
2025-12-01,FY 2025-26,Delivery,L3,Mid (L3-L4),Hyderabad,Man,90,2,1,0,1,9,1054
2025-12-01,FY 2025-26,Delivery,L3,Mid (L3-L4),Hyderabad,Non-binary,1,0,0,0,0,0,12
2025-12-01,FY 2025-26,Delivery,L3,Mid (L3-L4),Hyderabad,Woman,57,1,0,0,0,8,645
2025-12-01,FY 2025-26,Delivery,L4,Mid (L3-L4),Bengaluru,Man,36,0,0,0,0,2,391
2025-12-01,FY 2025-26,Delivery,L4,Mid (L3-L4),Bengaluru,Woman,5,0,0,0,0,2,59
2025-12-01,FY 2025-26,Delivery,L4,Mid (L3-L4),Hyderabad,Man,55,0,1,0,1,7,688
2025-12-01,FY 2025-26,Delivery,L4,Mid (L3-L4),Hyderabad,Woman,16,0,0,0,0,3,166
2025-12-01,FY 2025-26,Delivery,L5,Senior (L5-L6),Bengaluru,Man,21,0,0,0,0,3,251
2025-12-01,FY 2025-26,Delivery,L5,Senior (L5-L6),Bengaluru,Woman,5,0,0,0,0,1,69
2025-12-01,FY 2025-26,Delivery,L5,Senior (L5-L6),Hyderabad,Man,31,0,0,0,0,1,347
2025-12-01,FY 2025-26,Delivery,L5,Senior (L5-L6),Hyderabad,Woman,4,0,1,0,1,1,59
2025-12-01,FY 2025-26,Delivery,L6,Senior (L5-L6),Bengaluru,Man,12,0,1,0,0,1,146
2025-12-01,FY 2025-26,Delivery,L6,Senior (L5-L6),Bengaluru,Woman,5,0,0,0,0,0,57
2025-12-01,FY 2025-26,Delivery,L6,Senior (L5-L6),Hyderabad,Man,20,0,1,0,0,3,242
2025-12-01,FY 2025-26,Delivery,L6,Senior (L5-L6),Hyderabad,Woman,1,0,0,0,0,0,9
2025-12-01,FY 2025-26,Quality Engineering,L1,Junior (L1-L2),Bengaluru,Man,30,0,0,0,0,4,337
2025-12-01,FY 2025-26,Quality Engineering,L1,Junior (L1-L2),Bengaluru,Woman,23,0,1,0,0,6,254
2025-12-01,FY 2025-26,Quality Engineering,L1,Junior (L1-L2),Hyderabad,Man,53,1,1,0,0,8,550
2025-12-01,FY 2025-26,Quality Engineering,L1,Junior (L1-L2),Hyderabad,Non-binary,1,0,0,0,0,0,12
2025-12-01,FY 2025-26,Quality Engineering,L1,Junior (L1-L2),Hyderabad,Woman,38,0,1,0,0,7,398
2025-12-01,FY 2025-26,Quality Engineering,L2,Junior (L1-L2),Bengaluru,Man,24,2,0,0,0,13,316
2025-12-01,FY 2025-26,Quality Engineering,L2,Junior (L1-L2),Bengaluru,Non-binary,0,0,0,0,0,0,0
2025-12-01,FY 2025-26,Quality Engineering,L2,Junior (L1-L2),Bengaluru,Woman,18,0,0,0,0,3,206
2025-12-01,FY 2025-26,Quality Engineering,L2,Junior (L1-L2),Hyderabad,Man,40,0,0,0,0,5,468
2025-12-01,FY 2025-26,Quality Engineering,L2,Junior (L1-L2),Hyderabad,Woman,26,1,0,0,0,5,295
2025-12-01,FY 2025-26,Quality Engineering,L3,Mid (L3-L4),Bengaluru,Man,22,1,0,0,0,3,258
2025-12-01,FY 2025-26,Quality Engineering,L3,Mid (L3-L4),Bengaluru,Woman,8,0,0,0,0,3,108
2025-12-01,FY 2025-26,Quality Engineering,L3,Mid (L3-L4),Hyderabad,Man,27,0,0,0,0,5,294
2025-12-01,FY 2025-26,Quality Engineering,L3,Mid (L3-L4),Hyderabad,Woman,15,0,0,0,0,2,199
2025-12-01,FY 2025-26,Quality Engineering,L4,Mid (L3-L4),Bengaluru,Man,8,0,0,0,0,1,91
2025-12-01,FY 2025-26,Quality Engineering,L4,Mid (L3-L4),Bengaluru,Non-binary,1,0,0,0,0,0,12
2025-12-01,FY 2025-26,Quality Engineering,L4,Mid (L3-L4),Bengaluru,Woman,3,0,0,0,0,0,36
2025-12-01,FY 2025-26,Quality Engineering,L4,Mid (L3-L4),Hyderabad,Man,17,0,0,0,0,2,216
2025-12-01,FY 2025-26,Quality Engineering,L4,Mid (L3-L4),Hyderabad,Woman,7,0,0,0,0,1,80
2025-12-01,FY 2025-26,Quality Engineering,L5,Senior (L5-L6),Bengaluru,Man,4,0,0,0,0,0,48
2025-12-01,FY 2025-26,Quality Engineering,L5,Senior (L5-L6),Bengaluru,Woman,2,0,0,0,0,0,24
2025-12-01,FY 2025-26,Quality Engineering,L5,Senior (L5-L6),Hyderabad,Man,15,0,0,0,0,0,174
2025-12-01,FY 2025-26,Quality Engineering,L5,Senior (L5-L6),Hyderabad,Woman,1,0,0,0,0,0,15
2025-12-01,FY 2025-26,Quality Engineering,L6,Senior (L5-L6),Bengaluru,Man,6,0,0,0,0,0,72
2025-12-01,FY 2025-26,Quality Engineering,L6,Senior (L5-L6),Bengaluru,Woman,1,0,0,0,0,0,12
2025-12-01,FY 2025-26,Quality Engineering,L6,Senior (L5-L6),Hyderabad,Man,5,0,0,0,0,1,62
2025-12-01,FY 2025-26,Quality Engineering,L6,Senior (L5-L6),Hyderabad,Woman,2,0,0,0,0,0,21
2025-12-01,FY 2025-26,Sales and Presales,L1,Junior (L1-L2),Bengaluru,Man,17,0,0,0,0,1,197
2025-12-01,FY 2025-26,Sales and Presales,L1,Junior (L1-L2),Bengaluru,Non-binary,0,0,0,0,0,0,3
2025-12-01,FY 2025-26,Sales and Presales,L1,Junior (L1-L2),Bengaluru,Woman,15,0,0,0,0,1,136
2025-12-01,FY 2025-26,Sales and Presales,L1,Junior (L1-L2),Hyderabad,Man,19,0,0,0,0,2,196
2025-12-01,FY 2025-26,Sales and Presales,L1,Junior (L1-L2),Hyderabad,Woman,15,0,0,0,0,6,207
2025-12-01,FY 2025-26,Sales and Presales,L2,Junior (L1-L2),Bengaluru,Man,10,0,0,0,0,1,109
2025-12-01,FY 2025-26,Sales and Presales,L2,Junior (L1-L2),Bengaluru,Non-binary,0,0,0,0,0,1,1
2025-12-01,FY 2025-26,Sales and Presales,L2,Junior (L1-L2),Bengaluru,Woman,4,0,0,0,0,1,41
2025-12-01,FY 2025-26,Sales and Presales,L2,Junior (L1-L2),Hyderabad,Man,15,0,0,0,0,2,165
2025-12-01,FY 2025-26,Sales and Presales,L2,Junior (L1-L2),Hyderabad,Woman,9,0,0,0,0,2,101
2025-12-01,FY 2025-26,Sales and Presales,L3,Mid (L3-L4),Bengaluru,Man,10,0,1,0,0,2,108
2025-12-01,FY 2025-26,Sales and Presales,L3,Mid (L3-L4),Bengaluru,Woman,4,0,0,0,0,2,61
2025-12-01,FY 2025-26,Sales and Presales,L3,Mid (L3-L4),Hyderabad,Man,14,0,0,0,0,0,148
2025-12-01,FY 2025-26,Sales and Presales,L3,Mid (L3-L4),Hyderabad,Woman,4,0,0,0,0,2,59
2025-12-01,FY 2025-26,Sales and Presales,L4,Mid (L3-L4),Bengaluru,Man,3,0,0,0,0,0,36
2025-12-01,FY 2025-26,Sales and Presales,L4,Mid (L3-L4),Bengaluru,Woman,2,0,0,0,0,0,21
2025-12-01,FY 2025-26,Sales and Presales,L4,Mid (L3-L4),Hyderabad,Man,6,0,0,0,0,2,79
2025-12-01,FY 2025-26,Sales and Presales,L4,Mid (L3-L4),Hyderabad,Woman,2,0,0,0,0,0,10
2025-12-01,FY 2025-26,Sales and Presales,L5,Senior (L5-L6),Bengaluru,Man,1,0,0,0,0,0,12
2025-12-01,FY 2025-26,Sales and Presales,L5,Senior (L5-L6),Hyderabad,Man,4,0,0,0,0,0,48
2025-12-01,FY 2025-26,Sales and Presales,L5,Senior (L5-L6),Hyderabad,Woman,0,0,0,0,0,0,0
2025-12-01,FY 2025-26,Sales and Presales,L6,Senior (L5-L6),Bengaluru,Man,1,0,0,0,0,0,12
2025-12-01,FY 2025-26,Sales and Presales,L6,Senior (L5-L6),Hyderabad,Man,3,0,0,0,0,0,33
2026-01-01,FY 2025-26,Cloud and Infrastructure,L1,Junior (L1-L2),Bengaluru,Man,35,0,0,0,0,2,355
2026-01-01,FY 2025-26,Cloud and Infrastructure,L1,Junior (L1-L2),Bengaluru,Woman,17,0,0,0,0,5,179
2026-01-01,FY 2025-26,Cloud and Infrastructure,L1,Junior (L1-L2),Hyderabad,Man,41,0,0,0,0,4,466
2026-01-01,FY 2025-26,Cloud and Infrastructure,L1,Junior (L1-L2),Hyderabad,Woman,28,0,1,0,1,2,310
2026-01-01,FY 2025-26,Cloud and Infrastructure,L2,Junior (L1-L2),Bengaluru,Man,24,1,0,0,0,5,285
2026-01-01,FY 2025-26,Cloud and Infrastructure,L2,Junior (L1-L2),Bengaluru,Woman,19,0,0,0,0,2,199
2026-01-01,FY 2025-26,Cloud and Infrastructure,L2,Junior (L1-L2),Hyderabad,Man,36,1,0,0,0,8,412
2026-01-01,FY 2025-26,Cloud and Infrastructure,L2,Junior (L1-L2),Hyderabad,Woman,18,0,0,0,0,6,232
2026-01-01,FY 2025-26,Cloud and Infrastructure,L3,Mid (L3-L4),Bengaluru,Man,8,0,0,0,0,5,118
2026-01-01,FY 2025-26,Cloud and Infrastructure,L3,Mid (L3-L4),Bengaluru,Woman,4,0,0,0,0,0,37
2026-01-01,FY 2025-26,Cloud and Infrastructure,L3,Mid (L3-L4),Hyderabad,Man,14,0,0,0,0,2,174
2026-01-01,FY 2025-26,Cloud and Infrastructure,L3,Mid (L3-L4),Hyderabad,Non-binary,0,0,0,0,0,0,0
2026-01-01,FY 2025-26,Cloud and Infrastructure,L3,Mid (L3-L4),Hyderabad,Woman,14,0,0,0,0,1,158
2026-01-01,FY 2025-26,Cloud and Infrastructure,L4,Mid (L3-L4),Bengaluru,Man,17,0,1,0,1,3,202
2026-01-01,FY 2025-26,Cloud and Infrastructure,L4,Mid (L3-L4),Bengaluru,Woman,0,0,0,0,0,1,3
2026-01-01,FY 2025-26,Cloud and Infrastructure,L4,Mid (L3-L4),Hyderabad,Man,10,0,0,0,0,0,116
2026-01-01,FY 2025-26,Cloud and Infrastructure,L4,Mid (L3-L4),Hyderabad,Woman,7,0,0,0,0,0,84
2026-01-01,FY 2025-26,Cloud and Infrastructure,L5,Senior (L5-L6),Bengaluru,Man,4,0,0,0,0,0,48
2026-01-01,FY 2025-26,Cloud and Infrastructure,L5,Senior (L5-L6),Bengaluru,Woman,1,0,0,0,0,0,12
2026-01-01,FY 2025-26,Cloud and Infrastructure,L5,Senior (L5-L6),Hyderabad,Man,6,0,0,0,0,1,67
2026-01-01,FY 2025-26,Cloud and Infrastructure,L5,Senior (L5-L6),Hyderabad,Woman,2,0,0,0,0,1,30
2026-01-01,FY 2025-26,Cloud and Infrastructure,L6,Senior (L5-L6),Bengaluru,Man,1,0,0,0,0,0,12
2026-01-01,FY 2025-26,Cloud and Infrastructure,L6,Senior (L5-L6),Bengaluru,Woman,1,0,0,0,0,0,12
2026-01-01,FY 2025-26,Cloud and Infrastructure,L6,Senior (L5-L6),Hyderabad,Man,4,0,0,0,0,1,54
2026-01-01,FY 2025-26,Consulting,L1,Junior (L1-L2),Bengaluru,Man,9,0,0,0,0,3,99
2026-01-01,FY 2025-26,Consulting,L1,Junior (L1-L2),Bengaluru,Woman,6,2,0,0,0,0,52
2026-01-01,FY 2025-26,Consulting,L1,Junior (L1-L2),Hyderabad,Man,20,0,0,0,0,1,230
2026-01-01,FY 2025-26,Consulting,L1,Junior (L1-L2),Hyderabad,Woman,12,0,0,0,0,1,135
2026-01-01,FY 2025-26,Consulting,L2,Junior (L1-L2),Bengaluru,Man,7,0,0,0,0,2,77
2026-01-01,FY 2025-26,Consulting,L2,Junior (L1-L2),Bengaluru,Woman,2,0,0,0,0,1,23
2026-01-01,FY 2025-26,Consulting,L2,Junior (L1-L2),Hyderabad,Man,10,0,0,0,0,1,122
2026-01-01,FY 2025-26,Consulting,L2,Junior (L1-L2),Hyderabad,Woman,5,0,0,0,0,1,64
2026-01-01,FY 2025-26,Consulting,L3,Mid (L3-L4),Bengaluru,Man,7,0,0,0,0,0,81
2026-01-01,FY 2025-26,Consulting,L3,Mid (L3-L4),Bengaluru,Woman,2,0,0,0,0,0,22
2026-01-01,FY 2025-26,Consulting,L3,Mid (L3-L4),Hyderabad,Man,1,0,0,0,0,0,16
2026-01-01,FY 2025-26,Consulting,L3,Mid (L3-L4),Hyderabad,Woman,5,0,0,0,0,1,64
2026-01-01,FY 2025-26,Consulting,L4,Mid (L3-L4),Bengaluru,Man,5,0,0,0,0,1,54
2026-01-01,FY 2025-26,Consulting,L4,Mid (L3-L4),Bengaluru,Woman,3,0,0,0,0,0,35
2026-01-01,FY 2025-26,Consulting,L4,Mid (L3-L4),Hyderabad,Man,4,0,0,0,0,0,34
2026-01-01,FY 2025-26,Consulting,L4,Mid (L3-L4),Hyderabad,Woman,4,0,0,0,0,1,50
2026-01-01,FY 2025-26,Consulting,L5,Senior (L5-L6),Bengaluru,Man,3,0,0,0,0,0,34
2026-01-01,FY 2025-26,Consulting,L5,Senior (L5-L6),Bengaluru,Woman,1,0,0,0,0,0,12
2026-01-01,FY 2025-26,Consulting,L5,Senior (L5-L6),Hyderabad,Man,3,0,0,0,0,1,33
2026-01-01,FY 2025-26,Consulting,L5,Senior (L5-L6),Hyderabad,Woman,1,0,0,0,0,0,12
2026-01-01,FY 2025-26,Consulting,L6,Senior (L5-L6),Bengaluru,Man,2,0,0,0,0,0,24
2026-01-01,FY 2025-26,Consulting,L6,Senior (L5-L6),Hyderabad,Man,4,0,0,0,0,0,47
2026-01-01,FY 2025-26,Consulting,L6,Senior (L5-L6),Hyderabad,Woman,2,0,0,0,0,0,24
2026-01-01,FY 2025-26,Corporate Functions,L1,Junior (L1-L2),Bengaluru,Man,6,0,0,0,0,1,69
2026-01-01,FY 2025-26,Corporate Functions,L1,Junior (L1-L2),Bengaluru,Woman,5,0,0,0,0,0,62
2026-01-01,FY 2025-26,Corporate Functions,L1,Junior (L1-L2),Hyderabad,Man,10,0,0,0,0,2,131
2026-01-01,FY 2025-26,Corporate Functions,L1,Junior (L1-L2),Hyderabad,Woman,8,0,0,0,0,2,97
2026-01-01,FY 2025-26,Corporate Functions,L2,Junior (L1-L2),Bengaluru,Man,6,0,1,0,1,1,78
2026-01-01,FY 2025-26,Corporate Functions,L2,Junior (L1-L2),Bengaluru,Woman,6,0,0,0,0,1,75
2026-01-01,FY 2025-26,Corporate Functions,L2,Junior (L1-L2),Hyderabad,Man,15,0,0,0,0,4,211
2026-01-01,FY 2025-26,Corporate Functions,L2,Junior (L1-L2),Hyderabad,Woman,12,0,0,0,0,1,132
2026-01-01,FY 2025-26,Corporate Functions,L3,Mid (L3-L4),Bengaluru,Man,9,0,0,0,0,0,110
2026-01-01,FY 2025-26,Corporate Functions,L3,Mid (L3-L4),Bengaluru,Woman,6,0,0,0,0,0,70
2026-01-01,FY 2025-26,Corporate Functions,L3,Mid (L3-L4),Hyderabad,Man,15,0,0,0,0,1,175
2026-01-01,FY 2025-26,Corporate Functions,L3,Mid (L3-L4),Hyderabad,Woman,3,0,0,0,0,0,34
2026-01-01,FY 2025-26,Corporate Functions,L4,Mid (L3-L4),Bengaluru,Man,8,0,0,0,0,0,94
2026-01-01,FY 2025-26,Corporate Functions,L4,Mid (L3-L4),Bengaluru,Woman,2,0,0,0,0,0,26
2026-01-01,FY 2025-26,Corporate Functions,L4,Mid (L3-L4),Hyderabad,Man,10,0,1,0,0,2,134
2026-01-01,FY 2025-26,Corporate Functions,L4,Mid (L3-L4),Hyderabad,Woman,4,0,0,0,0,0,48
2026-01-01,FY 2025-26,Corporate Functions,L5,Senior (L5-L6),Bengaluru,Man,3,0,0,0,0,0,34
2026-01-01,FY 2025-26,Corporate Functions,L5,Senior (L5-L6),Bengaluru,Woman,0,0,0,0,0,1,6
2026-01-01,FY 2025-26,Corporate Functions,L5,Senior (L5-L6),Hyderabad,Man,6,0,0,0,0,0,70
2026-01-01,FY 2025-26,Corporate Functions,L6,Senior (L5-L6),Bengaluru,Man,3,0,0,0,0,0,36
2026-01-01,FY 2025-26,Corporate Functions,L6,Senior (L5-L6),Hyderabad,Man,2,0,0,0,0,0,24
2026-01-01,FY 2025-26,Data and Analytics,L1,Junior (L1-L2),Bengaluru,Man,23,1,3,0,2,7,273
2026-01-01,FY 2025-26,Data and Analytics,L1,Junior (L1-L2),Bengaluru,Woman,18,1,0,0,0,4,196
2026-01-01,FY 2025-26,Data and Analytics,L1,Junior (L1-L2),Hyderabad,Man,35,1,0,0,0,2,345
2026-01-01,FY 2025-26,Data and Analytics,L1,Junior (L1-L2),Hyderabad,Woman,20,0,1,0,0,2,208
2026-01-01,FY 2025-26,Data and Analytics,L2,Junior (L1-L2),Bengaluru,Man,17,0,0,0,0,3,207
2026-01-01,FY 2025-26,Data and Analytics,L2,Junior (L1-L2),Bengaluru,Woman,9,0,0,0,0,3,99
2026-01-01,FY 2025-26,Data and Analytics,L2,Junior (L1-L2),Hyderabad,Man,25,3,1,0,0,5,254
2026-01-01,FY 2025-26,Data and Analytics,L2,Junior (L1-L2),Hyderabad,Woman,16,0,0,0,0,7,208
2026-01-01,FY 2025-26,Data and Analytics,L3,Mid (L3-L4),Bengaluru,Man,14,0,1,0,0,1,166
2026-01-01,FY 2025-26,Data and Analytics,L3,Mid (L3-L4),Bengaluru,Woman,2,0,0,0,0,2,31
2026-01-01,FY 2025-26,Data and Analytics,L3,Mid (L3-L4),Hyderabad,Man,19,0,1,0,0,4,227
2026-01-01,FY 2025-26,Data and Analytics,L3,Mid (L3-L4),Hyderabad,Woman,9,0,0,0,0,1,110
2026-01-01,FY 2025-26,Data and Analytics,L4,Mid (L3-L4),Bengaluru,Man,9,0,0,0,0,2,101
2026-01-01,FY 2025-26,Data and Analytics,L4,Mid (L3-L4),Bengaluru,Woman,1,0,0,0,0,1,15
2026-01-01,FY 2025-26,Data and Analytics,L4,Mid (L3-L4),Hyderabad,Man,18,0,0,0,0,0,222
2026-01-01,FY 2025-26,Data and Analytics,L4,Mid (L3-L4),Hyderabad,Woman,2,0,0,0,0,1,30
2026-01-01,FY 2025-26,Data and Analytics,L5,Senior (L5-L6),Bengaluru,Man,4,0,0,0,0,1,36
2026-01-01,FY 2025-26,Data and Analytics,L5,Senior (L5-L6),Bengaluru,Woman,1,0,0,0,0,1,15
2026-01-01,FY 2025-26,Data and Analytics,L5,Senior (L5-L6),Hyderabad,Man,4,0,0,0,0,1,46
2026-01-01,FY 2025-26,Data and Analytics,L5,Senior (L5-L6),Hyderabad,Woman,5,0,0,0,0,0,53
2026-01-01,FY 2025-26,Data and Analytics,L6,Senior (L5-L6),Bengaluru,Man,3,0,0,0,0,0,36
2026-01-01,FY 2025-26,Data and Analytics,L6,Senior (L5-L6),Hyderabad,Man,4,0,0,0,0,0,48
2026-01-01,FY 2025-26,Data and Analytics,L6,Senior (L5-L6),Hyderabad,Woman,0,0,0,0,0,0,0
2026-01-01,FY 2025-26,Delivery,L1,Junior (L1-L2),Bengaluru,Man,96,3,1,2,0,17,1111
2026-01-01,FY 2025-26,Delivery,L1,Junior (L1-L2),Bengaluru,Woman,69,0,1,0,0,8,782
2026-01-01,FY 2025-26,Delivery,L1,Junior (L1-L2),Hyderabad,Man,150,1,0,1,0,25,1715
2026-01-01,FY 2025-26,Delivery,L1,Junior (L1-L2),Hyderabad,Non-binary,1,0,0,0,0,0,12
2026-01-01,FY 2025-26,Delivery,L1,Junior (L1-L2),Hyderabad,Woman,120,0,4,0,0,21,1341
2026-01-01,FY 2025-26,Delivery,L2,Junior (L1-L2),Bengaluru,Man,78,0,1,1,0,12,912
2026-01-01,FY 2025-26,Delivery,L2,Junior (L1-L2),Bengaluru,Non-binary,0,0,0,0,0,0,0
2026-01-01,FY 2025-26,Delivery,L2,Junior (L1-L2),Bengaluru,Woman,27,0,0,0,0,8,330
2026-01-01,FY 2025-26,Delivery,L2,Junior (L1-L2),Hyderabad,Man,106,3,3,0,1,22,1281
2026-01-01,FY 2025-26,Delivery,L2,Junior (L1-L2),Hyderabad,Non-binary,1,0,0,0,0,0,12
2026-01-01,FY 2025-26,Delivery,L2,Junior (L1-L2),Hyderabad,Woman,55,0,0,0,0,10,690
2026-01-01,FY 2025-26,Delivery,L3,Mid (L3-L4),Bengaluru,Man,63,1,0,0,0,13,762
2026-01-01,FY 2025-26,Delivery,L3,Mid (L3-L4),Bengaluru,Woman,31,0,1,0,0,4,355
2026-01-01,FY 2025-26,Delivery,L3,Mid (L3-L4),Hyderabad,Man,88,0,2,0,0,11,1058
2026-01-01,FY 2025-26,Delivery,L3,Mid (L3-L4),Hyderabad,Non-binary,1,0,0,0,0,0,12
2026-01-01,FY 2025-26,Delivery,L3,Mid (L3-L4),Hyderabad,Woman,58,2,1,0,1,8,659
2026-01-01,FY 2025-26,Delivery,L4,Mid (L3-L4),Bengaluru,Man,36,0,0,0,0,2,402
2026-01-01,FY 2025-26,Delivery,L4,Mid (L3-L4),Bengaluru,Woman,5,0,0,0,0,1,59
2026-01-01,FY 2025-26,Delivery,L4,Mid (L3-L4),Hyderabad,Man,56,1,0,0,0,7,688
2026-01-01,FY 2025-26,Delivery,L4,Mid (L3-L4),Hyderabad,Woman,16,0,0,0,0,2,170
2026-01-01,FY 2025-26,Delivery,L5,Senior (L5-L6),Bengaluru,Man,21,0,0,0,0,2,251
2026-01-01,FY 2025-26,Delivery,L5,Senior (L5-L6),Bengaluru,Woman,5,0,0,0,0,1,68
2026-01-01,FY 2025-26,Delivery,L5,Senior (L5-L6),Hyderabad,Man,31,0,0,0,0,1,353
2026-01-01,FY 2025-26,Delivery,L5,Senior (L5-L6),Hyderabad,Woman,4,0,0,0,0,1,58
2026-01-01,FY 2025-26,Delivery,L6,Senior (L5-L6),Bengaluru,Man,11,0,1,0,0,2,147
2026-01-01,FY 2025-26,Delivery,L6,Senior (L5-L6),Bengaluru,Woman,5,0,0,0,0,0,58
2026-01-01,FY 2025-26,Delivery,L6,Senior (L5-L6),Hyderabad,Man,21,1,0,0,0,3,243
2026-01-01,FY 2025-26,Delivery,L6,Senior (L5-L6),Hyderabad,Woman,1,0,0,0,0,0,10
2026-01-01,FY 2025-26,Quality Engineering,L1,Junior (L1-L2),Bengaluru,Man,31,1,0,0,0,4,339
2026-01-01,FY 2025-26,Quality Engineering,L1,Junior (L1-L2),Bengaluru,Woman,23,1,1,0,1,7,255
2026-01-01,FY 2025-26,Quality Engineering,L1,Junior (L1-L2),Hyderabad,Man,53,0,0,0,0,8,556
2026-01-01,FY 2025-26,Quality Engineering,L1,Junior (L1-L2),Hyderabad,Non-binary,1,0,0,0,0,0,12
2026-01-01,FY 2025-26,Quality Engineering,L1,Junior (L1-L2),Hyderabad,Woman,37,0,1,0,0,8,402
2026-01-01,FY 2025-26,Quality Engineering,L2,Junior (L1-L2),Bengaluru,Man,25,1,0,0,0,12,310
2026-01-01,FY 2025-26,Quality Engineering,L2,Junior (L1-L2),Bengaluru,Non-binary,0,0,0,0,0,0,0
2026-01-01,FY 2025-26,Quality Engineering,L2,Junior (L1-L2),Bengaluru,Woman,19,1,0,0,0,3,210
2026-01-01,FY 2025-26,Quality Engineering,L2,Junior (L1-L2),Hyderabad,Man,41,1,0,0,0,5,473
2026-01-01,FY 2025-26,Quality Engineering,L2,Junior (L1-L2),Hyderabad,Woman,27,1,0,0,0,3,301
2026-01-01,FY 2025-26,Quality Engineering,L3,Mid (L3-L4),Bengaluru,Man,23,1,0,0,0,3,259
2026-01-01,FY 2025-26,Quality Engineering,L3,Mid (L3-L4),Bengaluru,Woman,9,1,0,0,0,3,108
2026-01-01,FY 2025-26,Quality Engineering,L3,Mid (L3-L4),Hyderabad,Man,27,0,0,0,0,5,299
2026-01-01,FY 2025-26,Quality Engineering,L3,Mid (L3-L4),Hyderabad,Woman,15,0,0,0,0,2,194
2026-01-01,FY 2025-26,Quality Engineering,L4,Mid (L3-L4),Bengaluru,Man,8,0,0,0,0,1,93
2026-01-01,FY 2025-26,Quality Engineering,L4,Mid (L3-L4),Bengaluru,Non-binary,1,0,0,0,0,0,12
2026-01-01,FY 2025-26,Quality Engineering,L4,Mid (L3-L4),Bengaluru,Woman,3,0,0,0,0,0,36
2026-01-01,FY 2025-26,Quality Engineering,L4,Mid (L3-L4),Hyderabad,Man,18,1,0,0,0,1,215
2026-01-01,FY 2025-26,Quality Engineering,L4,Mid (L3-L4),Hyderabad,Woman,7,0,0,0,0,1,82
2026-01-01,FY 2025-26,Quality Engineering,L5,Senior (L5-L6),Bengaluru,Man,4,0,0,0,0,0,48
2026-01-01,FY 2025-26,Quality Engineering,L5,Senior (L5-L6),Bengaluru,Woman,2,0,0,0,0,0,24
2026-01-01,FY 2025-26,Quality Engineering,L5,Senior (L5-L6),Hyderabad,Man,15,0,0,0,0,0,176
2026-01-01,FY 2025-26,Quality Engineering,L5,Senior (L5-L6),Hyderabad,Woman,1,0,0,0,0,0,14
2026-01-01,FY 2025-26,Quality Engineering,L6,Senior (L5-L6),Bengaluru,Man,6,0,0,0,0,0,72
2026-01-01,FY 2025-26,Quality Engineering,L6,Senior (L5-L6),Bengaluru,Woman,1,0,0,0,0,0,12
2026-01-01,FY 2025-26,Quality Engineering,L6,Senior (L5-L6),Hyderabad,Man,6,1,0,0,0,1,64
2026-01-01,FY 2025-26,Quality Engineering,L6,Senior (L5-L6),Hyderabad,Woman,2,0,0,0,0,0,22
2026-01-01,FY 2025-26,Sales and Presales,L1,Junior (L1-L2),Bengaluru,Man,17,0,0,0,0,1,196
2026-01-01,FY 2025-26,Sales and Presales,L1,Junior (L1-L2),Bengaluru,Non-binary,0,0,0,0,0,0,2
2026-01-01,FY 2025-26,Sales and Presales,L1,Junior (L1-L2),Bengaluru,Woman,15,0,0,0,0,1,141
2026-01-01,FY 2025-26,Sales and Presales,L1,Junior (L1-L2),Hyderabad,Man,19,1,0,1,0,3,200
2026-01-01,FY 2025-26,Sales and Presales,L1,Junior (L1-L2),Hyderabad,Woman,16,1,0,0,0,5,203
2026-01-01,FY 2025-26,Sales and Presales,L2,Junior (L1-L2),Bengaluru,Man,8,0,1,1,0,3,109
2026-01-01,FY 2025-26,Sales and Presales,L2,Junior (L1-L2),Bengaluru,Non-binary,0,0,0,0,0,1,1
2026-01-01,FY 2025-26,Sales and Presales,L2,Junior (L1-L2),Bengaluru,Woman,4,0,0,0,0,1,43
2026-01-01,FY 2025-26,Sales and Presales,L2,Junior (L1-L2),Hyderabad,Man,15,0,0,0,0,2,167
2026-01-01,FY 2025-26,Sales and Presales,L2,Junior (L1-L2),Hyderabad,Woman,9,0,0,0,0,2,102
2026-01-01,FY 2025-26,Sales and Presales,L3,Mid (L3-L4),Bengaluru,Man,10,0,0,0,0,2,111
2026-01-01,FY 2025-26,Sales and Presales,L3,Mid (L3-L4),Bengaluru,Woman,4,0,0,0,0,2,58
2026-01-01,FY 2025-26,Sales and Presales,L3,Mid (L3-L4),Hyderabad,Man,14,0,0,0,0,0,151
2026-01-01,FY 2025-26,Sales and Presales,L3,Mid (L3-L4),Hyderabad,Woman,4,0,0,0,0,2,58
2026-01-01,FY 2025-26,Sales and Presales,L4,Mid (L3-L4),Bengaluru,Man,3,0,0,0,0,0,36
2026-01-01,FY 2025-26,Sales and Presales,L4,Mid (L3-L4),Bengaluru,Woman,2,0,0,0,0,0,22
2026-01-01,FY 2025-26,Sales and Presales,L4,Mid (L3-L4),Hyderabad,Man,5,0,0,1,0,3,75
2026-01-01,FY 2025-26,Sales and Presales,L4,Mid (L3-L4),Hyderabad,Woman,2,0,0,0,0,0,12
2026-01-01,FY 2025-26,Sales and Presales,L5,Senior (L5-L6),Bengaluru,Man,1,0,0,0,0,0,12
2026-01-01,FY 2025-26,Sales and Presales,L5,Senior (L5-L6),Hyderabad,Man,4,0,0,0,0,0,48
2026-01-01,FY 2025-26,Sales and Presales,L5,Senior (L5-L6),Hyderabad,Woman,0,0,0,0,0,0,0
2026-01-01,FY 2025-26,Sales and Presales,L6,Senior (L5-L6),Bengaluru,Man,1,0,0,0,0,0,12
2026-01-01,FY 2025-26,Sales and Presales,L6,Senior (L5-L6),Hyderabad,Man,3,0,0,0,0,0,34
2026-02-01,FY 2025-26,Cloud and Infrastructure,L1,Junior (L1-L2),Bengaluru,Man,35,0,0,0,0,2,363
2026-02-01,FY 2025-26,Cloud and Infrastructure,L1,Junior (L1-L2),Bengaluru,Woman,17,0,0,0,0,4,182
2026-02-01,FY 2025-26,Cloud and Infrastructure,L1,Junior (L1-L2),Hyderabad,Man,39,0,2,0,0,6,467
2026-02-01,FY 2025-26,Cloud and Infrastructure,L1,Junior (L1-L2),Hyderabad,Woman,28,0,0,0,0,2,314
2026-02-01,FY 2025-26,Cloud and Infrastructure,L2,Junior (L1-L2),Bengaluru,Man,23,0,1,0,0,5,286
2026-02-01,FY 2025-26,Cloud and Infrastructure,L2,Junior (L1-L2),Bengaluru,Woman,18,0,1,0,0,3,203
2026-02-01,FY 2025-26,Cloud and Infrastructure,L2,Junior (L1-L2),Hyderabad,Man,34,0,2,0,1,9,414
2026-02-01,FY 2025-26,Cloud and Infrastructure,L2,Junior (L1-L2),Hyderabad,Woman,19,1,0,0,0,6,229
2026-02-01,FY 2025-26,Cloud and Infrastructure,L3,Mid (L3-L4),Bengaluru,Man,8,0,0,0,0,4,113
2026-02-01,FY 2025-26,Cloud and Infrastructure,L3,Mid (L3-L4),Bengaluru,Woman,6,2,0,0,0,0,41
2026-02-01,FY 2025-26,Cloud and Infrastructure,L3,Mid (L3-L4),Hyderabad,Man,14,0,0,0,0,2,173
2026-02-01,FY 2025-26,Cloud and Infrastructure,L3,Mid (L3-L4),Hyderabad,Non-binary,0,0,0,0,0,0,0
2026-02-01,FY 2025-26,Cloud and Infrastructure,L3,Mid (L3-L4),Hyderabad,Woman,14,1,1,0,0,2,160
2026-02-01,FY 2025-26,Cloud and Infrastructure,L4,Mid (L3-L4),Bengaluru,Man,18,1,0,0,0,3,207
2026-02-01,FY 2025-26,Cloud and Infrastructure,L4,Mid (L3-L4),Bengaluru,Woman,0,0,0,0,0,1,2
2026-02-01,FY 2025-26,Cloud and Infrastructure,L4,Mid (L3-L4),Hyderabad,Man,10,0,0,0,0,0,118
2026-02-01,FY 2025-26,Cloud and Infrastructure,L4,Mid (L3-L4),Hyderabad,Woman,7,0,0,0,0,0,84
2026-02-01,FY 2025-26,Cloud and Infrastructure,L5,Senior (L5-L6),Bengaluru,Man,4,0,0,0,0,0,48
2026-02-01,FY 2025-26,Cloud and Infrastructure,L5,Senior (L5-L6),Bengaluru,Woman,1,0,0,0,0,0,12
2026-02-01,FY 2025-26,Cloud and Infrastructure,L5,Senior (L5-L6),Hyderabad,Man,6,0,0,0,0,1,67
2026-02-01,FY 2025-26,Cloud and Infrastructure,L5,Senior (L5-L6),Hyderabad,Woman,2,0,0,0,0,1,30
2026-02-01,FY 2025-26,Cloud and Infrastructure,L6,Senior (L5-L6),Bengaluru,Man,1,0,0,0,0,0,12
2026-02-01,FY 2025-26,Cloud and Infrastructure,L6,Senior (L5-L6),Bengaluru,Woman,1,0,0,0,0,0,12
2026-02-01,FY 2025-26,Cloud and Infrastructure,L6,Senior (L5-L6),Hyderabad,Man,4,0,0,0,0,1,54
2026-02-01,FY 2025-26,Consulting,L1,Junior (L1-L2),Bengaluru,Man,9,0,0,0,0,3,101
2026-02-01,FY 2025-26,Consulting,L1,Junior (L1-L2),Bengaluru,Woman,6,0,0,0,0,0,53
2026-02-01,FY 2025-26,Consulting,L1,Junior (L1-L2),Hyderabad,Man,20,0,0,0,0,1,230
2026-02-01,FY 2025-26,Consulting,L1,Junior (L1-L2),Hyderabad,Woman,12,0,0,0,0,1,137
2026-02-01,FY 2025-26,Consulting,L2,Junior (L1-L2),Bengaluru,Man,7,0,0,0,0,1,78
2026-02-01,FY 2025-26,Consulting,L2,Junior (L1-L2),Bengaluru,Woman,2,0,0,0,0,1,23
2026-02-01,FY 2025-26,Consulting,L2,Junior (L1-L2),Hyderabad,Man,10,0,0,0,0,1,124
2026-02-01,FY 2025-26,Consulting,L2,Junior (L1-L2),Hyderabad,Woman,5,0,0,0,0,1,63
2026-02-01,FY 2025-26,Consulting,L3,Mid (L3-L4),Bengaluru,Man,7,0,0,0,0,0,81
2026-02-01,FY 2025-26,Consulting,L3,Mid (L3-L4),Bengaluru,Woman,2,0,0,0,0,0,23
2026-02-01,FY 2025-26,Consulting,L3,Mid (L3-L4),Hyderabad,Man,1,0,0,0,0,0,14
2026-02-01,FY 2025-26,Consulting,L3,Mid (L3-L4),Hyderabad,Woman,5,0,0,0,0,1,63
2026-02-01,FY 2025-26,Consulting,L4,Mid (L3-L4),Bengaluru,Man,5,0,0,0,0,1,55
2026-02-01,FY 2025-26,Consulting,L4,Mid (L3-L4),Bengaluru,Woman,3,0,0,0,0,0,36
2026-02-01,FY 2025-26,Consulting,L4,Mid (L3-L4),Hyderabad,Man,4,0,0,0,0,0,37
2026-02-01,FY 2025-26,Consulting,L4,Mid (L3-L4),Hyderabad,Woman,5,1,0,0,0,1,53
2026-02-01,FY 2025-26,Consulting,L5,Senior (L5-L6),Bengaluru,Man,3,0,0,0,0,0,35
2026-02-01,FY 2025-26,Consulting,L5,Senior (L5-L6),Bengaluru,Woman,1,0,0,0,0,0,12
2026-02-01,FY 2025-26,Consulting,L5,Senior (L5-L6),Hyderabad,Man,2,0,1,0,0,1,33
2026-02-01,FY 2025-26,Consulting,L5,Senior (L5-L6),Hyderabad,Woman,1,0,0,0,0,0,12
2026-02-01,FY 2025-26,Consulting,L6,Senior (L5-L6),Bengaluru,Man,2,0,0,0,0,0,24
2026-02-01,FY 2025-26,Consulting,L6,Senior (L5-L6),Hyderabad,Man,4,0,0,0,0,0,48
2026-02-01,FY 2025-26,Consulting,L6,Senior (L5-L6),Hyderabad,Woman,2,0,0,0,0,0,24
2026-02-01,FY 2025-26,Corporate Functions,L1,Junior (L1-L2),Bengaluru,Man,6,0,0,0,0,1,69
2026-02-01,FY 2025-26,Corporate Functions,L1,Junior (L1-L2),Bengaluru,Woman,5,0,0,0,0,0,61
2026-02-01,FY 2025-26,Corporate Functions,L1,Junior (L1-L2),Hyderabad,Man,10,0,0,0,0,2,128
2026-02-01,FY 2025-26,Corporate Functions,L1,Junior (L1-L2),Hyderabad,Woman,8,0,0,0,0,2,96
2026-02-01,FY 2025-26,Corporate Functions,L2,Junior (L1-L2),Bengaluru,Man,6,0,0,0,0,1,77
2026-02-01,FY 2025-26,Corporate Functions,L2,Junior (L1-L2),Bengaluru,Woman,6,0,0,0,0,1,75
2026-02-01,FY 2025-26,Corporate Functions,L2,Junior (L1-L2),Hyderabad,Man,15,0,0,0,0,4,206
2026-02-01,FY 2025-26,Corporate Functions,L2,Junior (L1-L2),Hyderabad,Woman,13,1,0,0,0,1,134
2026-02-01,FY 2025-26,Corporate Functions,L3,Mid (L3-L4),Bengaluru,Man,9,0,0,0,0,0,109
2026-02-01,FY 2025-26,Corporate Functions,L3,Mid (L3-L4),Bengaluru,Woman,6,0,0,0,0,0,72
2026-02-01,FY 2025-26,Corporate Functions,L3,Mid (L3-L4),Hyderabad,Man,14,0,1,0,0,2,176
2026-02-01,FY 2025-26,Corporate Functions,L3,Mid (L3-L4),Hyderabad,Woman,3,0,0,0,0,0,35
2026-02-01,FY 2025-26,Corporate Functions,L4,Mid (L3-L4),Bengaluru,Man,8,0,0,0,0,0,95
2026-02-01,FY 2025-26,Corporate Functions,L4,Mid (L3-L4),Bengaluru,Woman,2,0,0,0,0,0,25
2026-02-01,FY 2025-26,Corporate Functions,L4,Mid (L3-L4),Hyderabad,Man,10,0,0,0,0,2,133
2026-02-01,FY 2025-26,Corporate Functions,L4,Mid (L3-L4),Hyderabad,Woman,4,0,0,0,0,0,48
2026-02-01,FY 2025-26,Corporate Functions,L5,Senior (L5-L6),Bengaluru,Man,3,0,0,0,0,0,35
2026-02-01,FY 2025-26,Corporate Functions,L5,Senior (L5-L6),Bengaluru,Woman,0,0,0,0,0,1,6
2026-02-01,FY 2025-26,Corporate Functions,L5,Senior (L5-L6),Hyderabad,Man,6,0,0,0,0,0,71
2026-02-01,FY 2025-26,Corporate Functions,L6,Senior (L5-L6),Bengaluru,Man,3,0,0,0,0,0,36
2026-02-01,FY 2025-26,Corporate Functions,L6,Senior (L5-L6),Hyderabad,Man,2,0,0,0,0,0,24
2026-02-01,FY 2025-26,Data and Analytics,L1,Junior (L1-L2),Bengaluru,Man,24,1,0,0,0,7,275
2026-02-01,FY 2025-26,Data and Analytics,L1,Junior (L1-L2),Bengaluru,Woman,18,0,0,0,0,4,198
2026-02-01,FY 2025-26,Data and Analytics,L1,Junior (L1-L2),Hyderabad,Man,35,0,0,0,0,2,355
2026-02-01,FY 2025-26,Data and Analytics,L1,Junior (L1-L2),Hyderabad,Woman,20,0,0,0,0,2,213
2026-02-01,FY 2025-26,Data and Analytics,L2,Junior (L1-L2),Bengaluru,Man,17,0,0,0,0,3,207
2026-02-01,FY 2025-26,Data and Analytics,L2,Junior (L1-L2),Bengaluru,Woman,9,0,0,0,0,2,100
2026-02-01,FY 2025-26,Data and Analytics,L2,Junior (L1-L2),Hyderabad,Man,25,0,0,0,0,5,261
2026-02-01,FY 2025-26,Data and Analytics,L2,Junior (L1-L2),Hyderabad,Woman,17,1,0,0,0,7,207
2026-02-01,FY 2025-26,Data and Analytics,L3,Mid (L3-L4),Bengaluru,Man,14,0,0,0,0,1,167
2026-02-01,FY 2025-26,Data and Analytics,L3,Mid (L3-L4),Bengaluru,Woman,2,0,0,0,0,2,29
2026-02-01,FY 2025-26,Data and Analytics,L3,Mid (L3-L4),Hyderabad,Man,19,0,0,0,0,3,230
2026-02-01,FY 2025-26,Data and Analytics,L3,Mid (L3-L4),Hyderabad,Woman,9,0,0,0,0,1,111
2026-02-01,FY 2025-26,Data and Analytics,L4,Mid (L3-L4),Bengaluru,Man,9,0,0,0,0,2,103
2026-02-01,FY 2025-26,Data and Analytics,L4,Mid (L3-L4),Bengaluru,Woman,1,0,0,0,0,1,15
2026-02-01,FY 2025-26,Data and Analytics,L4,Mid (L3-L4),Hyderabad,Man,18,1,1,0,0,1,219
2026-02-01,FY 2025-26,Data and Analytics,L4,Mid (L3-L4),Hyderabad,Woman,2,0,0,0,0,1,30
2026-02-01,FY 2025-26,Data and Analytics,L5,Senior (L5-L6),Bengaluru,Man,4,0,0,0,0,1,37
2026-02-01,FY 2025-26,Data and Analytics,L5,Senior (L5-L6),Bengaluru,Woman,1,0,0,0,0,1,14
2026-02-01,FY 2025-26,Data and Analytics,L5,Senior (L5-L6),Hyderabad,Man,4,0,0,0,0,1,48
2026-02-01,FY 2025-26,Data and Analytics,L5,Senior (L5-L6),Hyderabad,Woman,5,0,0,0,0,0,54
2026-02-01,FY 2025-26,Data and Analytics,L6,Senior (L5-L6),Bengaluru,Man,3,0,0,0,0,0,36
2026-02-01,FY 2025-26,Data and Analytics,L6,Senior (L5-L6),Hyderabad,Man,4,0,0,0,0,0,48
2026-02-01,FY 2025-26,Data and Analytics,L6,Senior (L5-L6),Hyderabad,Woman,0,0,0,0,0,0,0
2026-02-01,FY 2025-26,Delivery,L1,Junior (L1-L2),Bengaluru,Man,98,3,1,0,1,18,1109
2026-02-01,FY 2025-26,Delivery,L1,Junior (L1-L2),Bengaluru,Woman,68,0,1,0,0,8,789
2026-02-01,FY 2025-26,Delivery,L1,Junior (L1-L2),Hyderabad,Man,145,0,4,1,0,29,1715
2026-02-01,FY 2025-26,Delivery,L1,Junior (L1-L2),Hyderabad,Non-binary,1,0,0,0,0,0,12
2026-02-01,FY 2025-26,Delivery,L1,Junior (L1-L2),Hyderabad,Woman,118,1,3,0,0,23,1353
2026-02-01,FY 2025-26,Delivery,L2,Junior (L1-L2),Bengaluru,Man,76,0,2,0,0,14,917
2026-02-01,FY 2025-26,Delivery,L2,Junior (L1-L2),Bengaluru,Non-binary,0,0,0,0,0,0,0
2026-02-01,FY 2025-26,Delivery,L2,Junior (L1-L2),Bengaluru,Woman,26,0,1,0,1,8,328
2026-02-01,FY 2025-26,Delivery,L2,Junior (L1-L2),Hyderabad,Man,104,1,3,0,1,25,1279
2026-02-01,FY 2025-26,Delivery,L2,Junior (L1-L2),Hyderabad,Non-binary,1,0,0,0,0,0,12
2026-02-01,FY 2025-26,Delivery,L2,Junior (L1-L2),Hyderabad,Woman,54,1,2,0,0,11,676
2026-02-01,FY 2025-26,Delivery,L3,Mid (L3-L4),Bengaluru,Man,62,0,1,0,0,13,762
2026-02-01,FY 2025-26,Delivery,L3,Mid (L3-L4),Bengaluru,Woman,30,0,1,0,0,5,357
2026-02-01,FY 2025-26,Delivery,L3,Mid (L3-L4),Hyderabad,Man,87,0,1,0,1,11,1061
2026-02-01,FY 2025-26,Delivery,L3,Mid (L3-L4),Hyderabad,Non-binary,1,0,0,0,0,0,12
2026-02-01,FY 2025-26,Delivery,L3,Mid (L3-L4),Hyderabad,Woman,56,0,1,1,0,10,671
2026-02-01,FY 2025-26,Delivery,L4,Mid (L3-L4),Bengaluru,Man,35,0,1,0,0,3,410
2026-02-01,FY 2025-26,Delivery,L4,Mid (L3-L4),Bengaluru,Woman,5,0,0,0,0,1,59
2026-02-01,FY 2025-26,Delivery,L4,Mid (L3-L4),Hyderabad,Man,57,1,0,0,0,6,689
2026-02-01,FY 2025-26,Delivery,L4,Mid (L3-L4),Hyderabad,Woman,16,0,0,0,0,2,173
2026-02-01,FY 2025-26,Delivery,L5,Senior (L5-L6),Bengaluru,Man,21,0,0,0,0,2,250
2026-02-01,FY 2025-26,Delivery,L5,Senior (L5-L6),Bengaluru,Woman,5,0,0,0,0,1,67
2026-02-01,FY 2025-26,Delivery,L5,Senior (L5-L6),Hyderabad,Man,31,0,0,0,0,1,359
2026-02-01,FY 2025-26,Delivery,L5,Senior (L5-L6),Hyderabad,Woman,4,0,0,0,0,1,57
2026-02-01,FY 2025-26,Delivery,L6,Senior (L5-L6),Bengaluru,Man,11,0,0,0,0,2,148
2026-02-01,FY 2025-26,Delivery,L6,Senior (L5-L6),Bengaluru,Woman,5,0,0,0,0,0,59
2026-02-01,FY 2025-26,Delivery,L6,Senior (L5-L6),Hyderabad,Man,21,0,0,0,0,2,245
2026-02-01,FY 2025-26,Delivery,L6,Senior (L5-L6),Hyderabad,Woman,1,0,0,0,0,0,11
2026-02-01,FY 2025-26,Quality Engineering,L1,Junior (L1-L2),Bengaluru,Man,31,1,1,0,0,5,341
2026-02-01,FY 2025-26,Quality Engineering,L1,Junior (L1-L2),Bengaluru,Woman,22,0,1,0,1,6,257
2026-02-01,FY 2025-26,Quality Engineering,L1,Junior (L1-L2),Hyderabad,Man,54,1,0,0,0,8,563
2026-02-01,FY 2025-26,Quality Engineering,L1,Junior (L1-L2),Hyderabad,Non-binary,1,0,0,0,0,0,12
2026-02-01,FY 2025-26,Quality Engineering,L1,Junior (L1-L2),Hyderabad,Woman,37,0,0,0,0,7,407
2026-02-01,FY 2025-26,Quality Engineering,L2,Junior (L1-L2),Bengaluru,Man,25,0,0,0,0,12,304
2026-02-01,FY 2025-26,Quality Engineering,L2,Junior (L1-L2),Bengaluru,Non-binary,0,0,0,0,0,0,0
2026-02-01,FY 2025-26,Quality Engineering,L2,Junior (L1-L2),Bengaluru,Woman,17,1,3,0,2,6,211
2026-02-01,FY 2025-26,Quality Engineering,L2,Junior (L1-L2),Hyderabad,Man,43,2,0,0,0,5,479
2026-02-01,FY 2025-26,Quality Engineering,L2,Junior (L1-L2),Hyderabad,Woman,27,0,0,0,0,3,306
2026-02-01,FY 2025-26,Quality Engineering,L3,Mid (L3-L4),Bengaluru,Man,23,0,0,0,0,3,260
2026-02-01,FY 2025-26,Quality Engineering,L3,Mid (L3-L4),Bengaluru,Woman,9,0,0,0,0,3,108
2026-02-01,FY 2025-26,Quality Engineering,L3,Mid (L3-L4),Hyderabad,Man,28,1,0,0,0,3,306
2026-02-01,FY 2025-26,Quality Engineering,L3,Mid (L3-L4),Hyderabad,Woman,15,0,0,0,0,1,190
2026-02-01,FY 2025-26,Quality Engineering,L4,Mid (L3-L4),Bengaluru,Man,7,0,1,0,0,2,94
2026-02-01,FY 2025-26,Quality Engineering,L4,Mid (L3-L4),Bengaluru,Non-binary,1,0,0,0,0,0,12
2026-02-01,FY 2025-26,Quality Engineering,L4,Mid (L3-L4),Bengaluru,Woman,3,0,0,0,0,0,36
2026-02-01,FY 2025-26,Quality Engineering,L4,Mid (L3-L4),Hyderabad,Man,18,0,0,0,0,1,214
2026-02-01,FY 2025-26,Quality Engineering,L4,Mid (L3-L4),Hyderabad,Woman,7,0,0,0,0,1,84
2026-02-01,FY 2025-26,Quality Engineering,L5,Senior (L5-L6),Bengaluru,Man,4,0,0,0,0,0,48
2026-02-01,FY 2025-26,Quality Engineering,L5,Senior (L5-L6),Bengaluru,Woman,2,0,0,0,0,0,24
2026-02-01,FY 2025-26,Quality Engineering,L5,Senior (L5-L6),Hyderabad,Man,15,0,0,0,0,0,178
2026-02-01,FY 2025-26,Quality Engineering,L5,Senior (L5-L6),Hyderabad,Woman,1,0,0,0,0,0,13
2026-02-01,FY 2025-26,Quality Engineering,L6,Senior (L5-L6),Bengaluru,Man,6,0,0,0,0,0,72
2026-02-01,FY 2025-26,Quality Engineering,L6,Senior (L5-L6),Bengaluru,Woman,1,0,0,0,0,0,12
2026-02-01,FY 2025-26,Quality Engineering,L6,Senior (L5-L6),Hyderabad,Man,6,0,0,0,0,1,66
2026-02-01,FY 2025-26,Quality Engineering,L6,Senior (L5-L6),Hyderabad,Woman,2,0,0,0,0,0,23
2026-02-01,FY 2025-26,Sales and Presales,L1,Junior (L1-L2),Bengaluru,Man,17,0,0,0,0,0,196
2026-02-01,FY 2025-26,Sales and Presales,L1,Junior (L1-L2),Bengaluru,Non-binary,0,0,0,0,0,0,1
2026-02-01,FY 2025-26,Sales and Presales,L1,Junior (L1-L2),Bengaluru,Woman,15,0,0,0,0,1,146
2026-02-01,FY 2025-26,Sales and Presales,L1,Junior (L1-L2),Hyderabad,Man,19,1,0,1,0,4,204
2026-02-01,FY 2025-26,Sales and Presales,L1,Junior (L1-L2),Hyderabad,Woman,15,0,1,0,1,6,198
2026-02-01,FY 2025-26,Sales and Presales,L2,Junior (L1-L2),Bengaluru,Man,7,0,1,0,1,4,108
2026-02-01,FY 2025-26,Sales and Presales,L2,Junior (L1-L2),Bengaluru,Non-binary,0,0,0,0,0,1,1
2026-02-01,FY 2025-26,Sales and Presales,L2,Junior (L1-L2),Bengaluru,Woman,4,0,0,0,0,1,45
2026-02-01,FY 2025-26,Sales and Presales,L2,Junior (L1-L2),Hyderabad,Man,15,0,0,0,0,1,170
2026-02-01,FY 2025-26,Sales and Presales,L2,Junior (L1-L2),Hyderabad,Woman,9,0,0,0,0,2,103
2026-02-01,FY 2025-26,Sales and Presales,L3,Mid (L3-L4),Bengaluru,Man,9,0,1,0,0,3,113
2026-02-01,FY 2025-26,Sales and Presales,L3,Mid (L3-L4),Bengaluru,Woman,4,0,0,0,0,2,55
2026-02-01,FY 2025-26,Sales and Presales,L3,Mid (L3-L4),Hyderabad,Man,14,0,0,0,0,0,154
2026-02-01,FY 2025-26,Sales and Presales,L3,Mid (L3-L4),Hyderabad,Woman,4,0,0,0,0,2,57
2026-02-01,FY 2025-26,Sales and Presales,L4,Mid (L3-L4),Bengaluru,Man,3,0,0,0,0,0,36
2026-02-01,FY 2025-26,Sales and Presales,L4,Mid (L3-L4),Bengaluru,Woman,2,0,0,0,0,0,23
2026-02-01,FY 2025-26,Sales and Presales,L4,Mid (L3-L4),Hyderabad,Man,5,0,0,0,0,2,72
2026-02-01,FY 2025-26,Sales and Presales,L4,Mid (L3-L4),Hyderabad,Woman,2,0,0,0,0,0,14
2026-02-01,FY 2025-26,Sales and Presales,L5,Senior (L5-L6),Bengaluru,Man,1,0,0,0,0,0,12
2026-02-01,FY 2025-26,Sales and Presales,L5,Senior (L5-L6),Hyderabad,Man,4,0,0,0,0,0,48
2026-02-01,FY 2025-26,Sales and Presales,L5,Senior (L5-L6),Hyderabad,Woman,0,0,0,0,0,0,0
2026-02-01,FY 2025-26,Sales and Presales,L6,Senior (L5-L6),Bengaluru,Man,1,0,0,0,0,0,12
2026-02-01,FY 2025-26,Sales and Presales,L6,Senior (L5-L6),Hyderabad,Man,3,0,0,0,0,0,35
2026-03-01,FY 2025-26,Cloud and Infrastructure,L1,Junior (L1-L2),Bengaluru,Man,34,0,1,0,0,2,371
2026-03-01,FY 2025-26,Cloud and Infrastructure,L1,Junior (L1-L2),Bengaluru,Woman,17,0,0,0,0,4,185
2026-03-01,FY 2025-26,Cloud and Infrastructure,L1,Junior (L1-L2),Hyderabad,Man,41,2,0,0,0,6,470
2026-03-01,FY 2025-26,Cloud and Infrastructure,L1,Junior (L1-L2),Hyderabad,Woman,28,0,0,0,0,2,318
2026-03-01,FY 2025-26,Cloud and Infrastructure,L2,Junior (L1-L2),Bengaluru,Man,22,0,1,0,0,6,285
2026-03-01,FY 2025-26,Cloud and Infrastructure,L2,Junior (L1-L2),Bengaluru,Woman,18,0,0,0,0,3,207
2026-03-01,FY 2025-26,Cloud and Infrastructure,L2,Junior (L1-L2),Hyderabad,Man,34,0,0,0,0,8,416
2026-03-01,FY 2025-26,Cloud and Infrastructure,L2,Junior (L1-L2),Hyderabad,Woman,19,0,0,0,0,6,226
2026-03-01,FY 2025-26,Cloud and Infrastructure,L3,Mid (L3-L4),Bengaluru,Man,8,0,0,0,0,4,108
2026-03-01,FY 2025-26,Cloud and Infrastructure,L3,Mid (L3-L4),Bengaluru,Woman,6,0,0,0,0,0,45
2026-03-01,FY 2025-26,Cloud and Infrastructure,L3,Mid (L3-L4),Hyderabad,Man,14,0,0,0,0,2,172
2026-03-01,FY 2025-26,Cloud and Infrastructure,L3,Mid (L3-L4),Hyderabad,Non-binary,0,0,0,0,0,0,0
2026-03-01,FY 2025-26,Cloud and Infrastructure,L3,Mid (L3-L4),Hyderabad,Woman,14,0,0,0,0,2,162
2026-03-01,FY 2025-26,Cloud and Infrastructure,L4,Mid (L3-L4),Bengaluru,Man,18,0,0,0,0,3,212
2026-03-01,FY 2025-26,Cloud and Infrastructure,L4,Mid (L3-L4),Bengaluru,Woman,0,0,0,0,0,1,1
2026-03-01,FY 2025-26,Cloud and Infrastructure,L4,Mid (L3-L4),Hyderabad,Man,10,0,0,0,0,0,120
2026-03-01,FY 2025-26,Cloud and Infrastructure,L4,Mid (L3-L4),Hyderabad,Woman,7,0,0,0,0,0,84
2026-03-01,FY 2025-26,Cloud and Infrastructure,L5,Senior (L5-L6),Bengaluru,Man,4,0,0,0,0,0,48
2026-03-01,FY 2025-26,Cloud and Infrastructure,L5,Senior (L5-L6),Bengaluru,Woman,1,0,0,0,0,0,12
2026-03-01,FY 2025-26,Cloud and Infrastructure,L5,Senior (L5-L6),Hyderabad,Man,6,0,0,0,0,1,67
2026-03-01,FY 2025-26,Cloud and Infrastructure,L5,Senior (L5-L6),Hyderabad,Woman,2,0,0,0,0,1,30
2026-03-01,FY 2025-26,Cloud and Infrastructure,L6,Senior (L5-L6),Bengaluru,Man,1,0,0,0,0,0,12
2026-03-01,FY 2025-26,Cloud and Infrastructure,L6,Senior (L5-L6),Bengaluru,Woman,1,0,0,0,0,0,12
2026-03-01,FY 2025-26,Cloud and Infrastructure,L6,Senior (L5-L6),Hyderabad,Man,4,0,0,0,0,1,54
2026-03-01,FY 2025-26,Consulting,L1,Junior (L1-L2),Bengaluru,Man,9,0,0,0,0,3,103
2026-03-01,FY 2025-26,Consulting,L1,Junior (L1-L2),Bengaluru,Woman,6,0,0,0,0,0,54
2026-03-01,FY 2025-26,Consulting,L1,Junior (L1-L2),Hyderabad,Man,20,0,0,0,0,0,230
2026-03-01,FY 2025-26,Consulting,L1,Junior (L1-L2),Hyderabad,Woman,12,0,0,0,0,1,139
2026-03-01,FY 2025-26,Consulting,L2,Junior (L1-L2),Bengaluru,Man,7,0,0,0,0,1,79
2026-03-01,FY 2025-26,Consulting,L2,Junior (L1-L2),Bengaluru,Woman,2,0,0,0,0,1,23
2026-03-01,FY 2025-26,Consulting,L2,Junior (L1-L2),Hyderabad,Man,10,0,0,0,0,1,126
2026-03-01,FY 2025-26,Consulting,L2,Junior (L1-L2),Hyderabad,Woman,5,0,0,0,0,1,62
2026-03-01,FY 2025-26,Consulting,L3,Mid (L3-L4),Bengaluru,Man,7,0,0,0,0,0,81
2026-03-01,FY 2025-26,Consulting,L3,Mid (L3-L4),Bengaluru,Woman,2,0,0,0,0,0,24
2026-03-01,FY 2025-26,Consulting,L3,Mid (L3-L4),Hyderabad,Man,1,0,0,0,0,0,12
2026-03-01,FY 2025-26,Consulting,L3,Mid (L3-L4),Hyderabad,Woman,4,0,1,0,0,2,61
2026-03-01,FY 2025-26,Consulting,L4,Mid (L3-L4),Bengaluru,Man,5,0,0,0,0,1,56
2026-03-01,FY 2025-26,Consulting,L4,Mid (L3-L4),Bengaluru,Woman,3,0,0,0,0,0,36
2026-03-01,FY 2025-26,Consulting,L4,Mid (L3-L4),Hyderabad,Man,4,0,0,0,0,0,40
2026-03-01,FY 2025-26,Consulting,L4,Mid (L3-L4),Hyderabad,Woman,5,0,0,0,0,1,56
2026-03-01,FY 2025-26,Consulting,L5,Senior (L5-L6),Bengaluru,Man,3,0,0,0,0,0,36
2026-03-01,FY 2025-26,Consulting,L5,Senior (L5-L6),Bengaluru,Woman,1,0,0,0,0,0,12
2026-03-01,FY 2025-26,Consulting,L5,Senior (L5-L6),Hyderabad,Man,2,0,0,0,0,1,33
2026-03-01,FY 2025-26,Consulting,L5,Senior (L5-L6),Hyderabad,Woman,1,0,0,0,0,0,12
2026-03-01,FY 2025-26,Consulting,L6,Senior (L5-L6),Bengaluru,Man,2,0,0,0,0,0,24
2026-03-01,FY 2025-26,Consulting,L6,Senior (L5-L6),Hyderabad,Man,4,0,0,0,0,0,48
2026-03-01,FY 2025-26,Consulting,L6,Senior (L5-L6),Hyderabad,Woman,2,0,0,0,0,0,24
2026-03-01,FY 2025-26,Corporate Functions,L1,Junior (L1-L2),Bengaluru,Man,6,0,0,0,0,1,69
2026-03-01,FY 2025-26,Corporate Functions,L1,Junior (L1-L2),Bengaluru,Woman,5,0,0,0,0,0,60
2026-03-01,FY 2025-26,Corporate Functions,L1,Junior (L1-L2),Hyderabad,Man,10,0,0,0,0,2,125
2026-03-01,FY 2025-26,Corporate Functions,L1,Junior (L1-L2),Hyderabad,Woman,8,0,0,0,0,2,95
2026-03-01,FY 2025-26,Corporate Functions,L2,Junior (L1-L2),Bengaluru,Man,6,0,0,0,0,1,76
2026-03-01,FY 2025-26,Corporate Functions,L2,Junior (L1-L2),Bengaluru,Woman,6,0,0,0,0,1,75
2026-03-01,FY 2025-26,Corporate Functions,L2,Junior (L1-L2),Hyderabad,Man,15,0,0,0,0,4,201
2026-03-01,FY 2025-26,Corporate Functions,L2,Junior (L1-L2),Hyderabad,Woman,14,2,1,0,0,2,137
2026-03-01,FY 2025-26,Corporate Functions,L3,Mid (L3-L4),Bengaluru,Man,9,0,0,0,0,0,108
2026-03-01,FY 2025-26,Corporate Functions,L3,Mid (L3-L4),Bengaluru,Woman,6,0,0,0,0,0,72
2026-03-01,FY 2025-26,Corporate Functions,L3,Mid (L3-L4),Hyderabad,Man,15,1,0,0,0,1,179
2026-03-01,FY 2025-26,Corporate Functions,L3,Mid (L3-L4),Hyderabad,Woman,3,0,0,0,0,0,36
2026-03-01,FY 2025-26,Corporate Functions,L4,Mid (L3-L4),Bengaluru,Man,8,0,0,0,0,0,96
2026-03-01,FY 2025-26,Corporate Functions,L4,Mid (L3-L4),Bengaluru,Woman,2,0,0,0,0,0,24
2026-03-01,FY 2025-26,Corporate Functions,L4,Mid (L3-L4),Hyderabad,Man,11,1,0,0,0,2,133
2026-03-01,FY 2025-26,Corporate Functions,L4,Mid (L3-L4),Hyderabad,Woman,4,0,0,0,0,0,48
2026-03-01,FY 2025-26,Corporate Functions,L5,Senior (L5-L6),Bengaluru,Man,3,0,0,0,0,0,36
2026-03-01,FY 2025-26,Corporate Functions,L5,Senior (L5-L6),Bengaluru,Woman,0,0,0,0,0,1,6
2026-03-01,FY 2025-26,Corporate Functions,L5,Senior (L5-L6),Hyderabad,Man,6,0,0,0,0,0,72
2026-03-01,FY 2025-26,Corporate Functions,L6,Senior (L5-L6),Bengaluru,Man,3,0,0,0,0,0,36
2026-03-01,FY 2025-26,Corporate Functions,L6,Senior (L5-L6),Hyderabad,Man,2,0,0,0,0,0,24
2026-03-01,FY 2025-26,Data and Analytics,L1,Junior (L1-L2),Bengaluru,Man,25,1,0,0,0,7,278
2026-03-01,FY 2025-26,Data and Analytics,L1,Junior (L1-L2),Bengaluru,Woman,17,0,1,0,0,5,199
2026-03-01,FY 2025-26,Data and Analytics,L1,Junior (L1-L2),Hyderabad,Man,34,0,1,0,0,3,364
2026-03-01,FY 2025-26,Data and Analytics,L1,Junior (L1-L2),Hyderabad,Woman,20,1,1,0,1,3,218
2026-03-01,FY 2025-26,Data and Analytics,L2,Junior (L1-L2),Bengaluru,Man,18,2,1,0,0,4,208
2026-03-01,FY 2025-26,Data and Analytics,L2,Junior (L1-L2),Bengaluru,Woman,8,0,1,0,0,2,101
2026-03-01,FY 2025-26,Data and Analytics,L2,Junior (L1-L2),Hyderabad,Man,24,0,1,0,0,6,267
2026-03-01,FY 2025-26,Data and Analytics,L2,Junior (L1-L2),Hyderabad,Woman,17,0,0,0,0,6,207
2026-03-01,FY 2025-26,Data and Analytics,L3,Mid (L3-L4),Bengaluru,Man,15,1,0,0,0,1,168
2026-03-01,FY 2025-26,Data and Analytics,L3,Mid (L3-L4),Bengaluru,Woman,2,0,0,0,0,2,27
2026-03-01,FY 2025-26,Data and Analytics,L3,Mid (L3-L4),Hyderabad,Man,19,0,0,0,0,3,232
2026-03-01,FY 2025-26,Data and Analytics,L3,Mid (L3-L4),Hyderabad,Woman,11,2,0,0,0,1,114
2026-03-01,FY 2025-26,Data and Analytics,L4,Mid (L3-L4),Bengaluru,Man,8,0,1,0,1,3,104
2026-03-01,FY 2025-26,Data and Analytics,L4,Mid (L3-L4),Bengaluru,Woman,1,0,0,0,0,1,15
2026-03-01,FY 2025-26,Data and Analytics,L4,Mid (L3-L4),Hyderabad,Man,18,0,0,0,0,1,216
2026-03-01,FY 2025-26,Data and Analytics,L4,Mid (L3-L4),Hyderabad,Woman,2,0,0,0,0,1,30
2026-03-01,FY 2025-26,Data and Analytics,L5,Senior (L5-L6),Bengaluru,Man,4,0,0,0,0,1,38
2026-03-01,FY 2025-26,Data and Analytics,L5,Senior (L5-L6),Bengaluru,Woman,1,0,0,0,0,1,13
2026-03-01,FY 2025-26,Data and Analytics,L5,Senior (L5-L6),Hyderabad,Man,4,0,0,0,0,1,50
2026-03-01,FY 2025-26,Data and Analytics,L5,Senior (L5-L6),Hyderabad,Woman,5,0,0,0,0,0,55
2026-03-01,FY 2025-26,Data and Analytics,L6,Senior (L5-L6),Bengaluru,Man,3,0,0,0,0,0,36
2026-03-01,FY 2025-26,Data and Analytics,L6,Senior (L5-L6),Hyderabad,Man,4,0,0,0,0,0,48
2026-03-01,FY 2025-26,Data and Analytics,L6,Senior (L5-L6),Hyderabad,Woman,0,0,0,0,0,0,0
2026-03-01,FY 2025-26,Delivery,L1,Junior (L1-L2),Bengaluru,Man,97,1,1,1,0,18,1108
2026-03-01,FY 2025-26,Delivery,L1,Junior (L1-L2),Bengaluru,Woman,68,1,1,0,0,8,797
2026-03-01,FY 2025-26,Delivery,L1,Junior (L1-L2),Hyderabad,Man,145,1,1,0,0,28,1715
2026-03-01,FY 2025-26,Delivery,L1,Junior (L1-L2),Hyderabad,Non-binary,1,0,0,0,0,0,12
2026-03-01,FY 2025-26,Delivery,L1,Junior (L1-L2),Hyderabad,Woman,122,5,1,0,0,23,1368
2026-03-01,FY 2025-26,Delivery,L2,Junior (L1-L2),Bengaluru,Man,78,2,0,0,0,14,923
2026-03-01,FY 2025-26,Delivery,L2,Junior (L1-L2),Bengaluru,Non-binary,0,0,0,0,0,0,0
2026-03-01,FY 2025-26,Delivery,L2,Junior (L1-L2),Bengaluru,Woman,25,0,1,0,0,9,325
2026-03-01,FY 2025-26,Delivery,L2,Junior (L1-L2),Hyderabad,Man,101,0,2,1,0,27,1272
2026-03-01,FY 2025-26,Delivery,L2,Junior (L1-L2),Hyderabad,Non-binary,1,0,0,0,0,0,12
2026-03-01,FY 2025-26,Delivery,L2,Junior (L1-L2),Hyderabad,Woman,53,1,1,1,0,11,663
2026-03-01,FY 2025-26,Delivery,L3,Mid (L3-L4),Bengaluru,Man,62,0,0,0,0,13,760
2026-03-01,FY 2025-26,Delivery,L3,Mid (L3-L4),Bengaluru,Woman,30,0,0,0,0,5,358
2026-03-01,FY 2025-26,Delivery,L3,Mid (L3-L4),Hyderabad,Man,87,1,1,0,0,10,1064
2026-03-01,FY 2025-26,Delivery,L3,Mid (L3-L4),Hyderabad,Non-binary,1,0,0,0,0,0,12
2026-03-01,FY 2025-26,Delivery,L3,Mid (L3-L4),Hyderabad,Woman,56,0,0,0,0,10,682
2026-03-01,FY 2025-26,Delivery,L4,Mid (L3-L4),Bengaluru,Man,35,0,0,0,0,2,418
2026-03-01,FY 2025-26,Delivery,L4,Mid (L3-L4),Bengaluru,Woman,5,0,0,0,0,0,60
2026-03-01,FY 2025-26,Delivery,L4,Mid (L3-L4),Hyderabad,Man,57,0,0,0,0,5,691
2026-03-01,FY 2025-26,Delivery,L4,Mid (L3-L4),Hyderabad,Woman,17,1,0,0,0,0,179
2026-03-01,FY 2025-26,Delivery,L5,Senior (L5-L6),Bengaluru,Man,21,0,0,0,0,2,249
2026-03-01,FY 2025-26,Delivery,L5,Senior (L5-L6),Bengaluru,Woman,5,0,0,0,0,1,66
2026-03-01,FY 2025-26,Delivery,L5,Senior (L5-L6),Hyderabad,Man,31,0,0,0,0,1,365
2026-03-01,FY 2025-26,Delivery,L5,Senior (L5-L6),Hyderabad,Woman,4,0,0,0,0,1,56
2026-03-01,FY 2025-26,Delivery,L6,Senior (L5-L6),Bengaluru,Man,11,0,0,0,0,2,149
2026-03-01,FY 2025-26,Delivery,L6,Senior (L5-L6),Bengaluru,Woman,5,0,0,0,0,0,60
2026-03-01,FY 2025-26,Delivery,L6,Senior (L5-L6),Hyderabad,Man,21,0,0,0,0,2,247
2026-03-01,FY 2025-26,Delivery,L6,Senior (L5-L6),Hyderabad,Woman,1,0,0,0,0,0,12
2026-03-01,FY 2025-26,Quality Engineering,L1,Junior (L1-L2),Bengaluru,Man,30,0,1,0,0,5,343
2026-03-01,FY 2025-26,Quality Engineering,L1,Junior (L1-L2),Bengaluru,Woman,22,0,0,0,0,6,259
2026-03-01,FY 2025-26,Quality Engineering,L1,Junior (L1-L2),Hyderabad,Man,55,1,0,0,0,7,572
2026-03-01,FY 2025-26,Quality Engineering,L1,Junior (L1-L2),Hyderabad,Non-binary,1,0,0,0,0,0,12
2026-03-01,FY 2025-26,Quality Engineering,L1,Junior (L1-L2),Hyderabad,Woman,37,0,0,0,0,6,413
2026-03-01,FY 2025-26,Quality Engineering,L2,Junior (L1-L2),Bengaluru,Man,25,0,0,0,0,10,300
2026-03-01,FY 2025-26,Quality Engineering,L2,Junior (L1-L2),Bengaluru,Non-binary,0,0,0,0,0,0,0
2026-03-01,FY 2025-26,Quality Engineering,L2,Junior (L1-L2),Bengaluru,Woman,17,0,0,0,0,6,212
2026-03-01,FY 2025-26,Quality Engineering,L2,Junior (L1-L2),Hyderabad,Man,43,0,0,0,0,3,487
2026-03-01,FY 2025-26,Quality Engineering,L2,Junior (L1-L2),Hyderabad,Woman,27,0,0,0,0,3,311
2026-03-01,FY 2025-26,Quality Engineering,L3,Mid (L3-L4),Bengaluru,Man,23,0,0,0,0,3,261
2026-03-01,FY 2025-26,Quality Engineering,L3,Mid (L3-L4),Bengaluru,Woman,9,0,0,0,0,3,108
2026-03-01,FY 2025-26,Quality Engineering,L3,Mid (L3-L4),Hyderabad,Man,28,0,0,0,0,3,312
2026-03-01,FY 2025-26,Quality Engineering,L3,Mid (L3-L4),Hyderabad,Woman,15,0,0,0,0,1,186
2026-03-01,FY 2025-26,Quality Engineering,L4,Mid (L3-L4),Bengaluru,Man,7,0,0,0,0,2,95
2026-03-01,FY 2025-26,Quality Engineering,L4,Mid (L3-L4),Bengaluru,Non-binary,1,0,0,0,0,0,12
2026-03-01,FY 2025-26,Quality Engineering,L4,Mid (L3-L4),Bengaluru,Woman,3,0,0,0,0,0,36
2026-03-01,FY 2025-26,Quality Engineering,L4,Mid (L3-L4),Hyderabad,Man,18,0,0,0,0,1,213
2026-03-01,FY 2025-26,Quality Engineering,L4,Mid (L3-L4),Hyderabad,Woman,7,0,0,0,0,1,86
2026-03-01,FY 2025-26,Quality Engineering,L5,Senior (L5-L6),Bengaluru,Man,4,0,0,0,0,0,48
2026-03-01,FY 2025-26,Quality Engineering,L5,Senior (L5-L6),Bengaluru,Woman,2,0,0,0,0,0,24
2026-03-01,FY 2025-26,Quality Engineering,L5,Senior (L5-L6),Hyderabad,Man,15,0,0,0,0,0,180
2026-03-01,FY 2025-26,Quality Engineering,L5,Senior (L5-L6),Hyderabad,Woman,1,0,0,0,0,0,12
2026-03-01,FY 2025-26,Quality Engineering,L6,Senior (L5-L6),Bengaluru,Man,6,0,0,0,0,0,72
2026-03-01,FY 2025-26,Quality Engineering,L6,Senior (L5-L6),Bengaluru,Woman,1,0,0,0,0,0,12
2026-03-01,FY 2025-26,Quality Engineering,L6,Senior (L5-L6),Hyderabad,Man,6,0,0,0,0,1,68
2026-03-01,FY 2025-26,Quality Engineering,L6,Senior (L5-L6),Hyderabad,Woman,2,0,0,0,0,0,24
2026-03-01,FY 2025-26,Sales and Presales,L1,Junior (L1-L2),Bengaluru,Man,17,0,0,0,0,0,196
2026-03-01,FY 2025-26,Sales and Presales,L1,Junior (L1-L2),Bengaluru,Non-binary,0,0,0,0,0,0,0
2026-03-01,FY 2025-26,Sales and Presales,L1,Junior (L1-L2),Bengaluru,Woman,15,0,0,0,0,0,152
2026-03-01,FY 2025-26,Sales and Presales,L1,Junior (L1-L2),Hyderabad,Man,19,0,0,0,0,4,208
2026-03-01,FY 2025-26,Sales and Presales,L1,Junior (L1-L2),Hyderabad,Woman,15,0,0,0,0,5,194
2026-03-01,FY 2025-26,Sales and Presales,L2,Junior (L1-L2),Bengaluru,Man,7,0,0,0,0,4,107
2026-03-01,FY 2025-26,Sales and Presales,L2,Junior (L1-L2),Bengaluru,Non-binary,0,0,0,0,0,1,1
2026-03-01,FY 2025-26,Sales and Presales,L2,Junior (L1-L2),Bengaluru,Woman,4,0,0,0,0,1,46
2026-03-01,FY 2025-26,Sales and Presales,L2,Junior (L1-L2),Hyderabad,Man,15,0,0,0,0,1,173
2026-03-01,FY 2025-26,Sales and Presales,L2,Junior (L1-L2),Hyderabad,Woman,9,0,0,0,0,2,104
2026-03-01,FY 2025-26,Sales and Presales,L3,Mid (L3-L4),Bengaluru,Man,10,1,0,0,0,3,116
2026-03-01,FY 2025-26,Sales and Presales,L3,Mid (L3-L4),Bengaluru,Woman,3,0,1,0,0,3,51
2026-03-01,FY 2025-26,Sales and Presales,L3,Mid (L3-L4),Hyderabad,Man,13,0,1,0,0,1,155
2026-03-01,FY 2025-26,Sales and Presales,L3,Mid (L3-L4),Hyderabad,Woman,4,0,0,0,0,2,55
2026-03-01,FY 2025-26,Sales and Presales,L4,Mid (L3-L4),Bengaluru,Man,3,0,0,0,0,0,36
2026-03-01,FY 2025-26,Sales and Presales,L4,Mid (L3-L4),Bengaluru,Woman,2,0,0,0,0,0,24
2026-03-01,FY 2025-26,Sales and Presales,L4,Mid (L3-L4),Hyderabad,Man,5,0,0,0,0,2,69
2026-03-01,FY 2025-26,Sales and Presales,L4,Mid (L3-L4),Hyderabad,Woman,2,0,0,0,0,0,16
2026-03-01,FY 2025-26,Sales and Presales,L5,Senior (L5-L6),Bengaluru,Man,1,0,0,0,0,0,12
2026-03-01,FY 2025-26,Sales and Presales,L5,Senior (L5-L6),Hyderabad,Man,4,0,0,0,0,0,48
2026-03-01,FY 2025-26,Sales and Presales,L5,Senior (L5-L6),Hyderabad,Woman,0,0,0,0,0,0,0
2026-03-01,FY 2025-26,Sales and Presales,L6,Senior (L5-L6),Bengaluru,Man,1,0,0,0,0,0,12
2026-03-01,FY 2025-26,Sales and Presales,L6,Senior (L5-L6),Hyderabad,Man,3,0,0,0,0,0,36
