emp_id,department,level,level_band,location,gender,home_region,university_tier,hiring_source,tenure_years,rating,annual_ctc,compa_ratio,pay_position,commute_minutes,utilisation_3m,risk_score,risk_percentile,risk_band,drivers
E100005,Quality Engineering,L1,Junior (L1-L2),Hyderabad,Woman,South,Tier 2,Campus,15.6,3,525000.0,1.006,Within band,60,0.9,0.025847266094625326,0.07722772277227723,Low,long commute
E100006,Quality Engineering,L5,Senior (L5-L6),Hyderabad,Man,East,Tier 3,Job portal,8.1,3,3622000.0,0.919,Within band,27,0.7866666666666667,0.024792004554245035,0.07207920792079207,Low,slow pay growth
E100008,Quality Engineering,L1,Junior (L1-L2),Bengaluru,Man,South,Tier 3,Campus,5.3,3,623000.0,1.137,Above band,78,0.7733333333333333,0.13030802217415907,0.8633663366336634,Medium,"long commute, low utilisation"
E100009,Quality Engineering,L6,Senior (L5-L6),Bengaluru,Man,South,Tier 1,Job portal,9.5,5,4618000.0,0.69,Below band,30,0.8266666666666667,0.011241579971828728,0.012277227722772278,Low,""
E100011,Delivery,L2,Junior (L1-L2),Bengaluru,Woman,South,Tier 3,Job portal,4.8,4,1331000.0,1.258,Above band,59,0.7600000000000001,0.07467964523368034,0.5481188118811882,Low,low utilisation
E100015,Quality Engineering,L1,Junior (L1-L2),Bengaluru,Woman,East,Tier 3,Campus,4.5,3,431000.0,0.786,Below band,37,0.8366666666666666,0.10637251161998991,0.7564356435643564,Medium,"pay below market, slow pay growth"
E100021,Consulting,L6,Senior (L5-L6),Hyderabad,Man,South,Tier 3,Job portal,15.9,2,7771000.0,1.02,Within band,25,0.8700000000000001,0.015229251679240255,0.035247524752475244,Low,slow pay growth
E100026,Data and Analytics,L2,Junior (L1-L2),Hyderabad,Woman,East,Tier 3,Agency,4.9,1,1191000.0,1.055,Within band,40,0.88,0.07060101650806673,0.5097029702970297,Low,slow pay growth
E100027,Quality Engineering,L1,Junior (L1-L2),Bengaluru,Woman,South,Tier 3,Campus,19.8,3,587000.0,1.071,Within band,54,0.7966666666666667,0.022469782732554497,0.06178217821782178,Low,low utilisation
E100028,Delivery,L4,Mid (L3-L4),Hyderabad,Man,South,Tier 1,Campus,8.3,4,2290000.0,0.826,Below band,46,0.8533333333333334,0.053669833076430654,0.33584158415841586,Low,pay below market
E100029,Quality Engineering,L4,Mid (L3-L4),Bengaluru,Man,Northeast,Tier 1,Agency,7.6,5,3400000.0,1.27,Above band,34,0.73,0.03575510471843055,0.15524752475247525,Low,low utilisation
E100030,Delivery,L1,Junior (L1-L2),Hyderabad,Man,South,Tier 2,Campus,7.3,5,879000.0,1.55,Above band,38,0.7866666666666666,0.01649300197329568,0.04,Low,""
E100031,Delivery,L2,Junior (L1-L2),Bengaluru,Woman,West,Tier 3,Campus,7.4,3,1044000.0,0.987,Within band,58,0.8966666666666666,0.038672746996862434,0.18574257425742574,Low,""
E100032,Quality Engineering,L2,Junior (L1-L2),Hyderabad,Man,East,Tier 3,Campus,5.0,4,681000.0,0.735,Below band,46,0.25666666666666665,0.18482315559756768,0.9627722772277227,High,"low utilisation, pay below market"
E100035,Delivery,L3,Mid (L3-L4),Bengaluru,Man,South,Tier 2,Referral,5.0,2,1214000.0,0.656,Below band,81,0.8433333333333333,0.12509994306453875,0.8415841584158416,Medium,"long commute, pay below market"
E100037,Delivery,L4,Mid (L3-L4),Hyderabad,Man,South,Tier 2,Campus,6.1,5,2442000.0,0.881,Below band,32,0.07,0.08137874601056555,0.6027722772277228,Low,"pay below market, low utilisation, time on bench"
E100038,Delivery,L1,Junior (L1-L2),Bengaluru,Man,South,Tier 1,Campus,19.9,3,609000.0,1.024,Within band,79,0.8633333333333333,0.030033143965796153,0.10455445544554455,Low,long commute
E100039,Delivery,L5,Senior (L5-L6),Hyderabad,Man,South,Tier 3,Job portal,10.4,3,3436000.0,0.802,Below band,10,0.93,0.039279702336893575,0.1912871287128713,Low,"slow pay growth, low utilisation"
E100040,Delivery,L1,Junior (L1-L2),Bengaluru,Woman,West,Tier 2,Campus,7.4,3,590000.0,0.992,Within band,54,0.81,0.04071561702720678,0.20435643564356434,Low,low utilisation
E100042,Sales and Presales,L1,Junior (L1-L2),Hyderabad,Woman,North,Tier 2,Campus,6.0,4,658000.0,1.106,Above band,29,,0.028460752601000696,0.09425742574257426,Low,""
E100043,Quality Engineering,L2,Junior (L1-L2),Hyderabad,Woman,South,Tier 1,Agency,5.7,4,896000.0,0.967,Within band,57,0.38000000000000006,0.11782142150239848,0.8055445544554456,Medium,"low utilisation, falling rating"
E100044,Quality Engineering,L2,Junior (L1-L2),Hyderabad,Woman,East,Tier 3,Campus,15.6,3,978000.0,1.055,Within band,36,0.8966666666666666,0.044485165166123095,0.24514851485148514,Low,slow pay growth
E100045,Quality Engineering,L4,Mid (L3-L4),Hyderabad,Man,East,Tier 3,Referral,6.5,3,2822000.0,1.107,Above band,52,0.9,0.023803578382153665,0.06732673267326733,Low,""
E100050,Delivery,L6,Senior (L5-L6),Bengaluru,Woman,South,Tier 2,Job portal,10.5,3,6874000.0,0.945,Within band,31,0.83,0.009369350773680452,0.002772277227722772,Low,""
E100051,Corporate Functions,L3,Mid (L3-L4),Hyderabad,Man,North,Tier 3,Job portal,4.8,4,1012000.0,0.638,Below band,51,,0.10879450164242889,0.7663366336633664,Medium,"pay below market, slow pay growth"
E100052,Quality Engineering,L3,Mid (L3-L4),Hyderabad,Man,South,Tier 3,Job portal,8.5,4,1816000.0,1.119,Above band,34,0.38000000000000006,0.04576818503928539,0.25742574257425743,Low,low utilisation
E100055,Delivery,L4,Mid (L3-L4),Hyderabad,Woman,East,Tier 3,Agency,7.8,3,3361000.0,1.213,Above band,66,0.8533333333333334,0.026818503788299197,0.0807920792079208,Low,""
E100056,Quality Engineering,L2,Junior (L1-L2),Hyderabad,Woman,North,Tier 2,Rehire,4.9,5,1133000.0,1.222,Above band,51,0.7633333333333333,0.07099902791684676,0.5140594059405941,Low,low utilisation
E100057,Quality Engineering,L2,Junior (L1-L2),Hyderabad,Man,West,Tier 2,Agency,4.8,3,1082000.0,1.167,Above band,72,0.9533333333333333,0.08085417367535441,0.5988118811881188,Low,"slow pay growth, low utilisation, long commute"
E100060,Delivery,L2,Junior (L1-L2),Hyderabad,Man,South,Tier 2,Campus,8.5,4,790000.0,0.784,Below band,36,0.8933333333333334,0.057337188060033906,0.37584158415841584,Low,pay below market
E100061,Delivery,L1,Junior (L1-L2),Hyderabad,Woman,South,Tier 3,Campus,6.3,3,532000.0,0.938,Within band,29,0.8700000000000001,0.037185914524522426,0.17188118811881187,Low,pay below market
E100062,Delivery,L4,Mid (L3-L4),Bengaluru,Woman,South,Tier 2,Job portal,6.3,3,2663000.0,0.915,Within band,54,0.9466666666666667,0.037502487152668934,0.17425742574257425,Low,pay below market
E100064,Cloud and Infrastructure,L1,Junior (L1-L2),Bengaluru,Man,South,Tier 3,Campus,7.8,3,609000.0,0.947,Within band,30,0.8533333333333334,0.031266793218891795,0.11564356435643565,Low,""
E100066,Sales and Presales,L1,Junior (L1-L2),Bengaluru,Man,East,Tier 2,Campus,7.7,4,632000.0,1.011,Within band,69,,0.03878322930640997,0.18693069306930693,Low,slow pay growth
E100073,Quality Engineering,L2,Junior (L1-L2),Hyderabad,Man,East,Tier 3,Campus,8.6,3,484000.0,0.522,Below band,32,0.96,0.03807098891696283,0.18099009900990098,Low,pay below market
E100079,Delivery,L2,Junior (L1-L2),Hyderabad,Man,South,Tier 3,Campus,7.3,4,560000.0,0.556,Below band,33,0.82,0.07657659776352535,0.5655445544554455,Low,"pay below market, low utilisation, slow pay growth"
E100080,Quality Engineering,L2,Junior (L1-L2),Hyderabad,Man,South,Tier 2,Campus,7.5,3,1179000.0,1.272,Above band,11,0.7266666666666666,0.055220906186204025,0.35207920792079206,Low,"slow pay growth, low utilisation"
E100081,Quality Engineering,L1,Junior (L1-L2),Bengaluru,Woman,South,Tier 3,Campus,5.3,3,590000.0,1.077,Within band,78,0.7999999999999999,0.1338286096532803,0.8724752475247525,Medium,"long commute, low utilisation"
E100082,Quality Engineering,L6,Senior (L5-L6),Hyderabad,Man,South,Tier 2,Job portal,17.6,2,3900000.0,0.612,Below band,89,0.8933333333333332,0.052845379282051214,0.32712871287128714,Low,"slow pay growth, long commute, low utilisation"
E100084,Delivery,L2,Junior (L1-L2),Hyderabad,Man,North,Tier 2,Referral,5.8,4,1025000.0,1.017,Within band,41,0.81,0.05334935483269089,0.3322772277227723,Low,low utilisation
E100086,Cloud and Infrastructure,L2,Junior (L1-L2),Bengaluru,Man,South,Tier 3,Referral,9.1,3,1078000.0,0.943,Within band,51,0.9266666666666666,0.040137900062378704,0.19920792079207922,Low,pay below market
E100088,Cloud and Infrastructure,L1,Junior (L1-L2),Hyderabad,Man,South,Tier 3,Campus,5.3,3,591000.0,0.966,Within band,38,0.8333333333333334,0.06729878451186168,0.4772277227722772,Low,low utilisation
E100089,Delivery,L1,Junior (L1-L2),Hyderabad,Man,North,Tier 3,Campus,4.3,3,510000.0,0.899,Below band,35,0.8066666666666666,0.12037105937496241,0.8178217821782178,Medium,"pay below market, low utilisation"
E100091,Cloud and Infrastructure,L1,Junior (L1-L2),Hyderabad,Woman,West,Tier 1,Campus,5.4,4,637000.0,1.041,Within band,55,0.86,0.06311297339334342,0.43326732673267326,Low,long commute
E100099,Delivery,L1,Junior (L1-L2),Bengaluru,Woman,South,Tier 3,Campus,5.0,5,631000.0,1.061,Within band,69,0.61,0.09760471700201719,0.7085148514851485,Medium,"time on bench, low utilisation, long commute"
E100103,Sales and Presales,L3,Mid (L3-L4),Hyderabad,Woman,South,Tier 2,Job portal,11.5,2,1529000.0,0.826,Below band,42,,0.08044712118415054,0.5956435643564356,Low,"slow pay growth, pay below market"
E100104,Delivery,L5,Senior (L5-L6),Hyderabad,Woman,South,Tier 2,Job portal,9.8,5,4557000.0,1.064,Within band,69,0.8166666666666668,0.01267854673617025,0.02415841584158416,Low,""
E100105,Sales and Presales,L3,Mid (L3-L4),Hyderabad,Man,West,Tier 3,Rehire,6.7,3,2172000.0,1.173,Above band,47,,0.028950463828338116,0.09782178217821783,Low,""
E100107,Delivery,L3,Mid (L3-L4),Hyderabad,Woman,West,Tier 3,Referral,5.3,3,1001000.0,0.567,Below band,15,0.6666666666666666,0.12542312919551385,0.8431683168316831,Medium,"low utilisation, pay below market"
E100109,Quality Engineering,L6,Senior (L5-L6),Hyderabad,Woman,South,Tier 3,Job portal,13.4,4,8031000.0,1.26,Above band,65,0.8633333333333333,0.01736086900250536,0.042772277227722776,Low,""
E100114,Corporate Functions,L5,Senior (L5-L6),Bengaluru,Man,South,Tier 1,Referral,6.7,4,3584000.0,0.886,Below band,77,,0.03716663774552775,0.1714851485148515,Low,long commute
E100115,Sales and Presales,L3,Mid (L3-L4),Hyderabad,Man,East,Tier 3,Referral,7.0,3,1876000.0,1.013,Within band,43,,0.040814447195578744,0.20712871287128712,Low,""
E100120,Data and Analytics,L1,Junior (L1-L2),Bengaluru,Man,South,Tier 3,Campus,5.6,3,558000.0,0.837,Below band,59,0.7766666666666667,0.10765459422654794,0.7623762376237624,Medium,"low utilisation, pay below market"
E100121,Quality Engineering,L1,Junior (L1-L2),Hyderabad,Man,North,Tier 1,Campus,8.9,2,401000.0,0.768,Below band,34,0.8333333333333334,0.06730779877203802,0.4776237623762376,Low,"pay below market, slow pay growth, low utilisation"
E100122,Delivery,L2,Junior (L1-L2),Bengaluru,Man,South,Tier 1,Campus,5.9,4,787000.0,0.744,Below band,30,0.9133333333333332,0.06413625531694764,0.441980198019802,Low,"pay below market, slow pay growth"
E100124,Quality Engineering,L3,Mid (L3-L4),Bengaluru,Man,South,Tier 2,Campus,6.5,2,1318000.0,0.773,Below band,37,0.8566666666666666,0.09405271428800303,0.6871287128712872,Low,"slow pay growth, pay below market"
E100125,Delivery,L3,Mid (L3-L4),Hyderabad,Man,South,Tier 3,Referral,5.7,3,919000.0,0.521,Below band,26,0.9133333333333332,0.05800576461697972,0.3817821782178218,Low,""
E100131,Corporate Functions,L4,Mid (L3-L4),Hyderabad,Woman,South,Tier 3,Job portal,10.4,3,2370000.0,0.95,Within band,21,,0.03511821118808655,0.1493069306930693,Low,""
E100133,Delivery,L1,Junior (L1-L2),Bengaluru,Man,South,Tier 2,Campus,8.6,4,617000.0,1.037,Within band,53,0.83,0.03418031804978351,0.14138613861386137,Low,""
E100134,Delivery,L3,Mid (L3-L4),Bengaluru,Man,South,Tier 3,Job portal,5.8,4,1238000.0,0.668,Below band,34,0.8033333333333332,0.10575989081268904,0.7520792079207921,Medium,"pay below market, low utilisation"
E100137,Corporate Functions,L3,Mid (L3-L4),Bengaluru,Man,South,Tier 3,Campus,13.9,1,1729000.0,1.037,Within band,59,,0.0720072783890704,0.523960396039604,Low,"slow pay growth, long commute, pay below market"
E100139,Delivery,L4,Mid (L3-L4),Hyderabad,Man,North,Tier 3,Job portal,5.8,3,1702000.0,0.614,Below band,38,0.9033333333333333,0.07104907051567258,0.5148514851485149,Low,"slow pay growth, pay below market"
E100141,Quality Engineering,L1,Junior (L1-L2),Bengaluru,Woman,East,Tier 3,Campus,12.8,4,497000.0,0.907,Within band,62,0.8166666666666668,0.05728652755927785,0.37544554455445545,Low,"pay below market, slow pay growth, long wait for promotion"
E100145,Cloud and Infrastructure,L3,Mid (L3-L4),Bengaluru,Woman,South,Tier 3,Campus,6.3,3,2014000.0,1.007,Within band,84,0.8366666666666668,0.08492517151835713,0.6253465346534653,Low,"slow pay growth, long commute"
E100147,Delivery,L5,Senior (L5-L6),Hyderabad,Man,North,Tier 1,Job portal,8.2,5,2111000.0,0.493,Below band,56,0.8766666666666666,0.012042314918245263,0.018217821782178217,Low,""
E100149,Quality Engineering,L3,Mid (L3-L4),Bengaluru,Man,South,Tier 2,Campus,11.1,4,1494000.0,0.877,Below band,38,0.8966666666666666,0.048565836587416165,0.2875247524752475,Low,"pay below market, falling rating"
E100150,Corporate Functions,L1,Junior (L1-L2),Bengaluru,Woman,West,Tier 3,Campus,5.4,3,601000.0,1.121,Above band,102,,0.06918647547952413,0.49425742574257425,Low,long commute
E100152,Quality Engineering,L2,Junior (L1-L2),Bengaluru,Woman,South,Tier 2,Referral,6.1,4,1139000.0,1.169,Above band,103,0.9533333333333333,0.0722970269836846,0.5263366336633664,Low,long commute
E100154,Quality Engineering,L1,Junior (L1-L2),Bengaluru,Man,West,Tier 3,Campus,6.8,4,579000.0,1.057,Within band,37,0.8133333333333334,0.02785557624451413,0.08871287128712871,Low,""
E100155,Delivery,L4,Mid (L3-L4),Hyderabad,Man,South,Tier 3,Campus,9.0,3,1204000.0,0.435,Below band,38,0.7933333333333333,0.06178809487997673,0.4162376237623762,Low,"pay below market, low utilisation, slow pay growth"
E100157,Cloud and Infrastructure,L1,Junior (L1-L2),Hyderabad,Man,Northeast,Tier 2,Campus,16.7,4,581000.0,0.949,Within band,57,0.4066666666666667,0.08249928319247894,0.6099009900990099,Low,"low utilisation, falling rating, long wait for promotion"
E100158,Data and Analytics,L4,Mid (L3-L4),Hyderabad,Man,Northeast,Tier 2,Agency,9.7,3,2040000.0,0.657,Below band,59,0.7600000000000001,0.08705335361873158,0.641980198019802,Low,"low utilisation, pay below market, slow pay growth"
E100159,Quality Engineering,L3,Mid (L3-L4),Bengaluru,Man,South,Tier 2,Campus,8.3,5,1012000.0,0.594,Below band,40,0.8933333333333334,0.05311941108429626,0.3299009900990099,Low,"pay below market, slow pay growth"
E100160,Delivery,L3,Mid (L3-L4),Hyderabad,Man,South,Tier 3,Campus,9.0,3,1406000.0,0.797,Below band,45,0.11666666666666665,0.07922112491330222,0.5849504950495049,Low,"low utilisation, pay below market"
E100161,Quality Engineering,L1,Junior (L1-L2),Hyderabad,Woman,South,Tier 2,Campus,5.6,3,605000.0,1.159,Above band,48,0.9066666666666667,0.02556936069728612,0.07564356435643564,Low,""
E100163,Delivery,L2,Junior (L1-L2),Hyderabad,Woman,South,Tier 3,Job portal,9.5,4,1397000.0,1.386,Above band,81,0.49666666666666665,0.03408680383610821,0.1405940594059406,Low,"long commute, low utilisation"
E100165,Delivery,L4,Mid (L3-L4),Hyderabad,Man,South,Tier 2,Campus,11.7,4,2081000.0,0.751,Below band,46,0.7566666666666667,0.060725339489264306,0.403960396039604,Low,"pay below market, low utilisation, falling rating"
E100168,Cloud and Infrastructure,L6,Senior (L5-L6),Hyderabad,Man,East,Tier 2,Job portal,7.6,3,5341000.0,0.714,Below band,34,0.8233333333333334,0.01003233978481411,0.005940594059405941,Low,""
E100176,Cloud and Infrastructure,L4,Mid (L3-L4),Hyderabad,Woman,Northeast,Tier 3,Job portal,5.8,3,1823000.0,0.609,Below band,27,0.7766666666666667,0.08843800210269871,0.6502970297029703,Low,"low utilisation, slow pay growth"
E100178,Corporate Functions,L3,Mid (L3-L4),Bengaluru,Woman,North,Tier 3,Campus,6.9,3,1398000.0,0.839,Below band,52,,0.08402505855409266,0.6182178217821782,Low,"slow pay growth, pay below market"
E100180,Corporate Functions,L4,Mid (L3-L4),Hyderabad,Woman,North,Tier 1,Campus,8.9,3,1473000.0,0.591,Below band,59,,0.051675836852387906,0.31683168316831684,Low,pay below market
E100183,Delivery,L2,Junior (L1-L2),Bengaluru,Man,East,Tier 1,Campus,6.6,2,1067000.0,1.009,Within band,39,0.8266666666666667,0.06870587103482331,0.4895049504950495,Low,slow pay growth
E100186,Sales and Presales,L3,Mid (L3-L4),Bengaluru,Woman,South,Tier 2,Campus,7.7,3,1833000.0,0.943,Within band,69,,0.06639323227657132,0.46693069306930696,Low,"slow pay growth, pay below market"
E100187,Cloud and Infrastructure,L4,Mid (L3-L4),Hyderabad,Man,South,Tier 3,Campus,6.9,3,1873000.0,0.626,Below band,39,0.7566666666666667,0.07352467584540909,0.5358415841584159,Low,"pay below market, low utilisation, slow pay growth"
E100189,Quality Engineering,L3,Mid (L3-L4),Hyderabad,Woman,West,Tier 2,Campus,7.8,1,1356000.0,0.835,Below band,19,0.9066666666666666,0.08264547367598582,0.6110891089108911,Low,"slow pay growth, pay below market"
E100190,Sales and Presales,L3,Mid (L3-L4),Hyderabad,Woman,South,Tier 3,Campus,10.3,4,1299000.0,0.701,Below band,47,,0.056263310128479245,0.36237623762376237,Low,pay below market
E100192,Delivery,L2,Junior (L1-L2),Bengaluru,Man,South,Tier 2,Campus,6.4,4,834000.0,0.788,Below band,27,0.66,0.09065158433273089,0.6665346534653466,Low,"low utilisation, pay below market, falling rating"
E100198,Data and Analytics,L5,Senior (L5-L6),Hyderabad,Woman,South,Tier 2,Referral,9.6,3,3959000.0,0.825,Below band,21,0.8166666666666668,0.012886496360355455,0.02574257425742574,Low,""
E100199,Delivery,L1,Junior (L1-L2),Hyderabad,Woman,South,Tier 1,Campus,4.8,3,619000.0,1.092,Within band,32,0.91,0.04944273244055238,0.2974257425742574,Low,slow pay growth
E100201,Corporate Functions,L2,Junior (L1-L2),Hyderabad,Woman,Northeast,Tier 1,Campus,16.3,3,1064000.0,1.173,Above band,52,,0.021928616855112167,0.05900990099009901,Low,""
E100204,Consulting,L3,Mid (L3-L4),Bengaluru,Man,South,Tier 3,Campus,6.3,3,1168000.0,0.573,Below band,62,0.84,0.07662474593060353,0.5663366336633663,Low,"long commute, pay below market, long wait for promotion"
E100205,Data and Analytics,L3,Mid (L3-L4),Bengaluru,Man,South,Tier 2,Campus,10.6,4,1319000.0,0.636,Below band,40,0.7733333333333333,0.07970316533849314,0.5885148514851485,Low,"pay below market, low utilisation, slow pay growth"
E100206,Delivery,L5,Senior (L5-L6),Hyderabad,Man,South,Tier 3,Referral,14.5,3,2471000.0,0.577,Below band,36,0.8233333333333334,0.04466989625869736,0.24752475247524752,Low,"slow pay growth, pay below market, low utilisation"
E100208,Delivery,L2,Junior (L1-L2),Hyderabad,Non-binary,South,Tier 3,Agency,10.1,3,881000.0,0.874,Below band,41,0.9400000000000001,0.056848433604590944,0.3687128712871287,Low,pay below market
E100212,Delivery,L2,Junior (L1-L2),Bengaluru,Man,North,Tier 1,Campus,4.6,3,689000.0,0.651,Below band,39,0.9166666666666666,0.09387345493514122,0.685940594059406,Low,"pay below market, slow pay growth"
E100213,Cloud and Infrastructure,L2,Junior (L1-L2),Hyderabad,Man,South,Tier 3,Campus,11.3,2,895000.0,0.823,Below band,81,0.7866666666666667,0.11603776991156858,0.8,Medium,"slow pay growth, low utilisation, pay below market"
E100214,Data and Analytics,L5,Senior (L5-L6),Hyderabad,Woman,South,Tier 3,Job portal,10.0,5,3865000.0,0.806,Below band,37,0.7600000000000001,0.014692502467046068,0.033663366336633666,Low,""
E100221,Data and Analytics,L6,Senior (L5-L6),Hyderabad,Man,South,Tier 1,Referral,12.1,5,10208000.0,1.315,Above band,58,0.9700000000000001,0.01340983525249515,0.028514851485148516,Low,""
E100223,Quality Engineering,L2,Junior (L1-L2),Bengaluru,Woman,South,Tier 1,Campus,15.7,4,632000.0,0.649,Below band,45,0.7833333333333333,0.14520333796633347,0.9033663366336634,High,"time on bench, low utilisation, pay below market"
E100224,Delivery,L3,Mid (L3-L4),Hyderabad,Woman,North,Tier 2,Job portal,6.9,3,1066000.0,0.604,Below band,56,0.8566666666666668,0.051123461753713115,0.3100990099009901,Low,""
E100226,Consulting,L4,Mid (L3-L4),Bengaluru,Woman,West,Tier 3,Campus,11.6,3,2274000.0,0.71,Below band,50,0.8333333333333334,0.04425597616361468,0.24158415841584158,Low,"pay below market, low utilisation"
E100227,Delivery,L3,Mid (L3-L4),Hyderabad,Man,South,Tier 2,Campus,11.7,3,918000.0,0.52,Below band,34,0.9333333333333332,0.0403272685872407,0.2015841584158416,Low,pay below market
E100228,Data and Analytics,L2,Junior (L1-L2),Hyderabad,Woman,South,Tier 3,Campus,4.7,3,637000.0,0.564,Below band,56,0.9266666666666667,0.08794325176630441,0.6487128712871287,Low,pay below market
E100229,Data and Analytics,L1,Junior (L1-L2),Bengaluru,Man,East,Tier 2,Campus,5.3,4,715000.0,1.072,Within band,41,0.43,0.07150215428776381,0.518019801980198,Low,low utilisation
E100238,Quality Engineering,L3,Mid (L3-L4),Hyderabad,Woman,North,Tier 3,Referral,9.6,3,1241000.0,0.765,Below band,45,0.87,0.08432464515057854,0.620990099009901,Low,"slow pay growth, pay below market"
E100239,Cloud and Infrastructure,L2,Junior (L1-L2),Bengaluru,Woman,South,Tier 3,Campus,9.8,3,1240000.0,1.085,Within band,49,0.8366666666666668,0.03571327583781232,0.15405940594059406,Low,""
E100242,Cloud and Infrastructure,L1,Junior (L1-L2),Bengaluru,Man,South,Tier 3,Campus,5.3,3,683000.0,1.062,Within band,14,0.9666666666666667,0.03419608594647179,0.14178217821782177,Low,""
E100243,Quality Engineering,L4,Mid (L3-L4),Hyderabad,Woman,West,Tier 1,Job portal,4.9,5,1195000.0,0.469,Below band,31,0.86,0.09383582374360784,0.6851485148514852,Low,"pay below market, slow pay growth"
E100246,Delivery,L2,Junior (L1-L2),Bengaluru,Woman,South,Tier 3,Campus,5.0,3,635000.0,0.6,Below band,62,0.9133333333333334,0.0973781187159761,0.7065346534653465,Medium,"pay below market, long commute"
E100250,Cloud and Infrastructure,L4,Mid (L3-L4),Hyderabad,Woman,East,Tier 1,Job portal,6.3,3,2131000.0,0.712,Below band,31,0.8633333333333333,0.08595816328280223,0.6352475247524753,Low,"pay below market, slow pay growth, long wait for promotion"
E100251,Delivery,L2,Junior (L1-L2),Hyderabad,Man,East,Tier 3,Campus,8.9,4,1112000.0,1.103,Above band,59,0.2866666666666667,0.06261609732903319,0.4269306930693069,Low,low utilisation
E100252,Quality Engineering,L4,Mid (L3-L4),Hyderabad,Woman,West,Tier 3,Referral,7.8,1,1686000.0,0.661,Below band,32,0.8333333333333334,0.0891103531758598,0.6566336633663367,Low,"pay below market, slow pay growth, long wait for promotion"
E100253,Delivery,L5,Senior (L5-L6),Bengaluru,Woman,South,Tier 3,Job portal,12.9,5,3629000.0,0.807,Below band,33,0.7999999999999999,0.02555172108842926,0.07524752475247524,Low,"long wait for promotion, falling rating, long commute"
E100255,Delivery,L4,Mid (L3-L4),Bengaluru,Man,North,Tier 1,Agency,7.4,3,1836000.0,0.631,Below band,58,0.7999999999999999,0.06840732191058761,0.4867326732673267,Low,"low utilisation, pay below market"
E100258,Delivery,L2,Junior (L1-L2),Bengaluru,Woman,South,Tier 1,Campus,19.2,4,1005000.0,0.95,Within band,89,0.6233333333333334,0.09470453470407761,0.691089108910891,Low,"low utilisation, slow pay growth, falling rating"
E100259,Delivery,L1,Junior (L1-L2),Hyderabad,Man,South,Tier 2,Campus,8.2,4,631000.0,1.113,Above band,27,0.9466666666666667,0.017910647642071047,0.04475247524752475,Low,""
E100260,Quality Engineering,L3,Mid (L3-L4),Bengaluru,Man,South,Tier 2,Agency,6.7,5,2358000.0,1.384,Above band,74,0.8733333333333334,0.022380651353377707,0.06059405940594059,Low,""
E100265,Data and Analytics,L5,Senior (L5-L6),Hyderabad,Man,East,Tier 2,Job portal,9.1,5,3630000.0,0.757,Below band,22,0.8733333333333334,0.011508763623276257,0.013861386138613862,Low,""
E100266,Data and Analytics,L4,Mid (L3-L4),Hyderabad,Man,South,Tier 2,Referral,6.4,3,3146000.0,1.014,Within band,42,0.8966666666666666,0.06443605270764353,0.44396039603960397,Low,slow pay growth
E100267,Corporate Functions,L5,Senior (L5-L6),Hyderabad,Man,South,Tier 3,Job portal,9.1,1,3398000.0,0.881,Below band,62,,0.04691647406968445,0.2689108910891089,Low,"slow pay growth, pay below market, long wait for promotion"
E100271,Data and Analytics,L1,Junior (L1-L2),Bengaluru,Man,East,Tier 3,Campus,8.5,4,854000.0,1.28,Above band,48,0.7333333333333334,0.03860062609976132,0.18495049504950495,Low,low utilisation
E100274,Quality Engineering,L2,Junior (L1-L2),Hyderabad,Woman,Northeast,Tier 2,Rehire,7.5,3,865000.0,0.933,Within band,59,0.9166666666666666,0.044389456555864855,0.24356435643564356,Low,long commute
E100277,Cloud and Infrastructure,L2,Junior (L1-L2),Hyderabad,Man,South,Tier 1,Referral,5.0,4,1319000.0,1.212,Above band,25,0.8133333333333334,0.06146586064484332,0.41346534653465344,Low,""
E100278,Cloud and Infrastructure,L6,Senior (L5-L6),Hyderabad,Man,South,Tier 2,Job portal,8.4,3,5081000.0,0.679,Below band,54,0.8166666666666665,0.010918036764661326,0.009108910891089108,Low,""
E100280,Delivery,L3,Mid (L3-L4),Hyderabad,Woman,West,Tier 3,Job portal,4.9,2,831000.0,0.471,Below band,48,0.88,0.10243061999594055,0.737029702970297,Medium,"slow pay growth, pay below market, falling rating"
E100282,Consulting,L6,Senior (L5-L6),Bengaluru,Man,South,Tier 2,Referral,7.3,4,7883000.0,0.985,Within band,24,0.8433333333333334,0.011446844215422454,0.013069306930693069,Low,""
E100285,Consulting,L1,Junior (L1-L2),Hyderabad,Man,South,Tier 3,Campus,5.4,4,682000.0,1.093,Within band,10,0.7633333333333333,0.09342039936685231,0.6815841584158416,Low,"low utilisation, long commute, slow pay growth"
E100286,Consulting,L4,Mid (L3-L4),Hyderabad,Man,South,Tier 2,Campus,12.5,4,1115000.0,0.366,Below band,53,0.8233333333333334,0.06113936051122219,0.4091089108910891,Low,"pay below market, low utilisation"
E100297,Delivery,L2,Junior (L1-L2),Hyderabad,Man,South,Tier 3,Referral,5.8,2,766000.0,0.76,Below band,40,0.8733333333333334,0.11526555207273408,0.7968316831683169,Medium,"pay below market, slow pay growth, falling rating"
E100306,Data and Analytics,L3,Mid (L3-L4),Bengaluru,Woman,West,Tier 2,Agency,5.6,4,1603000.0,0.773,Below band,33,0.9500000000000001,0.06983215487790491,0.5025742574257426,Low,"pay below market, falling rating"
E100307,Delivery,L3,Mid (L3-L4),Hyderabad,Woman,Northeast,Tier 3,Referral,5.1,4,1301000.0,0.738,Below band,22,0.9233333333333333,0.08698123359531111,0.6411881188118812,Low,"pay below market, slow pay growth"
E100310,Delivery,L1,Junior (L1-L2),Hyderabad,Woman,South,Tier 2,Campus,11.8,4,763000.0,1.346,Above band,53,0.8433333333333333,0.028805068084285648,0.09584158415841584,Low,""
E100312,Delivery,L2,Junior (L1-L2),Hyderabad,Man,East,Tier 3,Campus,8.3,4,1306000.0,1.296,Above band,71,0.18666666666666668,0.04616625869526153,0.2625742574257426,Low,low utilisation
E100314,Quality Engineering,L4,Mid (L3-L4),Hyderabad,Woman,South,Tier 2,Referral,15.9,4,2448000.0,0.96,Within band,31,0.69,0.07290439142205132,0.5306930693069307,Low,"falling rating, low utilisation, long wait for promotion"
E100315,Delivery,L2,Junior (L1-L2),Hyderabad,Man,North,Tier 2,Campus,6.8,4,887000.0,0.88,Below band,44,0.9400000000000001,0.05330460856493362,0.3318811881188119,Low,pay below market
E100317,Delivery,L1,Junior (L1-L2),Bengaluru,Woman,East,Tier 3,Campus,4.3,3,523000.0,0.879,Below band,61,0.8066666666666666,0.15549591518137218,0.9247524752475248,High,"pay below market, low utilisation, long commute"
E100319,Delivery,L2,Junior (L1-L2),Bengaluru,Man,West,Tier 1,Job portal,4.8,3,1029000.0,0.973,Within band,20,0.8966666666666666,0.05670288482522679,0.3673267326732673,Low,""
E100321,Cloud and Infrastructure,L1,Junior (L1-L2),Bengaluru,Woman,South,Tier 3,Campus,9.1,3,635000.0,0.988,Within band,41,0.8333333333333334,0.04607751881156443,0.2617821782178218,Low,slow pay growth
E100322,Delivery,L1,Junior (L1-L2),Hyderabad,Woman,South,Tier 2,Campus,4.8,5,693000.0,1.222,Above band,36,0.7866666666666666,0.03407295907522306,0.1401980198019802,Low,low utilisation
E100325,Delivery,L2,Junior (L1-L2),Bengaluru,Man,South,Tier 2,Job portal,5.4,3,1183000.0,1.118,Above band,35,0.8099999999999999,0.05236694640397942,0.3211881188118812,Low,""
E100328,Data and Analytics,L1,Junior (L1-L2),Bengaluru,Woman,East,Tier 2,Campus,4.8,4,915000.0,1.372,Above band,54,0.8533333333333334,0.024137782280471348,0.0700990099009901,Low,""
E100329,Quality Engineering,L3,Mid (L3-L4),Hyderabad,Woman,West,Tier 3,Campus,14.3,3,940000.0,0.579,Below band,25,0.82,0.0710115912096412,0.5144554455445545,Low,"pay below market, low utilisation"
E100330,Quality Engineering,L1,Junior (L1-L2),Hyderabad,Woman,East,Tier 3,Campus,4.6,2,386000.0,0.739,Below band,44,0.8933333333333332,0.08823976200392197,0.6491089108910891,Low,"pay below market, slow pay growth"
E100333,Data and Analytics,L2,Junior (L1-L2),Hyderabad,Woman,East,Tier 1,Job portal,4.8,4,1055000.0,0.934,Within band,39,0.9266666666666667,0.0756076627475849,0.5564356435643565,Low,pay below market
E100341,Cloud and Infrastructure,L2,Junior (L1-L2),Hyderabad,Woman,South,Tier 3,Campus,7.8,2,1189000.0,1.093,Within band,31,0.92,0.0824410251811585,0.6091089108910891,Low,"slow pay growth, pay below market"
E100342,Delivery,L2,Junior (L1-L2),Bengaluru,Man,North,Tier 2,Campus,5.1,4,704000.0,0.665,Below band,43,0.59,0.1804724278217273,0.9588118811881188,High,"pay below market, low utilisation, falling rating"
E100343,Delivery,L4,Mid (L3-L4),Bengaluru,Man,South,Tier 2,Agency,8.5,3,3267000.0,1.123,Above band,29,0.8833333333333333,0.04592892002177293,0.2594059405940594,Low,"slow pay growth, long wait for promotion"
E100346,Data and Analytics,L4,Mid (L3-L4),Hyderabad,Man,West,Tier 3,Referral,11.2,3,2837000.0,0.914,Within band,42,0.9266666666666666,0.03111586010323406,0.11445544554455446,Low,pay below market
E100348,Sales and Presales,L1,Junior (L1-L2),Hyderabad,Man,South,Tier 2,Campus,6.4,1,507000.0,0.852,Below band,45,,0.08214558326778167,0.6063366336633663,Low,"pay below market, slow pay growth"
E100352,Cloud and Infrastructure,L3,Mid (L3-L4),Bengaluru,Man,South,Tier 3,Campus,9.3,3,1949000.0,0.975,Within band,52,0.7366666666666667,0.08511095054062313,0.6273267326732673,Low,"low utilisation, slow pay growth"
E100353,Corporate Functions,L2,Junior (L1-L2),Hyderabad,Man,West,Tier 3,Referral,5.6,3,1027000.0,1.132,Above band,32,,0.04128061762348203,0.21267326732673267,Low,""
E100357,Delivery,L4,Mid (L3-L4),Hyderabad,Man,South,Tier 2,Job portal,6.7,3,1764000.0,0.637,Below band,57,0.8933333333333334,0.0433044860378418,0.2320792079207921,Low,pay below market
E100358,Data and Analytics,L1,Junior (L1-L2),Bengaluru,Woman,Northeast,Tier 2,Campus,6.4,4,794000.0,1.19,Above band,97,0.87,0.05446662946403992,0.3433663366336634,Low,long commute
E100365,Delivery,L1,Junior (L1-L2),Bengaluru,Man,Northeast,Tier 3,Campus,4.1,4,608000.0,1.022,Within band,138,0.9133333333333334,0.06119089070678845,0.41108910891089107,Low,long commute
E100370,Consulting,L2,Junior (L1-L2),Hyderabad,Woman,South,Tier 3,Campus,10.2,4,611000.0,0.551,Below band,27,0.9733333333333333,0.04094056302557965,0.2083168316831683,Low,pay below market
E100371,Delivery,L6,Senior (L5-L6),Bengaluru,Man,South,Tier 3,Referral,7.8,4,5315000.0,0.731,Below band,23,0.8766666666666666,0.010956283843225154,0.009900990099009901,Low,""
E100375,Data and Analytics,L2,Junior (L1-L2),Hyderabad,Man,East,Tier 2,Referral,4.8,4,1304000.0,1.155,Above band,30,0.8466666666666667,0.05610108474897157,0.3611881188118812,Low,""
E100376,Delivery,L2,Junior (L1-L2),Hyderabad,Woman,East,Tier 3,Job portal,8.8,4,1190000.0,1.181,Above band,73,0.61,0.046919629596354,0.2693069306930693,Low,low utilisation
E100377,Cloud and Infrastructure,L1,Junior (L1-L2),Hyderabad,Woman,South,Tier 2,Campus,4.5,5,746000.0,1.219,Above band,61,0.8233333333333333,0.04531978381604047,0.25346534653465347,Low,long commute
E100378,Corporate Functions,L2,Junior (L1-L2),Hyderabad,Woman,Northeast,Tier 2,Referral,5.8,3,857000.0,0.945,Within band,53,,0.09932830852836207,0.7188118811881188,Medium,"slow pay growth, pay below market"
E100383,Data and Analytics,L2,Junior (L1-L2),Hyderabad,Man,South,Tier 3,Campus,13.4,3,758000.0,0.671,Below band,150,0.85,0.15107060822292087,0.9152475247524753,High,"pay below market, long commute"
E100384,Sales and Presales,L4,Mid (L3-L4),Hyderabad,Man,East,Tier 2,Campus,7.3,4,2303000.0,0.791,Below band,30,,0.04984877748527471,0.3013861386138614,Low,pay below market
E100385,Corporate Functions,L4,Mid (L3-L4),Bengaluru,Man,South,Tier 3,Referral,7.2,4,2461000.0,0.94,Within band,56,,0.04472433138214432,0.24792079207920792,Low,""
E100386,Quality Engineering,L2,Junior (L1-L2),Hyderabad,Man,South,Tier 2,Campus,7.9,3,728000.0,0.785,Below band,24,0.8933333333333334,0.04684316008306885,0.26772277227722774,Low,pay below market
E100389,Delivery,L3,Mid (L3-L4),Hyderabad,Woman,North,Tier 1,Campus,8.8,3,1746000.0,0.99,Within band,18,0.8233333333333333,0.06555081036926316,0.45821782178217824,Low,slow pay growth
E100394,Delivery,L4,Mid (L3-L4),Hyderabad,Man,South,Tier 3,Referral,6.4,3,1800000.0,0.65,Below band,50,0.7133333333333334,0.09713401507274559,0.7053465346534653,Medium,"slow pay growth, low utilisation, pay below market"
E100399,Delivery,L4,Mid (L3-L4),Hyderabad,Man,South,Tier 2,Referral,6.6,2,3083000.0,1.113,Above band,24,0.43,0.06362634478479351,0.438019801980198,Low,"time on bench, low utilisation, long wait for promotion"
E100400,Consulting,L3,Mid (L3-L4),Hyderabad,Woman,East,Tier 2,Job portal,12.2,3,1674000.0,0.863,Below band,36,0.8533333333333334,0.09058035122753948,0.6657425742574258,Low,"pay below market, slow pay growth, time on bench"
E100401,Delivery,L2,Junior (L1-L2),Bengaluru,Man,East,Tier 3,Job portal,5.2,4,1110000.0,1.049,Within band,58,0.6733333333333333,0.0932405676160404,0.6803960396039604,Low,low utilisation
E100404,Quality Engineering,L2,Junior (L1-L2),Hyderabad,Woman,South,Tier 2,Agency,6.3,4,884000.0,0.954,Within band,28,0.34,0.0807199639393778,0.5972277227722772,Low,"low utilisation, falling rating"
E100406,Delivery,L3,Mid (L3-L4),Hyderabad,Woman,East,Tier 2,Referral,8.0,3,852000.0,0.483,Below band,34,0.39999999999999997,0.0706440031530898,0.5104950495049505,Low,"low utilisation, pay below market"
E100408,Cloud and Infrastructure,L5,Senior (L5-L6),Bengaluru,Man,South,Tier 2,Job portal,8.2,3,5054000.0,1.041,Within band,45,0.4000000000000001,0.04954548354452619,0.2986138613861386,Low,"slow pay growth, low utilisation"
E100409,Quality Engineering,L5,Senior (L5-L6),Hyderabad,Man,West,Tier 2,Job portal,10.2,3,2850000.0,0.723,Below band,20,0.34,0.01299742400457139,0.026534653465346534,Low,""
E100413,Corporate Functions,L2,Junior (L1-L2),Hyderabad,Man,South,Tier 3,Agency,5.3,3,959000.0,1.057,Within band,75,,0.06386967977693865,0.4403960396039604,Low,""
E100414,Delivery,L3,Mid (L3-L4),Hyderabad,Man,South,Tier 3,Referral,6.9,3,2155000.0,1.222,Above band,47,0.7566666666666668,0.03307243952058409,0.1318811881188119,Low,low utilisation
E100418,Data and Analytics,L4,Mid (L3-L4),Hyderabad,Woman,West,Tier 1,Job portal,5.9,5,3364000.0,1.084,Within band,94,0.8433333333333334,0.12937893184381222,0.860990099009901,Medium,"long commute, slow pay growth, falling rating"
E100421,Delivery,L2,Junior (L1-L2),Hyderabad,Man,Northeast,Tier 2,Job portal,5.0,3,776000.0,0.77,Below band,35,0.9366666666666666,0.0812044331613739,0.601980198019802,Low,pay below market
E100425,Delivery,L2,Junior (L1-L2),Hyderabad,Woman,South,Tier 3,Campus,12.7,3,1123000.0,1.114,Above band,51,0.8799999999999999,0.024620183291062147,0.07128712871287128,Low,""
E100427,Consulting,L1,Junior (L1-L2),Hyderabad,Woman,South,Tier 3,Campus,4.7,3,689000.0,1.104,Above band,38,0.8433333333333333,0.03325378620666831,0.13346534653465347,Low,""
E100429,Delivery,L2,Junior (L1-L2),Bengaluru,Man,South,Tier 3,Agency,5.8,3,1135000.0,1.073,Within band,126,0.93,0.1187144951222006,0.8126732673267326,Medium,"long commute, slow pay growth"
E100435,Cloud and Infrastructure,L2,Junior (L1-L2),Bengaluru,Man,North,Tier 3,Campus,6.5,2,1064000.0,0.931,Within band,42,0.86,0.08581529468582895,0.6340594059405941,Low,"slow pay growth, pay below market"
E100436,Quality Engineering,L5,Senior (L5-L6),Bengaluru,Man,West,Tier 2,Agency,8.3,4,3191000.0,0.771,Below band,39,0.7733333333333333,0.016836364569835012,0.04118811881188119,Low,""
E100440,Delivery,L1,Junior (L1-L2),Bengaluru,Man,South,Tier 3,Campus,7.5,3,557000.0,0.936,Within band,30,0.2833333333333334,0.07716209540279426,0.5699009900990099,Low,"low utilisation, slow pay growth"
E100444,Quality Engineering,L3,Mid (L3-L4),Bengaluru,Man,East,Tier 3,Referral,6.1,3,1056000.0,0.62,Below band,17,0.8333333333333334,0.06252787218297934,0.4265346534653465,Low,"pay below market, low utilisation"
E100447,Delivery,L5,Senior (L5-L6),Hyderabad,Man,South,Tier 2,Referral,7.3,3,4000000.0,0.934,Within band,38,0.8966666666666666,0.010198124018976327,0.006336633663366337,Low,""
E100448,Data and Analytics,L3,Mid (L3-L4),Bengaluru,Man,South,Tier 3,Agency,12.9,4,2011000.0,0.97,Within band,42,0.8766666666666666,0.07229670803898235,0.525940594059406,Low,falling rating
E100450,Cloud and Infrastructure,L3,Mid (L3-L4),Hyderabad,Man,South,Tier 2,Campus,10.8,3,2183000.0,1.146,Above band,41,0.6133333333333333,0.03188557537236712,0.12118811881188118,Low,low utilisation
E100451,Delivery,L4,Mid (L3-L4),Hyderabad,Man,West,Tier 2,Rehire,7.0,3,2052000.0,0.741,Below band,76,0.8766666666666666,0.08663288335639953,0.64,Low,"slow pay growth, pay below market, long commute"
E100453,Sales and Presales,L3,Mid (L3-L4),Hyderabad,Man,West,Tier 2,Campus,10.1,3,2471000.0,1.334,Above band,37,,0.0496360800351814,0.2994059405940594,Low,slow pay growth
E100454,Consulting,L1,Junior (L1-L2),Hyderabad,Woman,East,Tier 2,Campus,7.0,1,520000.0,0.833,Below band,25,0.9899999999999999,0.040072928352841146,0.19841584158415843,Low,"long wait for promotion, pay below market, slow pay growth"
E100456,Delivery,L3,Mid (L3-L4),Bengaluru,Man,South,Tier 2,Campus,10.4,3,1771000.0,0.956,Within band,25,0.9233333333333333,0.032191812354865366,0.12396039603960396,Low,""
E100458,Cloud and Infrastructure,L4,Mid (L3-L4),Hyderabad,Man,North,Tier 1,Rehire,8.3,4,2893000.0,0.967,Within band,29,0.86,0.07020332848535489,0.5061386138613861,Low,"long wait for promotion, slow pay growth, falling rating"
E100459,Cloud and Infrastructure,L1,Junior (L1-L2),Hyderabad,Man,South,Tier 2,Campus,4.3,3,712000.0,1.163,Above band,28,0.9366666666666666,0.025543407157628577,0.07485148514851485,Low,""
E100461,Quality Engineering,L6,Senior (L5-L6),Bengaluru,Man,South,Tier 3,Job portal,8.7,3,7400000.0,1.106,Above band,38,0.37333333333333335,0.02306311877927445,0.06336633663366337,Low,"time on bench, low utilisation"
E100463,Delivery,L6,Senior (L5-L6),Bengaluru,Man,South,Tier 3,Job portal,8.3,3,6010000.0,0.826,Below band,87,0.9,0.017588452793396034,0.04356435643564356,Low,long commute
E100464,Quality Engineering,L2,Junior (L1-L2),Bengaluru,Woman,South,Tier 2,Campus,7.1,3,558000.0,0.573,Below band,36,0.7533333333333333,0.06801560928230475,0.48277227722772276,Low,"low utilisation, pay below market"
E100470,Delivery,L1,Junior (L1-L2),Hyderabad,Woman,South,Tier 1,Campus,5.9,3,540000.0,0.952,Within band,29,0.85,0.035456943108145664,0.15247524752475247,Low,""
E100471,Data and Analytics,L5,Senior (L5-L6),Hyderabad,Woman,South,Tier 1,Referral,11.8,2,4063000.0,0.847,Below band,56,0.9366666666666666,0.048748712276505256,0.29108910891089107,Low,"slow pay growth, low utilisation, long wait for promotion"
E100473,Delivery,L3,Mid (L3-L4),Hyderabad,Man,East,Tier 3,Campus,7.7,5,2297000.0,1.302,Above band,21,0.9500000000000001,0.022279926909642603,0.060198019801980196,Low,""
E100474,Quality Engineering,L2,Junior (L1-L2),Bengaluru,Woman,South,Tier 2,Campus,6.3,3,975000.0,1.001,Within band,45,0.9233333333333333,0.0366603510123428,0.16435643564356436,Low,""
E100476,Delivery,L3,Mid (L3-L4),Bengaluru,Woman,South,Tier 2,Campus,14.6,4,1455000.0,0.786,Below band,20,0.8799999999999999,0.04338649767713119,0.23366336633663368,Low,pay below market
E100477,Quality Engineering,L2,Junior (L1-L2),Hyderabad,Man,North,Tier 3,Job portal,12.5,3,880000.0,0.949,Within band,47,0.8466666666666667,0.03690733004555262,0.16633663366336635,Low,""
E100478,Delivery,L2,Junior (L1-L2),Hyderabad,Woman,South,Tier 3,Campus,13.5,2,835000.0,0.828,Below band,68,0.8533333333333334,0.0998964549278153,0.7243564356435643,Medium,"pay below market, slow pay growth, long wait for promotion"
E100481,Data and Analytics,L1,Junior (L1-L2),Hyderabad,Woman,East,Tier 2,Campus,4.6,4,822000.0,1.294,Above band,23,0.9433333333333334,0.027422600005773328,0.08554455445544555,Low,""
E100485,Cloud and Infrastructure,L2,Junior (L1-L2),Bengaluru,Man,South,Tier 3,Job portal,6.3,3,1189000.0,1.04,Within band,73,0.8866666666666667,0.06520068144905043,0.4538613861386139,Low,slow pay growth
E100486,Delivery,L3,Mid (L3-L4),Hyderabad,Woman,Northeast,Tier 1,Agency,9.3,3,1223000.0,0.693,Below band,26,0.4366666666666667,0.08555208401294966,0.6312871287128713,Low,"low utilisation, pay below market"
E100488,Delivery,L1,Junior (L1-L2),Bengaluru,Man,Northeast,Tier 1,Campus,4.8,4,645000.0,1.084,Within band,48,0.8966666666666666,0.03693396641308791,0.16792079207920793,Low,""
E100490,Quality Engineering,L1,Junior (L1-L2),Bengaluru,Man,West,Tier 3,Campus,11.8,4,577000.0,1.053,Within band,82,0.9333333333333332,0.0513124095588104,0.3120792079207921,Low,"long commute, slow pay growth"
E100491,Quality Engineering,L6,Senior (L5-L6),Hyderabad,Man,South,Tier 2,Agency,8.3,5,3396000.0,0.533,Below band,62,0.8500000000000001,0.016944414515162695,0.04237623762376238,Low,""
E100493,Quality Engineering,L3,Mid (L3-L4),Bengaluru,Woman,South,Tier 2,Campus,7.8,3,2187000.0,1.283,Above band,26,0.7833333333333333,0.03245215711741694,0.12673267326732673,Low,low utilisation
E100494,Corporate Functions,L6,Senior (L5-L6),Bengaluru,Man,North,Tier 2,Referral,21.9,3,4014000.0,0.613,Below band,66,,0.04276551437036099,0.22455445544554456,Low,"slow pay growth, pay below market"
E100496,Delivery,L6,Senior (L5-L6),Bengaluru,Man,North,Tier 3,Referral,7.8,3,5436000.0,0.747,Below band,61,0.7866666666666666,0.013619368507477471,0.029306930693069305,Low,""
E100497,Delivery,L2,Junior (L1-L2),Hyderabad,Man,South,Tier 3,Campus,5.7,5,653000.0,0.648,Below band,39,0.9033333333333333,0.09412677532845906,0.6875247524752475,Low,"slow pay growth, pay below market"
E100499,Delivery,L4,Mid (L3-L4),Bengaluru,Man,East,Tier 2,Campus,9.3,3,1635000.0,0.562,Below band,52,0.89,0.07351111287286967,0.5354455445544555,Low,"slow pay growth, pay below market, long wait for promotion"
E100502,Data and Analytics,L3,Mid (L3-L4),Hyderabad,Man,North,Tier 1,Agency,5.0,4,1277000.0,0.647,Below band,43,0.9666666666666667,0.08658643348091401,0.6396039603960396,Low,"pay below market, falling rating"
E100503,Delivery,L1,Junior (L1-L2),Hyderabad,Woman,North,Tier 3,Campus,11.5,3,597000.0,1.053,Within band,63,0.8766666666666666,0.039339454481968045,0.1916831683168317,Low,"slow pay growth, long commute"
E100505,Cloud and Infrastructure,L6,Senior (L5-L6),Hyderabad,Man,South,Tier 2,Job portal,8.8,3,7207000.0,0.963,Within band,80,0.7799999999999999,0.05600568972925059,0.3607920792079208,Low,"slow pay growth, low utilisation, long commute"
E100506,Delivery,L4,Mid (L3-L4),Hyderabad,Man,South,Tier 3,Job portal,7.8,2,2530000.0,0.913,Within band,38,0.7766666666666667,0.07511890069681353,0.5524752475247525,Low,"slow pay growth, low utilisation"
E100507,Corporate Functions,L2,Junior (L1-L2),Hyderabad,Woman,South,Tier 2,Agency,4.9,4,993000.0,1.095,Within band,53,,0.06057160188331509,0.4031683168316832,Low,""
E100509,Delivery,L4,Mid (L3-L4),Hyderabad,Woman,South,Tier 3,Job portal,6.3,3,3149000.0,1.136,Above band,46,0.85,0.03525794564943824,0.1508910891089109,Low,slow pay growth
E100511,Delivery,L6,Senior (L5-L6),Hyderabad,Man,North,Tier 1,Agency,12.8,3,8094000.0,1.168,Above band,50,0.7999999999999999,0.06150715998948623,0.41504950495049503,Low,"slow pay growth, low utilisation, long wait for promotion"
E100516,Delivery,L4,Mid (L3-L4),Hyderabad,Man,Northeast,Tier 3,Campus,12.1,4,2308000.0,0.833,Below band,58,0.7566666666666667,0.05591641436618589,0.36,Low,"pay below market, low utilisation"
E100518,Delivery,L2,Junior (L1-L2),Hyderabad,Man,North,Tier 3,Campus,7.3,4,701000.0,0.695,Below band,26,0.34,0.07719646586240907,0.5706930693069306,Low,"pay below market, low utilisation"
E100519,Corporate Functions,L3,Mid (L3-L4),Hyderabad,Woman,North,Tier 1,Referral,7.8,4,1778000.0,1.12,Above band,37,,0.02679504333878672,0.0803960396039604,Low,""
E100520,Data and Analytics,L6,Senior (L5-L6),Bengaluru,Man,West,Tier 3,Referral,9.2,4,6518000.0,0.8,Below band,135,0.9033333333333333,0.033669730217239166,0.13623762376237625,Low,long commute
E100522,Delivery,L5,Senior (L5-L6),Bengaluru,Man,South,Tier 2,Referral,8.0,3,5279000.0,1.174,Above band,33,0.7600000000000001,0.014147548204603554,0.03089108910891089,Low,""
E100525,Cloud and Infrastructure,L1,Junior (L1-L2),Bengaluru,Man,South,Tier 3,Campus,8.7,3,793000.0,1.233,Above band,33,0.8966666666666666,0.017936246839280464,0.04514851485148515,Low,""
E100529,Quality Engineering,L2,Junior (L1-L2),Hyderabad,Man,Northeast,Tier 3,Campus,12.5,2,752000.0,0.811,Below band,28,0.9233333333333333,0.08084189502281629,0.5984158415841584,Low,"slow pay growth, pay below market"
E100532,Delivery,L3,Mid (L3-L4),Hyderabad,Man,North,Tier 1,Campus,8.3,3,1996000.0,1.132,Above band,41,0.7766666666666667,0.040129583839956545,0.19881188118811882,Low,low utilisation
E100533,Delivery,L2,Junior (L1-L2),Bengaluru,Man,East,Tier 2,Referral,7.8,4,1170000.0,1.106,Above band,67,0.8933333333333334,0.03851977177756094,0.18455445544554455,Low,long commute
E100534,Corporate Functions,L5,Senior (L5-L6),Bengaluru,Man,Northeast,Tier 1,Referral,7.3,4,3380000.0,0.835,Below band,64,,0.016613940995914813,0.040792079207920794,Low,""
E100538,Sales and Presales,L6,Senior (L5-L6),Hyderabad,Man,South,Tier 2,Referral,7.7,3,4987000.0,0.685,Below band,22,,0.012371822674658108,0.021386138613861388,Low,""
E100544,Data and Analytics,L3,Mid (L3-L4),Hyderabad,Woman,North,Tier 3,Job portal,7.6,3,1060000.0,0.537,Below band,31,0.9033333333333333,0.042510614753465,0.2213861386138614,Low,pay below market
E100552,Corporate Functions,L2,Junior (L1-L2),Bengaluru,Woman,South,Tier 3,Campus,16.9,3,821000.0,0.862,Below band,77,,0.13898736564814357,0.8831683168316832,Medium,"pay below market, long commute"
E100561,Quality Engineering,L4,Mid (L3-L4),Hyderabad,Woman,East,Tier 2,Campus,6.8,4,1800000.0,0.706,Below band,14,0.87,0.04923280127502931,0.2958415841584158,Low,pay below market
E100563,Data and Analytics,L5,Senior (L5-L6),Bengaluru,Woman,South,Tier 2,Referral,10.4,3,4549000.0,0.903,Within band,42,0.7033333333333333,0.016316877131658764,0.039603960396039604,Low,""
E100564,Data and Analytics,L4,Mid (L3-L4),Hyderabad,Man,South,Tier 3,Campus,8.3,4,2822000.0,0.909,Within band,70,0.7733333333333333,0.0600423646903863,0.39762376237623764,Low,"pay below market, low utilisation"
E100565,Delivery,L4,Mid (L3-L4),Hyderabad,Man,East,Tier 2,Referral,13.9,2,2275000.0,0.821,Below band,37,0.8266666666666667,0.08647456773909407,0.638019801980198,Low,"pay below market, slow pay growth, long wait for promotion"
E100574,Quality Engineering,L2,Junior (L1-L2),Hyderabad,Woman,South,Tier 3,Campus,17.8,3,532000.0,0.574,Below band,57,0.9133333333333334,0.10924849652380389,0.7679207920792079,Medium,"pay below market, slow pay growth"
E100575,Sales and Presales,L1,Junior (L1-L2),Hyderabad,Woman,South,Tier 3,Campus,4.5,4,606000.0,1.018,Within band,47,,0.055599784948253114,0.356039603960396,Low,""
E100577,Delivery,L3,Mid (L3-L4),Hyderabad,Man,South,Tier 3,Referral,6.8,3,1900000.0,1.077,Within band,46,0.7200000000000001,0.048632872680477626,0.2887128712871287,Low,low utilisation
E100578,Data and Analytics,L5,Senior (L5-L6),Hyderabad,Man,North,Tier 3,Job portal,8.6,3,4877000.0,1.017,Within band,74,0.09333333333333334,0.06433494776691737,0.44356435643564357,Low,"slow pay growth, low utilisation, pay below market"
E100579,Delivery,L4,Mid (L3-L4),Hyderabad,Man,South,Tier 3,Campus,6.8,3,2012000.0,0.726,Below band,44,0.82,0.05859576001513329,0.38613861386138615,Low,"pay below market, low utilisation"
E100580,Delivery,L6,Senior (L5-L6),Hyderabad,Man,South,Tier 2,Referral,7.9,3,4376000.0,0.632,Below band,52,0.6366666666666666,0.015537896666518863,0.037227722772277226,Low,""
E100581,Delivery,L3,Mid (L3-L4),Bengaluru,Woman,South,Tier 3,Job portal,8.6,3,1943000.0,1.049,Within band,35,0.7033333333333333,0.05570336176337899,0.358019801980198,Low,"low utilisation, time on bench"
E100585,Sales and Presales,L1,Junior (L1-L2),Bengaluru,Man,South,Tier 2,Campus,5.4,5,798000.0,1.277,Above band,57,,0.03279179266200927,0.12831683168316832,Low,""
E100586,Data and Analytics,L4,Mid (L3-L4),Bengaluru,Man,South,Tier 1,Campus,7.8,3,2329000.0,0.715,Below band,56,0.5366666666666667,0.08025400596252466,0.5928712871287128,Low,"low utilisation, pay below market, slow pay growth"
E100587,Quality Engineering,L1,Junior (L1-L2),Hyderabad,Woman,South,Tier 3,Campus,5.1,3,553000.0,1.059,Within band,22,0.83,0.0513471722811827,0.3124752475247525,Low,""
E100591,Delivery,L3,Mid (L3-L4),Bengaluru,Man,South,Tier 3,Campus,18.4,3,1049000.0,0.566,Below band,28,0.7766666666666667,0.09449191082342269,0.689108910891089,Low,"low utilisation, pay below market"
E100592,Delivery,L2,Junior (L1-L2),Hyderabad,Man,North,Tier 3,Campus,13.8,3,943000.0,0.936,Within band,37,0.8566666666666668,0.05800779554357063,0.3821782178217822,Low,"time on bench, pay below market"
E100599,Consulting,L3,Mid (L3-L4),Bengaluru,Man,South,Tier 3,Job portal,12.3,4,1376000.0,0.676,Below band,26,0.9166666666666666,0.03808678479239328,0.18138613861386138,Low,pay below market
E100601,Delivery,L5,Senior (L5-L6),Hyderabad,Man,South,Tier 3,Rehire,7.4,3,3619000.0,0.845,Below band,51,0.8033333333333333,0.016533299652329476,0.0403960396039604,Low,""
E100603,Data and Analytics,L1,Junior (L1-L2),Hyderabad,Man,South,Tier 3,Campus,8.3,3,528000.0,0.831,Below band,74,0.7833333333333333,0.09787021824263156,0.7100990099009901,Medium,"pay below market, low utilisation, slow pay growth"
E100604,Cloud and Infrastructure,L1,Junior (L1-L2),Hyderabad,Woman,South,Tier 2,Campus,5.1,3,536000.0,0.876,Below band,39,0.5366666666666666,0.1358848973937729,0.8764356435643564,Medium,"pay below market, low utilisation"
E100606,Cloud and Infrastructure,L1,Junior (L1-L2),Bengaluru,Woman,South,Tier 2,Campus,5.3,3,679000.0,1.056,Within band,54,0.8833333333333333,0.05100537452199181,0.3097029702970297,Low,slow pay growth
E100607,Corporate Functions,L1,Junior (L1-L2),Hyderabad,Woman,East,Tier 3,Campus,6.5,4,486000.0,0.953,Within band,38,,0.03591850791797052,0.15762376237623762,Low,""
E100608,Delivery,L1,Junior (L1-L2),Hyderabad,Woman,East,Tier 2,Campus,4.2,5,639000.0,1.127,Above band,38,0.91,0.02694332290427818,0.08158415841584159,Low,""
E100609,Delivery,L2,Junior (L1-L2),Hyderabad,Man,Northeast,Tier 2,Campus,5.8,3,508000.0,0.504,Below band,40,0.7866666666666667,0.1108874139192711,0.7754455445544555,Medium,"low utilisation, pay below market, falling rating"
E100615,Quality Engineering,L2,Junior (L1-L2),Bengaluru,Man,South,Tier 3,Campus,5.8,4,621000.0,0.638,Below band,33,0.8266666666666667,0.1134501635930759,0.7897029702970297,Medium,"pay below market, low utilisation, slow pay growth"
E100622,Delivery,L2,Junior (L1-L2),Hyderabad,Woman,East,Tier 1,Campus,4.6,5,558000.0,0.554,Below band,18,0.8566666666666668,0.12929411884999614,0.8601980198019802,Medium,"pay below market, slow pay growth, falling rating"
E100624,Delivery,L2,Junior (L1-L2),Bengaluru,Man,South,Tier 1,Rehire,6.2,4,1256000.0,1.187,Above band,34,0.81,0.04159401129691919,0.21425742574257425,Low,""
E100625,Delivery,L3,Mid (L3-L4),Hyderabad,Man,South,Tier 3,Job portal,5.4,5,2442000.0,1.384,Above band,17,0.8433333333333334,0.023687156247083015,0.06693069306930693,Low,""
E100626,Delivery,L1,Junior (L1-L2),Hyderabad,Man,North,Tier 1,Campus,7.5,4,659000.0,1.162,Above band,43,0.7966666666666667,0.031013609335440877,0.11247524752475248,Low,low utilisation
E100627,Cloud and Infrastructure,L1,Junior (L1-L2),Hyderabad,Woman,South,Tier 1,Campus,6.8,3,450000.0,0.735,Below band,22,0.91,0.06146149977260621,0.41287128712871285,Low,"slow pay growth, pay below market"
E100628,Consulting,L5,Senior (L5-L6),Bengaluru,Woman,South,Tier 1,Job portal,15.1,3,2655000.0,0.537,Below band,86,0.9500000000000001,0.015738203013652145,0.03762376237623762,Low,long commute
E100629,Quality Engineering,L2,Junior (L1-L2),Hyderabad,Man,Northeast,Tier 2,Job portal,4.8,3,897000.0,0.968,Within band,57,0.7733333333333334,0.10686808351799366,0.7584158415841584,Medium,low utilisation
E100630,Cloud and Infrastructure,L2,Junior (L1-L2),Hyderabad,Woman,South,Tier 2,Campus,6.1,4,1102000.0,1.013,Within band,31,0.8766666666666666,0.037895560895025125,0.1794059405940594,Low,""
E100635,Delivery,L3,Mid (L3-L4),Hyderabad,Woman,West,Tier 1,Job portal,12.7,4,1157000.0,0.656,Below band,18,0.9433333333333334,0.04171917583896617,0.21544554455445544,Low,"pay below market, falling rating"
E100636,Consulting,L6,Senior (L5-L6),Hyderabad,Man,South,Tier 2,Referral,11.5,1,5031000.0,0.66,Below band,26,0.75,0.020888214882823372,0.053465346534653464,Low,slow pay growth
E100637,Delivery,L5,Senior (L5-L6),Hyderabad,Man,South,Tier 2,Job portal,12.2,4,3919000.0,0.915,Within band,25,0.9,0.048673997744266444,0.2895049504950495,Low,"slow pay growth, long wait for promotion, falling rating"
E100640,Data and Analytics,L3,Mid (L3-L4),Hyderabad,Man,West,Tier 3,Referral,8.5,3,2356000.0,1.193,Above band,46,0.5866666666666666,0.035621501939442884,0.15366336633663366,Low,low utilisation
E100645,Sales and Presales,L1,Junior (L1-L2),Bengaluru,Man,North,Tier 1,Campus,5.0,3,697000.0,1.115,Above band,72,,0.05249919745963205,0.32396039603960397,Low,long commute
E100646,Consulting,L2,Junior (L1-L2),Hyderabad,Man,South,Tier 2,Campus,8.2,3,645000.0,0.582,Below band,30,0.8966666666666666,0.05440951625641448,0.3421782178217822,Low,pay below market
E100648,Data and Analytics,L3,Mid (L3-L4),Hyderabad,Woman,North,Tier 3,Agency,8.1,4,2097000.0,1.062,Within band,34,0.7866666666666666,0.05346355688541234,0.3338613861386139,Low,low utilisation
E100651,Corporate Functions,L3,Mid (L3-L4),Hyderabad,Man,South,Tier 1,Campus,14.6,3,1120000.0,0.706,Below band,40,,0.04860326387086287,0.2879207920792079,Low,pay below market
E100654,Delivery,L6,Senior (L5-L6),Bengaluru,Man,East,Tier 3,Job portal,9.7,4,3779000.0,0.519,Below band,39,0.7866666666666667,0.011954663522038788,0.01702970297029703,Low,""
E100656,Data and Analytics,L5,Senior (L5-L6),Bengaluru,Man,South,Tier 2,Referral,12.8,3,5907000.0,1.173,Above band,48,0.75,0.06467085348819877,0.44514851485148516,Low,"slow pay growth, low utilisation, long wait for promotion"
E100657,Data and Analytics,L1,Junior (L1-L2),Hyderabad,Man,South,Tier 1,Campus,4.2,3,623000.0,0.981,Within band,71,0.93,0.0697918031373793,0.5017821782178218,Low,"slow pay growth, long commute"
E100658,Cloud and Infrastructure,L4,Mid (L3-L4),Hyderabad,Man,Northeast,Tier 3,Agency,6.8,4,2008000.0,0.671,Below band,39,0.7933333333333333,0.06913166637152812,0.49386138613861386,Low,"low utilisation, pay below market, falling rating"
E100663,Delivery,L2,Junior (L1-L2),Hyderabad,Woman,South,Tier 3,Campus,15.4,3,1020000.0,1.012,Within band,41,0.8666666666666667,0.033574607883999616,0.13504950495049506,Low,""
E100668,Delivery,L2,Junior (L1-L2),Bengaluru,Man,North,Tier 2,Agency,5.2,2,1065000.0,1.007,Within band,39,0.81,0.10494307089642539,0.7481188118811881,Medium,"low utilisation, slow pay growth"
E100672,Delivery,L6,Senior (L5-L6),Hyderabad,Woman,South,Tier 2,Referral,13.4,3,4970000.0,0.717,Below band,38,0.8666666666666667,0.010336910864589067,0.006732673267326733,Low,""
E100673,Delivery,L2,Junior (L1-L2),Hyderabad,Woman,South,Tier 2,Referral,6.8,5,1169000.0,1.16,Above band,39,0.79,0.04356169005533914,0.23603960396039603,Low,low utilisation
E100674,Delivery,L4,Mid (L3-L4),Bengaluru,Woman,East,Tier 2,Agency,11.8,2,2757000.0,0.947,Within band,67,0.93,0.05025226827242372,0.30376237623762375,Low,slow pay growth
E100675,Cloud and Infrastructure,L5,Senior (L5-L6),Bengaluru,Man,South,Tier 2,Job portal,10.8,3,2621000.0,0.54,Below band,68,0.8966666666666666,0.02723951545199478,0.08396039603960397,Low,slow pay growth
E100678,Cloud and Infrastructure,L4,Mid (L3-L4),Bengaluru,Man,South,Tier 3,Referral,9.1,3,2039000.0,0.649,Below band,150,0.8500000000000001,0.06659864164955327,0.4689108910891089,Low,"long commute, pay below market"
E100681,Delivery,L2,Junior (L1-L2),Hyderabad,Man,North,Tier 3,Agency,5.8,3,912000.0,0.905,Within band,50,0.8733333333333334,0.08416416527722642,0.619009900990099,Low,"slow pay growth, pay below market"
E100683,Delivery,L3,Mid (L3-L4),Bengaluru,Woman,South,Tier 3,Agency,5.5,4,1849000.0,0.998,Within band,21,0.9433333333333334,0.07759591690185444,0.5742574257425742,Low,slow pay growth
E100684,Delivery,L1,Junior (L1-L2),Hyderabad,Woman,West,Tier 2,Campus,4.3,3,484000.0,0.854,Below band,30,0.88,0.06870696715854047,0.4899009900990099,Low,pay below market
E100686,Consulting,L2,Junior (L1-L2),Bengaluru,Man,South,Tier 3,Referral,5.3,3,1238000.0,1.064,Within band,27,0.8266666666666667,0.05402752320467852,0.33861386138613864,Low,""
E100687,Cloud and Infrastructure,L3,Mid (L3-L4),Hyderabad,Man,South,Tier 2,Campus,4.6,3,768000.0,0.403,Below band,40,0.09000000000000001,0.12785260865150758,0.8538613861386138,Medium,"low utilisation, pay below market"
E100691,Consulting,L1,Junior (L1-L2),Hyderabad,Man,South,Tier 2,Campus,4.6,3,786000.0,1.26,Above band,65,0.9333333333333332,0.06863887370717818,0.4883168316831683,Low,"long commute, slow pay growth"
E100692,Data and Analytics,L4,Mid (L3-L4),Hyderabad,Man,East,Tier 3,Job portal,6.6,3,3633000.0,1.17,Above band,40,0.8566666666666666,0.0248563724432274,0.07247524752475247,Low,""
E100693,Delivery,L1,Junior (L1-L2),Bengaluru,Woman,North,Tier 1,Campus,5.3,3,580000.0,0.975,Within band,57,0.8266666666666667,0.08400800882403736,0.6178217821782178,Low,long commute
E100697,Cloud and Infrastructure,L1,Junior (L1-L2),Bengaluru,Woman,South,Tier 2,Campus,4.5,3,622000.0,0.967,Within band,51,0.8233333333333333,0.07279179148529226,0.5299009900990099,Low,low utilisation
E100698,Delivery,L2,Junior (L1-L2),Hyderabad,Man,South,Tier 1,Job portal,8.5,2,926000.0,0.919,Within band,32,0.8133333333333334,0.08257989377832683,0.6106930693069307,Low,"slow pay growth, pay below market"
E100703,Quality Engineering,L3,Mid (L3-L4),Hyderabad,Man,South,Tier 3,Campus,13.6,3,1041000.0,0.641,Below band,44,0.8766666666666666,0.0423892200739209,0.2205940594059406,Low,pay below market
E100704,Delivery,L4,Mid (L3-L4),Bengaluru,Man,South,Tier 2,Referral,5.8,5,1201000.0,0.413,Below band,50,0.9666666666666667,0.03461966210685915,0.14455445544554454,Low,pay below market
E100705,Cloud and Infrastructure,L3,Mid (L3-L4),Hyderabad,Man,South,Tier 3,Campus,11.8,3,1871000.0,0.982,Within band,47,0.8533333333333332,0.04892656195177548,0.29267326732673266,Low,slow pay growth
E100707,Quality Engineering,L4,Mid (L3-L4),Hyderabad,Woman,West,Tier 3,Campus,8.8,4,2123000.0,0.833,Below band,32,0.77,0.05755905456324327,0.3786138613861386,Low,"pay below market, low utilisation"
E100710,Delivery,L3,Mid (L3-L4),Bengaluru,Woman,South,Tier 2,Job portal,5.3,4,1146000.0,0.619,Below band,67,0.89,0.0938037475242738,0.6843564356435644,Low,"slow pay growth, long commute, pay below market"
E100711,Cloud and Infrastructure,L1,Junior (L1-L2),Hyderabad,Man,South,Tier 2,Campus,4.3,4,712000.0,1.163,Above band,38,0.9333333333333332,0.0351475570638712,0.1497029702970297,Low,time on bench
E100712,Delivery,L5,Senior (L5-L6),Hyderabad,Man,East,Tier 2,Referral,9.1,3,3118000.0,0.728,Below band,71,0.8166666666666668,0.013786346873851645,0.030099009900990098,Low,""
E100713,Delivery,L3,Mid (L3-L4),Hyderabad,Woman,North,Tier 2,Campus,13.7,3,1827000.0,1.036,Within band,20,0.5800000000000001,0.07718605218339124,0.5702970297029702,Low,"slow pay growth, low utilisation"
E100715,Delivery,L1,Junior (L1-L2),Bengaluru,Woman,South,Tier 3,Campus,8.8,3,509000.0,0.855,Below band,83,0.85,0.0740801385714793,0.5417821782178218,Low,"pay below market, long commute"
E100716,Delivery,L3,Mid (L3-L4),Hyderabad,Man,South,Tier 3,Campus,7.5,3,1124000.0,0.637,Below band,39,0.8300000000000001,0.06264028122856152,0.4273267326732673,Low,"pay below market, low utilisation"
E100720,Quality Engineering,L2,Junior (L1-L2),Hyderabad,Woman,South,Tier 3,Job portal,5.4,3,887000.0,0.957,Within band,30,0.91,0.05670288482522679,0.3673267326732673,Low,""
E100721,Quality Engineering,L2,Junior (L1-L2),Bengaluru,Man,North,Tier 3,Campus,4.8,4,611000.0,0.627,Below band,41,0.5466666666666667,0.17024588615069747,0.9461386138613861,High,"pay below market, low utilisation, falling rating"
E100724,Corporate Functions,L3,Mid (L3-L4),Bengaluru,Woman,East,Tier 2,Job portal,5.9,2,1372000.0,0.823,Below band,84,,0.099849730474836,0.7239603960396039,Medium,"slow pay growth, pay below market, long commute"
E100725,Data and Analytics,L3,Mid (L3-L4),Bengaluru,Man,South,Tier 3,Campus,8.5,3,2059000.0,0.993,Within band,83,0.8366666666666666,0.06297501726232317,0.4308910891089109,Low,long commute
E100729,Delivery,L2,Junior (L1-L2),Hyderabad,Woman,North,Tier 3,Campus,11.0,5,616000.0,0.611,Below band,28,0.9266666666666667,0.057577442908582306,0.379009900990099,Low,"pay below market, slow pay growth, falling rating"
E100730,Delivery,L3,Mid (L3-L4),Bengaluru,Man,Northeast,Tier 2,Rehire,13.3,4,1490000.0,0.805,Below band,32,0.3433333333333333,0.08626826427807945,0.6364356435643564,Low,"time on bench, low utilisation, pay below market"
E100734,Consulting,L5,Senior (L5-L6),Hyderabad,Woman,North,Tier 1,Referral,12.5,4,3717000.0,0.789,Below band,30,0.93,0.01062892500410416,0.008712871287128714,Low,""
E100737,Delivery,L3,Mid (L3-L4),Hyderabad,Man,Northeast,Tier 3,Job portal,13.4,3,1329000.0,0.753,Below band,28,0.9933333333333333,0.009402433441475141,0.0031683168316831685,Low,""
E100739,Delivery,L3,Mid (L3-L4),Hyderabad,Man,South,Tier 3,Campus,10.4,3,1131000.0,0.641,Below band,26,0.62,0.07705317848175351,0.5687128712871287,Low,"pay below market, low utilisation"
E100744,Quality Engineering,L1,Junior (L1-L2),Hyderabad,Man,South,Tier 3,Campus,6.7,2,519000.0,0.994,Within band,30,0.7533333333333333,0.07888290148402567,0.5817821782178217,Low,"low utilisation, slow pay growth"
E100747,Consulting,L2,Junior (L1-L2),Bengaluru,Man,South,Tier 3,Campus,16.1,3,1472000.0,1.265,Above band,65,0.8866666666666667,0.02841118867207682,0.09386138613861386,Low,long commute
E100749,Quality Engineering,L1,Junior (L1-L2),Bengaluru,Man,South,Tier 1,Campus,4.3,3,533000.0,0.973,Within band,66,0.8933333333333334,0.07080297592669021,0.5116831683168317,Low,"long commute, slow pay growth"
E100752,Delivery,L2,Junior (L1-L2),Hyderabad,Woman,West,Tier 2,Campus,8.3,3,886000.0,0.879,Below band,13,0.79,0.12049640918623637,0.8182178217821782,Medium,"slow pay growth, pay below market, low utilisation"
E100753,Quality Engineering,L1,Junior (L1-L2),Bengaluru,Man,South,Tier 3,Campus,9.8,3,625000.0,1.141,Above band,57,0.8333333333333334,0.028888947549480588,0.09663366336633664,Low,""
E100758,Corporate Functions,L2,Junior (L1-L2),Hyderabad,Man,South,Tier 2,Campus,4.9,3,524000.0,0.578,Below band,22,,0.09733961533101514,0.7061386138613861,Medium,pay below market
E100761,Data and Analytics,L2,Junior (L1-L2),Bengaluru,Man,East,Tier 2,Campus,7.0,4,839000.0,0.708,Below band,26,0.94,0.05092007610450125,0.3089108910891089,Low,pay below market
E100762,Corporate Functions,L3,Mid (L3-L4),Hyderabad,Man,South,Tier 3,Campus,6.1,4,915000.0,0.577,Below band,44,,0.05569709507733046,0.3572277227722772,Low,pay below market
E100766,Delivery,L4,Mid (L3-L4),Hyderabad,Man,North,Tier 1,Rehire,8.5,3,3151000.0,1.137,Above band,38,0.8300000000000001,0.02630112594441237,0.07881188118811881,Low,""
E100768,Delivery,L3,Mid (L3-L4),Bengaluru,Man,South,Tier 2,Agency,5.9,3,1536000.0,0.829,Below band,58,0.87,0.06572571101364193,0.4617821782178218,Low,pay below market
E100770,Delivery,L2,Junior (L1-L2),Hyderabad,Man,South,Tier 2,Campus,7.5,3,1044000.0,1.036,Within band,37,0.8133333333333334,0.05647692151913534,0.36435643564356435,Low,slow pay growth
E100771,Delivery,L1,Junior (L1-L2),Bengaluru,Man,South,Tier 2,Campus,7.6,3,577000.0,0.97,Within band,24,0.86,0.029431362594035844,0.10217821782178217,Low,""
E100772,Cloud and Infrastructure,L6,Senior (L5-L6),Hyderabad,Man,South,Tier 2,Referral,9.4,4,3470000.0,0.464,Below band,44,0.8633333333333333,0.011724520741173044,0.015049504950495049,Low,""
E100774,Delivery,L3,Mid (L3-L4),Hyderabad,Woman,East,Tier 2,Campus,6.0,3,1149000.0,0.651,Below band,25,0.30333333333333334,0.07722347813104646,0.571089108910891,Low,"low utilisation, pay below market"
E100775,Cloud and Infrastructure,L2,Junior (L1-L2),Hyderabad,Woman,South,Tier 1,Agency,4.9,3,1279000.0,1.176,Above band,23,0.8633333333333333,0.054299243702497495,0.3405940594059406,Low,slow pay growth
E100776,Sales and Presales,L4,Mid (L3-L4),Hyderabad,Man,Northeast,Tier 1,Referral,9.3,3,2957000.0,1.016,Within band,20,,0.031976608068691695,0.12277227722772277,Low,""
E100777,Delivery,L3,Mid (L3-L4),Bengaluru,Man,North,Tier 2,Campus,8.8,4,1200000.0,0.648,Below band,31,0.8466666666666667,0.06373321174492916,0.4396039603960396,Low,pay below market
E100778,Delivery,L6,Senior (L5-L6),Hyderabad,Man,East,Tier 1,Agency,11.6,4,7021000.0,1.013,Within band,108,0.32333333333333336,0.1117906229600147,0.7813861386138614,Medium,"long commute, low utilisation, time on bench"
E100780,Cloud and Infrastructure,L3,Mid (L3-L4),Hyderabad,Man,South,Tier 3,Agency,13.2,4,2156000.0,1.132,Above band,72,0.6333333333333333,0.09270055838019874,0.6776237623762377,Low,"low utilisation, long wait for promotion, falling rating"
E100782,Quality Engineering,L3,Mid (L3-L4),Hyderabad,Man,South,Tier 2,Campus,8.1,5,1075000.0,0.662,Below band,33,0.12000000000000001,0.12136089607410357,0.8249504950495049,Medium,"time on bench, low utilisation, falling rating"
E100783,Delivery,L4,Mid (L3-L4),Hyderabad,Man,Northeast,Tier 2,Agency,5.8,5,2257000.0,0.815,Below band,35,0.7566666666666665,0.10699961132425409,0.7596039603960396,Medium,"low utilisation, pay below market, falling rating"
E100784,Cloud and Infrastructure,L2,Junior (L1-L2),Bengaluru,Man,West,Tier 2,Job portal,5.9,3,1184000.0,1.036,Within band,25,0.32666666666666666,0.06704031052583337,0.47405940594059404,Low,low utilisation
E100790,Cloud and Infrastructure,L1,Junior (L1-L2),Hyderabad,Man,East,Tier 2,Campus,9.2,2,479000.0,0.783,Below band,34,0.16333333333333333,0.09166217130073998,0.6700990099009901,Low,"low utilisation, slow pay growth, pay below market"
E100791,Consulting,L2,Junior (L1-L2),Hyderabad,Man,North,Tier 3,Referral,5.1,3,1014000.0,0.914,Within band,47,0.7966666666666665,0.1256884066551793,0.8467326732673267,Medium,"low utilisation, pay below market"
E100796,Delivery,L2,Junior (L1-L2),Hyderabad,Man,Northeast,Tier 1,Campus,6.3,4,1161000.0,1.152,Above band,47,0.8366666666666668,0.03590633269086281,0.15722772277227723,Low,""
E100797,Delivery,L1,Junior (L1-L2),Hyderabad,Man,North,Tier 3,Campus,7.3,3,571000.0,1.007,Within band,47,0.9233333333333333,0.04192920131799556,0.21702970297029703,Low,slow pay growth
E100798,Cloud and Infrastructure,L1,Junior (L1-L2),Bengaluru,Man,South,Tier 3,Campus,6.4,3,575000.0,0.894,Below band,70,0.9,0.04318767582088262,0.2300990099009901,Low,"long commute, pay below market"
E100802,Delivery,L6,Senior (L5-L6),Hyderabad,Man,North,Tier 2,Job portal,8.1,1,3987000.0,0.575,Below band,29,0.8799999999999999,0.010024735034015974,0.005544554455445544,Low,""
E100806,Delivery,L2,Junior (L1-L2),Bengaluru,Man,East,Tier 3,Rehire,9.7,3,1106000.0,1.045,Within band,51,0.8966666666666666,0.03330705547595295,0.13386138613861387,Low,""
E100807,Delivery,L4,Mid (L3-L4),Hyderabad,Man,South,Tier 2,Campus,10.4,3,1047000.0,0.378,Below band,26,0.7933333333333333,0.0548542361306027,0.3461386138613861,Low,"low utilisation, pay below market"
E100811,Data and Analytics,L2,Junior (L1-L2),Bengaluru,Woman,Northeast,Tier 3,Campus,10.3,5,1734000.0,1.463,Above band,53,0.8833333333333333,0.018363624281667063,0.04831683168316832,Low,""
E100812,Quality Engineering,L5,Senior (L5-L6),Hyderabad,Man,South,Tier 2,Campus,9.5,3,2091000.0,0.531,Below band,37,0.04666666666666667,0.011519731762658272,0.014257425742574258,Low,""
E100816,Delivery,L2,Junior (L1-L2),Hyderabad,Man,East,Tier 3,Campus,9.5,4,1185000.0,1.176,Above band,41,0.8566666666666666,0.03281813118667377,0.12871287128712872,Low,""
E100820,Sales and Presales,L1,Junior (L1-L2),Bengaluru,Woman,North,Tier 2,Campus,4.5,4,702000.0,1.123,Above band,70,,0.05635186746761608,0.36396039603960395,Low,long commute
E100824,Delivery,L3,Mid (L3-L4),Hyderabad,Woman,East,Tier 3,Rehire,10.6,2,1667000.0,0.945,Within band,32,0.8866666666666667,0.073053684364085,0.5318811881188119,Low,"slow pay growth, pay below market"
E100829,Quality Engineering,L1,Junior (L1-L2),Hyderabad,Man,South,Tier 2,Campus,12.0,2,332000.0,0.636,Below band,26,0.83,0.06518931137025777,0.4534653465346535,Low,"pay below market, slow pay growth, long wait for promotion"
E100839,Consulting,L2,Junior (L1-L2),Hyderabad,Man,East,Tier 2,Referral,5.0,4,1281000.0,1.155,Above band,41,0.35666666666666663,0.06725158827746978,0.4764356435643564,Low,low utilisation
E100840,Corporate Functions,L3,Mid (L3-L4),Bengaluru,Man,South,Tier 2,Campus,14.3,4,1426000.0,0.855,Below band,21,,0.058733589135468,0.38693069306930694,Low,pay below market
E100841,Data and Analytics,L3,Mid (L3-L4),Hyderabad,Woman,Northeast,Tier 3,Campus,7.9,4,1221000.0,0.618,Below band,51,0.8033333333333333,0.06931115743418345,0.49544554455445544,Low,"pay below market, low utilisation"
E100844,Corporate Functions,L1,Junior (L1-L2),Hyderabad,Man,East,Tier 2,Campus,12.3,3,475000.0,0.931,Within band,56,,0.038259526974774756,0.18297029702970297,Low,""
E100845,Delivery,L3,Mid (L3-L4),Hyderabad,Woman,South,Tier 3,Referral,7.2,5,1175000.0,0.666,Below band,18,0.5733333333333334,0.07441677005746389,0.5445544554455446,Low,"low utilisation, pay below market"
E100848,Delivery,L2,Junior (L1-L2),Hyderabad,Man,East,Tier 3,Job portal,7.7,3,819000.0,0.813,Below band,58,0.5966666666666667,0.17727421618792397,0.9544554455445544,High,"slow pay growth, time on bench, low utilisation"
E100849,Corporate Functions,L1,Junior (L1-L2),Hyderabad,Man,South,Tier 3,Campus,12.8,2,462000.0,0.906,Within band,23,,0.05360090322585995,0.33504950495049507,Low,"slow pay growth, pay below market"
E100851,Delivery,L2,Junior (L1-L2),Bengaluru,Woman,South,Tier 2,Referral,5.5,3,1037000.0,0.98,Within band,23,0.7533333333333333,0.10480974377538316,0.7465346534653465,Medium,low utilisation
E100854,Cloud and Infrastructure,L2,Junior (L1-L2),Bengaluru,Woman,South,Tier 3,Job portal,5.3,3,1135000.0,0.993,Within band,35,0.8766666666666666,0.061407050393851956,0.41227722772277225,Low,""
E100855,Delivery,L2,Junior (L1-L2),Hyderabad,Man,North,Tier 2,Agency,4.8,2,1093000.0,1.084,Within band,50,0.9066666666666666,0.11389546007795029,0.7912871287128713,Medium,"slow pay growth, pay below market"
E100857,Quality Engineering,L2,Junior (L1-L2),Hyderabad,Man,Northeast,Tier 3,Job portal,7.6,3,1027000.0,1.108,Above band,39,0.8666666666666667,0.0278925879698645,0.0895049504950495,Low,""
E100860,Consulting,L6,Senior (L5-L6),Hyderabad,Man,East,Tier 3,Agency,16.2,3,5387000.0,0.707,Below band,25,0.8766666666666666,0.016873166251091542,0.041584158415841586,Low,slow pay growth
E100862,Delivery,L1,Junior (L1-L2),Hyderabad,Man,South,Tier 3,Campus,4.4,5,732000.0,1.291,Above band,48,0.8433333333333334,0.034966807153084076,0.1485148514851485,Low,""
E100863,Delivery,L3,Mid (L3-L4),Bengaluru,Man,West,Tier 3,Campus,7.0,5,1183000.0,0.639,Below band,53,0.8133333333333334,0.07381059127715936,0.5398019801980198,Low,"pay below market, low utilisation"
E100864,Delivery,L4,Mid (L3-L4),Bengaluru,Man,East,Tier 2,Referral,8.1,3,2710000.0,0.931,Within band,32,0.8333333333333334,0.06428488079663303,0.4431683168316832,Low,"slow pay growth, pay below market"
E100865,Delivery,L4,Mid (L3-L4),Hyderabad,Man,South,Tier 3,Job portal,6.8,2,2360000.0,0.852,Below band,43,0.9700000000000001,0.09553367930815318,0.6966336633663366,Low,"pay below market, slow pay growth, long wait for promotion"
E100866,Delivery,L4,Mid (L3-L4),Hyderabad,Man,East,Tier 3,Referral,7.8,3,2143000.0,0.773,Below band,39,0.9,0.06776684003488509,0.48,Low,"slow pay growth, low utilisation, pay below market"
E100868,Data and Analytics,L3,Mid (L3-L4),Bengaluru,Man,South,Tier 2,Job portal,11.0,3,1800000.0,0.868,Below band,47,0.89,0.07509664088726328,0.5516831683168317,Low,"pay below market, slow pay growth"
E100871,Sales and Presales,L1,Junior (L1-L2),Bengaluru,Man,North,Tier 2,Campus,16.1,2,434000.0,0.694,Below band,20,,0.06090662531023998,0.40594059405940597,Low,"pay below market, slow pay growth"
E100873,Delivery,L3,Mid (L3-L4),Bengaluru,Woman,South,Tier 3,Agency,10.0,3,1861000.0,1.005,Within band,45,0.8966666666666666,0.03367895459020841,0.13663366336633664,Low,""
E100874,Delivery,L5,Senior (L5-L6),Bengaluru,Man,South,Tier 2,Job portal,7.0,3,5484000.0,1.219,Above band,59,0.7999999999999999,0.012260176241717272,0.019801980198019802,Low,""
E100875,Corporate Functions,L2,Junior (L1-L2),Hyderabad,Woman,West,Tier 2,Job portal,4.8,3,966000.0,1.065,Within band,23,,0.06574808962241248,0.4621782178217822,Low,slow pay growth
E100876,Delivery,L4,Mid (L3-L4),Bengaluru,Woman,South,Tier 2,Job portal,7.3,3,2718000.0,0.934,Within band,47,0.8666666666666666,0.04141957767456983,0.21306930693069306,Low,pay below market
E100877,Data and Analytics,L1,Junior (L1-L2),Hyderabad,Man,North,Tier 1,Campus,4.7,5,758000.0,1.194,Above band,21,0.7833333333333333,0.03640376020643763,0.16237623762376238,Low,low utilisation
E100878,Delivery,L5,Senior (L5-L6),Hyderabad,Man,South,Tier 3,Job portal,10.5,2,3609000.0,0.843,Below band,50,0.8633333333333333,0.03630948876927778,0.1611881188118812,Low,slow pay growth
E100879,Sales and Presales,L6,Senior (L5-L6),Bengaluru,Man,South,Tier 3,Job portal,8.6,3,6341000.0,0.83,Below band,51,,0.03684097986449557,0.16554455445544555,Low,slow pay growth
E100880,Cloud and Infrastructure,L1,Junior (L1-L2),Bengaluru,Woman,East,Tier 3,Campus,4.9,3,634000.0,0.986,Within band,51,0.9433333333333334,0.04433824409408261,0.24277227722772277,Low,""
E100882,Delivery,L6,Senior (L5-L6),Hyderabad,Man,South,Tier 1,Referral,9.1,3,6689000.0,0.966,Within band,26,0.9066666666666667,0.02790990389459127,0.0902970297029703,Low,"slow pay growth, low utilisation"
E100883,Delivery,L5,Senior (L5-L6),Bengaluru,Woman,South,Tier 2,Job portal,10.3,2,4009000.0,0.891,Below band,56,0.6366666666666667,0.04079277702294354,0.20673267326732672,Low,"slow pay growth, low utilisation"
E100884,Cloud and Infrastructure,L3,Mid (L3-L4),Hyderabad,Man,East,Tier 3,Campus,10.2,4,2436000.0,1.279,Above band,28,0.9033333333333333,0.025096942274874467,0.07366336633663366,Low,""
E100885,Delivery,L2,Junior (L1-L2),Bengaluru,Man,South,Tier 3,Campus,5.4,3,674000.0,0.637,Below band,53,0.3833333333333333,0.16476857059132105,0.939009900990099,High,"pay below market, low utilisation"
E100886,Sales and Presales,L2,Junior (L1-L2),Hyderabad,Woman,South,Tier 3,Campus,6.8,4,587000.0,0.555,Below band,33,,0.06644078923879948,0.46772277227722775,Low,"pay below market, long wait for promotion"
E100887,Corporate Functions,L2,Junior (L1-L2),Bengaluru,Woman,West,Tier 2,Campus,5.3,3,682000.0,0.716,Below band,61,,0.1304096245950355,0.8637623762376238,Medium,"pay below market, long commute"
E100888,Delivery,L5,Senior (L5-L6),Bengaluru,Man,West,Tier 3,Agency,7.3,3,5008000.0,1.114,Above band,36,0.85,0.03238297729316327,0.12554455445544555,Low,slow pay growth
E100889,Delivery,L3,Mid (L3-L4),Hyderabad,Woman,North,Tier 3,Campus,6.4,5,2503000.0,1.419,Above band,24,0.8333333333333334,0.01807965928405839,0.04673267326732673,Low,""
E100890,Consulting,L4,Mid (L3-L4),Hyderabad,Woman,South,Tier 1,Campus,9.3,5,1355000.0,0.444,Below band,48,0.8033333333333333,0.058299930826136465,0.38376237623762377,Low,"pay below market, low utilisation, slow pay growth"
E100892,Cloud and Infrastructure,L5,Senior (L5-L6),Hyderabad,Man,South,Tier 2,Referral,15.3,5,3523000.0,0.762,Below band,45,0.88,0.011296859496804158,0.012673267326732674,Low,""
E100893,Delivery,L1,Junior (L1-L2),Hyderabad,Woman,North,Tier 3,Campus,6.4,4,576000.0,1.016,Within band,31,0.8433333333333334,0.0319779256838281,0.12316831683168317,Low,""
E100894,Data and Analytics,L4,Mid (L3-L4),Bengaluru,Man,South,Tier 3,Job portal,7.5,3,3293000.0,1.01,Within band,51,0.8166666666666668,0.03759983939115579,0.17465346534653464,Low,""
E100895,Sales and Presales,L2,Junior (L1-L2),Hyderabad,Woman,North,Tier 1,Campus,4.8,4,600000.0,0.567,Below band,38,,0.09807003391664494,0.712079207920792,Medium,pay below market
E100896,Delivery,L3,Mid (L3-L4),Bengaluru,Woman,South,Tier 2,Job portal,12.5,3,1192000.0,0.644,Below band,76,0.8333333333333334,0.06330336360407311,0.43524752475247525,Low,"pay below market, falling rating, low utilisation"
E100897,Delivery,L2,Junior (L1-L2),Hyderabad,Man,North,Tier 1,Campus,6.7,5,810000.0,0.804,Below band,42,0.8733333333333332,0.07179280030521623,0.5207920792079208,Low,"pay below market, slow pay growth"
E100898,Delivery,L2,Junior (L1-L2),Hyderabad,Man,West,Tier 1,Campus,4.3,4,608000.0,0.603,Below band,38,0.5966666666666667,0.12021759351331412,0.817029702970297,Medium,"pay below market, low utilisation"
E100899,Delivery,L4,Mid (L3-L4),Hyderabad,Man,South,Tier 2,Referral,12.0,5,1374000.0,0.496,Below band,28,0.8366666666666666,0.04243614134186452,0.220990099009901,Low,pay below market
E100902,Delivery,L1,Junior (L1-L2),Bengaluru,Man,South,Tier 2,Campus,6.8,2,456000.0,0.766,Below band,35,0.9166666666666666,0.06146149977260621,0.41287128712871285,Low,"slow pay growth, pay below market"
E100905,Cloud and Infrastructure,L2,Junior (L1-L2),Bengaluru,Man,North,Tier 3,Campus,5.6,4,883000.0,0.773,Below band,50,0.87,0.09223919675164265,0.6732673267326733,Low,pay below market
E100907,Quality Engineering,L3,Mid (L3-L4),Bengaluru,Woman,South,Tier 2,Campus,16.1,3,1068000.0,0.627,Below band,75,0.8833333333333333,0.04526889671043052,0.2522772277227723,Low,pay below market
E100908,Delivery,L3,Mid (L3-L4),Hyderabad,Man,South,Tier 3,Campus,7.4,4,2030000.0,1.151,Above band,22,0.8300000000000001,0.028386141310898394,0.09306930693069307,Low,""
E100910,Delivery,L3,Mid (L3-L4),Bengaluru,Man,South,Tier 2,Job portal,8.0,2,1915000.0,1.034,Within band,58,0.9066666666666666,0.06523136518125525,0.45544554455445546,Low,"slow pay growth, long commute"
E100913,Quality Engineering,L2,Junior (L1-L2),Bengaluru,Man,South,Tier 2,Job portal,6.4,4,850000.0,0.873,Below band,37,0.9533333333333333,0.06281665687918257,0.4281188118811881,Low,pay below market
E100915,Delivery,L4,Mid (L3-L4),Hyderabad,Man,South,Tier 3,Job portal,11.9,1,2291000.0,0.827,Below band,25,0.82,0.07402443835005598,0.5405940594059406,Low,"pay below market, slow pay growth, long wait for promotion"
E100917,Delivery,L4,Mid (L3-L4),Bengaluru,Woman,West,Tier 2,Campus,10.5,3,2243000.0,0.771,Below band,85,0.7833333333333333,0.06994867890513468,0.5037623762376238,Low,"pay below market, low utilisation, long commute"
E100921,Quality Engineering,L2,Junior (L1-L2),Hyderabad,Man,North,Tier 2,Campus,10.5,3,941000.0,1.015,Within band,23,0.8066666666666666,0.06976792804110908,0.500990099009901,Low,slow pay growth
E100928,Data and Analytics,L2,Junior (L1-L2),Hyderabad,Man,East,Tier 3,Referral,4.9,4,1488000.0,1.318,Above band,46,0.6,0.07848654195977228,0.5801980198019802,Low,low utilisation
E100934,Delivery,L2,Junior (L1-L2),Bengaluru,Man,South,Tier 3,Job portal,5.0,4,1032000.0,0.975,Within band,26,0.7833333333333332,0.13179259675316335,0.8669306930693069,Medium,"low utilisation, time on bench, falling rating"
E100940,Delivery,L5,Senior (L5-L6),Bengaluru,Man,West,Tier 1,Job portal,15.3,3,4708000.0,1.047,Within band,58,0.8633333333333333,0.03446810102675209,0.14415841584158415,Low,slow pay growth
E100942,Data and Analytics,L3,Mid (L3-L4),Hyderabad,Woman,South,Tier 3,Referral,4.9,4,1262000.0,0.639,Below band,39,0.8866666666666667,0.08112528508590681,0.6011881188118812,Low,pay below market
E100943,Quality Engineering,L3,Mid (L3-L4),Hyderabad,Woman,East,Tier 2,Referral,7.8,4,1183000.0,0.729,Below band,57,0.8666666666666666,0.05610676498169009,0.36158415841584157,Low,pay below market
E100944,Delivery,L4,Mid (L3-L4),Hyderabad,Man,South,Tier 2,Referral,9.0,3,2401000.0,0.866,Below band,53,0.8033333333333333,0.1227345311674843,0.8304950495049505,Medium,"pay below market, slow pay growth, long wait for promotion"
E100945,Sales and Presales,L3,Mid (L3-L4),Hyderabad,Man,South,Tier 2,Agency,7.7,4,2113000.0,1.141,Above band,35,,0.02769446869629787,0.08792079207920792,Low,""
E100946,Delivery,L1,Junior (L1-L2),Bengaluru,Woman,South,Tier 2,Campus,4.9,2,654000.0,1.099,Within band,62,0.09333333333333334,0.1525734912387231,0.92,High,"slow pay growth, low utilisation, time on bench"
E100947,Quality Engineering,L3,Mid (L3-L4),Hyderabad,Man,South,Tier 2,Referral,4.9,3,928000.0,0.572,Below band,87,0.7999999999999999,0.1556828060106405,0.9255445544554456,High,"low utilisation, long commute, pay below market"
E100952,Corporate Functions,L4,Mid (L3-L4),Hyderabad,Man,North,Tier 2,Referral,11.0,3,2378000.0,0.953,Within band,107,,0.12557530566501965,0.8455445544554455,Medium,"long commute, slow pay growth, falling rating"
E100954,Quality Engineering,L2,Junior (L1-L2),Bengaluru,Man,South,Tier 3,Campus,9.8,2,769000.0,0.79,Below band,70,0.8866666666666667,0.08981319789433827,0.660990099009901,Low,"slow pay growth, pay below market"
E100955,Cloud and Infrastructure,L6,Senior (L5-L6),Bengaluru,Woman,North,Tier 2,Referral,8.8,3,5107000.0,0.65,Below band,33,0.8633333333333333,0.012419728959277607,0.02178217821782178,Low,""
E100958,Delivery,L5,Senior (L5-L6),Bengaluru,Man,Northeast,Tier 2,Rehire,9.3,3,2980000.0,0.663,Below band,48,0.8633333333333333,0.03312286144873875,0.13227722772277228,Low,slow pay growth
E100959,Delivery,L4,Mid (L3-L4),Bengaluru,Man,North,Tier 3,Campus,12.9,3,2237000.0,0.769,Below band,47,0.8433333333333334,0.07215699169165656,0.5255445544554456,Low,"pay below market, slow pay growth, falling rating"
E100962,Data and Analytics,L2,Junior (L1-L2),Hyderabad,Woman,East,Tier 3,Campus,6.5,3,1180000.0,1.045,Within band,37,0.8666666666666667,0.04252922454602072,0.22217821782178218,Low,""
E100965,Quality Engineering,L2,Junior (L1-L2),Bengaluru,Woman,East,Tier 3,Agency,7.3,5,1052000.0,1.08,Within band,44,0.8066666666666666,0.046959403445191145,0.2708910891089109,Low,low utilisation
E100966,Delivery,L3,Mid (L3-L4),Hyderabad,Woman,West,Tier 2,Campus,8.3,2,1345000.0,0.762,Below band,56,0.9866666666666667,0.07572659919503104,0.5576237623762377,Low,"long wait for promotion, slow pay growth, pay below market"
E100967,Quality Engineering,L2,Junior (L1-L2),Bengaluru,Woman,South,Tier 3,Job portal,5.2,3,810000.0,0.832,Below band,91,0.9333333333333332,0.1198308882940239,0.8162376237623762,Medium,"pay below market, long commute"
E100969,Delivery,L2,Junior (L1-L2),Bengaluru,Man,South,Tier 3,Agency,5.2,2,883000.0,0.835,Below band,50,0.7000000000000001,0.21933968434346823,0.9825742574257426,High,"low utilisation, pay below market, slow pay growth"
E100970,Cloud and Infrastructure,L3,Mid (L3-L4),Bengaluru,Man,South,Tier 2,Rehire,8.5,3,2028000.0,1.014,Within band,51,0.8633333333333333,0.04278025189241956,0.22534653465346535,Low,""
E100971,Cloud and Infrastructure,L3,Mid (L3-L4),Hyderabad,Woman,Northeast,Tier 3,Job portal,5.6,2,1387000.0,0.728,Below band,60,0.9,0.11182330525805684,0.7817821782178218,Medium,"slow pay growth, pay below market"
E100974,Sales and Presales,L2,Junior (L1-L2),Bengaluru,Man,South,Tier 2,Campus,6.7,3,650000.0,0.585,Below band,31,,0.062460393684382484,0.42415841584158415,Low,pay below market
E100975,Sales and Presales,L1,Junior (L1-L2),Bengaluru,Man,South,Tier 3,Campus,10.1,3,579000.0,0.926,Within band,35,,0.038518656046409805,0.18415841584158416,Low,pay below market
E100976,Sales and Presales,L2,Junior (L1-L2),Hyderabad,Man,South,Tier 3,Campus,4.9,5,759000.0,0.717,Below band,22,,0.15198927297901407,0.9176237623762377,High,"pay below market, slow pay growth, falling rating"
E100977,Cloud and Infrastructure,L2,Junior (L1-L2),Hyderabad,Woman,West,Tier 3,Job portal,5.5,2,975000.0,0.896,Below band,78,0.8066666666666666,0.2735767065112723,0.9964356435643564,High,"pay below market, long commute, slow pay growth"
E100983,Quality Engineering,L6,Senior (L5-L6),Hyderabad,Woman,South,Tier 2,Referral,15.9,4,3803000.0,0.597,Below band,26,0.9133333333333334,0.00967627573154172,0.0039603960396039604,Low,""
E100984,Quality Engineering,L1,Junior (L1-L2),Hyderabad,Man,North,Tier 2,Campus,4.8,5,650000.0,1.245,Above band,35,0.87,0.03003214419581327,0.10415841584158415,Low,""
E100987,Sales and Presales,L5,Senior (L5-L6),Hyderabad,Man,South,Tier 2,Referral,7.3,4,3824000.0,0.85,Below band,46,,0.018432054538529044,0.048712871287128715,Low,""
E100991,Delivery,L4,Mid (L3-L4),Hyderabad,Man,North,Tier 3,Campus,6.8,3,1743000.0,0.629,Below band,59,0.92,0.04215851378622776,0.2194059405940594,Low,"pay below market, slow pay growth"
E100993,Quality Engineering,L3,Mid (L3-L4),Hyderabad,Man,South,Tier 3,Job portal,7.0,4,1734000.0,1.068,Within band,65,0.91,0.037250549734,0.17306930693069306,Low,long commute
E100995,Cloud and Infrastructure,L1,Junior (L1-L2),Hyderabad,Man,North,Tier 2,Campus,5.3,3,632000.0,1.033,Within band,65,0.3866666666666667,0.09072961389494491,0.666930693069307,Low,"low utilisation, long commute"
E100998,Delivery,L5,Senior (L5-L6),Bengaluru,Woman,North,Tier 1,Job portal,12.8,3,4724000.0,1.05,Within band,57,0.6633333333333334,0.015307989275687136,0.03564356435643564,Low,""
E101003,Sales and Presales,L1,Junior (L1-L2),Bengaluru,Man,West,Tier 2,Campus,8.4,4,606000.0,0.97,Within band,54,,0.0368900655432797,0.16594059405940595,Low,""
E101005,Delivery,L3,Mid (L3-L4),Hyderabad,Woman,South,Tier 3,Job portal,4.8,4,1382000.0,0.783,Below band,73,0.48,0.1460907530343101,0.906930693069307,High,"low utilisation, pay below market"
E101006,Cloud and Infrastructure,L4,Mid (L3-L4),Bengaluru,Man,South,Tier 3,Job portal,9.9,3,2753000.0,0.876,Below band,46,0.7566666666666667,0.07815319499510502,0.579009900990099,Low,"pay below market, low utilisation, long wait for promotion"
E101008,Delivery,L3,Mid (L3-L4),Hyderabad,Man,South,Tier 3,Job portal,14.2,3,1124000.0,0.637,Below band,81,0.8300000000000001,0.10595281727412016,0.7536633663366337,Medium,"slow pay growth, pay below market, falling rating"
E101009,Delivery,L6,Senior (L5-L6),Hyderabad,Man,South,Tier 2,Referral,8.8,4,7613000.0,1.099,Within band,21,0.9133333333333334,0.011005959013063364,0.010297029702970298,Low,""
E101010,Delivery,L3,Mid (L3-L4),Bengaluru,Man,South,Tier 3,Campus,11.8,3,1205000.0,0.651,Below band,52,0.84,0.051410938162353106,0.31287128712871287,Low,pay below market
E101011,Delivery,L3,Mid (L3-L4),Hyderabad,Woman,East,Tier 3,Campus,7.0,5,1093000.0,0.62,Below band,43,0.9166666666666666,0.04233183050815252,0.2201980198019802,Low,pay below market
E101012,Sales and Presales,L3,Mid (L3-L4),Hyderabad,Man,East,Tier 3,Agency,7.2,3,996000.0,0.538,Below band,43,,0.060310188806211466,0.4007920792079208,Low,"pay below market, slow pay growth"
E101013,Delivery,L6,Senior (L5-L6),Hyderabad,Man,South,Tier 2,Referral,9.1,4,8099000.0,1.169,Above band,49,0.8833333333333333,0.01271549115610842,0.024950495049504952,Low,""
E101014,Delivery,L1,Junior (L1-L2),Hyderabad,Woman,South,Tier 3,Campus,6.0,3,451000.0,0.795,Below band,44,0.81,0.07434172810129927,0.5441584158415842,Low,"pay below market, low utilisation"
E101015,Data and Analytics,L5,Senior (L5-L6),Hyderabad,Man,North,Tier 3,Referral,8.5,3,2347000.0,0.489,Below band,60,0.7633333333333333,0.015829433744716254,0.03801980198019802,Low,""
E101017,Sales and Presales,L3,Mid (L3-L4),Bengaluru,Man,East,Tier 3,Job portal,5.3,3,1396000.0,0.718,Below band,73,,0.11811286846714326,0.8083168316831684,Medium,"pay below market, long commute, slow pay growth"
E101024,Delivery,L4,Mid (L3-L4),Hyderabad,Woman,South,Tier 1,Agency,17.6,3,3107000.0,1.121,Above band,18,0.8333333333333334,0.04802605542755967,0.28277227722772275,Low,"long wait for promotion, time on bench"
E101025,Quality Engineering,L2,Junior (L1-L2),Bengaluru,Man,South,Tier 1,Campus,7.3,3,1027000.0,1.054,Within band,54,0.51,0.09604672397961143,0.7005940594059406,Medium,"slow pay growth, low utilisation, falling rating"
E101027,Delivery,L5,Senior (L5-L6),Hyderabad,Man,West,Tier 2,Agency,8.6,3,3816000.0,0.891,Below band,44,0.8066666666666666,0.019109482667859907,0.049900990099009904,Low,""
E101028,Delivery,L1,Junior (L1-L2),Hyderabad,Man,East,Tier 3,Campus,8.4,3,499000.0,0.88,Below band,60,0.9166666666666666,0.06582881284254632,0.4641584158415842,Low,"pay below market, slow pay growth, long commute"
E101030,Delivery,L4,Mid (L3-L4),Bengaluru,Man,East,Tier 2,Referral,7.4,2,2537000.0,0.872,Below band,55,0.8266666666666667,0.10993978569220389,0.7710891089108911,Medium,"pay below market, slow pay growth, long wait for promotion"
E101035,Sales and Presales,L2,Junior (L1-L2),Bengaluru,Man,Northeast,Tier 2,Job portal,20.2,4,1119000.0,1.007,Within band,44,,0.030853661267454317,0.11128712871287129,Low,"slow pay growth, falling rating"
E101036,Delivery,L4,Mid (L3-L4),Hyderabad,Man,East,Tier 3,Job portal,7.5,2,2758000.0,0.995,Within band,30,0.41333333333333333,0.07578964002695374,0.5584158415841585,Low,"slow pay growth, low utilisation"
E101038,Delivery,L1,Junior (L1-L2),Hyderabad,Man,South,Tier 2,Campus,7.8,3,434000.0,0.765,Below band,31,0.8066666666666666,0.0822834733346854,0.6071287128712871,Low,"pay below market, low utilisation, slow pay growth"
E101040,Delivery,L5,Senior (L5-L6),Bengaluru,Man,North,Tier 2,Agency,9.5,3,4229000.0,0.94,Within band,47,0.75,0.05518258015403375,0.35128712871287127,Low,"slow pay growth, low utilisation, falling rating"
E101041,Delivery,L3,Mid (L3-L4),Bengaluru,Woman,South,Tier 3,Campus,8.0,3,1097000.0,0.592,Below band,52,0.8433333333333333,0.06316412843923512,0.43366336633663366,Low,"pay below market, slow pay growth"
E101045,Delivery,L3,Mid (L3-L4),Hyderabad,Man,South,Tier 2,Campus,6.8,5,1373000.0,0.778,Below band,102,0.9333333333333335,0.08455807346546539,0.6217821782178218,Low,"long commute, pay below market"
E101046,Data and Analytics,L4,Mid (L3-L4),Hyderabad,Man,North,Tier 2,Agency,10.0,3,2218000.0,0.715,Below band,45,0.7799999999999999,0.06996959276132271,0.504950495049505,Low,"low utilisation, pay below market"
E101048,Sales and Presales,L2,Junior (L1-L2),Hyderabad,Man,North,Tier 1,Campus,8.6,5,1148000.0,1.085,Within band,37,,0.03704695640608316,0.16950495049504952,Low,""
E101050,Consulting,L1,Junior (L1-L2),Hyderabad,Man,South,Tier 2,Campus,9.3,3,690000.0,1.106,Above band,29,0.8066666666666666,0.02347577627311561,0.06495049504950495,Low,""
E101051,Delivery,L1,Junior (L1-L2),Hyderabad,Man,South,Tier 3,Campus,7.7,3,566000.0,0.998,Within band,30,0.7733333333333334,0.0654193467724166,0.45742574257425744,Low,"low utilisation, slow pay growth"
E101052,Delivery,L1,Junior (L1-L2),Hyderabad,Woman,West,Tier 2,Campus,9.3,3,633000.0,1.116,Above band,41,0.8033333333333333,0.027344476220252233,0.08475247524752476,Low,""
E101059,Quality Engineering,L5,Senior (L5-L6),Hyderabad,Man,Northeast,Tier 3,Job portal,10.3,4,3090000.0,0.784,Below band,41,0.8466666666666667,0.010920605767191331,0.009504950495049505,Low,""
E101063,Data and Analytics,L3,Mid (L3-L4),Hyderabad,Man,South,Tier 2,Campus,6.8,3,2000000.0,1.013,Within band,42,0.87,0.04119229833063087,0.21188118811881188,Low,""
E101067,Delivery,L1,Junior (L1-L2),Bengaluru,Man,North,Tier 3,Campus,5.4,1,419000.0,0.704,Below band,150,0.8766666666666666,0.13072271814884287,0.8645544554455445,Medium,"pay below market, long commute, slow pay growth"
E101068,Delivery,L4,Mid (L3-L4),Bengaluru,Man,South,Tier 2,Campus,6.3,3,1707000.0,0.587,Below band,42,0.8933333333333334,0.04105790671037647,0.2095049504950495,Low,pay below market
E101069,Corporate Functions,L3,Mid (L3-L4),Bengaluru,Man,South,Tier 2,Job portal,9.1,2,1519000.0,0.911,Within band,60,,0.08284191174914199,0.6118811881188119,Low,"slow pay growth, pay below market"
E101070,Quality Engineering,L1,Junior (L1-L2),Hyderabad,Man,East,Tier 2,Campus,8.5,2,337000.0,0.646,Below band,91,0.8533333333333334,0.0843018771970466,0.6205940594059406,Low,"pay below market, slow pay growth, long commute"
E101072,Data and Analytics,L6,Senior (L5-L6),Hyderabad,Man,South,Tier 2,Job portal,11.3,2,5664000.0,0.73,Below band,50,0.89,0.009875227342726929,0.004752475247524752,Low,""
E101074,Delivery,L1,Junior (L1-L2),Bengaluru,Woman,South,Tier 2,Campus,12.0,3,702000.0,1.18,Above band,54,0.9166666666666666,0.017851213921739002,0.044356435643564354,Low,""
E101075,Delivery,L2,Junior (L1-L2),Bengaluru,Man,North,Tier 2,Campus,4.8,3,689000.0,0.651,Below band,150,0.87,0.1572445288396494,0.9283168316831684,High,"pay below market, long commute, falling rating"
E101084,Delivery,L3,Mid (L3-L4),Bengaluru,Woman,South,Tier 3,Referral,10.6,2,1128000.0,0.609,Below band,85,0.88,0.06509208606541822,0.4518811881188119,Low,"slow pay growth, pay below market"
E101085,Cloud and Infrastructure,L1,Junior (L1-L2),Hyderabad,Woman,South,Tier 2,Campus,5.4,3,611000.0,0.998,Within band,33,0.8966666666666666,0.052460929285659125,0.321980198019802,Low,slow pay growth
E101086,Delivery,L1,Junior (L1-L2),Hyderabad,Man,South,Tier 2,Campus,9.9,3,721000.0,1.272,Above band,25,0.9,0.01872433426483484,0.04910891089108911,Low,""
E101088,Delivery,L2,Junior (L1-L2),Hyderabad,Man,East,Tier 2,Job portal,7.4,3,914000.0,0.907,Within band,33,0.8533333333333334,0.08253068512353001,0.6102970297029703,Low,"slow pay growth, pay below market"
E101089,Delivery,L2,Junior (L1-L2),Hyderabad,Man,South,Tier 2,Campus,8.2,3,817000.0,0.811,Below band,56,0.8533333333333334,0.06640630802669041,0.46732673267326735,Low,pay below market
E101090,Corporate Functions,L3,Mid (L3-L4),Hyderabad,Man,South,Tier 3,Job portal,9.6,3,1142000.0,0.72,Below band,14,,0.07710664872386111,0.5691089108910891,Low,"slow pay growth, pay below market"
E101092,Consulting,L1,Junior (L1-L2),Bengaluru,Woman,Northeast,Tier 3,Campus,9.4,3,623000.0,0.951,Within band,52,0.8166666666666668,0.04743920958030935,0.27603960396039606,Low,time on bench
E101095,Cloud and Infrastructure,L2,Junior (L1-L2),Hyderabad,Woman,South,Tier 2,Campus,11.2,4,675000.0,0.62,Below band,47,0.86,0.06555812961565748,0.45861386138613863,Low,"pay below market, slow pay growth"
E101097,Corporate Functions,L1,Junior (L1-L2),Hyderabad,Man,East,Tier 3,Campus,5.3,1,430000.0,0.843,Below band,21,,0.09895784916581342,0.7156435643564356,Medium,"pay below market, slow pay growth"
E101098,Delivery,L6,Senior (L5-L6),Hyderabad,Man,East,Tier 2,Job portal,6.4,4,3049000.0,0.44,Below band,32,0.7633333333333333,0.012575270480794242,0.023366336633663366,Low,""
E101100,Cloud and Infrastructure,L1,Junior (L1-L2),Bengaluru,Woman,East,Tier 3,Campus,5.8,5,708000.0,1.101,Above band,112,0.9166666666666666,0.05153195042677504,0.31366336633663366,Low,long commute
E101101,Delivery,L4,Mid (L3-L4),Hyderabad,Man,North,Tier 3,Job portal,5.8,3,1987000.0,0.717,Below band,39,0.79,0.08505463774442874,0.6269306930693069,Low,"low utilisation, pay below market"
E101105,Cloud and Infrastructure,L2,Junior (L1-L2),Hyderabad,Man,North,Tier 3,Campus,14.9,1,884000.0,0.813,Below band,50,0.7966666666666667,0.12544780195787608,0.8447524752475247,Medium,"slow pay growth, pay below market, low utilisation"
E101108,Cloud and Infrastructure,L3,Mid (L3-L4),Hyderabad,Woman,South,Tier 2,Campus,7.7,1,961000.0,0.504,Below band,32,0.8333333333333334,0.05495486373213252,0.3481188118811881,Low,low utilisation
E101109,Delivery,L6,Senior (L5-L6),Bengaluru,Woman,South,Tier 2,Referral,7.2,4,5856000.0,0.805,Below band,66,0.9233333333333333,0.014343517318107872,0.03287128712871287,Low,""
E101110,Cloud and Infrastructure,L1,Junior (L1-L2),Bengaluru,Woman,South,Tier 2,Campus,6.3,3,619000.0,0.963,Within band,46,0.8833333333333333,0.03042686892063395,0.10693069306930693,Low,""
E101111,Cloud and Infrastructure,L3,Mid (L3-L4),Hyderabad,Man,North,Tier 3,Referral,7.9,3,2105000.0,1.105,Above band,27,0.87,0.02835550849389242,0.09227722772277228,Low,""
E101113,Delivery,L2,Junior (L1-L2),Hyderabad,Man,South,Tier 3,Campus,5.8,3,665000.0,0.66,Below band,74,0.96,0.08247110178252234,0.6095049504950495,Low,"pay below market, long commute"
E101116,Delivery,L2,Junior (L1-L2),Bengaluru,Woman,South,Tier 2,Agency,5.7,4,1064000.0,1.006,Within band,35,0.8166666666666665,0.07189255097791805,0.521980198019802,Low,"low utilisation, falling rating"
E101118,Delivery,L4,Mid (L3-L4),Hyderabad,Man,South,Tier 3,Campus,17.6,5,1760000.0,0.635,Below band,18,0.8300000000000001,0.05677756089819455,0.3683168316831683,Low,"pay below market, low utilisation, falling rating"
E101119,Sales and Presales,L2,Junior (L1-L2),Hyderabad,Man,South,Tier 1,Agency,6.1,3,1069000.0,1.01,Within band,27,,0.04261190479522198,0.22297029702970297,Low,""
E101120,Cloud and Infrastructure,L3,Mid (L3-L4),Hyderabad,Man,South,Tier 2,Campus,7.0,4,2248000.0,1.18,Above band,104,0.91,0.057935460293917364,0.3813861386138614,Low,long commute
E101121,Quality Engineering,L6,Senior (L5-L6),Hyderabad,Man,South,Tier 2,Job portal,15.3,4,5099000.0,0.8,Below band,27,0.11666666666666665,0.021510921221088882,0.056633663366336635,Low,"low utilisation, falling rating"
E101124,Data and Analytics,L1,Junior (L1-L2),Hyderabad,Woman,South,Tier 2,Campus,5.3,3,604000.0,0.951,Within band,40,0.86,0.060825837943801135,0.4051485148514852,Low,""
E101125,Delivery,L2,Junior (L1-L2),Hyderabad,Man,South,Tier 3,Campus,6.2,4,490000.0,0.486,Below band,30,0.9,0.040638863293907465,0.20396039603960395,Low,pay below market
E101128,Quality Engineering,L4,Mid (L3-L4),Hyderabad,Man,North,Tier 3,Referral,9.1,4,2663000.0,1.044,Within band,61,0.9433333333333334,0.03167929788722931,0.12,Low,long commute
E101130,Delivery,L1,Junior (L1-L2),Hyderabad,Man,South,Tier 2,Campus,7.6,3,501000.0,0.884,Below band,40,0.86,0.04409117151628526,0.2403960396039604,Low,pay below market
E101131,Cloud and Infrastructure,L2,Junior (L1-L2),Bengaluru,Man,East,Tier 2,Campus,6.5,3,1165000.0,1.019,Within band,47,0.82,0.0737011684457874,0.5374257425742575,Low,"slow pay growth, time on bench"
E101132,Delivery,L3,Mid (L3-L4),Hyderabad,Woman,South,Tier 3,Campus,16.0,1,1508000.0,0.855,Below band,35,0.7399999999999999,0.17479023640807934,0.9504950495049505,High,"slow pay growth, pay below market, low utilisation"
E101134,Sales and Presales,L2,Junior (L1-L2),Hyderabad,Woman,East,Tier 2,Job portal,4.9,3,1005000.0,0.95,Within band,64,,0.08579068600178663,0.6332673267326733,Low,long commute
E101136,Delivery,L4,Mid (L3-L4),Hyderabad,Man,South,Tier 1,Referral,6.8,3,2744000.0,0.99,Within band,46,1.0,0.0294797949076974,0.10257425742574257,Low,long wait for promotion
E101137,Cloud and Infrastructure,L5,Senior (L5-L6),Bengaluru,Man,Northeast,Tier 2,Referral,6.7,1,3043000.0,0.627,Below band,72,0.8333333333333334,0.01279514851739732,0.025346534653465348,Low,""
E101138,Corporate Functions,L2,Junior (L1-L2),Hyderabad,Woman,East,Tier 1,Campus,16.3,3,727000.0,0.802,Below band,35,,0.05369447668990814,0.33623762376237626,Low,pay below market
E101139,Consulting,L3,Mid (L3-L4),Hyderabad,Woman,North,Tier 1,Campus,16.0,3,1730000.0,0.892,Below band,27,0.6033333333333334,0.04932790214703195,0.2966336633663366,Low,low utilisation
E101142,Delivery,L2,Junior (L1-L2),Bengaluru,Woman,West,Tier 3,Campus,12.2,3,1162000.0,1.098,Within band,37,0.6933333333333334,0.04114510997793314,0.21069306930693069,Low,low utilisation
E101144,Delivery,L3,Mid (L3-L4),Hyderabad,Man,West,Tier 2,Campus,6.9,5,1322000.0,0.749,Below band,48,0.8366666666666668,0.06177715363624203,0.4158415841584158,Low,pay below market
E101149,Delivery,L3,Mid (L3-L4),Hyderabad,Man,South,Tier 1,Job portal,5.8,3,1852000.0,1.05,Within band,25,0.9499999999999998,0.06966945600331345,0.4998019801980198,Low,slow pay growth
E101151,Quality Engineering,L1,Junior (L1-L2),Bengaluru,Woman,East,Tier 2,Campus,14.0,2,515000.0,0.94,Within band,52,0.6566666666666666,0.06823582442677563,0.48554455445544553,Low,"slow pay growth, low utilisation"
E101153,Quality Engineering,L3,Mid (L3-L4),Hyderabad,Woman,North,Tier 2,Referral,6.3,3,1140000.0,0.702,Below band,33,0.7433333333333333,0.07550871275842731,0.5552475247524753,Low,"low utilisation, pay below market"
E101154,Delivery,L5,Senior (L5-L6),Bengaluru,Man,Northeast,Tier 3,Referral,10.3,3,3603000.0,0.801,Below band,51,0.85,0.013082203374631951,0.02693069306930693,Low,""
E101155,Delivery,L4,Mid (L3-L4),Hyderabad,Man,South,Tier 2,Job portal,6.8,3,1922000.0,0.694,Below band,47,0.7933333333333333,0.06652981183118872,0.46811881188118815,Low,"pay below market, low utilisation"
E101156,Quality Engineering,L3,Mid (L3-L4),Bengaluru,Man,South,Tier 2,Campus,10.0,3,1574000.0,0.924,Within band,107,0.9866666666666667,0.03901085792105309,0.1889108910891089,Low,"long wait for promotion, long commute"
E101157,Delivery,L4,Mid (L3-L4),Hyderabad,Man,East,Tier 3,Job portal,19.2,2,1774000.0,0.64,Below band,33,0.5866666666666667,0.08944818144896886,0.659009900990099,Low,"slow pay growth, low utilisation, pay below market"
E101158,Delivery,L3,Mid (L3-L4),Bengaluru,Man,East,Tier 1,Campus,6.3,5,2147000.0,1.159,Above band,80,0.39333333333333337,0.07377340332643575,0.5386138613861386,Low,"long commute, low utilisation"
E101159,Delivery,L6,Senior (L5-L6),Bengaluru,Man,South,Tier 2,Referral,12.9,3,6847000.0,0.941,Within band,42,0.8933333333333334,0.02964899050269105,0.10297029702970296,Low,slow pay growth
E101166,Cloud and Infrastructure,L2,Junior (L1-L2),Hyderabad,Man,South,Tier 2,Campus,4.3,5,682000.0,0.627,Below band,37,0.8099999999999999,0.125425595739847,0.8435643564356435,Medium,"pay below market, low utilisation, slow pay growth"
E101168,Sales and Presales,L2,Junior (L1-L2),Hyderabad,Man,South,Tier 3,Campus,6.8,3,678000.0,0.641,Below band,42,,0.06212617840391058,0.419009900990099,Low,pay below market
E101169,Corporate Functions,L4,Mid (L3-L4),Bengaluru,Man,South,Tier 2,Campus,12.6,3,1024000.0,0.391,Below band,57,,0.055151366559383866,0.3504950495049505,Low,"pay below market, falling rating"
E101171,Delivery,L4,Mid (L3-L4),Bengaluru,Man,North,Tier 3,Agency,7.8,5,2790000.0,0.959,Within band,39,0.8766666666666666,0.03641321460626501,0.16277227722772278,Low,""
E101173,Corporate Functions,L4,Mid (L3-L4),Bengaluru,Man,South,Tier 2,Job portal,5.7,3,1400000.0,0.535,Below band,88,,0.07927685059815903,0.5853465346534653,Low,long commute
E101175,Sales and Presales,L3,Mid (L3-L4),Hyderabad,Man,South,Tier 2,Agency,21.6,5,2356000.0,1.272,Above band,39,,0.018040323417038737,0.04594059405940594,Low,falling rating
E101176,Delivery,L5,Senior (L5-L6),Hyderabad,Man,South,Tier 2,Job portal,7.3,4,3646000.0,0.851,Below band,66,0.3266666666666667,0.02449736984442061,0.07089108910891088,Low,time on bench
E101177,Sales and Presales,L3,Mid (L3-L4),Hyderabad,Man,South,Tier 2,Job portal,7.8,2,1632000.0,0.881,Below band,22,,0.09795149048358569,0.7108910891089109,Medium,"slow pay growth, pay below market"
E101178,Quality Engineering,L3,Mid (L3-L4),Bengaluru,Man,North,Tier 2,Referral,5.8,3,1090000.0,0.64,Below band,44,0.7399999999999999,0.10729017244334133,0.7607920792079208,Medium,"low utilisation, pay below market"
E101179,Corporate Functions,L4,Mid (L3-L4),Hyderabad,Man,North,Tier 1,Campus,12.2,3,1605000.0,0.644,Below band,61,,0.04769927320821127,0.27960396039603963,Low,pay below market
E101180,Quality Engineering,L5,Senior (L5-L6),Bengaluru,Woman,Northeast,Tier 3,Job portal,7.3,3,2315000.0,0.56,Below band,58,0.8633333333333333,0.024856750914746796,0.07287128712871287,Low,slow pay growth
E101181,Cloud and Infrastructure,L4,Mid (L3-L4),Hyderabad,Woman,South,Tier 2,Job portal,7.1,3,2745000.0,0.917,Within band,61,0.8266666666666667,0.05539657601104115,0.35485148514851483,Low,pay below market
E101182,Data and Analytics,L2,Junior (L1-L2),Bengaluru,Man,East,Tier 2,Campus,4.6,4,844000.0,0.712,Below band,28,0.6333333333333334,0.1764519728065528,0.9524752475247524,High,"pay below market, low utilisation, falling rating"
E101183,Quality Engineering,L1,Junior (L1-L2),Hyderabad,Man,East,Tier 3,Campus,8.8,3,495000.0,0.948,Within band,42,0.9266666666666666,0.022705032898163363,0.06257425742574257,Low,""
E101187,Cloud and Infrastructure,L2,Junior (L1-L2),Bengaluru,Man,South,Tier 1,Referral,5.9,4,1061000.0,0.928,Within band,29,0.89,0.04915185255823473,0.29465346534653464,Low,pay below market
E101188,Data and Analytics,L2,Junior (L1-L2),Hyderabad,Woman,West,Tier 3,Agency,5.2,5,1181000.0,1.046,Within band,67,0.9533333333333333,0.06140025165199162,0.41188118811881186,Low,long commute
E101190,Delivery,L5,Senior (L5-L6),Hyderabad,Man,South,Tier 3,Job portal,10.2,5,3504000.0,0.818,Below band,19,0.8933333333333334,0.013313980126935568,0.02811881188118812,Low,""
E101191,Quality Engineering,L1,Junior (L1-L2),Hyderabad,Man,South,Tier 3,Campus,4.9,3,491000.0,0.941,Within band,31,0.9033333333333333,0.05726634197059181,0.37465346534653465,Low,pay below market
E101192,Delivery,L2,Junior (L1-L2),Hyderabad,Woman,West,Tier 2,Campus,6.4,3,627000.0,0.622,Below band,50,0.7866666666666667,0.09815338793356554,0.7128712871287128,Medium,"pay below market, low utilisation, slow pay growth"
E101193,Data and Analytics,L2,Junior (L1-L2),Hyderabad,Woman,South,Tier 2,Job portal,10.8,3,1222000.0,1.082,Within band,38,0.8366666666666666,0.03086462115545889,0.11168316831683169,Low,""
E101197,Consulting,L1,Junior (L1-L2),Hyderabad,Man,South,Tier 2,Campus,5.1,3,539000.0,0.864,Below band,43,0.8366666666666666,0.09584880983811779,0.6994059405940594,Low,pay below market
E101199,Consulting,L1,Junior (L1-L2),Hyderabad,Woman,South,Tier 3,Campus,6.4,3,426000.0,0.683,Below band,37,0.7666666666666666,0.05768823576481746,0.3794059405940594,Low,"low utilisation, slow pay growth, pay below market"
E101200,Consulting,L3,Mid (L3-L4),Hyderabad,Man,South,Tier 2,Job portal,5.5,5,2505000.0,1.291,Above band,23,0.8233333333333333,0.04403229983976898,0.24,Low,""
E101202,Sales and Presales,L1,Junior (L1-L2),Hyderabad,Woman,South,Tier 3,Campus,9.0,3,567000.0,0.953,Within band,31,,0.04352132167015157,0.23564356435643563,Low,slow pay growth
E101204,Cloud and Infrastructure,L1,Junior (L1-L2),Hyderabad,Woman,Northeast,Tier 2,Campus,7.9,3,585000.0,0.956,Within band,95,0.7999999999999999,0.08232430476007616,0.6075247524752475,Low,"long commute, low utilisation, slow pay growth"
E101205,Delivery,L1,Junior (L1-L2),Bengaluru,Woman,South,Tier 3,Campus,6.1,3,446000.0,0.75,Below band,65,0.7033333333333335,0.09176628671067096,0.6704950495049505,Low,"low utilisation, slow pay growth, pay below market"
E101206,Quality Engineering,L4,Mid (L3-L4),Hyderabad,Man,South,Tier 1,Campus,6.4,5,2346000.0,0.92,Within band,35,0.57,0.06310705133045943,0.43287128712871287,Low,low utilisation
E101207,Data and Analytics,L6,Senior (L5-L6),Bengaluru,Man,South,Tier 3,Job portal,7.8,4,6275000.0,0.77,Below band,42,0.79,0.012548678682620657,0.022574257425742573,Low,""
E101208,Delivery,L1,Junior (L1-L2),Bengaluru,Man,West,Tier 1,Campus,4.3,4,573000.0,0.963,Within band,25,0.87,0.054951879751654616,0.3477227722772277,Low,""
E101209,Delivery,L2,Junior (L1-L2),Hyderabad,Man,South,Tier 2,Job portal,4.8,2,1039000.0,1.031,Within band,12,0.86,0.09221544901130285,0.6728712871287129,Low,slow pay growth
E101210,Delivery,L3,Mid (L3-L4),Hyderabad,Woman,North,Tier 2,Campus,7.3,3,1132000.0,0.642,Below band,23,0.85,0.07098377700830659,0.5136633663366337,Low,"pay below market, slow pay growth"
E101214,Cloud and Infrastructure,L4,Mid (L3-L4),Hyderabad,Man,South,Tier 2,Job portal,9.0,3,1940000.0,0.648,Below band,29,0.8866666666666667,0.041491954301887235,0.21386138613861386,Low,pay below market
E101216,Consulting,L1,Junior (L1-L2),Hyderabad,Man,Northeast,Tier 3,Campus,14.1,2,570000.0,0.913,Within band,64,0.82,0.08023096744836122,0.5924752475247524,Low,"long commute, slow pay growth, pay below market"
E101217,Delivery,L3,Mid (L3-L4),Hyderabad,Woman,South,Tier 3,Job portal,5.7,4,1228000.0,0.696,Below band,43,0.8333333333333334,0.0999100095497515,0.7251485148514851,Medium,"pay below market, low utilisation"
E101218,Quality Engineering,L1,Junior (L1-L2),Bengaluru,Woman,Northeast,Tier 3,Campus,4.3,3,511000.0,0.932,Within band,45,0.8766666666666666,0.063056579236644,0.4316831683168317,Low,pay below market
E101221,Cloud and Infrastructure,L3,Mid (L3-L4),Hyderabad,Man,South,Tier 2,Campus,18.0,3,1876000.0,0.985,Within band,34,0.8566666666666666,0.09137354439711222,0.6693069306930693,Low,long wait for promotion
E101223,Cloud and Infrastructure,L2,Junior (L1-L2),Bengaluru,Woman,South,Tier 3,Campus,21.9,3,920000.0,0.805,Below band,35,0.7966666666666667,0.0942804496148225,0.6883168316831683,Low,"pay below market, slow pay growth, falling rating"
E101224,Delivery,L2,Junior (L1-L2),Hyderabad,Man,South,Tier 2,Campus,6.5,4,619000.0,0.614,Below band,16,0.8633333333333333,0.07283750328143773,0.5302970297029703,Low,"pay below market, slow pay growth"
E101225,Quality Engineering,L5,Senior (L5-L6),Bengaluru,Woman,South,Tier 1,Rehire,7.4,3,2848000.0,0.688,Below band,75,0.8466666666666667,0.01924332331753326,0.0502970297029703,Low,long commute
E101227,Quality Engineering,L5,Senior (L5-L6),Bengaluru,Man,North,Tier 3,Agency,6.2,4,2324000.0,0.562,Below band,62,0.84,0.01804155678930268,0.046336633663366336,Low,""
E101232,Delivery,L4,Mid (L3-L4),Hyderabad,Man,South,Tier 3,Campus,12.3,4,2925000.0,1.056,Within band,28,0.8866666666666667,0.020264347142068886,0.05148514851485148,Low,""
E101233,Sales and Presales,L2,Junior (L1-L2),Hyderabad,Woman,South,Tier 3,Campus,6.3,4,1145000.0,1.082,Within band,19,,0.037056181021771745,0.1699009900990099,Low,""
E101234,Delivery,L3,Mid (L3-L4),Hyderabad,Man,South,Tier 3,Campus,6.9,4,2009000.0,1.139,Above band,25,0.8566666666666668,0.028092697143509208,0.09148514851485148,Low,""
E101236,Sales and Presales,L5,Senior (L5-L6),Bengaluru,Man,South,Tier 2,Referral,7.7,2,3868000.0,0.819,Below band,28,,0.03401561506999993,0.13980198019801982,Low,"slow pay growth, pay below market"
E101239,Consulting,L6,Senior (L5-L6),Hyderabad,Woman,East,Tier 2,Referral,9.9,3,6268000.0,0.822,Below band,42,0.8166666666666668,0.012695770910405114,0.024554455445544555,Low,""
E101241,Delivery,L3,Mid (L3-L4),Bengaluru,Woman,South,Tier 3,Job portal,6.6,3,1319000.0,0.712,Below band,49,0.73,0.08121118627466073,0.6023762376237624,Low,"low utilisation, pay below market"
E101242,Delivery,L3,Mid (L3-L4),Bengaluru,Woman,South,Tier 1,Agency,5.9,3,2004000.0,1.082,Within band,113,0.8733333333333334,0.10710252256513403,0.7603960396039604,Medium,long commute
E101246,Data and Analytics,L4,Mid (L3-L4),Hyderabad,Man,South,Tier 2,Agency,10.3,3,2438000.0,0.785,Below band,42,0.7733333333333334,0.07045302960262328,0.5077227722772277,Low,"low utilisation, pay below market"
E101249,Quality Engineering,L5,Senior (L5-L6),Bengaluru,Man,East,Tier 3,Referral,13.0,3,2764000.0,0.668,Below band,40,0.33,0.03578514542022537,0.15603960396039604,Low,slow pay growth
E101254,Cloud and Infrastructure,L4,Mid (L3-L4),Bengaluru,Man,South,Tier 3,Job portal,10.9,2,2797000.0,0.89,Below band,24,0.8833333333333334,0.05788315208646162,0.380990099009901,Low,"slow pay growth, pay below market, long wait for promotion"
E101256,Quality Engineering,L1,Junior (L1-L2),Hyderabad,Man,South,Tier 2,Campus,11.2,3,533000.0,1.021,Within band,33,0.9199999999999999,0.028778849482040895,0.09544554455445545,Low,slow pay growth
E101257,Cloud and Infrastructure,L2,Junior (L1-L2),Hyderabad,Man,South,Tier 3,Agency,7.2,4,1369000.0,1.258,Above band,43,0.8966666666666666,0.03157286634632115,0.11722772277227722,Low,""
E101259,Consulting,L2,Junior (L1-L2),Bengaluru,Woman,North,Tier 3,Campus,4.4,3,607000.0,0.521,Below band,40,0.7766666666666667,0.13799778720697223,0.88,Medium,"low utilisation, pay below market, falling rating"
E101260,Quality Engineering,L5,Senior (L5-L6),Hyderabad,Man,Northeast,Tier 2,Agency,7.3,2,3149000.0,0.799,Below band,43,0.8866666666666667,0.05317273091407028,0.3306930693069307,Low,"slow pay growth, pay below market, long wait for promotion"
E101262,Delivery,L3,Mid (L3-L4),Bengaluru,Man,North,Tier 3,Campus,12.9,2,1349000.0,0.728,Below band,55,0.7666666666666666,0.1115932997096716,0.7798019801980198,Medium,"slow pay growth, low utilisation, pay below market"
E101264,Quality Engineering,L4,Mid (L3-L4),Hyderabad,Man,South,Tier 3,Referral,10.3,3,1613000.0,0.633,Below band,23,0.8133333333333334,0.04446748743761457,0.24475247524752475,Low,"pay below market, low utilisation"
E101265,Quality Engineering,L2,Junior (L1-L2),Bengaluru,Man,West,Tier 2,Campus,12.9,3,1055000.0,1.083,Within band,44,0.79,0.04326564149943842,0.2308910891089109,Low,low utilisation
E101266,Delivery,L2,Junior (L1-L2),Hyderabad,Woman,South,Tier 2,Campus,4.7,3,632000.0,0.627,Below band,62,0.9066666666666666,0.09925438877755854,0.7176237623762376,Medium,"pay below market, long commute"
E101270,Delivery,L2,Junior (L1-L2),Bengaluru,Man,East,Tier 2,Agency,12.6,3,1032000.0,0.975,Within band,63,0.86,0.06469256850707664,0.44594059405940595,Low,slow pay growth
E101271,Delivery,L1,Junior (L1-L2),Hyderabad,Man,East,Tier 3,Campus,7.1,3,559000.0,0.986,Within band,66,0.77,0.049153508950242675,0.29504950495049503,Low,low utilisation
E101274,Corporate Functions,L5,Senior (L5-L6),Hyderabad,Man,East,Tier 3,Job portal,7.0,3,4161000.0,1.079,Within band,77,,0.03300817147023783,0.1310891089108911,Low,long commute
E101275,Consulting,L2,Junior (L1-L2),Bengaluru,Man,West,Tier 2,Campus,4.5,4,955000.0,0.82,Below band,44,0.92,0.09789749457632185,0.7104950495049505,Medium,"pay below market, slow pay growth"
E101277,Data and Analytics,L3,Mid (L3-L4),Hyderabad,Woman,South,Tier 3,Agency,10.9,4,1435000.0,0.727,Below band,19,0.89,0.042718470614455994,0.22415841584158416,Low,pay below market
E101279,Delivery,L2,Junior (L1-L2),Bengaluru,Man,South,Tier 3,Agency,10.0,3,904000.0,0.854,Below band,59,0.9333333333333332,0.06638259880751525,0.46653465346534656,Low,pay below market
E101280,Delivery,L2,Junior (L1-L2),Hyderabad,Man,South,Tier 3,Referral,6.8,4,1315000.0,1.305,Above band,49,0.3333333333333333,0.04394697141200648,0.2392079207920792,Low,low utilisation
E101282,Consulting,L5,Senior (L5-L6),Hyderabad,Man,South,Tier 2,Job portal,8.3,5,4822000.0,1.024,Within band,54,0.8566666666666668,0.013272318592360114,0.027722772277227723,Low,""
E101288,Cloud and Infrastructure,L2,Junior (L1-L2),Hyderabad,Man,East,Tier 2,Job portal,8.3,1,912000.0,0.838,Below band,42,0.9866666666666667,0.1087413143419278,0.765940594059406,Medium,"long wait for promotion, slow pay growth, pay below market"
E101289,Cloud and Infrastructure,L1,Junior (L1-L2),Hyderabad,Man,South,Tier 2,Campus,4.5,3,617000.0,1.008,Within band,26,0.8266666666666667,0.06219618636349187,0.4205940594059406,Low,low utilisation
E101292,Quality Engineering,L3,Mid (L3-L4),Bengaluru,Woman,North,Tier 2,Job portal,6.4,3,945000.0,0.555,Below band,101,0.9733333333333333,0.06904865994816399,0.49306930693069306,Low,"long commute, pay below market"
E101293,Delivery,L2,Junior (L1-L2),Bengaluru,Woman,East,Tier 2,Campus,12.1,2,793000.0,0.75,Below band,66,0.7366666666666667,0.07379105826074799,0.539009900990099,Low,"pay below market, low utilisation"
E101294,Delivery,L3,Mid (L3-L4),Bengaluru,Man,South,Tier 2,Campus,6.9,4,1329000.0,0.718,Below band,29,0.82,0.0704341359888023,0.5073267326732673,Low,"pay below market, low utilisation"
E101296,Consulting,L4,Mid (L3-L4),Hyderabad,Woman,South,Tier 2,Campus,6.7,4,2354000.0,0.772,Below band,29,0.8266666666666667,0.0599323240665426,0.39683168316831685,Low,"pay below market, low utilisation, slow pay growth"
E101297,Consulting,L1,Junior (L1-L2),Bengaluru,Man,South,Tier 3,Campus,5.2,3,659000.0,1.006,Within band,95,0.7633333333333333,0.12382588523702762,0.8348514851485148,Medium,"long commute, low utilisation"
E101300,Cloud and Infrastructure,L2,Junior (L1-L2),Hyderabad,Man,East,Tier 3,Campus,12.3,3,720000.0,0.662,Below band,30,0.8966666666666666,0.04648186368129002,0.2637623762376238,Low,pay below market
E101301,Quality Engineering,L4,Mid (L3-L4),Hyderabad,Man,South,Tier 3,Referral,12.3,3,1839000.0,0.721,Below band,52,0.9466666666666667,0.03428341323358953,0.14217821782178217,Low,pay below market
E101302,Delivery,L2,Junior (L1-L2),Hyderabad,Man,West,Tier 2,Campus,7.6,3,1013000.0,1.005,Within band,50,0.8966666666666668,0.041160913310817844,0.21148514851485148,Low,slow pay growth
E101304,Cloud and Infrastructure,L2,Junior (L1-L2),Bengaluru,Man,South,Tier 3,Campus,5.7,4,829000.0,0.725,Below band,22,0.4033333333333333,0.11819025212592751,0.8087128712871288,Medium,"pay below market, low utilisation"
E101307,Data and Analytics,L2,Junior (L1-L2),Hyderabad,Woman,East,Tier 2,Campus,9.6,4,605000.0,0.536,Below band,19,0.8366666666666668,0.05877119849015879,0.38732673267326734,Low,pay below market
E101308,Corporate Functions,L5,Senior (L5-L6),Bengaluru,Man,East,Tier 2,Job portal,6.3,5,2437000.0,0.602,Below band,136,,0.024718309002932703,0.07168316831683168,Low,long commute
E101309,Delivery,L1,Junior (L1-L2),Hyderabad,Woman,East,Tier 3,Campus,4.3,2,492000.0,0.868,Below band,16,0.91,0.09918687875078679,0.7164356435643564,Medium,"pay below market, slow pay growth"
E101310,Data and Analytics,L3,Mid (L3-L4),Hyderabad,Man,East,Tier 1,Referral,6.3,4,1175000.0,0.595,Below band,23,0.8833333333333333,0.05694792937295299,0.3695049504950495,Low,"slow pay growth, pay below market"
E101311,Delivery,L3,Mid (L3-L4),Bengaluru,Man,South,Tier 2,Job portal,8.3,3,2337000.0,1.262,Above band,62,0.7466666666666667,0.036786205428528,0.16514851485148516,Low,low utilisation
E101312,Sales and Presales,L1,Junior (L1-L2),Hyderabad,Woman,South,Tier 3,Campus,4.2,3,550000.0,0.924,Within band,83,,0.10597150211879537,0.7540594059405941,Medium,"long commute, pay below market"
E101313,Delivery,L3,Mid (L3-L4),Hyderabad,Woman,South,Tier 3,Campus,15.3,4,1859000.0,1.054,Within band,66,0.8866666666666667,0.04518025307678263,0.2510891089108911,Low,"falling rating, long wait for promotion, long commute"
E101314,Delivery,L2,Junior (L1-L2),Hyderabad,Man,South,Tier 1,Job portal,5.3,2,1033000.0,1.025,Within band,36,0.8466666666666667,0.09480186845032933,0.6922772277227722,Low,slow pay growth
E101315,Delivery,L5,Senior (L5-L6),Bengaluru,Man,South,Tier 2,Job portal,13.0,4,5393000.0,1.199,Above band,62,0.7766666666666667,0.016119557348480713,0.03881188118811881,Low,""
E101317,Cloud and Infrastructure,L1,Junior (L1-L2),Hyderabad,Man,East,Tier 2,Campus,7.8,3,675000.0,1.103,Above band,32,0.9566666666666667,0.018122565238320672,0.04712871287128713,Low,""
E101318,Delivery,L3,Mid (L3-L4),Bengaluru,Woman,Northeast,Tier 3,Job portal,5.8,3,1422000.0,0.768,Below band,86,0.86,0.1219487146348572,0.8269306930693069,Medium,"slow pay growth, long commute, pay below market"
E101319,Delivery,L2,Junior (L1-L2),Hyderabad,Woman,North,Tier 1,Campus,7.8,4,648000.0,0.643,Below band,15,0.9233333333333333,0.05188133485131101,0.31762376237623763,Low,pay below market
E101322,Corporate Functions,L2,Junior (L1-L2),Bengaluru,Woman,South,Tier 1,Referral,12.2,4,914000.0,0.96,Within band,65,,0.046910445992462003,0.26851485148514853,Low,"long commute, falling rating"
E101323,Quality Engineering,L1,Junior (L1-L2),Bengaluru,Man,South,Tier 2,Campus,8.8,3,503000.0,0.918,Within band,24,0.9166666666666666,0.048194674936897074,0.28475247524752473,Low,"slow pay growth, pay below market"
E101325,Consulting,L3,Mid (L3-L4),Hyderabad,Woman,North,Tier 3,Agency,5.8,3,1186000.0,0.611,Below band,57,0.9566666666666667,0.03733224982960328,0.17346534653465345,Low,""
E101327,Quality Engineering,L4,Mid (L3-L4),Bengaluru,Man,South,Tier 2,Job portal,8.0,3,1940000.0,0.725,Below band,46,0.96,0.037464722845094396,0.17386138613861385,Low,pay below market
E101329,Delivery,L1,Junior (L1-L2),Hyderabad,Man,East,Tier 3,Campus,5.3,2,488000.0,0.861,Below band,34,0.92,0.10271632796455082,0.7378217821782178,Medium,"pay below market, slow pay growth"
E101332,Cloud and Infrastructure,L1,Junior (L1-L2),Bengaluru,Man,North,Tier 2,Campus,5.9,4,731000.0,1.137,Above band,36,0.9166666666666666,0.02132629581126101,0.055445544554455446,Low,""
E101333,Delivery,L4,Mid (L3-L4),Hyderabad,Woman,North,Tier 2,Agency,6.3,5,2836000.0,1.023,Within band,50,0.7166666666666667,0.053781239305901805,0.33702970297029705,Low,low utilisation
E101336,Delivery,L3,Mid (L3-L4),Bengaluru,Man,South,Tier 2,Referral,7.7,3,1818000.0,0.982,Within band,76,0.7433333333333333,0.05495014928537149,0.3473267326732673,Low,low utilisation
E101337,Sales and Presales,L3,Mid (L3-L4),Bengaluru,Woman,East,Tier 2,Referral,4.8,5,1584000.0,0.815,Below band,86,,0.14560383410054498,0.9045544554455446,High,"long commute, pay below market, slow pay growth"
E101339,Delivery,L5,Senior (L5-L6),Bengaluru,Man,East,Tier 2,Job portal,8.9,3,4934000.0,1.097,Within band,20,0.8466666666666667,0.011468681646007995,0.013465346534653465,Low,""
E101340,Quality Engineering,L5,Senior (L5-L6),Hyderabad,Man,West,Tier 2,Agency,7.5,3,3671000.0,0.932,Within band,49,0.36000000000000004,0.04894183648829536,0.29346534653465345,Low,"slow pay growth, low utilisation, falling rating"
E101341,Cloud and Infrastructure,L1,Junior (L1-L2),Hyderabad,Woman,South,Tier 3,Campus,5.0,3,669000.0,1.093,Within band,29,0.7766666666666667,0.08029030162971178,0.5936633663366336,Low,"low utilisation, slow pay growth"
E101342,Quality Engineering,L5,Senior (L5-L6),Hyderabad,Woman,South,Tier 2,Job portal,9.9,3,3072000.0,0.78,Below band,48,0.8533333333333334,0.011179828404022079,0.011881188118811881,Low,""
E101343,Quality Engineering,L3,Mid (L3-L4),Hyderabad,Man,South,Tier 2,Referral,7.3,3,989000.0,0.609,Below band,93,1.0,0.023848569044561587,0.06772277227722773,Low,slow pay growth
E101349,Corporate Functions,L3,Mid (L3-L4),Bengaluru,Woman,North,Tier 2,Referral,7.9,3,1686000.0,1.011,Within band,76,,0.06286405934675406,0.4293069306930693,Low,slow pay growth
E101352,Delivery,L3,Mid (L3-L4),Hyderabad,Man,South,Tier 3,Campus,7.8,3,1492000.0,0.846,Below band,18,0.86,0.08640333817036358,0.6372277227722772,Low,"slow pay growth, pay below market"
E101353,Delivery,L4,Mid (L3-L4),Hyderabad,Man,North,Tier 2,Agency,7.8,4,2256000.0,0.814,Below band,62,0.8733333333333334,0.05080517075507667,0.3081188118811881,Low,pay below market
E101354,Consulting,L6,Senior (L5-L6),Hyderabad,Woman,South,Tier 3,Agency,15.2,2,8877000.0,1.165,Above band,67,0.7233333333333333,0.029086812563638664,0.09900990099009901,Low,"low utilisation, long wait for promotion, long commute"
E101355,Corporate Functions,L2,Junior (L1-L2),Hyderabad,Man,South,Tier 3,Agency,5.9,2,803000.0,0.885,Below band,92,,0.11819540137057145,0.8091089108910892,Medium,"slow pay growth, pay below market, long commute"
E101357,Corporate Functions,L3,Mid (L3-L4),Hyderabad,Man,North,Tier 2,Campus,13.3,4,659000.0,0.415,Below band,22,,0.0465316347120093,0.26415841584158417,Low,pay below market
E101358,Delivery,L1,Junior (L1-L2),Bengaluru,Man,South,Tier 2,Campus,5.3,2,626000.0,1.052,Within band,95,0.7133333333333334,0.1605060214760197,0.9330693069306931,High,"long commute, low utilisation, slow pay growth"
E101360,Cloud and Infrastructure,L1,Junior (L1-L2),Bengaluru,Woman,North,Tier 2,Campus,9.1,3,498000.0,0.774,Below band,81,0.9566666666666667,0.07889444361312052,0.5821782178217821,Low,"pay below market, slow pay growth, long commute"
E101362,Quality Engineering,L2,Junior (L1-L2),Hyderabad,Man,South,Tier 2,Campus,9.4,4,471000.0,0.508,Below band,26,0.8033333333333333,0.07518483460580828,0.5532673267326733,Low,"pay below market, low utilisation"
E101363,Delivery,L6,Senior (L5-L6),Hyderabad,Man,South,Tier 2,Agency,11.1,3,5018000.0,0.724,Below band,39,0.9333333333333332,0.009714135556812355,0.004356435643564357,Low,""
E101364,Delivery,L4,Mid (L3-L4),Hyderabad,Woman,Northeast,Tier 3,Referral,10.5,5,1064000.0,0.384,Below band,43,0.9366666666666666,0.03615216876919474,0.1603960396039604,Low,pay below market
E101366,Cloud and Infrastructure,L4,Mid (L3-L4),Bengaluru,Man,West,Tier 1,Agency,6.3,2,2813000.0,0.895,Below band,39,0.9333333333333332,0.07340265206227936,0.5342574257425743,Low,"slow pay growth, pay below market, long wait for promotion"
E101367,Quality Engineering,L3,Mid (L3-L4),Hyderabad,Man,South,Tier 3,Campus,6.5,5,1889000.0,1.164,Above band,39,0.8700000000000001,0.03351320825942042,0.13465346534653466,Low,""
E101371,Corporate Functions,L3,Mid (L3-L4),Bengaluru,Man,South,Tier 2,Referral,8.1,4,1396000.0,0.837,Below band,29,,0.059806961041455144,0.39524752475247527,Low,pay below market
E101372,Quality Engineering,L6,Senior (L5-L6),Bengaluru,Man,South,Tier 2,Referral,11.9,4,4676000.0,0.699,Below band,59,0.9233333333333333,0.010362052256618647,0.007128712871287129,Low,""
E101379,Cloud and Infrastructure,L4,Mid (L3-L4),Bengaluru,Man,North,Tier 2,Referral,7.4,3,3477000.0,1.106,Above band,69,0.98,0.021452580468030228,0.05623762376237624,Low,long wait for promotion
E101380,Quality Engineering,L3,Mid (L3-L4),Bengaluru,Man,East,Tier 3,Referral,6.0,3,1622000.0,0.952,Within band,150,0.8533333333333334,0.06134155135634332,0.41148514851485146,Low,long commute
E101382,Quality Engineering,L2,Junior (L1-L2),Hyderabad,Man,South,Tier 2,Campus,4.6,3,564000.0,0.608,Below band,22,0.82,0.13907904544477473,0.8835643564356436,Medium,"pay below market, low utilisation, falling rating"
E101385,Delivery,L4,Mid (L3-L4),Hyderabad,Man,South,Tier 2,Campus,7.7,3,1744000.0,0.629,Below band,34,0.8566666666666666,0.04970062255941029,0.3001980198019802,Low,"pay below market, slow pay growth"
E101386,Corporate Functions,L1,Junior (L1-L2),Bengaluru,Man,South,Tier 2,Campus,8.1,2,433000.0,0.808,Below band,45,,0.06811636078430196,0.48435643564356434,Low,"pay below market, slow pay growth"
E101389,Delivery,L5,Senior (L5-L6),Bengaluru,Man,North,Tier 2,Job portal,6.4,3,3334000.0,0.741,Below band,33,0.89,0.013242745007427453,0.027326732673267327,Low,""
E101391,Delivery,L1,Junior (L1-L2),Hyderabad,Woman,North,Tier 3,Campus,4.2,5,621000.0,1.095,Within band,57,0.9066666666666666,0.02890557547002101,0.09702970297029703,Low,""
E101392,Delivery,L5,Senior (L5-L6),Hyderabad,Man,East,Tier 3,Referral,10.3,3,3428000.0,0.8,Below band,52,0.7633333333333333,0.014218718402710807,0.031683168316831684,Low,""
E101393,Quality Engineering,L1,Junior (L1-L2),Hyderabad,Man,East,Tier 2,Campus,6.9,2,452000.0,0.866,Below band,71,0.18666666666666665,0.1060078051414401,0.7544554455445545,Medium,"pay below market, low utilisation, slow pay growth"
E101394,Consulting,L3,Mid (L3-L4),Bengaluru,Woman,East,Tier 1,Referral,8.3,3,2163000.0,1.062,Within band,28,0.8666666666666667,0.02791688459356206,0.09069306930693069,Low,""
E101399,Corporate Functions,L1,Junior (L1-L2),Bengaluru,Man,South,Tier 2,Campus,6.4,3,557000.0,1.039,Within band,81,,0.06523506722038395,0.45584158415841586,Low,"long commute, pay below market, slow pay growth"
E101402,Delivery,L6,Senior (L5-L6),Hyderabad,Man,East,Tier 3,Agency,8.2,5,8491000.0,1.226,Above band,41,0.7733333333333334,0.021247014120702234,0.05504950495049505,Low,low utilisation
E101405,Delivery,L1,Junior (L1-L2),Bengaluru,Man,East,Tier 2,Campus,11.1,3,542000.0,0.911,Within band,51,0.9233333333333332,0.05254632473286547,0.32475247524752476,Low,"slow pay growth, pay below market"
E101407,Delivery,L3,Mid (L3-L4),Hyderabad,Man,East,Tier 2,Campus,8.6,5,657000.0,0.372,Below band,22,0.7833333333333333,0.07293527683954329,0.5314851485148515,Low,"pay below market, low utilisation, slow pay growth"
E101414,Delivery,L3,Mid (L3-L4),Hyderabad,Man,Northeast,Tier 2,Campus,7.4,4,1333000.0,0.756,Below band,48,0.77,0.07291483911093997,0.5310891089108911,Low,"low utilisation, pay below market"
E101416,Sales and Presales,L3,Mid (L3-L4),Bengaluru,Woman,South,Tier 3,Agency,7.3,4,1385000.0,0.712,Below band,50,,0.05854473955896464,0.38534653465346536,Low,pay below market
E101417,Delivery,L1,Junior (L1-L2),Hyderabad,Woman,South,Tier 1,Campus,13.5,3,589000.0,1.039,Within band,29,0.38000000000000006,0.04892693822944357,0.29306930693069305,Low,"low utilisation, time on bench"
E101418,Quality Engineering,L4,Mid (L3-L4),Bengaluru,Man,Northeast,Tier 2,Campus,6.5,5,1200000.0,0.448,Below band,60,0.7833333333333333,0.04875055816958302,0.29148514851485147,Low,low utilisation
E101419,Delivery,L5,Senior (L5-L6),Hyderabad,Man,South,Tier 2,Agency,6.8,3,3456000.0,0.807,Below band,150,0.8833333333333333,0.03175979145547396,0.12079207920792079,Low,"long commute, falling rating"
E101423,Data and Analytics,L3,Mid (L3-L4),Hyderabad,Man,East,Tier 2,Agency,5.5,4,1409000.0,0.713,Below band,29,0.8533333333333334,0.12080051292620973,0.8194059405940594,Medium,"falling rating, slow pay growth"
E101424,Consulting,L1,Junior (L1-L2),Hyderabad,Man,South,Tier 3,Campus,6.6,3,699000.0,1.12,Above band,38,0.98,0.017551312061828563,0.043168316831683165,Low,long wait for promotion
E101425,Delivery,L6,Senior (L5-L6),Hyderabad,Man,South,Tier 1,Job portal,14.6,4,8145000.0,1.176,Above band,41,0.5766666666666667,0.023682219985675754,0.06653465346534654,Low,"falling rating, low utilisation, long wait for promotion"
E101426,Delivery,L4,Mid (L3-L4),Bengaluru,Man,South,Tier 1,Job portal,8.7,4,1289000.0,0.443,Below band,73,0.8333333333333334,0.05584727393629808,0.3592079207920792,Low,pay below market
E101427,Delivery,L6,Senior (L5-L6),Bengaluru,Man,North,Tier 1,Job portal,11.3,5,5030000.0,0.691,Below band,51,0.7766666666666667,0.009889919370388182,0.005148514851485149,Low,""
E101432,Sales and Presales,L2,Junior (L1-L2),Hyderabad,Woman,South,Tier 2,Campus,6.0,4,1167000.0,1.103,Above band,32,,0.03704354251359867,0.16910891089108912,Low,""
E101434,Delivery,L1,Junior (L1-L2),Hyderabad,Man,South,Tier 3,Campus,4.7,4,669000.0,1.18,Above band,42,0.9233333333333333,0.02776583446065633,0.08831683168316831,Low,""
E101436,Corporate Functions,L1,Junior (L1-L2),Hyderabad,Woman,South,Tier 3,Campus,4.9,3,577000.0,1.131,Above band,76,,0.046749011247426406,0.26732673267326734,Low,long commute
E101437,Delivery,L1,Junior (L1-L2),Hyderabad,Woman,South,Tier 2,Campus,4.3,3,653000.0,1.152,Above band,68,0.7733333333333334,0.07122356005666437,0.5156435643564357,Low,"low utilisation, long commute"
E101441,Delivery,L6,Senior (L5-L6),Bengaluru,Woman,East,Tier 3,Job portal,8.0,4,5712000.0,0.785,Below band,50,0.7866666666666666,0.011768397776866148,0.015841584158415842,Low,""
E101443,Delivery,L6,Senior (L5-L6),Bengaluru,Man,South,Tier 3,Job portal,9.5,3,3713000.0,0.51,Below band,28,0.9166666666666666,0.01040969107328288,0.0075247524752475245,Low,""
E101446,Corporate Functions,L3,Mid (L3-L4),Bengaluru,Man,Northeast,Tier 2,Job portal,8.3,3,1593000.0,0.956,Within band,58,,0.045721083596880666,0.25702970297029704,Low,""
E101447,Corporate Functions,L1,Junior (L1-L2),Hyderabad,Man,South,Tier 1,Campus,8.8,3,418000.0,0.82,Below band,40,,0.046745486425570325,0.26693069306930695,Low,pay below market
E101448,Delivery,L2,Junior (L1-L2),Bengaluru,Woman,South,Tier 3,Referral,7.2,4,1370000.0,1.295,Above band,37,0.8833333333333334,0.029833574275706917,0.10336633663366336,Low,""
E101449,Delivery,L5,Senior (L5-L6),Hyderabad,Man,Northeast,Tier 3,Rehire,11.4,5,4345000.0,1.014,Within band,12,0.87,0.014262150358498952,0.032475247524752476,Low,""
E101451,Quality Engineering,L1,Junior (L1-L2),Hyderabad,Man,East,Tier 2,Campus,7.8,3,512000.0,0.981,Within band,42,0.8066666666666666,0.03765424705320759,0.17584158415841583,Low,low utilisation
E101452,Delivery,L4,Mid (L3-L4),Hyderabad,Man,Northeast,Tier 3,Job portal,7.5,1,2208000.0,0.797,Below band,47,0.8966666666666666,0.08080545875911128,0.598019801980198,Low,"slow pay growth, pay below market, long wait for promotion"
E101453,Data and Analytics,L2,Junior (L1-L2),Bengaluru,Man,South,Tier 3,Referral,4.8,4,1250000.0,1.055,Within band,108,0.8733333333333334,0.0926255984452531,0.6760396039603961,Low,long commute
E101454,Data and Analytics,L2,Junior (L1-L2),Hyderabad,Man,South,Tier 3,Campus,11.6,5,900000.0,0.797,Below band,50,0.91,0.05579298795629582,0.3588118811881188,Low,pay below market
E101455,Cloud and Infrastructure,L3,Mid (L3-L4),Hyderabad,Man,South,Tier 3,Campus,6.0,3,1347000.0,0.707,Below band,23,0.9833333333333334,0.017806129175388322,0.04396039603960396,Low,pay below market
E101456,Corporate Functions,L1,Junior (L1-L2),Hyderabad,Woman,South,Tier 2,Campus,6.1,2,448000.0,0.878,Below band,50,,0.0761884646241368,0.5635643564356435,Low,"pay below market, slow pay growth"
E101457,Quality Engineering,L5,Senior (L5-L6),Hyderabad,Man,North,Tier 2,Referral,6.3,3,4139000.0,1.051,Within band,17,0.8866666666666666,0.01234812432978672,0.020594059405940595,Low,""
E101458,Quality Engineering,L3,Mid (L3-L4),Bengaluru,Woman,South,Tier 2,Campus,9.4,3,1106000.0,0.649,Below band,35,0.9133333333333334,0.045992740026053934,0.2613861386138614,Low,pay below market
E101461,Delivery,L5,Senior (L5-L6),Bengaluru,Man,West,Tier 2,Job portal,9.5,3,4657000.0,1.036,Within band,52,0.8099999999999999,0.03282574666116317,0.1291089108910891,Low,slow pay growth
E101463,Delivery,L2,Junior (L1-L2),Bengaluru,Man,East,Tier 1,Job portal,6.2,4,935000.0,0.884,Below band,51,0.9133333333333334,0.08308377100734506,0.6130693069306931,Low,"slow pay growth, pay below market"
E101468,Quality Engineering,L1,Junior (L1-L2),Hyderabad,Woman,South,Tier 2,Campus,9.3,4,452000.0,0.866,Below band,14,0.9033333333333333,0.04444623434806922,0.24435643564356435,Low,pay below market
E101471,Cloud and Infrastructure,L3,Mid (L3-L4),Bengaluru,Woman,East,Tier 2,Job portal,9.3,4,2220000.0,1.11,Above band,60,0.8466666666666667,0.034889569351471444,0.14693069306930692,Low,long commute
E101472,Delivery,L4,Mid (L3-L4),Hyderabad,Man,West,Tier 3,Job portal,8.0,3,2638000.0,0.952,Within band,36,0.18333333333333335,0.12816685101140338,0.8562376237623762,Medium,"time on bench, low utilisation, slow pay growth"
E101473,Corporate Functions,L2,Junior (L1-L2),Hyderabad,Man,South,Tier 3,Campus,10.8,3,503000.0,0.555,Below band,27,,0.049603724941719836,0.299009900990099,Low,pay below market
E101474,Consulting,L5,Senior (L5-L6),Bengaluru,Man,South,Tier 2,Job portal,7.8,4,4587000.0,0.927,Within band,38,0.8833333333333333,0.011009654549562174,0.010693069306930694,Low,""
E101475,Delivery,L3,Mid (L3-L4),Hyderabad,Man,South,Tier 2,Referral,5.2,4,1179000.0,0.668,Below band,62,0.6,0.16249214670445392,0.9374257425742575,High,"pay below market, low utilisation, falling rating"
E101477,Delivery,L2,Junior (L1-L2),Hyderabad,Man,East,Tier 3,Referral,15.6,3,980000.0,0.972,Within band,27,0.8366666666666668,0.0369170596819104,0.16673267326732674,Low,""
E101478,Consulting,L4,Mid (L3-L4),Bengaluru,Man,South,Tier 2,Rehire,10.8,3,3341000.0,1.044,Within band,36,0.77,0.03435005914404594,0.14297029702970296,Low,low utilisation
E101481,Delivery,L4,Mid (L3-L4),Hyderabad,Man,South,Tier 1,Job portal,6.5,4,2116000.0,0.764,Below band,39,0.7633333333333333,0.07760104755475007,0.5746534653465346,Low,"pay below market, low utilisation, long wait for promotion"
E101482,Delivery,L3,Mid (L3-L4),Bengaluru,Man,West,Tier 2,Campus,11.8,3,1990000.0,1.075,Within band,62,0.81,0.0336674054239725,0.13584158415841585,Low,""
E101483,Delivery,L4,Mid (L3-L4),Hyderabad,Man,West,Tier 2,Job portal,7.3,4,1809000.0,0.653,Below band,29,0.8966666666666666,0.043179706136668015,0.2297029702970297,Low,"pay below market, slow pay growth"
E101485,Cloud and Infrastructure,L1,Junior (L1-L2),Hyderabad,Man,East,Tier 2,Campus,9.0,4,675000.0,1.103,Above band,42,0.8733333333333334,0.02111838776064912,0.05425742574257426,Low,""
E101487,Delivery,L3,Mid (L3-L4),Hyderabad,Woman,South,Tier 2,Campus,6.3,2,1499000.0,0.85,Below band,34,0.9533333333333335,0.1277660329800661,0.8534653465346534,Medium,"pay below market, slow pay growth"
E101489,Delivery,L2,Junior (L1-L2),Bengaluru,Man,South,Tier 2,Campus,11.1,3,854000.0,0.807,Below band,98,0.8333333333333334,0.10605475297434946,0.7552475247524753,Medium,"pay below market, long commute, time on bench"
E101491,Delivery,L1,Junior (L1-L2),Hyderabad,Man,South,Tier 2,Campus,4.3,3,636000.0,1.122,Above band,40,0.8166666666666668,0.04699702343290918,0.2716831683168317,Low,""
E101497,Delivery,L3,Mid (L3-L4),Hyderabad,Non-binary,South,Tier 3,Campus,7.3,3,1995000.0,1.131,Above band,35,0.7799999999999999,0.03585991878533105,0.15683168316831683,Low,low utilisation
E101498,Sales and Presales,L6,Senior (L5-L6),Hyderabad,Man,West,Tier 2,Referral,7.8,4,3630000.0,0.499,Below band,41,,0.013555977068797213,0.028910891089108912,Low,""
E101499,Corporate Functions,L4,Mid (L3-L4),Hyderabad,Man,South,Tier 2,Referral,11.5,3,2608000.0,1.046,Within band,29,,0.02884809490714052,0.09623762376237624,Low,""
E101502,Quality Engineering,L2,Junior (L1-L2),Hyderabad,Man,East,Tier 1,Campus,8.3,2,761000.0,0.821,Below band,32,0.9033333333333333,0.09230774104366908,0.6744554455445545,Low,"slow pay growth, pay below market"
E101503,Delivery,L1,Junior (L1-L2),Hyderabad,Man,South,Tier 3,Campus,9.3,3,581000.0,1.025,Within band,33,0.8866666666666667,0.03968754407793793,0.19485148514851486,Low,slow pay growth
E101505,Delivery,L4,Mid (L3-L4),Bengaluru,Man,South,Tier 3,Referral,8.0,3,2833000.0,0.974,Within band,36,0.8433333333333334,0.03524260501242422,0.1504950495049505,Low,""
E101506,Delivery,L3,Mid (L3-L4),Hyderabad,Man,East,Tier 2,Agency,5.5,3,1658000.0,0.94,Within band,37,0.82,0.12563938332067948,0.8461386138613861,Medium,"pay below market, low utilisation"
E101510,Delivery,L6,Senior (L5-L6),Bengaluru,Woman,South,Tier 2,Referral,9.2,4,4965000.0,0.682,Below band,37,0.9133333333333332,0.012118779853542556,0.019405940594059406,Low,""
E101511,Cloud and Infrastructure,L2,Junior (L1-L2),Hyderabad,Man,West,Tier 1,Campus,7.6,4,693000.0,0.637,Below band,49,0.8933333333333334,0.06410852055007016,0.4415841584158416,Low,"pay below market, slow pay growth"
E101513,Quality Engineering,L4,Mid (L3-L4),Hyderabad,Man,East,Tier 2,Referral,7.4,2,1672000.0,0.656,Below band,28,0.9033333333333333,0.0741298027957078,0.5425742574257426,Low,"slow pay growth, pay below market, low utilisation"
E101516,Delivery,L2,Junior (L1-L2),Hyderabad,Man,East,Tier 2,Campus,4.7,3,668000.0,0.663,Below band,32,0.9033333333333333,0.0879239195452785,0.6479207920792079,Low,pay below market
E101517,Delivery,L4,Mid (L3-L4),Hyderabad,Man,South,Tier 2,Agency,6.8,5,1346000.0,0.486,Below band,57,0.86,0.05423833996725393,0.3401980198019802,Low,"pay below market, slow pay growth"
E101518,Corporate Functions,L4,Mid (L3-L4),Hyderabad,Woman,North,Tier 2,Referral,5.9,4,1820000.0,0.73,Below band,17,,0.0552281582916047,0.35247524752475246,Low,pay below market
E101519,Data and Analytics,L2,Junior (L1-L2),Hyderabad,Woman,South,Tier 1,Referral,6.3,3,913000.0,0.809,Below band,45,0.9,0.0665707615888762,0.46851485148514854,Low,pay below market
E101520,Data and Analytics,L2,Junior (L1-L2),Hyderabad,Woman,North,Tier 2,Job portal,11.1,3,1081000.0,0.957,Within band,55,0.8233333333333333,0.0434191646311494,0.23445544554455444,Low,""
E101521,Quality Engineering,L1,Junior (L1-L2),Hyderabad,Woman,East,Tier 3,Campus,7.3,3,611000.0,1.17,Above band,28,0.86,0.02704801146907634,0.08277227722772278,Low,""
E101522,Corporate Functions,L3,Mid (L3-L4),Hyderabad,Man,North,Tier 1,Campus,9.3,4,1814000.0,1.143,Above band,36,,0.026686900490803356,0.0796039603960396,Low,""
E101523,Quality Engineering,L2,Junior (L1-L2),Hyderabad,Man,South,Tier 1,Referral,5.1,3,910000.0,0.982,Within band,43,0.9899999999999999,0.04531419770883555,0.2526732673267327,Low,"slow pay growth, time on bench"
E101525,Delivery,L4,Mid (L3-L4),Hyderabad,Woman,South,Tier 2,Campus,8.2,3,1442000.0,0.52,Below band,25,0.7833333333333333,0.057839875012416546,0.3805940594059406,Low,"low utilisation, pay below market"
E101526,Delivery,L4,Mid (L3-L4),Hyderabad,Man,North,Tier 3,Referral,6.6,4,2832000.0,1.022,Within band,51,0.75,0.06091149979183102,0.4063366336633663,Low,"low utilisation, falling rating"
E101527,Delivery,L5,Senior (L5-L6),Hyderabad,Man,South,Tier 3,Job portal,9.3,5,3821000.0,0.892,Below band,44,0.35000000000000003,0.018035416776579084,0.04554455445544554,Low,time on bench
E101530,Delivery,L3,Mid (L3-L4),Bengaluru,Man,Northeast,Tier 2,Referral,5.2,3,1164000.0,0.629,Below band,22,0.7899999999999999,0.14175563222025006,0.8934653465346535,Medium,"pay below market, low utilisation, slow pay growth"
E101531,Cloud and Infrastructure,L5,Senior (L5-L6),Bengaluru,Woman,South,Tier 1,Referral,11.4,5,4232000.0,0.871,Below band,33,0.7200000000000001,0.015348950120307186,0.03603960396039604,Low,""
E101532,Delivery,L3,Mid (L3-L4),Bengaluru,Woman,South,Tier 2,Campus,7.6,3,1365000.0,0.737,Below band,56,0.8933333333333334,0.09048968752389681,0.6645544554455446,Low,"slow pay growth, pay below market"
E101533,Delivery,L3,Mid (L3-L4),Hyderabad,Man,South,Tier 3,Job portal,8.3,3,1953000.0,1.107,Above band,71,0.4166666666666667,0.0668196676905969,0.47089108910891087,Low,"slow pay growth, low utilisation"
E101535,Quality Engineering,L2,Junior (L1-L2),Hyderabad,Woman,South,Tier 3,Referral,4.8,3,951000.0,1.026,Within band,63,0.8466666666666667,0.07953409331279712,0.5881188118811881,Low,long commute
E101536,Cloud and Infrastructure,L2,Junior (L1-L2),Hyderabad,Man,South,Tier 2,Campus,8.3,3,935000.0,0.859,Below band,37,0.7033333333333335,0.14854016418902125,0.9108910891089109,High,"slow pay growth, pay below market, low utilisation"
E101537,Corporate Functions,L2,Junior (L1-L2),Hyderabad,Man,South,Tier 2,Campus,4.3,3,515000.0,0.568,Below band,45,,0.10605254800103021,0.7548514851485149,Medium,pay below market
E101538,Delivery,L3,Mid (L3-L4),Hyderabad,Man,South,Tier 1,Campus,7.3,3,1945000.0,1.103,Above band,68,0.8333333333333334,0.04313960252149067,0.22891089108910892,Low,slow pay growth
E101539,Delivery,L2,Junior (L1-L2),Hyderabad,Woman,South,Tier 3,Campus,6.5,3,719000.0,0.713,Below band,27,0.86,0.06520089390501731,0.4542574257425743,Low,pay below market
E101544,Delivery,L4,Mid (L3-L4),Hyderabad,Man,South,Tier 3,Campus,7.0,4,2169000.0,0.783,Below band,32,0.89,0.04114803778431177,0.21108910891089108,Low,pay below market
E101545,Data and Analytics,L2,Junior (L1-L2),Bengaluru,Man,South,Tier 3,Job portal,4.8,2,1209000.0,1.02,Within band,73,0.7766666666666667,0.13997913936092188,0.8875247524752475,Medium,"low utilisation, slow pay growth"
E101551,Delivery,L1,Junior (L1-L2),Bengaluru,Woman,North,Tier 2,Campus,9.7,3,588000.0,0.988,Within band,73,0.9,0.04485623991922539,0.2495049504950495,Low,"slow pay growth, long commute"
E101556,Quality Engineering,L2,Junior (L1-L2),Bengaluru,Man,South,Tier 2,Campus,12.8,4,666000.0,0.684,Below band,38,0.9733333333333333,0.04193158246233598,0.21742574257425742,Low,pay below market
E101559,Quality Engineering,L4,Mid (L3-L4),Hyderabad,Man,South,Tier 3,Agency,10.6,4,2596000.0,1.018,Within band,52,0.63,0.06511900646911087,0.4522772277227723,Low,"low utilisation, slow pay growth, long wait for promotion"
E101560,Delivery,L5,Senior (L5-L6),Hyderabad,Woman,North,Tier 2,Job portal,10.4,3,3759000.0,0.878,Below band,44,0.9066666666666667,0.01447558320526233,0.03326732673267327,Low,""
E101562,Delivery,L4,Mid (L3-L4),Bengaluru,Woman,South,Tier 1,Agency,5.6,5,1334000.0,0.458,Below band,36,0.8566666666666666,0.06936412305190809,0.49584158415841584,Low,"pay below market, falling rating"
E101564,Quality Engineering,L3,Mid (L3-L4),Hyderabad,Woman,North,Tier 3,Campus,9.4,3,928000.0,0.572,Below band,57,0.8166666666666668,0.0624134556878532,0.42336633663366335,Low,"pay below market, low utilisation"
E101566,Delivery,L1,Junior (L1-L2),Hyderabad,Man,South,Tier 2,Campus,6.9,3,648000.0,1.143,Above band,55,0.4666666666666666,0.037249442775870244,0.17267326732673266,Low,low utilisation
E101568,Delivery,L5,Senior (L5-L6),Hyderabad,Man,South,Tier 3,Job portal,10.3,3,4080000.0,0.953,Within band,64,0.91,0.015533691775447955,0.03683168316831683,Low,""
E101569,Delivery,L5,Senior (L5-L6),Hyderabad,Woman,South,Tier 2,Campus,13.3,4,1953000.0,0.456,Below band,18,0.8766666666666666,0.009486674460618847,0.0035643564356435645,Low,""
E101570,Delivery,L3,Mid (L3-L4),Hyderabad,Man,South,Tier 3,Job portal,5.0,2,974000.0,0.552,Below band,70,0.9066666666666667,0.07770007355275509,0.5762376237623762,Low,"long commute, pay below market"
E101571,Data and Analytics,L2,Junior (L1-L2),Bengaluru,Man,South,Tier 3,Campus,7.9,3,1116000.0,0.942,Within band,34,0.7533333333333333,0.10313169398597218,0.7398019801980198,Medium,"slow pay growth, low utilisation, falling rating"
E101572,Delivery,L3,Mid (L3-L4),Bengaluru,Woman,South,Tier 2,Job portal,13.1,3,1976000.0,1.067,Within band,56,0.7999999999999999,0.04771941928543886,0.28,Low,"low utilisation, time on bench"
E101574,Sales and Presales,L3,Mid (L3-L4),Bengaluru,Man,South,Tier 2,Campus,7.4,3,1155000.0,0.594,Below band,45,,0.07540707429687664,0.5536633663366337,Low,"slow pay growth, pay below market"
E101578,Data and Analytics,L4,Mid (L3-L4),Hyderabad,Man,North,Tier 2,Agency,5.6,3,1862000.0,0.6,Below band,37,0.8733333333333334,0.0654053414834497,0.45702970297029705,Low,"slow pay growth, pay below market"
E101580,Consulting,L1,Junior (L1-L2),Hyderabad,Man,East,Tier 3,Campus,5.5,3,516000.0,0.827,Below band,28,0.9033333333333333,0.07054173812768422,0.5085148514851485,Low,"pay below market, slow pay growth"
E101581,Delivery,L4,Mid (L3-L4),Hyderabad,Man,South,Tier 2,Campus,6.0,5,1981000.0,0.715,Below band,36,0.9533333333333333,0.044302407794098504,0.24237623762376237,Low,""
E101582,Delivery,L1,Junior (L1-L2),Bengaluru,Man,South,Tier 3,Campus,5.0,3,684000.0,1.15,Above band,45,0.7533333333333333,0.05697134665329295,0.3706930693069307,Low,low utilisation
E101589,Data and Analytics,L4,Mid (L3-L4),Bengaluru,Man,East,Tier 3,Campus,9.1,3,2723000.0,0.836,Below band,25,0.7866666666666667,0.06194091970183256,0.4178217821782178,Low,"pay below market, low utilisation"
E101592,Corporate Functions,L1,Junior (L1-L2),Bengaluru,Woman,East,Tier 1,Campus,11.8,3,506000.0,0.944,Within band,33,,0.04102422716851043,0.2087128712871287,Low,pay below market
E101593,Cloud and Infrastructure,L4,Mid (L3-L4),Hyderabad,Woman,South,Tier 2,Referral,7.5,2,2445000.0,0.817,Below band,35,0.7833333333333333,0.10691076123292184,0.7588118811881188,Medium,"slow pay growth, low utilisation, pay below market"
E101595,Delivery,L3,Mid (L3-L4),Bengaluru,Man,South,Tier 2,Agency,5.3,3,1109000.0,0.599,Below band,83,0.7933333333333333,0.16132662231617995,0.9354455445544555,High,"low utilisation, long commute, pay below market"
E101597,Quality Engineering,L2,Junior (L1-L2),Hyderabad,Man,South,Tier 3,Campus,6.2,4,494000.0,0.533,Below band,37,0.8466666666666667,0.07501186310262425,0.5504950495049505,Low,"pay below market, slow pay growth"
E101598,Delivery,L5,Senior (L5-L6),Hyderabad,Man,North,Tier 3,Job portal,10.0,2,3460000.0,0.808,Below band,46,0.6333333333333333,0.046625755262533035,0.26495049504950496,Low,"slow pay growth, low utilisation, long wait for promotion"
E101599,Cloud and Infrastructure,L4,Mid (L3-L4),Bengaluru,Man,East,Tier 2,Job portal,7.3,4,2349000.0,0.747,Below band,80,0.9133333333333334,0.05908883835290974,0.3889108910891089,Low,"pay below market, long commute"
E101601,Cloud and Infrastructure,L2,Junior (L1-L2),Bengaluru,Woman,South,Tier 3,Campus,9.1,3,676000.0,0.591,Below band,109,0.3466666666666667,0.12424495709007598,0.8376237623762376,Medium,"long commute, low utilisation, pay below market"
E101602,Delivery,L4,Mid (L3-L4),Hyderabad,Man,South,Tier 3,Referral,5.8,4,2210000.0,0.798,Below band,42,0.6933333333333334,0.07458546494416998,0.546930693069307,Low,"low utilisation, pay below market"
E101603,Sales and Presales,L4,Mid (L3-L4),Bengaluru,Man,South,Tier 2,Rehire,7.1,3,3385000.0,1.108,Above band,36,,0.027884198271495932,0.0891089108910891,Low,""
E101606,Corporate Functions,L1,Junior (L1-L2),Bengaluru,Man,South,Tier 3,Campus,5.3,4,444000.0,0.828,Below band,32,,0.0884538837585402,0.6510891089108911,Low,pay below market
E101617,Delivery,L3,Mid (L3-L4),Bengaluru,Man,South,Tier 2,Campus,7.8,3,2299000.0,1.241,Above band,54,0.8166666666666668,0.03289042008073028,0.1306930693069307,Low,slow pay growth
E101620,Quality Engineering,L6,Senior (L5-L6),Hyderabad,Man,South,Tier 2,Referral,10.8,4,5456000.0,0.856,Below band,28,0.5966666666666667,0.012065782015760796,0.018613861386138613,Low,""
E101623,Quality Engineering,L5,Senior (L5-L6),Hyderabad,Man,South,Tier 3,Job portal,7.2,3,3625000.0,0.92,Within band,64,0.8133333333333334,0.030630264888682746,0.10891089108910891,Low,slow pay growth
E101625,Delivery,L2,Junior (L1-L2),Hyderabad,Man,East,Tier 3,Campus,6.6,2,763000.0,0.757,Below band,65,0.8333333333333334,0.1281769488457501,0.8566336633663366,Medium,"pay below market, slow pay growth, low utilisation"
E101628,Quality Engineering,L1,Junior (L1-L2),Hyderabad,Man,North,Tier 2,Campus,5.0,3,610000.0,1.169,Above band,75,0.8033333333333333,0.040606721401311476,0.20356435643564355,Low,""
E101629,Delivery,L1,Junior (L1-L2),Hyderabad,Woman,North,Tier 2,Campus,5.2,5,597000.0,1.053,Within band,50,0.7200000000000001,0.05337168181140475,0.3326732673267327,Low,low utilisation
E101635,Delivery,L3,Mid (L3-L4),Bengaluru,Man,South,Tier 1,Job portal,13.3,3,1073000.0,0.579,Below band,16,0.7699999999999999,0.08321211426529869,0.6142574257425742,Low,"low utilisation, pay below market"
E101637,Delivery,L3,Mid (L3-L4),Hyderabad,Man,South,Tier 2,Referral,5.2,5,1195000.0,0.677,Below band,36,0.91,0.08792553084224455,0.6483168316831683,Low,"pay below market, slow pay growth"
E101639,Consulting,L4,Mid (L3-L4),Bengaluru,Man,East,Tier 3,Referral,21.9,3,3505000.0,1.095,Within band,29,0.9566666666666667,0.00910728390720296,0.002376237623762376,Low,""
E101641,Delivery,L3,Mid (L3-L4),Hyderabad,Man,South,Tier 3,Job portal,8.6,3,1848000.0,1.048,Within band,77,0.9366666666666666,0.10965599422665627,0.7691089108910891,Medium,"long commute, slow pay growth, falling rating"
E101643,Cloud and Infrastructure,L1,Junior (L1-L2),Bengaluru,Man,North,Tier 3,Campus,7.2,3,679000.0,1.056,Within band,24,0.8966666666666666,0.020793292380011787,0.052277227722772275,Low,""
E101646,Cloud and Infrastructure,L1,Junior (L1-L2),Bengaluru,Man,South,Tier 3,Campus,11.8,3,604000.0,0.939,Within band,112,0.10000000000000002,0.10590218506263704,0.7532673267326733,Medium,"long commute, low utilisation, time on bench"
E101647,Sales and Presales,L2,Junior (L1-L2),Hyderabad,Man,East,Tier 3,Campus,10.3,5,842000.0,0.796,Below band,33,,0.06494940568462408,0.4491089108910891,Low,pay below market
E101648,Corporate Functions,L6,Senior (L5-L6),Hyderabad,Man,North,Tier 3,Agency,8.7,5,7387000.0,1.185,Above band,70,,0.015210533880704934,0.03445544554455446,Low,""
E101649,Quality Engineering,L2,Junior (L1-L2),Bengaluru,Man,North,Tier 1,Campus,4.3,4,576000.0,0.591,Below band,103,0.7533333333333334,0.20041557299200766,0.9734653465346534,High,"pay below market, low utilisation, long commute"
E101652,Delivery,L1,Junior (L1-L2),Bengaluru,Woman,South,Tier 2,Campus,8.8,4,610000.0,1.025,Within band,77,0.08,0.13556233411416818,0.8752475247524752,Medium,"long commute, time on bench, low utilisation"
E101654,Cloud and Infrastructure,L4,Mid (L3-L4),Hyderabad,Man,South,Tier 3,Referral,5.5,3,2162000.0,0.722,Below band,71,0.9500000000000001,0.0708742808922687,0.5120792079207921,Low,"pay below market, long commute"
E101655,Consulting,L2,Junior (L1-L2),Hyderabad,Man,South,Tier 2,Job portal,4.8,4,1164000.0,1.05,Within band,46,0.6033333333333334,0.08138248851045439,0.6031683168316831,Low,low utilisation
E101658,Data and Analytics,L2,Junior (L1-L2),Bengaluru,Man,South,Tier 1,Campus,11.8,3,997000.0,0.841,Below band,30,0.8633333333333333,0.06853327321001058,0.4875247524752475,Low,"pay below market, slow pay growth"
E101661,Quality Engineering,L3,Mid (L3-L4),Bengaluru,Woman,North,Tier 3,Campus,11.0,3,686000.0,0.403,Below band,32,0.7633333333333333,0.0565557309582309,0.36554455445544554,Low,"low utilisation, pay below market"
E101662,Quality Engineering,L4,Mid (L3-L4),Bengaluru,Man,Northeast,Tier 1,Agency,5.6,4,2168000.0,0.81,Below band,48,0.9533333333333333,0.05693526108358434,0.3691089108910891,Low,pay below market
E101666,Data and Analytics,L6,Senior (L5-L6),Hyderabad,Man,South,Tier 2,Job portal,15.7,2,7023000.0,0.905,Within band,17,0.7833333333333333,0.03640155639435738,0.16198019801980199,Low,slow pay growth
E101671,Cloud and Infrastructure,L3,Mid (L3-L4),Hyderabad,Man,Northeast,Tier 1,Campus,7.1,2,1905000.0,1.0,Within band,30,0.8066666666666666,0.05917624215603958,0.3900990099009901,Low,"slow pay growth, low utilisation"
E101672,Delivery,L1,Junior (L1-L2),Hyderabad,Man,South,Tier 1,Campus,7.3,4,616000.0,1.086,Within band,33,0.8666666666666667,0.02393256761709662,0.06851485148514852,Low,""
E101673,Delivery,L1,Junior (L1-L2),Bengaluru,Man,South,Tier 2,Campus,5.0,1,453000.0,0.761,Below band,73,0.9500000000000001,0.09827270473195997,0.7132673267326732,Medium,"pay below market, slow pay growth, long commute"
E101674,Delivery,L1,Junior (L1-L2),Hyderabad,Man,South,Tier 2,Campus,7.3,3,511000.0,0.901,Within band,71,0.93,0.051258603740246746,0.3112871287128713,Low,"slow pay growth, pay below market"
E101680,Delivery,L2,Junior (L1-L2),Hyderabad,Man,North,Tier 2,Campus,5.8,2,655000.0,0.65,Below band,40,0.8966666666666666,0.05467963340297397,0.3445544554455445,Low,pay below market
E101681,Data and Analytics,L1,Junior (L1-L2),Hyderabad,Man,East,Tier 3,Campus,4.8,3,836000.0,1.317,Above band,57,0.8733333333333334,0.034955180758730005,0.14772277227722772,Low,long commute
E101682,Corporate Functions,L1,Junior (L1-L2),Bengaluru,Woman,West,Tier 3,Campus,4.6,3,573000.0,1.069,Within band,99,,0.06715434103589453,0.476039603960396,Low,long commute
E101685,Delivery,L2,Junior (L1-L2),Hyderabad,Man,North,Tier 2,Job portal,5.3,5,1016000.0,1.008,Within band,40,0.92,0.05479659233346375,0.3457425742574257,Low,""
E101686,Cloud and Infrastructure,L2,Junior (L1-L2),Bengaluru,Woman,South,Tier 1,Campus,7.5,2,1007000.0,0.881,Below band,63,0.75,0.12883270809258354,0.8586138613861386,Medium,"slow pay growth, pay below market, low utilisation"
E101687,Delivery,L1,Junior (L1-L2),Hyderabad,Woman,South,Tier 3,Campus,13.3,1,500000.0,0.882,Below band,35,0.9033333333333333,0.06252329425188807,0.42574257425742573,Low,"slow pay growth, pay below market"
E101688,Delivery,L4,Mid (L3-L4),Hyderabad,Man,East,Tier 1,Referral,8.9,3,2434000.0,0.878,Below band,36,0.8000000000000002,0.10396635976490978,0.7433663366336634,Medium,"pay below market, slow pay growth, low utilisation"
E101690,Quality Engineering,L1,Junior (L1-L2),Bengaluru,Woman,South,Tier 2,Campus,5.8,2,560000.0,1.022,Within band,26,0.87,0.04803399781254843,0.28316831683168314,Low,slow pay growth
E101691,Data and Analytics,L3,Mid (L3-L4),Hyderabad,Man,West,Tier 2,Job portal,5.6,3,1728000.0,0.875,Below band,69,0.6866666666666666,0.14055801022354877,0.8883168316831683,Medium,"pay below market, low utilisation"
E101694,Delivery,L2,Junior (L1-L2),Hyderabad,Man,South,Tier 2,Campus,8.6,3,897000.0,0.89,Below band,56,0.59,0.06819664438365677,0.48514851485148514,Low,"low utilisation, pay below market"
E101698,Corporate Functions,L1,Junior (L1-L2),Hyderabad,Woman,South,Tier 3,Campus,4.8,4,496000.0,0.973,Within band,31,,0.05998212047831122,0.39722772277227725,Low,""
E101699,Quality Engineering,L3,Mid (L3-L4),Bengaluru,Man,North,Tier 2,Campus,6.3,5,666000.0,0.391,Below band,54,0.9533333333333333,0.05468227710912034,0.3449504950495049,Low,"pay below market, slow pay growth"
E101701,Data and Analytics,L5,Senior (L5-L6),Bengaluru,Man,East,Tier 3,Agency,7.4,4,2983000.0,0.592,Below band,25,0.92,0.013718065778653239,0.0297029702970297,Low,""
E101702,Corporate Functions,L6,Senior (L5-L6),Hyderabad,Man,South,Tier 1,Job portal,8.7,4,6548000.0,1.05,Within band,35,,0.012326908631367685,0.0201980198019802,Low,""
E101703,Cloud and Infrastructure,L4,Mid (L3-L4),Bengaluru,Man,South,Tier 2,Campus,6.8,4,3071000.0,0.977,Within band,91,0.82,0.05246796304692207,0.3223762376237624,Low,long commute
E101707,Consulting,L4,Mid (L3-L4),Hyderabad,Man,South,Tier 3,Campus,9.8,3,1504000.0,0.493,Below band,28,0.8933333333333334,0.031053619242705797,0.11287128712871287,Low,""
E101709,Sales and Presales,L2,Junior (L1-L2),Hyderabad,Man,South,Tier 3,Campus,13.9,3,1434000.0,1.355,Above band,55,,0.0306367872333727,0.1093069306930693,Low,""
E101710,Data and Analytics,L2,Junior (L1-L2),Hyderabad,Man,South,Tier 2,Job portal,4.9,3,1184000.0,1.049,Within band,41,0.9133333333333334,0.04181133232172673,0.21623762376237624,Low,""
E101712,Sales and Presales,L1,Junior (L1-L2),Bengaluru,Man,North,Tier 3,Campus,11.8,1,495000.0,0.792,Below band,58,,0.08214500278934497,0.6059405940594059,Low,"pay below market, slow pay growth"
E101713,Data and Analytics,L1,Junior (L1-L2),Hyderabad,Man,Northeast,Tier 2,Campus,6.2,3,664000.0,1.046,Within band,49,0.13,0.08538553561926775,0.6304950495049505,Low,"low utilisation, slow pay growth, time on bench"
E101715,Delivery,L1,Junior (L1-L2),Hyderabad,Man,South,Tier 2,Campus,8.7,4,581000.0,1.025,Within band,21,0.9033333333333333,0.021919589511261505,0.05861386138613861,Low,""
E101716,Cloud and Infrastructure,L4,Mid (L3-L4),Bengaluru,Man,South,Tier 3,Agency,8.9,4,2814000.0,0.895,Below band,43,0.8799999999999999,0.04694140948366085,0.2704950495049505,Low,"pay below market, long wait for promotion"
E101717,Quality Engineering,L6,Senior (L5-L6),Hyderabad,Man,East,Tier 2,Job portal,7.9,3,2387000.0,0.374,Below band,78,0.8666666666666667,0.021225972815371186,0.05465346534653465,Low,long commute
E101718,Delivery,L1,Junior (L1-L2),Hyderabad,Man,East,Tier 2,Campus,5.4,3,459000.0,0.81,Below band,55,0.8433333333333334,0.09939480534341397,0.7203960396039604,Medium,pay below market
E101720,Delivery,L1,Junior (L1-L2),Bengaluru,Woman,South,Tier 2,Campus,5.2,5,677000.0,1.138,Above band,47,0.7433333333333333,0.0567328035674587,0.3679207920792079,Low,low utilisation
E101722,Sales and Presales,L6,Senior (L5-L6),Hyderabad,Man,South,Tier 2,Referral,10.4,4,9939000.0,1.366,Above band,69,,0.018325266281930826,0.04792079207920792,Low,""
E101723,Corporate Functions,L4,Mid (L3-L4),Hyderabad,Woman,North,Tier 3,Job portal,13.2,3,1983000.0,0.795,Below band,58,,0.09284066956732064,0.6784158415841585,Low,"pay below market, long wait for promotion, slow pay growth"
E101724,Delivery,L3,Mid (L3-L4),Hyderabad,Woman,South,Tier 1,Campus,6.8,4,1654000.0,0.938,Within band,72,0.9233333333333333,0.047168712881702934,0.2740594059405941,Low,"long commute, pay below market"
E101727,Corporate Functions,L3,Mid (L3-L4),Hyderabad,Man,East,Tier 3,Rehire,5.5,3,955000.0,0.602,Below band,51,,0.09990733191289483,0.7247524752475247,Medium,pay below market
E101728,Delivery,L6,Senior (L5-L6),Hyderabad,Man,South,Tier 3,Referral,8.1,3,5999000.0,0.866,Below band,27,0.9566666666666667,0.04329117597634037,0.2316831683168317,Low,"slow pay growth, pay below market, low utilisation"
E101730,Delivery,L2,Junior (L1-L2),Bengaluru,Man,South,Tier 3,Campus,8.2,3,710000.0,0.671,Below band,32,0.8166666666666668,0.07742055580325999,0.5722772277227722,Low,"pay below market, low utilisation"
E101732,Delivery,L5,Senior (L5-L6),Hyderabad,Man,South,Tier 2,Job portal,9.4,3,3770000.0,0.88,Below band,26,0.9266666666666667,0.012557468069160412,0.02297029702970297,Low,""
E101735,Cloud and Infrastructure,L1,Junior (L1-L2),Hyderabad,Man,South,Tier 3,Campus,9.3,3,556000.0,0.908,Within band,46,0.7266666666666666,0.05961411112152321,0.3932673267326733,Low,"low utilisation, pay below market"
E101736,Delivery,L5,Senior (L5-L6),Hyderabad,Man,South,Tier 1,Referral,11.8,3,3170000.0,0.74,Below band,55,0.89,0.010527013058929963,0.008316831683168317,Low,""
E101737,Delivery,L3,Mid (L3-L4),Hyderabad,Man,South,Tier 3,Job portal,10.9,3,1148000.0,0.651,Below band,92,0.8866666666666667,0.060161429037710615,0.39841584158415844,Low,"long commute, pay below market"
E101738,Sales and Presales,L1,Junior (L1-L2),Hyderabad,Woman,East,Tier 1,Campus,10.2,4,630000.0,1.059,Within band,39,,0.026263412147748837,0.07841584158415842,Low,""
E101739,Cloud and Infrastructure,L1,Junior (L1-L2),Bengaluru,Man,East,Tier 3,Campus,4.8,3,654000.0,1.017,Within band,48,0.8566666666666668,0.05421889878474653,0.3398019801980198,Low,""
E101743,Data and Analytics,L4,Mid (L3-L4),Hyderabad,Man,North,Tier 2,Job portal,6.3,3,3183000.0,1.025,Within band,17,0.8233333333333334,0.04593093589907569,0.2598019801980198,Low,slow pay growth
E101747,Delivery,L2,Junior (L1-L2),Bengaluru,Man,West,Tier 3,Referral,6.7,3,935000.0,0.884,Below band,66,0.9366666666666666,0.06785045948737554,0.48158415841584157,Low,"pay below market, long commute"
E101751,Quality Engineering,L2,Junior (L1-L2),Bengaluru,Man,South,Tier 3,Referral,5.3,3,977000.0,1.003,Within band,22,0.93,0.05246053998600367,0.3215841584158416,Low,""
E101752,Data and Analytics,L2,Junior (L1-L2),Bengaluru,Woman,North,Tier 2,Job portal,5.0,3,1493000.0,1.26,Above band,53,0.7633333333333333,0.08150171619560484,0.6039603960396039,Low,"low utilisation, slow pay growth"
E101755,Delivery,L1,Junior (L1-L2),Hyderabad,Man,South,Tier 3,Campus,9.1,3,610000.0,1.076,Within band,45,0.8366666666666668,0.026195503344885056,0.07801980198019802,Low,""
E101758,Delivery,L2,Junior (L1-L2),Hyderabad,Man,North,Tier 3,Campus,7.8,2,599000.0,0.594,Below band,33,0.89,0.04756293308647368,0.27801980198019804,Low,pay below market
E101759,Data and Analytics,L4,Mid (L3-L4),Bengaluru,Man,East,Tier 2,Agency,7.5,3,3552000.0,1.09,Within band,82,0.8933333333333334,0.04800346290554425,0.28198019801980195,Low,"long commute, long wait for promotion"
E101761,Delivery,L3,Mid (L3-L4),Bengaluru,Man,South,Tier 3,Job portal,8.3,4,2253000.0,1.217,Above band,108,0.88,0.06075822519316229,0.4043564356435644,Low,long commute
E101763,Consulting,L5,Senior (L5-L6),Hyderabad,Man,South,Tier 2,Job portal,7.2,2,4292000.0,0.911,Within band,51,0.8966666666666666,0.02694358072079308,0.08198019801980198,Low,slow pay growth
E101766,Consulting,L3,Mid (L3-L4),Bengaluru,Man,East,Tier 3,Job portal,5.3,3,1533000.0,0.753,Below band,52,0.8500000000000001,0.0908038762128477,0.6677227722772278,Low,pay below market
E101768,Corporate Functions,L2,Junior (L1-L2),Bengaluru,Man,South,Tier 2,Referral,5.9,2,987000.0,1.037,Within band,24,,0.07141401583411934,0.5176237623762376,Low,slow pay growth
E101771,Delivery,L5,Senior (L5-L6),Hyderabad,Man,East,Tier 2,Referral,8.4,5,3382000.0,0.79,Below band,44,0.9266666666666667,0.011870181957011859,0.016633663366336635,Low,""
E101774,Corporate Functions,L3,Mid (L3-L4),Hyderabad,Woman,South,Tier 1,Job portal,5.8,5,1170000.0,0.737,Below band,86,,0.11833030004517663,0.8095049504950496,Medium,"long commute, pay below market, slow pay growth"
E101775,Delivery,L1,Junior (L1-L2),Hyderabad,Man,West,Tier 3,Campus,9.3,3,506000.0,0.892,Below band,47,0.7366666666666667,0.06734382490025138,0.4784158415841584,Low,"low utilisation, slow pay growth"
E101786,Corporate Functions,L4,Mid (L3-L4),Bengaluru,Man,South,Tier 1,Referral,8.7,3,1980000.0,0.756,Below band,31,,0.04715832365630747,0.2736633663366337,Low,pay below market
E101791,Delivery,L2,Junior (L1-L2),Hyderabad,Woman,South,Tier 2,Rehire,5.4,4,772000.0,0.766,Below band,47,0.8099999999999999,0.17509505156755348,0.9508910891089108,High,"pay below market, low utilisation"
E101793,Consulting,L2,Junior (L1-L2),Hyderabad,Woman,South,Tier 3,Agency,5.8,1,758000.0,0.683,Below band,27,0.10666666666666667,0.1280727181600279,0.8554455445544554,Medium,low utilisation
E101795,Data and Analytics,L1,Junior (L1-L2),Hyderabad,Man,South,Tier 1,Campus,5.1,3,645000.0,1.016,Within band,57,0.6266666666666666,0.10117727299521989,0.7310891089108911,Medium,"low utilisation, slow pay growth, long commute"
E101801,Delivery,L1,Junior (L1-L2),Bengaluru,Woman,East,Tier 1,Campus,4.4,3,654000.0,1.099,Within band,33,0.7933333333333333,0.059852383358124296,0.39603960396039606,Low,low utilisation
E101802,Consulting,L3,Mid (L3-L4),Bengaluru,Man,South,Tier 2,Agency,5.3,3,1238000.0,0.608,Below band,52,0.8833333333333333,0.06505135840986843,0.4506930693069307,Low,pay below market
E101804,Delivery,L6,Senior (L5-L6),Hyderabad,Man,North,Tier 3,Referral,11.2,3,4545000.0,0.656,Below band,21,0.15666666666666668,0.011756684981381861,0.015445544554455445,Low,""
E101806,Delivery,L5,Senior (L5-L6),Bengaluru,Man,South,Tier 1,Rehire,7.3,4,5592000.0,1.243,Above band,73,0.7433333333333333,0.02022468121984699,0.051089108910891086,Low,""
E101808,Corporate Functions,L3,Mid (L3-L4),Hyderabad,Man,South,Tier 2,Campus,14.9,4,983000.0,0.619,Below band,51,,0.06216055686877176,0.4194059405940594,Low,"pay below market, falling rating"
E101810,Quality Engineering,L1,Junior (L1-L2),Bengaluru,Man,North,Tier 2,Campus,5.3,4,644000.0,1.175,Above band,49,0.7699999999999999,0.059824632458568346,0.39564356435643566,Low,low utilisation
E101815,Corporate Functions,L2,Junior (L1-L2),Hyderabad,Woman,North,Tier 2,Job portal,5.2,4,979000.0,1.079,Within band,19,,0.05631144123084734,0.36356435643564355,Low,""
E101816,Quality Engineering,L3,Mid (L3-L4),Bengaluru,Man,East,Tier 3,Job portal,5.2,2,920000.0,0.54,Below band,56,0.8033333333333333,0.12978695597330284,0.8613861386138614,Medium,"low utilisation, pay below market"
E101817,Delivery,L4,Mid (L3-L4),Bengaluru,Man,East,Tier 3,Job portal,9.4,5,2300000.0,0.79,Below band,40,0.7666666666666666,0.06496604340843447,0.4495049504950495,Low,"pay below market, low utilisation"
E101818,Corporate Functions,L1,Junior (L1-L2),Bengaluru,Man,South,Tier 1,Campus,8.7,2,413000.0,0.771,Below band,29,,0.06230292517935788,0.42178217821782177,Low,"pay below market, slow pay growth"
E101819,Delivery,L2,Junior (L1-L2),Bengaluru,Woman,East,Tier 3,Campus,8.9,4,710000.0,0.671,Below band,52,0.8300000000000001,0.08523750116031235,0.6289108910891089,Low,"pay below market, low utilisation, slow pay growth"
E101821,Quality Engineering,L6,Senior (L5-L6),Bengaluru,Man,North,Tier 3,Agency,11.3,4,4707000.0,0.703,Below band,43,0.7866666666666666,0.014232199096089877,0.03207920792079208,Low,""
E101823,Delivery,L1,Junior (L1-L2),Hyderabad,Man,South,Tier 2,Campus,4.2,2,465000.0,0.82,Below band,41,0.8233333333333334,0.13975378344655381,0.8871287128712871,Medium,"pay below market, low utilisation"
E101825,Delivery,L1,Junior (L1-L2),Bengaluru,Woman,South,Tier 3,Campus,9.5,3,567000.0,0.953,Within band,59,0.7733333333333334,0.0632243110700784,0.43405940594059406,Low,"low utilisation, slow pay growth"
E101826,Delivery,L3,Mid (L3-L4),Hyderabad,Man,South,Tier 1,Job portal,5.1,4,987000.0,0.56,Below band,58,0.8833333333333333,0.07587600155519506,0.56,Low,pay below market
E101827,Quality Engineering,L2,Junior (L1-L2),Hyderabad,Man,South,Tier 1,Agency,12.9,3,916000.0,0.988,Within band,60,0.7600000000000001,0.1421739023736011,0.8958415841584159,Medium,"low utilisation, long wait for promotion, slow pay growth"
E101829,Delivery,L3,Mid (L3-L4),Bengaluru,Man,North,Tier 3,Campus,8.1,5,2416000.0,1.305,Above band,53,0.5766666666666667,0.040263967728116176,0.2003960396039604,Low,low utilisation
E101832,Delivery,L3,Mid (L3-L4),Hyderabad,Man,South,Tier 2,Agency,11.5,5,1059000.0,0.6,Below band,21,0.91,0.057505370242917166,0.37742574257425743,Low,"pay below market, falling rating"
E101833,Delivery,L4,Mid (L3-L4),Bengaluru,Man,North,Tier 2,Job portal,7.3,3,1855000.0,0.637,Below band,107,0.9700000000000001,0.05728420119043796,0.37504950495049505,Low,"long commute, pay below market"
E101834,Data and Analytics,L1,Junior (L1-L2),Hyderabad,Man,South,Tier 3,Campus,8.5,3,674000.0,1.061,Within band,59,0.84,0.04315998515459069,0.22930693069306932,Low,"slow pay growth, long commute"
E101835,Cloud and Infrastructure,L3,Mid (L3-L4),Hyderabad,Woman,South,Tier 2,Campus,8.5,3,1907000.0,1.001,Within band,36,0.8300000000000001,0.04448985703717272,0.24554455445544554,Low,""
E101836,Corporate Functions,L5,Senior (L5-L6),Hyderabad,Man,East,Tier 1,Job portal,8.8,3,3475000.0,0.901,Within band,30,,0.011015058698889284,0.011089108910891089,Low,""
E101838,Data and Analytics,L1,Junior (L1-L2),Bengaluru,Woman,South,Tier 2,Campus,13.5,3,645000.0,0.967,Within band,71,0.8566666666666666,0.08788826905444265,0.6475247524752475,Low,"slow pay growth, long wait for promotion, long commute"
E101840,Quality Engineering,L4,Mid (L3-L4),Bengaluru,Man,East,Tier 3,Campus,7.0,3,1494000.0,0.558,Below band,69,0.9966666666666667,0.01505671876819748,0.03405940594059406,Low,""
E101842,Data and Analytics,L4,Mid (L3-L4),Hyderabad,Man,South,Tier 3,Job portal,9.8,3,3373000.0,1.087,Within band,42,0.8166666666666668,0.02823241938796604,0.09188118811881188,Low,""
E101850,Quality Engineering,L1,Junior (L1-L2),Hyderabad,Man,East,Tier 3,Campus,10.2,2,467000.0,0.895,Below band,30,0.8166666666666668,0.060298636708855276,0.4003960396039604,Low,"pay below market, slow pay growth, low utilisation"
E101853,Consulting,L4,Mid (L3-L4),Hyderabad,Man,South,Tier 3,Campus,6.8,3,2076000.0,0.681,Below band,45,0.8066666666666666,0.05439603528624695,0.3417821782178218,Low,"pay below market, low utilisation"
E101854,Sales and Presales,L2,Junior (L1-L2),Hyderabad,Man,South,Tier 2,Job portal,8.3,2,884000.0,0.836,Below band,67,,0.09834137046038281,0.7136633663366336,Medium,"pay below market, slow pay growth"
E101855,Cloud and Infrastructure,L3,Mid (L3-L4),Hyderabad,Woman,South,Tier 2,Campus,9.8,4,1183000.0,0.621,Below band,71,0.9733333333333333,0.04303896329399031,0.22811881188118813,Low,"pay below market, long commute"
E101856,Delivery,L3,Mid (L3-L4),Hyderabad,Man,Northeast,Tier 2,Campus,11.8,3,2029000.0,1.15,Above band,32,0.8466666666666667,0.022392897686416825,0.06099009900990099,Low,""
E101857,Data and Analytics,L4,Mid (L3-L4),Bengaluru,Woman,South,Tier 3,Agency,9.8,4,2185000.0,0.67,Below band,50,0.9199999999999999,0.047664141937621834,0.27920792079207923,Low,pay below market
E101862,Cloud and Infrastructure,L1,Junior (L1-L2),Hyderabad,Woman,South,Tier 3,Campus,4.8,3,681000.0,1.113,Above band,22,0.7866666666666667,0.05417320406031053,0.33940594059405943,Low,low utilisation
E101863,Cloud and Infrastructure,L1,Junior (L1-L2),Hyderabad,Man,West,Tier 2,Campus,5.3,3,739000.0,1.208,Above band,32,0.8666666666666667,0.035761743944511204,0.15564356435643564,Low,""
E101864,Delivery,L1,Junior (L1-L2),Hyderabad,Woman,West,Tier 2,Campus,4.8,5,649000.0,1.145,Above band,17,0.7666666666666666,0.0387223205741186,0.18613861386138614,Low,low utilisation
E101866,Delivery,L1,Junior (L1-L2),Hyderabad,Man,East,Tier 2,Campus,10.3,3,620000.0,1.093,Within band,91,0.38999999999999996,0.06556394777308178,0.45900990099009903,Low,"long commute, low utilisation"
E101867,Corporate Functions,L2,Junior (L1-L2),Hyderabad,Man,South,Tier 3,Referral,5.3,3,941000.0,1.037,Within band,44,,0.10265195648700357,0.7374257425742574,Medium,slow pay growth
E101875,Quality Engineering,L2,Junior (L1-L2),Hyderabad,Man,South,Tier 2,Campus,9.0,3,775000.0,0.836,Below band,40,0.89,0.048153792997918984,0.28435643564356433,Low,pay below market
E101877,Delivery,L2,Junior (L1-L2),Bengaluru,Man,South,Tier 1,Referral,5.8,4,1123000.0,1.061,Within band,36,0.7633333333333333,0.07552374448648037,0.5556435643564357,Low,low utilisation
E101878,Delivery,L3,Mid (L3-L4),Hyderabad,Woman,East,Tier 2,Agency,5.8,5,1865000.0,1.057,Within band,37,0.6333333333333333,0.11132768652127295,0.7778217821782178,Medium,"low utilisation, time on bench, falling rating"
E101879,Data and Analytics,L2,Junior (L1-L2),Hyderabad,Man,West,Tier 2,Job portal,10.5,3,991000.0,0.878,Below band,72,0.7433333333333333,0.1260843444723349,0.8479207920792079,Medium,"slow pay growth, pay below market, low utilisation"
E101884,Delivery,L1,Junior (L1-L2),Hyderabad,Woman,South,Tier 2,Campus,5.2,3,516000.0,0.91,Within band,31,0.8266666666666667,0.10432032046514417,0.7457425742574257,Medium,"pay below market, low utilisation"
E101885,Delivery,L2,Junior (L1-L2),Bengaluru,Woman,North,Tier 3,Campus,5.6,3,577000.0,0.545,Below band,50,0.9199999999999999,0.08772647606519335,0.6467326732673268,Low,"pay below market, slow pay growth"
E101886,Quality Engineering,L4,Mid (L3-L4),Hyderabad,Man,East,Tier 2,Referral,6.6,4,2160000.0,0.847,Below band,26,0.8466666666666667,0.05256507019967452,0.32514851485148516,Low,pay below market
E101888,Delivery,L1,Junior (L1-L2),Bengaluru,Woman,North,Tier 2,Campus,11.8,3,682000.0,1.146,Above band,22,0.9566666666666667,0.03159272589319751,0.11762376237623762,Low,"slow pay growth, low utilisation"
E101889,Cloud and Infrastructure,L2,Junior (L1-L2),Hyderabad,Woman,South,Tier 2,Referral,6.3,4,1245000.0,1.144,Above band,30,0.9266666666666667,0.030566725024684407,0.10772277227722772,Low,""
E101892,Delivery,L3,Mid (L3-L4),Hyderabad,Woman,South,Tier 1,Referral,8.0,3,1765000.0,1.001,Within band,15,0.91,0.06559496683462207,0.4594059405940594,Low,"slow pay growth, low utilisation"
E101894,Delivery,L1,Junior (L1-L2),Hyderabad,Woman,South,Tier 3,Campus,4.8,3,667000.0,1.176,Above band,88,0.81,0.06371251388631581,0.4392079207920792,Low,long commute
E101895,Delivery,L3,Mid (L3-L4),Hyderabad,Man,Northeast,Tier 2,Job portal,11.6,3,1278000.0,0.724,Below band,48,0.8333333333333334,0.057069648471460274,0.37306930693069307,Low,"pay below market, low utilisation"
E101896,Data and Analytics,L3,Mid (L3-L4),Hyderabad,Man,South,Tier 2,Job portal,5.9,5,1516000.0,0.768,Below band,31,0.79,0.06928331508326249,0.49465346534653465,Low,"low utilisation, pay below market"
E101900,Delivery,L6,Senior (L5-L6),Hyderabad,Man,North,Tier 1,Referral,8.3,4,5434000.0,0.784,Below band,19,0.85,0.01244866281968675,0.022178217821782177,Low,""
E101901,Sales and Presales,L3,Mid (L3-L4),Bengaluru,Man,South,Tier 1,Job portal,8.1,3,1373000.0,0.706,Below band,49,,0.06019169867084343,0.39881188118811883,Low,pay below market
E101902,Delivery,L1,Junior (L1-L2),Hyderabad,Woman,North,Tier 3,Campus,5.9,3,618000.0,1.09,Within band,44,0.9199999999999999,0.023870505769377628,0.06811881188118812,Low,""
E101904,Delivery,L1,Junior (L1-L2),Bengaluru,Man,South,Tier 3,Campus,11.3,3,576000.0,0.968,Within band,54,0.8866666666666667,0.041436741555298987,0.21346534653465346,Low,slow pay growth
E101907,Delivery,L3,Mid (L3-L4),Bengaluru,Man,East,Tier 1,Referral,6.6,4,2165000.0,1.169,Above band,23,0.8733333333333334,0.033966064438210354,0.13940594059405942,Low,""
E101908,Delivery,L3,Mid (L3-L4),Hyderabad,Woman,South,Tier 2,Campus,6.6,5,2104000.0,1.193,Above band,45,0.6133333333333333,0.07339000440209521,0.5338613861386139,Low,"low utilisation, time on bench"
E101910,Sales and Presales,L3,Mid (L3-L4),Hyderabad,Man,North,Tier 3,Campus,6.9,3,2079000.0,1.123,Above band,29,,0.045900148627598183,0.259009900990099,Low,slow pay growth
E101911,Delivery,L3,Mid (L3-L4),Hyderabad,Man,West,Tier 2,Job portal,5.4,3,1240000.0,0.703,Below band,53,0.8633333333333333,0.10420727124399033,0.7445544554455445,Medium,"pay below market, slow pay growth"
E101913,Corporate Functions,L1,Junior (L1-L2),Hyderabad,Man,South,Tier 2,Campus,14.3,3,435000.0,0.853,Below band,49,,0.052675388847837,0.32554455445544556,Low,pay below market
E101915,Quality Engineering,L3,Mid (L3-L4),Hyderabad,Woman,South,Tier 2,Referral,9.0,3,1415000.0,0.872,Below band,75,0.59,0.10430668151586696,0.7453465346534653,Medium,"pay below market, slow pay growth, low utilisation"
E101916,Delivery,L1,Junior (L1-L2),Bengaluru,Woman,North,Tier 2,Campus,5.8,2,547000.0,0.919,Within band,93,0.8233333333333333,0.07896206746066013,0.5837623762376237,Low,"time on bench, pay below market, long commute"
E101917,Data and Analytics,L3,Mid (L3-L4),Bengaluru,Man,West,Tier 1,Campus,8.8,3,1919000.0,0.925,Within band,53,0.96,0.0380938854280973,0.18178217821782178,Low,pay below market
E101918,Cloud and Infrastructure,L2,Junior (L1-L2),Bengaluru,Man,Northeast,Tier 3,Campus,7.8,3,645000.0,0.564,Below band,50,0.8666666666666666,0.07651750169447526,0.5647524752475247,Low,"pay below market, slow pay growth, long wait for promotion"
E101919,Quality Engineering,L1,Junior (L1-L2),Hyderabad,Woman,South,Tier 3,Campus,6.6,3,665000.0,1.274,Above band,39,0.9233333333333333,0.029245825735450818,0.100990099009901,Low,slow pay growth
E101922,Delivery,L4,Mid (L3-L4),Hyderabad,Man,South,Tier 3,Agency,8.6,3,2168000.0,0.782,Below band,17,0.07666666666666667,0.07598815354289791,0.5623762376237624,Low,"low utilisation, long commute"
E101923,Quality Engineering,L4,Mid (L3-L4),Bengaluru,Woman,South,Tier 2,Campus,12.1,3,1743000.0,0.651,Below band,31,0.3133333333333333,0.04764730109442899,0.27881188118811884,Low,low utilisation
E101926,Cloud and Infrastructure,L2,Junior (L1-L2),Hyderabad,Man,South,Tier 2,Referral,9.6,4,1291000.0,1.187,Above band,52,0.8366666666666668,0.036169052613107155,0.1607920792079208,Low,""
E101928,Delivery,L5,Senior (L5-L6),Hyderabad,Man,East,Tier 2,Job portal,10.6,2,3402000.0,0.794,Below band,37,0.9066666666666666,0.04257550777732633,0.22257425742574258,Low,"slow pay growth, low utilisation, long wait for promotion"
E101929,Cloud and Infrastructure,L1,Junior (L1-L2),Bengaluru,Man,South,Tier 2,Campus,5.0,4,761000.0,1.184,Above band,52,0.7433333333333333,0.0637747847221221,0.44,Low,low utilisation
E101933,Cloud and Infrastructure,L2,Junior (L1-L2),Hyderabad,Woman,East,Tier 1,Campus,6.3,3,662000.0,0.608,Below band,21,0.3333333333333333,0.08363298386804054,0.6154455445544554,Low,"low utilisation, pay below market"
E101937,Delivery,L5,Senior (L5-L6),Bengaluru,Woman,East,Tier 3,Campus,12.9,3,1989000.0,0.442,Below band,56,0.92,0.010492571823642795,0.007920792079207921,Low,""
E101944,Delivery,L2,Junior (L1-L2),Bengaluru,Woman,South,Tier 2,Campus,6.9,4,894000.0,0.845,Below band,58,0.8266666666666667,0.08022858690531871,0.592079207920792,Low,"pay below market, low utilisation"
E101947,Delivery,L4,Mid (L3-L4),Bengaluru,Man,North,Tier 3,Referral,12.6,4,2896000.0,0.995,Within band,35,0.8633333333333333,0.03491437673468815,0.14732673267326732,Low,""
E101949,Cloud and Infrastructure,L1,Junior (L1-L2),Hyderabad,Woman,Northeast,Tier 2,Campus,6.6,3,476000.0,0.778,Below band,37,0.8233333333333334,0.07511816088261365,0.5520792079207921,Low,"pay below market, slow pay growth, low utilisation"
E101950,Quality Engineering,L6,Senior (L5-L6),Bengaluru,Woman,South,Tier 1,Referral,8.7,1,4761000.0,0.711,Below band,45,0.8433333333333333,0.042325333318592895,0.2198019801980198,Low,"slow pay growth, pay below market"
E101953,Data and Analytics,L1,Junior (L1-L2),Hyderabad,Man,Northeast,Tier 3,Campus,4.8,3,624000.0,0.983,Within band,28,0.8966666666666666,0.054417044858834064,0.3425742574257426,Low,time on bench
E101954,Delivery,L3,Mid (L3-L4),Bengaluru,Woman,South,Tier 3,Rehire,5.9,5,2611000.0,1.41,Above band,57,0.8566666666666668,0.021383709133877216,0.05584158415841584,Low,""
E101957,Delivery,L3,Mid (L3-L4),Hyderabad,Man,South,Tier 1,Campus,7.3,5,1166000.0,0.661,Below band,18,0.8733333333333334,0.044423450506789794,0.24396039603960396,Low,pay below market
E101958,Delivery,L4,Mid (L3-L4),Bengaluru,Man,South,Tier 2,Referral,6.7,4,2519000.0,0.866,Below band,59,0.9433333333333334,0.06804209494724947,0.48356435643564355,Low,"pay below market, long wait for promotion"
E101962,Delivery,L2,Junior (L1-L2),Hyderabad,Woman,South,Tier 3,Campus,8.6,4,672000.0,0.667,Below band,27,0.8966666666666666,0.06044932705201607,0.4023762376237624,Low,"pay below market, slow pay growth"
E101965,Corporate Functions,L4,Mid (L3-L4),Bengaluru,Man,South,Tier 1,Referral,7.1,3,1685000.0,0.643,Below band,30,,0.046724624477152255,0.26574257425742576,Low,pay below market
E101972,Delivery,L4,Mid (L3-L4),Hyderabad,Man,South,Tier 2,Job portal,8.3,5,2574000.0,0.929,Within band,40,0.8733333333333334,0.03907464639418105,0.1893069306930693,Low,pay below market
E101975,Quality Engineering,L1,Junior (L1-L2),Hyderabad,Woman,South,Tier 3,Campus,8.6,3,535000.0,1.025,Within band,39,0.9266666666666666,0.025468978145112914,0.07445544554455445,Low,""
E101976,Delivery,L3,Mid (L3-L4),Hyderabad,Man,Northeast,Tier 3,Referral,5.9,3,1664000.0,0.943,Within band,14,0.9133333333333334,0.04696729198433031,0.2712871287128713,Low,pay below market
E101979,Delivery,L2,Junior (L1-L2),Hyderabad,Man,South,Tier 2,Campus,8.5,3,820000.0,0.813,Below band,17,0.8000000000000002,0.07540817811604889,0.5540594059405941,Low,"pay below market, low utilisation"
E101980,Cloud and Infrastructure,L4,Mid (L3-L4),Hyderabad,Woman,South,Tier 3,Referral,8.1,5,3353000.0,1.12,Above band,80,0.9066666666666666,0.04863169171627532,0.2883168316831683,Low,long commute
E101983,Delivery,L3,Mid (L3-L4),Bengaluru,Man,South,Tier 3,Referral,9.6,3,1103000.0,0.596,Below band,82,0.8500000000000001,0.06817202282054968,0.48475247524752474,Low,"pay below market, long commute"
E101987,Consulting,L1,Junior (L1-L2),Bengaluru,Woman,South,Tier 3,Campus,5.2,4,744000.0,1.136,Above band,40,0.8666666666666667,0.03288095901167404,0.1302970297029703,Low,""
E101988,Quality Engineering,L2,Junior (L1-L2),Hyderabad,Woman,South,Tier 3,Campus,4.9,3,666000.0,0.718,Below band,36,0.8166666666666668,0.15276899067714206,0.9207920792079208,High,"pay below market, low utilisation"
E101989,Delivery,L2,Junior (L1-L2),Bengaluru,Man,South,Tier 3,Campus,10.0,3,883000.0,0.835,Below band,69,0.7633333333333333,0.13042666689292087,0.8641584158415841,Medium,"slow pay growth, pay below market, low utilisation"
E101991,Delivery,L2,Junior (L1-L2),Hyderabad,Woman,East,Tier 3,Campus,4.4,3,626000.0,0.621,Below band,57,0.8433333333333334,0.11549086832514852,0.7984158415841585,Medium,"pay below market, falling rating"
E101993,Delivery,L5,Senior (L5-L6),Hyderabad,Woman,East,Tier 3,Rehire,10.6,3,3127000.0,0.73,Below band,28,0.7666666666666666,0.012641286264010893,0.023762376237623763,Low,""
E101995,Quality Engineering,L2,Junior (L1-L2),Bengaluru,Man,South,Tier 1,Referral,4.9,5,1026000.0,1.053,Within band,24,0.8666666666666667,0.04456852838567857,0.24712871287128713,Low,""
E101996,Delivery,L2,Junior (L1-L2),Bengaluru,Man,South,Tier 1,Campus,5.7,4,806000.0,0.762,Below band,10,0.8700000000000001,0.10883750368320858,0.7667326732673267,Medium,"pay below market, long commute, slow pay growth"
E101997,Quality Engineering,L2,Junior (L1-L2),Hyderabad,Man,South,Tier 2,Referral,7.3,3,920000.0,0.992,Within band,39,0.8999999999999999,0.06188025084235895,0.4174257425742574,Low,"slow pay growth, low utilisation"
E101998,Data and Analytics,L4,Mid (L3-L4),Hyderabad,Man,Northeast,Tier 2,Campus,6.4,4,2352000.0,0.758,Below band,39,0.5633333333333334,0.07196350080308948,0.5235643564356436,Low,"low utilisation, pay below market"
E102000,Delivery,L1,Junior (L1-L2),Hyderabad,Man,South,Tier 2,Campus,7.8,3,503000.0,0.887,Below band,49,0.6966666666666667,0.0895648071259173,0.6594059405940594,Low,"low utilisation, slow pay growth, pay below market"
E102003,Delivery,L6,Senior (L5-L6),Hyderabad,Man,North,Tier 3,Referral,7.3,5,4853000.0,0.7,Below band,29,0.85,0.011980933785345938,0.017425742574257427,Low,""
E102004,Delivery,L3,Mid (L3-L4),Hyderabad,Woman,South,Tier 2,Agency,5.8,3,1915000.0,1.086,Within band,71,0.8099999999999999,0.06732858184656128,0.478019801980198,Low,"slow pay growth, low utilisation"
E102005,Quality Engineering,L1,Junior (L1-L2),Hyderabad,Man,North,Tier 3,Campus,17.6,4,558000.0,1.069,Within band,35,0.7600000000000001,0.07316088965441896,0.5330693069306931,Low,"long wait for promotion, low utilisation"
E102012,Delivery,L1,Junior (L1-L2),Hyderabad,Man,North,Tier 3,Campus,9.4,3,645000.0,1.138,Above band,60,0.6433333333333333,0.04480319250012398,0.2487128712871287,Low,low utilisation
E102015,Cloud and Infrastructure,L2,Junior (L1-L2),Hyderabad,Man,South,Tier 3,Campus,5.0,4,868000.0,0.798,Below band,35,0.9,0.09927775578152995,0.718019801980198,Medium,"pay below market, slow pay growth"
E102017,Delivery,L1,Junior (L1-L2),Bengaluru,Man,South,Tier 3,Campus,11.8,3,605000.0,1.017,Within band,55,0.8533333333333334,0.03943637626399018,0.19287128712871288,Low,slow pay growth
E102018,Consulting,L1,Junior (L1-L2),Hyderabad,Woman,South,Tier 3,Campus,6.0,3,590000.0,0.946,Within band,47,0.6866666666666666,0.050772695048936556,0.3077227722772277,Low,low utilisation
E102022,Delivery,L4,Mid (L3-L4),Hyderabad,Man,South,Tier 1,Job portal,7.5,3,2052000.0,0.741,Below band,31,0.8266666666666667,0.05356755179311816,0.3342574257425743,Low,"pay below market, low utilisation"
E102023,Delivery,L3,Mid (L3-L4),Hyderabad,Man,South,Tier 3,Referral,5.6,3,1135000.0,0.643,Below band,41,0.7666666666666666,0.10683451762370925,0.7568316831683168,Medium,low utilisation
E102025,Delivery,L1,Junior (L1-L2),Hyderabad,Man,North,Tier 3,Campus,7.3,3,571000.0,1.007,Within band,63,0.93,0.04031651596022143,0.2011881188118812,Low,"slow pay growth, long commute"
E102028,Data and Analytics,L1,Junior (L1-L2),Bengaluru,Woman,West,Tier 2,Campus,5.3,4,724000.0,1.085,Within band,45,0.8166666666666668,0.053421638700665325,0.3334653465346535,Low,""
E102029,Cloud and Infrastructure,L2,Junior (L1-L2),Hyderabad,Man,West,Tier 3,Campus,4.8,4,735000.0,0.676,Below band,47,0.8466666666666667,0.14148963105824577,0.8910891089108911,Medium,"pay below market, slow pay growth, falling rating"
E102030,Data and Analytics,L3,Mid (L3-L4),Bengaluru,Woman,West,Tier 2,Campus,8.0,4,2029000.0,0.978,Within band,56,0.8833333333333333,0.04004495005660406,0.19722772277227724,Low,""
E102032,Corporate Functions,L3,Mid (L3-L4),Hyderabad,Man,South,Tier 3,Job portal,9.3,3,1602000.0,1.009,Within band,34,,0.040022933655946384,0.19643564356435644,Low,""
E102033,Quality Engineering,L1,Junior (L1-L2),Bengaluru,Woman,North,Tier 2,Campus,5.0,5,635000.0,1.159,Above band,57,0.7766666666666667,0.05526523799713797,0.35287128712871285,Low,"low utilisation, long commute"
E102034,Sales and Presales,L2,Junior (L1-L2),Bengaluru,Man,West,Tier 3,Campus,6.8,3,622000.0,0.56,Below band,40,,0.06477391970067317,0.44752475247524753,Low,"pay below market, long wait for promotion"
E102035,Data and Analytics,L5,Senior (L5-L6),Hyderabad,Woman,East,Tier 2,Agency,7.7,2,3290000.0,0.686,Below band,61,0.7266666666666666,0.048008925643904035,0.28237623762376235,Low,"slow pay growth, low utilisation"
E102039,Corporate Functions,L3,Mid (L3-L4),Hyderabad,Man,South,Tier 2,Referral,14.1,2,1096000.0,0.691,Below band,20,,0.11928859269758244,0.8146534653465346,Medium,"slow pay growth, falling rating, long wait for promotion"
E102044,Data and Analytics,L1,Junior (L1-L2),Bengaluru,Man,South,Tier 2,Campus,4.6,2,701000.0,1.051,Within band,32,0.8066666666666666,0.0686690791114927,0.4887128712871287,Low,slow pay growth
E102045,Delivery,L1,Junior (L1-L2),Hyderabad,Man,South,Tier 3,Campus,6.4,3,536000.0,0.945,Within band,21,0.9066666666666667,0.03287472236512975,0.1299009900990099,Low,pay below market
E102048,Delivery,L3,Mid (L3-L4),Hyderabad,Man,South,Tier 2,Job portal,6.9,3,1771000.0,1.004,Within band,50,0.7233333333333333,0.05838208879002179,0.38455445544554456,Low,low utilisation
E102049,Cloud and Infrastructure,L2,Junior (L1-L2),Bengaluru,Woman,South,Tier 3,Campus,10.4,2,902000.0,0.789,Below band,84,0.8833333333333333,0.10422711750040932,0.744950495049505,Medium,"slow pay growth, pay below market, long commute"
E102050,Quality Engineering,L4,Mid (L3-L4),Hyderabad,Man,East,Tier 2,Campus,9.8,2,1556000.0,0.61,Below band,39,0.8533333333333332,0.06359718698410542,0.4376237623762376,Low,"slow pay growth, pay below market, long wait for promotion"
E102057,Delivery,L2,Junior (L1-L2),Hyderabad,Man,East,Tier 1,Campus,17.4,3,1141000.0,1.132,Above band,39,0.9366666666666666,0.03724260195863105,0.17227722772277226,Low,long wait for promotion
E102059,Delivery,L3,Mid (L3-L4),Hyderabad,Man,North,Tier 1,Campus,21.9,2,1529000.0,0.867,Below band,46,0.85,0.047775484159726274,0.2811881188118812,Low,"pay below market, slow pay growth"
E102062,Cloud and Infrastructure,L1,Junior (L1-L2),Bengaluru,Woman,South,Tier 2,Campus,4.8,2,637000.0,0.991,Within band,54,0.3766666666666667,0.10784737598729477,0.7635643564356436,Medium,"low utilisation, slow pay growth"
E102069,Delivery,L2,Junior (L1-L2),Hyderabad,Man,South,Tier 2,Campus,4.2,4,671000.0,0.666,Below band,61,0.9500000000000001,0.1324716532369003,0.8697029702970297,Medium,"pay below market, slow pay growth, long commute"
E102072,Delivery,L2,Junior (L1-L2),Hyderabad,Man,South,Tier 3,Campus,15.8,2,1208000.0,1.198,Above band,29,0.7566666666666667,0.05945215198324177,0.3912871287128713,Low,"slow pay growth, low utilisation"
E102075,Corporate Functions,L4,Mid (L3-L4),Hyderabad,Man,East,Tier 3,Campus,9.7,5,1879000.0,0.753,Below band,30,,0.05249087101019804,0.3231683168316832,Low,pay below market
E102077,Delivery,L6,Senior (L5-L6),Bengaluru,Man,South,Tier 2,Agency,10.3,3,7247000.0,0.996,Within band,50,0.9033333333333333,0.012982940543697589,0.026138613861386138,Low,""
E102078,Sales and Presales,L2,Junior (L1-L2),Bengaluru,Man,East,Tier 2,Campus,9.9,4,733000.0,0.66,Below band,45,,0.06508982824238721,0.4514851485148515,Low,pay below market
E102079,Delivery,L3,Mid (L3-L4),Hyderabad,Man,South,Tier 1,Job portal,5.2,4,1115000.0,0.632,Below band,47,0.85,0.11843700778326278,0.8114851485148515,Medium,"pay below market, slow pay growth, falling rating"
E102080,Quality Engineering,L2,Junior (L1-L2),Hyderabad,Man,South,Tier 3,Campus,10.6,2,771000.0,0.832,Below band,35,0.9066666666666667,0.08448248603483993,0.6213861386138614,Low,"slow pay growth, pay below market"
E102082,Cloud and Infrastructure,L4,Mid (L3-L4),Bengaluru,Man,South,Tier 2,Agency,13.0,5,3478000.0,1.107,Above band,69,0.8566666666666668,0.033893228692431374,0.13821782178217823,Low,"long commute, falling rating"
E102085,Delivery,L1,Junior (L1-L2),Hyderabad,Woman,Northeast,Tier 3,Campus,4.3,4,553000.0,0.975,Within band,24,0.8166666666666668,0.07215481941396888,0.5251485148514852,Low,low utilisation
E102088,Delivery,L1,Junior (L1-L2),Hyderabad,Man,East,Tier 2,Campus,4.2,3,689000.0,1.215,Above band,21,0.8000000000000002,0.03788303770280179,0.1786138613861386,Low,""
E102089,Delivery,L1,Junior (L1-L2),Bengaluru,Woman,South,Tier 3,Campus,4.5,3,554000.0,0.931,Within band,44,0.8166666666666668,0.11863088180588961,0.8122772277227723,Medium,"pay below market, low utilisation"
E102090,Quality Engineering,L4,Mid (L3-L4),Hyderabad,Man,South,Tier 2,Campus,12.6,5,1103000.0,0.433,Below band,18,0.8933333333333332,0.03598780885289025,0.15801980198019802,Low,pay below market
E102093,Consulting,L2,Junior (L1-L2),Hyderabad,Man,South,Tier 3,Campus,6.8,3,1131000.0,1.02,Within band,24,0.8533333333333334,0.035305792964646476,0.15168316831683168,Low,""
E102095,Data and Analytics,L2,Junior (L1-L2),Hyderabad,Man,North,Tier 2,Job portal,7.3,3,1193000.0,1.057,Within band,36,0.8133333333333334,0.03764589360005457,0.17544554455445543,Low,""
E102097,Data and Analytics,L1,Junior (L1-L2),Bengaluru,Woman,South,Tier 3,Campus,6.0,5,736000.0,1.103,Above band,67,0.8333333333333334,0.03391960454888557,0.13861386138613863,Low,long commute
E102098,Cloud and Infrastructure,L4,Mid (L3-L4),Hyderabad,Woman,South,Tier 2,Job portal,9.0,3,2131000.0,0.712,Below band,41,0.8466666666666667,0.07068466709654268,0.5108910891089109,Low,"pay below market, slow pay growth"
E102102,Data and Analytics,L4,Mid (L3-L4),Hyderabad,Man,South,Tier 1,Referral,11.7,4,3528000.0,1.137,Above band,37,0.8866666666666667,0.018234896407570013,0.047524752475247525,Low,""
E102104,Quality Engineering,L3,Mid (L3-L4),Hyderabad,Woman,South,Tier 2,Campus,6.8,2,1081000.0,0.666,Below band,22,0.93,0.0924214059473754,0.6748514851485149,Low,"slow pay growth, pay below market"
E102106,Corporate Functions,L6,Senior (L5-L6),Bengaluru,Man,East,Tier 3,Referral,10.1,5,6767000.0,1.034,Within band,47,,0.016190716501042663,0.03920792079207921,Low,""
E102108,Delivery,L2,Junior (L1-L2),Hyderabad,Man,East,Tier 2,Agency,4.9,1,970000.0,0.962,Within band,27,0.8233333333333334,0.09495738411217859,0.693069306930693,Low,slow pay growth
E102109,Delivery,L2,Junior (L1-L2),Bengaluru,Man,South,Tier 3,Campus,9.8,3,650000.0,0.614,Below band,23,0.7566666666666667,0.0938452316243356,0.6855445544554456,Low,"slow pay growth, low utilisation, pay below market"
E102110,Delivery,L6,Senior (L5-L6),Hyderabad,Man,South,Tier 3,Referral,9.1,3,4744000.0,0.685,Below band,41,0.8666666666666667,0.011589577200533333,0.014653465346534653,Low,""
E102112,Data and Analytics,L3,Mid (L3-L4),Hyderabad,Woman,West,Tier 3,Agency,7.3,2,1160000.0,0.587,Below band,31,0.2833333333333333,0.12709990821036118,0.8510891089108911,Medium,"low utilisation, slow pay growth"
E102113,Delivery,L2,Junior (L1-L2),Bengaluru,Man,West,Tier 2,Campus,7.5,5,1273000.0,1.203,Above band,49,0.8066666666666666,0.036114775986119105,0.16,Low,""
E102114,Corporate Functions,L5,Senior (L5-L6),Hyderabad,Man,South,Tier 1,Campus,12.4,4,2386000.0,0.619,Below band,44,,0.011058763758418204,0.011485148514851485,Low,""
E102115,Delivery,L3,Mid (L3-L4),Hyderabad,Man,South,Tier 3,Referral,5.4,3,1257000.0,0.713,Below band,51,0.8966666666666666,0.08458270529587815,0.6225742574257426,Low,pay below market
E102116,Cloud and Infrastructure,L3,Mid (L3-L4),Hyderabad,Woman,South,Tier 2,Agency,7.5,3,1069000.0,0.561,Below band,30,0.7566666666666667,0.11563867086381495,0.7992079207920793,Medium,"low utilisation, slow pay growth, pay below market"
E102118,Quality Engineering,L4,Mid (L3-L4),Bengaluru,Non-binary,North,Tier 1,Referral,9.4,3,2911000.0,1.087,Within band,89,0.7666666666666666,0.07541700558844446,0.5544554455445545,Low,"long commute, low utilisation, slow pay growth"
E102126,Delivery,L3,Mid (L3-L4),Hyderabad,Woman,South,Tier 3,Campus,10.2,4,1977000.0,1.121,Above band,38,0.8933333333333332,0.025763424711736815,0.07683168316831683,Low,""
E102127,Consulting,L2,Junior (L1-L2),Hyderabad,Man,East,Tier 2,Job portal,12.1,4,1469000.0,1.325,Above band,53,0.8266666666666667,0.02689697007998755,0.08118811881188119,Low,""
E102128,Data and Analytics,L6,Senior (L5-L6),Hyderabad,Man,South,Tier 3,Agency,8.4,3,9470000.0,1.22,Above band,52,0.8033333333333333,0.01401676523504956,0.030495049504950494,Low,""
E102132,Delivery,L5,Senior (L5-L6),Hyderabad,Man,South,Tier 3,Referral,6.9,4,3061000.0,0.715,Below band,69,0.8133333333333334,0.015223797128411671,0.034851485148514855,Low,""
E102136,Sales and Presales,L4,Mid (L3-L4),Bengaluru,Woman,South,Tier 3,Agency,10.5,4,1740000.0,0.57,Below band,107,,0.1099340175407567,0.7706930693069307,Medium,"long commute, falling rating, pay below market"
E102139,Consulting,L2,Junior (L1-L2),Hyderabad,Woman,West,Tier 2,Campus,15.9,3,985000.0,0.888,Below band,38,0.8266666666666667,0.07503843053273468,0.5508910891089109,Low,"falling rating, pay below market, slow pay growth"
E102141,Delivery,L4,Mid (L3-L4),Hyderabad,Man,East,Tier 3,Job portal,6.5,3,1948000.0,0.703,Below band,46,0.7833333333333332,0.06466529980118534,0.44475247524752476,Low,"low utilisation, pay below market"
E102145,Data and Analytics,L1,Junior (L1-L2),Hyderabad,Woman,South,Tier 3,Campus,6.6,3,659000.0,1.038,Within band,24,0.77,0.050312996925609844,0.30415841584158415,Low,low utilisation
E102146,Quality Engineering,L3,Mid (L3-L4),Bengaluru,Man,South,Tier 3,Campus,8.2,3,1187000.0,0.697,Below band,26,0.8833333333333333,0.043038764051538614,0.22732673267326733,Low,pay below market
E102149,Delivery,L5,Senior (L5-L6),Bengaluru,Man,Northeast,Tier 1,Referral,10.5,4,2957000.0,0.658,Below band,55,0.8866666666666666,0.011851560919925579,0.016237623762376238,Low,""
E102151,Delivery,L2,Junior (L1-L2),Hyderabad,Woman,South,Tier 2,Referral,3.8,4,553000.0,0.549,Below band,47,0.8966666666666666,0.09104079946021573,0.668910891089109,Low,pay below market
E102155,Delivery,L2,Junior (L1-L2),Bengaluru,Man,South,Tier 3,Job portal,3.8,4,1141000.0,1.078,Within band,23,0.8566666666666666,0.06109671012974164,0.4083168316831683,Low,""
E102157,Delivery,L3,Mid (L3-L4),Hyderabad,Man,Northeast,Tier 3,Agency,3.8,3,1790000.0,1.015,Within band,26,0.9333333333333332,0.045777108086989246,0.25782178217821783,Low,""
E102159,Cloud and Infrastructure,L3,Mid (L3-L4),Hyderabad,Man,North,Tier 3,Referral,3.8,3,1848000.0,0.97,Within band,33,0.96,0.08863893400063373,0.6522772277227723,Low,slow pay growth
E102160,Quality Engineering,L3,Mid (L3-L4),Hyderabad,Woman,South,Tier 3,Job portal,3.8,3,1420000.0,0.875,Below band,61,0.9233333333333333,0.11021905385598205,0.7726732673267327,Medium,"pay below market, long commute"
E102163,Delivery,L2,Junior (L1-L2),Bengaluru,Man,West,Tier 2,Job portal,3.7,3,783000.0,0.74,Below band,83,0.85,0.15107664850098732,0.9156435643564357,High,"pay below market, long commute"
E102171,Delivery,L3,Mid (L3-L4),Hyderabad,Man,South,Tier 3,Job portal,3.7,3,1809000.0,1.026,Within band,26,0.8533333333333334,0.06679475833372109,0.4700990099009901,Low,""
E102176,Data and Analytics,L2,Junior (L1-L2),Bengaluru,Man,South,Tier 1,Job portal,3.7,5,1535000.0,1.295,Above band,118,0.8766666666666666,0.10395216033879806,0.742970297029703,Medium,"long commute, falling rating"
E102178,Delivery,L4,Mid (L3-L4),Bengaluru,Man,West,Tier 2,Job portal,3.7,2,2760000.0,0.948,Within band,37,0.37333333333333335,0.1693082194912975,0.9449504950495049,High,"low utilisation, slow pay growth, time on bench"
E102179,Cloud and Infrastructure,L2,Junior (L1-L2),Hyderabad,Man,Northeast,Tier 2,Job portal,3.7,2,1074000.0,0.987,Within band,59,0.8799999999999999,0.09478309658383945,0.6918811881188118,Low,"slow pay growth, long commute"
E102181,Delivery,L1,Junior (L1-L2),Hyderabad,Woman,South,Tier 1,Referral,3.7,3,606000.0,1.069,Within band,42,0.8333333333333334,0.05023087573094037,0.30297029702970296,Low,""
E102182,Quality Engineering,L4,Mid (L3-L4),Hyderabad,Man,South,Tier 3,Referral,3.7,5,3050000.0,1.196,Above band,34,0.7566666666666667,0.052693221817725476,0.32594059405940595,Low,low utilisation
E102183,Consulting,L2,Junior (L1-L2),Hyderabad,Woman,South,Tier 2,Referral,3.7,3,1082000.0,0.976,Within band,47,0.7799999999999999,0.09751511076498114,0.7077227722772277,Medium,low utilisation
E102184,Data and Analytics,L1,Junior (L1-L2),Hyderabad,Man,North,Tier 2,Job portal,3.7,4,555000.0,0.874,Below band,19,0.8366666666666668,0.10050009971202507,0.7275247524752475,Medium,pay below market
E102185,Quality Engineering,L1,Junior (L1-L2),Bengaluru,Woman,South,Tier 2,Agency,3.7,3,613000.0,1.119,Above band,32,0.8066666666666666,0.05208939225585788,0.32,Low,low utilisation
E102188,Data and Analytics,L2,Junior (L1-L2),Bengaluru,Man,South,Tier 3,Agency,3.7,3,1273000.0,1.074,Within band,50,0.7966666666666667,0.08565634770107707,0.6316831683168317,Low,low utilisation
E102192,Delivery,L1,Junior (L1-L2),Hyderabad,Woman,South,Tier 3,Referral,3.7,2,565000.0,0.996,Within band,104,0.8933333333333332,0.10560961703578758,0.7504950495049505,Medium,"long commute, time on bench, slow pay growth"
E102193,Data and Analytics,L2,Junior (L1-L2),Hyderabad,Woman,East,Tier 1,Job portal,3.6,3,1267000.0,1.122,Above band,30,0.7699999999999999,0.07463791447772715,0.5477227722772278,Low,low utilisation
E102195,Quality Engineering,L4,Mid (L3-L4),Hyderabad,Man,South,Tier 1,Job portal,3.6,3,2635000.0,1.033,Within band,47,0.8266666666666668,0.060581738360354756,0.4035643564356436,Low,""
E102197,Cloud and Infrastructure,L3,Mid (L3-L4),Bengaluru,Man,East,Tier 2,Referral,3.6,3,1338000.0,0.669,Below band,44,0.9466666666666667,0.08032822658628547,0.5948514851485148,Low,pay below market
E102199,Data and Analytics,L2,Junior (L1-L2),Hyderabad,Man,East,Tier 3,Agency,3.6,3,623000.0,0.552,Below band,27,0.8733333333333334,0.0967765539028431,0.7025742574257425,Medium,"pay below market, slow pay growth"
E102202,Quality Engineering,L1,Junior (L1-L2),Hyderabad,Woman,West,Tier 1,Agency,3.6,2,455000.0,0.872,Below band,44,0.59,0.18313375530907147,0.9611881188118812,High,"pay below market, low utilisation, slow pay growth"
E102204,Delivery,L5,Senior (L5-L6),Hyderabad,Man,East,Tier 3,Agency,3.6,2,3802000.0,0.888,Below band,67,0.8666666666666667,0.08423483338986643,0.6194059405940594,Low,"slow pay growth, pay below market"
E102207,Delivery,L1,Junior (L1-L2),Hyderabad,Man,South,Tier 3,Rehire,3.6,3,546000.0,0.963,Within band,34,0.9633333333333334,0.04204743943974603,0.2186138613861386,Low,""
E102208,Sales and Presales,L2,Junior (L1-L2),Bengaluru,Man,West,Tier 3,Job portal,3.6,3,660000.0,0.594,Below band,47,,0.10684060830144068,0.7572277227722772,Medium,pay below market
E102209,Delivery,L3,Mid (L3-L4),Bengaluru,Man,South,Tier 3,Referral,3.6,4,1209000.0,0.653,Below band,56,0.88,0.09376034940355954,0.6835643564356436,Low,"pay below market, slow pay growth"
E102212,Delivery,L2,Junior (L1-L2),Hyderabad,Woman,Northeast,Tier 2,Job portal,3.6,5,1096000.0,1.087,Within band,63,0.6633333333333332,0.11451608153976946,0.7932673267326733,Medium,"low utilisation, time on bench"
E102213,Quality Engineering,L4,Mid (L3-L4),Bengaluru,Woman,South,Tier 2,Agency,3.6,3,2423000.0,0.905,Within band,56,0.9166666666666666,0.10221188346978861,0.7362376237623762,Medium,"slow pay growth, pay below market"
E102217,Delivery,L3,Mid (L3-L4),Hyderabad,Man,South,Tier 2,Referral,3.6,5,1231000.0,0.698,Below band,15,0.8766666666666666,0.0636648599940399,0.4388118811881188,Low,pay below market
E102219,Quality Engineering,L2,Junior (L1-L2),Hyderabad,Man,South,Tier 3,Referral,3.6,3,854000.0,0.921,Within band,57,0.8033333333333333,0.14183435610898937,0.8938613861386139,Medium,"pay below market, low utilisation, slow pay growth"
E102221,Corporate Functions,L2,Junior (L1-L2),Bengaluru,Man,South,Tier 2,Job portal,3.6,2,907000.0,0.953,Within band,49,,0.09188210449592667,0.6708910891089109,Low,slow pay growth
E102222,Quality Engineering,L3,Mid (L3-L4),Bengaluru,Man,North,Tier 3,Referral,3.6,3,1696000.0,0.995,Within band,75,0.79,0.1417426496796106,0.8930693069306931,Medium,"low utilisation, slow pay growth, time on bench"
E102229,Delivery,L2,Junior (L1-L2),Bengaluru,Man,East,Tier 2,Referral,3.6,4,1127000.0,1.065,Within band,42,0.9,0.045253413895795236,0.2514851485148515,Low,""
E102233,Delivery,L1,Junior (L1-L2),Bengaluru,Man,Northeast,Tier 2,Referral,3.6,3,681000.0,1.145,Above band,61,0.8233333333333333,0.053415959384081835,0.3330693069306931,Low,long commute
E102234,Delivery,L3,Mid (L3-L4),Bengaluru,Man,Northeast,Tier 1,Agency,3.6,3,1910000.0,1.031,Within band,80,0.89,0.0875088427486047,0.6443564356435644,Low,long commute
E102237,Delivery,L1,Junior (L1-L2),Bengaluru,Woman,South,Tier 2,Job portal,3.6,4,656000.0,1.103,Above band,26,0.9833333333333334,0.007073612437664525,0.0019801980198019802,Low,""
E102239,Delivery,L1,Junior (L1-L2),Bengaluru,Man,South,Tier 2,Job portal,3.6,2,637000.0,1.071,Within band,67,0.7933333333333333,0.11480635130627108,0.7948514851485149,Medium,"slow pay growth, low utilisation, pay below market"
E102240,Sales and Presales,L2,Junior (L1-L2),Hyderabad,Man,North,Tier 2,Referral,3.5,3,1075000.0,1.016,Within band,29,,0.08468126311549785,0.6237623762376238,Low,slow pay growth
E102242,Consulting,L4,Mid (L3-L4),Bengaluru,Woman,West,Tier 3,Job portal,3.5,3,3092000.0,0.966,Within band,54,0.8433333333333334,0.05854896933325637,0.38574257425742575,Low,""
E102245,Data and Analytics,L3,Mid (L3-L4),Hyderabad,Man,South,Tier 2,Job portal,3.5,3,2373000.0,1.202,Above band,34,0.6666666666666666,0.052848050646181914,0.32752475247524754,Low,low utilisation
E102247,Quality Engineering,L5,Senior (L5-L6),Hyderabad,Man,South,Tier 2,Job portal,3.5,4,3375000.0,0.857,Below band,29,0.7766666666666667,0.05249426287662877,0.3235643564356436,Low,"pay below market, low utilisation"
E102249,Delivery,L2,Junior (L1-L2),Bengaluru,Man,South,Tier 2,Job portal,3.5,3,1080000.0,1.021,Within band,27,0.3933333333333333,0.1137160694292817,0.7904950495049505,Medium,"low utilisation, time on bench"
E102250,Delivery,L3,Mid (L3-L4),Hyderabad,Woman,North,Tier 1,Referral,3.5,3,1112000.0,0.63,Below band,23,0.8233333333333333,0.11783651511561415,0.805940594059406,Medium,"pay below market, low utilisation"
E102254,Delivery,L3,Mid (L3-L4),Hyderabad,Man,South,Tier 3,Agency,3.5,3,1062000.0,0.602,Below band,24,0.9433333333333334,0.07098071147647793,0.5132673267326733,Low,pay below market
E102257,Delivery,L2,Junior (L1-L2),Hyderabad,Man,East,Tier 2,Referral,3.5,2,648000.0,0.643,Below band,39,0.2833333333333333,0.16060240973811046,0.9334653465346535,High,"low utilisation, pay below market"
E102260,Delivery,L3,Mid (L3-L4),Bengaluru,Man,South,Tier 1,Job portal,3.5,3,2054000.0,1.109,Above band,49,0.38333333333333336,0.07762546320703431,0.575049504950495,Low,"low utilisation, time on bench"
E102261,Delivery,L3,Mid (L3-L4),Bengaluru,Man,South,Tier 1,Job portal,3.5,3,1074000.0,0.58,Below band,76,0.9633333333333334,0.06355704780387533,0.43683168316831683,Low,pay below market
E102262,Delivery,L2,Junior (L1-L2),Hyderabad,Woman,South,Tier 2,Referral,3.5,3,1143000.0,1.134,Above band,59,0.8766666666666666,0.05703719760039263,0.3722772277227723,Low,"long commute, time on bench"
E102263,Cloud and Infrastructure,L2,Junior (L1-L2),Hyderabad,Man,South,Tier 3,Referral,3.5,1,1056000.0,0.971,Within band,45,0.8633333333333333,0.10086417555647705,0.7295049504950495,Medium,slow pay growth
E102265,Delivery,L2,Junior (L1-L2),Hyderabad,Woman,South,Tier 3,Agency,3.5,2,766000.0,0.76,Below band,65,0.9533333333333335,0.1415614557512774,0.8914851485148515,Medium,"pay below market, slow pay growth"
E102268,Delivery,L3,Mid (L3-L4),Hyderabad,Man,South,Tier 3,Referral,3.5,3,1991000.0,1.129,Above band,30,0.8566666666666666,0.045947374781686624,0.2601980198019802,Low,""
E102271,Consulting,L5,Senior (L5-L6),Bengaluru,Man,North,Tier 2,Referral,3.5,2,3673000.0,0.742,Below band,35,0.9,0.04827037701609241,0.2859405940594059,Low,"slow pay growth, pay below market, low utilisation"
E102273,Data and Analytics,L3,Mid (L3-L4),Hyderabad,Woman,West,Tier 3,Job portal,3.5,4,1444000.0,0.731,Below band,28,0.77,0.1480992870162776,0.9089108910891089,High,"low utilisation, pay below market, slow pay growth"
E102275,Delivery,L3,Mid (L3-L4),Hyderabad,Man,North,Tier 3,Job portal,3.5,3,917000.0,0.52,Below band,30,0.85,0.10048700555716317,0.7271287128712871,Medium,"pay below market, slow pay growth"
E102277,Cloud and Infrastructure,L1,Junior (L1-L2),Hyderabad,Man,South,Tier 1,Referral,3.5,2,616000.0,1.007,Within band,29,0.7966666666666667,0.0888243795643565,0.6546534653465347,Low,"low utilisation, slow pay growth"
E102278,Delivery,L1,Junior (L1-L2),Hyderabad,Man,South,Tier 3,Referral,3.5,3,504000.0,0.889,Below band,53,0.7433333333333332,0.12515758575550742,0.841980198019802,Medium,"low utilisation, pay below market, long commute"
E102279,Delivery,L2,Junior (L1-L2),Hyderabad,Man,South,Tier 3,Rehire,3.5,3,1299000.0,1.289,Above band,44,0.8033333333333333,0.061110472845199645,0.4087128712871287,Low,slow pay growth
E102281,Delivery,L2,Junior (L1-L2),Hyderabad,Man,South,Tier 2,Job portal,3.5,3,1331000.0,1.32,Above band,63,0.10666666666666667,0.06797262591684874,0.48237623762376236,Low,"time on bench, low utilisation"
E102287,Delivery,L1,Junior (L1-L2),Hyderabad,Man,East,Tier 2,Rehire,3.4,2,554000.0,0.977,Within band,24,0.98,0.026990358325287598,0.08237623762376238,Low,slow pay growth
E102288,Data and Analytics,L2,Junior (L1-L2),Bengaluru,Woman,South,Tier 2,Job portal,3.4,5,672000.0,0.567,Below band,36,0.9500000000000001,0.09005050188505205,0.6621782178217822,Low,pay below market
E102290,Cloud and Infrastructure,L1,Junior (L1-L2),Hyderabad,Woman,North,Tier 2,Referral,3.4,3,568000.0,0.928,Within band,58,0.84,0.08938576086645642,0.6582178217821782,Low,"pay below market, long commute"
E102292,Delivery,L5,Senior (L5-L6),Hyderabad,Man,South,Tier 1,Agency,3.4,3,2530000.0,0.591,Below band,45,0.83,0.056558563139078595,0.36594059405940593,Low,"pay below market, slow pay growth, low utilisation"
E102293,Sales and Presales,L1,Junior (L1-L2),Hyderabad,Woman,South,Tier 2,Agency,3.4,4,599000.0,1.007,Within band,23,,0.06031368412960555,0.4011881188118812,Low,""
E102294,Corporate Functions,L3,Mid (L3-L4),Bengaluru,Woman,South,Tier 1,Referral,3.4,4,1592000.0,0.955,Within band,19,,0.07584985283325314,0.5596039603960397,Low,""
E102296,Quality Engineering,L4,Mid (L3-L4),Hyderabad,Man,North,Tier 2,Referral,3.4,4,2600000.0,1.02,Within band,20,0.7799999999999999,0.08018634292442417,0.5912871287128713,Low,low utilisation
E102297,Sales and Presales,L4,Mid (L3-L4),Bengaluru,Man,North,Tier 3,Rehire,3.4,5,2892000.0,0.947,Within band,54,,0.07644736265793954,0.5643564356435643,Low,slow pay growth
E102299,Data and Analytics,L1,Junior (L1-L2),Bengaluru,Woman,North,Tier 2,Agency,3.4,5,519000.0,0.778,Below band,69,0.9233333333333333,0.06520163280352412,0.45465346534653467,Low,"pay below market, long commute"
E102303,Delivery,L1,Junior (L1-L2),Hyderabad,Man,West,Tier 3,Agency,3.4,5,558000.0,0.984,Within band,38,0.8166666666666668,0.06352890595827225,0.43643564356435643,Low,low utilisation
E102305,Quality Engineering,L2,Junior (L1-L2),Hyderabad,Woman,East,Tier 2,Job portal,3.4,3,848000.0,0.915,Within band,19,0.8266666666666667,0.12563938332067948,0.8461386138613861,Medium,"pay below market, low utilisation"
E102307,Cloud and Infrastructure,L2,Junior (L1-L2),Hyderabad,Woman,South,Tier 2,Referral,3.4,3,1137000.0,1.045,Within band,21,0.7933333333333333,0.11315013937162874,0.7885148514851485,Medium,"low utilisation, slow pay growth"
E102313,Delivery,L2,Junior (L1-L2),Hyderabad,Man,South,Tier 2,Referral,3.4,4,1237000.0,1.227,Above band,51,0.79,0.07157439428442036,0.5184158415841584,Low,low utilisation
E102314,Sales and Presales,L1,Junior (L1-L2),Hyderabad,Woman,South,Tier 3,Referral,3.4,4,625000.0,1.05,Within band,24,,0.047172803486483714,0.2744554455445545,Low,""
E102316,Sales and Presales,L4,Mid (L3-L4),Hyderabad,Man,South,Tier 2,Agency,3.4,2,2910000.0,1.0,Within band,57,,0.09615301834852846,0.700990099009901,Medium,slow pay growth
E102319,Corporate Functions,L1,Junior (L1-L2),Bengaluru,Man,South,Tier 3,Agency,3.4,1,458000.0,0.854,Below band,39,,0.13290380946483052,0.8712871287128713,Medium,"pay below market, slow pay growth"
E102320,Quality Engineering,L2,Junior (L1-L2),Hyderabad,Man,South,Tier 2,Job portal,3.4,5,1016000.0,1.096,Within band,75,0.8533333333333334,0.06961555034868849,0.4986138613861386,Low,""
E102326,Sales and Presales,L5,Senior (L5-L6),Hyderabad,Man,South,Tier 2,Referral,3.4,3,4730000.0,1.052,Within band,60,,0.03283796260857337,0.1295049504950495,Low,""
E102329,Delivery,L2,Junior (L1-L2),Hyderabad,Woman,South,Tier 3,Agency,3.4,4,908000.0,0.901,Within band,100,0.93,0.10685042621572291,0.758019801980198,Medium,"long commute, pay below market, falling rating"
E102330,Sales and Presales,L1,Junior (L1-L2),Hyderabad,Woman,East,Tier 2,Agency,3.4,3,602000.0,1.012,Within band,59,,0.06478601072779658,0.4483168316831683,Low,long commute
E102333,Corporate Functions,L1,Junior (L1-L2),Hyderabad,Man,South,Tier 3,Agency,3.4,3,602000.0,1.18,Above band,34,,0.03467434458418874,0.14495049504950494,Low,""
E102340,Delivery,L3,Mid (L3-L4),Bengaluru,Woman,West,Tier 2,Referral,3.3,3,1468000.0,0.793,Below band,57,0.89,0.1317998913063577,0.8673267326732673,Medium,"slow pay growth, pay below market"
E102344,Data and Analytics,L3,Mid (L3-L4),Hyderabad,Man,West,Tier 3,Referral,3.3,3,1716000.0,0.869,Below band,38,0.8533333333333334,0.16813036098180156,0.9421782178217821,High,"pay below market, slow pay growth"
E102345,Sales and Presales,L1,Junior (L1-L2),Bengaluru,Man,South,Tier 2,Agency,3.3,3,583000.0,0.933,Within band,20,,0.08044319196718114,0.5952475247524752,Low,pay below market
E102346,Cloud and Infrastructure,L4,Mid (L3-L4),Hyderabad,Man,South,Tier 2,Agency,3.3,3,2845000.0,0.951,Within band,41,0.8933333333333332,0.07753768010514826,0.573069306930693,Low,"slow pay growth, falling rating"
E102347,Delivery,L2,Junior (L1-L2),Bengaluru,Woman,West,Tier 2,Referral,3.3,5,939000.0,0.888,Below band,37,0.9,0.08867199898258464,0.6530693069306931,Low,pay below market
E102350,Corporate Functions,L3,Mid (L3-L4),Hyderabad,Woman,South,Tier 1,Job portal,3.3,2,1257000.0,0.792,Below band,39,,0.1316425829463003,0.8661386138613861,Medium,"pay below market, slow pay growth, falling rating"
E102351,Cloud and Infrastructure,L1,Junior (L1-L2),Hyderabad,Woman,South,Tier 2,Agency,3.3,3,572000.0,0.935,Within band,29,0.8466666666666667,0.09754995098919529,0.7081188118811881,Medium,"pay below market, slow pay growth"
E102352,Data and Analytics,L1,Junior (L1-L2),Hyderabad,Woman,South,Tier 3,Job portal,3.3,1,592000.0,0.932,Within band,42,0.9266666666666666,0.07562626756080235,0.5568316831683169,Low,"pay below market, slow pay growth"
E102353,Data and Analytics,L4,Mid (L3-L4),Bengaluru,Man,Northeast,Tier 3,Referral,3.3,4,2114000.0,0.649,Below band,126,0.17333333333333334,0.2527800629377958,0.9944554455445545,High,"long commute, low utilisation, pay below market"
E102364,Quality Engineering,L5,Senior (L5-L6),Hyderabad,Man,South,Tier 2,Referral,3.3,4,2843000.0,0.722,Below band,22,1.0,0.014182165630415008,0.03128712871287129,Low,""
E102365,Data and Analytics,L2,Junior (L1-L2),Bengaluru,Man,North,Tier 1,Agency,3.3,3,1175000.0,0.992,Within band,61,0.8533333333333334,0.09191268527284913,0.6712871287128713,Low,long commute
E102367,Delivery,L2,Junior (L1-L2),Bengaluru,Man,North,Tier 2,Referral,3.3,3,1200000.0,1.134,Above band,34,0.8633333333333333,0.056263569969775766,0.36277227722772276,Low,slow pay growth
E102372,Delivery,L2,Junior (L1-L2),Hyderabad,Woman,East,Tier 3,Referral,3.3,3,879000.0,0.872,Below band,43,0.7600000000000001,0.21366571138534288,0.9798019801980198,High,"pay below market, low utilisation, slow pay growth"
E102374,Delivery,L2,Junior (L1-L2),Bengaluru,Man,Northeast,Tier 3,Agency,3.3,3,936000.0,0.885,Below band,61,0.7766666666666667,0.183688044065025,0.9615841584158416,High,"low utilisation, pay below market, slow pay growth"
E102379,Delivery,L1,Junior (L1-L2),Bengaluru,Man,East,Tier 2,Referral,3.3,3,639000.0,1.074,Within band,41,0.8066666666666666,0.05704528787186728,0.37267326732673267,Low,""
E102380,Consulting,L1,Junior (L1-L2),Hyderabad,Man,South,Tier 3,Job portal,3.3,3,554000.0,0.888,Below band,24,0.06666666666666667,0.09559848846200694,0.6978217821782178,Low,"low utilisation, pay below market"
E102381,Delivery,L1,Junior (L1-L2),Hyderabad,Man,South,Tier 1,Referral,3.3,5,442000.0,0.78,Below band,43,0.8033333333333333,0.12391693558611205,0.8352475247524752,Medium,"pay below market, low utilisation"
E102382,Delivery,L1,Junior (L1-L2),Hyderabad,Woman,West,Tier 3,Job portal,3.3,3,560000.0,0.988,Within band,12,0.9066666666666666,0.05161717878016583,0.31643564356435644,Low,long commute
E102384,Corporate Functions,L3,Mid (L3-L4),Hyderabad,Man,Northeast,Tier 3,Referral,3.3,3,1547000.0,0.975,Within band,37,,0.08766615099568377,0.6455445544554456,Low,slow pay growth
E102386,Quality Engineering,L3,Mid (L3-L4),Hyderabad,Woman,West,Tier 3,Job portal,3.3,4,1747000.0,1.076,Within band,61,0.8700000000000001,0.05834411089816042,0.38415841584158417,Low,"slow pay growth, long commute"
E102387,Data and Analytics,L4,Mid (L3-L4),Hyderabad,Man,East,Tier 2,Referral,3.3,3,2872000.0,0.925,Within band,37,0.7666666666666666,0.11453298084640352,0.7936633663366337,Medium,"low utilisation, pay below market"
E102388,Sales and Presales,L5,Senior (L5-L6),Hyderabad,Man,South,Tier 2,Agency,3.3,4,4875000.0,1.084,Within band,47,,0.032027762730456405,0.12356435643564356,Low,""
E102390,Delivery,L1,Junior (L1-L2),Bengaluru,Man,West,Tier 2,Agency,3.3,4,466000.0,0.783,Below band,38,0.84,0.09292135478401868,0.6792079207920793,Low,pay below market
E102394,Delivery,L1,Junior (L1-L2),Hyderabad,Woman,South,Tier 2,Referral,3.3,3,638000.0,1.125,Above band,30,0.68,0.05957154779982518,0.3920792079207921,Low,low utilisation
E102395,Delivery,L1,Junior (L1-L2),Hyderabad,Man,North,Tier 2,Rehire,3.3,3,495000.0,0.873,Below band,38,0.9166666666666666,0.0803113333828216,0.594059405940594,Low,pay below market
E102402,Data and Analytics,L2,Junior (L1-L2),Hyderabad,Man,South,Tier 2,Referral,3.3,3,1070000.0,0.948,Within band,31,0.6533333333333333,0.1078222854873766,0.7631683168316832,Medium,low utilisation
E102404,Data and Analytics,L1,Junior (L1-L2),Bengaluru,Man,East,Tier 2,Referral,3.3,3,629000.0,0.943,Within band,50,0.8266666666666667,0.1254278502196559,0.8439603960396039,Medium,"pay below market, low utilisation, long commute"
E102407,Delivery,L2,Junior (L1-L2),Bengaluru,Man,East,Tier 3,Agency,3.3,3,907000.0,0.857,Below band,33,0.8066666666666666,0.21417896243207685,0.9805940594059406,High,"pay below market, low utilisation, slow pay growth"
E102409,Delivery,L4,Mid (L3-L4),Hyderabad,Man,South,Tier 3,Job portal,3.3,3,2653000.0,0.957,Within band,48,0.88,0.05308814685615231,0.3295049504950495,Low,slow pay growth
E102411,Delivery,L2,Junior (L1-L2),Bengaluru,Woman,North,Tier 3,Job portal,3.3,3,1138000.0,1.076,Within band,133,0.8766666666666666,0.13020475437263587,0.8625742574257426,Medium,"long commute, slow pay growth"
E102412,Delivery,L3,Mid (L3-L4),Hyderabad,Man,South,Tier 2,Job portal,3.3,3,1571000.0,0.891,Below band,48,0.6366666666666666,0.1844876825654575,0.9623762376237623,High,"low utilisation, pay below market, slow pay growth"
E102413,Delivery,L1,Junior (L1-L2),Hyderabad,Woman,South,Tier 3,Agency,3.3,3,538000.0,0.949,Within band,69,0.8099999999999999,0.08778636204344331,0.6471287128712871,Low,"low utilisation, long commute"
E102418,Delivery,L1,Junior (L1-L2),Hyderabad,Woman,South,Tier 3,Agency,3.3,2,511000.0,0.901,Within band,34,0.88,0.07971740277229525,0.5889108910891089,Low,"pay below market, slow pay growth"
E102421,Delivery,L3,Mid (L3-L4),Hyderabad,Man,East,Tier 3,Job portal,3.3,3,1559000.0,0.884,Below band,36,0.91,0.08046369001118121,0.596039603960396,Low,pay below market
E102422,Quality Engineering,L2,Junior (L1-L2),Bengaluru,Woman,South,Tier 2,Referral,3.3,3,947000.0,0.972,Within band,79,0.9966666666666667,0.038611231940904094,0.18534653465346534,Low,slow pay growth
E102423,Data and Analytics,L4,Mid (L3-L4),Hyderabad,Man,West,Tier 3,Referral,3.2,3,2881000.0,0.928,Within band,61,0.5433333333333333,0.13833093869210872,0.8811881188118812,Medium,"low utilisation, pay below market, slow pay growth"
E102426,Delivery,L3,Mid (L3-L4),Hyderabad,Man,South,Tier 2,Referral,3.2,5,1955000.0,1.108,Above band,27,0.9433333333333334,0.033607722198747136,0.13544554455445545,Low,""
E102427,Cloud and Infrastructure,L1,Junior (L1-L2),Hyderabad,Man,South,Tier 2,Referral,3.2,3,584000.0,0.954,Within band,51,0.5433333333333333,0.09340826920766523,0.6811881188118812,Low,low utilisation
E102428,Sales and Presales,L2,Junior (L1-L2),Hyderabad,Man,South,Tier 3,Job portal,3.2,4,902000.0,0.853,Below band,35,,0.1227065426909813,0.8300990099009901,Medium,"pay below market, falling rating"
E102435,Delivery,L2,Junior (L1-L2),Hyderabad,Man,South,Tier 3,Agency,3.2,5,549000.0,0.545,Below band,47,0.9233333333333333,0.12857686669713025,0.8578217821782178,Medium,"pay below market, slow pay growth"
E102438,Delivery,L1,Junior (L1-L2),Hyderabad,Woman,South,Tier 2,Referral,3.2,3,542000.0,0.956,Within band,26,0.8933333333333332,0.0430534634615687,0.22851485148514852,Low,""
E102439,Quality Engineering,L3,Mid (L3-L4),Hyderabad,Man,West,Tier 3,Job portal,3.2,5,1815000.0,1.118,Above band,35,0.85,0.04715826218384147,0.2732673267326733,Low,""
E102443,Data and Analytics,L3,Mid (L3-L4),Bengaluru,Man,East,Tier 2,Agency,3.2,3,1189000.0,0.573,Below band,46,0.83,0.12394205508096641,0.8356435643564356,Medium,"low utilisation, pay below market, slow pay growth"
E102444,Delivery,L1,Junior (L1-L2),Hyderabad,Woman,South,Tier 2,Referral,3.2,1,477000.0,0.841,Below band,35,0.8066666666666666,0.14455162395409585,0.9013861386138614,High,"pay below market, low utilisation, slow pay growth"
E102445,Delivery,L3,Mid (L3-L4),Hyderabad,Woman,South,Tier 1,Job portal,3.2,4,916000.0,0.519,Below band,85,0.8366666666666666,0.13919555740613004,0.8851485148514852,Medium,"pay below market, slow pay growth, long commute"
E102447,Delivery,L3,Mid (L3-L4),Hyderabad,Woman,South,Tier 2,Agency,3.2,3,1867000.0,1.058,Within band,17,0.8566666666666668,0.055192802980286164,0.35168316831683166,Low,""
E102448,Sales and Presales,L2,Junior (L1-L2),Hyderabad,Man,South,Tier 1,Agency,3.2,5,683000.0,0.646,Below band,19,,0.08830277704266112,0.6499009900990099,Low,pay below market
E102450,Quality Engineering,L2,Junior (L1-L2),Bengaluru,Man,South,Tier 3,Job portal,3.2,3,942000.0,0.967,Within band,101,0.7666666666666666,0.15770746293204638,0.9291089108910892,High,"low utilisation, long commute, slow pay growth"
E102454,Delivery,L2,Junior (L1-L2),Hyderabad,Woman,East,Tier 2,Referral,3.2,2,936000.0,0.929,Within band,27,0.93,0.14062926601942125,0.8887128712871287,Medium,"slow pay growth, pay below market"
E102455,Quality Engineering,L2,Junior (L1-L2),Hyderabad,Man,North,Tier 3,Referral,3.2,3,821000.0,0.886,Below band,52,0.9066666666666666,0.10779805688058705,0.7627722772277228,Medium,"pay below market, time on bench"
E102459,Delivery,L2,Junior (L1-L2),Hyderabad,Man,South,Tier 2,Referral,3.2,4,600000.0,0.595,Below band,35,0.8066666666666666,0.14109872506050766,0.8899009900990099,Medium,"pay below market, low utilisation"
E102460,Delivery,L2,Junior (L1-L2),Bengaluru,Man,South,Tier 3,Agency,3.2,3,1003000.0,0.948,Within band,42,0.86,0.07654586959370104,0.5651485148514851,Low,""
E102461,Delivery,L2,Junior (L1-L2),Bengaluru,Man,Northeast,Tier 3,Agency,3.2,5,580000.0,0.548,Below band,56,0.87,0.08097814450266358,0.5996039603960396,Low,pay below market
E102466,Delivery,L5,Senior (L5-L6),Hyderabad,Man,East,Tier 3,Agency,3.1,3,2565000.0,0.599,Below band,55,0.6233333333333333,0.05497847045442844,0.3489108910891089,Low,low utilisation
E102467,Cloud and Infrastructure,L2,Junior (L1-L2),Bengaluru,Woman,North,Tier 3,Referral,3.1,2,966000.0,0.845,Below band,39,0.7633333333333333,0.21171412311643362,0.979009900990099,High,"low utilisation, slow pay growth, pay below market"
E102468,Delivery,L1,Junior (L1-L2),Hyderabad,Man,South,Tier 3,Referral,3.1,5,695000.0,1.226,Above band,39,0.93,0.03045246402491854,0.10732673267326732,Low,""
E102473,Delivery,L3,Mid (L3-L4),Bengaluru,Man,Northeast,Tier 2,Job portal,3.1,4,1125000.0,0.607,Below band,56,0.7999999999999999,0.14635530973924174,0.9073267326732674,High,"pay below market, low utilisation, slow pay growth"
E102476,Delivery,L2,Junior (L1-L2),Hyderabad,Woman,South,Tier 3,Agency,3.1,3,1057000.0,1.049,Within band,69,0.91,0.06184778936695357,0.417029702970297,Low,long commute
E102478,Quality Engineering,L2,Junior (L1-L2),Hyderabad,Man,East,Tier 3,Referral,3.1,4,463000.0,0.499,Below band,39,0.9266666666666666,0.09244604945657078,0.6752475247524753,Low,"pay below market, slow pay growth"
E102479,Cloud and Infrastructure,L4,Mid (L3-L4),Bengaluru,Man,East,Tier 2,Job portal,3.1,3,2782000.0,0.885,Below band,42,0.9166666666666666,0.1074513146062106,0.7615841584158416,Medium,"pay below market, slow pay growth"
E102480,Data and Analytics,L1,Junior (L1-L2),Hyderabad,Man,West,Tier 2,Job portal,3.1,2,648000.0,1.02,Within band,43,0.8666666666666667,0.07457620350174134,0.5465346534653466,Low,slow pay growth
E102481,Consulting,L1,Junior (L1-L2),Hyderabad,Woman,South,Tier 3,Agency,3.1,3,650000.0,1.042,Within band,79,0.7633333333333333,0.17220056789634533,0.9485148514851485,High,"long commute, low utilisation"
E102483,Consulting,L2,Junior (L1-L2),Hyderabad,Man,South,Tier 3,Referral,3.1,2,1014000.0,0.914,Within band,29,0.7966666666666665,0.12353299840779948,0.8328712871287128,Medium,"pay below market, low utilisation"
E102484,Corporate Functions,L2,Junior (L1-L2),Hyderabad,Woman,South,Tier 2,Agency,3.1,4,572000.0,0.631,Below band,33,,0.1055915590102082,0.7500990099009901,Medium,"pay below market, falling rating"
E102486,Data and Analytics,L2,Junior (L1-L2),Bengaluru,Woman,East,Tier 1,Job portal,3.1,2,724000.0,0.611,Below band,76,0.82,0.14890572050698522,0.9120792079207921,High,"low utilisation, slow pay growth, pay below market"
E102488,Cloud and Infrastructure,L2,Junior (L1-L2),Bengaluru,Woman,East,Tier 3,Referral,3.1,3,729000.0,0.638,Below band,49,0.8999999999999999,0.09750457082619146,0.7073267326732673,Medium,pay below market
E102490,Delivery,L5,Senior (L5-L6),Bengaluru,Man,Northeast,Tier 3,Job portal,3.1,4,3629000.0,0.807,Below band,41,0.7733333333333334,0.046707400406600035,0.26534653465346536,Low,"pay below market, low utilisation"
E102492,Delivery,L2,Junior (L1-L2),Hyderabad,Man,North,Tier 2,Agency,3.1,3,1132000.0,1.123,Above band,19,0.85,0.04746793026795538,0.27643564356435646,Low,""
E102494,Quality Engineering,L4,Mid (L3-L4),Bengaluru,Man,South,Tier 2,Job portal,3.0,3,2148000.0,0.802,Below band,25,0.8966666666666666,0.06725645489188141,0.4768316831683168,Low,pay below market
E102495,Cloud and Infrastructure,L2,Junior (L1-L2),Hyderabad,Man,South,Tier 3,Job portal,3.0,3,1142000.0,1.05,Within band,36,0.98,0.028955007979317993,0.09821782178217822,Low,slow pay growth
E102496,Delivery,L3,Mid (L3-L4),Hyderabad,Woman,South,Tier 2,Job portal,3.0,3,1505000.0,0.853,Below band,31,0.8266666666666667,0.1599420619513691,0.9314851485148515,High,"pay below market, low utilisation"
E102497,Delivery,L3,Mid (L3-L4),Bengaluru,Man,South,Tier 3,Job portal,3.0,3,1607000.0,0.868,Below band,89,0.8833333333333333,0.13876805316167376,0.881980198019802,Medium,"pay below market, long commute"
E102498,Delivery,L4,Mid (L3-L4),Hyderabad,Woman,West,Tier 2,Agency,3.0,3,2460000.0,0.888,Below band,34,0.8433333333333333,0.12580990579768145,0.8471287128712871,Medium,"pay below market, slow pay growth, falling rating"
E102501,Cloud and Infrastructure,L5,Senior (L5-L6),Hyderabad,Woman,South,Tier 2,Referral,3.0,4,2818000.0,0.609,Below band,64,0.8866666666666666,0.044526657509548616,0.24633663366336633,Low,"slow pay growth, long commute"
E102503,Delivery,L3,Mid (L3-L4),Bengaluru,Man,Northeast,Tier 2,Job portal,3.0,2,1552000.0,0.838,Below band,21,0.8566666666666666,0.0999184367767114,0.7255445544554455,Medium,pay below market
E102504,Delivery,L1,Junior (L1-L2),Hyderabad,Man,South,Tier 3,Job portal,3.0,3,517000.0,0.912,Within band,35,0.7200000000000001,0.11456747414755365,0.7940594059405941,Medium,"low utilisation, pay below market"
E102505,Cloud and Infrastructure,L4,Mid (L3-L4),Hyderabad,Man,South,Tier 3,Job portal,3.0,3,3169000.0,1.059,Within band,40,0.9066666666666666,0.03375158510918532,0.13742574257425744,Low,""
E102506,Cloud and Infrastructure,L6,Senior (L5-L6),Bengaluru,Man,North,Tier 1,Referral,3.0,3,7898000.0,1.005,Within band,31,0.8033333333333333,0.030764874588833823,0.1100990099009901,Low,""
E102507,Delivery,L1,Junior (L1-L2),Bengaluru,Woman,East,Tier 3,Agency,3.0,5,637000.0,1.071,Within band,38,0.8666666666666667,0.036099335940219614,0.1592079207920792,Low,""
E102510,Consulting,L6,Senior (L5-L6),Bengaluru,Man,South,Tier 2,Job portal,3.0,3,6823000.0,0.853,Below band,40,0.87,0.03234068225571474,0.12475247524752475,Low,pay below market
E102511,Quality Engineering,L2,Junior (L1-L2),Bengaluru,Woman,East,Tier 3,Job portal,3.0,4,861000.0,0.884,Below band,50,0.86,0.11918076220952921,0.8142574257425742,Medium,"pay below market, falling rating"
E102512,Sales and Presales,L2,Junior (L1-L2),Bengaluru,Woman,Northeast,Tier 3,Agency,3.0,3,1029000.0,0.926,Within band,34,,0.09604098296559543,0.7001980198019802,Medium,pay below market
E102514,Corporate Functions,L2,Junior (L1-L2),Hyderabad,Man,Northeast,Tier 2,Job portal,3.0,3,813000.0,0.896,Below band,50,,0.12446992064200929,0.8392079207920792,Medium,"pay below market, slow pay growth"
E102515,Quality Engineering,L6,Senior (L5-L6),Bengaluru,Man,South,Tier 2,Job portal,3.0,3,5896000.0,0.881,Below band,83,0.7266666666666666,0.07252765072724485,0.5287128712871287,Low,"long commute, pay below market, low utilisation"
E102516,Sales and Presales,L3,Mid (L3-L4),Bengaluru,Man,South,Tier 1,Job portal,3.0,3,2014000.0,1.036,Within band,113,,0.12991304469259937,0.8617821782178218,Medium,"long commute, slow pay growth"
E102518,Corporate Functions,L3,Mid (L3-L4),Bengaluru,Man,South,Tier 2,Job portal,3.0,3,1417000.0,0.85,Below band,25,,0.13400471006570513,0.8728712871287129,Medium,pay below market
E102519,Data and Analytics,L1,Junior (L1-L2),Bengaluru,Man,South,Tier 3,Agency,3.0,3,643000.0,0.964,Within band,58,0.7866666666666667,0.11981510138148652,0.8158415841584158,Medium,"low utilisation, slow pay growth"
E102520,Cloud and Infrastructure,L2,Junior (L1-L2),Bengaluru,Man,South,Tier 2,Job portal,3.0,3,1255000.0,1.098,Within band,51,0.71,0.08889299498511952,0.6554455445544555,Low,low utilisation
E102521,Delivery,L3,Mid (L3-L4),Hyderabad,Man,North,Tier 2,Rehire,3.0,5,1009000.0,0.572,Below band,49,0.8533333333333334,0.12430479698668312,0.8384158415841584,Medium,"pay below market, slow pay growth, falling rating"
E102528,Cloud and Infrastructure,L2,Junior (L1-L2),Hyderabad,Man,Northeast,Tier 2,Rehire,3.0,3,1034000.0,0.95,Within band,41,0.8566666666666666,0.1143715090652554,0.7928712871287129,Medium,"slow pay growth, falling rating"
E102535,Quality Engineering,L2,Junior (L1-L2),Hyderabad,Woman,South,Tier 1,Referral,3.0,3,854000.0,0.921,Within band,44,0.75,0.14324298077290096,0.899009900990099,Medium,"low utilisation, pay below market"
E102539,Delivery,L2,Junior (L1-L2),Hyderabad,Woman,East,Tier 3,Referral,3.0,5,1093000.0,1.084,Within band,25,0.7566666666666667,0.09287766896352861,0.6788118811881189,Low,low utilisation
E102541,Data and Analytics,L3,Mid (L3-L4),Bengaluru,Man,South,Tier 2,Job portal,2.9,3,2247000.0,1.083,Within band,23,0.7966666666666667,0.145913037128322,0.9061386138613862,High,"slow pay growth, low utilisation, 1 to 3 years in"
E102543,Delivery,L2,Junior (L1-L2),Hyderabad,Man,East,Tier 2,Agency,2.9,2,1171000.0,1.162,Above band,24,0.8833333333333333,0.07414359619169704,0.542970297029703,Low,"slow pay growth, 1 to 3 years in"
E102544,Delivery,L3,Mid (L3-L4),Hyderabad,Woman,West,Tier 1,Referral,2.9,4,1935000.0,1.097,Within band,35,0.8266666666666667,0.0669354067526231,0.47168316831683166,Low,"1 to 3 years in, low utilisation"
E102545,Delivery,L1,Junior (L1-L2),Hyderabad,Man,South,Tier 2,Referral,2.9,4,461000.0,0.813,Below band,38,0.8333333333333334,0.15579186036506107,0.925940594059406,High,"pay below market, low utilisation, 1 to 3 years in"
E102547,Delivery,L2,Junior (L1-L2),Hyderabad,Man,South,Tier 3,Job portal,2.9,4,1080000.0,1.071,Within band,29,0.8733333333333334,0.055679681923309424,0.3568316831683168,Low,1 to 3 years in
E102548,Delivery,L3,Mid (L3-L4),Bengaluru,Man,East,Tier 2,Job portal,2.9,3,1973000.0,1.065,Within band,60,0.9,0.05979357683523899,0.39485148514851487,Low,"long commute, 1 to 3 years in"
E102549,Delivery,L2,Junior (L1-L2),Hyderabad,Man,West,Tier 2,Job portal,2.9,3,854000.0,0.847,Below band,48,0.9266666666666666,0.11319796321824979,0.7893069306930693,Medium,"pay below market, 1 to 3 years in"
E102550,Delivery,L3,Mid (L3-L4),Bengaluru,Man,South,Tier 2,Job portal,2.9,3,1618000.0,0.874,Below band,31,0.8533333333333332,0.20119866629699792,0.9738613861386138,High,"pay below market, slow pay growth, 1 to 3 years in"
E102551,Delivery,L3,Mid (L3-L4),Hyderabad,Man,South,Tier 3,Agency,2.9,1,1661000.0,0.942,Within band,45,0.8933333333333334,0.13426644057539408,0.8732673267326733,Medium,"slow pay growth, time on bench, pay below market"
E102553,Sales and Presales,L1,Junior (L1-L2),Bengaluru,Woman,East,Tier 3,Referral,2.9,2,591000.0,0.946,Within band,18,,0.10186361715117255,0.7338613861386138,Medium,"pay below market, slow pay growth, 1 to 3 years in"
E102555,Delivery,L3,Mid (L3-L4),Hyderabad,Woman,East,Tier 3,Agency,2.9,2,1876000.0,1.063,Within band,42,0.8833333333333333,0.10439892772319051,0.7461386138613861,Medium,"slow pay growth, 1 to 3 years in"
E102556,Corporate Functions,L2,Junior (L1-L2),Hyderabad,Man,South,Tier 3,Job portal,2.9,1,832000.0,0.917,Within band,47,,0.13924676633939895,0.8855445544554456,Medium,"slow pay growth, pay below market"
E102558,Delivery,L2,Junior (L1-L2),Hyderabad,Woman,East,Tier 2,Referral,2.9,5,952000.0,0.944,Within band,24,0.8166666666666665,0.15053951705403568,0.9140594059405941,High,"pay below market, low utilisation, 1 to 3 years in"
E102559,Quality Engineering,L2,Junior (L1-L2),Hyderabad,Man,South,Tier 2,Agency,2.9,4,1004000.0,1.083,Within band,31,0.8333333333333334,0.07589806688644726,0.5615841584158416,Low,"1 to 3 years in, falling rating, low utilisation"
E102560,Delivery,L6,Senior (L5-L6),Bengaluru,Woman,South,Tier 3,Referral,2.9,4,8540000.0,1.174,Above band,87,0.8233333333333333,0.06047135753984139,0.4027722772277228,Low,"long commute, 1 to 3 years in"
E102561,Cloud and Infrastructure,L3,Mid (L3-L4),Hyderabad,Man,North,Tier 3,Referral,2.9,4,2264000.0,1.188,Above band,36,0.86,0.05590318298199303,0.3596039603960396,Low,1 to 3 years in
E102562,Quality Engineering,L2,Junior (L1-L2),Bengaluru,Man,South,Tier 2,Referral,2.9,3,898000.0,0.922,Within band,75,0.91,0.13887285303542665,0.8823762376237624,Medium,"slow pay growth, pay below market, low utilisation"
E102563,Delivery,L2,Junior (L1-L2),Hyderabad,Woman,North,Tier 3,Rehire,2.9,4,902000.0,0.895,Below band,31,0.8466666666666667,0.14032445309214384,0.8879207920792079,Medium,"time on bench, pay below market, 1 to 3 years in"
E102565,Corporate Functions,L4,Mid (L3-L4),Bengaluru,Man,South,Tier 3,Referral,2.9,3,2654000.0,1.013,Within band,38,,0.0896358824367243,0.6601980198019802,Low,"slow pay growth, 1 to 3 years in"
E102566,Delivery,L4,Mid (L3-L4),Hyderabad,Woman,North,Tier 1,Referral,2.9,3,2549000.0,0.92,Within band,28,0.6333333333333333,0.14806740951868477,0.9085148514851485,High,"low utilisation, pay below market, time on bench"
E102567,Quality Engineering,L1,Junior (L1-L2),Hyderabad,Man,North,Tier 2,Job portal,2.9,3,537000.0,1.029,Within band,147,0.8700000000000001,0.1347569949146267,0.8744554455445545,Medium,"long commute, time on bench"
E102568,Quality Engineering,L2,Junior (L1-L2),Bengaluru,Woman,South,Tier 2,Job portal,2.9,3,949000.0,0.974,Within band,71,0.7833333333333332,0.1453803964914681,0.9041584158415842,High,"low utilisation, slow pay growth, 1 to 3 years in"
E102569,Delivery,L1,Junior (L1-L2),Hyderabad,Woman,East,Tier 2,Referral,2.9,3,594000.0,1.048,Within band,32,0.6900000000000001,0.11164610481633451,0.7801980198019802,Medium,"time on bench, low utilisation, 1 to 3 years in"
E102572,Delivery,L2,Junior (L1-L2),Hyderabad,Man,South,Tier 3,Referral,2.9,3,955000.0,0.947,Within band,33,0.1366666666666667,0.1389844980942693,0.8827722772277228,Medium,"low utilisation, time on bench, 1 to 3 years in"
E102573,Cloud and Infrastructure,L5,Senior (L5-L6),Hyderabad,Man,South,Tier 3,Job portal,2.9,3,4683000.0,1.012,Within band,44,0.8866666666666667,0.03549877439262569,0.15326732673267326,Low,1 to 3 years in
E102574,Delivery,L6,Senior (L5-L6),Bengaluru,Man,North,Tier 2,Agency,2.9,3,7873000.0,1.082,Within band,52,0.7066666666666667,0.07992140130726054,0.5900990099009901,Low,"low utilisation, slow pay growth"
E102575,Delivery,L3,Mid (L3-L4),Hyderabad,Man,South,Tier 2,Agency,2.9,3,1791000.0,1.015,Within band,74,0.8633333333333334,0.11838035498363234,0.8106930693069307,Medium,"slow pay growth, 1 to 3 years in, falling rating"
E102576,Delivery,L3,Mid (L3-L4),Hyderabad,Woman,South,Tier 2,Job portal,2.9,3,2057000.0,1.166,Above band,27,0.96,0.03959300588385424,0.19405940594059407,Low,""
E102578,Delivery,L3,Mid (L3-L4),Hyderabad,Woman,East,Tier 2,Job portal,2.8,1,1664000.0,0.943,Within band,31,0.84,0.12811836663350207,0.8558415841584158,Medium,"pay below market, slow pay growth, 1 to 3 years in"
E102579,Consulting,L4,Mid (L3-L4),Bengaluru,Man,East,Tier 2,Job portal,2.8,3,3458000.0,1.08,Within band,46,0.7799999999999999,0.05435184398119412,0.3413861386138614,Low,low utilisation
E102580,Sales and Presales,L1,Junior (L1-L2),Hyderabad,Man,North,Tier 3,Referral,2.8,3,538000.0,0.904,Within band,40,,0.08987597524203395,0.6617821782178218,Low,"pay below market, 1 to 3 years in"
E102581,Data and Analytics,L5,Senior (L5-L6),Hyderabad,Man,South,Tier 2,Agency,2.8,3,4532000.0,0.945,Within band,18,0.8566666666666666,0.0772397369723127,0.5714851485148514,Low,"1 to 3 years in, time on bench, pay below market"
E102585,Data and Analytics,L3,Mid (L3-L4),Hyderabad,Man,East,Tier 3,Job portal,2.8,5,1338000.0,0.677,Below band,35,0.9766666666666666,0.045175421813592166,0.2506930693069307,Low,"pay below market, 1 to 3 years in"
E102587,Delivery,L4,Mid (L3-L4),Hyderabad,Woman,South,Tier 3,Job portal,2.8,5,2477000.0,0.894,Below band,67,0.88,0.09226296210538035,0.6740594059405941,Low,"pay below market, long commute, slow pay growth"
E102588,Quality Engineering,L1,Junior (L1-L2),Hyderabad,Woman,South,Tier 2,Job portal,2.8,4,563000.0,1.079,Within band,20,0.7666666666666666,0.07095586346893787,0.5128712871287129,Low,low utilisation
E102589,Cloud and Infrastructure,L3,Mid (L3-L4),Hyderabad,Woman,East,Tier 2,Job portal,2.8,2,1842000.0,0.967,Within band,100,0.8866666666666667,0.11736401769029421,0.8035643564356436,Medium,"long commute, 1 to 3 years in, falling rating"
E102590,Data and Analytics,L4,Mid (L3-L4),Hyderabad,Man,Northeast,Tier 3,Job portal,2.8,3,2937000.0,0.946,Within band,85,0.84,0.140981347001992,0.8895049504950495,Medium,"1 to 3 years in, pay below market, long commute"
E102593,Data and Analytics,L2,Junior (L1-L2),Hyderabad,Woman,South,Tier 2,Job portal,2.8,3,1115000.0,0.988,Within band,60,0.8233333333333333,0.14269748031103371,0.8974257425742574,Medium,"1 to 3 years in, slow pay growth, long commute"
E102594,Quality Engineering,L3,Mid (L3-L4),Hyderabad,Man,East,Tier 3,Rehire,2.8,3,1717000.0,1.058,Within band,43,0.8733333333333332,0.0951661525789448,0.695049504950495,Low,"slow pay growth, 1 to 3 years in"
E102596,Delivery,L3,Mid (L3-L4),Hyderabad,Woman,South,Tier 2,Referral,2.8,3,2069000.0,1.173,Above band,30,0.86,0.04282373166510604,0.22574257425742575,Low,""
E102599,Cloud and Infrastructure,L3,Mid (L3-L4),Bengaluru,Man,Northeast,Tier 1,Job portal,2.8,1,2254000.0,1.127,Above band,64,0.9,0.09796841500339762,0.7112871287128713,Medium,"slow pay growth, long commute, 1 to 3 years in"
E102600,Quality Engineering,L2,Junior (L1-L2),Bengaluru,Woman,North,Tier 3,Agency,2.8,5,919000.0,0.944,Within band,63,0.88,0.0816394656892153,0.6051485148514851,Low,"long commute, pay below market, 1 to 3 years in"
E102601,Delivery,L3,Mid (L3-L4),Hyderabad,Man,South,Tier 3,Agency,2.8,3,1444000.0,0.819,Below band,82,0.87,0.17837559613117407,0.956039603960396,High,"pay below market, 1 to 3 years in, long commute"
E102602,Cloud and Infrastructure,L4,Mid (L3-L4),Hyderabad,Man,South,Tier 3,Agency,2.8,2,2781000.0,0.929,Within band,28,0.8766666666666666,0.09478101834577882,0.6914851485148514,Low,"slow pay growth, pay below market"
E102603,Cloud and Infrastructure,L1,Junior (L1-L2),Hyderabad,Man,South,Tier 3,Referral,2.8,3,640000.0,1.046,Within band,90,0.8666666666666667,0.08311545467219186,0.6134653465346535,Low,"long commute, 1 to 3 years in"
E102604,Data and Analytics,L2,Junior (L1-L2),Hyderabad,Woman,North,Tier 2,Agency,2.8,3,1129000.0,1.0,Within band,36,0.8933333333333332,0.12426010227548491,0.838019801980198,Medium,"slow pay growth, 1 to 3 years in, falling rating"
E102605,Delivery,L3,Mid (L3-L4),Hyderabad,Man,South,Tier 1,Referral,2.8,3,1666000.0,0.944,Within band,72,0.4533333333333333,0.17918459526855457,0.9576237623762376,High,"low utilisation, pay below market, time on bench"
E102607,Cloud and Infrastructure,L3,Mid (L3-L4),Hyderabad,Woman,Northeast,Tier 3,Job portal,2.8,3,1019000.0,0.535,Below band,37,0.8966666666666666,0.09074008681284366,0.6673267326732674,Low,"1 to 3 years in, pay below market"
E102609,Cloud and Infrastructure,L2,Junior (L1-L2),Hyderabad,Man,North,Tier 3,Referral,2.8,5,1086000.0,0.998,Within band,66,0.9133333333333334,0.09556782909811994,0.697029702970297,Low,"long commute, 1 to 3 years in, time on bench"
E102610,Quality Engineering,L3,Mid (L3-L4),Hyderabad,Man,South,Tier 3,Referral,2.8,4,1121000.0,0.691,Below band,34,0.7766666666666667,0.17993846173612404,0.9584158415841584,High,"pay below market, low utilisation, 1 to 3 years in"
E102612,Delivery,L1,Junior (L1-L2),Bengaluru,Woman,South,Tier 2,Referral,2.8,3,546000.0,0.918,Within band,66,0.7166666666666667,0.1526545318168108,0.9203960396039604,High,"low utilisation, pay below market, 1 to 3 years in"
E102613,Sales and Presales,L1,Junior (L1-L2),Hyderabad,Woman,South,Tier 2,Job portal,2.8,3,596000.0,1.002,Within band,23,,0.08585691557711565,0.6344554455445545,Low,"1 to 3 years in, slow pay growth"
E102618,Cloud and Infrastructure,L5,Senior (L5-L6),Hyderabad,Woman,South,Tier 2,Job portal,2.8,3,4028000.0,0.871,Below band,24,0.85,0.07981042633509763,0.5897029702970297,Low,"pay below market, 1 to 3 years in, slow pay growth"
E102621,Cloud and Infrastructure,L2,Junior (L1-L2),Hyderabad,Man,South,Tier 2,Referral,2.8,4,1026000.0,0.943,Within band,67,0.7833333333333333,0.1580792671661749,0.9295049504950496,High,"low utilisation, pay below market, 1 to 3 years in"
E102622,Delivery,L2,Junior (L1-L2),Bengaluru,Man,South,Tier 3,Referral,2.8,3,1203000.0,1.137,Above band,54,0.8633333333333333,0.09094140174746841,0.6681188118811882,Low,"slow pay growth, long commute, 1 to 3 years in"
E102623,Corporate Functions,L4,Mid (L3-L4),Bengaluru,Man,South,Tier 3,Job portal,2.8,4,3299000.0,1.26,Above band,70,,0.0475198664681653,0.27722772277227725,Low,long commute
E102624,Delivery,L1,Junior (L1-L2),Hyderabad,Woman,South,Tier 1,Job portal,2.8,3,570000.0,1.005,Within band,78,0.93,0.0992508459571563,0.7172277227722772,Medium,"long commute, 1 to 3 years in"
E102625,Quality Engineering,L2,Junior (L1-L2),Hyderabad,Woman,South,Tier 3,Job portal,2.8,2,759000.0,0.819,Below band,67,0.7866666666666667,0.27691700165129385,0.9968316831683168,High,"pay below market, 1 to 3 years in, low utilisation"
E102635,Sales and Presales,L1,Junior (L1-L2),Bengaluru,Man,South,Tier 1,Rehire,2.8,4,734000.0,1.174,Above band,62,,0.0851569524873349,0.6285148514851485,Low,"long commute, 1 to 3 years in"
E102636,Delivery,L3,Mid (L3-L4),Hyderabad,Man,South,Tier 3,Agency,2.8,3,1889000.0,1.071,Within band,29,0.8266666666666667,0.06364972118435014,0.4384158415841584,Low,"1 to 3 years in, low utilisation"
E102639,Cloud and Infrastructure,L2,Junior (L1-L2),Bengaluru,Man,South,Tier 3,Referral,2.8,4,1221000.0,1.068,Within band,19,0.8366666666666666,0.06493486646561401,0.4487128712871287,Low,1 to 3 years in
E102641,Delivery,L2,Junior (L1-L2),Hyderabad,Man,South,Tier 2,Referral,2.8,3,1140000.0,1.131,Above band,25,0.9466666666666667,0.039419185519412175,0.19247524752475248,Low,""
E102645,Sales and Presales,L4,Mid (L3-L4),Bengaluru,Woman,South,Tier 3,Job portal,2.7,4,3217000.0,1.053,Within band,56,,0.05554249519028976,0.35524752475247523,Low,1 to 3 years in
E102646,Data and Analytics,L3,Mid (L3-L4),Hyderabad,Man,South,Tier 3,Rehire,2.7,4,2218000.0,1.123,Above band,31,0.91,0.0435004816208364,0.23524752475247523,Low,1 to 3 years in
E102647,Cloud and Infrastructure,L3,Mid (L3-L4),Bengaluru,Man,South,Tier 2,Job portal,2.7,4,2175000.0,1.088,Within band,37,0.13,0.08752047891351007,0.6447524752475248,Low,low utilisation
E102648,Delivery,L4,Mid (L3-L4),Hyderabad,Man,South,Tier 2,Referral,2.7,1,3156000.0,1.139,Above band,25,0.15666666666666665,0.06630550447015394,0.46613861386138616,Low,"slow pay growth, low utilisation"
E102650,Cloud and Infrastructure,L4,Mid (L3-L4),Bengaluru,Man,South,Tier 2,Job portal,2.7,3,2194000.0,0.698,Below band,66,0.8166666666666665,0.174124918998909,0.95009900990099,High,"pay below market, 1 to 3 years in, low utilisation"
E102653,Delivery,L4,Mid (L3-L4),Bengaluru,Man,South,Tier 3,Job portal,2.7,3,3057000.0,1.051,Within band,54,0.7933333333333333,0.07018436909754508,0.5057425742574257,Low,"low utilisation, slow pay growth"
E102657,Cloud and Infrastructure,L2,Junior (L1-L2),Hyderabad,Man,Northeast,Tier 3,Job portal,2.7,3,1150000.0,1.057,Within band,38,0.81,0.0734598732424713,0.5350495049504951,Low,"1 to 3 years in, low utilisation"
E102658,Corporate Functions,L4,Mid (L3-L4),Hyderabad,Man,East,Tier 2,Job portal,2.7,4,1976000.0,0.792,Below band,48,,0.12110179115721788,0.8209900990099009,Medium,"pay below market, 1 to 3 years in, slow pay growth"
E102659,Corporate Functions,L3,Mid (L3-L4),Hyderabad,Man,East,Tier 2,Job portal,2.7,4,1727000.0,1.088,Within band,56,,0.06564812641278936,0.460990099009901,Low,1 to 3 years in
E102660,Quality Engineering,L2,Junior (L1-L2),Bengaluru,Man,South,Tier 1,Referral,2.7,3,873000.0,0.896,Below band,46,0.8300000000000001,0.1751845594130257,0.9512871287128712,High,"pay below market, low utilisation, slow pay growth"
E102663,Quality Engineering,L2,Junior (L1-L2),Hyderabad,Man,South,Tier 1,Agency,2.7,3,1101000.0,1.188,Above band,39,0.9166666666666666,0.03702723644533139,0.16871287128712872,Low,""
E102664,Delivery,L2,Junior (L1-L2),Hyderabad,Man,South,Tier 2,Job portal,2.7,4,1211000.0,1.201,Above band,32,0.9,0.045864639477157444,0.2586138613861386,Low,""
E102666,Delivery,L3,Mid (L3-L4),Hyderabad,Man,South,Tier 3,Job portal,2.7,3,1841000.0,1.044,Within band,45,0.8766666666666666,0.082101266419791,0.6055445544554455,Low,"slow pay growth, 1 to 3 years in"
E102668,Consulting,L1,Junior (L1-L2),Bengaluru,Woman,East,Tier 2,Job portal,2.7,3,652000.0,0.995,Within band,35,0.9433333333333334,0.04655223313705319,0.26455445544554457,Low,"1 to 3 years in, slow pay growth"
E102669,Cloud and Infrastructure,L2,Junior (L1-L2),Hyderabad,Woman,South,Tier 1,Rehire,2.7,1,884000.0,0.813,Below band,57,0.9033333333333333,0.16910135342723226,0.9437623762376237,High,"pay below market, slow pay growth, 1 to 3 years in"
E102670,Data and Analytics,L3,Mid (L3-L4),Hyderabad,Man,South,Tier 2,Agency,2.7,3,2553000.0,1.293,Above band,18,0.9266666666666667,0.05498631139116784,0.3493069306930693,Low,"slow pay growth, 1 to 3 years in"
E102671,Delivery,L1,Junior (L1-L2),Bengaluru,Man,South,Tier 2,Referral,2.7,3,634000.0,1.066,Within band,54,0.88,0.043348053790373785,0.23287128712871288,Low,""
E102672,Delivery,L3,Mid (L3-L4),Bengaluru,Man,Northeast,Tier 3,Referral,2.7,3,1907000.0,1.03,Within band,74,0.8166666666666668,0.09376093528064822,0.683960396039604,Low,"1 to 3 years in, long commute"
E102673,Delivery,L1,Junior (L1-L2),Bengaluru,Woman,North,Tier 2,Referral,2.7,2,552000.0,0.928,Within band,73,0.81,0.14936761881944935,0.9124752475247525,High,"pay below market, low utilisation, 1 to 3 years in"
E102674,Delivery,L3,Mid (L3-L4),Hyderabad,Man,South,Tier 3,Referral,2.7,4,1157000.0,0.656,Below band,21,0.8933333333333332,0.10029905024997224,0.7267326732673267,Medium,"pay below market, 1 to 3 years in"
E102675,Delivery,L3,Mid (L3-L4),Hyderabad,Woman,North,Tier 2,Referral,2.7,3,1265000.0,0.717,Below band,60,0.8666666666666667,0.15465070929012525,0.923960396039604,High,"pay below market, 1 to 3 years in, long commute"
E102676,Quality Engineering,L3,Mid (L3-L4),Hyderabad,Man,South,Tier 1,Rehire,2.6,3,1582000.0,0.975,Within band,52,0.7666666666666666,0.12205741914870033,0.8277227722772277,Medium,"low utilisation, 1 to 3 years in"
E102677,Delivery,L1,Junior (L1-L2),Hyderabad,Woman,South,Tier 1,Campus,2.6,3,554000.0,0.977,Within band,40,0.10000000000000002,0.10987588072937644,0.7702970297029703,Medium,"low utilisation, 1 to 3 years in"
E102679,Delivery,L1,Junior (L1-L2),Bengaluru,Man,South,Tier 2,Campus,2.6,3,708000.0,1.19,Above band,66,0.5666666666666667,0.0707694012339559,0.5112871287128713,Low,"low utilisation, slow pay growth, long commute"
E102680,Delivery,L2,Junior (L1-L2),Bengaluru,Man,South,Tier 3,Campus,2.6,4,679000.0,0.642,Below band,67,0.8833333333333333,0.1670494504347417,0.9405940594059405,High,"pay below market, 1 to 3 years in, long commute"
E102683,Delivery,L1,Junior (L1-L2),Hyderabad,Man,South,Tier 3,Campus,2.6,2,544000.0,0.959,Within band,90,0.11333333333333333,0.23306780386104772,0.9889108910891089,High,"time on bench, low utilisation, slow pay growth"
E102685,Sales and Presales,L1,Junior (L1-L2),Bengaluru,Woman,West,Tier 2,Campus,2.6,3,531000.0,0.85,Below band,88,,0.24182468290850584,0.9920792079207921,High,"pay below market, 1 to 3 years in, long commute"
E102686,Delivery,L1,Junior (L1-L2),Hyderabad,Man,East,Tier 2,Campus,2.6,4,543000.0,0.958,Within band,105,0.8766666666666666,0.09937395025254692,0.7192079207920792,Medium,"long commute, 1 to 3 years in"
E102687,Quality Engineering,L2,Junior (L1-L2),Hyderabad,Man,South,Tier 3,Campus,2.6,4,482000.0,0.52,Below band,39,0.88,0.07712446408530917,0.5695049504950495,Low,"pay below market, 1 to 3 years in"
E102689,Delivery,L1,Junior (L1-L2),Hyderabad,Man,North,Tier 2,Campus,2.6,3,628000.0,1.108,Above band,38,0.8666666666666667,0.061036331661288586,0.4071287128712871,Low,"time on bench, slow pay growth, 1 to 3 years in"
E102697,Delivery,L2,Junior (L1-L2),Bengaluru,Man,South,Tier 3,Campus,2.6,5,626000.0,0.592,Below band,64,0.9066666666666667,0.11530546929539177,0.7976237623762377,Medium,"pay below market, 1 to 3 years in, long commute"
E102699,Delivery,L1,Junior (L1-L2),Bengaluru,Man,East,Tier 2,Campus,2.6,3,619000.0,1.04,Within band,43,0.8333333333333334,0.07556956831013044,0.5560396039603961,Low,"1 to 3 years in, low utilisation"
E102700,Delivery,L1,Junior (L1-L2),Hyderabad,Woman,West,Tier 2,Campus,2.6,3,547000.0,0.965,Within band,28,0.9633333333333333,0.048708509531732336,0.2899009900990099,Low,1 to 3 years in
E102702,Delivery,L1,Junior (L1-L2),Bengaluru,Man,East,Tier 2,Campus,2.6,2,668000.0,1.123,Above band,66,0.88,0.07406113715079113,0.540990099009901,Low,"slow pay growth, long commute, 1 to 3 years in"
E102704,Delivery,L2,Junior (L1-L2),Bengaluru,Man,South,Tier 2,Campus,2.6,3,623000.0,0.589,Below band,88,0.82,0.23117840676048687,0.9881188118811881,High,"pay below market, 1 to 3 years in, long commute"
E102707,Delivery,L1,Junior (L1-L2),Hyderabad,Woman,South,Tier 2,Campus,2.6,2,519000.0,0.915,Within band,36,0.82,0.15419027231900503,0.9235643564356436,High,"pay below market, slow pay growth, low utilisation"
E102708,Delivery,L1,Junior (L1-L2),Bengaluru,Woman,South,Tier 2,Campus,2.6,3,587000.0,0.987,Within band,45,0.8133333333333334,0.09972789943481856,0.7223762376237624,Medium,"1 to 3 years in, low utilisation"
E102709,Consulting,L1,Junior (L1-L2),Hyderabad,Man,South,Tier 2,Campus,2.6,2,630000.0,1.01,Within band,52,0.93,0.06508018204254336,0.4510891089108911,Low,"time on bench, 1 to 3 years in"
E102711,Quality Engineering,L1,Junior (L1-L2),Hyderabad,Woman,North,Tier 2,Campus,2.6,3,439000.0,0.841,Below band,23,0.8433333333333334,0.1420338406560409,0.8950495049504951,Medium,"pay below market, 1 to 3 years in, time on bench"
E102712,Delivery,L1,Junior (L1-L2),Hyderabad,Man,South,Tier 3,Campus,2.6,3,563000.0,0.993,Within band,29,0.79,0.11667113858550834,0.801980198019802,Medium,"low utilisation, 1 to 3 years in, slow pay growth"
E102714,Delivery,L1,Junior (L1-L2),Hyderabad,Man,South,Tier 2,Campus,2.6,2,522000.0,0.921,Within band,39,0.81,0.13780880137905696,0.8792079207920792,Medium,"pay below market, low utilisation, 1 to 3 years in"
E102716,Data and Analytics,L1,Junior (L1-L2),Hyderabad,Man,South,Tier 2,Campus,2.6,5,651000.0,1.025,Within band,44,0.8999999999999999,0.05277410202715052,0.32633663366336635,Low,1 to 3 years in
E102717,Delivery,L1,Junior (L1-L2),Hyderabad,Woman,South,Tier 1,Campus,2.6,2,483000.0,0.852,Below band,50,0.91,0.15359979685195124,0.9215841584158416,High,"pay below market, slow pay growth, 1 to 3 years in"
E102718,Delivery,L1,Junior (L1-L2),Bengaluru,Woman,South,Tier 1,Campus,2.6,5,604000.0,1.015,Within band,68,0.8133333333333334,0.07589107254706803,0.5607920792079208,Low,"1 to 3 years in, long commute"
E102720,Delivery,L1,Junior (L1-L2),Hyderabad,Man,East,Tier 2,Campus,2.6,3,520000.0,0.917,Within band,11,0.8566666666666668,0.15910544459995823,0.92990099009901,High,"long commute, 1 to 3 years in, pay below market"
E102723,Delivery,L1,Junior (L1-L2),Bengaluru,Man,South,Tier 2,Campus,2.6,3,518000.0,0.871,Below band,49,0.86,0.21805276725827752,0.9821782178217822,High,"pay below market, 1 to 3 years in, time on bench"
E102725,Quality Engineering,L1,Junior (L1-L2),Hyderabad,Woman,South,Tier 2,Campus,2.6,3,489000.0,0.937,Within band,57,0.10000000000000002,0.2063137655404124,0.977029702970297,High,"time on bench, low utilisation, pay below market"
E102726,Cloud and Infrastructure,L1,Junior (L1-L2),Hyderabad,Man,West,Tier 2,Campus,2.6,4,643000.0,1.051,Within band,28,0.7933333333333333,0.06305500372070609,0.4312871287128713,Low,"low utilisation, slow pay growth"
E102727,Consulting,L1,Junior (L1-L2),Hyderabad,Man,South,Tier 3,Campus,2.6,3,692000.0,1.109,Above band,17,0.84,0.04389189549955067,0.2384158415841584,Low,""
E102728,Data and Analytics,L2,Junior (L1-L2),Bengaluru,Man,South,Tier 3,Campus,2.6,3,756000.0,0.638,Below band,31,0.7733333333333334,0.19855453014735433,0.9714851485148515,High,"pay below market, low utilisation, 1 to 3 years in"
E102731,Consulting,L1,Junior (L1-L2),Bengaluru,Man,West,Tier 3,Campus,2.6,2,496000.0,0.757,Below band,17,0.7966666666666667,0.15329989809717676,0.9211881188118812,High,"pay below market, low utilisation, 1 to 3 years in"
E102732,Delivery,L1,Junior (L1-L2),Bengaluru,Woman,South,Tier 2,Campus,2.6,3,553000.0,0.929,Within band,59,0.8633333333333333,0.1158203403788528,0.7996039603960396,Medium,"pay below market, slow pay growth, 1 to 3 years in"
E102734,Delivery,L1,Junior (L1-L2),Hyderabad,Woman,South,Tier 3,Campus,2.6,3,498000.0,0.878,Below band,49,0.7133333333333333,0.2037367594781265,0.975049504950495,High,"pay below market, low utilisation, 1 to 3 years in"
E102735,Delivery,L1,Junior (L1-L2),Bengaluru,Man,Northeast,Tier 2,Campus,2.6,1,539000.0,0.906,Within band,52,0.87,0.10351421602827948,0.7417821782178218,Medium,"pay below market, slow pay growth, 1 to 3 years in"
E102737,Delivery,L1,Junior (L1-L2),Hyderabad,Man,North,Tier 2,Campus,2.6,2,459000.0,0.81,Below band,54,0.88,0.1293003776358006,0.8605940594059406,Medium,"pay below market, 1 to 3 years in, slow pay growth"
E102739,Cloud and Infrastructure,L1,Junior (L1-L2),Bengaluru,Man,East,Tier 3,Campus,2.6,3,593000.0,0.922,Within band,85,0.13333333333333333,0.15753885588020786,0.9287128712871288,High,"low utilisation, pay below market, long commute"
E102742,Consulting,L1,Junior (L1-L2),Hyderabad,Man,South,Tier 2,Campus,2.6,2,569000.0,0.912,Within band,44,0.7999999999999999,0.11103613670390292,0.7766336633663367,Medium,"low utilisation, pay below market, 1 to 3 years in"
E102744,Quality Engineering,L2,Junior (L1-L2),Hyderabad,Man,South,Tier 2,Campus,2.6,4,540000.0,0.583,Below band,22,0.8533333333333334,0.15376144454246288,0.921980198019802,High,"pay below market, 1 to 3 years in, slow pay growth"
E102745,Delivery,L1,Junior (L1-L2),Hyderabad,Woman,East,Tier 3,Campus,2.6,3,516000.0,0.91,Within band,25,0.9866666666666667,0.015529373465346793,0.03643564356435643,Low,""
E102746,Delivery,L1,Junior (L1-L2),Hyderabad,Woman,South,Tier 2,Campus,2.6,4,507000.0,0.894,Below band,104,0.8266666666666667,0.1549029768225702,0.9243564356435644,High,"pay below market, low utilisation, long commute"
E102747,Delivery,L1,Junior (L1-L2),Bengaluru,Man,South,Tier 2,Campus,2.6,3,641000.0,1.077,Within band,150,0.8833333333333333,0.06248558610825668,0.42495049504950494,Low,long commute
E102749,Quality Engineering,L2,Junior (L1-L2),Bengaluru,Man,North,Tier 3,Campus,2.6,5,507000.0,0.521,Below band,20,0.7266666666666667,0.19822316495818515,0.9710891089108911,High,"pay below market, low utilisation, 1 to 3 years in"
E102751,Delivery,L1,Junior (L1-L2),Bengaluru,Woman,South,Tier 2,Campus,2.6,3,529000.0,0.889,Below band,35,0.8766666666666666,0.0737037029349294,0.5378217821782179,Low,"pay below market, 1 to 3 years in"
E102757,Sales and Presales,L1,Junior (L1-L2),Hyderabad,Man,South,Tier 3,Campus,2.6,3,597000.0,1.003,Within band,54,,0.08512274398415082,0.6277227722772277,Low,1 to 3 years in
E102758,Delivery,L2,Junior (L1-L2),Bengaluru,Man,South,Tier 2,Campus,2.6,5,602000.0,0.569,Below band,44,0.5933333333333334,0.15400535121354184,0.9223762376237624,High,"pay below market, low utilisation, 1 to 3 years in"
E102759,Delivery,L1,Junior (L1-L2),Hyderabad,Man,East,Tier 1,Campus,2.6,5,697000.0,1.229,Above band,55,0.9133333333333334,0.03610929008032759,0.1596039603960396,Low,""
E102760,Consulting,L2,Junior (L1-L2),Hyderabad,Man,South,Tier 3,Campus,2.6,4,573000.0,0.517,Below band,36,0.9,0.09265535823149411,0.6768316831683169,Low,"pay below market, 1 to 3 years in"
E102761,Delivery,L1,Junior (L1-L2),Bengaluru,Man,South,Tier 2,Campus,2.6,3,605000.0,1.017,Within band,37,0.8233333333333334,0.07357041750601465,0.5362376237623763,Low,"1 to 3 years in, low utilisation"
E102762,Delivery,L2,Junior (L1-L2),Bengaluru,Man,South,Tier 3,Campus,2.6,4,613000.0,0.579,Below band,50,0.9,0.11165182367333053,0.7805940594059406,Medium,"pay below market, 1 to 3 years in, falling rating"
E102764,Quality Engineering,L1,Junior (L1-L2),Hyderabad,Woman,South,Tier 3,Campus,2.6,3,395000.0,0.757,Below band,117,0.8666666666666667,0.20842617053764773,0.9786138613861386,High,"pay below market, long commute, 1 to 3 years in"
E102765,Consulting,L1,Junior (L1-L2),Hyderabad,Woman,West,Tier 2,Campus,2.6,3,655000.0,1.05,Within band,51,0.8633333333333333,0.051312137779309146,0.3116831683168317,Low,1 to 3 years in
E102766,Quality Engineering,L1,Junior (L1-L2),Hyderabad,Man,South,Tier 1,Campus,2.6,2,492000.0,0.943,Within band,34,0.9166666666666666,0.09946906585120183,0.7215841584158416,Medium,"slow pay growth, pay below market, 1 to 3 years in"
E102768,Quality Engineering,L2,Junior (L1-L2),Hyderabad,Man,North,Tier 3,Campus,2.6,5,562000.0,0.606,Below band,81,0.8533333333333334,0.24109450673065966,0.9916831683168317,High,"pay below market, long commute, 1 to 3 years in"
E102770,Delivery,L1,Junior (L1-L2),Hyderabad,Man,South,Tier 2,Campus,2.6,3,489000.0,0.862,Below band,57,0.9066666666666666,0.11152093174872514,0.7794059405940594,Medium,"pay below market, 1 to 3 years in"
E102771,Quality Engineering,L1,Junior (L1-L2),Hyderabad,Man,South,Tier 3,Campus,2.6,3,536000.0,1.027,Within band,24,0.84,0.06880682238228947,0.4906930693069307,Low,"slow pay growth, 1 to 3 years in"
E102774,Cloud and Infrastructure,L1,Junior (L1-L2),Bengaluru,Man,South,Tier 3,Campus,2.6,3,593000.0,0.922,Within band,36,0.11666666666666668,0.1510075767850857,0.9148514851485149,High,"low utilisation, pay below market, 1 to 3 years in"
E102776,Delivery,L2,Junior (L1-L2),Hyderabad,Man,North,Tier 2,Campus,2.6,4,562000.0,0.558,Below band,76,0.9033333333333333,0.136862762486566,0.878019801980198,Medium,"pay below market, 1 to 3 years in, long commute"
E102778,Delivery,L1,Junior (L1-L2),Bengaluru,Man,South,Tier 2,Campus,2.6,1,493000.0,0.829,Below band,60,0.9533333333333333,0.16079667965253847,0.9342574257425743,High,"pay below market, 1 to 3 years in, long commute"
E102779,Data and Analytics,L1,Junior (L1-L2),Bengaluru,Woman,South,Tier 2,Campus,2.6,3,535000.0,0.802,Below band,37,0.6433333333333333,0.1934820079362066,0.9683168316831683,High,"pay below market, low utilisation, 1 to 3 years in"
E102781,Delivery,L1,Junior (L1-L2),Bengaluru,Woman,East,Tier 3,Campus,2.6,3,479000.0,0.805,Below band,58,0.8266666666666667,0.19687549222708595,0.9699009900990099,High,"pay below market, 1 to 3 years in, low utilisation"
E102784,Delivery,L1,Junior (L1-L2),Bengaluru,Man,Northeast,Tier 3,Campus,2.6,4,673000.0,1.131,Above band,61,0.9266666666666666,0.050638710499538574,0.3069306930693069,Low,long commute
E102785,Delivery,L1,Junior (L1-L2),Hyderabad,Woman,East,Tier 2,Campus,2.6,3,511000.0,0.901,Within band,70,0.82,0.14191226989225447,0.8942574257425743,Medium,"pay below market, low utilisation, 1 to 3 years in"
E102786,Delivery,L2,Junior (L1-L2),Hyderabad,Man,East,Tier 3,Campus,2.6,3,596000.0,0.591,Below band,51,0.82,0.1450290157543417,0.902970297029703,High,"pay below market, low utilisation, 1 to 3 years in"
E102787,Delivery,L1,Junior (L1-L2),Bengaluru,Woman,East,Tier 2,Campus,2.6,3,594000.0,0.998,Within band,51,0.8633333333333333,0.07809908155000153,0.5786138613861386,Low,1 to 3 years in
E102788,Delivery,L1,Junior (L1-L2),Bengaluru,Man,South,Tier 3,Campus,2.6,3,628000.0,1.055,Within band,51,0.89,0.04563554748336156,0.25564356435643565,Low,""
E102791,Sales and Presales,L1,Junior (L1-L2),Hyderabad,Man,East,Tier 2,Campus,2.6,2,594000.0,0.998,Within band,12,,0.09250562350442129,0.6756435643564357,Low,"1 to 3 years in, slow pay growth"
E102792,Cloud and Infrastructure,L2,Junior (L1-L2),Bengaluru,Man,West,Tier 2,Campus,2.6,3,752000.0,0.658,Below band,78,0.8533333333333334,0.26329372369336795,0.9956435643564356,High,"long commute, pay below market, 1 to 3 years in"
E102794,Delivery,L1,Junior (L1-L2),Hyderabad,Man,North,Tier 3,Campus,2.6,2,442000.0,0.78,Below band,40,0.9333333333333332,0.12660792742061894,0.8499009900990099,Medium,"pay below market, slow pay growth, 1 to 3 years in"
E102795,Cloud and Infrastructure,L1,Junior (L1-L2),Bengaluru,Man,Northeast,Tier 2,Campus,2.6,4,650000.0,1.011,Within band,33,0.08,0.09621292314316823,0.7013861386138613,Medium,"low utilisation, 1 to 3 years in"
E102796,Delivery,L2,Junior (L1-L2),Bengaluru,Woman,South,Tier 3,Campus,2.6,5,600000.0,0.567,Below band,53,0.8466666666666667,0.12269169456858027,0.8297029702970297,Medium,"pay below market, 1 to 3 years in, slow pay growth"
E102797,Data and Analytics,L1,Junior (L1-L2),Bengaluru,Woman,South,Tier 3,Campus,2.6,4,604000.0,0.906,Within band,37,0.9033333333333333,0.07661488053273909,0.5659405940594059,Low,"pay below market, 1 to 3 years in"
E102801,Cloud and Infrastructure,L1,Junior (L1-L2),Hyderabad,Woman,South,Tier 1,Campus,2.6,3,498000.0,0.814,Below band,31,0.15,0.19933036157244474,0.9722772277227723,High,"pay below market, low utilisation, 1 to 3 years in"
E102804,Delivery,L1,Junior (L1-L2),Hyderabad,Man,North,Tier 2,Campus,2.6,3,534000.0,0.942,Within band,52,0.8266666666666667,0.13910420837856888,0.8845544554455446,Medium,"pay below market, low utilisation, 1 to 3 years in"
E102805,Sales and Presales,L2,Junior (L1-L2),Bengaluru,Woman,South,Tier 2,Campus,2.6,5,703000.0,0.633,Below band,32,,0.12804140858186377,0.855049504950495,Medium,"pay below market, 1 to 3 years in, falling rating"
E102806,Delivery,L1,Junior (L1-L2),Bengaluru,Man,North,Tier 3,Campus,2.6,3,762000.0,1.281,Above band,75,0.9,0.05570224405494065,0.3576237623762376,Low,"slow pay growth, 1 to 3 years in"
E102811,Cloud and Infrastructure,L1,Junior (L1-L2),Hyderabad,Man,North,Tier 3,Campus,2.6,3,696000.0,1.137,Above band,32,0.8466666666666667,0.05751366114215923,0.3778217821782178,Low,"time on bench, 1 to 3 years in"
E102812,Cloud and Infrastructure,L1,Junior (L1-L2),Hyderabad,Man,South,Tier 2,Campus,2.6,3,647000.0,1.057,Within band,29,0.8166666666666668,0.06389085693663028,0.4407920792079208,Low,"1 to 3 years in, low utilisation"
E102814,Delivery,L1,Junior (L1-L2),Bengaluru,Woman,South,Tier 3,Campus,2.6,2,596000.0,1.002,Within band,76,0.7533333333333333,0.12198910552181733,0.8273267326732673,Medium,"low utilisation, 1 to 3 years in, slow pay growth"
E102815,Delivery,L1,Junior (L1-L2),Bengaluru,Man,South,Tier 1,Campus,2.6,3,699000.0,1.175,Above band,48,0.8566666666666666,0.044867771814773326,0.2499009900990099,Low,""
E102816,Data and Analytics,L2,Junior (L1-L2),Bengaluru,Woman,West,Tier 2,Campus,2.6,4,766000.0,0.646,Below band,78,0.9933333333333333,0.05512923361788056,0.3500990099009901,Low,"pay below market, long commute, 1 to 3 years in"
E102821,Delivery,L2,Junior (L1-L2),Hyderabad,Woman,East,Tier 2,Campus,2.6,5,614000.0,0.609,Below band,19,0.8766666666666666,0.12175245004818934,0.8265346534653465,Medium,"pay below market, 1 to 3 years in, slow pay growth"
E102822,Quality Engineering,L1,Junior (L1-L2),Hyderabad,Woman,South,Tier 2,Campus,2.6,3,515000.0,0.987,Within band,48,0.8300000000000001,0.10075994507053232,0.7291089108910891,Medium,"1 to 3 years in, low utilisation"
E102824,Data and Analytics,L1,Junior (L1-L2),Hyderabad,Man,South,Tier 3,Campus,2.6,3,641000.0,1.009,Within band,44,0.9566666666666667,0.05452751460934782,0.34376237623762373,Low,1 to 3 years in
E102825,Consulting,L1,Junior (L1-L2),Bengaluru,Man,South,Tier 3,Campus,2.6,3,680000.0,1.038,Within band,59,0.91,0.06150309185284368,0.41465346534653463,Low,"long commute, 1 to 3 years in"
E102826,Quality Engineering,L1,Junior (L1-L2),Hyderabad,Man,Northeast,Tier 2,Campus,2.6,3,496000.0,0.95,Within band,33,0.7233333333333333,0.1057462156121756,0.7516831683168317,Medium,"low utilisation, 1 to 3 years in"
E102828,Cloud and Infrastructure,L1,Junior (L1-L2),Hyderabad,Man,South,Tier 3,Campus,2.6,3,688000.0,1.124,Above band,93,0.39999999999999997,0.12134166054366596,0.8245544554455445,Medium,"long commute, low utilisation, time on bench"
E102830,Delivery,L1,Junior (L1-L2),Hyderabad,Woman,Northeast,Tier 3,Campus,2.6,3,529000.0,0.933,Within band,54,0.83,0.13910420837856888,0.8845544554455446,Medium,"pay below market, low utilisation, 1 to 3 years in"
E102832,Delivery,L1,Junior (L1-L2),Bengaluru,Woman,West,Tier 2,Campus,2.6,2,520000.0,0.874,Below band,138,0.8533333333333334,0.19593913400321855,0.9691089108910891,High,"pay below market, 1 to 3 years in, long commute"
E102836,Delivery,L1,Junior (L1-L2),Hyderabad,Woman,North,Tier 2,Campus,2.6,4,593000.0,1.046,Within band,62,0.8566666666666668,0.08514480920353187,0.6281188118811881,Low,"long commute, 1 to 3 years in"
E102837,Delivery,L2,Junior (L1-L2),Bengaluru,Man,South,Tier 2,Campus,2.6,3,512000.0,0.484,Below band,35,0.9466666666666667,0.08752867773968277,0.6451485148514852,Low,"pay below market, 1 to 3 years in"
E102838,Delivery,L1,Junior (L1-L2),Hyderabad,Man,South,Tier 1,Campus,2.6,4,481000.0,0.848,Below band,20,0.7933333333333333,0.22143701290124115,0.9837623762376237,High,"pay below market, low utilisation, 1 to 3 years in"
E102839,Sales and Presales,L1,Junior (L1-L2),Bengaluru,Man,South,Tier 1,Campus,2.6,3,655000.0,1.048,Within band,30,,0.06779660357909364,0.4807920792079208,Low,1 to 3 years in
E102840,Quality Engineering,L1,Junior (L1-L2),Hyderabad,Man,West,Tier 1,Campus,2.6,5,612000.0,1.172,Above band,37,0.7966666666666667,0.05046142316633735,0.30495049504950494,Low,""
E102853,Quality Engineering,L2,Junior (L1-L2),Hyderabad,Woman,North,Tier 2,Campus,2.6,4,635000.0,0.685,Below band,26,0.8700000000000001,0.12832931826576657,0.8574257425742574,Medium,"pay below market, 1 to 3 years in"
E102854,Delivery,L1,Junior (L1-L2),Hyderabad,Woman,South,Tier 2,Campus,2.6,2,570000.0,1.005,Within band,67,0.88,0.08241453571197001,0.6087128712871287,Low,"1 to 3 years in, slow pay growth, long commute"
E102855,Delivery,L1,Junior (L1-L2),Hyderabad,Man,South,Tier 2,Campus,2.6,4,557000.0,0.982,Within band,42,0.9066666666666667,0.06467688357814011,0.44554455445544555,Low,1 to 3 years in
E102857,Delivery,L1,Junior (L1-L2),Hyderabad,Woman,East,Tier 2,Campus,2.6,3,500000.0,0.882,Below band,47,0.9366666666666666,0.08652308185261878,0.6388118811881188,Low,"pay below market, 1 to 3 years in"
E102858,Quality Engineering,L1,Junior (L1-L2),Hyderabad,Woman,East,Tier 2,Campus,2.6,3,548000.0,1.05,Within band,50,0.8933333333333334,0.04563554748336156,0.25564356435643565,Low,""
E102861,Quality Engineering,L6,Senior (L5-L6),Bengaluru,Man,Northeast,Tier 2,Referral,2.6,5,7648000.0,1.143,Above band,34,0.9533333333333333,0.02298475324867643,0.06297029702970297,Low,""
E102862,Data and Analytics,L3,Mid (L3-L4),Hyderabad,Man,East,Tier 1,Referral,2.6,3,1159000.0,0.587,Below band,36,0.8866666666666667,0.08698407862956159,0.6415841584158416,Low,"1 to 3 years in, pay below market"
E102864,Delivery,L3,Mid (L3-L4),Hyderabad,Man,South,Tier 2,Referral,2.6,3,1720000.0,0.975,Within band,16,0.8066666666666666,0.12754344528409636,0.8526732673267327,Medium,"1 to 3 years in, slow pay growth, falling rating"
E102866,Data and Analytics,L4,Mid (L3-L4),Hyderabad,Man,South,Tier 1,Referral,2.6,3,3355000.0,1.081,Within band,31,0.10333333333333333,0.06792079919561553,0.48198019801980196,Low,"low utilisation, 1 to 3 years in"
E102867,Sales and Presales,L4,Mid (L3-L4),Hyderabad,Man,West,Tier 2,Referral,2.6,3,3389000.0,1.165,Above band,55,,0.035270298349324256,0.15128712871287128,Low,""
E102868,Data and Analytics,L3,Mid (L3-L4),Hyderabad,Man,North,Tier 3,Job portal,2.6,3,2482000.0,1.257,Above band,64,0.8366666666666666,0.057502032202791875,0.37702970297029703,Low,"long commute, 1 to 3 years in"
E102869,Sales and Presales,L4,Mid (L3-L4),Bengaluru,Man,South,Tier 2,Agency,2.6,3,3198000.0,1.047,Within band,18,,0.05986914239285209,0.39643564356435645,Low,1 to 3 years in
E102871,Quality Engineering,L5,Senior (L5-L6),Hyderabad,Man,South,Tier 3,Job portal,2.6,3,3529000.0,0.896,Below band,18,0.8966666666666666,0.047730361345282545,0.2807920792079208,Low,"1 to 3 years in, pay below market"
E102872,Delivery,L3,Mid (L3-L4),Bengaluru,Man,South,Tier 2,Agency,2.6,3,1555000.0,0.84,Below band,59,0.82,0.22599763183461333,0.9853465346534653,High,"pay below market, 1 to 3 years in, low utilisation"
E102873,Cloud and Infrastructure,L4,Mid (L3-L4),Bengaluru,Man,West,Tier 2,Referral,2.6,5,2140000.0,0.681,Below band,46,0.8433333333333334,0.129134271267203,0.859009900990099,Medium,"pay below market, 1 to 3 years in, slow pay growth"
E102874,Quality Engineering,L2,Junior (L1-L2),Hyderabad,Man,South,Tier 3,Referral,2.6,4,960000.0,1.036,Within band,33,0.86,0.07920551723401657,0.5845544554455445,Low,1 to 3 years in
E102875,Delivery,L3,Mid (L3-L4),Hyderabad,Man,South,Tier 3,Job portal,2.6,4,2324000.0,1.317,Above band,61,0.8066666666666666,0.05849284502107643,0.38495049504950496,Low,"long commute, 1 to 3 years in"
E102876,Delivery,L3,Mid (L3-L4),Hyderabad,Woman,West,Tier 1,Job portal,2.6,3,1700000.0,0.964,Within band,65,0.9433333333333334,0.07806958352055336,0.5782178217821782,Low,"long commute, 1 to 3 years in"
E102877,Consulting,L3,Mid (L3-L4),Bengaluru,Woman,West,Tier 3,Referral,2.6,3,1212000.0,0.595,Below band,33,0.9433333333333334,0.06984283629640027,0.5033663366336634,Low,"pay below market, 1 to 3 years in"
E102878,Sales and Presales,L1,Junior (L1-L2),Hyderabad,Man,South,Tier 3,Referral,2.6,4,603000.0,1.013,Within band,50,,0.07090234546431351,0.5124752475247525,Low,1 to 3 years in
E102879,Delivery,L4,Mid (L3-L4),Bengaluru,Man,South,Tier 1,Job portal,2.6,5,3140000.0,1.079,Within band,59,0.8366666666666666,0.0549622545395041,0.3485148514851485,Low,"long commute, 1 to 3 years in"
E102880,Delivery,L3,Mid (L3-L4),Hyderabad,Man,South,Tier 2,Job portal,2.6,2,1857000.0,1.053,Within band,32,0.89,0.04692086964009043,0.2697029702970297,Low,1 to 3 years in
E102881,Quality Engineering,L1,Junior (L1-L2),Bengaluru,Man,West,Tier 2,Agency,2.6,4,612000.0,1.117,Above band,28,0.91,0.04112743873029909,0.2102970297029703,Low,""
E102882,Cloud and Infrastructure,L2,Junior (L1-L2),Bengaluru,Woman,South,Tier 3,Referral,2.6,3,1089000.0,0.953,Within band,21,0.8766666666666666,0.11420854055986693,0.7924752475247525,Medium,"slow pay growth, 1 to 3 years in, falling rating"
E102883,Delivery,L2,Junior (L1-L2),Bengaluru,Woman,South,Tier 3,Job portal,2.6,4,1078000.0,1.019,Within band,32,0.8266666666666667,0.08652160466446776,0.6384158415841584,Low,"1 to 3 years in, low utilisation"
E102884,Corporate Functions,L4,Mid (L3-L4),Bengaluru,Man,East,Tier 3,Referral,2.6,3,1950000.0,0.745,Below band,19,,0.11805193202793306,0.8075247524752476,Medium,"pay below market, 1 to 3 years in, slow pay growth"
E102885,Delivery,L5,Senior (L5-L6),Hyderabad,Man,South,Tier 2,Agency,2.6,3,2652000.0,0.619,Below band,30,0.65,0.08717897641357279,0.6431683168316832,Low,"1 to 3 years in, low utilisation"
E102887,Cloud and Infrastructure,L3,Mid (L3-L4),Bengaluru,Man,South,Tier 3,Referral,2.6,3,2266000.0,1.133,Above band,26,0.94,0.034316121975941485,0.14257425742574256,Low,""
E102889,Quality Engineering,L1,Junior (L1-L2),Bengaluru,Man,East,Tier 3,Job portal,2.6,3,568000.0,1.036,Within band,69,0.8933333333333334,0.0730850441121785,0.5322772277227723,Low,"long commute, 1 to 3 years in"
E102891,Delivery,L4,Mid (L3-L4),Bengaluru,Man,South,Tier 2,Job portal,2.6,2,1764000.0,0.606,Below band,79,0.7666666666666666,0.2302249973196753,0.9873267326732673,High,"long commute, pay below market, 1 to 3 years in"
E102892,Sales and Presales,L2,Junior (L1-L2),Bengaluru,Man,South,Tier 1,Job portal,2.6,3,1174000.0,1.057,Within band,122,,0.11719813557441534,0.8031683168316832,Medium,"long commute, slow pay growth"
E102893,Data and Analytics,L4,Mid (L3-L4),Hyderabad,Woman,South,Tier 3,Referral,2.6,5,2706000.0,0.872,Below band,17,0.7833333333333333,0.2076130582894419,0.9778217821782178,High,"pay below market, low utilisation, 1 to 3 years in"
E102894,Delivery,L1,Junior (L1-L2),Hyderabad,Man,East,Tier 2,Agency,2.6,3,602000.0,1.062,Within band,22,0.9233333333333333,0.03877299824064614,0.18653465346534653,Low,""
E102896,Data and Analytics,L6,Senior (L5-L6),Bengaluru,Man,South,Tier 2,Agency,2.5,4,7530000.0,0.924,Within band,46,0.65,0.11275961051319833,0.7845544554455446,Medium,"1 to 3 years in, low utilisation, pay below market"
E102897,Corporate Functions,L5,Senior (L5-L6),Hyderabad,Man,North,Tier 3,Referral,2.5,3,3652000.0,0.947,Within band,27,,0.05042005362116764,0.30455445544554455,Low,1 to 3 years in
E102898,Delivery,L3,Mid (L3-L4),Bengaluru,Woman,South,Tier 1,Referral,2.5,3,1735000.0,0.937,Within band,69,0.7933333333333333,0.1720946346706867,0.9481188118811881,High,"low utilisation, pay below market, slow pay growth"
E102900,Delivery,L6,Senior (L5-L6),Bengaluru,Man,South,Tier 2,Rehire,2.5,3,7026000.0,0.966,Within band,71,0.32666666666666666,0.11195516014895708,0.7821782178217822,Medium,"slow pay growth, 1 to 3 years in, long commute"
E102901,Delivery,L3,Mid (L3-L4),Bengaluru,Woman,East,Tier 3,Referral,2.5,3,1768000.0,0.955,Within band,150,0.8766666666666666,0.10059918125389912,0.7283168316831683,Medium,"falling rating, long commute, 1 to 3 years in"
E102902,Quality Engineering,L4,Mid (L3-L4),Bengaluru,Woman,South,Tier 1,Referral,2.5,2,2213000.0,0.827,Below band,55,0.8833333333333333,0.12054049967525554,0.8186138613861386,Medium,"slow pay growth, pay below market, 1 to 3 years in"
E102903,Quality Engineering,L3,Mid (L3-L4),Hyderabad,Woman,South,Tier 3,Agency,2.5,3,1756000.0,1.082,Within band,46,0.8300000000000001,0.06962033230725771,0.499009900990099,Low,"1 to 3 years in, low utilisation"
E102906,Cloud and Infrastructure,L4,Mid (L3-L4),Hyderabad,Woman,South,Tier 2,Referral,2.5,3,2986000.0,0.998,Within band,20,0.8300000000000001,0.08377851525493783,0.6166336633663366,Low,"1 to 3 years in, low utilisation"
E102910,Delivery,L4,Mid (L3-L4),Hyderabad,Woman,East,Tier 2,Agency,2.5,4,2980000.0,1.075,Within band,25,0.8966666666666666,0.037925207667287276,0.1798019801980198,Low,""
E102913,Delivery,L1,Junior (L1-L2),Hyderabad,Woman,South,Tier 3,Job portal,2.5,3,557000.0,0.982,Within band,33,0.8366666666666668,0.08407189048601983,0.6186138613861386,Low,1 to 3 years in
E102914,Delivery,L2,Junior (L1-L2),Hyderabad,Man,East,Tier 2,Job portal,2.5,2,920000.0,0.913,Within band,37,0.61,0.18648681291123442,0.9643564356435643,High,"low utilisation, pay below market, slow pay growth"
E102916,Quality Engineering,L1,Junior (L1-L2),Hyderabad,Man,West,Tier 2,Job portal,2.5,3,446000.0,0.854,Below band,45,0.8666666666666667,0.1323754288574219,0.8689108910891089,Medium,"pay below market, 1 to 3 years in"
E102917,Delivery,L3,Mid (L3-L4),Hyderabad,Man,South,Tier 2,Referral,2.5,3,1995000.0,1.131,Above band,104,0.8966666666666666,0.07333652822632018,0.5334653465346535,Low,long commute
E102920,Cloud and Infrastructure,L2,Junior (L1-L2),Hyderabad,Woman,West,Tier 1,Job portal,2.5,3,1040000.0,0.956,Within band,33,0.7400000000000001,0.1507843145480509,0.9144554455445545,High,"low utilisation, slow pay growth, 1 to 3 years in"
E102921,Delivery,L1,Junior (L1-L2),Bengaluru,Man,North,Tier 3,Job portal,2.5,4,592000.0,0.995,Within band,35,0.8099999999999999,0.09516834528367898,0.6954455445544554,Low,"1 to 3 years in, low utilisation"
E102922,Quality Engineering,L2,Junior (L1-L2),Hyderabad,Woman,North,Tier 2,Referral,2.5,5,981000.0,1.058,Within band,30,0.8333333333333334,0.0768101959814088,0.5679207920792079,Low,"1 to 3 years in, low utilisation"
E102925,Delivery,L2,Junior (L1-L2),Hyderabad,Woman,East,Tier 1,Job portal,2.4,2,837000.0,0.83,Below band,53,0.7799999999999999,0.24964687051031623,0.9932673267326733,High,"pay below market, low utilisation, slow pay growth"
E102929,Delivery,L5,Senior (L5-L6),Bengaluru,Man,North,Tier 2,Agency,2.4,3,4398000.0,0.978,Within band,125,0.8966666666666666,0.13132557668994094,0.8657425742574257,Medium,"long commute, slow pay growth, 1 to 3 years in"
E102930,Quality Engineering,L2,Junior (L1-L2),Hyderabad,Woman,South,Tier 3,Agency,2.4,3,945000.0,1.019,Within band,28,0.8233333333333334,0.11072249540884485,0.7742574257425743,Medium,"slow pay growth, 1 to 3 years in"
E102931,Data and Analytics,L3,Mid (L3-L4),Bengaluru,Man,North,Tier 3,Agency,2.4,3,1833000.0,0.884,Below band,64,0.8666666666666667,0.16121116784546385,0.9350495049504951,High,"pay below market, slow pay growth, 1 to 3 years in"
E102932,Sales and Presales,L2,Junior (L1-L2),Hyderabad,Woman,South,Tier 2,Agency,2.4,3,1002000.0,0.947,Within band,58,,0.12457448339647698,0.8396039603960396,Medium,"slow pay growth, 1 to 3 years in, long commute"
E102934,Delivery,L2,Junior (L1-L2),Hyderabad,Woman,East,Tier 3,Referral,2.4,3,792000.0,0.786,Below band,26,0.89,0.15607993772298948,0.9267326732673268,High,"pay below market, slow pay growth, 1 to 3 years in"
E102935,Delivery,L1,Junior (L1-L2),Hyderabad,Woman,South,Tier 2,Job portal,2.4,5,585000.0,1.032,Within band,53,0.8266666666666667,0.06901535741606457,0.49227722772277227,Low,"1 to 3 years in, low utilisation"
E102936,Delivery,L5,Senior (L5-L6),Bengaluru,Man,East,Tier 2,Job portal,2.4,3,3704000.0,0.824,Below band,32,0.9133333333333334,0.0854116905004151,0.6308910891089109,Low,"pay below market, 1 to 3 years in, slow pay growth"
E102937,Quality Engineering,L1,Junior (L1-L2),Bengaluru,Woman,South,Tier 2,Job portal,2.4,3,523000.0,0.954,Within band,83,0.89,0.09225945342786045,0.6736633663366337,Low,"long commute, 1 to 3 years in"
E102938,Sales and Presales,L2,Junior (L1-L2),Hyderabad,Man,North,Tier 2,Job portal,2.4,3,849000.0,0.802,Below band,57,,0.18419324551330699,0.961980198019802,High,"pay below market, slow pay growth, 1 to 3 years in"
E102943,Delivery,L2,Junior (L1-L2),Hyderabad,Man,West,Tier 2,Referral,2.4,3,932000.0,0.925,Within band,35,0.7799999999999999,0.18215094628550346,0.9596039603960396,High,"low utilisation, pay below market, slow pay growth"
E102945,Cloud and Infrastructure,L2,Junior (L1-L2),Hyderabad,Woman,Northeast,Tier 1,Referral,2.4,3,1173000.0,1.078,Within band,33,0.86,0.12527919002240742,0.8427722772277227,Medium,"slow pay growth, 1 to 3 years in, pay below market"
E102947,Quality Engineering,L3,Mid (L3-L4),Hyderabad,Woman,North,Tier 2,Referral,2.4,3,1374000.0,0.847,Below band,21,0.8466666666666667,0.16574272647847532,0.9394059405940594,High,"pay below market, slow pay growth, 1 to 3 years in"
E102948,Cloud and Infrastructure,L3,Mid (L3-L4),Hyderabad,Woman,North,Tier 3,Job portal,2.4,3,1229000.0,0.645,Below band,47,0.6366666666666667,0.17145546014312427,0.9477227722772277,High,"low utilisation, 1 to 3 years in, falling rating"
E102950,Quality Engineering,L1,Junior (L1-L2),Hyderabad,Man,South,Tier 2,Referral,2.4,3,470000.0,0.9,Within band,45,0.8300000000000001,0.14819065583562452,0.9093069306930693,High,"pay below market, low utilisation, 1 to 3 years in"
E102951,Delivery,L1,Junior (L1-L2),Bengaluru,Man,South,Tier 1,Job portal,2.4,3,566000.0,0.951,Within band,37,0.83,0.10195560354150168,0.7346534653465346,Medium,1 to 3 years in
E102952,Quality Engineering,L1,Junior (L1-L2),Hyderabad,Man,South,Tier 2,Referral,2.4,3,399000.0,0.764,Below band,49,0.48666666666666664,0.2285350179856695,0.9861386138613861,High,"pay below market, low utilisation, 1 to 3 years in"
E102953,Delivery,L2,Junior (L1-L2),Hyderabad,Man,West,Tier 2,Referral,2.4,3,1386000.0,1.375,Above band,24,0.85,0.044297615740527256,0.24198019801980197,Low,slow pay growth
E102954,Delivery,L2,Junior (L1-L2),Bengaluru,Man,South,Tier 3,Job portal,2.4,2,968000.0,0.915,Within band,63,0.81,0.17669413005300824,0.9532673267326732,High,"pay below market, low utilisation, slow pay growth"
E102955,Cloud and Infrastructure,L2,Junior (L1-L2),Hyderabad,Man,East,Tier 3,Agency,2.4,4,1055000.0,0.97,Within band,38,0.35000000000000003,0.16609571687265776,0.9398019801980197,High,"low utilisation, slow pay growth, 1 to 3 years in"
E102957,Delivery,L2,Junior (L1-L2),Hyderabad,Woman,East,Tier 2,Referral,2.3,4,816000.0,0.81,Below band,43,0.8266666666666667,0.2282917529873657,0.9857425742574257,High,"pay below market, low utilisation, 1 to 3 years in"
E102958,Delivery,L3,Mid (L3-L4),Hyderabad,Man,South,Tier 2,Job portal,2.3,3,1548000.0,0.878,Below band,47,0.84,0.18745619363890062,0.9651485148514851,High,"pay below market, slow pay growth, 1 to 3 years in"
E102959,Delivery,L2,Junior (L1-L2),Hyderabad,Man,South,Tier 2,Job portal,2.3,3,966000.0,0.958,Within band,26,0.85,0.1199820220359595,0.8166336633663366,Medium,"slow pay growth, 1 to 3 years in"
E102962,Delivery,L3,Mid (L3-L4),Bengaluru,Man,South,Tier 3,Job portal,2.3,3,1650000.0,0.891,Below band,34,0.8066666666666666,0.18504250320325297,0.9635643564356435,High,"pay below market, low utilisation, slow pay growth"
E102963,Cloud and Infrastructure,L2,Junior (L1-L2),Hyderabad,Man,South,Tier 3,Job portal,2.3,1,1199000.0,1.102,Above band,41,0.89,0.09556913045369789,0.6974257425742574,Low,"slow pay growth, 1 to 3 years in"
E102966,Quality Engineering,L3,Mid (L3-L4),Hyderabad,Woman,Northeast,Tier 3,Job portal,2.3,3,1336000.0,0.823,Below band,47,0.8766666666666666,0.15221267416210216,0.9188118811881189,High,"pay below market, slow pay growth, 1 to 3 years in"
E102967,Quality Engineering,L4,Mid (L3-L4),Hyderabad,Man,North,Tier 1,Job portal,2.3,5,3001000.0,1.177,Above band,30,0.91,0.042765519136303165,0.22495049504950496,Low,slow pay growth
E102969,Delivery,L2,Junior (L1-L2),Hyderabad,Man,South,Tier 1,Job portal,2.3,3,1041000.0,1.033,Within band,49,0.8833333333333334,0.11750513658468935,0.803960396039604,Medium,"slow pay growth, long commute, pay below market"
E102970,Quality Engineering,L3,Mid (L3-L4),Bengaluru,Man,North,Tier 3,Agency,2.3,5,1570000.0,0.921,Within band,37,0.87,0.12457451696340201,0.84,Medium,"slow pay growth, pay below market, 1 to 3 years in"
E102971,Delivery,L2,Junior (L1-L2),Bengaluru,Man,East,Tier 3,Agency,2.3,3,1188000.0,1.123,Above band,39,0.8633333333333333,0.08575400453566857,0.6324752475247525,Low,"slow pay growth, 1 to 3 years in"
E102973,Consulting,L2,Junior (L1-L2),Bengaluru,Man,South,Tier 2,Job portal,2.3,1,1166000.0,1.002,Within band,34,0.7066666666666667,0.11279656122538616,0.7857425742574258,Medium,"low utilisation, 1 to 3 years in"
E102976,Delivery,L2,Junior (L1-L2),Hyderabad,Man,East,Tier 2,Referral,2.3,4,863000.0,0.856,Below band,17,0.8733333333333334,0.18092348457767768,0.9592079207920792,High,"pay below market, slow pay growth, 1 to 3 years in"
E102977,Cloud and Infrastructure,L1,Junior (L1-L2),Hyderabad,Man,West,Tier 3,Agency,2.3,3,588000.0,0.961,Within band,56,0.8633333333333333,0.1048486616958786,0.7469306930693069,Medium,"1 to 3 years in, slow pay growth, long commute"
E102978,Delivery,L3,Mid (L3-L4),Hyderabad,Man,North,Tier 3,Agency,2.3,3,1608000.0,0.912,Within band,14,0.6866666666666665,0.22072499670648096,0.9833663366336634,High,"low utilisation, pay below market, slow pay growth"
E102981,Delivery,L2,Junior (L1-L2),Bengaluru,Man,South,Tier 3,Referral,2.3,3,1036000.0,0.979,Within band,39,0.8833333333333333,0.10109160367480942,0.7306930693069307,Medium,"slow pay growth, 1 to 3 years in"
E102983,Sales and Presales,L3,Mid (L3-L4),Hyderabad,Woman,South,Tier 2,Job portal,2.3,2,1422000.0,0.768,Below band,42,,0.16284733762680265,0.9378217821782178,High,"pay below market, slow pay growth, 1 to 3 years in"
E102985,Delivery,L3,Mid (L3-L4),Hyderabad,Man,South,Tier 2,Job portal,2.3,3,1427000.0,0.809,Below band,54,0.8133333333333334,0.20484583654631547,0.9762376237623762,High,"pay below market, low utilisation, 1 to 3 years in"
E102986,Data and Analytics,L1,Junior (L1-L2),Bengaluru,Man,South,Tier 3,Referral,2.3,5,578000.0,0.867,Below band,57,0.9466666666666667,0.166609845447196,0.9401980198019801,High,"pay below market, slow pay growth, 1 to 3 years in"
E102988,Quality Engineering,L2,Junior (L1-L2),Hyderabad,Man,West,Tier 3,Referral,2.3,4,1036000.0,1.118,Above band,44,0.9166666666666666,0.09880987381288395,0.7152475247524752,Medium,"slow pay growth, 1 to 3 years in, low utilisation"
E102989,Delivery,L1,Junior (L1-L2),Bengaluru,Woman,South,Tier 3,Job portal,2.3,3,663000.0,1.114,Above band,84,0.8933333333333334,0.09939083764222488,0.72,Medium,"long commute, slow pay growth"
E102990,Delivery,L1,Junior (L1-L2),Hyderabad,Woman,South,Tier 3,Referral,2.3,3,529000.0,0.933,Within band,32,0.77,0.16077178571065798,0.9338613861386139,High,"low utilisation, pay below market, slow pay growth"
E102992,Quality Engineering,L2,Junior (L1-L2),Hyderabad,Woman,Northeast,Tier 3,Job portal,2.3,1,765000.0,0.825,Below band,50,0.9533333333333333,0.16947384105447813,0.9453465346534653,High,"pay below market, slow pay growth, 1 to 3 years in"
E102993,Delivery,L2,Junior (L1-L2),Bengaluru,Woman,South,Tier 2,Referral,2.3,5,1084000.0,1.025,Within band,84,0.9033333333333333,0.10491696031514941,0.7477227722772277,Medium,"long commute, 1 to 3 years in"
E102994,Sales and Presales,L1,Junior (L1-L2),Hyderabad,Woman,North,Tier 2,Agency,2.3,2,492000.0,0.827,Below band,125,,0.228979644076686,0.9865346534653465,High,"pay below market, long commute, 1 to 3 years in"
E102996,Delivery,L2,Junior (L1-L2),Bengaluru,Man,North,Tier 3,Job portal,2.3,4,1066000.0,1.008,Within band,75,0.8233333333333334,0.13261137003161105,0.8704950495049505,Medium,"time on bench, 1 to 3 years in, slow pay growth"
E102998,Data and Analytics,L2,Junior (L1-L2),Hyderabad,Man,South,Tier 2,Job portal,2.3,3,1097000.0,0.972,Within band,31,0.8666666666666667,0.1214449773736828,0.8257425742574257,Medium,"slow pay growth, 1 to 3 years in"
E102999,Delivery,L2,Junior (L1-L2),Hyderabad,Man,South,Tier 2,Rehire,2.3,5,1014000.0,1.006,Within band,31,0.7866666666666666,0.14572838694294832,0.9053465346534654,High,"low utilisation, slow pay growth, 1 to 3 years in"
E103000,Delivery,L2,Junior (L1-L2),Bengaluru,Man,South,Tier 1,Job portal,2.3,4,1154000.0,1.091,Within band,150,0.7266666666666666,0.16211533616571502,0.9366336633663367,High,"slow pay growth, low utilisation, long commute"
E103001,Sales and Presales,L5,Senior (L5-L6),Hyderabad,Man,South,Tier 1,Referral,2.3,3,4549000.0,1.012,Within band,35,,0.05156197035889951,0.31524752475247525,Low,"1 to 3 years in, slow pay growth"
E103002,Delivery,L2,Junior (L1-L2),Hyderabad,Man,North,Tier 3,Job portal,2.3,4,955000.0,0.947,Within band,91,0.8566666666666666,0.14409915043634336,0.9005940594059406,High,"long commute, 1 to 3 years in, slow pay growth"
E103003,Cloud and Infrastructure,L1,Junior (L1-L2),Hyderabad,Man,North,Tier 3,Agency,2.3,4,628000.0,1.026,Within band,38,0.9033333333333333,0.08502955906821996,0.6257425742574257,Low,"slow pay growth, 1 to 3 years in"
E103004,Cloud and Infrastructure,L2,Junior (L1-L2),Bengaluru,Man,South,Tier 3,Job portal,2.3,3,1110000.0,0.971,Within band,64,0.8866666666666667,0.10815491571354453,0.7647524752475248,Medium,"slow pay growth, 1 to 3 years in, long commute"
E103005,Delivery,L3,Mid (L3-L4),Hyderabad,Woman,South,Tier 2,Referral,2.3,4,1580000.0,0.896,Below band,36,0.89,0.13234254684450358,0.8681188118811881,Medium,"slow pay growth, pay below market, 1 to 3 years in"
E103007,Data and Analytics,L1,Junior (L1-L2),Bengaluru,Man,South,Tier 3,Rehire,2.3,3,706000.0,1.058,Within band,124,0.8333333333333334,0.36811640333994006,1.0,High,"long commute, pay below market, slow pay growth"
E103008,Quality Engineering,L2,Junior (L1-L2),Hyderabad,Man,West,Tier 2,Referral,2.3,3,786000.0,0.848,Below band,58,0.7966666666666667,0.25132798250174404,0.9936633663366337,High,"pay below market, low utilisation, slow pay growth"
E103009,Sales and Presales,L2,Junior (L1-L2),Hyderabad,Woman,South,Tier 2,Referral,2.3,5,962000.0,0.909,Within band,66,,0.1386539571512593,0.8815841584158416,Medium,"pay below market, slow pay growth"
E103011,Delivery,L3,Mid (L3-L4),Bengaluru,Woman,South,Tier 1,Agency,2.3,3,1798000.0,0.971,Within band,48,0.8233333333333333,0.12421461492723608,0.8372277227722772,Medium,"1 to 3 years in, slow pay growth"
E103013,Consulting,L3,Mid (L3-L4),Bengaluru,Man,South,Tier 3,Agency,2.3,3,1723000.0,0.846,Below band,44,0.9766666666666666,0.053236716728189956,0.3310891089108911,Low,"pay below market, slow pay growth, 1 to 3 years in"
E103014,Cloud and Infrastructure,L2,Junior (L1-L2),Bengaluru,Man,East,Tier 3,Job portal,2.3,4,1126000.0,0.985,Within band,37,0.7733333333333334,0.14848784080725058,0.9100990099009901,High,"low utilisation, slow pay growth, 1 to 3 years in"
E103016,Delivery,L3,Mid (L3-L4),Bengaluru,Woman,East,Tier 1,Job portal,2.3,3,1623000.0,0.876,Below band,48,0.9,0.16920902219692752,0.9441584158415841,High,"pay below market, slow pay growth, 1 to 3 years in"
E103018,Quality Engineering,L3,Mid (L3-L4),Hyderabad,Man,East,Tier 2,Referral,2.3,3,1240000.0,0.764,Below band,41,0.7766666666666667,0.22434141064259594,0.9849504950495049,High,"pay below market, low utilisation, slow pay growth"
E103019,Cloud and Infrastructure,L1,Junior (L1-L2),Hyderabad,Man,East,Tier 2,Agency,2.3,2,634000.0,1.036,Within band,57,0.9199999999999999,0.09747590143552805,0.7069306930693069,Medium,"slow pay growth, long commute, pay below market"
E103020,Delivery,L1,Junior (L1-L2),Hyderabad,Man,West,Tier 3,Referral,2.3,4,564000.0,0.995,Within band,74,0.9066666666666667,0.11810069338436464,0.807920792079208,Medium,"slow pay growth, 1 to 3 years in, long commute"
E103021,Cloud and Infrastructure,L1,Junior (L1-L2),Bengaluru,Man,North,Tier 2,Referral,2.3,2,555000.0,0.863,Below band,42,0.9066666666666666,0.20227104365114065,0.9746534653465346,High,"pay below market, slow pay growth, 1 to 3 years in"
E103022,Delivery,L1,Junior (L1-L2),Bengaluru,Man,West,Tier 2,Referral,2.3,3,549000.0,0.923,Within band,32,0.85,0.1179390738919793,0.8067326732673268,Medium,"pay below market, slow pay growth, 1 to 3 years in"
E103026,Delivery,L1,Junior (L1-L2),Hyderabad,Man,West,Tier 2,Referral,2.3,4,562000.0,0.991,Within band,49,0.98,0.05975396626397201,0.3944554455445545,Low,"slow pay growth, 1 to 3 years in"
E103028,Delivery,L3,Mid (L3-L4),Hyderabad,Man,West,Tier 3,Job portal,2.3,3,1574000.0,0.892,Below band,30,0.9,0.1264934401912425,0.8491089108910891,Medium,"slow pay growth, pay below market, 1 to 3 years in"
E103029,Corporate Functions,L6,Senior (L5-L6),Bengaluru,Man,East,Tier 2,Referral,2.2,3,6074000.0,0.928,Within band,51,,0.08930838401114428,0.6574257425742575,Low,"slow pay growth, 1 to 3 years in, pay below market"
E103031,Quality Engineering,L2,Junior (L1-L2),Hyderabad,Man,Northeast,Tier 1,Referral,2.2,3,757000.0,0.817,Below band,41,0.91,0.19179349631375858,0.9675247524752475,High,"pay below market, slow pay growth, 1 to 3 years in"
E103032,Delivery,L5,Senior (L5-L6),Bengaluru,Man,South,Tier 3,Referral,2.2,3,4771000.0,1.061,Within band,29,0.8033333333333333,0.05532684503750392,0.35405940594059404,Low,slow pay growth
E103033,Delivery,L1,Junior (L1-L2),Bengaluru,Man,South,Tier 3,Job portal,2.2,2,477000.0,0.802,Below band,89,0.93,0.18751180159521139,0.9655445544554455,High,"pay below market, 1 to 3 years in, long commute"
E103036,Corporate Functions,L2,Junior (L1-L2),Hyderabad,Man,Northeast,Tier 2,Agency,2.2,4,882000.0,0.972,Within band,24,,0.11395694858783886,0.7920792079207921,Medium,"slow pay growth, 1 to 3 years in"
E103037,Quality Engineering,L1,Junior (L1-L2),Hyderabad,Man,East,Tier 3,Referral,2.2,3,490000.0,0.939,Within band,41,0.82,0.1453313160923195,0.9037623762376238,High,"pay below market, low utilisation, 1 to 3 years in"
E103038,Quality Engineering,L2,Junior (L1-L2),Hyderabad,Woman,West,Tier 2,Job portal,2.2,2,889000.0,0.959,Within band,43,0.7866666666666667,0.15205280733524154,0.9180198019801981,High,"low utilisation, slow pay growth, 1 to 3 years in"
E103039,Quality Engineering,L3,Mid (L3-L4),Hyderabad,Woman,South,Tier 2,Job portal,2.2,4,1683000.0,1.037,Within band,25,0.7666666666666666,0.14123082887156196,0.8902970297029703,Medium,"slow pay growth, low utilisation"
E103040,Delivery,L2,Junior (L1-L2),Bengaluru,Man,South,Tier 1,Agency,2.2,4,1246000.0,1.178,Above band,84,0.6233333333333334,0.1378858905017289,0.8796039603960396,Medium,"long commute, low utilisation, slow pay growth"
E103042,Quality Engineering,L2,Junior (L1-L2),Hyderabad,Woman,South,Tier 1,Job portal,2.2,2,813000.0,0.877,Below band,54,0.7733333333333334,0.2361788443721413,0.9908910891089109,High,"pay below market, low utilisation, 1 to 3 years in"
E103043,Sales and Presales,L1,Junior (L1-L2),Bengaluru,Man,East,Tier 1,Agency,2.2,3,584000.0,0.934,Within band,31,,0.11902916261989632,0.8134653465346534,Medium,"pay below market, slow pay growth, 1 to 3 years in"
E103044,Delivery,L1,Junior (L1-L2),Hyderabad,Man,North,Tier 2,Referral,2.2,5,756000.0,1.333,Above band,47,0.45999999999999996,0.06950435263960386,0.49663366336633663,Low,low utilisation
E103045,Consulting,L5,Senior (L5-L6),Bengaluru,Man,East,Tier 3,Agency,2.2,4,4767000.0,0.964,Within band,34,0.84,0.04932066670958026,0.2962376237623762,Low,1 to 3 years in
E103047,Delivery,L3,Mid (L3-L4),Hyderabad,Man,East,Tier 2,Job portal,2.2,4,1613000.0,0.914,Within band,57,0.8266666666666667,0.16758308028863494,0.9417821782178217,High,"pay below market, low utilisation, slow pay growth"
E103048,Delivery,L1,Junior (L1-L2),Hyderabad,Woman,West,Tier 3,Job portal,2.2,4,567000.0,1.0,Within band,37,0.9400000000000001,0.08475801667166306,0.6241584158415842,Low,"slow pay growth, 1 to 3 years in"
E103051,Delivery,L3,Mid (L3-L4),Bengaluru,Man,East,Tier 2,Agency,2.2,3,1830000.0,0.988,Within band,50,0.9466666666666667,0.10308757272285264,0.7394059405940594,Medium,"slow pay growth, 1 to 3 years in"
E103052,Delivery,L1,Junior (L1-L2),Hyderabad,Woman,East,Tier 3,Agency,2.2,3,546000.0,0.963,Within band,43,0.9133333333333334,0.07693466664520772,0.5683168316831683,Low,"slow pay growth, 1 to 3 years in"
E103053,Delivery,L2,Junior (L1-L2),Bengaluru,Man,South,Tier 1,Referral,2.2,5,1066000.0,1.008,Within band,24,0.8533333333333334,0.08604516861368643,0.6356435643564357,Low,1 to 3 years in
E103055,Delivery,L1,Junior (L1-L2),Hyderabad,Woman,Northeast,Tier 2,Referral,2.2,4,560000.0,0.988,Within band,37,0.17333333333333334,0.15137037321920566,0.9164356435643565,High,"low utilisation, time on bench, 1 to 3 years in"
E103058,Delivery,L2,Junior (L1-L2),Bengaluru,Man,South,Tier 2,Job portal,2.2,3,1214000.0,1.147,Above band,30,0.89,0.07267476129739751,0.5295049504950495,Low,"slow pay growth, 1 to 3 years in"
E103060,Cloud and Infrastructure,L2,Junior (L1-L2),Hyderabad,Woman,South,Tier 3,Referral,2.2,4,908000.0,0.835,Below band,43,0.84,0.19322669197410494,0.9679207920792079,High,"pay below market, slow pay growth, 1 to 3 years in"
E103062,Delivery,L2,Junior (L1-L2),Hyderabad,Woman,West,Tier 3,Referral,2.2,3,733000.0,0.727,Below band,40,0.5433333333333333,0.23351492935251938,0.9900990099009901,High,"low utilisation, pay below market, slow pay growth"
E103063,Delivery,L2,Junior (L1-L2),Hyderabad,Man,West,Tier 3,Job portal,2.2,2,1109000.0,1.1,Above band,40,0.9266666666666667,0.11612524324804185,0.8007920792079208,Medium,"slow pay growth, time on bench, 1 to 3 years in"
E103064,Data and Analytics,L1,Junior (L1-L2),Bengaluru,Man,South,Tier 2,Agency,2.2,3,551000.0,0.826,Below band,48,0.88,0.14850727864331437,0.9104950495049505,High,"pay below market, slow pay growth, 1 to 3 years in"
E103065,Delivery,L2,Junior (L1-L2),Hyderabad,Man,South,Tier 2,Referral,2.2,3,885000.0,0.878,Below band,48,0.7833333333333333,0.25223454436939824,0.994059405940594,High,"pay below market, low utilisation, slow pay growth"
E103066,Delivery,L3,Mid (L3-L4),Bengaluru,Man,East,Tier 2,Rehire,2.1,3,1794000.0,0.969,Within band,50,0.8633333333333333,0.1267201065812343,0.8502970297029703,Medium,"slow pay growth, 1 to 3 years in"
E103068,Quality Engineering,L5,Senior (L5-L6),Hyderabad,Man,South,Tier 2,Job portal,2.1,5,4235000.0,1.075,Within band,60,0.7033333333333333,0.04013979740647896,0.19960396039603961,Low,low utilisation
E103069,Delivery,L3,Mid (L3-L4),Bengaluru,Man,North,Tier 2,Job portal,2.1,3,1612000.0,0.87,Below band,73,0.8133333333333334,0.273403114388277,0.996039603960396,High,"pay below market, 1 to 3 years in, low utilisation"
E103070,Delivery,L2,Junior (L1-L2),Hyderabad,Man,South,Tier 2,Referral,2.1,3,904000.0,0.897,Below band,32,0.19333333333333333,0.22049417074153924,0.982970297029703,High,"low utilisation, pay below market, time on bench"
E103071,Delivery,L1,Junior (L1-L2),Hyderabad,Man,South,Tier 2,Referral,2.1,4,647000.0,1.141,Above band,60,0.3,0.1214321552044064,0.8253465346534653,Medium,"low utilisation, slow pay growth, long commute"
E103074,Data and Analytics,L2,Junior (L1-L2),Bengaluru,Man,South,Tier 3,Agency,2.1,1,966000.0,0.815,Below band,63,0.7866666666666666,0.3298950168068703,0.9992079207920792,High,"pay below market, low utilisation, 1 to 3 years in"
E103076,Delivery,L2,Junior (L1-L2),Hyderabad,Woman,South,Tier 2,Referral,2.1,4,1116000.0,1.107,Above band,48,0.8733333333333334,0.07195432785469975,0.5231683168316832,Low,slow pay growth
E103078,Delivery,L1,Junior (L1-L2),Bengaluru,Woman,South,Tier 2,Job portal,2.1,3,601000.0,1.01,Within band,78,0.8700000000000001,0.13809332719413042,0.8803960396039604,Medium,"long commute, 1 to 3 years in"
E103079,Delivery,L4,Mid (L3-L4),Bengaluru,Man,South,Tier 2,Referral,2.1,3,2908000.0,0.999,Within band,72,0.7766666666666667,0.1600991489356676,0.9318811881188119,High,"time on bench, low utilisation, slow pay growth"
E103080,Quality Engineering,L4,Mid (L3-L4),Hyderabad,Man,South,Tier 1,Job portal,2.1,2,2279000.0,0.894,Below band,87,0.6933333333333334,0.16421082742689813,0.9386138613861386,High,"low utilisation, pay below market, long commute"
E103082,Corporate Functions,L1,Junior (L1-L2),Hyderabad,Woman,South,Tier 3,Job portal,2.1,3,485000.0,0.951,Within band,30,,0.09857820959078464,0.7144554455445544,Medium,"1 to 3 years in, slow pay growth"
E103083,Quality Engineering,L5,Senior (L5-L6),Hyderabad,Man,South,Tier 3,Referral,2.1,3,3617000.0,0.918,Within band,37,0.8433333333333333,0.09267439556342162,0.6772277227722773,Low,"slow pay growth, 1 to 3 years in, pay below market"
E103084,Quality Engineering,L1,Junior (L1-L2),Bengaluru,Man,South,Tier 3,Job portal,2.1,4,448000.0,0.818,Below band,45,0.81,0.23109970169515245,0.9877227722772277,High,"pay below market, low utilisation, 1 to 3 years in"
E103085,Cloud and Infrastructure,L3,Mid (L3-L4),Hyderabad,Woman,South,Tier 3,Job portal,2.1,2,1915000.0,1.005,Within band,37,0.86,0.10167104082118802,0.733069306930693,Medium,"slow pay growth, 1 to 3 years in"
E103086,Cloud and Infrastructure,L4,Mid (L3-L4),Bengaluru,Man,South,Tier 2,Job portal,2.1,3,3190000.0,1.015,Within band,81,0.7600000000000001,0.14231775362721139,0.8962376237623763,Medium,"low utilisation, long commute, slow pay growth"
E103089,Delivery,L2,Junior (L1-L2),Hyderabad,Man,South,Tier 3,Job portal,2.1,2,977000.0,0.969,Within band,27,0.84,0.11198134548208068,0.7825742574257426,Medium,"1 to 3 years in, slow pay growth"
E103092,Corporate Functions,L4,Mid (L3-L4),Bengaluru,Woman,West,Tier 2,Job portal,2.0,5,2517000.0,0.961,Within band,24,,0.07579456866802751,0.5588118811881189,Low,1 to 3 years in
E103093,Delivery,L4,Mid (L3-L4),Bengaluru,Man,East,Tier 3,Referral,2.0,2,2688000.0,0.924,Within band,30,0.92,0.09569326937620118,0.6982178217821782,Low,"slow pay growth, pay below market"
E103097,Delivery,L4,Mid (L3-L4),Hyderabad,Woman,South,Tier 2,Referral,2.0,3,2272000.0,0.82,Below band,26,0.9033333333333333,0.12790992562467915,0.8542574257425742,Medium,"slow pay growth, pay below market, 1 to 3 years in"
E103098,Sales and Presales,L3,Mid (L3-L4),Hyderabad,Man,East,Tier 3,Job portal,2.0,3,1642000.0,0.887,Below band,61,,0.14606949249066026,0.9065346534653466,High,"pay below market, slow pay growth"
E103101,Quality Engineering,L2,Junior (L1-L2),Hyderabad,Man,East,Tier 2,Job portal,2.0,2,740000.0,0.798,Below band,29,0.8166666666666668,0.21511412367650418,0.980990099009901,High,"pay below market, low utilisation, 1 to 3 years in"
E103102,Cloud and Infrastructure,L5,Senior (L5-L6),Bengaluru,Man,South,Tier 2,Job portal,2.0,3,5361000.0,1.104,Above band,58,0.9233333333333333,0.09718291995996824,0.7057425742574257,Medium,"slow pay growth, low utilisation, long commute"
E103103,Data and Analytics,L1,Junior (L1-L2),Hyderabad,Man,West,Tier 2,Referral,2.0,2,536000.0,0.844,Below band,37,0.35000000000000003,0.24225991683407022,0.9924752475247525,High,"pay below market, low utilisation, 1 to 3 years in"
E103105,Corporate Functions,L2,Junior (L1-L2),Hyderabad,Man,South,Tier 3,Job portal,2.0,4,1083000.0,1.194,Above band,61,,0.08060291098816585,0.5968316831683168,Low,"slow pay growth, long commute, 1 to 3 years in"
E103106,Delivery,L2,Junior (L1-L2),Bengaluru,Woman,South,Tier 3,Agency,2.0,3,907000.0,0.857,Below band,35,0.8999999999999999,0.17370314974876924,0.9493069306930693,High,"pay below market, slow pay growth, 1 to 3 years in"
E103107,Delivery,L1,Junior (L1-L2),Bengaluru,Woman,South,Tier 3,Agency,2.0,2,612000.0,1.029,Within band,107,0.8633333333333333,0.12460671472121555,0.8403960396039604,Medium,"long commute, slow pay growth, pay below market"
E103110,Delivery,L1,Junior (L1-L2),Hyderabad,Man,South,Tier 3,Referral,2.0,5,499000.0,0.88,Below band,38,0.8366666666666668,0.11607860263917746,0.8003960396039604,Medium,"pay below market, 1 to 3 years in, slow pay growth"
E103111,Cloud and Infrastructure,L2,Junior (L1-L2),Hyderabad,Man,North,Tier 3,Rehire,2.0,3,998000.0,0.917,Within band,55,0.7966666666666667,0.2172100800130952,0.9813861386138614,High,"low utilisation, pay below market, slow pay growth"
E103112,Delivery,L1,Junior (L1-L2),Bengaluru,Man,South,Tier 3,Agency,2.0,2,489000.0,0.822,Below band,55,0.7833333333333333,0.23358942435913543,0.9904950495049505,High,"pay below market, low utilisation, 1 to 3 years in"
E103113,Delivery,L2,Junior (L1-L2),Bengaluru,Man,West,Tier 2,Job portal,2.0,3,1016000.0,0.96,Within band,34,0.9133333333333332,0.09482295486265965,0.6926732673267326,Low,"slow pay growth, 1 to 3 years in"
E103115,Delivery,L3,Mid (L3-L4),Hyderabad,Woman,South,Tier 2,Job portal,2.0,3,1643000.0,0.931,Within band,85,0.84,0.15946229411995455,0.9306930693069307,High,"pay below market, long commute, slow pay growth"
E103117,Corporate Functions,L2,Junior (L1-L2),Bengaluru,Woman,South,Tier 2,Referral,2.0,2,876000.0,0.92,Within band,71,,0.1428447853864882,0.8982178217821782,Medium,"slow pay growth, pay below market"
E103118,Quality Engineering,L2,Junior (L1-L2),Hyderabad,Woman,South,Tier 3,Job portal,2.0,3,877000.0,0.946,Within band,20,0.9433333333333334,0.11768098031279832,0.8043564356435644,Medium,"slow pay growth, pay below market"
E103119,Sales and Presales,L1,Junior (L1-L2),Hyderabad,Woman,South,Tier 2,Rehire,2.0,3,541000.0,0.909,Within band,62,,0.17547198777348338,0.9516831683168316,High,"long commute, pay below market, 1 to 3 years in"
E103121,Quality Engineering,L1,Junior (L1-L2),Bengaluru,Woman,South,Tier 1,Agency,2.0,2,508000.0,0.927,Within band,39,0.83,0.12925522171817255,0.8598019801980198,Medium,"pay below market, low utilisation, 1 to 3 years in"
E103122,Quality Engineering,L3,Mid (L3-L4),Bengaluru,Woman,East,Tier 1,Job portal,1.9,4,2091000.0,1.227,Above band,41,0.8566666666666666,0.05491872856334881,0.3469306930693069,Low,1 to 3 years in
E103123,Consulting,L4,Mid (L3-L4),Hyderabad,Woman,North,Tier 3,Job portal,1.9,3,2869000.0,0.941,Within band,48,0.98,0.030615898037093445,0.10851485148514851,Low,pay below market
E103124,Delivery,L2,Junior (L1-L2),Bengaluru,Man,North,Tier 1,Job portal,1.9,3,1268000.0,1.198,Above band,40,0.9366666666666666,0.044811141520963854,0.2491089108910891,Low,""
E103125,Delivery,L3,Mid (L3-L4),Bengaluru,Man,South,Tier 3,Job portal,1.9,3,1950000.0,1.053,Within band,15,0.8266666666666667,0.07974815157287664,0.5893069306930693,Low,"1 to 3 years in, low utilisation"
E103126,Corporate Functions,L2,Junior (L1-L2),Bengaluru,Man,South,Tier 2,Agency,1.9,3,878000.0,0.922,Within band,113,,0.14209591752757356,0.8954455445544555,Medium,"long commute, pay below market, 1 to 3 years in"
E103131,Corporate Functions,L2,Junior (L1-L2),Bengaluru,Man,South,Tier 2,Referral,1.9,3,915000.0,0.961,Within band,26,,0.0936911322640127,0.6831683168316832,Low,1 to 3 years in
E103132,Delivery,L2,Junior (L1-L2),Hyderabad,Man,North,Tier 1,Agency,1.9,2,1005000.0,0.997,Within band,27,0.8233333333333334,0.10697335018328122,0.7592079207920792,Medium,"1 to 3 years in, low utilisation"
E103133,Quality Engineering,L3,Mid (L3-L4),Hyderabad,Man,North,Tier 2,Referral,1.9,3,1937000.0,1.193,Above band,25,0.9133333333333334,0.03376356700112226,0.13782178217821783,Low,""
E103134,Sales and Presales,L2,Junior (L1-L2),Hyderabad,Man,West,Tier 1,Job portal,1.9,4,1129000.0,1.067,Within band,17,,0.06477994888486197,0.44792079207920793,Low,1 to 3 years in
E103135,Corporate Functions,L3,Mid (L3-L4),Bengaluru,Man,East,Tier 3,Rehire,1.9,3,1831000.0,1.098,Within band,90,,0.3466967309169585,0.9996039603960396,High,"long commute, 1 to 3 years in"
E103136,Delivery,L2,Junior (L1-L2),Hyderabad,Man,South,Tier 3,Job portal,1.9,3,1048000.0,1.04,Within band,22,1.0,0.016917674634692702,0.04198019801980198,Low,""
E103137,Delivery,L2,Junior (L1-L2),Bengaluru,Man,South,Tier 3,Job portal,1.9,3,888000.0,0.839,Below band,39,0.6366666666666667,0.19714010203489135,0.9706930693069307,High,"pay below market, low utilisation, 1 to 3 years in"
E103138,Delivery,L2,Junior (L1-L2),Hyderabad,Woman,North,Tier 3,Referral,1.9,3,912000.0,0.905,Within band,45,0.8966666666666666,0.10911640099709947,0.7671287128712871,Medium,"pay below market, time on bench, 1 to 3 years in"
E103139,Quality Engineering,L3,Mid (L3-L4),Hyderabad,Man,South,Tier 2,Agency,1.9,3,1517000.0,0.935,Within band,39,0.8533333333333332,0.1128287567978453,0.7861386138613862,Medium,"pay below market, 1 to 3 years in"
E103141,Quality Engineering,L3,Mid (L3-L4),Hyderabad,Man,East,Tier 3,Job portal,1.9,4,1400000.0,0.863,Below band,110,0.8233333333333333,0.2925530049555731,0.9984158415841584,High,"pay below market, long commute, 1 to 3 years in"
E103142,Delivery,L1,Junior (L1-L2),Hyderabad,Man,South,Tier 2,Referral,1.9,3,679000.0,1.198,Above band,26,0.8633333333333333,0.04673667141838316,0.26613861386138615,Low,""
E103143,Delivery,L3,Mid (L3-L4),Bengaluru,Man,South,Tier 1,Referral,1.9,4,1834000.0,0.99,Within band,81,0.9166666666666666,0.10747714003664144,0.761980198019802,Medium,"long commute, 1 to 3 years in"
E103144,Delivery,L2,Junior (L1-L2),Hyderabad,Woman,Northeast,Tier 3,Referral,1.9,4,1025000.0,1.017,Within band,96,0.8000000000000002,0.12877800918939902,0.8582178217821782,Medium,"long commute, 1 to 3 years in, low utilisation"
E103146,Cloud and Infrastructure,L2,Junior (L1-L2),Bengaluru,Woman,West,Tier 2,Agency,1.9,4,947000.0,0.829,Below band,63,0.8233333333333334,0.2364899327773326,0.9912871287128713,High,"pay below market, 1 to 3 years in, low utilisation"
E103147,Corporate Functions,L1,Junior (L1-L2),Bengaluru,Woman,Northeast,Tier 2,Job portal,1.9,2,540000.0,1.007,Within band,24,,0.0859254345763192,0.6348514851485149,Low,1 to 3 years in
E103149,Quality Engineering,L3,Mid (L3-L4),Hyderabad,Man,West,Tier 2,Referral,1.9,3,1538000.0,0.948,Within band,71,0.7766666666666667,0.1518339314587157,0.9172277227722773,High,"time on bench, low utilisation, 1 to 3 years in"
E103150,Quality Engineering,L3,Mid (L3-L4),Bengaluru,Man,North,Tier 2,Job portal,1.9,3,1561000.0,0.916,Within band,72,0.8500000000000001,0.1272644003014813,0.8518811881188119,Medium,"pay below market, long commute, 1 to 3 years in"
E103152,Corporate Functions,L1,Junior (L1-L2),Hyderabad,Man,South,Tier 1,Job portal,1.9,3,564000.0,1.106,Above band,14,,0.06118579553007589,0.41069306930693067,Low,"1 to 3 years in, long commute"
E103154,Quality Engineering,L4,Mid (L3-L4),Hyderabad,Woman,South,Tier 2,Job portal,1.9,4,2364000.0,0.927,Within band,21,0.9766666666666667,0.03191988442183568,0.12237623762376237,Low,pay below market
E103157,Sales and Presales,L3,Mid (L3-L4),Bengaluru,Man,East,Tier 2,Referral,1.8,4,2145000.0,1.103,Above band,76,,0.0607640769312844,0.4047524752475248,Low,1 to 3 years in
E103158,Corporate Functions,L4,Mid (L3-L4),Hyderabad,Man,North,Tier 3,Rehire,1.8,4,2839000.0,1.138,Above band,95,,0.31936864703145956,0.9988118811881188,High,"long commute, 1 to 3 years in"
E103159,Quality Engineering,L1,Junior (L1-L2),Bengaluru,Man,South,Tier 2,Agency,1.8,4,611000.0,1.115,Above band,76,0.8066666666666666,0.06867744824656362,0.4891089108910891,Low,"low utilisation, 1 to 3 years in"
E103161,Delivery,L4,Mid (L3-L4),Bengaluru,Man,South,Tier 3,Agency,1.8,4,2850000.0,0.979,Within band,26,0.7866666666666667,0.1112858519518612,0.7774257425742575,Medium,"low utilisation, 1 to 3 years in"
E103162,Delivery,L5,Senior (L5-L6),Hyderabad,Man,South,Tier 3,Job portal,1.8,4,4557000.0,1.064,Within band,28,0.9633333333333334,0.032651409142233516,0.12752475247524753,Low,1 to 3 years in
E103163,Cloud and Infrastructure,L2,Junior (L1-L2),Hyderabad,Man,South,Tier 2,Agency,1.8,3,1088000.0,1.0,Within band,24,0.7600000000000001,0.14254350483674144,0.897029702970297,Medium,"low utilisation, 1 to 3 years in"
E103164,Delivery,L2,Junior (L1-L2),Hyderabad,Man,South,Tier 3,Agency,1.8,2,1156000.0,1.147,Above band,91,0.8066666666666666,0.09922339445105238,0.7168316831683168,Medium,"long commute, low utilisation"
E103165,Delivery,L3,Mid (L3-L4),Hyderabad,Man,South,Tier 3,Referral,1.8,4,1724000.0,0.977,Within band,43,0.8333333333333334,0.1106507219393862,0.7738613861386139,Medium,"1 to 3 years in, low utilisation"
E103166,Cloud and Infrastructure,L2,Junior (L1-L2),Bengaluru,Woman,East,Tier 3,Referral,1.8,4,1293000.0,1.131,Above band,53,0.7166666666666667,0.08487755630954702,0.6245544554455446,Low,low utilisation
E103167,Delivery,L5,Senior (L5-L6),Hyderabad,Man,South,Tier 2,Agency,1.8,3,4229000.0,0.987,Within band,32,0.7733333333333333,0.07193990467308733,0.5227722772277228,Low,"1 to 3 years in, low utilisation"
E103168,Delivery,L1,Junior (L1-L2),Hyderabad,Man,South,Tier 2,Job portal,1.8,3,563000.0,0.993,Within band,36,0.9566666666666667,0.06517758478618914,0.4530693069306931,Low,1 to 3 years in
E103169,Delivery,L1,Junior (L1-L2),Hyderabad,Man,South,Tier 3,Rehire,1.8,4,646000.0,1.139,Above band,37,0.7833333333333333,0.06980286231787632,0.5021782178217822,Low,low utilisation
E103170,Delivery,L2,Junior (L1-L2),Bengaluru,Man,North,Tier 3,Referral,1.8,3,1127000.0,1.065,Within band,62,0.8166666666666665,0.08272044541547952,0.6114851485148515,Low,"1 to 3 years in, long commute"
E103171,Corporate Functions,L1,Junior (L1-L2),Hyderabad,Man,South,Tier 1,Agency,1.8,3,560000.0,1.098,Within band,42,,0.0622311956861889,0.420990099009901,Low,1 to 3 years in
E103173,Consulting,L2,Junior (L1-L2),Bengaluru,Man,South,Tier 2,Job portal,1.8,4,1425000.0,1.224,Above band,43,0.9,0.04299595876443111,0.22653465346534654,Low,""
E103176,Quality Engineering,L1,Junior (L1-L2),Hyderabad,Man,South,Tier 2,Rehire,1.8,3,574000.0,1.1,Within band,22,0.7166666666666667,0.09367844948151778,0.6827722772277228,Low,low utilisation
E103177,Quality Engineering,L3,Mid (L3-L4),Hyderabad,Man,East,Tier 3,Agency,1.8,3,1975000.0,1.217,Above band,15,0.7566666666666667,0.08020601549766083,0.5916831683168317,Low,"low utilisation, long commute, time on bench"
E103178,Delivery,L1,Junior (L1-L2),Bengaluru,Man,South,Tier 3,Job portal,1.8,4,565000.0,0.95,Within band,46,0.91,0.07550592737177582,0.5548514851485149,Low,"1 to 3 years in, long commute"
E103179,Delivery,L4,Mid (L3-L4),Bengaluru,Man,East,Tier 3,Agency,1.8,4,3302000.0,1.135,Above band,58,0.9,0.03700664736104701,0.16831683168316833,Low,long commute
E103180,Corporate Functions,L2,Junior (L1-L2),Hyderabad,Woman,South,Tier 1,Referral,1.8,3,858000.0,0.946,Within band,44,,0.11465268172193585,0.7944554455445545,Medium,"pay below market, 1 to 3 years in"
E103181,Delivery,L2,Junior (L1-L2),Hyderabad,Man,South,Tier 2,Agency,1.8,3,1115000.0,1.106,Above band,27,0.08666666666666667,0.11108521094000412,0.777029702970297,Medium,"low utilisation, time on bench, long commute"
E103182,Delivery,L3,Mid (L3-L4),Bengaluru,Man,South,Tier 2,Referral,1.8,2,1654000.0,0.893,Below band,58,0.7766666666666667,0.19004041599069008,0.9671287128712871,High,"low utilisation, pay below market, time on bench"
E103183,Delivery,L1,Junior (L1-L2),Hyderabad,Man,South,Tier 3,Job portal,1.8,3,614000.0,1.083,Within band,28,0.9333333333333332,0.048389225514546205,0.2863366336633663,Low,1 to 3 years in
E103184,Delivery,L1,Junior (L1-L2),Bengaluru,Woman,South,Tier 3,Job portal,1.8,4,660000.0,1.109,Above band,99,0.52,0.11852830355418636,0.8118811881188119,Medium,"long commute, low utilisation"
E103185,Quality Engineering,L4,Mid (L3-L4),Hyderabad,Man,East,Tier 3,Referral,1.8,3,2000000.0,0.784,Below band,25,0.7233333333333333,0.1556132743059624,0.9251485148514852,High,"pay below market, low utilisation, 1 to 3 years in"
E103186,Delivery,L2,Junior (L1-L2),Hyderabad,Man,South,Tier 2,Job portal,1.8,1,1139000.0,1.13,Above band,40,0.44333333333333336,0.08380591250505635,0.617029702970297,Low,low utilisation
E103187,Delivery,L1,Junior (L1-L2),Hyderabad,Woman,South,Tier 2,Job portal,1.8,4,553000.0,0.975,Within band,46,0.9199999999999999,0.07171242594017326,0.5196039603960396,Low,"1 to 3 years in, long commute"
E103188,Delivery,L4,Mid (L3-L4),Bengaluru,Man,South,Tier 3,Job portal,1.8,2,3300000.0,1.134,Above band,33,0.9133333333333334,0.026717137511810964,0.08,Low,""
E103189,Delivery,L3,Mid (L3-L4),Hyderabad,Woman,South,Tier 2,Agency,1.8,2,1842000.0,1.044,Within band,58,0.7766666666666667,0.12300691932905353,0.8308910891089109,Medium,"low utilisation, 1 to 3 years in"
E103190,Data and Analytics,L1,Junior (L1-L2),Hyderabad,Man,North,Tier 2,Referral,1.8,4,656000.0,1.033,Within band,28,0.8233333333333334,0.0914245654505586,0.6697029702970297,Low,"1 to 3 years in, low utilisation"
E103191,Delivery,L2,Junior (L1-L2),Bengaluru,Man,South,Tier 3,Agency,1.8,2,966000.0,0.913,Within band,43,0.93,0.09060819375419617,0.6661386138613862,Low,"pay below market, 1 to 3 years in"
E103192,Delivery,L2,Junior (L1-L2),Bengaluru,Woman,East,Tier 1,Referral,1.8,3,1028000.0,0.972,Within band,42,0.7866666666666666,0.1281951442025361,0.857029702970297,Medium,"low utilisation, 1 to 3 years in"
E103193,Corporate Functions,L4,Mid (L3-L4),Bengaluru,Woman,East,Tier 3,Referral,1.8,3,2925000.0,1.117,Above band,18,,0.03582188691482283,0.15643564356435644,Low,""
E103194,Delivery,L2,Junior (L1-L2),Hyderabad,Woman,Northeast,Tier 2,Job portal,1.8,4,1066000.0,1.058,Within band,45,0.89,0.0580200733167685,0.3825742574257426,Low,1 to 3 years in
E103195,Sales and Presales,L4,Mid (L3-L4),Hyderabad,Man,South,Tier 3,Agency,1.8,5,2448000.0,0.841,Below band,39,,0.11173311993219961,0.780990099009901,Medium,"pay below market, 1 to 3 years in"
E103196,Delivery,L3,Mid (L3-L4),Hyderabad,Man,South,Tier 3,Job portal,1.8,2,1593000.0,0.903,Within band,46,0.3666666666666667,0.1636684628415642,0.9382178217821782,High,"low utilisation, pay below market, 1 to 3 years in"
E103197,Delivery,L2,Junior (L1-L2),Hyderabad,Man,East,Tier 1,Job portal,1.8,3,920000.0,0.913,Within band,56,0.86,0.11793879845812986,0.8063366336633664,Medium,"pay below market, 1 to 3 years in"
E103198,Delivery,L4,Mid (L3-L4),Hyderabad,Man,South,Tier 3,Referral,1.8,4,2892000.0,1.044,Within band,32,0.8466666666666667,0.06359240871979456,0.4372277227722772,Low,1 to 3 years in
E103202,Cloud and Infrastructure,L1,Junior (L1-L2),Hyderabad,Man,South,Tier 3,Referral,1.8,4,619000.0,1.011,Within band,37,0.87,0.06983794797151262,0.502970297029703,Low,1 to 3 years in
E103203,Delivery,L3,Mid (L3-L4),Bengaluru,Woman,South,Tier 3,Referral,1.8,3,1736000.0,0.937,Within band,53,0.8433333333333334,0.11874542554343927,0.813069306930693,Medium,"pay below market, 1 to 3 years in"
E103204,Quality Engineering,L2,Junior (L1-L2),Hyderabad,Woman,South,Tier 2,Agency,1.8,3,1112000.0,1.2,Above band,53,0.7799999999999999,0.07037512174122558,0.5069306930693069,Low,low utilisation
E103206,Data and Analytics,L2,Junior (L1-L2),Hyderabad,Woman,North,Tier 2,Referral,1.8,3,1082000.0,0.958,Within band,65,0.8566666666666666,0.12702409669079953,0.8506930693069307,Medium,"1 to 3 years in, long commute"
E103207,Quality Engineering,L3,Mid (L3-L4),Bengaluru,Man,South,Tier 3,Referral,1.8,3,1871000.0,1.098,Within band,54,0.8233333333333334,0.0715975997158435,0.5188118811881188,Low,"1 to 3 years in, low utilisation"
E103208,Delivery,L3,Mid (L3-L4),Hyderabad,Man,South,Tier 3,Referral,1.8,4,1723000.0,0.977,Within band,31,0.87,0.08716363289682738,0.6427722772277228,Low,1 to 3 years in
E103209,Data and Analytics,L4,Mid (L3-L4),Hyderabad,Man,South,Tier 3,Job portal,1.8,3,3389000.0,1.092,Within band,83,0.9833333333333334,0.019062766482685085,0.04950495049504951,Low,long commute
E103210,Quality Engineering,L3,Mid (L3-L4),Hyderabad,Man,South,Tier 1,Referral,1.8,3,1926000.0,1.187,Above band,45,0.8233333333333333,0.04873451676038479,0.2906930693069307,Low,""
E103211,Delivery,L3,Mid (L3-L4),Bengaluru,Woman,East,Tier 3,Job portal,1.8,3,1777000.0,0.96,Within band,22,0.7799999999999999,0.12401600718278992,0.836039603960396,Medium,"low utilisation, 1 to 3 years in"
E103212,Corporate Functions,L3,Mid (L3-L4),Hyderabad,Man,South,Tier 3,Job portal,1.8,3,1872000.0,1.18,Above band,33,,0.04382249300544524,0.2376237623762376,Low,""
E103213,Delivery,L2,Junior (L1-L2),Bengaluru,Man,South,Tier 3,Job portal,1.8,2,1087000.0,1.027,Within band,30,0.8666666666666667,0.07343783505975762,0.5346534653465347,Low,1 to 3 years in
E103214,Quality Engineering,L4,Mid (L3-L4),Bengaluru,Man,South,Tier 2,Job portal,1.8,3,2638000.0,0.985,Within band,30,0.7633333333333333,0.10096178889045311,0.7299009900990099,Medium,"low utilisation, 1 to 3 years in"
E103215,Quality Engineering,L3,Mid (L3-L4),Bengaluru,Man,North,Tier 2,Agency,1.7,3,1995000.0,1.171,Above band,79,0.91,0.09356727604877638,0.6823762376237624,Low,long commute
E103216,Data and Analytics,L3,Mid (L3-L4),Hyderabad,Man,South,Tier 1,Agency,1.7,3,1893000.0,0.958,Within band,55,0.8466666666666667,0.11490753998125668,0.7952475247524753,Medium,"1 to 3 years in, long commute"
E103217,Corporate Functions,L4,Mid (L3-L4),Hyderabad,Man,South,Tier 3,Referral,1.7,2,2028000.0,0.813,Below band,68,,0.14459684683240914,0.9017821782178218,High,"pay below market, 1 to 3 years in, long commute"
E103218,Cloud and Infrastructure,L2,Junior (L1-L2),Hyderabad,Woman,West,Tier 3,Agency,1.7,3,1079000.0,0.992,Within band,37,0.9166666666666666,0.0716310354092325,0.5192079207920792,Low,1 to 3 years in
E103219,Quality Engineering,L2,Junior (L1-L2),Bengaluru,Man,South,Tier 2,Rehire,1.7,3,813000.0,0.835,Below band,30,0.89,0.11835552464996502,0.8102970297029704,Medium,"pay below market, 1 to 3 years in"
E103220,Cloud and Infrastructure,L2,Junior (L1-L2),Bengaluru,Man,South,Tier 3,Job portal,1.7,3,1114000.0,0.975,Within band,35,0.85,0.09711769422489992,0.7045544554455445,Medium,1 to 3 years in
E103221,Cloud and Infrastructure,L1,Junior (L1-L2),Hyderabad,Man,Northeast,Tier 3,Job portal,1.7,2,663000.0,1.083,Within band,48,0.9066666666666667,0.05247524422276589,0.3227722772277228,Low,1 to 3 years in
E103223,Data and Analytics,L3,Mid (L3-L4),Bengaluru,Man,North,Tier 2,Referral,1.7,3,2228000.0,1.074,Within band,54,0.8133333333333334,0.07890350548405907,0.5825742574257425,Low,"1 to 3 years in, low utilisation"
E103224,Cloud and Infrastructure,L3,Mid (L3-L4),Hyderabad,Woman,South,Tier 2,Agency,1.7,3,1719000.0,0.902,Within band,46,0.7666666666666666,0.17763936660501095,0.9552475247524752,High,"low utilisation, pay below market, 1 to 3 years in"
E103225,Data and Analytics,L2,Junior (L1-L2),Bengaluru,Man,North,Tier 2,Referral,1.7,3,1362000.0,1.149,Above band,51,0.8266666666666668,0.06610365455605434,0.46534653465346537,Low,1 to 3 years in
E103226,Data and Analytics,L1,Junior (L1-L2),Bengaluru,Man,East,Tier 3,Referral,1.7,4,675000.0,1.012,Within band,28,0.7966666666666665,0.10340503964523073,0.7413861386138614,Medium,"low utilisation, 1 to 3 years in"
E103227,Data and Analytics,L2,Junior (L1-L2),Hyderabad,Man,East,Tier 2,Job portal,1.7,5,1528000.0,1.353,Above band,48,0.9,0.05696936904642683,0.3702970297029703,Low,1 to 3 years in
E103229,Delivery,L1,Junior (L1-L2),Hyderabad,Man,East,Tier 2,Job portal,1.7,4,654000.0,1.153,Above band,42,0.85,0.05564769708162845,0.3564356435643564,Low,1 to 3 years in
E103230,Delivery,L5,Senior (L5-L6),Bengaluru,Man,East,Tier 3,Agency,1.7,3,4303000.0,0.957,Within band,97,0.7666666666666666,0.17042005461006493,0.9465346534653465,High,"long commute, 1 to 3 years in, low utilisation"
E103231,Delivery,L1,Junior (L1-L2),Hyderabad,Woman,South,Tier 2,Referral,1.7,3,551000.0,0.972,Within band,89,0.8666666666666667,0.107028821565019,0.76,Medium,"long commute, 1 to 3 years in"
E103232,Delivery,L4,Mid (L3-L4),Bengaluru,Man,East,Tier 3,Referral,1.7,4,3193000.0,1.097,Within band,15,0.9566666666666667,0.04303029961235378,0.22693069306930694,Low,""
E103233,Cloud and Infrastructure,L2,Junior (L1-L2),Bengaluru,Man,East,Tier 3,Agency,1.7,5,952000.0,0.833,Below band,21,0.79,0.2237509213163856,0.9845544554455445,High,"pay below market, low utilisation, 1 to 3 years in"
E103235,Quality Engineering,L4,Mid (L3-L4),Hyderabad,Woman,West,Tier 3,Referral,1.7,5,2785000.0,1.092,Within band,19,0.8866666666666667,0.03895796166470832,0.18811881188118812,Low,""
E103236,Cloud and Infrastructure,L1,Junior (L1-L2),Bengaluru,Man,East,Tier 3,Campus,1.6,3,636000.0,0.989,Within band,66,0.7733333333333333,0.12111075658392194,0.8217821782178217,Medium,"low utilisation, 1 to 3 years in"
E103237,Delivery,L1,Junior (L1-L2),Hyderabad,Non-binary,South,Tier 3,Campus,1.6,5,579000.0,1.021,Within band,32,0.8466666666666667,0.06209045917758552,0.4186138613861386,Low,1 to 3 years in
E103241,Quality Engineering,L1,Junior (L1-L2),Hyderabad,Woman,East,Tier 2,Campus,1.6,4,543000.0,1.04,Within band,52,0.13333333333333333,0.10279998683046727,0.7382178217821782,Medium,"low utilisation, 1 to 3 years in"
E103243,Cloud and Infrastructure,L1,Junior (L1-L2),Hyderabad,Man,North,Tier 2,Campus,1.6,3,651000.0,1.064,Within band,34,0.89,0.04703898829860805,0.2724752475247525,Low,""
E103246,Delivery,L1,Junior (L1-L2),Hyderabad,Woman,South,Tier 3,Campus,1.6,3,578000.0,1.019,Within band,11,0.8799999999999999,0.07027336608740571,0.5065346534653465,Low,"1 to 3 years in, long commute"
E103247,Consulting,L1,Junior (L1-L2),Hyderabad,Man,South,Tier 3,Campus,1.6,3,637000.0,1.021,Within band,34,0.7966666666666665,0.0842820049272189,0.6201980198019802,Low,"low utilisation, 1 to 3 years in"
E103248,Delivery,L1,Junior (L1-L2),Bengaluru,Woman,South,Tier 3,Campus,1.6,4,551000.0,0.926,Within band,24,0.79,0.14312871547868797,0.8986138613861386,Medium,"low utilisation, pay below market, 1 to 3 years in"
E103250,Delivery,L1,Junior (L1-L2),Bengaluru,Woman,North,Tier 1,Campus,1.6,3,603000.0,1.013,Within band,53,0.37333333333333335,0.12371355180989861,0.8336633663366336,Medium,"low utilisation, time on bench, 1 to 3 years in"
E103252,Delivery,L1,Junior (L1-L2),Hyderabad,Woman,South,Tier 3,Campus,1.6,3,565000.0,0.996,Within band,65,0.77,0.12111075658392194,0.8217821782178217,Medium,"low utilisation, 1 to 3 years in"
E103253,Delivery,L1,Junior (L1-L2),Hyderabad,Man,South,Tier 3,Campus,1.6,2,556000.0,0.981,Within band,28,0.84,0.09007947713436673,0.6631683168316832,Low,1 to 3 years in
E103254,Delivery,L1,Junior (L1-L2),Bengaluru,Man,Northeast,Tier 3,Campus,1.6,2,619000.0,1.04,Within band,76,0.8966666666666666,0.06459472189067965,0.44435643564356436,Low,"1 to 3 years in, long commute"
E103256,Consulting,L1,Junior (L1-L2),Hyderabad,Man,South,Tier 2,Campus,1.6,3,596000.0,0.955,Within band,42,0.87,0.07058425488315777,0.5089108910891089,Low,1 to 3 years in
E103257,Data and Analytics,L1,Junior (L1-L2),Hyderabad,Woman,South,Tier 2,Campus,1.6,4,647000.0,1.019,Within band,114,0.4166666666666667,0.16238383719348323,0.9370297029702971,High,"long commute, low utilisation"
E103258,Delivery,L1,Junior (L1-L2),Hyderabad,Woman,South,Tier 3,Campus,1.6,5,545000.0,0.961,Within band,34,0.84,0.07587813510529062,0.5603960396039604,Low,1 to 3 years in
E103259,Delivery,L1,Junior (L1-L2),Hyderabad,Man,South,Tier 2,Campus,1.6,3,574000.0,1.012,Within band,36,0.8166666666666668,0.0823382251939406,0.6079207920792079,Low,"1 to 3 years in, low utilisation"
E103260,Delivery,L1,Junior (L1-L2),Bengaluru,Man,South,Tier 2,Campus,1.6,2,730000.0,1.227,Above band,47,0.8366666666666666,0.05097592151785372,0.3093069306930693,Low,""
E103261,Sales and Presales,L1,Junior (L1-L2),Hyderabad,Man,North,Tier 2,Campus,1.6,3,557000.0,0.936,Within band,31,,0.10817851884943022,0.7651485148514852,Medium,"pay below market, 1 to 3 years in"
E103262,Delivery,L1,Junior (L1-L2),Hyderabad,Woman,South,Tier 3,Campus,1.6,4,581000.0,1.025,Within band,42,0.7466666666666666,0.10387350242363975,0.7421782178217822,Medium,"low utilisation, 1 to 3 years in"
E103263,Delivery,L1,Junior (L1-L2),Hyderabad,Woman,Northeast,Tier 1,Campus,1.6,3,473000.0,0.834,Below band,60,0.8266666666666667,0.23142003647630568,0.9885148514851485,High,"pay below market, 1 to 3 years in, low utilisation"
E103266,Delivery,L1,Junior (L1-L2),Bengaluru,Man,South,Tier 2,Campus,1.6,3,541000.0,0.909,Within band,62,0.9466666666666667,0.09521096978916517,0.6958415841584158,Low,"long commute, pay below market, 1 to 3 years in"
E103267,Data and Analytics,L1,Junior (L1-L2),Hyderabad,Man,North,Tier 2,Campus,1.6,3,763000.0,1.202,Above band,45,0.7633333333333333,0.07414862017830534,0.5433663366336634,Low,"low utilisation, 1 to 3 years in"
E103269,Delivery,L1,Junior (L1-L2),Hyderabad,Man,West,Tier 2,Campus,1.6,3,563000.0,0.993,Within band,57,0.87,0.08503051048697712,0.6263366336633663,Low,"1 to 3 years in, long commute"
E103270,Cloud and Infrastructure,L1,Junior (L1-L2),Hyderabad,Woman,East,Tier 3,Campus,1.6,3,591000.0,0.966,Within band,30,0.8966666666666666,0.06578901575115143,0.4631683168316832,Low,1 to 3 years in
E103271,Delivery,L1,Junior (L1-L2),Hyderabad,Woman,South,Tier 3,Campus,1.6,3,499000.0,0.88,Below band,25,0.7999999999999999,0.16994976022826142,0.9457425742574257,High,"pay below market, low utilisation, 1 to 3 years in"
E103272,Delivery,L1,Junior (L1-L2),Hyderabad,Man,South,Tier 2,Campus,1.6,3,542000.0,0.956,Within band,24,0.8533333333333334,0.08910497059502205,0.6562376237623763,Low,1 to 3 years in
E103273,Delivery,L1,Junior (L1-L2),Hyderabad,Man,Northeast,Tier 2,Campus,1.6,4,595000.0,1.049,Within band,33,0.89,0.04911837018592777,0.29425742574257424,Low,1 to 3 years in
E103274,Delivery,L1,Junior (L1-L2),Hyderabad,Man,North,Tier 3,Campus,1.6,3,560000.0,0.988,Within band,45,0.93,0.06696515959524185,0.47207920792079205,Low,1 to 3 years in
E103275,Data and Analytics,L1,Junior (L1-L2),Bengaluru,Woman,South,Tier 3,Campus,1.6,5,693000.0,1.039,Within band,55,0.5566666666666666,0.10229482735898178,0.7366336633663366,Medium,"low utilisation, 1 to 3 years in"
E103276,Delivery,L1,Junior (L1-L2),Hyderabad,Man,South,Tier 2,Campus,1.6,3,577000.0,1.018,Within band,150,0.7833333333333332,0.1126791900948712,0.7841584158415842,Medium,"low utilisation, long commute"
E103277,Delivery,L1,Junior (L1-L2),Hyderabad,Woman,North,Tier 3,Campus,1.6,3,565000.0,0.996,Within band,59,0.8166666666666668,0.10967925195581842,0.7695049504950495,Medium,"1 to 3 years in, long commute, low utilisation"
E103278,Cloud and Infrastructure,L1,Junior (L1-L2),Hyderabad,Woman,West,Tier 3,Campus,1.6,4,587000.0,0.959,Within band,39,0.8933333333333334,0.07729795399963953,0.5718811881188118,Low,"1 to 3 years in, time on bench"
E103279,Quality Engineering,L1,Junior (L1-L2),Hyderabad,Man,North,Tier 3,Campus,1.6,4,587000.0,1.125,Above band,31,0.8066666666666666,0.05900700107657699,0.3885148514851485,Low,"1 to 3 years in, low utilisation"
E103280,Delivery,L1,Junior (L1-L2),Bengaluru,Woman,South,Tier 2,Campus,1.6,3,550000.0,0.924,Within band,59,0.7866666666666666,0.15207173349194053,0.9184158415841585,High,"low utilisation, pay below market, 1 to 3 years in"
E103281,Delivery,L1,Junior (L1-L2),Hyderabad,Woman,South,Tier 3,Campus,1.6,5,605000.0,1.067,Within band,52,0.7399999999999999,0.07598980190388703,0.5627722772277227,Low,low utilisation
E103282,Delivery,L1,Junior (L1-L2),Hyderabad,Man,South,Tier 2,Campus,1.6,4,516000.0,0.91,Within band,60,0.7833333333333333,0.1561493844116075,0.9271287128712872,High,"pay below market, low utilisation, 1 to 3 years in"
E103283,Delivery,L1,Junior (L1-L2),Bengaluru,Woman,East,Tier 3,Campus,1.6,3,589000.0,0.99,Within band,24,0.8866666666666667,0.06473171263590541,0.44653465346534654,Low,1 to 3 years in
E103286,Delivery,L1,Junior (L1-L2),Bengaluru,Man,Northeast,Tier 3,Campus,1.6,3,576000.0,0.968,Within band,95,0.8533333333333334,0.12149720984188818,0.8261386138613861,Medium,"long commute, 1 to 3 years in"
E103287,Cloud and Infrastructure,L1,Junior (L1-L2),Hyderabad,Woman,South,Tier 2,Campus,1.6,5,620000.0,1.013,Within band,56,0.85,0.068918021892621,0.4910891089108911,Low,"1 to 3 years in, long commute"
E103288,Consulting,L1,Junior (L1-L2),Bengaluru,Man,South,Tier 3,Campus,1.6,4,722000.0,1.102,Above band,33,0.8166666666666668,0.054345607123791974,0.340990099009901,Low,1 to 3 years in
E103289,Data and Analytics,L1,Junior (L1-L2),Hyderabad,Woman,Northeast,Tier 3,Campus,1.6,3,622000.0,0.98,Within band,68,0.8333333333333334,0.1223721385818996,0.8281188118811881,Medium,"1 to 3 years in, long commute, low utilisation"
E103291,Cloud and Infrastructure,L1,Junior (L1-L2),Hyderabad,Woman,West,Tier 2,Campus,1.6,2,607000.0,0.992,Within band,36,0.9233333333333333,0.06282242281909996,0.4285148514851485,Low,1 to 3 years in
E103295,Quality Engineering,L1,Junior (L1-L2),Bengaluru,Man,North,Tier 2,Campus,1.6,4,537000.0,0.98,Within band,44,0.8300000000000001,0.101920814483143,0.7342574257425742,Medium,"1 to 3 years in, low utilisation"
E103296,Quality Engineering,L1,Junior (L1-L2),Hyderabad,Woman,East,Tier 2,Campus,1.6,2,481000.0,0.921,Within band,91,0.5633333333333334,0.1777705972145891,0.9556435643564356,High,"low utilisation, pay below market, long commute"
E103297,Cloud and Infrastructure,L1,Junior (L1-L2),Hyderabad,Man,South,Tier 2,Campus,1.6,4,577000.0,0.943,Within band,135,0.86,0.1368287615226704,0.8776237623762376,Medium,"long commute, pay below market"
E103298,Cloud and Infrastructure,L1,Junior (L1-L2),Bengaluru,Woman,South,Tier 3,Campus,1.6,3,665000.0,1.034,Within band,84,0.8733333333333334,0.09503236935484097,0.6942574257425742,Low,"long commute, 1 to 3 years in"
E103299,Sales and Presales,L1,Junior (L1-L2),Bengaluru,Man,West,Tier 2,Campus,1.6,2,619000.0,0.99,Within band,65,,0.10588659384283962,0.7528712871287129,Medium,"1 to 3 years in, long commute"
E103300,Consulting,L1,Junior (L1-L2),Bengaluru,Woman,South,Tier 3,Campus,1.6,3,638000.0,0.974,Within band,42,0.9566666666666667,0.060356612983352764,0.4015841584158416,Low,1 to 3 years in
E103301,Data and Analytics,L1,Junior (L1-L2),Hyderabad,Woman,North,Tier 3,Campus,1.6,4,699000.0,1.101,Above band,18,0.8266666666666667,0.06677892604968941,0.4693069306930693,Low,1 to 3 years in
E103302,Delivery,L1,Junior (L1-L2),Hyderabad,Man,East,Tier 2,Campus,1.6,3,560000.0,0.988,Within band,34,0.9,0.06578901575115143,0.4631683168316832,Low,1 to 3 years in
E103304,Sales and Presales,L1,Junior (L1-L2),Bengaluru,Woman,West,Tier 3,Campus,1.6,5,613000.0,0.981,Within band,101,,0.11100731783777817,0.7762376237623763,Medium,"long commute, 1 to 3 years in"
E103307,Quality Engineering,L1,Junior (L1-L2),Hyderabad,Man,South,Tier 2,Campus,1.6,5,503000.0,0.964,Within band,13,0.7933333333333333,0.10509456177720222,0.7485148514851485,Medium,"low utilisation, 1 to 3 years in, long commute"
E103308,Quality Engineering,L1,Junior (L1-L2),Hyderabad,Man,West,Tier 3,Campus,1.6,4,616000.0,1.18,Above band,47,0.8666666666666667,0.05087269904530577,0.3085148514851485,Low,""
E103309,Cloud and Infrastructure,L1,Junior (L1-L2),Hyderabad,Woman,South,Tier 3,Campus,1.6,3,658000.0,1.075,Within band,65,0.88,0.06029826463655809,0.4,Low,"long commute, 1 to 3 years in"
E103311,Cloud and Infrastructure,L1,Junior (L1-L2),Hyderabad,Man,South,Tier 2,Campus,1.6,4,531000.0,0.868,Below band,41,0.8866666666666667,0.12130522143490785,0.8241584158415841,Medium,"pay below market, 1 to 3 years in"
E103312,Consulting,L1,Junior (L1-L2),Hyderabad,Man,West,Tier 3,Campus,1.6,3,721000.0,1.155,Above band,35,0.6233333333333333,0.05648695854097063,0.36475247524752474,Low,low utilisation
E103314,Sales and Presales,L1,Junior (L1-L2),Hyderabad,Man,South,Tier 2,Campus,1.6,3,529000.0,0.889,Below band,46,,0.12035087816441514,0.8174257425742574,Medium,"pay below market, long commute, 1 to 3 years in"
E103315,Sales and Presales,L1,Junior (L1-L2),Bengaluru,Man,East,Tier 2,Campus,1.6,2,490000.0,0.784,Below band,48,,0.15400990646544943,0.9227722772277228,High,"pay below market, 1 to 3 years in"
E103316,Quality Engineering,L1,Junior (L1-L2),Hyderabad,Man,South,Tier 2,Campus,1.6,3,485000.0,0.929,Within band,46,0.8933333333333332,0.09044738921939008,0.6641584158415842,Low,"pay below market, long commute, 1 to 3 years in"
E103319,Data and Analytics,L1,Junior (L1-L2),Bengaluru,Man,South,Tier 3,Campus,1.6,3,625000.0,0.937,Within band,22,0.84,0.11907864503486087,0.8138613861386138,Medium,"pay below market, 1 to 3 years in"
E103320,Consulting,L1,Junior (L1-L2),Hyderabad,Woman,South,Tier 3,Campus,1.6,2,585000.0,0.938,Within band,53,0.7966666666666665,0.13469257793989767,0.8740594059405941,Medium,"low utilisation, pay below market, 1 to 3 years in"
E103321,Quality Engineering,L1,Junior (L1-L2),Hyderabad,Man,West,Tier 2,Campus,1.6,4,541000.0,1.036,Within band,31,0.7833333333333332,0.09938792835968893,0.7196039603960396,Medium,"low utilisation, 1 to 3 years in"
E103322,Delivery,L1,Junior (L1-L2),Hyderabad,Man,Northeast,Tier 3,Campus,1.6,3,562000.0,0.991,Within band,17,0.8833333333333333,0.06473171263590541,0.44653465346534654,Low,1 to 3 years in
E103323,Delivery,L1,Junior (L1-L2),Bengaluru,Man,East,Tier 2,Campus,1.6,3,625000.0,1.05,Within band,42,0.8533333333333334,0.06702111506983771,0.47366336633663364,Low,1 to 3 years in
E103324,Delivery,L1,Junior (L1-L2),Bengaluru,Man,South,Tier 2,Campus,1.6,2,576000.0,0.968,Within band,53,0.8733333333333334,0.07453479258475726,0.5457425742574258,Low,1 to 3 years in
E103325,Cloud and Infrastructure,L1,Junior (L1-L2),Hyderabad,Man,West,Tier 2,Campus,1.6,3,503000.0,0.822,Below band,36,0.8733333333333334,0.11060693962111967,0.7734653465346535,Medium,"pay below market, 1 to 3 years in"
E103326,Delivery,L1,Junior (L1-L2),Bengaluru,Man,East,Tier 2,Campus,1.6,3,604000.0,1.015,Within band,39,0.85,0.07256852599645121,0.5291089108910891,Low,1 to 3 years in
E103327,Data and Analytics,L1,Junior (L1-L2),Bengaluru,Man,South,Tier 3,Campus,1.6,4,817000.0,1.225,Above band,67,0.9033333333333333,0.06341959806283289,0.43603960396039604,Low,"long commute, 1 to 3 years in"
E103328,Delivery,L1,Junior (L1-L2),Bengaluru,Woman,South,Tier 3,Campus,1.6,2,464000.0,0.78,Below band,81,0.8666666666666667,0.18857842668080851,0.9663366336633663,High,"pay below market, long commute, 1 to 3 years in"
E103329,Cloud and Infrastructure,L1,Junior (L1-L2),Hyderabad,Woman,South,Tier 2,Campus,1.6,5,572000.0,0.935,Within band,47,0.9866666666666667,0.02792403545117363,0.09108910891089109,Low,pay below market
E103330,Sales and Presales,L1,Junior (L1-L2),Hyderabad,Man,Northeast,Tier 3,Campus,1.6,3,622000.0,1.045,Within band,41,,0.07799064948146699,0.577029702970297,Low,1 to 3 years in
E103331,Delivery,L1,Junior (L1-L2),Bengaluru,Man,Northeast,Tier 2,Campus,1.6,5,712000.0,1.197,Above band,109,0.37666666666666665,0.09976079547545025,0.7231683168316831,Medium,"long commute, low utilisation"
E103333,Delivery,L1,Junior (L1-L2),Hyderabad,Woman,East,Tier 2,Campus,1.6,3,506000.0,0.892,Below band,27,0.7333333333333334,0.15240557701321952,0.9196039603960396,High,"low utilisation, pay below market, 1 to 3 years in"
E103334,Delivery,L1,Junior (L1-L2),Bengaluru,Man,South,Tier 2,Campus,1.6,5,560000.0,0.941,Within band,22,0.77,0.1250002845893414,0.8411881188118812,Medium,"low utilisation, pay below market, 1 to 3 years in"
E103335,Quality Engineering,L1,Junior (L1-L2),Bengaluru,Man,South,Tier 1,Campus,1.6,3,570000.0,1.04,Within band,65,0.5533333333333333,0.18232690795702772,0.9603960396039604,High,"time on bench, low utilisation, 1 to 3 years in"
E103336,Delivery,L1,Junior (L1-L2),Hyderabad,Man,South,Tier 3,Campus,1.6,3,622000.0,1.097,Within band,42,0.89,0.04977387860867502,0.3005940594059406,Low,1 to 3 years in
E103337,Delivery,L1,Junior (L1-L2),Bengaluru,Man,South,Tier 2,Campus,1.6,4,622000.0,1.045,Within band,39,0.7466666666666666,0.09941374397582249,0.7207920792079208,Medium,"low utilisation, 1 to 3 years in"
E103339,Data and Analytics,L1,Junior (L1-L2),Bengaluru,Man,East,Tier 1,Campus,1.6,5,629000.0,0.943,Within band,30,0.7666666666666666,0.1433949353868221,0.8994059405940594,Medium,"low utilisation, pay below market, 1 to 3 years in"
E103340,Quality Engineering,L1,Junior (L1-L2),Bengaluru,Man,South,Tier 1,Campus,1.6,3,567000.0,1.035,Within band,50,0.7866666666666666,0.10306434822514425,0.739009900990099,Medium,"low utilisation, 1 to 3 years in"
E103341,Delivery,L1,Junior (L1-L2),Hyderabad,Woman,South,Tier 2,Campus,1.6,4,533000.0,0.94,Within band,28,0.8966666666666666,0.0794335998985206,0.5873267326732673,Low,"pay below market, 1 to 3 years in"
E103342,Data and Analytics,L1,Junior (L1-L2),Hyderabad,Man,North,Tier 2,Campus,1.6,3,553000.0,0.871,Below band,32,0.11,0.2330925918920363,0.9893069306930693,High,"pay below market, low utilisation, 1 to 3 years in"
E103343,Delivery,L1,Junior (L1-L2),Bengaluru,Man,North,Tier 2,Campus,1.6,3,593000.0,0.997,Within band,74,0.27,0.1336890402899853,0.8716831683168317,Medium,"low utilisation, 1 to 3 years in, long commute"
E103344,Quality Engineering,L1,Junior (L1-L2),Hyderabad,Non-binary,East,Tier 2,Campus,1.6,4,570000.0,1.092,Within band,17,0.8266666666666667,0.06954461710172186,0.498019801980198,Low,"1 to 3 years in, low utilisation"
E103345,Delivery,L1,Junior (L1-L2),Hyderabad,Man,East,Tier 2,Campus,1.6,3,592000.0,1.044,Within band,96,0.8266666666666667,0.11796407175122858,0.8071287128712872,Medium,"long commute, 1 to 3 years in"
E103346,Delivery,L1,Junior (L1-L2),Bengaluru,Man,South,Tier 3,Campus,1.6,4,592000.0,0.995,Within band,149,0.8966666666666666,0.07801126026648292,0.5774257425742574,Low,long commute
E103347,Quality Engineering,L1,Junior (L1-L2),Bengaluru,Man,South,Tier 2,Campus,1.6,4,520000.0,0.949,Within band,45,0.87,0.07821942333273556,0.5794059405940594,Low,1 to 3 years in
E103348,Quality Engineering,L1,Junior (L1-L2),Bengaluru,Man,South,Tier 3,Campus,1.6,3,552000.0,1.007,Within band,38,0.3466666666666667,0.1108547765360556,0.7750495049504951,Medium,"low utilisation, 1 to 3 years in"
E103349,Delivery,L1,Junior (L1-L2),Hyderabad,Man,Northeast,Tier 3,Campus,1.6,3,623000.0,1.099,Within band,41,0.6166666666666667,0.09197826479105213,0.6716831683168317,Low,low utilisation
E103350,Delivery,L1,Junior (L1-L2),Bengaluru,Man,South,Tier 1,Campus,1.6,2,498000.0,0.837,Below band,65,0.84,0.18908041363556488,0.9667326732673267,High,"pay below market, 1 to 3 years in, long commute"
E103351,Delivery,L1,Junior (L1-L2),Hyderabad,Woman,North,Tier 3,Campus,1.6,3,556000.0,0.981,Within band,66,0.7766666666666667,0.12111075658392194,0.8217821782178217,Medium,"low utilisation, 1 to 3 years in"
E103354,Sales and Presales,L1,Junior (L1-L2),Hyderabad,Woman,South,Tier 2,Campus,1.6,3,567000.0,0.953,Within band,36,,0.09007947713436673,0.6631683168316832,Low,1 to 3 years in
E103355,Quality Engineering,L1,Junior (L1-L2),Bengaluru,Man,South,Tier 2,Campus,1.6,4,522000.0,0.953,Within band,35,0.8366666666666668,0.09007947713436673,0.6631683168316832,Low,1 to 3 years in
E103356,Sales and Presales,L1,Junior (L1-L2),Bengaluru,Woman,South,Tier 2,Campus,1.6,3,556000.0,0.89,Below band,49,,0.11285048339547792,0.7865346534653466,Medium,"pay below market, 1 to 3 years in"
E103357,Delivery,L1,Junior (L1-L2),Bengaluru,Man,East,Tier 3,Campus,1.6,3,485000.0,0.815,Below band,32,0.8133333333333335,0.18632672454953814,0.9639603960396039,High,"pay below market, low utilisation, 1 to 3 years in"
E103358,Delivery,L1,Junior (L1-L2),Hyderabad,Man,South,Tier 3,Campus,1.6,3,625000.0,1.102,Above band,35,0.8633333333333334,0.04848805806525353,0.2871287128712871,Low,1 to 3 years in
E103359,Delivery,L1,Junior (L1-L2),Bengaluru,Woman,North,Tier 2,Campus,1.6,4,656000.0,1.103,Above band,73,0.8633333333333333,0.06697992897196363,0.47247524752475245,Low,"long commute, 1 to 3 years in"
E103360,Data and Analytics,L1,Junior (L1-L2),Hyderabad,Woman,South,Tier 3,Campus,1.6,3,588000.0,0.926,Within band,24,0.7633333333333333,0.1610335358512972,0.9346534653465347,High,"low utilisation, pay below market, 1 to 3 years in"
E103361,Cloud and Infrastructure,L1,Junior (L1-L2),Bengaluru,Man,South,Tier 3,Campus,1.6,4,698000.0,1.086,Within band,34,0.9066666666666666,0.04885139497338483,0.29227722772277226,Low,1 to 3 years in
E103362,Delivery,L1,Junior (L1-L2),Hyderabad,Woman,South,Tier 3,Campus,1.6,4,552000.0,0.974,Within band,39,0.8466666666666667,0.08614695308732855,0.636039603960396,Low,1 to 3 years in
E103364,Delivery,L1,Junior (L1-L2),Hyderabad,Man,South,Tier 2,Campus,1.6,4,641000.0,1.131,Above band,17,0.8300000000000001,0.05737548844319165,0.37623762376237624,Low,1 to 3 years in
E103365,Delivery,L1,Junior (L1-L2),Hyderabad,Woman,Northeast,Tier 3,Campus,1.6,3,470000.0,0.829,Below band,23,0.7333333333333334,0.19478726770727744,0.9687128712871287,High,"pay below market, low utilisation, 1 to 3 years in"
E103367,Delivery,L1,Junior (L1-L2),Bengaluru,Man,South,Tier 3,Campus,1.6,4,652000.0,1.096,Within band,107,0.9700000000000001,0.08844233884886785,0.6506930693069307,Low,long commute
E103368,Quality Engineering,L1,Junior (L1-L2),Bengaluru,Man,East,Tier 2,Campus,1.6,2,536000.0,0.978,Within band,46,0.7799999999999999,0.1273403737172709,0.8522772277227723,Medium,"low utilisation, 1 to 3 years in, long commute"
E103369,Delivery,L1,Junior (L1-L2),Bengaluru,Woman,South,Tier 3,Campus,1.6,4,571000.0,0.96,Within band,54,0.89,0.07016194720803985,0.5053465346534654,Low,1 to 3 years in
E103370,Quality Engineering,L1,Junior (L1-L2),Bengaluru,Woman,West,Tier 3,Campus,1.6,5,552000.0,1.007,Within band,52,0.8933333333333332,0.05360555463182768,0.33544554455445547,Low,1 to 3 years in
E103372,Quality Engineering,L1,Junior (L1-L2),Hyderabad,Man,East,Tier 1,Campus,1.6,2,571000.0,1.094,Within band,37,0.8866666666666667,0.05912598492580423,0.3893069306930693,Low,"time on bench, 1 to 3 years in"
E103373,Delivery,L1,Junior (L1-L2),Hyderabad,Man,Northeast,Tier 2,Campus,1.6,2,505000.0,0.891,Below band,38,0.7833333333333333,0.17991242964434617,0.958019801980198,High,"low utilisation, pay below market, time on bench"
E103374,Cloud and Infrastructure,L1,Junior (L1-L2),Hyderabad,Woman,South,Tier 1,Campus,1.6,3,553000.0,0.904,Within band,31,0.79,0.20521998879585154,0.9766336633663366,High,"time on bench, low utilisation, pay below market"
E103375,Delivery,L1,Junior (L1-L2),Hyderabad,Man,South,Tier 2,Campus,1.6,5,614000.0,1.083,Within band,24,0.8433333333333333,0.05372270175760577,0.33663366336633666,Low,1 to 3 years in
E103377,Delivery,L1,Junior (L1-L2),Hyderabad,Woman,South,Tier 3,Campus,1.6,3,473000.0,0.834,Below band,31,0.94,0.10808908468932824,0.7643564356435644,Medium,"pay below market, 1 to 3 years in"
E103378,Delivery,L1,Junior (L1-L2),Hyderabad,Man,East,Tier 3,Campus,1.6,2,632000.0,1.115,Above band,46,0.7966666666666667,0.07246773337743183,0.5283168316831683,Low,"low utilisation, long commute"
E103379,Consulting,L1,Junior (L1-L2),Hyderabad,Man,South,Tier 2,Campus,1.6,3,594000.0,0.952,Within band,72,0.8766666666666666,0.09057070074158056,0.6653465346534654,Low,"long commute, 1 to 3 years in"
E103380,Delivery,L1,Junior (L1-L2),Bengaluru,Man,South,Tier 3,Campus,1.6,3,586000.0,0.985,Within band,36,0.8166666666666668,0.09929943726988785,0.7184158415841584,Medium,"1 to 3 years in, low utilisation"
E103383,Delivery,L1,Junior (L1-L2),Hyderabad,Woman,South,Tier 2,Campus,1.6,2,527000.0,0.929,Within band,58,0.9033333333333333,0.08895888408151188,0.6558415841584159,Low,"pay below market, long commute, 1 to 3 years in"
E103384,Delivery,L1,Junior (L1-L2),Hyderabad,Man,South,Tier 3,Campus,1.6,3,557000.0,0.982,Within band,62,0.37333333333333335,0.1447919320695015,0.9025742574257426,High,"time on bench, low utilisation, 1 to 3 years in"
E103385,Delivery,L1,Junior (L1-L2),Hyderabad,Man,South,Tier 3,Campus,1.6,5,498000.0,0.878,Below band,28,0.13333333333333333,0.17132021993330523,0.9473267326732673,High,"pay below market, low utilisation, 1 to 3 years in"
E103386,Cloud and Infrastructure,L1,Junior (L1-L2),Bengaluru,Man,West,Tier 3,Campus,1.6,4,691000.0,1.075,Within band,63,0.8099999999999999,0.07752598971516987,0.5726732673267326,Low,"1 to 3 years in, long commute"
E103387,Delivery,L1,Junior (L1-L2),Hyderabad,Man,South,Tier 2,Campus,1.6,2,555000.0,0.979,Within band,88,0.8766666666666666,0.10221170932097837,0.7358415841584158,Medium,"long commute, 1 to 3 years in"
E103388,Data and Analytics,L1,Junior (L1-L2),Bengaluru,Man,North,Tier 2,Campus,1.6,3,701000.0,1.051,Within band,35,0.82,0.07913521545074208,0.5841584158415841,Low,"1 to 3 years in, low utilisation"
E103390,Quality Engineering,L1,Junior (L1-L2),Hyderabad,Man,South,Tier 3,Campus,1.6,3,569000.0,1.09,Within band,35,0.8333333333333334,0.06954461710172186,0.498019801980198,Low,"1 to 3 years in, low utilisation"
E103391,Delivery,L1,Junior (L1-L2),Hyderabad,Woman,South,Tier 2,Campus,1.6,3,545000.0,0.961,Within band,36,0.8066666666666666,0.10199409514236774,0.735049504950495,Medium,"1 to 3 years in, low utilisation"
E103392,Delivery,L1,Junior (L1-L2),Bengaluru,Man,East,Tier 2,Campus,1.6,5,680000.0,1.143,Above band,26,0.8833333333333333,0.03573315483277662,0.15485148514851485,Low,""
E103393,Sales and Presales,L1,Junior (L1-L2),Bengaluru,Woman,South,Tier 3,Campus,1.6,3,574000.0,0.918,Within band,69,,0.12119984941062209,0.8227722772277227,Medium,"pay below market, long commute, 1 to 3 years in"
E103395,Quality Engineering,L1,Junior (L1-L2),Hyderabad,Woman,South,Tier 3,Campus,1.6,4,540000.0,1.034,Within band,46,0.8033333333333333,0.09381057930628588,0.6847524752475248,Low,"1 to 3 years in, low utilisation, long commute"
E103396,Delivery,L1,Junior (L1-L2),Bengaluru,Man,West,Tier 2,Campus,1.6,3,652000.0,1.096,Within band,37,0.8733333333333334,0.05197029394324889,0.3192079207920792,Low,1 to 3 years in
E103397,Delivery,L1,Junior (L1-L2),Hyderabad,Man,West,Tier 3,Campus,1.6,4,528000.0,0.931,Within band,60,0.8399999999999999,0.12119984941062209,0.8227722772277227,Medium,"pay below market, long commute, 1 to 3 years in"
E103398,Consulting,L1,Junior (L1-L2),Hyderabad,Woman,South,Tier 2,Campus,1.6,4,612000.0,0.981,Within band,37,0.12666666666666668,0.10150461788802119,0.7326732673267327,Medium,"low utilisation, 1 to 3 years in"
E103399,Delivery,L1,Junior (L1-L2),Bengaluru,Woman,North,Tier 2,Campus,1.6,3,630000.0,1.059,Within band,44,0.84,0.06777206870911619,0.4803960396039604,Low,1 to 3 years in
E103402,Quality Engineering,L1,Junior (L1-L2),Hyderabad,Woman,South,Tier 3,Campus,1.6,2,505000.0,0.967,Within band,52,0.7633333333333333,0.11946354321306782,0.815049504950495,Medium,"low utilisation, 1 to 3 years in"
E103403,Delivery,L1,Junior (L1-L2),Bengaluru,Woman,East,Tier 2,Campus,1.6,2,425000.0,0.714,Below band,45,0.9266666666666667,0.1127816210927638,0.784950495049505,Medium,"pay below market, 1 to 3 years in"
E103404,Consulting,L1,Junior (L1-L2),Hyderabad,Woman,North,Tier 2,Campus,1.6,3,575000.0,0.921,Within band,44,0.75,0.1359267177571728,0.8768316831683168,Medium,"low utilisation, pay below market, 1 to 3 years in"
E103405,Delivery,L1,Junior (L1-L2),Bengaluru,Man,South,Tier 3,Campus,1.6,2,536000.0,0.901,Within band,86,0.84,0.13909698985354835,0.883960396039604,Medium,"long commute, pay below market, 1 to 3 years in"
E103407,Data and Analytics,L1,Junior (L1-L2),Hyderabad,Man,South,Tier 3,Campus,1.6,3,691000.0,1.088,Within band,20,0.7333333333333333,0.09943859329759372,0.7211881188118812,Medium,"low utilisation, 1 to 3 years in"
E103408,Delivery,L1,Junior (L1-L2),Hyderabad,Man,East,Tier 2,Campus,1.6,3,492000.0,0.868,Below band,24,0.4466666666666667,0.249445946422586,0.9928712871287129,High,"pay below market, low utilisation, 1 to 3 years in"
E103409,Delivery,L1,Junior (L1-L2),Hyderabad,Woman,South,Tier 3,Campus,1.6,3,605000.0,1.067,Within band,65,0.8466666666666667,0.0723695359804146,0.5271287128712872,Low,"long commute, 1 to 3 years in"
E103411,Quality Engineering,L1,Junior (L1-L2),Hyderabad,Man,West,Tier 1,Campus,1.6,3,533000.0,1.021,Within band,53,0.9666666666666667,0.06043776327789277,0.401980198019802,Low,1 to 3 years in
E103412,Data and Analytics,L1,Junior (L1-L2),Hyderabad,Man,North,Tier 2,Campus,1.6,3,726000.0,1.143,Above band,23,0.8366666666666668,0.056541207665260475,0.36514851485148514,Low,1 to 3 years in
E103413,Delivery,L1,Junior (L1-L2),Hyderabad,Woman,East,Tier 1,Campus,1.6,3,512000.0,0.903,Within band,59,0.7566666666666667,0.15410917667575172,0.9231683168316832,High,"low utilisation, pay below market, 1 to 3 years in"
E103415,Delivery,L1,Junior (L1-L2),Hyderabad,Man,West,Tier 3,Campus,1.6,3,523000.0,0.922,Within band,40,0.16666666666666666,0.1502362688723466,0.9132673267326733,High,"low utilisation, pay below market, 1 to 3 years in"
E103417,Cloud and Infrastructure,L1,Junior (L1-L2),Bengaluru,Man,South,Tier 1,Campus,1.6,4,716000.0,1.114,Above band,56,0.8733333333333334,0.05753952052061576,0.3782178217821782,Low,"long commute, time on bench, 1 to 3 years in"
E103418,Delivery,L1,Junior (L1-L2),Bengaluru,Woman,East,Tier 3,Campus,1.6,3,537000.0,0.903,Within band,26,0.8966666666666666,0.0794335998985206,0.5873267326732673,Low,"pay below market, 1 to 3 years in"
E103419,Quality Engineering,L1,Junior (L1-L2),Bengaluru,Man,North,Tier 3,Campus,1.6,4,543000.0,0.991,Within band,113,0.8433333333333334,0.1196811028227752,0.8154455445544554,Medium,"long commute, 1 to 3 years in"
E103420,Quality Engineering,L1,Junior (L1-L2),Hyderabad,Woman,South,Tier 1,Campus,1.6,2,513000.0,0.983,Within band,98,0.7866666666666667,0.1772985103641068,0.9548514851485148,High,"long commute, low utilisation, time on bench"
E103421,Quality Engineering,L1,Junior (L1-L2),Hyderabad,Man,South,Tier 3,Campus,1.6,2,475000.0,0.91,Within band,58,0.8233333333333334,0.14640472037456095,0.9077227722772278,High,"pay below market, low utilisation, 1 to 3 years in"
E103422,Delivery,L1,Junior (L1-L2),Bengaluru,Man,West,Tier 2,Campus,1.6,3,646000.0,1.086,Within band,30,0.5966666666666667,0.10932857681246061,0.7687128712871287,Medium,"low utilisation, time on bench"
E103423,Consulting,L1,Junior (L1-L2),Hyderabad,Man,North,Tier 2,Campus,1.6,5,556000.0,0.891,Below band,30,0.9033333333333333,0.060195288688626655,0.39920792079207923,Low,pay below market
E103424,Delivery,L1,Junior (L1-L2),Hyderabad,Woman,South,Tier 3,Campus,1.6,3,561000.0,0.989,Within band,56,0.87,0.08503051048697712,0.6263366336633663,Low,"1 to 3 years in, long commute"
E103425,Data and Analytics,L1,Junior (L1-L2),Hyderabad,Man,Northeast,Tier 3,Campus,1.6,3,675000.0,1.063,Within band,59,0.8500000000000001,0.077565523067115,0.5738613861386138,Low,"1 to 3 years in, long commute"
E103426,Delivery,L1,Junior (L1-L2),Hyderabad,Woman,East,Tier 3,Campus,1.6,4,523000.0,0.922,Within band,31,0.9,0.0794335998985206,0.5873267326732673,Low,"pay below market, 1 to 3 years in"
E103427,Delivery,L1,Junior (L1-L2),Bengaluru,Man,East,Tier 2,Campus,1.6,3,521000.0,0.876,Below band,75,0.7366666666666667,0.22905772733841429,0.9869306930693069,High,"pay below market, 1 to 3 years in, low utilisation"
E103428,Data and Analytics,L1,Junior (L1-L2),Hyderabad,Woman,South,Tier 3,Campus,1.6,2,566000.0,0.891,Below band,26,0.9933333333333333,0.02402300424609903,0.06891089108910892,Low,""
E103429,Delivery,L1,Junior (L1-L2),Bengaluru,Woman,South,Tier 2,Campus,1.6,3,597000.0,1.003,Within band,33,0.8466666666666667,0.08772470407613916,0.645940594059406,Low,1 to 3 years in
E103430,Delivery,L1,Junior (L1-L2),Bengaluru,Woman,North,Tier 1,Campus,1.6,3,670000.0,1.126,Above band,78,0.8433333333333333,0.11537595137944082,0.7980198019801981,Medium,"long commute, 1 to 3 years in"
E103431,Delivery,L1,Junior (L1-L2),Hyderabad,Man,North,Tier 3,Campus,1.6,3,563000.0,0.993,Within band,35,0.7533333333333334,0.11527732920394741,0.7972277227722773,Medium,"low utilisation, 1 to 3 years in"
E103434,Delivery,L3,Mid (L3-L4),Hyderabad,Woman,North,Tier 2,Referral,1.6,4,1880000.0,1.066,Within band,32,0.8333333333333334,0.06850436154254172,0.4871287128712871,Low,"1 to 3 years in, low utilisation"
E103436,Quality Engineering,L3,Mid (L3-L4),Hyderabad,Man,South,Tier 2,Referral,1.6,4,1549000.0,0.954,Within band,42,0.8033333333333333,0.11297857170287585,0.7877227722772278,Medium,"1 to 3 years in, low utilisation"
E103437,Delivery,L2,Junior (L1-L2),Bengaluru,Man,North,Tier 2,Referral,1.6,4,1053000.0,0.995,Within band,48,0.7366666666666667,0.13030607645353906,0.862970297029703,Medium,"low utilisation, 1 to 3 years in"
E103438,Delivery,L4,Mid (L3-L4),Hyderabad,Woman,South,Tier 2,Referral,1.6,3,2888000.0,1.042,Within band,47,0.79,0.08218209227002819,0.6067326732673267,Low,"low utilisation, 1 to 3 years in"
E103439,Corporate Functions,L3,Mid (L3-L4),Bengaluru,Man,Northeast,Tier 3,Job portal,1.6,3,1959000.0,1.175,Above band,100,,0.07471358906715031,0.5485148514851486,Low,long commute
E103441,Delivery,L1,Junior (L1-L2),Hyderabad,Man,West,Tier 2,Job portal,1.6,3,554000.0,0.977,Within band,64,0.8466666666666667,0.10316545567885682,0.7401980198019802,Medium,"1 to 3 years in, long commute"
E103442,Delivery,L3,Mid (L3-L4),Hyderabad,Man,East,Tier 2,Rehire,1.6,5,2036000.0,1.154,Above band,28,0.84,0.05250039319990626,0.32435643564356437,Low,1 to 3 years in
E103444,Delivery,L2,Junior (L1-L2),Hyderabad,Woman,Northeast,Tier 2,Referral,1.6,2,998000.0,0.99,Within band,50,0.93,0.07762580732675994,0.5754455445544554,Low,1 to 3 years in
E103445,Sales and Presales,L1,Junior (L1-L2),Hyderabad,Woman,South,Tier 3,Job portal,1.6,3,654000.0,1.099,Within band,35,,0.06238249602067355,0.42277227722772276,Low,1 to 3 years in
E103446,Cloud and Infrastructure,L2,Junior (L1-L2),Hyderabad,Woman,South,Tier 1,Referral,1.6,3,1105000.0,1.016,Within band,25,0.44333333333333336,0.12635236375645092,0.8483168316831683,Medium,"low utilisation, time on bench, 1 to 3 years in"
E103447,Cloud and Infrastructure,L1,Junior (L1-L2),Hyderabad,Woman,South,Tier 1,Referral,1.6,5,636000.0,1.039,Within band,52,0.6933333333333334,0.10102600599007168,0.7302970297029703,Medium,"low utilisation, time on bench, 1 to 3 years in"
E103448,Sales and Presales,L3,Mid (L3-L4),Hyderabad,Man,South,Tier 3,Job portal,1.6,4,1913000.0,1.033,Within band,82,,0.11616375501101675,0.8011881188118812,Medium,"long commute, 1 to 3 years in"
E103449,Cloud and Infrastructure,L1,Junior (L1-L2),Bengaluru,Man,East,Tier 3,Job portal,1.6,1,700000.0,1.089,Within band,47,0.8466666666666667,0.06474822400328421,0.44712871287128714,Low,1 to 3 years in
E103450,Delivery,L3,Mid (L3-L4),Bengaluru,Woman,South,Tier 3,Agency,1.6,3,1541000.0,0.832,Below band,83,0.7733333333333333,0.254299652142669,0.9948514851485148,High,"pay below market, 1 to 3 years in, low utilisation"
E103451,Corporate Functions,L1,Junior (L1-L2),Hyderabad,Man,South,Tier 2,Referral,1.6,2,525000.0,1.029,Within band,74,,0.09545781564442882,0.6962376237623762,Low,"long commute, 1 to 3 years in"
E103452,Delivery,L1,Junior (L1-L2),Hyderabad,Man,South,Tier 2,Referral,1.6,5,626000.0,1.104,Above band,18,0.8133333333333334,0.05056516372919677,0.30613861386138613,Low,1 to 3 years in
E103453,Quality Engineering,L2,Junior (L1-L2),Hyderabad,Woman,South,Tier 2,Job portal,1.6,4,1068000.0,1.152,Above band,31,0.7266666666666666,0.08531499630247531,0.6297029702970297,Low,low utilisation
E103454,Quality Engineering,L1,Junior (L1-L2),Hyderabad,Woman,South,Tier 2,Referral,1.6,4,569000.0,1.09,Within band,54,0.8433333333333333,0.06708949415973686,0.47445544554455443,Low,1 to 3 years in
E103455,Delivery,L2,Junior (L1-L2),Hyderabad,Man,West,Tier 2,Job portal,1.6,3,994000.0,0.986,Within band,47,0.8300000000000001,0.10915548852286414,0.7675247524752475,Medium,"1 to 3 years in, low utilisation"
E103456,Delivery,L3,Mid (L3-L4),Bengaluru,Man,North,Tier 2,Agency,1.6,3,2040000.0,1.102,Above band,45,0.8466666666666667,0.05720363183338913,0.37425742574257426,Low,1 to 3 years in
E103457,Delivery,L4,Mid (L3-L4),Hyderabad,Man,South,Tier 2,Job portal,1.6,5,2911000.0,1.051,Within band,90,0.7866666666666666,0.11094549795278469,0.7758415841584159,Medium,"long commute, low utilisation"
E103458,Delivery,L1,Junior (L1-L2),Bengaluru,Woman,South,Tier 1,Job portal,1.6,4,626000.0,1.052,Within band,42,0.8433333333333334,0.06595816445977462,0.464950495049505,Low,1 to 3 years in
E103459,Cloud and Infrastructure,L1,Junior (L1-L2),Bengaluru,Man,South,Tier 2,Agency,1.6,3,769000.0,1.196,Above band,80,0.8766666666666666,0.06949461149497678,0.49623762376237623,Low,long commute
E103460,Corporate Functions,L5,Senior (L5-L6),Hyderabad,Man,West,Tier 2,Referral,1.6,3,3639000.0,0.944,Within band,49,,0.05946136345651994,0.3916831683168317,Low,"1 to 3 years in, pay below market"
E103461,Quality Engineering,L1,Junior (L1-L2),Bengaluru,Man,East,Tier 2,Referral,1.6,4,540000.0,0.985,Within band,60,0.8566666666666668,0.10411092828533709,0.7441584158415842,Medium,"1 to 3 years in, long commute"
E103462,Delivery,L2,Junior (L1-L2),Hyderabad,Woman,South,Tier 2,Job portal,1.6,3,1228000.0,1.218,Above band,36,0.7666666666666666,0.06701002592014693,0.47287128712871285,Low,low utilisation
E103464,Quality Engineering,L3,Mid (L3-L4),Hyderabad,Woman,South,Tier 1,Agency,1.6,5,1647000.0,1.015,Within band,27,0.09666666666666668,0.12647060937639537,0.8487128712871287,Medium,"low utilisation, 1 to 3 years in, long commute"
E103465,Delivery,L3,Mid (L3-L4),Hyderabad,Woman,East,Tier 2,Referral,1.6,3,1547000.0,0.877,Below band,30,0.88,0.11074892763267144,0.7746534653465347,Medium,"pay below market, 1 to 3 years in"
E103466,Cloud and Infrastructure,L4,Mid (L3-L4),Bengaluru,Man,South,Tier 3,Job portal,1.5,4,3396000.0,1.08,Within band,66,0.8099999999999999,0.05968551764686495,0.3940594059405941,Low,1 to 3 years in
E103467,Delivery,L1,Junior (L1-L2),Hyderabad,Man,South,Tier 3,Agency,1.5,3,622000.0,1.097,Within band,33,0.8366666666666668,0.06238249602067355,0.42277227722772276,Low,1 to 3 years in
E103470,Cloud and Infrastructure,L2,Junior (L1-L2),Bengaluru,Woman,South,Tier 2,Agency,1.5,3,1069000.0,0.935,Within band,55,0.39333333333333337,0.19917993644331455,0.9718811881188119,High,"low utilisation, pay below market, time on bench"
E103472,Quality Engineering,L1,Junior (L1-L2),Bengaluru,Man,North,Tier 1,Agency,1.5,4,579000.0,1.057,Within band,73,0.84,0.07937908493955051,0.5857425742574257,Low,"long commute, 1 to 3 years in"
E103473,Cloud and Infrastructure,L1,Junior (L1-L2),Hyderabad,Woman,South,Tier 3,Referral,1.5,4,540000.0,0.882,Below band,43,0.8266666666666667,0.17662729875608107,0.9528712871287128,High,"pay below market, low utilisation, 1 to 3 years in"
E103475,Sales and Presales,L3,Mid (L3-L4),Hyderabad,Man,South,Tier 3,Referral,1.5,3,1945000.0,1.05,Within band,50,,0.06783862531221377,0.48118811881188117,Low,1 to 3 years in
E103476,Delivery,L1,Junior (L1-L2),Hyderabad,Woman,South,Tier 3,Referral,1.5,3,567000.0,1.0,Within band,59,0.83,0.11055670051691645,0.7730693069306931,Medium,"1 to 3 years in, long commute, low utilisation"
E103477,Delivery,L1,Junior (L1-L2),Hyderabad,Woman,Northeast,Tier 3,Agency,1.5,3,576000.0,1.016,Within band,36,0.93,0.05470647631499841,0.3453465346534653,Low,1 to 3 years in
E103478,Cloud and Infrastructure,L2,Junior (L1-L2),Hyderabad,Man,South,Tier 2,Referral,1.5,4,1105000.0,1.016,Within band,33,0.85,0.08149005097976555,0.6035643564356435,Low,1 to 3 years in
E103479,Delivery,L2,Junior (L1-L2),Hyderabad,Man,South,Tier 2,Agency,1.5,3,946000.0,0.938,Within band,13,0.8933333333333334,0.09635629429248578,0.7017821782178217,Medium,"pay below market, 1 to 3 years in"
E103480,Corporate Functions,L1,Junior (L1-L2),Bengaluru,Woman,East,Tier 2,Job portal,1.5,3,518000.0,0.966,Within band,30,,0.08940267248254587,0.6586138613861386,Low,1 to 3 years in
E103481,Sales and Presales,L1,Junior (L1-L2),Bengaluru,Woman,South,Tier 2,Referral,1.5,3,490000.0,0.784,Below band,28,,0.1416046573288999,0.8918811881188119,Medium,"pay below market, 1 to 3 years in"
E103482,Data and Analytics,L1,Junior (L1-L2),Bengaluru,Man,South,Tier 3,Job portal,1.5,3,805000.0,1.207,Above band,125,0.96,0.1040116284619839,0.7437623762376238,Medium,"long commute, low utilisation"
E103483,Delivery,L1,Junior (L1-L2),Hyderabad,Man,South,Tier 3,Referral,1.5,5,582000.0,1.026,Within band,48,0.7566666666666667,0.08772562528385039,0.6463366336633664,Low,"low utilisation, 1 to 3 years in"
E103484,Data and Analytics,L1,Junior (L1-L2),Hyderabad,Man,East,Tier 2,Job portal,1.5,3,647000.0,1.019,Within band,32,0.8733333333333334,0.06500669854064213,0.4502970297029703,Low,1 to 3 years in
E103485,Delivery,L2,Junior (L1-L2),Hyderabad,Woman,South,Tier 2,Agency,1.5,3,1142000.0,1.133,Above band,29,0.93,0.061484595488966585,0.41386138613861384,Low,"time on bench, 1 to 3 years in"
E103486,Delivery,L2,Junior (L1-L2),Hyderabad,Woman,West,Tier 3,Referral,1.5,2,1060000.0,1.052,Within band,19,0.89,0.05612054094701465,0.36198019801980197,Low,1 to 3 years in
E103487,Cloud and Infrastructure,L1,Junior (L1-L2),Bengaluru,Man,South,Tier 2,Agency,1.5,3,530000.0,0.824,Below band,53,0.9433333333333334,0.12097346959184907,0.8205940594059405,Medium,"pay below market, 1 to 3 years in"
E103488,Cloud and Infrastructure,L4,Mid (L3-L4),Hyderabad,Man,South,Tier 2,Job portal,1.5,3,3200000.0,1.069,Within band,46,0.7733333333333333,0.06520719656903393,0.45504950495049507,Low,low utilisation
E103489,Cloud and Infrastructure,L2,Junior (L1-L2),Hyderabad,Woman,West,Tier 2,Referral,1.5,3,1180000.0,1.085,Within band,33,0.81,0.07675551464983431,0.5675247524752475,Low,"low utilisation, 1 to 3 years in"
E103490,Delivery,L1,Junior (L1-L2),Hyderabad,Woman,South,Tier 2,Referral,1.5,3,581000.0,1.025,Within band,35,0.8033333333333333,0.08461585187643837,0.622970297029703,Low,"1 to 3 years in, low utilisation"
E103491,Delivery,L1,Junior (L1-L2),Bengaluru,Man,North,Tier 2,Referral,1.5,4,644000.0,1.082,Within band,72,0.7999999999999999,0.08533491246343354,0.6300990099009901,Low,low utilisation
E103492,Delivery,L2,Junior (L1-L2),Bengaluru,Man,South,Tier 2,Referral,1.5,3,1079000.0,1.02,Within band,42,0.7833333333333333,0.11012614865323589,0.7714851485148515,Medium,"low utilisation, 1 to 3 years in"
E103493,Delivery,L2,Junior (L1-L2),Bengaluru,Woman,South,Tier 2,Rehire,1.5,3,1201000.0,1.135,Above band,42,0.7833333333333333,0.0762423624794533,0.5639603960396039,Low,low utilisation
E103494,Delivery,L5,Senior (L5-L6),Bengaluru,Man,West,Tier 3,Agency,1.4,5,4422000.0,0.983,Within band,88,0.82,0.10339794497032022,0.740990099009901,Medium,"long commute, 1 to 3 years in"
E103495,Delivery,L6,Senior (L5-L6),Hyderabad,Man,East,Tier 3,Referral,1.4,,6305000.0,0.91,Within band,140,0.9133333333333332,0.11777190217868248,0.8051485148514852,Medium,"long commute, 1 to 3 years in, pay below market"
E103496,Delivery,L3,Mid (L3-L4),Hyderabad,Man,South,Tier 3,Referral,1.4,,1679000.0,0.952,Within band,37,0.8466666666666667,0.09656399106573345,0.7021782178217821,Medium,1 to 3 years in
E103497,Data and Analytics,L4,Mid (L3-L4),Bengaluru,Man,South,Tier 3,Agency,1.4,,3500000.0,1.074,Within band,94,0.8966666666666666,0.11139601071288986,0.7786138613861386,Medium,"long commute, 1 to 3 years in"
E103498,Corporate Functions,L4,Mid (L3-L4),Hyderabad,Man,West,Tier 2,Referral,1.4,,2385000.0,0.956,Within band,28,,0.0789554558873123,0.5833663366336633,Low,1 to 3 years in
E103499,Sales and Presales,L1,Junior (L1-L2),Hyderabad,Man,Northeast,Tier 3,Job portal,1.4,,581000.0,0.976,Within band,32,,0.09007947713436673,0.6631683168316832,Low,1 to 3 years in
E103500,Cloud and Infrastructure,L4,Mid (L3-L4),Hyderabad,Man,South,Tier 3,Job portal,1.4,,2791000.0,0.933,Within band,43,0.8833333333333333,0.07406146595031649,0.5413861386138614,Low,pay below market
E103501,Quality Engineering,L2,Junior (L1-L2),Bengaluru,Man,East,Tier 1,Agency,1.4,,934000.0,0.959,Within band,101,0.9133333333333334,0.10059745864882083,0.7279207920792079,Medium,"long commute, 1 to 3 years in"
E103502,Delivery,L2,Junior (L1-L2),Hyderabad,Man,North,Tier 2,Referral,1.4,,879000.0,0.872,Below band,28,0.7966666666666667,0.2133732061100666,0.9794059405940594,High,"pay below market, low utilisation, 1 to 3 years in"
E103503,Cloud and Infrastructure,L2,Junior (L1-L2),Hyderabad,Man,South,Tier 3,Job portal,1.4,,987000.0,0.907,Within band,60,0.8433333333333334,0.12656291301260464,0.8495049504950495,Medium,"pay below market, long commute, 1 to 3 years in"
E103504,Delivery,L1,Junior (L1-L2),Hyderabad,Man,South,Tier 1,Referral,1.4,,563000.0,0.993,Within band,120,0.7666666666666666,0.1603998577894086,0.9326732673267327,High,"long commute, low utilisation"
E103505,Corporate Functions,L1,Junior (L1-L2),Hyderabad,Man,North,Tier 2,Job portal,1.4,,631000.0,1.237,Above band,24,,0.0482288784833455,0.2855445544554455,Low,1 to 3 years in
E103506,Corporate Functions,L2,Junior (L1-L2),Hyderabad,Man,East,Tier 1,Referral,1.4,,656000.0,0.723,Below band,33,,0.1416075756291113,0.8922772277227723,Medium,"pay below market, 1 to 3 years in"
E103507,Delivery,L1,Junior (L1-L2),Hyderabad,Woman,North,Tier 2,Agency,1.4,,450000.0,0.794,Below band,32,0.7999999999999999,0.20802832016009065,0.9782178217821782,High,"pay below market, low utilisation, 1 to 3 years in"
E103508,Delivery,L1,Junior (L1-L2),Bengaluru,Man,South,Tier 2,Referral,1.4,,540000.0,0.908,Within band,97,0.54,0.21411915053025285,0.9801980198019802,High,"low utilisation, pay below market, long commute"
E103509,Quality Engineering,L2,Junior (L1-L2),Bengaluru,Man,North,Tier 3,Referral,1.4,,874000.0,0.897,Below band,50,0.93,0.09214909677074563,0.6724752475247525,Low,"pay below market, 1 to 3 years in"
E103510,Delivery,L3,Mid (L3-L4),Bengaluru,Man,South,Tier 3,Referral,1.4,,2011000.0,1.086,Within band,24,0.8333333333333334,0.08697815136518641,0.6407920792079208,Low,"time on bench, 1 to 3 years in, low utilisation"
E103512,Data and Analytics,L2,Junior (L1-L2),Bengaluru,Woman,South,Tier 3,Rehire,1.4,,1251000.0,1.056,Within band,99,0.85,0.25443561099479334,0.9952475247524752,High,"long commute, 1 to 3 years in"
E103513,Quality Engineering,L5,Senior (L5-L6),Hyderabad,Man,South,Tier 1,Agency,1.4,,4202000.0,1.066,Within band,47,0.9533333333333333,0.0337044476209297,0.13702970297029704,Low,1 to 3 years in
E103514,Delivery,L2,Junior (L1-L2),Hyderabad,Woman,East,Tier 2,Referral,1.4,,822000.0,0.815,Below band,20,0.8099999999999999,0.19709446286560173,0.9702970297029703,High,"pay below market, low utilisation, 1 to 3 years in"
E103515,Data and Analytics,L1,Junior (L1-L2),Hyderabad,Man,South,Tier 3,Job portal,1.4,,566000.0,0.891,Below band,16,0.7466666666666666,0.1829433736233341,0.9607920792079208,High,"pay below market, low utilisation, 1 to 3 years in"
E103516,Delivery,L2,Junior (L1-L2),Hyderabad,Woman,East,Tier 2,Job portal,1.4,,911000.0,0.904,Within band,45,0.8066666666666666,0.1565671590011496,0.927920792079208,High,"pay below market, low utilisation, 1 to 3 years in"
E103517,Sales and Presales,L1,Junior (L1-L2),Bengaluru,Man,South,Tier 3,Rehire,1.4,,595000.0,0.952,Within band,78,,0.23324071283827927,0.9897029702970297,High,"long commute, 1 to 3 years in"
E103518,Delivery,L3,Mid (L3-L4),Bengaluru,Man,North,Tier 1,Agency,1.4,,1864000.0,1.006,Within band,36,0.7999999999999999,0.12086421588914853,0.8201980198019801,Medium,"low utilisation, 1 to 3 years in"
E103520,Delivery,L4,Mid (L3-L4),Hyderabad,Man,East,Tier 3,Referral,1.3,,3321000.0,1.198,Above band,94,0.9233333333333333,0.06899196038317763,0.4918811881188119,Low,long commute
E103521,Delivery,L3,Mid (L3-L4),Hyderabad,Man,South,Tier 2,Referral,1.3,,1843000.0,1.045,Within band,24,0.8033333333333333,0.08579686134534395,0.6336633663366337,Low,"1 to 3 years in, low utilisation"
E103522,Corporate Functions,L3,Mid (L3-L4),Bengaluru,Man,West,Tier 3,Referral,1.3,,1362000.0,0.817,Below band,17,,0.12258392893421566,0.8289108910891089,Medium,"pay below market, 1 to 3 years in"
E103525,Delivery,L3,Mid (L3-L4),Hyderabad,Woman,South,Tier 3,Referral,1.3,,1871000.0,1.061,Within band,24,0.84,0.057780910941538165,0.3798019801980198,Low,1 to 3 years in
E103526,Quality Engineering,L3,Mid (L3-L4),Bengaluru,Man,North,Tier 2,Agency,1.3,,1943000.0,1.14,Above band,41,0.8300000000000001,0.04700289700165618,0.2720792079207921,Low,""
E103527,Delivery,L6,Senior (L5-L6),Hyderabad,Man,South,Tier 3,Job portal,1.3,,6458000.0,0.932,Within band,31,0.8933333333333334,0.04195806918123556,0.21782178217821782,Low,1 to 3 years in
E103528,Sales and Presales,L2,Junior (L1-L2),Hyderabad,Man,South,Tier 3,Job portal,1.3,,939000.0,0.888,Below band,33,,0.11288382339817259,0.786930693069307,Medium,"pay below market, 1 to 3 years in"
E103529,Data and Analytics,L3,Mid (L3-L4),Bengaluru,Man,West,Tier 2,Agency,1.3,,2094000.0,1.01,Within band,62,0.3,0.14856614058868509,0.9112871287128713,High,"low utilisation, 1 to 3 years in"
E103530,Cloud and Infrastructure,L5,Senior (L5-L6),Hyderabad,Man,West,Tier 3,Referral,1.3,,4609000.0,0.996,Within band,21,0.31333333333333335,0.06550289308313309,0.45782178217821784,Low,"1 to 3 years in, low utilisation"
E103531,Cloud and Infrastructure,L2,Junior (L1-L2),Bengaluru,Man,South,Tier 2,Job portal,1.3,,1030000.0,0.901,Within band,49,0.7999999999999999,0.15916863414483062,0.9302970297029703,High,"low utilisation, pay below market, 1 to 3 years in"
E103532,Data and Analytics,L2,Junior (L1-L2),Hyderabad,Man,West,Tier 2,Agency,1.3,,1098000.0,0.973,Within band,72,0.8433333333333333,0.11368073175976405,0.7900990099009901,Medium,"1 to 3 years in, long commute"
E103533,Delivery,L1,Junior (L1-L2),Bengaluru,Woman,Northeast,Tier 3,Referral,1.3,,469000.0,0.788,Below band,37,0.9266666666666667,0.10138241314322569,0.7318811881188119,Medium,"pay below market, 1 to 3 years in"
E103534,Delivery,L3,Mid (L3-L4),Hyderabad,Man,South,Tier 1,Referral,1.3,,1831000.0,1.038,Within band,50,0.8566666666666666,0.07864058901995383,0.580990099009901,Low,1 to 3 years in
E103535,Corporate Functions,L2,Junior (L1-L2),Bengaluru,Man,South,Tier 2,Job portal,1.3,,1054000.0,1.107,Above band,52,,0.050535415649447045,0.30534653465346534,Low,""
E103536,Quality Engineering,L2,Junior (L1-L2),Hyderabad,Man,East,Tier 3,Job portal,1.3,,835000.0,0.901,Within band,35,0.7933333333333333,0.14587097304795046,0.9057425742574258,High,"low utilisation, pay below market, 1 to 3 years in"
E103537,Delivery,L2,Junior (L1-L2),Bengaluru,Man,North,Tier 2,Referral,1.3,,1164000.0,1.1,Above band,42,0.8233333333333333,0.06106704517313826,0.4079207920792079,Low,1 to 3 years in
E103538,Delivery,L1,Junior (L1-L2),Hyderabad,Man,South,Tier 2,Referral,1.3,,475000.0,0.838,Below band,19,0.8333333333333334,0.17858787452745611,0.9564356435643564,High,"pay below market, low utilisation, 1 to 3 years in"
E103539,Delivery,L2,Junior (L1-L2),Hyderabad,Man,South,Tier 2,Referral,1.3,,897000.0,0.89,Below band,59,0.89,0.08974003446457168,0.6605940594059406,Low,"pay below market, 1 to 3 years in, long commute"
E103540,Delivery,L1,Junior (L1-L2),Hyderabad,Woman,Northeast,Tier 1,Job portal,1.3,,622000.0,1.097,Within band,37,0.8433333333333333,0.0571192440661402,0.37346534653465346,Low,1 to 3 years in
E103541,Delivery,L1,Junior (L1-L2),Bengaluru,Woman,South,Tier 3,Referral,1.3,,555000.0,0.933,Within band,39,0.9366666666666666,0.07130785889151268,0.5168316831683168,Low,"pay below market, 1 to 3 years in"
E103543,Delivery,L3,Mid (L3-L4),Hyderabad,Woman,South,Tier 3,Referral,1.3,,1727000.0,0.979,Within band,39,0.86,0.086432057405259,0.6376237623762376,Low,1 to 3 years in
E103545,Sales and Presales,L1,Junior (L1-L2),Bengaluru,Woman,South,Tier 3,Referral,1.3,,690000.0,1.104,Above band,37,,0.05151947494265838,0.31326732673267327,Low,1 to 3 years in
E103546,Delivery,L3,Mid (L3-L4),Hyderabad,Woman,South,Tier 3,Referral,1.3,,1636000.0,0.927,Within band,62,0.89,0.09691217977830642,0.7033663366336633,Medium,"long commute, pay below market, 1 to 3 years in"
E103547,Cloud and Infrastructure,L1,Junior (L1-L2),Hyderabad,Man,East,Tier 2,Job portal,1.3,,605000.0,0.989,Within band,43,0.8466666666666667,0.08846308555917677,0.6514851485148515,Low,1 to 3 years in
E103548,Quality Engineering,L1,Junior (L1-L2),Hyderabad,Woman,North,Tier 3,Job portal,1.3,,443000.0,0.849,Below band,21,0.8966666666666666,0.12548938457640768,0.8451485148514851,Medium,"pay below market, 1 to 3 years in"
E103549,Cloud and Infrastructure,L2,Junior (L1-L2),Bengaluru,Man,North,Tier 2,Job portal,1.3,,1118000.0,0.978,Within band,23,0.8966666666666666,0.07361992519915954,0.5370297029702971,Low,1 to 3 years in
E103550,Consulting,L1,Junior (L1-L2),Hyderabad,Man,North,Tier 1,Referral,1.3,,612000.0,0.981,Within band,45,0.9233333333333333,0.05404234332894585,0.33900990099009903,Low,1 to 3 years in
E103551,Delivery,L3,Mid (L3-L4),Hyderabad,Man,East,Tier 2,Referral,1.3,,2044000.0,1.159,Above band,81,0.87,0.06712043756278371,0.4752475247524752,Low,long commute
E103552,Delivery,L1,Junior (L1-L2),Hyderabad,Man,South,Tier 3,Job portal,1.3,,494000.0,0.871,Below band,23,0.7833333333333333,0.20678033358236036,0.9774257425742574,High,"pay below market, low utilisation, 1 to 3 years in"
E103553,Delivery,L1,Junior (L1-L2),Bengaluru,Woman,South,Tier 3,Referral,1.3,,556000.0,0.934,Within band,50,0.7966666666666667,0.1416455395789597,0.8926732673267327,Medium,"low utilisation, pay below market, 1 to 3 years in"
E103554,Delivery,L5,Senior (L5-L6),Hyderabad,Man,West,Tier 2,Job portal,1.3,,3611000.0,0.843,Below band,22,1.0,0.012013193765214447,0.01782178217821782,Low,""
E103555,Corporate Functions,L2,Junior (L1-L2),Bengaluru,Woman,South,Tier 3,Referral,1.3,,882000.0,0.926,Within band,56,,0.10011613091234256,0.7263366336633663,Medium,"pay below market, 1 to 3 years in"
E103556,Delivery,L3,Mid (L3-L4),Hyderabad,Man,South,Tier 3,Referral,1.3,,1810000.0,1.026,Within band,47,0.9533333333333335,0.05194344899344361,0.3188118811881188,Low,1 to 3 years in
E103557,Quality Engineering,L1,Junior (L1-L2),Hyderabad,Woman,South,Tier 2,Job portal,1.3,,500000.0,0.958,Within band,132,0.8433333333333333,0.10794444953108334,0.763960396039604,Medium,"long commute, 1 to 3 years in"
E103558,Data and Analytics,L2,Junior (L1-L2),Bengaluru,Man,South,Tier 3,Referral,1.3,,1073000.0,0.905,Within band,86,0.8066666666666666,0.1821904887363226,0.96,High,"pay below market, low utilisation, 1 to 3 years in"
E103559,Delivery,L3,Mid (L3-L4),Bengaluru,Man,South,Tier 2,Job portal,1.3,,1729000.0,0.934,Within band,64,0.4433333333333333,0.20214303841275574,0.9742574257425742,High,"time on bench, low utilisation, pay below market"
E103560,Delivery,L2,Junior (L1-L2),Hyderabad,Man,North,Tier 2,Rehire,1.3,,966000.0,0.958,Within band,31,0.96,0.04170779123565482,0.21504950495049505,Low,1 to 3 years in
E103561,Cloud and Infrastructure,L5,Senior (L5-L6),Hyderabad,Man,South,Tier 3,Job portal,1.3,,4254000.0,0.92,Within band,41,0.7400000000000001,0.0609604194942563,0.4067326732673267,Low,"1 to 3 years in, low utilisation, pay below market"
E103563,Delivery,L1,Junior (L1-L2),Hyderabad,Woman,South,Tier 2,Referral,1.3,,563000.0,0.993,Within band,37,0.86,0.0748355709337414,0.548910891089109,Low,1 to 3 years in
E103564,Cloud and Infrastructure,L1,Junior (L1-L2),Hyderabad,Man,Northeast,Tier 2,Referral,1.3,,611000.0,0.998,Within band,72,0.7433333333333333,0.12126987274609727,0.8233663366336633,Medium,"low utilisation, 1 to 3 years in"
E103566,Delivery,L3,Mid (L3-L4),Hyderabad,Woman,East,Tier 2,Job portal,1.3,,1975000.0,1.12,Above band,31,0.5433333333333333,0.062487986237267486,0.42534653465346534,Low,low utilisation
E103567,Delivery,L3,Mid (L3-L4),Bengaluru,Man,East,Tier 3,Job portal,1.3,,2065000.0,1.115,Above band,66,0.82,0.05285104149219104,0.32792079207920793,Low,"long commute, 1 to 3 years in"
E103568,Delivery,L1,Junior (L1-L2),Bengaluru,Man,North,Tier 3,Referral,1.3,,632000.0,1.062,Within band,42,0.87,0.04803765362193279,0.28356435643564354,Low,1 to 3 years in
E103569,Delivery,L2,Junior (L1-L2),Hyderabad,Man,South,Tier 3,Agency,1.3,,1044000.0,1.036,Within band,49,0.9366666666666666,0.053276721774297965,0.3314851485148515,Low,1 to 3 years in
E103570,Delivery,L1,Junior (L1-L2),Hyderabad,Man,South,Tier 1,Job portal,1.3,,418000.0,0.737,Below band,47,0.9033333333333333,0.108458788373918,0.7655445544554456,Medium,"pay below market, 1 to 3 years in"
E103571,Delivery,L1,Junior (L1-L2),Bengaluru,Woman,South,Tier 3,Job portal,1.3,,498000.0,0.837,Below band,34,0.38999999999999996,0.18716097718927305,0.9647524752475247,High,"pay below market, low utilisation, 1 to 3 years in"
E103572,Cloud and Infrastructure,L2,Junior (L1-L2),Hyderabad,Man,North,Tier 2,Referral,1.3,,1134000.0,1.042,Within band,32,0.81,0.08849247791969034,0.6518811881188119,Low,"low utilisation, 1 to 3 years in"
E103574,Quality Engineering,L1,Junior (L1-L2),Hyderabad,Man,South,Tier 2,Job portal,1.3,,446000.0,0.854,Below band,29,0.9199999999999999,0.10584481939062192,0.7524752475247525,Medium,"pay below market, 1 to 3 years in"
E103575,Delivery,L2,Junior (L1-L2),Hyderabad,Man,South,Tier 3,Job portal,1.3,,1052000.0,1.044,Within band,150,0.7966666666666665,0.09306440687844768,0.6796039603960397,Low,low utilisation
E103577,Delivery,L3,Mid (L3-L4),Hyderabad,Man,West,Tier 3,Job portal,1.3,,1904000.0,1.079,Within band,51,0.89,0.046351873691025176,0.2633663366336634,Low,""
E103578,Delivery,L1,Junior (L1-L2),Hyderabad,Man,East,Tier 1,Referral,1.3,,575000.0,1.014,Within band,77,0.81,0.1406634201103906,0.8891089108910891,Medium,"long commute, 1 to 3 years in, low utilisation"
E103579,Consulting,L1,Junior (L1-L2),Bengaluru,Man,South,Tier 3,Referral,1.3,,776000.0,1.185,Above band,76,0.37333333333333335,0.055085605908209725,0.3497029702970297,Low,long commute
E103580,Sales and Presales,L2,Junior (L1-L2),Bengaluru,Woman,North,Tier 2,Agency,1.3,,1003000.0,0.903,Within band,82,,0.12374170238131661,0.8344554455445544,Medium,"long commute, pay below market, 1 to 3 years in"
E103581,Delivery,L2,Junior (L1-L2),Bengaluru,Man,East,Tier 3,Job portal,1.3,,1009000.0,0.954,Within band,87,0.91,0.09779674776317303,0.7095049504950495,Medium,"long commute, 1 to 3 years in"
E103582,Delivery,L3,Mid (L3-L4),Bengaluru,Woman,West,Tier 3,Rehire,1.3,,2068000.0,1.117,Above band,94,0.8366666666666666,0.10565413534358285,0.7508910891089109,Medium,long commute
E103583,Delivery,L2,Junior (L1-L2),Hyderabad,Woman,South,Tier 2,Job portal,1.3,,905000.0,0.898,Below band,31,0.83,0.13001703213486673,0.8621782178217822,Medium,"pay below market, low utilisation, 1 to 3 years in"
E103584,Delivery,L2,Junior (L1-L2),Hyderabad,Woman,South,Tier 2,Job portal,1.3,,835000.0,0.828,Below band,97,0.7000000000000001,0.2916898867734926,0.998019801980198,High,"pay below market, long commute, 1 to 3 years in"
E103585,Quality Engineering,L3,Mid (L3-L4),Bengaluru,Man,East,Tier 3,Referral,1.3,,1713000.0,1.005,Within band,51,0.12666666666666668,0.10684310385520875,0.7576237623762376,Medium,"low utilisation, 1 to 3 years in"
E103586,Delivery,L1,Junior (L1-L2),Bengaluru,Man,South,Tier 2,Job portal,1.3,,633000.0,1.064,Within band,45,0.5066666666666667,0.08098594963137608,0.6,Low,low utilisation
E103587,Delivery,L2,Junior (L1-L2),Hyderabad,Man,South,Tier 1,Referral,1.3,,1050000.0,1.042,Within band,34,0.8399999999999999,0.0712395088764674,0.5162376237623763,Low,1 to 3 years in
E103588,Delivery,L2,Junior (L1-L2),Bengaluru,Man,North,Tier 1,Job portal,1.3,,1025000.0,0.969,Within band,87,0.9,0.09779674776317303,0.7095049504950495,Medium,"long commute, 1 to 3 years in"
E103590,Delivery,L3,Mid (L3-L4),Bengaluru,Man,South,Tier 2,Referral,1.3,,2093000.0,1.13,Above band,92,0.8533333333333334,0.0751290084487825,0.5528712871287129,Low,long commute
E103591,Quality Engineering,L2,Junior (L1-L2),Bengaluru,Man,West,Tier 3,Referral,1.3,,1014000.0,1.041,Within band,41,0.9,0.056975644051926705,0.3710891089108911,Low,1 to 3 years in
E103592,Delivery,L1,Junior (L1-L2),Hyderabad,Man,South,Tier 1,Job portal,1.3,,644000.0,1.136,Above band,56,0.9266666666666666,0.04092116570265696,0.2079207920792079,Low,long commute
E103593,Delivery,L1,Junior (L1-L2),Hyderabad,Man,North,Tier 2,Agency,1.3,,508000.0,0.896,Below band,23,0.82,0.12328634917300092,0.832079207920792,Medium,"pay below market, low utilisation, 1 to 3 years in"
E103594,Cloud and Infrastructure,L3,Mid (L3-L4),Hyderabad,Woman,East,Tier 3,Job portal,1.3,,1885000.0,0.99,Within band,37,0.41333333333333333,0.13762083771001865,0.8788118811881188,Medium,"low utilisation, time on bench, 1 to 3 years in"
E103595,Corporate Functions,L2,Junior (L1-L2),Hyderabad,Man,East,Tier 3,Referral,1.3,,882000.0,0.972,Within band,27,,0.08156739639137328,0.6045544554455445,Low,1 to 3 years in
E103596,Delivery,L2,Junior (L1-L2),Bengaluru,Man,South,Tier 2,Job portal,1.3,,954000.0,0.902,Within band,58,0.8233333333333333,0.135629604647031,0.8756435643564356,Medium,"pay below market, low utilisation, 1 to 3 years in"
E103598,Corporate Functions,L4,Mid (L3-L4),Hyderabad,Man,North,Tier 1,Referral,1.2,,2964000.0,1.188,Above band,91,,0.04967680680703696,0.2998019801980198,Low,long commute
E103599,Consulting,L3,Mid (L3-L4),Bengaluru,Man,Northeast,Tier 2,Agency,1.2,,2102000.0,1.032,Within band,102,0.7866666666666666,0.15233159385380354,0.9192079207920792,High,"long commute, low utilisation"
E103600,Delivery,L1,Junior (L1-L2),Bengaluru,Man,North,Tier 2,Referral,1.2,,663000.0,1.114,Above band,98,0.87,0.08113438532917962,0.6015841584158416,Low,"long commute, time on bench"
E103601,Delivery,L4,Mid (L3-L4),Hyderabad,Man,East,Tier 3,Referral,1.2,,2164000.0,0.781,Below band,32,0.7866666666666666,0.14281501055173418,0.8978217821782178,Medium,"pay below market, low utilisation, 1 to 3 years in"
E103602,Delivery,L3,Mid (L3-L4),Bengaluru,Woman,South,Tier 3,Agency,1.2,,1847000.0,0.997,Within band,34,0.91,0.07764771276511001,0.5758415841584158,Low,"time on bench, 1 to 3 years in"
E103603,Cloud and Infrastructure,L1,Junior (L1-L2),Bengaluru,Man,East,Tier 2,Job portal,1.2,,598000.0,0.93,Within band,58,0.8033333333333332,0.14470420810674334,0.9021782178217822,High,"pay below market, low utilisation, 1 to 3 years in"
E103604,Corporate Functions,L2,Junior (L1-L2),Bengaluru,Woman,South,Tier 2,Job portal,1.2,,941000.0,0.988,Within band,42,,0.08376420365936281,0.6162376237623762,Low,1 to 3 years in
E103605,Quality Engineering,L3,Mid (L3-L4),Hyderabad,Man,West,Tier 2,Job portal,1.2,,1591000.0,0.98,Within band,39,0.89,0.06216957061827038,0.4201980198019802,Low,1 to 3 years in
E103607,Quality Engineering,L3,Mid (L3-L4),Bengaluru,Woman,South,Tier 2,Referral,1.2,,1665000.0,0.977,Within band,45,0.9199999999999999,0.06307339730339125,0.4320792079207921,Low,1 to 3 years in
E103608,Delivery,L1,Junior (L1-L2),Hyderabad,Man,North,Tier 2,Agency,1.2,,518000.0,0.914,Within band,28,0.8700000000000001,0.08031240816523973,0.5944554455445544,Low,"pay below market, 1 to 3 years in"
E103609,Quality Engineering,L5,Senior (L5-L6),Bengaluru,Man,East,Tier 3,Job portal,1.2,,3734000.0,0.903,Within band,123,0.43,0.14874571599243577,0.9116831683168317,High,"long commute, low utilisation, 1 to 3 years in"
E103610,Quality Engineering,L1,Junior (L1-L2),Bengaluru,Man,East,Tier 3,Referral,1.2,,413000.0,0.754,Below band,55,0.3566666666666667,0.20406569136301114,0.9754455445544554,High,"pay below market, low utilisation, 1 to 3 years in"
E103611,Quality Engineering,L3,Mid (L3-L4),Bengaluru,Man,South,Tier 3,Job portal,1.2,,1687000.0,0.99,Within band,59,0.8666666666666666,0.08376034454703046,0.6158415841584158,Low,"1 to 3 years in, long commute"
E103612,Delivery,L1,Junior (L1-L2),Bengaluru,Woman,South,Tier 2,Agency,1.2,,554000.0,0.931,Within band,32,0.8866666666666666,0.06831076247171093,0.4863366336633663,Low,"pay below market, 1 to 3 years in"
E103613,Consulting,L2,Junior (L1-L2),Hyderabad,Man,Northeast,Tier 2,Job portal,1.2,,1167000.0,1.052,Within band,31,0.79,0.07432519547816027,0.5437623762376238,Low,low utilisation
E103614,Delivery,L1,Junior (L1-L2),Bengaluru,Man,South,Tier 3,Agency,1.2,,530000.0,0.891,Below band,48,0.8233333333333334,0.12772141816392726,0.853069306930693,Medium,"pay below market, low utilisation, 1 to 3 years in"
E103615,Data and Analytics,L3,Mid (L3-L4),Bengaluru,Man,East,Tier 2,Referral,1.1,,2115000.0,1.02,Within band,50,0.92,0.059151813603329294,0.3897029702970297,Low,1 to 3 years in
E103616,Delivery,L2,Junior (L1-L2),Hyderabad,Woman,South,Tier 3,Referral,1.1,,914000.0,0.907,Within band,19,0.8266666666666667,0.12921378330228414,0.8594059405940594,Medium,"pay below market, low utilisation, 1 to 3 years in"
E103617,Delivery,L4,Mid (L3-L4),Hyderabad,Man,Northeast,Tier 1,Job portal,1.1,,2648000.0,0.956,Within band,22,0.77,0.08865191150249567,0.6526732673267327,Low,"low utilisation, 1 to 3 years in"
E103618,Delivery,L1,Junior (L1-L2),Hyderabad,Woman,East,Tier 2,Agency,1.1,,556000.0,0.981,Within band,21,0.4033333333333333,0.12418469156226648,0.8368316831683168,Medium,"low utilisation, 1 to 3 years in"
E103619,Quality Engineering,L2,Junior (L1-L2),Hyderabad,Woman,South,Tier 2,Job portal,1.1,,1040000.0,1.122,Above band,47,0.7433333333333335,0.11674333037710759,0.8023762376237624,Medium,"time on bench, low utilisation, 1 to 3 years in"
E103620,Delivery,L4,Mid (L3-L4),Bengaluru,Man,East,Tier 1,Referral,1.1,,3270000.0,1.124,Above band,106,0.9166666666666666,0.06896645543601687,0.4914851485148515,Low,"long commute, time on bench"
E103621,Corporate Functions,L2,Junior (L1-L2),Hyderabad,Man,North,Tier 2,Referral,1.1,,950000.0,1.047,Within band,30,,0.07191942254943642,0.5223762376237624,Low,1 to 3 years in
E103622,Delivery,L2,Junior (L1-L2),Bengaluru,Man,South,Tier 2,Referral,1.1,,1096000.0,1.036,Within band,65,0.8633333333333333,0.08318446598383122,0.6138613861386139,Low,"long commute, 1 to 3 years in"
E103623,Corporate Functions,L1,Junior (L1-L2),Hyderabad,Woman,South,Tier 2,Job portal,1.1,,390000.0,0.765,Below band,22,,0.13075168673192744,0.8649504950495049,Medium,"pay below market, 1 to 3 years in"
E103624,Delivery,L4,Mid (L3-L4),Hyderabad,Woman,South,Tier 3,Referral,1.1,,2526000.0,0.912,Within band,29,0.7666666666666666,0.11392924448539642,0.7916831683168317,Medium,"low utilisation, pay below market, 1 to 3 years in"
E103625,Delivery,L1,Junior (L1-L2),Bengaluru,Man,South,Tier 3,Job portal,1.1,,600000.0,1.008,Within band,28,0.7799999999999999,0.0998023121597442,0.7235643564356435,Medium,"low utilisation, 1 to 3 years in"
E103626,Delivery,L3,Mid (L3-L4),Bengaluru,Man,West,Tier 1,Job portal,1.1,,1744000.0,0.942,Within band,92,0.73,0.16749287697635165,0.9413861386138613,High,"low utilisation, pay below market, long commute"
E103627,Delivery,L3,Mid (L3-L4),Bengaluru,Man,South,Tier 3,Agency,1.1,,1952000.0,1.054,Within band,57,0.8099999999999999,0.08025915080671525,0.5932673267326732,Low,"low utilisation, 1 to 3 years in, long commute"
E103628,Delivery,L1,Junior (L1-L2),Hyderabad,Man,South,Tier 1,Job portal,1.1,,574000.0,1.012,Within band,28,0.8733333333333334,0.08108383780864904,0.6007920792079208,Low,"time on bench, 1 to 3 years in, long commute"
E103629,Quality Engineering,L2,Junior (L1-L2),Hyderabad,Man,West,Tier 2,Job portal,1.1,,849000.0,0.916,Within band,45,0.8366666666666666,0.1029210915195091,0.7386138613861386,Medium,"pay below market, 1 to 3 years in"
E103630,Delivery,L3,Mid (L3-L4),Hyderabad,Man,South,Tier 2,Referral,1.1,,1628000.0,0.923,Within band,56,0.8533333333333334,0.1020357765985665,0.7354455445544554,Medium,"pay below market, 1 to 3 years in"
E103631,Delivery,L5,Senior (L5-L6),Bengaluru,Man,South,Tier 2,Referral,1.1,,4647000.0,1.033,Within band,137,0.8166666666666668,0.05897874914675151,0.38811881188118813,Low,"long commute, 1 to 3 years in"
E103632,Corporate Functions,L2,Junior (L1-L2),Hyderabad,Woman,South,Tier 3,Agency,1.1,,897000.0,0.989,Within band,30,,0.08156739639137328,0.6045544554455445,Low,1 to 3 years in
E103634,Quality Engineering,L3,Mid (L3-L4),Hyderabad,Man,Northeast,Tier 2,Job portal,1.1,,1716000.0,1.057,Within band,24,0.7733333333333334,0.07804027139947163,0.5778217821782178,Low,low utilisation
E103635,Delivery,L1,Junior (L1-L2),Hyderabad,Woman,South,Tier 3,Agency,1.1,,517000.0,0.912,Within band,82,0.88,0.1000090071148109,0.7259405940594059,Medium,"long commute, pay below market, 1 to 3 years in"
E103636,Delivery,L3,Mid (L3-L4),Bengaluru,Man,North,Tier 1,Agency,1.1,,1556000.0,0.84,Below band,74,0.7566666666666668,0.22160367676783918,0.9841584158415841,High,"pay below market, 1 to 3 years in, low utilisation"
E103637,Delivery,L4,Mid (L3-L4),Bengaluru,Man,South,Tier 2,Job portal,1.1,,3397000.0,1.167,Above band,50,0.8433333333333334,0.029162954381164057,0.09980198019801981,Low,""
E103638,Quality Engineering,L2,Junior (L1-L2),Bengaluru,Woman,South,Tier 2,Job portal,1.1,,1006000.0,1.033,Within band,20,0.8433333333333334,0.0712395088764674,0.5162376237623763,Low,1 to 3 years in
E103639,Cloud and Infrastructure,L3,Mid (L3-L4),Bengaluru,Man,South,Tier 1,Job portal,1.1,,1834000.0,0.917,Within band,85,0.7399999999999999,0.1757463486194067,0.952079207920792,High,"low utilisation, pay below market, long commute"
E103640,Delivery,L4,Mid (L3-L4),Bengaluru,Man,Northeast,Tier 3,Rehire,1.0,,2910000.0,1.0,Within band,60,0.82,0.09684258687327152,0.7029702970297029,Medium,"long commute, 1 to 3 years in"
E103641,Delivery,L2,Junior (L1-L2),Hyderabad,Man,Northeast,Tier 3,Referral,1.0,,883000.0,0.876,Below band,100,0.7833333333333333,0.28764955207821186,0.9976237623762376,High,"pay below market, long commute, 1 to 3 years in"
E103642,Data and Analytics,L3,Mid (L3-L4),Hyderabad,Man,South,Tier 3,Job portal,1.0,,1659000.0,0.84,Below band,34,0.7366666666666667,0.17334512908017155,0.9489108910891089,High,"low utilisation, pay below market, 1 to 3 years in"
E103643,Delivery,L2,Junior (L1-L2),Bengaluru,Man,South,Tier 3,Agency,1.0,,1045000.0,0.988,Within band,41,0.8233333333333334,0.09578785828983583,0.699009900990099,Low,"1 to 3 years in, low utilisation"
E103644,Delivery,L3,Mid (L3-L4),Bengaluru,Man,North,Tier 3,Job portal,1.0,,1536000.0,0.829,Below band,65,0.8266666666666667,0.18485087451553192,0.9631683168316831,High,"pay below market, 1 to 3 years in, low utilisation"
E103645,Delivery,L3,Mid (L3-L4),Bengaluru,Woman,West,Tier 1,Job portal,1.0,,1752000.0,0.946,Within band,45,0.3033333333333333,0.14937369763253727,0.9128712871287129,High,"low utilisation, pay below market, 1 to 3 years in"
E103646,Corporate Functions,L3,Mid (L3-L4),Bengaluru,Woman,South,Tier 2,Agency,1.0,,1642000.0,0.985,Within band,33,,0.07893219753417624,0.5829702970297029,Low,1 to 3 years in
E103647,Delivery,L1,Junior (L1-L2),Hyderabad,Man,South,Tier 1,Job portal,1.0,,599000.0,1.056,Within band,46,0.7233333333333333,0.08958167488077273,0.6598019801980198,Low,"low utilisation, long commute"
E103648,Delivery,L2,Junior (L1-L2),Hyderabad,Man,South,Tier 3,Referral,1.0,,969000.0,0.961,Within band,35,0.7966666666666665,0.10972610428580992,0.7699009900990099,Medium,"low utilisation, 1 to 3 years in"
E103649,Delivery,L2,Junior (L1-L2),Hyderabad,Man,East,Tier 1,Job portal,1.0,,1129000.0,1.12,Above band,32,0.79,0.06563381817627453,0.4598019801980198,Low,low utilisation
E103650,Delivery,L3,Mid (L3-L4),Hyderabad,Man,East,Tier 2,Job portal,1.0,,1567000.0,0.888,Below band,74,0.8633333333333333,0.11021748572573929,0.7722772277227723,Medium,"long commute, pay below market, 1 to 3 years in"
E103652,Corporate Functions,L3,Mid (L3-L4),Bengaluru,Woman,South,Tier 2,Job portal,1.0,,1473000.0,0.884,Below band,55,,0.1152209391071046,0.7964356435643565,Medium,"pay below market, 1 to 3 years in"
E103653,Cloud and Infrastructure,L2,Junior (L1-L2),Hyderabad,Man,South,Tier 3,Referral,1.0,,1018000.0,0.936,Within band,43,0.9533333333333333,0.08087297620962644,0.5992079207920792,Low,"pay below market, 1 to 3 years in"
E103654,Consulting,L6,Senior (L5-L6),Hyderabad,Man,North,Tier 1,Referral,1.0,,6898000.0,0.905,Within band,20,0.20666666666666667,0.05659038451889003,0.36633663366336633,Low,"1 to 3 years in, low utilisation, pay below market"
E103655,Cloud and Infrastructure,L2,Junior (L1-L2),Bengaluru,Man,South,Tier 2,Referral,1.0,,1072000.0,0.938,Within band,37,0.86,0.10635067352607559,0.756039603960396,Medium,"pay below market, 1 to 3 years in"
E103656,Sales and Presales,L3,Mid (L3-L4),Hyderabad,Woman,Northeast,Tier 2,Referral,1.0,,2264000.0,1.222,Above band,61,,0.045268836129369085,0.2518811881188119,Low,long commute
E103657,Delivery,L1,Junior (L1-L2),Hyderabad,Woman,West,Tier 3,Agency,1.0,,567000.0,1.0,Within band,47,0.17,0.14249748638430243,0.8966336633663367,Medium,"low utilisation, time on bench, 1 to 3 years in"
E103658,Delivery,L3,Mid (L3-L4),Bengaluru,Man,North,Tier 3,Referral,1.0,,1731000.0,0.935,Within band,49,0.8833333333333333,0.07753996495231245,0.5734653465346534,Low,"pay below market, 1 to 3 years in"
E103659,Delivery,L1,Junior (L1-L2),Hyderabad,Man,South,Tier 2,Referral,1.0,,492000.0,0.868,Below band,35,0.7666666666666666,0.2002845193175688,0.973069306930693,High,"pay below market, low utilisation, 1 to 3 years in"
E103660,Consulting,L1,Junior (L1-L2),Hyderabad,Man,South,Tier 3,Job portal,1.0,,610000.0,0.978,Within band,38,0.63,0.0945608451533382,0.6895049504950495,Low,"low utilisation, 1 to 3 years in"
E103662,Delivery,L3,Mid (L3-L4),Hyderabad,Woman,West,Tier 1,Referral,1.0,,1434000.0,0.813,Below band,27,0.3466666666666667,0.16819226697711753,0.9425742574257425,High,"pay below market, low utilisation, 1 to 3 years in"
E103663,Delivery,L3,Mid (L3-L4),Hyderabad,Man,South,Tier 1,Referral,1.0,,1750000.0,0.992,Within band,44,0.8766666666666666,0.06973757136180052,0.5005940594059406,Low,1 to 3 years in
E103664,Consulting,L4,Mid (L3-L4),Bengaluru,Woman,South,Tier 1,Job portal,1.0,,3381000.0,1.056,Within band,49,0.8533333333333334,0.04027484508519496,0.2007920792079208,Low,""
E103665,Data and Analytics,L3,Mid (L3-L4),Bengaluru,Man,North,Tier 3,Job portal,1.0,,2233000.0,1.077,Within band,35,0.34,0.08578267123618717,0.6328712871287129,Low,"low utilisation, 1 to 3 years in"
E103666,Delivery,L1,Junior (L1-L2),Hyderabad,Woman,North,Tier 2,Agency,1.0,,464000.0,0.818,Below band,53,0.7766666666666667,0.21782434650194613,0.9817821782178218,High,"pay below market, low utilisation, 1 to 3 years in"
E103667,Quality Engineering,L3,Mid (L3-L4),Hyderabad,Man,South,Tier 3,Agency,1.0,,1528000.0,0.941,Within band,54,0.8533333333333334,0.10121825955078842,0.7314851485148515,Medium,"pay below market, 1 to 3 years in"
E103668,Quality Engineering,L5,Senior (L5-L6),Hyderabad,Man,South,Tier 1,Job portal,0.9,,4408000.0,1.119,Above band,26,0.7033333333333333,0.02504988904386415,0.07326732673267326,Low,low utilisation
E103669,Delivery,L5,Senior (L5-L6),Bengaluru,Woman,East,Tier 3,Job portal,0.9,,4418000.0,0.982,Within band,59,0.8933333333333334,0.02722644289300309,0.08356435643564357,Low,""
E103670,Consulting,L3,Mid (L3-L4),Hyderabad,Woman,South,Tier 3,Job portal,0.9,,1744000.0,0.899,Below band,38,0.8233333333333334,0.10529186911791714,0.7493069306930693,Medium,"pay below market, low utilisation"
E103671,Consulting,L4,Mid (L3-L4),Bengaluru,Man,South,Tier 1,Agency,0.9,,3384000.0,1.057,Within band,53,0.8066666666666666,0.04332124302355176,0.2324752475247525,Low,low utilisation
E103672,Data and Analytics,L2,Junior (L1-L2),Hyderabad,Man,West,Tier 2,Agency,0.9,,1211000.0,1.073,Within band,49,0.9033333333333333,0.043274397153150373,0.2312871287128713,Low,""
E103673,Sales and Presales,L1,Junior (L1-L2),Hyderabad,Man,West,Tier 3,Job portal,0.9,,699000.0,1.175,Above band,18,,0.0391490105651693,0.1897029702970297,Low,""
E103674,Consulting,L4,Mid (L3-L4),Hyderabad,Woman,South,Tier 2,Referral,0.9,,3441000.0,1.129,Above band,38,0.87,0.021807965499699048,0.057821782178217825,Low,""
E103676,Data and Analytics,L3,Mid (L3-L4),Hyderabad,Woman,South,Tier 2,Job portal,0.9,,2191000.0,1.109,Above band,34,0.8266666666666667,0.05159262716981432,0.31603960396039604,Low,time on bench
E103677,Delivery,L3,Mid (L3-L4),Hyderabad,Man,South,Tier 2,Agency,0.9,,1884000.0,1.068,Within band,40,0.8766666666666666,0.04051708010667908,0.20277227722772279,Low,""
E103678,Delivery,L4,Mid (L3-L4),Hyderabad,Man,North,Tier 3,Job portal,0.9,,2908000.0,1.049,Within band,17,0.8633333333333333,0.035189724472570336,0.1500990099009901,Low,""
E103679,Delivery,L3,Mid (L3-L4),Bengaluru,Woman,North,Tier 3,Job portal,0.9,,1759000.0,0.95,Within band,39,0.73,0.09500369419911962,0.6938613861386138,Low,low utilisation
E103680,Delivery,L4,Mid (L3-L4),Bengaluru,Man,South,Tier 2,Referral,0.9,,3102000.0,1.066,Within band,76,0.8933333333333332,0.03172282857630656,0.12039603960396039,Low,""
E103681,Sales and Presales,L3,Mid (L3-L4),Bengaluru,Man,West,Tier 1,Agency,0.9,,1985000.0,1.021,Within band,49,,0.05781428460710505,0.3801980198019802,Low,""
E103682,Delivery,L1,Junior (L1-L2),Hyderabad,Man,South,Tier 2,Referral,0.9,,473000.0,0.834,Below band,24,0.9666666666666667,0.05156507845044267,0.31564356435643565,Low,pay below market
E103683,Delivery,L1,Junior (L1-L2),Hyderabad,Man,South,Tier 2,Job portal,0.9,,603000.0,1.063,Within band,40,0.8566666666666666,0.04713916482160092,0.2728712871287129,Low,""
E103685,Delivery,L6,Senior (L5-L6),Bengaluru,Man,South,Tier 2,Job portal,0.9,,6589000.0,0.906,Within band,65,0.82,0.039159321894610015,0.1900990099009901,Low,pay below market
E103686,Quality Engineering,L2,Junior (L1-L2),Bengaluru,Man,South,Tier 3,Referral,0.9,,974000.0,1.0,Within band,80,0.8733333333333334,0.0801774448611038,0.5908910891089109,Low,long commute
E103688,Delivery,L2,Junior (L1-L2),Bengaluru,Woman,South,Tier 3,Job portal,0.9,,1095000.0,1.035,Within band,77,0.9199999999999999,0.09712657970165677,0.7049504950495049,Medium,long commute
E103689,Data and Analytics,L1,Junior (L1-L2),Bengaluru,Woman,North,Tier 2,Job portal,0.9,,694000.0,1.04,Within band,103,0.93,0.06801815534332567,0.48316831683168315,Low,long commute
E103690,Quality Engineering,L2,Junior (L1-L2),Hyderabad,Man,North,Tier 3,Job portal,0.9,,962000.0,1.038,Within band,32,0.7133333333333334,0.08935169692349236,0.6578217821782179,Low,low utilisation
E103691,Delivery,L2,Junior (L1-L2),Hyderabad,Man,South,Tier 3,Referral,0.9,,1086000.0,1.077,Within band,62,0.89,0.05397414079300069,0.33782178217821784,Low,long commute
E103692,Quality Engineering,L4,Mid (L3-L4),Hyderabad,Man,North,Tier 1,Agency,0.9,,2829000.0,1.109,Above band,50,0.8466666666666667,0.029154106912861525,0.09940594059405941,Low,""
E103693,Delivery,L1,Junior (L1-L2),Bengaluru,Woman,East,Tier 1,Referral,0.9,,748000.0,1.257,Above band,40,0.8033333333333332,0.040767227181773245,0.20594059405940593,Low,""
E103694,Data and Analytics,L2,Junior (L1-L2),Hyderabad,Woman,South,Tier 2,Job portal,0.9,,1209000.0,1.071,Within band,20,0.9366666666666666,0.038298044671213095,0.18336633663366336,Low,""
E103695,Delivery,L1,Junior (L1-L2),Bengaluru,Man,Northeast,Tier 2,Agency,0.9,,769000.0,1.292,Above band,76,0.8366666666666668,0.04050372601370821,0.2023762376237624,Low,""
E103696,Data and Analytics,L1,Junior (L1-L2),Hyderabad,Woman,South,Tier 2,Job portal,0.9,,450000.0,0.709,Below band,39,0.8666666666666667,0.08986838884727487,0.6613861386138614,Low,pay below market
E103697,Cloud and Infrastructure,L1,Junior (L1-L2),Hyderabad,Man,East,Tier 2,Job portal,0.9,,559000.0,0.913,Within band,85,0.79,0.15127045166691427,0.9160396039603961,High,"low utilisation, pay below market, long commute"
E103698,Delivery,L2,Junior (L1-L2),Hyderabad,Woman,Northeast,Tier 2,Agency,0.9,,1007000.0,0.999,Within band,16,0.7433333333333333,0.11628477270477197,0.8015841584158416,Medium,low utilisation
E103699,Cloud and Infrastructure,L2,Junior (L1-L2),Hyderabad,Man,South,Tier 2,Referral,0.9,,1055000.0,0.97,Within band,13,0.36333333333333334,0.10333124946144519,0.7405940594059406,Medium,low utilisation
E103700,Cloud and Infrastructure,L3,Mid (L3-L4),Bengaluru,Man,North,Tier 1,Job portal,0.9,,1749000.0,0.875,Below band,43,0.8666666666666667,0.10568889509126803,0.7512871287128713,Medium,pay below market
E103701,Quality Engineering,L1,Junior (L1-L2),Bengaluru,Woman,South,Tier 3,Agency,0.9,,503000.0,0.918,Within band,33,0.8233333333333333,0.11137293639746704,0.7782178217821782,Medium,"pay below market, low utilisation"
E103702,Delivery,L1,Junior (L1-L2),Hyderabad,Man,South,Tier 2,Referral,0.9,,542000.0,0.956,Within band,40,0.8966666666666666,0.0475541707363673,0.27762376237623765,Low,""
E103703,Delivery,L1,Junior (L1-L2),Hyderabad,Man,South,Tier 2,Agency,0.9,,635000.0,1.12,Above band,60,0.08333333333333333,0.08677199325303693,0.6403960396039604,Low,"low utilisation, time on bench, long commute"
E103704,Cloud and Infrastructure,L1,Junior (L1-L2),Bengaluru,Man,South,Tier 2,Agency,0.9,,554000.0,0.862,Below band,123,0.7200000000000001,0.27720543082437293,0.9972277227722772,High,"pay below market, low utilisation, long commute"
E103705,Quality Engineering,L1,Junior (L1-L2),Hyderabad,Man,South,Tier 3,Job portal,0.9,,523000.0,1.002,Within band,32,0.8366666666666666,0.06329841600883779,0.43485148514851485,Low,""
E103706,Cloud and Infrastructure,L3,Mid (L3-L4),Hyderabad,Man,South,Tier 3,Job portal,0.9,,1680000.0,0.882,Below band,24,0.8366666666666666,0.10527482186109037,0.7489108910891089,Medium,pay below market
E103707,Corporate Functions,L3,Mid (L3-L4),Hyderabad,Man,West,Tier 3,Job portal,0.9,,1628000.0,1.026,Within band,63,,0.06977560427673765,0.5013861386138614,Low,long commute
E103708,Data and Analytics,L2,Junior (L1-L2),Bengaluru,Man,South,Tier 3,Job portal,0.8,,1216000.0,1.026,Within band,61,0.8666666666666667,0.06571854579834344,0.4613861386138614,Low,long commute
E103709,Quality Engineering,L3,Mid (L3-L4),Bengaluru,Man,North,Tier 2,Job portal,0.8,,1599000.0,0.938,Within band,90,0.5333333333333333,0.14418628032383363,0.900990099009901,High,"low utilisation, pay below market, long commute"
E103710,Data and Analytics,L2,Junior (L1-L2),Hyderabad,Man,Northeast,Tier 2,Referral,0.8,,1034000.0,0.916,Within band,53,0.9033333333333333,0.0767463595020289,0.5671287128712871,Low,pay below market
E103711,Delivery,L4,Mid (L3-L4),Bengaluru,Man,South,Tier 2,Job portal,0.8,,2832000.0,0.973,Within band,45,0.7999999999999999,0.07457193304953534,0.5461386138613862,Low,low utilisation
E103712,Consulting,L2,Junior (L1-L2),Hyderabad,Man,North,Tier 3,Referral,0.8,,1248000.0,1.125,Above band,137,0.8533333333333334,0.07379422451496206,0.5394059405940594,Low,"long commute, time on bench"
E103713,Quality Engineering,L2,Junior (L1-L2),Hyderabad,Man,South,Tier 3,Agency,0.8,,1002000.0,1.081,Within band,33,0.9233333333333333,0.0399255885928391,0.19564356435643565,Low,""
E103714,Data and Analytics,L2,Junior (L1-L2),Hyderabad,Man,South,Tier 3,Agency,0.8,,1403000.0,1.243,Above band,49,0.6766666666666667,0.0630753578088511,0.43247524752475247,Low,low utilisation
E103715,Cloud and Infrastructure,L2,Junior (L1-L2),Bengaluru,Woman,North,Tier 3,Agency,0.8,,1031000.0,0.902,Within band,66,0.68,0.1673014611291027,0.9409900990099009,High,"low utilisation, pay below market"
E103716,Sales and Presales,L1,Junior (L1-L2),Hyderabad,Man,South,Tier 2,Rehire,0.8,,619000.0,1.04,Within band,52,,0.05960917168598437,0.3928712871287129,Low,""
E103717,Consulting,L2,Junior (L1-L2),Bengaluru,Woman,South,Tier 3,Job portal,0.8,,1005000.0,0.863,Below band,35,0.84,0.10735116823460748,0.7611881188118812,Medium,pay below market
E103718,Sales and Presales,L2,Junior (L1-L2),Hyderabad,Woman,North,Tier 3,Referral,0.8,,803000.0,0.759,Below band,36,,0.1054207993918549,0.7497029702970297,Medium,pay below market
E103720,Delivery,L3,Mid (L3-L4),Bengaluru,Man,South,Tier 2,Referral,0.8,,2011000.0,1.086,Within band,35,0.85,0.04728173927126862,0.27524752475247527,Low,""
E103721,Delivery,L3,Mid (L3-L4),Hyderabad,Woman,East,Tier 2,Referral,0.8,,1580000.0,0.896,Below band,51,0.91,0.07241286157600153,0.527920792079208,Low,pay below market
E103722,Delivery,L4,Mid (L3-L4),Bengaluru,Man,West,Tier 3,Job portal,0.8,,3846000.0,1.322,Above band,72,0.8700000000000001,0.0264451490477438,0.07920792079207921,Low,""
E103723,Data and Analytics,L3,Mid (L3-L4),Hyderabad,Man,North,Tier 3,Agency,0.8,,1966000.0,0.995,Within band,42,0.8999999999999999,0.05308086473921751,0.3291089108910891,Low,""
E103724,Data and Analytics,L2,Junior (L1-L2),Hyderabad,Man,South,Tier 3,Agency,0.8,,1681000.0,1.489,Above band,31,0.85,0.02082948699348186,0.05306930693069307,Low,""
E103725,Delivery,L4,Mid (L3-L4),Hyderabad,Man,South,Tier 2,Agency,0.8,,2984000.0,1.077,Within band,53,0.7966666666666665,0.05155769701197181,0.31485148514851485,Low,low utilisation
E103727,Delivery,L2,Junior (L1-L2),Hyderabad,Man,West,Tier 3,Agency,0.8,,915000.0,0.908,Within band,47,0.7966666666666667,0.14561281401092424,0.904950495049505,High,"low utilisation, pay below market"
E103728,Cloud and Infrastructure,L3,Mid (L3-L4),Hyderabad,Woman,North,Tier 1,Job portal,0.8,,2428000.0,1.275,Above band,27,0.8866666666666667,0.02743865987632432,0.08594059405940593,Low,""
E103729,Delivery,L5,Senior (L5-L6),Hyderabad,Man,East,Tier 2,Job portal,0.8,,4518000.0,1.055,Within band,27,0.8833333333333333,0.021817451614921435,0.05821782178217822,Low,""
E103730,Delivery,L4,Mid (L3-L4),Bengaluru,Man,West,Tier 3,Job portal,0.8,,2815000.0,0.967,Within band,25,0.5166666666666666,0.07602559843541502,0.5631683168316831,Low,low utilisation
E103732,Delivery,L6,Senior (L5-L6),Hyderabad,Man,South,Tier 2,Referral,0.8,,7230000.0,1.044,Within band,22,0.6833333333333332,0.032732228819046236,0.12792079207920792,Low,low utilisation
E103733,Cloud and Infrastructure,L2,Junior (L1-L2),Bengaluru,Man,North,Tier 3,Job portal,0.8,,1269000.0,1.11,Above band,62,0.7999999999999999,0.06929642852178275,0.49504950495049505,Low,low utilisation
E103734,Quality Engineering,L3,Mid (L3-L4),Hyderabad,Man,South,Tier 3,Job portal,0.8,,1417000.0,0.873,Below band,37,0.7833333333333333,0.1598414027791847,0.9310891089108911,High,"pay below market, low utilisation"
E103735,Consulting,L2,Junior (L1-L2),Bengaluru,Man,South,Tier 2,Job portal,0.8,,1205000.0,1.035,Within band,40,0.7566666666666667,0.08046944670106805,0.5964356435643564,Low,low utilisation
E103736,Delivery,L2,Junior (L1-L2),Hyderabad,Man,Northeast,Tier 3,Job portal,0.8,,1264000.0,1.254,Above band,32,0.8799999999999999,0.031242242368710475,0.11524752475247525,Low,""
E103737,Delivery,L1,Junior (L1-L2),Bengaluru,Man,East,Tier 2,Job portal,0.8,,642000.0,1.079,Within band,39,0.79,0.067414961052532,0.4792079207920792,Low,low utilisation
E103738,Sales and Presales,L1,Junior (L1-L2),Bengaluru,Man,South,Tier 2,Referral,0.8,,550000.0,0.88,Below band,47,,0.11300233808434533,0.7881188118811882,Medium,pay below market
E103739,Data and Analytics,L3,Mid (L3-L4),Hyderabad,Woman,East,Tier 2,Agency,0.8,,2178000.0,1.103,Above band,14,0.79,0.07589512190285608,0.5611881188118812,Low,"low utilisation, long commute"
E103740,Delivery,L2,Junior (L1-L2),Hyderabad,Man,South,Tier 2,Job portal,0.8,,1118000.0,1.109,Above band,78,0.8633333333333333,0.0928320591109301,0.6780198019801981,Low,long commute
E103742,Cloud and Infrastructure,L2,Junior (L1-L2),Hyderabad,Man,East,Tier 3,Referral,0.8,,1122000.0,1.031,Within band,27,0.9366666666666665,0.04552954664417163,0.25386138613861386,Low,""
E103743,Sales and Presales,L1,Junior (L1-L2),Hyderabad,Man,East,Tier 3,Job portal,0.8,,700000.0,1.176,Above band,47,,0.03996188399551109,0.19603960396039605,Low,""
E103744,Sales and Presales,L1,Junior (L1-L2),Bengaluru,Man,South,Tier 2,Job portal,0.8,,652000.0,1.043,Within band,69,,0.06678090495786493,0.4697029702970297,Low,long commute
E103745,Delivery,L3,Mid (L3-L4),Hyderabad,Woman,South,Tier 2,Job portal,0.8,,1744000.0,0.989,Within band,51,0.9233333333333333,0.05054804548077892,0.30574257425742574,Low,""
E103746,Delivery,L4,Mid (L3-L4),Bengaluru,Man,South,Tier 3,Job portal,0.8,,3174000.0,1.091,Within band,57,0.9066666666666666,0.0308172632462383,0.1104950495049505,Low,""
E103747,Delivery,L1,Junior (L1-L2),Hyderabad,Man,East,Tier 2,Agency,0.8,,606000.0,1.069,Within band,45,0.8366666666666668,0.04772428362737576,0.2803960396039604,Low,""
E103748,Quality Engineering,L1,Junior (L1-L2),Hyderabad,Woman,West,Tier 1,Agency,0.8,,508000.0,0.973,Within band,35,0.8366666666666666,0.06286503429877163,0.4300990099009901,Low,""
E103749,Delivery,L1,Junior (L1-L2),Bengaluru,Woman,South,Tier 1,Referral,0.8,,624000.0,1.049,Within band,84,0.33,0.11278306949785098,0.7853465346534654,Medium,"long commute, low utilisation"
E103750,Consulting,L1,Junior (L1-L2),Hyderabad,Woman,South,Tier 3,Job portal,0.8,,517000.0,0.829,Below band,45,0.79,0.14672134949356347,0.9081188118811881,High,"pay below market, low utilisation"
E103751,Corporate Functions,L1,Junior (L1-L2),Hyderabad,Woman,East,Tier 2,Job portal,0.8,,583000.0,1.143,Above band,49,,0.03763698326987978,0.17504950495049504,Low,""
E103752,Quality Engineering,L1,Junior (L1-L2),Hyderabad,Woman,South,Tier 3,Job portal,0.8,,536000.0,1.027,Within band,17,0.8233333333333333,0.05968135599217676,0.3936633663366337,Low,""
E103753,Delivery,L1,Junior (L1-L2),Bengaluru,Woman,South,Tier 2,Agency,0.8,,651000.0,1.094,Within band,93,0.77,0.12465598357995389,0.8407920792079208,Medium,"low utilisation, long commute"
E103754,Delivery,L3,Mid (L3-L4),Hyderabad,Man,West,Tier 1,Agency,0.8,,1941000.0,1.1,Above band,57,0.7966666666666665,0.06614872552401961,0.46574257425742577,Low,low utilisation
E103755,Delivery,L2,Junior (L1-L2),Bengaluru,Woman,South,Tier 3,Job portal,0.8,,1075000.0,1.016,Within band,34,0.17,0.10617269746986803,0.7556435643564356,Medium,"low utilisation, time on bench"
E103756,Quality Engineering,L2,Junior (L1-L2),Bengaluru,Woman,South,Tier 3,Referral,0.8,,831000.0,0.853,Below band,73,0.3333333333333333,0.18810561161353784,0.9659405940594059,High,"pay below market, low utilisation"
E103757,Delivery,L4,Mid (L3-L4),Bengaluru,Man,East,Tier 2,Job portal,0.7,,2827000.0,0.971,Within band,75,0.8733333333333334,0.04570180474927711,0.25663366336633664,Low,""
E103758,Data and Analytics,L2,Junior (L1-L2),Hyderabad,Woman,South,Tier 2,Referral,0.7,,1020000.0,0.903,Within band,50,0.7533333333333333,0.14341153301604942,0.8998019801980198,Medium,"low utilisation, pay below market"
E103759,Sales and Presales,L4,Mid (L3-L4),Hyderabad,Woman,North,Tier 2,Job portal,0.7,,3309000.0,1.137,Above band,17,,0.02575256727451337,0.07643564356435643,Low,""
E103760,Quality Engineering,L3,Mid (L3-L4),Hyderabad,Man,West,Tier 3,Job portal,0.7,,1543000.0,0.951,Within band,30,0.8866666666666667,0.049510134507676475,0.2978217821782178,Low,""
E103761,Delivery,L3,Mid (L3-L4),Hyderabad,Woman,South,Tier 3,Referral,0.7,,1832000.0,1.039,Within band,95,0.9400000000000001,0.07177207490070969,0.5203960396039604,Low,long commute
E103762,Quality Engineering,L2,Junior (L1-L2),Hyderabad,Man,South,Tier 1,Referral,0.7,,1068000.0,1.152,Above band,39,0.58,0.06418975276388926,0.4423762376237624,Low,low utilisation
E103763,Quality Engineering,L2,Junior (L1-L2),Bengaluru,Man,South,Tier 3,Agency,0.7,,928000.0,0.953,Within band,71,0.9366666666666666,0.06086515689975473,0.40554455445544557,Low,long commute
E103764,Delivery,L4,Mid (L3-L4),Hyderabad,Woman,South,Tier 2,Job portal,0.7,,2648000.0,0.956,Within band,26,0.7766666666666667,0.07411635724355704,0.5421782178217822,Low,low utilisation
E103765,Quality Engineering,L2,Junior (L1-L2),Bengaluru,Man,Northeast,Tier 2,Referral,0.7,,1083000.0,1.112,Above band,28,0.6466666666666666,0.08235910694820625,0.6083168316831683,Low,"low utilisation, time on bench"
E103766,Quality Engineering,L2,Junior (L1-L2),Hyderabad,Woman,South,Tier 2,Referral,0.7,,887000.0,0.957,Within band,23,0.8366666666666666,0.06753587935906223,0.4796039603960396,Low,""
E103767,Data and Analytics,L2,Junior (L1-L2),Bengaluru,Man,East,Tier 3,Agency,0.7,,1157000.0,0.976,Within band,51,0.16,0.12067257642516994,0.819009900990099,Medium,low utilisation
E103768,Delivery,L1,Junior (L1-L2),Hyderabad,Man,East,Tier 3,Job portal,0.7,,502000.0,0.885,Below band,74,0.09333333333333334,0.14832631518758432,0.9097029702970297,High,"pay below market, low utilisation"
E103769,Delivery,L1,Junior (L1-L2),Hyderabad,Woman,South,Tier 3,Job portal,0.7,,549000.0,0.968,Within band,23,0.8433333333333334,0.06117384733190244,0.4099009900990099,Low,""
E103770,Quality Engineering,L1,Junior (L1-L2),Bengaluru,Man,South,Tier 2,Job portal,0.7,,471000.0,0.859,Below band,52,0.7666666666666666,0.17678168915580075,0.9538613861386138,High,"pay below market, low utilisation"
E103771,Consulting,L3,Mid (L3-L4),Bengaluru,Man,South,Tier 3,Rehire,0.7,,1899000.0,0.932,Within band,53,0.3466666666666667,0.11841240672287986,0.8110891089108911,Medium,"low utilisation, pay below market"
E103772,Cloud and Infrastructure,L4,Mid (L3-L4),Bengaluru,Man,South,Tier 3,Job portal,0.7,,4155000.0,1.322,Above band,74,0.61,0.03881152307285019,0.18732673267326733,Low,low utilisation
E103773,Cloud and Infrastructure,L3,Mid (L3-L4),Bengaluru,Woman,South,Tier 3,Job portal,0.7,,2273000.0,1.137,Above band,38,0.7600000000000001,0.06015161740624538,0.39801980198019804,Low,low utilisation
E103774,Quality Engineering,L2,Junior (L1-L2),Bengaluru,Man,South,Tier 2,Agency,0.7,,1112000.0,1.142,Above band,82,0.8566666666666666,0.06908692040886064,0.49346534653465346,Low,long commute
E103775,Quality Engineering,L2,Junior (L1-L2),Hyderabad,Man,East,Tier 3,Job portal,0.7,,887000.0,0.957,Within band,55,0.16333333333333333,0.10073570544931242,0.7287128712871287,Medium,low utilisation
E103776,Delivery,L1,Junior (L1-L2),Hyderabad,Woman,North,Tier 3,Agency,0.7,,534000.0,0.942,Within band,42,0.8433333333333334,0.08425403004475004,0.6198019801980198,Low,pay below market
E103777,Data and Analytics,L1,Junior (L1-L2),Bengaluru,Man,South,Tier 3,Job portal,0.7,,744000.0,1.115,Above band,71,0.7766666666666667,0.071369326930887,0.5172277227722772,Low,"low utilisation, long commute"
E103778,Consulting,L2,Junior (L1-L2),Bengaluru,Man,North,Tier 3,Referral,0.7,,1494000.0,1.284,Above band,66,0.9233333333333333,0.04175771810569887,0.21584158415841584,Low,long commute
E103779,Data and Analytics,L1,Junior (L1-L2),Bengaluru,Woman,Northeast,Tier 3,Referral,0.7,,647000.0,0.97,Within band,32,0.8933333333333334,0.04673843533692443,0.26653465346534655,Low,""
E103780,Delivery,L1,Junior (L1-L2),Hyderabad,Woman,South,Tier 2,Job portal,0.7,,461000.0,0.813,Below band,62,0.9166666666666666,0.09801320690460348,0.7116831683168316,Medium,"pay below market, long commute"
E103781,Delivery,L2,Junior (L1-L2),Bengaluru,Man,South,Tier 3,Referral,0.7,,1050000.0,0.992,Within band,29,0.7966666666666667,0.09435875678840729,0.6887128712871287,Low,low utilisation
E103782,Delivery,L1,Junior (L1-L2),Hyderabad,Man,West,Tier 3,Referral,0.7,,437000.0,0.771,Below band,43,0.9199999999999999,0.08393650891438549,0.6174257425742574,Low,pay below market
E103783,Delivery,L3,Mid (L3-L4),Bengaluru,Man,South,Tier 3,Referral,0.7,,1727000.0,0.933,Within band,44,0.8799999999999999,0.06860581714106709,0.4879207920792079,Low,pay below market
E103785,Quality Engineering,L3,Mid (L3-L4),Bengaluru,Woman,Northeast,Tier 2,Job portal,0.7,,1880000.0,1.103,Above band,61,0.8466666666666667,0.049941769702833254,0.30217821782178217,Low,long commute
E103786,Sales and Presales,L3,Mid (L3-L4),Bengaluru,Man,South,Tier 3,Job portal,0.7,,1977000.0,1.017,Within band,49,,0.05741614925221375,0.37663366336633664,Low,""
E103787,Quality Engineering,L3,Mid (L3-L4),Hyderabad,Man,East,Tier 2,Job portal,0.7,,1744000.0,1.075,Within band,68,0.5466666666666666,0.07778315891719018,0.5766336633663366,Low,low utilisation
E103788,Quality Engineering,L3,Mid (L3-L4),Hyderabad,Man,West,Tier 3,Referral,0.7,,2110000.0,1.3,Above band,43,0.8166666666666668,0.03324411227938547,0.13306930693069308,Low,""
E103789,Delivery,L1,Junior (L1-L2),Hyderabad,Woman,South,Tier 3,Job portal,0.7,,581000.0,1.025,Within band,20,0.79,0.07861259890519103,0.5805940594059406,Low,low utilisation
E103790,Delivery,L1,Junior (L1-L2),Hyderabad,Man,South,Tier 1,Referral,0.7,,541000.0,0.954,Within band,66,0.8266666666666667,0.07941388378506697,0.5861386138613861,Low,long commute
E103791,Delivery,L1,Junior (L1-L2),Bengaluru,Man,South,Tier 2,Agency,0.7,,639000.0,1.074,Within band,55,0.93,0.036918222839755085,0.16712871287128714,Low,""
E103792,Delivery,L2,Junior (L1-L2),Hyderabad,Woman,West,Tier 1,Job portal,0.7,,1078000.0,1.069,Within band,41,0.6866666666666666,0.08104060136410982,0.6003960396039604,Low,low utilisation
E103793,Cloud and Infrastructure,L2,Junior (L1-L2),Bengaluru,Man,North,Tier 3,Job portal,0.7,,1104000.0,0.966,Within band,59,0.8066666666666666,0.09264811651400429,0.6764356435643565,Low,low utilisation
E103794,Quality Engineering,L2,Junior (L1-L2),Hyderabad,Woman,South,Tier 1,Job portal,0.7,,873000.0,0.942,Within band,44,0.7600000000000001,0.13089583466046265,0.8653465346534653,Medium,"low utilisation, pay below market"
E103795,Corporate Functions,L1,Junior (L1-L2),Hyderabad,Woman,North,Tier 1,Job portal,0.7,,477000.0,0.935,Within band,33,,0.08362482355350506,0.615049504950495,Low,pay below market
E103796,Corporate Functions,L4,Mid (L3-L4),Hyderabad,Man,South,Tier 3,Referral,0.6,,3039000.0,1.219,Above band,64,,0.027899704986307755,0.0899009900990099,Low,""
E103797,Data and Analytics,L1,Junior (L1-L2),Hyderabad,Woman,South,Tier 3,Campus,0.6,,668000.0,1.052,Within band,36,0.88,0.03652212143116697,0.16356435643564357,Low,""
E103798,Delivery,L1,Junior (L1-L2),Bengaluru,Woman,South,Tier 3,Campus,0.6,,570000.0,0.958,Within band,46,0.8533333333333334,0.06964224508322053,0.4994059405940594,Low,long commute
E103799,Consulting,L1,Junior (L1-L2),Bengaluru,Man,South,Tier 2,Campus,0.6,,647000.0,0.988,Within band,49,0.8766666666666666,0.046939130170341105,0.2700990099009901,Low,""
E103800,Quality Engineering,L1,Junior (L1-L2),Hyderabad,Man,West,Tier 2,Campus,0.6,,513000.0,0.983,Within band,37,0.8533333333333334,0.06216482763088021,0.4198019801980198,Low,""
E103801,Delivery,L1,Junior (L1-L2),Hyderabad,Man,South,Tier 1,Campus,0.6,,533000.0,0.94,Within band,20,0.8733333333333334,0.06530138890194716,0.45643564356435645,Low,pay below market
E103803,Delivery,L1,Junior (L1-L2),Hyderabad,Man,East,Tier 2,Campus,0.6,,589000.0,1.039,Within band,49,0.7000000000000001,0.08710606714088075,0.6423762376237624,Low,low utilisation
E103804,Cloud and Infrastructure,L1,Junior (L1-L2),Bengaluru,Man,South,Tier 2,Campus,0.6,,606000.0,0.942,Within band,69,0.7133333333333334,0.13937000773349986,0.8863366336633663,Medium,"low utilisation, pay below market"
E103805,Quality Engineering,L1,Junior (L1-L2),Hyderabad,Woman,South,Tier 2,Campus,0.6,,453000.0,0.868,Below band,41,0.7966666666666667,0.1739217740066361,0.9497029702970297,High,"pay below market, low utilisation"
E103806,Quality Engineering,L1,Junior (L1-L2),Bengaluru,Man,South,Tier 1,Campus,0.6,,650000.0,1.186,Above band,67,0.8866666666666667,0.03779038052387624,0.17742574257425742,Low,long commute
E103807,Delivery,L1,Junior (L1-L2),Hyderabad,Woman,South,Tier 2,Campus,0.6,,553000.0,0.975,Within band,22,0.6433333333333334,0.11295172373632495,0.7873267326732674,Medium,"low utilisation, time on bench"
E103808,Delivery,L1,Junior (L1-L2),Bengaluru,Man,North,Tier 3,Campus,0.6,,516000.0,0.867,Below band,63,0.79,0.17905851493528852,0.957029702970297,High,"pay below market, low utilisation"
E103809,Data and Analytics,L1,Junior (L1-L2),Hyderabad,Woman,South,Tier 2,Campus,0.6,,562000.0,0.885,Below band,21,0.9633333333333334,0.04568949813962092,0.25623762376237624,Low,pay below market
E103810,Data and Analytics,L1,Junior (L1-L2),Hyderabad,Man,North,Tier 2,Campus,0.6,,599000.0,0.943,Within band,65,0.84,0.09779230302656958,0.7089108910891089,Medium,"pay below market, long commute"
E103811,Sales and Presales,L1,Junior (L1-L2),Hyderabad,Man,South,Tier 3,Campus,0.6,,629000.0,1.057,Within band,33,,0.0488164614950975,0.29188118811881186,Low,""
E103812,Data and Analytics,L1,Junior (L1-L2),Bengaluru,Man,West,Tier 3,Campus,0.6,,735000.0,1.102,Above band,34,0.8066666666666666,0.04954306679008087,0.2982178217821782,Low,low utilisation
E103813,Quality Engineering,L1,Junior (L1-L2),Bengaluru,Woman,North,Tier 3,Campus,0.6,,531000.0,0.969,Within band,47,0.8833333333333333,0.048228544838323555,0.2851485148514851,Low,""
E103814,Sales and Presales,L1,Junior (L1-L2),Bengaluru,Woman,South,Tier 3,Campus,0.6,,563000.0,0.901,Within band,61,,0.0987836565599938,0.7148514851485148,Medium,"pay below market, long commute"
E103815,Quality Engineering,L1,Junior (L1-L2),Hyderabad,Woman,West,Tier 1,Campus,0.6,,495000.0,0.948,Within band,17,0.8266666666666667,0.06951229251518773,0.4972277227722772,Low,low utilisation
E103816,Cloud and Infrastructure,L1,Junior (L1-L2),Hyderabad,Woman,South,Tier 2,Campus,0.6,,742000.0,1.212,Above band,42,0.83,0.040144569818520416,0.2,Low,""
E103817,Quality Engineering,L1,Junior (L1-L2),Hyderabad,Man,East,Tier 1,Campus,0.6,,517000.0,0.99,Within band,29,0.8733333333333334,0.04846438638967644,0.2867326732673267,Low,""
E103818,Delivery,L1,Junior (L1-L2),Hyderabad,Man,East,Tier 3,Campus,0.6,,536000.0,0.945,Within band,77,0.8866666666666666,0.11250350792187414,0.7837623762376238,Medium,"long commute, pay below market"
E103819,Delivery,L1,Junior (L1-L2),Hyderabad,Man,South,Tier 2,Campus,0.6,,479000.0,0.845,Below band,59,0.8366666666666666,0.12312782612512738,0.8316831683168316,Medium,"pay below market, long commute"
E103820,Cloud and Infrastructure,L1,Junior (L1-L2),Hyderabad,Woman,South,Tier 2,Campus,0.6,,544000.0,0.889,Below band,18,0.7466666666666667,0.1381372503805809,0.8807920792079208,Medium,"low utilisation, pay below market"
E103821,Quality Engineering,L1,Junior (L1-L2),Hyderabad,Man,South,Tier 3,Campus,0.6,,468000.0,0.897,Below band,54,0.5766666666666667,0.13458845353844553,0.8736633663366337,Medium,"low utilisation, pay below market"
E103822,Delivery,L1,Junior (L1-L2),Bengaluru,Man,East,Tier 2,Campus,0.6,,657000.0,1.104,Above band,48,0.8566666666666666,0.0434500874663426,0.23485148514851484,Low,""
E103823,Delivery,L1,Junior (L1-L2),Bengaluru,Man,South,Tier 3,Campus,0.6,,732000.0,1.23,Above band,86,0.9066666666666666,0.05295456362705776,0.32831683168316833,Low,long commute
E103824,Quality Engineering,L1,Junior (L1-L2),Hyderabad,Man,South,Tier 2,Campus,0.6,,553000.0,1.059,Within band,43,0.7833333333333332,0.07461610649805374,0.5473267326732674,Low,low utilisation
E103825,Quality Engineering,L1,Junior (L1-L2),Hyderabad,Man,South,Tier 2,Campus,0.6,,476000.0,0.912,Within band,41,0.8300000000000001,0.11512372115913953,0.7960396039603961,Medium,"pay below market, low utilisation"
E103826,Quality Engineering,L1,Junior (L1-L2),Hyderabad,Man,South,Tier 2,Campus,0.6,,505000.0,0.967,Within band,53,0.9133333333333332,0.043595848836292694,0.23643564356435642,Low,""
E103827,Data and Analytics,L1,Junior (L1-L2),Hyderabad,Woman,Northeast,Tier 3,Campus,0.6,,585000.0,0.921,Within band,27,0.7999999999999999,0.12307232566916163,0.8312871287128712,Medium,"low utilisation, pay below market"
E103828,Data and Analytics,L1,Junior (L1-L2),Hyderabad,Man,South,Tier 1,Campus,0.6,,651000.0,1.025,Within band,34,0.7799999999999999,0.08290139961266249,0.6122772277227723,Low,low utilisation
E103829,Consulting,L1,Junior (L1-L2),Hyderabad,Woman,North,Tier 2,Campus,0.6,,548000.0,0.878,Below band,36,0.8833333333333333,0.06585010593446955,0.4645544554455446,Low,pay below market
E103830,Consulting,L1,Junior (L1-L2),Bengaluru,Man,South,Tier 3,Campus,0.6,,614000.0,0.937,Within band,45,0.8466666666666667,0.0766664106461336,0.5667326732673267,Low,pay below market
E103831,Cloud and Infrastructure,L1,Junior (L1-L2),Hyderabad,Woman,South,Tier 2,Campus,0.6,,566000.0,0.925,Within band,63,0.8633333333333333,0.0981388242879227,0.7124752475247524,Medium,"pay below market, long commute"
E103832,Delivery,L1,Junior (L1-L2),Bengaluru,Woman,South,Tier 3,Campus,0.6,,562000.0,0.945,Within band,86,0.82,0.12714331050832278,0.8514851485148515,Medium,"pay below market, low utilisation, long commute"
E103833,Delivery,L1,Junior (L1-L2),Hyderabad,Man,South,Tier 3,Campus,0.6,,601000.0,1.06,Within band,56,0.9166666666666666,0.04007111089794552,0.19801980198019803,Low,""
E103834,Delivery,L1,Junior (L1-L2),Bengaluru,Woman,South,Tier 3,Campus,0.6,,576000.0,0.968,Within band,34,0.8000000000000002,0.07443417226543926,0.5451485148514852,Low,low utilisation
E103835,Quality Engineering,L1,Junior (L1-L2),Bengaluru,Woman,North,Tier 2,Campus,0.6,,495000.0,0.903,Within band,24,0.7799999999999999,0.12517068091293923,0.8423762376237623,Medium,"low utilisation, pay below market"
E103836,Delivery,L1,Junior (L1-L2),Bengaluru,Man,North,Tier 3,Campus,0.6,,498000.0,0.837,Below band,102,0.8799999999999999,0.12329925188172568,0.8324752475247524,Medium,"pay below market, long commute"
E103837,Delivery,L1,Junior (L1-L2),Hyderabad,Woman,North,Tier 2,Campus,0.6,,649000.0,1.145,Above band,15,0.84,0.03848175057103927,0.18376237623762376,Low,""
E103838,Cloud and Infrastructure,L1,Junior (L1-L2),Hyderabad,Woman,South,Tier 3,Campus,0.6,,516000.0,0.843,Below band,48,0.8566666666666666,0.11387265098623763,0.7908910891089109,Medium,pay below market
E103839,Data and Analytics,L1,Junior (L1-L2),Hyderabad,Man,South,Tier 3,Campus,0.6,,661000.0,1.041,Within band,25,0.8766666666666666,0.043378060205537354,0.23326732673267328,Low,""
E103840,Delivery,L1,Junior (L1-L2),Hyderabad,Man,South,Tier 3,Campus,0.6,,583000.0,1.028,Within band,22,0.7999999999999999,0.07577419914763739,0.5580198019801981,Low,low utilisation
E103841,Data and Analytics,L1,Junior (L1-L2),Hyderabad,Woman,South,Tier 3,Campus,0.6,,554000.0,0.872,Below band,31,0.47000000000000003,0.16930244163266664,0.9445544554455445,High,"pay below market, low utilisation"
E103842,Cloud and Infrastructure,L1,Junior (L1-L2),Bengaluru,Man,East,Tier 3,Campus,0.6,,532000.0,0.827,Below band,52,0.9066666666666666,0.08636054136902646,0.6368316831683168,Low,pay below market
E103843,Delivery,L1,Junior (L1-L2),Bengaluru,Man,West,Tier 1,Campus,0.6,,685000.0,1.151,Above band,72,0.9133333333333332,0.03484331508561198,0.14653465346534653,Low,long commute
E103844,Delivery,L1,Junior (L1-L2),Hyderabad,Woman,North,Tier 3,Campus,0.6,,556000.0,0.981,Within band,30,0.8866666666666667,0.04479820738973462,0.24831683168316832,Low,""
E103845,Data and Analytics,L1,Junior (L1-L2),Bengaluru,Woman,East,Tier 1,Campus,0.6,,501000.0,0.751,Below band,40,0.12999999999999998,0.15581773458959844,0.9263366336633664,High,"pay below market, low utilisation"
E103846,Delivery,L1,Junior (L1-L2),Bengaluru,Woman,South,Tier 3,Campus,0.6,,503000.0,0.845,Below band,87,0.8433333333333333,0.13621093833211154,0.8772277227722772,Medium,"pay below market, long commute"
E103847,Delivery,L1,Junior (L1-L2),Hyderabad,Woman,South,Tier 3,Campus,0.6,,569000.0,1.004,Within band,36,0.9,0.04554577965980732,0.25445544554455446,Low,""
E103848,Data and Analytics,L1,Junior (L1-L2),Hyderabad,Man,South,Tier 2,Campus,0.6,,534000.0,0.841,Below band,43,0.5466666666666666,0.168682460530733,0.9433663366336633,High,"pay below market, low utilisation"
E103849,Quality Engineering,L1,Junior (L1-L2),Hyderabad,Man,South,Tier 3,Campus,0.6,,508000.0,0.973,Within band,35,0.85,0.06117384733190244,0.4099009900990099,Low,""
E103850,Cloud and Infrastructure,L1,Junior (L1-L2),Bengaluru,Woman,South,Tier 2,Campus,0.6,,664000.0,1.033,Within band,71,0.8166666666666665,0.07392255998363438,0.5401980198019802,Low,long commute
E103851,Cloud and Infrastructure,L1,Junior (L1-L2),Hyderabad,Woman,North,Tier 1,Campus,0.6,,651000.0,1.064,Within band,52,0.56,0.09351100757010146,0.681980198019802,Low,"low utilisation, time on bench"
E103852,Data and Analytics,L1,Junior (L1-L2),Hyderabad,Man,South,Tier 1,Campus,0.6,,596000.0,0.939,Within band,139,0.8933333333333334,0.12254530917303863,0.8285148514851485,Medium,"long commute, pay below market"
E103853,Delivery,L1,Junior (L1-L2),Bengaluru,Man,South,Tier 1,Campus,0.6,,613000.0,1.03,Within band,55,0.7799999999999999,0.08456232989809079,0.6221782178217822,Low,low utilisation
E103854,Sales and Presales,L1,Junior (L1-L2),Bengaluru,Woman,East,Tier 3,Campus,0.6,,541000.0,0.866,Below band,64,,0.13563398015725892,0.876039603960396,Medium,"pay below market, long commute"
E103855,Delivery,L1,Junior (L1-L2),Bengaluru,Man,East,Tier 2,Campus,0.6,,586000.0,0.985,Within band,51,0.85,0.06403419790946081,0.4411881188118812,Low,""
E103856,Delivery,L1,Junior (L1-L2),Hyderabad,Woman,North,Tier 2,Campus,0.6,,506000.0,0.892,Below band,40,0.9066666666666666,0.06499455425510188,0.4499009900990099,Low,pay below market
E103857,Delivery,L1,Junior (L1-L2),Hyderabad,Woman,South,Tier 2,Campus,0.6,,571000.0,1.007,Within band,28,0.8933333333333334,0.04201819411805143,0.21821782178217822,Low,""
E103858,Data and Analytics,L1,Junior (L1-L2),Bengaluru,Woman,West,Tier 3,Campus,0.6,,611000.0,0.916,Within band,54,0.8266666666666667,0.11833653092763899,0.80990099009901,Medium,"pay below market, low utilisation"
E103859,Quality Engineering,L1,Junior (L1-L2),Hyderabad,Man,Northeast,Tier 3,Campus,0.6,,534000.0,1.023,Within band,13,0.59,0.08293172640985823,0.6126732673267327,Low,low utilisation
E103860,Delivery,L1,Junior (L1-L2),Hyderabad,Woman,South,Tier 2,Campus,0.6,,618000.0,1.09,Within band,37,0.77,0.07358754346768998,0.5366336633663367,Low,low utilisation
E103862,Delivery,L1,Junior (L1-L2),Bengaluru,Woman,West,Tier 2,Campus,0.6,,546000.0,0.918,Within band,57,0.79,0.12542800805284451,0.8443564356435643,Medium,"low utilisation, pay below market"
E103863,Delivery,L1,Junior (L1-L2),Hyderabad,Woman,East,Tier 3,Campus,0.6,,570000.0,1.005,Within band,74,0.54,0.11204220029065037,0.782970297029703,Medium,"low utilisation, time on bench"
E103864,Delivery,L1,Junior (L1-L2),Bengaluru,Man,South,Tier 1,Campus,0.6,,604000.0,1.015,Within band,81,0.7833333333333332,0.11554397090042694,0.7988118811881189,Medium,"long commute, low utilisation"
E103866,Quality Engineering,L1,Junior (L1-L2),Hyderabad,Woman,North,Tier 2,Campus,0.6,,447000.0,0.856,Below band,45,0.56,0.19937757586750912,0.9726732673267326,High,"pay below market, low utilisation, time on bench"
E103867,Data and Analytics,L1,Junior (L1-L2),Bengaluru,Woman,North,Tier 2,Campus,0.6,,624000.0,0.936,Within band,25,0.8166666666666668,0.11219314129431342,0.7833663366336634,Medium,"pay below market, low utilisation"
E103868,Data and Analytics,L1,Junior (L1-L2),Hyderabad,Woman,South,Tier 1,Campus,0.6,,601000.0,0.946,Within band,51,0.7233333333333333,0.1320490483752459,0.8677227722772277,Medium,"low utilisation, pay below market"
E103869,Quality Engineering,L1,Junior (L1-L2),Bengaluru,Woman,South,Tier 1,Campus,0.6,,575000.0,1.049,Within band,52,0.7999999999999999,0.07063694880324765,0.5100990099009901,Low,low utilisation
E103870,Delivery,L1,Junior (L1-L2),Bengaluru,Man,West,Tier 2,Campus,0.6,,545000.0,0.916,Within band,60,0.86,0.09571381480333477,0.6986138613861386,Low,"pay below market, long commute"
E103871,Quality Engineering,L1,Junior (L1-L2),Hyderabad,Woman,East,Tier 2,Campus,0.6,,541000.0,1.036,Within band,53,0.8233333333333334,0.06247656510827052,0.42455445544554454,Low,""
E103872,Data and Analytics,L1,Junior (L1-L2),Bengaluru,Man,South,Tier 2,Campus,0.6,,773000.0,1.159,Above band,49,0.8633333333333333,0.037135378979904536,0.1706930693069307,Low,""
E103873,Cloud and Infrastructure,L1,Junior (L1-L2),Hyderabad,Woman,South,Tier 2,Campus,0.6,,495000.0,0.809,Below band,24,0.9700000000000001,0.0512076390223379,0.3108910891089109,Low,pay below market
E103874,Delivery,L1,Junior (L1-L2),Hyderabad,Woman,East,Tier 3,Campus,0.6,,647000.0,1.141,Above band,50,0.7766666666666667,0.06103885394976052,0.4075247524752475,Low,low utilisation
E103875,Data and Analytics,L1,Junior (L1-L2),Bengaluru,Man,South,Tier 3,Campus,0.6,,653000.0,0.979,Within band,31,0.88,0.04597223012870899,0.2605940594059406,Low,""
E103876,Delivery,L1,Junior (L1-L2),Hyderabad,Woman,South,Tier 3,Campus,0.6,,581000.0,1.025,Within band,70,0.8233333333333333,0.0690161243345646,0.49267326732673267,Low,long commute
E103877,Delivery,L1,Junior (L1-L2),Hyderabad,Man,Northeast,Tier 2,Campus,0.6,,536000.0,0.945,Within band,38,0.6866666666666665,0.12359590066554854,0.8332673267326732,Medium,"low utilisation, pay below market"
E103878,Consulting,L1,Junior (L1-L2),Hyderabad,Woman,South,Tier 2,Campus,0.6,,598000.0,0.958,Within band,28,0.8033333333333333,0.06714157738940638,0.4756435643564356,Low,low utilisation
E103879,Sales and Presales,L1,Junior (L1-L2),Bengaluru,Man,South,Tier 2,Campus,0.6,,590000.0,0.944,Within band,89,,0.10486104813356584,0.7473267326732673,Medium,"pay below market, long commute"
E103880,Delivery,L1,Junior (L1-L2),Bengaluru,Woman,South,Tier 3,Campus,0.6,,692000.0,1.163,Above band,45,0.84,0.03781324710585283,0.1778217821782178,Low,""
E103881,Data and Analytics,L1,Junior (L1-L2),Bengaluru,Man,South,Tier 3,Campus,0.6,,594000.0,0.891,Below band,105,0.7933333333333333,0.15634742714503277,0.9275247524752476,High,"low utilisation, pay below market, long commute"
E103882,Delivery,L1,Junior (L1-L2),Bengaluru,Woman,West,Tier 3,Campus,0.6,,571000.0,0.96,Within band,38,0.93,0.042528917077485844,0.22178217821782178,Low,""
E103883,Quality Engineering,L1,Junior (L1-L2),Hyderabad,Woman,East,Tier 2,Campus,0.6,,503000.0,0.964,Within band,52,0.77,0.09459570732511738,0.69009900990099,Low,low utilisation
E103884,Cloud and Infrastructure,L1,Junior (L1-L2),Bengaluru,Woman,North,Tier 2,Campus,0.6,,670000.0,1.042,Within band,40,0.9266666666666667,0.04207969871810613,0.219009900990099,Low,""
E103885,Cloud and Infrastructure,L1,Junior (L1-L2),Hyderabad,Man,West,Tier 2,Campus,0.6,,661000.0,1.08,Within band,26,0.8533333333333334,0.05073863487384743,0.3073267326732673,Low,""
E103886,Cloud and Infrastructure,L1,Junior (L1-L2),Bengaluru,Man,South,Tier 2,Campus,0.6,,552000.0,0.858,Below band,35,0.7666666666666666,0.16176194452055864,0.9360396039603961,High,"pay below market, low utilisation"
E103887,Delivery,L1,Junior (L1-L2),Bengaluru,Man,North,Tier 2,Campus,0.6,,564000.0,0.948,Within band,50,0.56,0.0969772420308725,0.7039603960396039,Medium,low utilisation
E103888,Sales and Presales,L1,Junior (L1-L2),Hyderabad,Man,East,Tier 3,Campus,0.6,,579000.0,0.973,Within band,12,,0.06332070350188332,0.43564356435643564,Low,""
E103889,Data and Analytics,L1,Junior (L1-L2),Bengaluru,Woman,South,Tier 2,Campus,0.6,,685000.0,1.027,Within band,38,0.89,0.0407526419703728,0.20514851485148514,Low,""
E103890,Quality Engineering,L1,Junior (L1-L2),Hyderabad,Woman,North,Tier 2,Campus,0.6,,433000.0,0.83,Below band,17,0.41,0.1516278097608799,0.9168316831683169,High,"pay below market, low utilisation"
E103891,Quality Engineering,L1,Junior (L1-L2),Bengaluru,Man,East,Tier 3,Campus,0.6,,488000.0,0.891,Below band,31,0.4533333333333333,0.20455090231437895,0.9758415841584158,High,"time on bench, low utilisation, pay below market"
E103892,Cloud and Infrastructure,L1,Junior (L1-L2),Hyderabad,Man,South,Tier 1,Campus,0.6,,610000.0,0.997,Within band,47,0.8566666666666666,0.06971509958528495,0.5001980198019802,Low,""
E103893,Cloud and Infrastructure,L1,Junior (L1-L2),Bengaluru,Man,Northeast,Tier 2,Campus,0.6,,690000.0,1.073,Within band,73,0.19333333333333336,0.09461213990768144,0.6906930693069306,Low,"low utilisation, time on bench"
E103894,Quality Engineering,L1,Junior (L1-L2),Bengaluru,Woman,East,Tier 3,Campus,0.6,,543000.0,0.991,Within band,114,0.7833333333333333,0.12585113054059432,0.8475247524752475,Medium,"low utilisation, long commute"
E103895,Cloud and Infrastructure,L1,Junior (L1-L2),Bengaluru,Man,South,Tier 2,Campus,0.6,,749000.0,1.165,Above band,44,0.85,0.03948076441320733,0.19326732673267327,Low,""
E103896,Data and Analytics,L1,Junior (L1-L2),Hyderabad,Woman,South,Tier 2,Campus,0.6,,615000.0,0.969,Within band,34,0.5566666666666666,0.09509779578864425,0.6946534653465346,Low,low utilisation
E103897,Delivery,L1,Junior (L1-L2),Hyderabad,Woman,East,Tier 3,Campus,0.6,,470000.0,0.829,Below band,20,0.3033333333333333,0.19624430922148967,0.9695049504950495,High,"low utilisation, pay below market, time on bench"
E103898,Quality Engineering,L1,Junior (L1-L2),Hyderabad,Man,East,Tier 1,Campus,0.6,,527000.0,1.01,Within band,45,0.8633333333333333,0.054600055920478265,0.34415841584158413,Low,""
E103900,Delivery,L1,Junior (L1-L2),Bengaluru,Man,East,Tier 2,Campus,0.6,,557000.0,0.936,Within band,49,0.35000000000000003,0.12793377522729862,0.8546534653465346,Medium,"low utilisation, pay below market"
E103901,Delivery,L1,Junior (L1-L2),Hyderabad,Woman,North,Tier 2,Campus,0.6,,571000.0,1.007,Within band,34,0.8366666666666666,0.05807767083107571,0.382970297029703,Low,""
E103902,Quality Engineering,L1,Junior (L1-L2),Hyderabad,Woman,South,Tier 3,Campus,0.6,,509000.0,0.975,Within band,62,0.9400000000000001,0.05486310492485501,0.3465346534653465,Low,long commute
E103903,Delivery,L1,Junior (L1-L2),Hyderabad,Woman,Northeast,Tier 1,Campus,0.6,,485000.0,0.855,Below band,51,0.79,0.17678168915580075,0.9538613861386138,High,"pay below market, low utilisation"
E103904,Data and Analytics,L1,Junior (L1-L2),Hyderabad,Woman,South,Tier 1,Campus,0.6,,533000.0,0.839,Below band,16,0.7933333333333333,0.17114793005344792,0.9469306930693069,High,"pay below market, low utilisation, long commute"
E103905,Delivery,L1,Junior (L1-L2),Hyderabad,Man,East,Tier 3,Campus,0.6,,522000.0,0.921,Within band,17,0.8966666666666666,0.06325601667738907,0.43445544554455445,Low,pay below market
E103906,Delivery,L1,Junior (L1-L2),Hyderabad,Woman,East,Tier 2,Campus,0.6,,534000.0,0.942,Within band,44,0.77,0.12412614897846938,0.8364356435643564,Medium,"low utilisation, pay below market"
E103907,Delivery,L1,Junior (L1-L2),Bengaluru,Man,South,Tier 3,Campus,0.6,,583000.0,0.98,Within band,66,0.84,0.07486170684337404,0.5493069306930694,Low,long commute
E103908,Delivery,L1,Junior (L1-L2),Hyderabad,Man,South,Tier 2,Campus,0.6,,623000.0,1.099,Within band,26,0.82,0.050619401912220495,0.30653465346534653,Low,""
E103909,Data and Analytics,L1,Junior (L1-L2),Hyderabad,Woman,South,Tier 3,Campus,0.6,,594000.0,0.935,Within band,46,0.12333333333333334,0.13727921917187652,0.8784158415841584,Medium,"low utilisation, pay below market, long commute"
E103910,Data and Analytics,L1,Junior (L1-L2),Hyderabad,Man,North,Tier 1,Campus,0.6,,704000.0,1.109,Above band,58,0.8866666666666667,0.0392365182849577,0.1908910891089109,Low,long commute
E103911,Delivery,L1,Junior (L1-L2),Hyderabad,Man,East,Tier 3,Campus,0.6,,645000.0,1.138,Above band,33,0.8833333333333333,0.030251979985817613,0.10574257425742574,Low,""
E103912,Cloud and Infrastructure,L1,Junior (L1-L2),Bengaluru,Woman,East,Tier 1,Campus,0.6,,613000.0,0.953,Within band,62,0.93,0.058826962983791975,0.38772277227722773,Low,long commute
E103914,Cloud and Infrastructure,L1,Junior (L1-L2),Bengaluru,Man,North,Tier 2,Campus,0.6,,628000.0,0.977,Within band,29,0.84,0.06736582396814299,0.4788118811881188,Low,""
E103915,Delivery,L1,Junior (L1-L2),Bengaluru,Woman,South,Tier 3,Campus,0.6,,568000.0,0.955,Within band,126,0.8266666666666667,0.09395587550211204,0.6863366336633664,Low,long commute
E103916,Delivery,L1,Junior (L1-L2),Hyderabad,Man,South,Tier 1,Campus,0.6,,690000.0,1.217,Above band,42,0.8700000000000001,0.03137085564209181,0.11603960396039605,Low,""
E103917,Delivery,L1,Junior (L1-L2),Hyderabad,Woman,East,Tier 1,Campus,0.6,,642000.0,1.132,Above band,14,0.9,0.031182235669636665,0.11485148514851486,Low,""
E103918,Delivery,L1,Junior (L1-L2),Hyderabad,Man,South,Tier 2,Campus,0.6,,568000.0,1.002,Within band,47,0.15666666666666665,0.09497922368502597,0.6934653465346534,Low,low utilisation
E103919,Delivery,L1,Junior (L1-L2),Hyderabad,Man,South,Tier 3,Campus,0.6,,561000.0,0.989,Within band,28,0.85,0.06117384733190244,0.4099009900990099,Low,""
E103921,Delivery,L1,Junior (L1-L2),Bengaluru,Woman,South,Tier 2,Campus,0.6,,657000.0,1.104,Above band,44,0.7433333333333333,0.06996274228074785,0.5045544554455446,Low,low utilisation
E103922,Consulting,L1,Junior (L1-L2),Bengaluru,Man,South,Tier 3,Campus,0.6,,645000.0,0.985,Within band,50,0.6766666666666667,0.10147138390121745,0.7322772277227723,Medium,"low utilisation, time on bench"
E103923,Data and Analytics,L1,Junior (L1-L2),Hyderabad,Man,East,Tier 3,Campus,0.6,,682000.0,1.074,Within band,44,0.9500000000000001,0.034423296980665354,0.14336633663366335,Low,""
E103924,Cloud and Infrastructure,L1,Junior (L1-L2),Hyderabad,Woman,North,Tier 3,Campus,0.6,,607000.0,0.992,Within band,32,0.7399999999999999,0.09964850806450043,0.721980198019802,Medium,low utilisation
E103925,Delivery,L1,Junior (L1-L2),Bengaluru,Woman,North,Tier 3,Campus,0.6,,579000.0,0.973,Within band,34,0.84,0.06286503429877163,0.4300990099009901,Low,""
E103926,Delivery,L1,Junior (L1-L2),Bengaluru,Man,East,Tier 2,Campus,0.6,,692000.0,1.163,Above band,52,0.89,0.030336482933361435,0.10613861386138614,Low,""
E103927,Delivery,L1,Junior (L1-L2),Hyderabad,Woman,South,Tier 1,Campus,0.6,,582000.0,1.026,Within band,27,0.96,0.024101123491958528,0.06970297029702971,Low,""
E103928,Delivery,L1,Junior (L1-L2),Hyderabad,Woman,North,Tier 3,Campus,0.6,,487000.0,0.859,Below band,88,0.8633333333333333,0.13926747801670764,0.885940594059406,Medium,"pay below market, long commute"
E103929,Sales and Presales,L1,Junior (L1-L2),Bengaluru,Woman,West,Tier 2,Campus,0.6,,564000.0,0.902,Within band,27,,0.08726348098170962,0.643960396039604,Low,pay below market
E103930,Cloud and Infrastructure,L1,Junior (L1-L2),Bengaluru,Woman,South,Tier 2,Campus,0.6,,564000.0,0.877,Below band,48,0.89,0.08569807712930815,0.6320792079207921,Low,pay below market
E103931,Quality Engineering,L1,Junior (L1-L2),Bengaluru,Woman,South,Tier 3,Campus,0.6,,505000.0,0.922,Within band,60,0.7066666666666667,0.1337441543960938,0.8720792079207921,Medium,"low utilisation, pay below market"
E103932,Cloud and Infrastructure,L1,Junior (L1-L2),Hyderabad,Man,South,Tier 2,Campus,0.6,,656000.0,1.072,Within band,37,0.9266666666666667,0.03604066965319474,0.15881188118811881,Low,""
E103933,Cloud and Infrastructure,L1,Junior (L1-L2),Bengaluru,Woman,South,Tier 2,Campus,0.6,,642000.0,0.998,Within band,70,0.7933333333333333,0.09975703258925624,0.7227722772277227,Medium,low utilisation
E103934,Cloud and Infrastructure,L1,Junior (L1-L2),Hyderabad,Man,South,Tier 3,Campus,0.6,,665000.0,1.087,Within band,51,0.9333333333333332,0.039218603676517666,0.1904950495049505,Low,""
E103937,Cloud and Infrastructure,L1,Junior (L1-L2),Hyderabad,Man,Northeast,Tier 1,Campus,0.6,,667000.0,1.09,Within band,56,0.6166666666666667,0.08658641789589443,0.6392079207920792,Low,low utilisation
E103938,Quality Engineering,L1,Junior (L1-L2),Bengaluru,Woman,South,Tier 3,Campus,0.6,,570000.0,1.04,Within band,57,0.7999999999999999,0.08075996469253949,0.5976237623762376,Low,low utilisation
E103939,Quality Engineering,L1,Junior (L1-L2),Hyderabad,Man,South,Tier 3,Campus,0.6,,522000.0,1.0,Within band,34,0.9700000000000001,0.03160033657658935,0.11841584158415841,Low,""
E103940,Delivery,L1,Junior (L1-L2),Bengaluru,Man,East,Tier 3,Campus,0.6,,479000.0,0.805,Below band,48,0.82,0.15039285813610517,0.9136633663366337,High,"pay below market, low utilisation"
E103941,Delivery,L1,Junior (L1-L2),Hyderabad,Woman,South,Tier 1,Campus,0.6,,495000.0,0.873,Below band,36,0.7999999999999999,0.16176194452055864,0.9360396039603961,High,"pay below market, low utilisation"
E103942,Sales and Presales,L1,Junior (L1-L2),Bengaluru,Woman,South,Tier 2,Campus,0.6,,696000.0,1.114,Above band,89,,0.07188454755852246,0.5215841584158416,Low,long commute
E103943,Delivery,L1,Junior (L1-L2),Hyderabad,Woman,East,Tier 3,Campus,0.6,,581000.0,1.025,Within band,33,0.8633333333333333,0.04983675427417738,0.300990099009901,Low,""
E103944,Delivery,L1,Junior (L1-L2),Hyderabad,Man,South,Tier 3,Campus,0.6,,556000.0,0.981,Within band,42,0.8466666666666667,0.06285899838432787,0.4289108910891089,Low,""
E103945,Delivery,L1,Junior (L1-L2),Bengaluru,Man,South,Tier 2,Campus,0.6,,597000.0,1.003,Within band,34,0.9166666666666666,0.043737515072559734,0.23683168316831682,Low,""
E103946,Delivery,L1,Junior (L1-L2),Hyderabad,Woman,West,Tier 3,Campus,0.6,,635000.0,1.12,Above band,19,0.79,0.056649129157115286,0.3667326732673267,Low,low utilisation
E103947,Data and Analytics,L1,Junior (L1-L2),Hyderabad,Woman,South,Tier 3,Campus,0.6,,568000.0,0.894,Below band,41,0.86,0.08723070309982703,0.6435643564356436,Low,pay below market
E103948,Delivery,L1,Junior (L1-L2),Hyderabad,Man,South,Tier 3,Campus,0.6,,622000.0,1.097,Within band,25,0.8666666666666667,0.0400407391620043,0.19683168316831684,Low,""
E103949,Delivery,L1,Junior (L1-L2),Hyderabad,Woman,North,Tier 2,Campus,0.6,,492000.0,0.868,Below band,23,0.8533333333333334,0.11316543737312383,0.788910891089109,Medium,pay below market
E103950,Cloud and Infrastructure,L1,Junior (L1-L2),Bengaluru,Man,South,Tier 1,Campus,0.6,,681000.0,1.059,Within band,40,0.8033333333333332,0.06267616934931493,0.4277227722772277,Low,low utilisation
E103951,Cloud and Infrastructure,L1,Junior (L1-L2),Bengaluru,Man,South,Tier 2,Campus,0.6,,586000.0,0.911,Within band,43,0.93,0.06564218577464793,0.4605940594059406,Low,pay below market
E103952,Consulting,L1,Junior (L1-L2),Hyderabad,Man,South,Tier 3,Campus,0.6,,505000.0,0.809,Below band,73,0.84,0.13258164703311004,0.8700990099009901,Medium,"pay below market, long commute"
E103953,Data and Analytics,L1,Junior (L1-L2),Hyderabad,Man,South,Tier 1,Campus,0.6,,564000.0,0.888,Below band,20,0.8166666666666668,0.11768550394037706,0.8047524752475248,Medium,"pay below market, low utilisation"
E103954,Quality Engineering,L1,Junior (L1-L2),Hyderabad,Man,North,Tier 3,Campus,0.6,,420000.0,0.805,Below band,24,0.9566666666666667,0.059387428499535176,0.3908910891089109,Low,pay below market
E103956,Quality Engineering,L1,Junior (L1-L2),Hyderabad,Man,North,Tier 3,Campus,0.6,,455000.0,0.872,Below band,59,0.84,0.131772063226329,0.8665346534653465,Medium,"pay below market, long commute"
E103957,Delivery,L1,Junior (L1-L2),Bengaluru,Woman,South,Tier 1,Campus,0.6,,682000.0,1.146,Above band,58,0.7633333333333333,0.06423883594498402,0.4427722772277228,Low,low utilisation
E103958,Delivery,L1,Junior (L1-L2),Hyderabad,Man,South,Tier 2,Campus,0.6,,619000.0,1.092,Within band,46,0.8866666666666667,0.041274386121369695,0.21227722772277227,Low,""
E103959,Sales and Presales,L1,Junior (L1-L2),Bengaluru,Woman,South,Tier 2,Campus,0.6,,623000.0,0.997,Within band,24,,0.06286503429877163,0.4300990099009901,Low,""
E103960,Cloud and Infrastructure,L1,Junior (L1-L2),Bengaluru,Woman,South,Tier 2,Campus,0.6,,653000.0,1.016,Within band,40,0.7633333333333333,0.08885231479345455,0.6550495049504951,Low,low utilisation
E103961,Quality Engineering,L1,Junior (L1-L2),Bengaluru,Woman,South,Tier 1,Campus,0.6,,582000.0,1.062,Within band,85,0.8666666666666667,0.06807700883523628,0.48396039603960395,Low,long commute
E103962,Cloud and Infrastructure,L1,Junior (L1-L2),Hyderabad,Man,South,Tier 2,Campus,0.6,,621000.0,1.015,Within band,19,0.71,0.08913196012741809,0.6570297029702971,Low,low utilisation
E103963,Cloud and Infrastructure,L1,Junior (L1-L2),Bengaluru,Man,West,Tier 2,Campus,0.6,,609000.0,0.947,Within band,46,0.35000000000000003,0.11018618032387395,0.7718811881188119,Medium,"low utilisation, long commute"
E103964,Delivery,L1,Junior (L1-L2),Hyderabad,Man,West,Tier 2,Campus,0.6,,518000.0,0.914,Within band,66,0.8666666666666667,0.08530194811563087,0.6293069306930693,Low,"pay below market, long commute"
E103965,Data and Analytics,L1,Junior (L1-L2),Bengaluru,Man,Northeast,Tier 2,Campus,0.6,,596000.0,0.894,Below band,62,0.7999999999999999,0.1327911768066284,0.8708910891089109,Medium,"pay below market, low utilisation"
E103966,Delivery,L1,Junior (L1-L2),Bengaluru,Woman,North,Tier 3,Campus,0.6,,514000.0,0.864,Below band,56,0.86,0.12262113362817133,0.8293069306930693,Medium,pay below market
E103967,Delivery,L1,Junior (L1-L2),Bengaluru,Woman,East,Tier 2,Campus,0.6,,515000.0,0.866,Below band,47,0.9333333333333332,0.09209263429855066,0.6720792079207921,Low,pay below market
E103968,Sales and Presales,L1,Junior (L1-L2),Bengaluru,Woman,West,Tier 3,Campus,0.6,,532000.0,0.851,Below band,50,,0.14193414943293237,0.8946534653465347,Medium,pay below market
E103969,Delivery,L1,Junior (L1-L2),Hyderabad,Man,South,Tier 2,Campus,0.6,,630000.0,1.111,Above band,18,0.8466666666666667,0.03893411666033247,0.18772277227722772,Low,""
E103970,Delivery,L1,Junior (L1-L2),Hyderabad,Man,South,Tier 3,Campus,0.6,,563000.0,0.993,Within band,29,0.8066666666666666,0.07443417226543926,0.5451485148514852,Low,low utilisation
E103971,Quality Engineering,L1,Junior (L1-L2),Bengaluru,Man,South,Tier 3,Campus,0.6,,635000.0,1.159,Above band,34,0.8166666666666668,0.03806446274516965,0.1805940594059406,Low,""
E103972,Data and Analytics,L1,Junior (L1-L2),Hyderabad,Man,Northeast,Tier 2,Campus,0.6,,693000.0,1.091,Within band,42,0.87,0.04341704369982503,0.23405940594059407,Low,""
E103973,Quality Engineering,L1,Junior (L1-L2),Hyderabad,Man,South,Tier 3,Campus,0.6,,509000.0,0.975,Within band,47,0.5866666666666666,0.0969772420308725,0.7039603960396039,Medium,low utilisation
E103974,Delivery,L1,Junior (L1-L2),Hyderabad,Woman,South,Tier 3,Campus,0.6,,531000.0,0.937,Within band,34,0.8766666666666666,0.06530138890194716,0.45643564356435645,Low,pay below market
E103975,Delivery,L1,Junior (L1-L2),Hyderabad,Man,Northeast,Tier 2,Campus,0.6,,654000.0,1.153,Above band,38,0.9233333333333333,0.02753531562851314,0.08673267326732673,Low,""
E103976,Delivery,L1,Junior (L1-L2),Bengaluru,Man,South,Tier 3,Campus,0.6,,523000.0,0.879,Below band,45,0.4266666666666666,0.16029720842687326,0.9322772277227723,High,"pay below market, low utilisation"
E103977,Sales and Presales,L1,Junior (L1-L2),Hyderabad,Woman,South,Tier 2,Campus,0.6,,494000.0,0.83,Below band,50,,0.11508380936640861,0.7956435643564357,Medium,pay below market
E103978,Sales and Presales,L1,Junior (L1-L2),Bengaluru,Woman,North,Tier 3,Campus,0.6,,490000.0,0.784,Below band,65,,0.1243485974507307,0.8388118811881188,Medium,"pay below market, long commute"
E103979,Delivery,L1,Junior (L1-L2),Bengaluru,Man,South,Tier 3,Campus,0.6,,707000.0,1.188,Above band,57,0.8633333333333333,0.04037441876700613,0.201980198019802,Low,long commute
E103980,Cloud and Infrastructure,L1,Junior (L1-L2),Bengaluru,Woman,South,Tier 2,Campus,0.6,,676000.0,1.051,Within band,36,0.27666666666666667,0.09096221459676719,0.6685148514851486,Low,"low utilisation, long wait for promotion"
E103981,Delivery,L1,Junior (L1-L2),Hyderabad,Man,South,Tier 3,Campus,0.6,,552000.0,0.974,Within band,37,0.8300000000000001,0.06951229251518773,0.4972277227722772,Low,low utilisation
E103982,Quality Engineering,L1,Junior (L1-L2),Hyderabad,Man,West,Tier 2,Campus,0.6,,600000.0,1.149,Above band,43,0.8533333333333334,0.03816575935681765,0.18257425742574257,Low,""
E103983,Delivery,L1,Junior (L1-L2),Hyderabad,Man,Northeast,Tier 2,Campus,0.6,,531000.0,0.937,Within band,62,0.8033333333333333,0.12372692165963245,0.834059405940594,Medium,"pay below market, low utilisation"
E103984,Quality Engineering,L1,Junior (L1-L2),Hyderabad,Man,South,Tier 2,Campus,0.6,,535000.0,1.025,Within band,46,0.84,0.06159759567776117,0.4154455445544554,Low,""
E103985,Quality Engineering,L1,Junior (L1-L2),Hyderabad,Woman,South,Tier 3,Campus,0.6,,499000.0,0.956,Within band,26,0.71,0.09320642702535813,0.68,Low,low utilisation
E103986,Cloud and Infrastructure,L1,Junior (L1-L2),Bengaluru,Woman,East,Tier 2,Campus,0.6,,550000.0,0.855,Below band,68,0.7866666666666666,0.17905851493528852,0.957029702970297,High,"pay below market, low utilisation"
E103987,Data and Analytics,L1,Junior (L1-L2),Hyderabad,Man,West,Tier 2,Campus,0.6,,659000.0,1.038,Within band,39,0.8166666666666665,0.07508934508175272,0.5512871287128713,Low,"time on bench, low utilisation"
E103988,Cloud and Infrastructure,L1,Junior (L1-L2),Bengaluru,Man,South,Tier 2,Campus,0.6,,708000.0,1.101,Above band,27,0.5866666666666667,0.07238576808280295,0.5275247524752475,Low,low utilisation
E103989,Delivery,L1,Junior (L1-L2),Bengaluru,Woman,North,Tier 1,Campus,0.6,,637000.0,1.071,Within band,45,0.82,0.05188380552197353,0.318019801980198,Low,""
E103990,Quality Engineering,L1,Junior (L1-L2),Bengaluru,Man,North,Tier 1,Campus,0.6,,547000.0,0.998,Within band,51,0.7799999999999999,0.09459570732511738,0.69009900990099,Low,low utilisation
E103991,Delivery,L1,Junior (L1-L2),Hyderabad,Man,South,Tier 1,Campus,0.6,,568000.0,1.002,Within band,26,0.91,0.04554577965980732,0.25445544554455446,Low,""
E103992,Quality Engineering,L1,Junior (L1-L2),Hyderabad,Man,East,Tier 2,Campus,0.6,,463000.0,0.887,Below band,32,0.9566666666666667,0.0521230288790677,0.3203960396039604,Low,pay below market
E103993,Data and Analytics,L3,Mid (L3-L4),Bengaluru,Man,North,Tier 2,Referral,0.6,,2314000.0,1.116,Above band,29,0.8966666666666666,0.030175301651048737,0.10534653465346534,Low,""
E103994,Cloud and Infrastructure,L3,Mid (L3-L4),Hyderabad,Man,North,Tier 2,Referral,0.6,,2335000.0,1.226,Above band,51,0.8333333333333334,0.03668371142989128,0.16475247524752476,Low,""
E103995,Cloud and Infrastructure,L3,Mid (L3-L4),Bengaluru,Woman,North,Tier 2,Referral,0.6,,2107000.0,1.054,Within band,16,0.7966666666666667,0.07201049061948117,0.5243564356435644,Low,low utilisation
E103996,Delivery,L1,Junior (L1-L2),Hyderabad,Woman,South,Tier 1,Job portal,0.6,,561000.0,0.989,Within band,52,0.84,0.06579891879427904,0.4637623762376238,Low,""
E103997,Sales and Presales,L2,Junior (L1-L2),Hyderabad,Man,East,Tier 2,Referral,0.6,,1133000.0,1.071,Within band,16,,0.048727177879330404,0.2902970297029703,Low,""
E103998,Data and Analytics,L4,Mid (L3-L4),Bengaluru,Man,South,Tier 2,Referral,0.6,,3516000.0,1.079,Within band,70,0.8066666666666666,0.04561778630761389,0.25504950495049505,Low,""
E103999,Delivery,L3,Mid (L3-L4),Bengaluru,Man,South,Tier 3,Referral,0.6,,1777000.0,0.96,Within band,69,0.75,0.10181369469821051,0.7334653465346535,Medium,low utilisation
E104000,Data and Analytics,L3,Mid (L3-L4),Hyderabad,Man,South,Tier 3,Referral,0.6,,2266000.0,1.147,Above band,17,0.8500000000000001,0.035020021398956325,0.1489108910891089,Low,""
E104001,Cloud and Infrastructure,L1,Junior (L1-L2),Hyderabad,Man,South,Tier 1,Referral,0.6,,855000.0,1.397,Above band,22,0.8533333333333334,0.021015094808031373,0.05386138613861386,Low,""
E104002,Cloud and Infrastructure,L2,Junior (L1-L2),Hyderabad,Man,South,Tier 2,Job portal,0.6,,847000.0,0.778,Below band,68,0.18333333333333335,0.16867810452406753,0.9429702970297029,High,"pay below market, low utilisation"
E104003,Data and Analytics,L2,Junior (L1-L2),Bengaluru,Man,North,Tier 3,Job portal,0.6,,1353000.0,1.142,Above band,64,0.8233333333333333,0.05190811892902005,0.3184158415841584,Low,long commute
E104004,Sales and Presales,L2,Junior (L1-L2),Hyderabad,Woman,East,Tier 3,Referral,0.6,,1153000.0,1.09,Within band,19,,0.04993690815467551,0.3017821782178218,Low,""
E104005,Cloud and Infrastructure,L4,Mid (L3-L4),Bengaluru,Man,West,Tier 2,Referral,0.6,,3549000.0,1.129,Above band,39,0.3133333333333333,0.047410792066387104,0.27564356435643567,Low,"low utilisation, long wait for promotion"
E104006,Delivery,L1,Junior (L1-L2),Hyderabad,Man,South,Tier 1,Job portal,0.6,,641000.0,1.131,Above band,41,0.91,0.03164033173067077,0.1192079207920792,Low,""
E104007,Delivery,L3,Mid (L3-L4),Hyderabad,Man,Northeast,Tier 1,Job portal,0.6,,1748000.0,0.991,Within band,40,0.8366666666666666,0.06711300063320448,0.47485148514851483,Low,""
E104008,Quality Engineering,L2,Junior (L1-L2),Hyderabad,Woman,North,Tier 1,Referral,0.6,,928000.0,1.001,Within band,19,0.5766666666666667,0.12086402996005664,0.8198019801980198,Medium,"low utilisation, time on bench"
E104009,Cloud and Infrastructure,L5,Senior (L5-L6),Hyderabad,Man,North,Tier 1,Job portal,0.6,,4449000.0,0.962,Within band,65,0.8533333333333334,0.030886890030971784,0.11207920792079208,Low,""
E104010,Corporate Functions,L2,Junior (L1-L2),Hyderabad,Woman,South,Tier 2,Job portal,0.6,,866000.0,0.955,Within band,41,,0.06686284472264645,0.47128712871287126,Low,""
E104011,Delivery,L2,Junior (L1-L2),Bengaluru,Woman,East,Tier 2,Job portal,0.6,,994000.0,0.94,Within band,45,0.9266666666666667,0.06871321057291004,0.4902970297029703,Low,pay below market
E104012,Data and Analytics,L2,Junior (L1-L2),Bengaluru,Woman,East,Tier 2,Referral,0.6,,1147000.0,0.968,Within band,47,0.8466666666666667,0.07230486986325893,0.5267326732673268,Low,""
E104013,Delivery,L1,Junior (L1-L2),Hyderabad,Woman,West,Tier 2,Referral,0.6,,639000.0,1.127,Above band,20,0.7766666666666667,0.062282462433162794,0.42138613861386137,Low,low utilisation
E104014,Data and Analytics,L2,Junior (L1-L2),Bengaluru,Woman,South,Tier 3,Referral,0.6,,1201000.0,1.014,Within band,32,0.7933333333333333,0.08336859148734012,0.6146534653465346,Low,low utilisation
E104015,Data and Analytics,L2,Junior (L1-L2),Hyderabad,Man,South,Tier 2,Job portal,0.6,,1172000.0,1.038,Within band,83,0.86,0.09332837111067177,0.6807920792079208,Low,long commute
E104016,Delivery,L6,Senior (L5-L6),Hyderabad,Man,South,Tier 2,Job portal,0.5,,7912000.0,1.142,Above band,23,0.85,0.01236295962719926,0.02099009900990099,Low,""
E104017,Delivery,L4,Mid (L3-L4),Hyderabad,Man,North,Tier 2,Rehire,0.5,,2958000.0,1.067,Within band,33,0.7433333333333333,0.04748241238373281,0.27683168316831686,Low,low utilisation
E104018,Delivery,L3,Mid (L3-L4),Bengaluru,Man,South,Tier 2,Referral,0.5,,1842000.0,0.995,Within band,150,0.8033333333333332,0.06517600491055996,0.4526732673267327,Low,low utilisation
E104019,Sales and Presales,L4,Mid (L3-L4),Hyderabad,Woman,South,Tier 2,Referral,0.5,,3186000.0,1.095,Within band,30,,0.03004849181663759,0.10495049504950495,Low,""
E104020,Cloud and Infrastructure,L1,Junior (L1-L2),Bengaluru,Man,Northeast,Tier 2,Job portal,0.5,,763000.0,1.187,Above band,50,0.89,0.040717051412883655,0.20475247524752474,Low,""
E104021,Data and Analytics,L5,Senior (L5-L6),Bengaluru,Man,South,Tier 2,Referral,0.5,,5054000.0,1.003,Within band,67,0.79,0.03237585037893768,0.12514851485148515,Low,""
E104022,Delivery,L3,Mid (L3-L4),Hyderabad,Man,North,Tier 3,Job portal,0.5,,1854000.0,1.051,Within band,62,0.8966666666666666,0.044957130481210694,0.2502970297029703,Low,long commute
E104023,Delivery,L2,Junior (L1-L2),Hyderabad,Man,South,Tier 1,Referral,0.5,,991000.0,0.983,Within band,69,0.8433333333333334,0.0670173391671489,0.47326732673267324,Low,long commute
E104024,Delivery,L2,Junior (L1-L2),Hyderabad,Man,South,Tier 2,Agency,0.5,,1120000.0,1.111,Above band,32,0.8866666666666666,0.03189292725863696,0.12158415841584158,Low,""
E104025,Delivery,L2,Junior (L1-L2),Bengaluru,Man,South,Tier 2,Referral,0.5,,989000.0,0.935,Within band,39,0.38333333333333336,0.13939412629322745,0.8867326732673267,Medium,"low utilisation, time on bench, pay below market"
E104026,Cloud and Infrastructure,L3,Mid (L3-L4),Hyderabad,Woman,South,Tier 3,Referral,0.5,,2158000.0,1.133,Above band,74,0.85,0.04266763085656121,0.22376237623762377,Low,long commute
E104027,Quality Engineering,L2,Junior (L1-L2),Bengaluru,Woman,South,Tier 1,Referral,0.5,,924000.0,0.949,Within band,29,0.8666666666666667,0.05197844908405226,0.3196039603960396,Low,""
E104028,Cloud and Infrastructure,L1,Junior (L1-L2),Hyderabad,Man,Northeast,Tier 3,Job portal,0.5,,624000.0,1.02,Within band,77,0.7999999999999999,0.13235489252754426,0.8685148514851485,Medium,"long commute, low utilisation"
E104029,Delivery,L3,Mid (L3-L4),Hyderabad,Woman,North,Tier 3,Referral,0.5,,1657000.0,0.939,Within band,42,0.9033333333333333,0.05557822468767969,0.3556435643564356,Low,pay below market
E104030,Delivery,L3,Mid (L3-L4),Hyderabad,Woman,East,Tier 2,Referral,0.5,,1972000.0,1.118,Above band,79,0.8833333333333333,0.07045661924051778,0.5081188118811881,Low,long commute
E104031,Delivery,L4,Mid (L3-L4),Hyderabad,Woman,North,Tier 3,Referral,0.5,,2915000.0,1.052,Within band,24,0.6699999999999999,0.05387550657736813,0.33742574257425745,Low,"low utilisation, time on bench"
E104032,Delivery,L5,Senior (L5-L6),Bengaluru,Man,West,Tier 3,Referral,0.5,,4470000.0,0.994,Within band,100,0.3666666666666667,0.08830206805095292,0.6495049504950495,Low,"long commute, low utilisation, time on bench"
E104033,Sales and Presales,L3,Mid (L3-L4),Bengaluru,Man,West,Tier 3,Referral,0.5,,2203000.0,1.133,Above band,37,,0.030600684848991085,0.10811881188118812,Low,""
E104034,Delivery,L2,Junior (L1-L2),Bengaluru,Man,West,Tier 2,Job portal,0.5,,1120000.0,1.059,Within band,40,0.8533333333333332,0.04764443673138175,0.27841584158415844,Low,""
E104035,Sales and Presales,L1,Junior (L1-L2),Hyderabad,Man,West,Tier 2,Agency,0.5,,564000.0,0.948,Within band,63,,0.06252564395408257,0.42613861386138613,Low,long commute
E104036,Sales and Presales,L2,Junior (L1-L2),Hyderabad,Man,West,Tier 2,Referral,0.5,,1209000.0,1.143,Above band,91,,0.06148507030216384,0.41425742574257424,Low,long commute
E104037,Data and Analytics,L5,Senior (L5-L6),Hyderabad,Woman,South,Tier 1,Referral,0.5,,5194000.0,1.083,Within band,39,0.9233333333333333,0.019383966125028487,0.050693069306930696,Low,""
E104038,Delivery,L2,Junior (L1-L2),Bengaluru,Man,East,Tier 1,Agency,0.5,,1162000.0,1.098,Within band,27,0.7833333333333332,0.0717525450879569,0.52,Low,low utilisation
E104039,Quality Engineering,L1,Junior (L1-L2),Hyderabad,Woman,South,Tier 3,Referral,0.5,,494000.0,0.946,Within band,19,0.8133333333333334,0.08492182207074969,0.624950495049505,Low,"pay below market, low utilisation"
E104040,Delivery,L2,Junior (L1-L2),Hyderabad,Man,East,Tier 2,Agency,0.5,,940000.0,0.933,Within band,43,0.7966666666666667,0.10929528306281652,0.7683168316831683,Medium,"low utilisation, pay below market"
E104041,Delivery,L1,Junior (L1-L2),Hyderabad,Woman,South,Tier 1,Job portal,0.5,,600000.0,1.058,Within band,25,0.8066666666666666,0.05025182680930281,0.30336633663366336,Low,low utilisation
E104042,Delivery,L2,Junior (L1-L2),Hyderabad,Woman,Northeast,Tier 3,Referral,0.5,,850000.0,0.843,Below band,28,0.9466666666666667,0.06577734014247735,0.4625742574257426,Low,pay below market
E104043,Sales and Presales,L1,Junior (L1-L2),Hyderabad,Man,North,Tier 3,Agency,0.5,,512000.0,0.861,Below band,38,,0.08878939557633331,0.6538613861386139,Low,pay below market
E104044,Delivery,L1,Junior (L1-L2),Hyderabad,Man,South,Tier 2,Referral,0.5,,609000.0,1.074,Within band,110,0.8333333333333334,0.0718465648896642,0.5211881188118812,Low,long commute
E104045,Cloud and Infrastructure,L1,Junior (L1-L2),Bengaluru,Man,East,Tier 3,Agency,0.5,,595000.0,0.925,Within band,60,0.8333333333333334,0.09905832350762046,0.716039603960396,Medium,"pay below market, low utilisation"
E104046,Cloud and Infrastructure,L2,Junior (L1-L2),Bengaluru,Woman,North,Tier 2,Agency,0.5,,1136000.0,0.994,Within band,83,0.8033333333333333,0.09854138814669881,0.714059405940594,Medium,"low utilisation, long commute"
E104047,Consulting,L2,Junior (L1-L2),Hyderabad,Woman,North,Tier 2,Job portal,0.5,,1347000.0,1.215,Above band,32,0.8166666666666668,0.027534170217878618,0.08633663366336633,Low,""
E104048,Delivery,L2,Junior (L1-L2),Bengaluru,Woman,South,Tier 2,Referral,0.5,,1229000.0,1.162,Above band,39,0.96,0.024196342872997358,0.07049504950495049,Low,""
E104049,Delivery,L2,Junior (L1-L2),Hyderabad,Man,South,Tier 2,Referral,0.5,,936000.0,0.929,Within band,52,0.9366666666666666,0.0562709752850929,0.36316831683168316,Low,pay below market
E104051,Quality Engineering,L3,Mid (L3-L4),Bengaluru,Man,South,Tier 2,Referral,0.5,,1877000.0,1.102,Above band,64,0.8566666666666668,0.044503747803338156,0.24594059405940594,Low,long commute
E104052,Sales and Presales,L3,Mid (L3-L4),Bengaluru,Man,South,Tier 2,Referral,0.5,,2300000.0,1.183,Above band,49,,0.03965265064671202,0.19445544554455446,Low,""
E104053,Cloud and Infrastructure,L4,Mid (L3-L4),Bengaluru,Man,West,Tier 3,Referral,0.5,,2856000.0,0.909,Within band,98,0.7399999999999999,0.14363770723517955,0.9001980198019802,High,"long commute, low utilisation, pay below market"
E104054,Data and Analytics,L2,Junior (L1-L2),Hyderabad,Man,South,Tier 3,Job portal,0.5,,1324000.0,1.173,Above band,50,0.7399999999999999,0.053139415325166396,0.3302970297029703,Low,low utilisation
E104055,Corporate Functions,L2,Junior (L1-L2),Bengaluru,Man,West,Tier 2,Job portal,0.5,,1024000.0,1.076,Within band,37,,0.04091281255782653,0.20752475247524751,Low,""
E104056,Cloud and Infrastructure,L2,Junior (L1-L2),Hyderabad,Man,South,Tier 3,Job portal,0.5,,1233000.0,1.133,Above band,38,0.8233333333333333,0.043230270559641626,0.2304950495049505,Low,""
E104057,Delivery,L1,Junior (L1-L2),Bengaluru,Man,East,Tier 2,Referral,0.5,,596000.0,1.002,Within band,60,0.8533333333333334,0.06235041666735308,0.42217821782178216,Low,long commute
E104058,Quality Engineering,L1,Junior (L1-L2),Hyderabad,Woman,North,Tier 3,Agency,0.5,,576000.0,1.103,Above band,53,0.86,0.037731725284959376,0.17623762376237623,Low,""
E104059,Delivery,L2,Junior (L1-L2),Hyderabad,Woman,West,Tier 3,Agency,0.5,,1102000.0,1.093,Within band,30,0.8799999999999999,0.037763482551187194,0.17663366336633662,Low,""
E104060,Delivery,L1,Junior (L1-L2),Hyderabad,Woman,South,Tier 1,Referral,0.5,,543000.0,0.958,Within band,27,0.37000000000000005,0.08881190920811766,0.6542574257425743,Low,"low utilisation, time on bench"
E104061,Delivery,L3,Mid (L3-L4),Bengaluru,Woman,South,Tier 3,Referral,0.4,,1845000.0,0.996,Within band,51,0.91,0.04623235331238112,0.262970297029703,Low,""
E104062,Delivery,L3,Mid (L3-L4),Bengaluru,Man,East,Tier 2,Referral,0.4,,1806000.0,0.975,Within band,77,0.7333333333333334,0.13241048871649794,0.8693069306930693,Medium,"long commute, low utilisation"
E104063,Quality Engineering,L3,Mid (L3-L4),Hyderabad,Man,South,Tier 2,Referral,0.4,,1929000.0,1.189,Above band,60,0.87,0.04687082507723625,0.26811881188118813,Low,long commute
E104064,Data and Analytics,L5,Senior (L5-L6),Bengaluru,Man,West,Tier 1,Job portal,0.4,,5018000.0,0.996,Within band,44,0.7333333333333334,0.028945702273740118,0.09742574257425743,Low,low utilisation
E104065,Delivery,L1,Junior (L1-L2),Bengaluru,Man,East,Tier 1,Job portal,0.4,,630000.0,1.059,Within band,69,0.8099999999999999,0.05712907495791345,0.37386138613861386,Low,long commute
E104066,Delivery,L5,Senior (L5-L6),Hyderabad,Man,East,Tier 3,Agency,0.4,,4886000.0,1.141,Above band,55,0.8766666666666666,0.015985647931800413,0.038415841584158415,Low,""
E104067,Cloud and Infrastructure,L2,Junior (L1-L2),Bengaluru,Woman,North,Tier 3,Agency,0.4,,1163000.0,1.017,Within band,67,0.8733333333333334,0.05695936193092742,0.3699009900990099,Low,long commute
E104068,Delivery,L2,Junior (L1-L2),Bengaluru,Man,East,Tier 2,Agency,0.4,,1164000.0,1.1,Above band,89,0.7433333333333333,0.11149720218476018,0.779009900990099,Medium,"low utilisation, long commute"
E104069,Sales and Presales,L2,Junior (L1-L2),Bengaluru,Woman,South,Tier 3,Rehire,0.4,,1189000.0,1.07,Within band,38,,0.04399280331895955,0.2396039603960396,Low,""
E104070,Delivery,L4,Mid (L3-L4),Hyderabad,Woman,South,Tier 2,Referral,0.4,,2536000.0,0.915,Within band,59,0.7933333333333333,0.0787440982272993,0.5813861386138613,Low,"low utilisation, pay below market"
E104071,Delivery,L3,Mid (L3-L4),Bengaluru,Man,North,Tier 2,Referral,0.4,,1690000.0,0.913,Within band,59,0.7799999999999999,0.10390405420008839,0.7425742574257426,Medium,"low utilisation, pay below market"
E104072,Corporate Functions,L1,Junior (L1-L2),Bengaluru,Man,South,Tier 1,Agency,0.4,,451000.0,0.841,Below band,52,,0.08868770049234001,0.6534653465346535,Low,pay below market
E104073,Cloud and Infrastructure,L2,Junior (L1-L2),Bengaluru,Woman,South,Tier 1,Agency,0.4,,1106000.0,0.968,Within band,39,0.8433333333333333,0.05927860890341664,0.3904950495049505,Low,""
E104074,Sales and Presales,L1,Junior (L1-L2),Hyderabad,Man,South,Tier 3,Job portal,0.4,,563000.0,0.946,Within band,72,,0.07373075534813657,0.5382178217821783,Low,"pay below market, long commute"
E104075,Sales and Presales,L3,Mid (L3-L4),Hyderabad,Man,West,Tier 3,Referral,0.4,,1983000.0,1.071,Within band,38,,0.03895937986620769,0.18851485148514852,Low,""
E104076,Data and Analytics,L3,Mid (L3-L4),Bengaluru,Man,South,Tier 2,Rehire,0.4,,2407000.0,1.161,Above band,34,0.82,0.03066377608137954,0.1097029702970297,Low,""
E104077,Quality Engineering,L2,Junior (L1-L2),Hyderabad,Man,South,Tier 1,Referral,0.4,,1001000.0,1.08,Within band,25,0.7766666666666667,0.06995714573747047,0.5041584158415842,Low,low utilisation
E104078,Quality Engineering,L1,Junior (L1-L2),Hyderabad,Woman,South,Tier 2,Referral,0.4,,569000.0,1.09,Within band,42,0.8966666666666666,0.03477979617989537,0.14574257425742573,Low,""
E104079,Quality Engineering,L1,Junior (L1-L2),Hyderabad,Woman,North,Tier 3,Referral,0.4,,416000.0,0.797,Below band,37,0.41,0.13539640842077158,0.8748514851485149,Medium,"pay below market, low utilisation, time on bench"
E104080,Delivery,L2,Junior (L1-L2),Bengaluru,Man,West,Tier 2,Agency,0.4,,1119000.0,1.058,Within band,37,0.7733333333333333,0.07570212241958961,0.5572277227722773,Low,low utilisation
E104081,Quality Engineering,L1,Junior (L1-L2),Bengaluru,Man,South,Tier 2,Agency,0.4,,648000.0,1.182,Above band,150,0.82,0.04918647247474468,0.29544554455445543,Low,long commute
E104082,Delivery,L3,Mid (L3-L4),Bengaluru,Man,North,Tier 3,Job portal,0.4,,1865000.0,1.007,Within band,44,0.8466666666666667,0.05401471066522875,0.33821782178217824,Low,""
E104083,Corporate Functions,L2,Junior (L1-L2),Hyderabad,Man,South,Tier 2,Rehire,0.4,,1019000.0,1.123,Above band,44,,0.03638280668254508,0.1615841584158416,Low,""
E104084,Quality Engineering,L2,Junior (L1-L2),Bengaluru,Woman,South,Tier 2,Job portal,0.4,,868000.0,0.891,Below band,150,0.52,0.14126523990399864,0.8906930693069307,Medium,"low utilisation, pay below market, time on bench"
E104085,Sales and Presales,L3,Mid (L3-L4),Hyderabad,Man,South,Tier 3,Job portal,0.4,,2182000.0,1.178,Above band,20,,0.028540589242542977,0.09504950495049505,Low,""
E104086,Delivery,L3,Mid (L3-L4),Hyderabad,Man,East,Tier 2,Agency,0.4,,1677000.0,0.951,Within band,38,0.8466666666666667,0.05446518085338348,0.342970297029703,Low,""
E104087,Data and Analytics,L1,Junior (L1-L2),Bengaluru,Woman,South,Tier 2,Referral,0.4,,701000.0,1.051,Within band,53,0.9700000000000001,0.02239906665360964,0.061386138613861385,Low,""
E104088,Quality Engineering,L1,Junior (L1-L2),Hyderabad,Man,South,Tier 2,Referral,0.4,,551000.0,1.056,Within band,79,0.8233333333333333,0.09404173752345818,0.6867326732673268,Low,long commute
E104089,Consulting,L1,Junior (L1-L2),Hyderabad,Man,South,Tier 3,Referral,0.4,,613000.0,0.982,Within band,48,0.9566666666666667,0.027301766934313236,0.08435643564356436,Low,""
E104090,Quality Engineering,L1,Junior (L1-L2),Bengaluru,Woman,North,Tier 3,Job portal,0.3,,530000.0,0.967,Within band,52,0.9433333333333334,0.03985375031892117,0.19524752475247525,Low,""
E104091,Delivery,L1,Junior (L1-L2),Hyderabad,Man,South,Tier 2,Job portal,0.3,,619000.0,1.092,Within band,40,0.8133333333333334,0.04718855600735452,0.2748514851485149,Low,""
E104092,Delivery,L1,Junior (L1-L2),Hyderabad,Man,East,Tier 3,Job portal,0.3,,628000.0,1.108,Above band,36,0.7699999999999999,0.05530397158013346,0.35326732673267325,Low,low utilisation
E104093,Data and Analytics,L2,Junior (L1-L2),Hyderabad,Man,East,Tier 2,Referral,0.3,,1286000.0,1.139,Above band,44,0.9233333333333333,0.031073493154247095,0.11366336633663367,Low,""
E104094,Data and Analytics,L2,Junior (L1-L2),Hyderabad,Man,North,Tier 2,Referral,0.3,,1310000.0,1.16,Above band,32,0.9199999999999999,0.029414309926401403,0.10178217821782178,Low,""
E104095,Delivery,L2,Junior (L1-L2),Hyderabad,Man,East,Tier 2,Job portal,0.3,,945000.0,0.938,Within band,42,0.8333333333333334,0.09053629362847754,0.664950495049505,Low,"pay below market, low utilisation"
E104096,Data and Analytics,L2,Junior (L1-L2),Hyderabad,Woman,South,Tier 2,Agency,0.3,,1252000.0,1.109,Above band,48,0.8133333333333334,0.0430389092101358,0.22772277227722773,Low,""
E104097,Consulting,L4,Mid (L3-L4),Bengaluru,Man,East,Tier 3,Job portal,0.3,,3683000.0,1.151,Above band,60,0.8566666666666668,0.028493856722163022,0.09465346534653465,Low,long commute
E104098,Delivery,L1,Junior (L1-L2),Hyderabad,Man,South,Tier 2,Agency,0.3,,549000.0,0.968,Within band,42,0.6933333333333334,0.09418807246485135,0.6879207920792079,Low,low utilisation
E104099,Data and Analytics,L1,Junior (L1-L2),Hyderabad,Man,East,Tier 1,Referral,0.3,,647000.0,1.019,Within band,37,0.8566666666666666,0.04810416254515232,0.28396039603960394,Low,""
E104100,Delivery,L2,Junior (L1-L2),Bengaluru,Man,South,Tier 3,Job portal,0.3,,1076000.0,1.017,Within band,52,0.9466666666666668,0.040049405145066004,0.19762376237623763,Low,""
E104101,Delivery,L2,Junior (L1-L2),Bengaluru,Woman,South,Tier 2,Job portal,0.3,,1217000.0,1.15,Above band,71,0.9133333333333334,0.03549229082522335,0.15287128712871287,Low,long commute
E104102,Cloud and Infrastructure,L5,Senior (L5-L6),Hyderabad,Man,South,Tier 3,Job portal,0.3,,4852000.0,1.049,Within band,53,0.91,0.020383506645548343,0.05188118811881188,Low,""
E104103,Quality Engineering,L2,Junior (L1-L2),Bengaluru,Woman,East,Tier 3,Job portal,0.3,,1018000.0,1.045,Within band,62,0.9733333333333333,0.03649554418780875,0.16316831683168317,Low,long commute
E104104,Delivery,L1,Junior (L1-L2),Hyderabad,Woman,South,Tier 2,Referral,0.3,,580000.0,1.023,Within band,36,0.8233333333333333,0.051549133171227196,0.31425742574257426,Low,""
E104105,Cloud and Infrastructure,L2,Junior (L1-L2),Bengaluru,Woman,South,Tier 3,Referral,0.3,,1238000.0,1.083,Within band,95,0.8733333333333334,0.07314194543332149,0.5326732673267327,Low,long commute
E104106,Delivery,L4,Mid (L3-L4),Bengaluru,Man,South,Tier 1,Referral,0.3,,2753000.0,0.946,Within band,45,0.8833333333333334,0.043896726658793905,0.2388118811881188,Low,pay below market
E104107,Delivery,L2,Junior (L1-L2),Hyderabad,Man,Northeast,Tier 2,Job portal,0.3,,917000.0,0.91,Within band,66,0.8366666666666666,0.07942685326333564,0.5865346534653465,Low,"pay below market, long commute"
E104108,Cloud and Infrastructure,L2,Junior (L1-L2),Hyderabad,Man,East,Tier 3,Referral,0.3,,1085000.0,0.997,Within band,38,0.8233333333333334,0.06680167203457384,0.47049504950495047,Low,low utilisation
E104109,Delivery,L2,Junior (L1-L2),Hyderabad,Woman,South,Tier 3,Job portal,0.3,,912000.0,0.905,Within band,15,0.8866666666666667,0.05517734411615382,0.35089108910891087,Low,pay below market
E104110,Sales and Presales,L2,Junior (L1-L2),Bengaluru,Man,East,Tier 1,Referral,0.3,,1010000.0,0.909,Within band,40,,0.07116586137911893,0.5152475247524753,Low,pay below market
E104111,Delivery,L3,Mid (L3-L4),Bengaluru,Woman,West,Tier 2,Referral,0.3,,2032000.0,1.097,Within band,73,0.8366666666666668,0.049013319947991164,0.29386138613861384,Low,long commute
E104112,Cloud and Infrastructure,L2,Junior (L1-L2),Hyderabad,Woman,South,Tier 2,Job portal,0.3,,1062000.0,0.976,Within band,25,0.9033333333333333,0.04866351463615382,0.2891089108910891,Low,""
E104113,Delivery,L1,Junior (L1-L2),Hyderabad,Man,South,Tier 3,Job portal,0.3,,557000.0,0.982,Within band,21,0.7566666666666667,0.07579999521444802,0.5592079207920793,Low,low utilisation
E104114,Delivery,L3,Mid (L3-L4),Bengaluru,Woman,South,Tier 2,Referral,0.3,,2048000.0,1.106,Above band,51,0.8466666666666667,0.036927238778780916,0.16752475247524753,Low,""
E104115,Delivery,L1,Junior (L1-L2),Bengaluru,Man,South,Tier 2,Job portal,0.3,,609000.0,1.024,Within band,18,0.8266666666666667,0.051549133171227196,0.31425742574257426,Low,""
E104116,Consulting,L1,Junior (L1-L2),Bengaluru,Man,South,Tier 3,Agency,0.3,,656000.0,1.002,Within band,26,0.81,0.061958620289745595,0.4182178217821782,Low,low utilisation
E104117,Cloud and Infrastructure,L2,Junior (L1-L2),Bengaluru,Woman,West,Tier 2,Job portal,0.3,,1113000.0,0.974,Within band,36,0.31666666666666665,0.11696651476514806,0.8027722772277228,Medium,"low utilisation, time on bench, long wait for promotion"
E104118,Quality Engineering,L1,Junior (L1-L2),Hyderabad,Man,West,Tier 2,Job portal,0.3,,493000.0,0.944,Within band,41,0.7799999999999999,0.09587641433673103,0.6998019801980198,Low,"low utilisation, pay below market"
E104119,Cloud and Infrastructure,L2,Junior (L1-L2),Hyderabad,Man,South,Tier 2,Agency,0.3,,1307000.0,1.201,Above band,34,0.8933333333333332,0.04262102056293731,0.22336633663366337,Low,""
E104120,Quality Engineering,L3,Mid (L3-L4),Bengaluru,Man,West,Tier 2,Referral,0.3,,1767000.0,1.037,Within band,68,0.8933333333333334,0.03470630875912388,0.14534653465346534,Low,long commute
E104121,Corporate Functions,L2,Junior (L1-L2),Hyderabad,Woman,West,Tier 3,Agency,0.3,,752000.0,0.829,Below band,28,,0.04055235175610218,0.20316831683168315,Low,pay below market
E104122,Data and Analytics,L4,Mid (L3-L4),Bengaluru,Man,East,Tier 2,Rehire,0.3,,3258000.0,1.0,Within band,51,0.8166666666666668,0.030834141402302413,0.11089108910891089,Low,""
E104123,Delivery,L2,Junior (L1-L2),Bengaluru,Man,South,Tier 2,Agency,0.3,,1110000.0,1.049,Within band,29,0.37333333333333335,0.0682852560924366,0.48594059405940593,Low,"low utilisation, time on bench"
E104124,Delivery,L3,Mid (L3-L4),Hyderabad,Woman,North,Tier 2,Agency,0.3,,1497000.0,0.849,Below band,63,0.8233333333333334,0.08001030227301721,0.5904950495049505,Low,"pay below market, low utilisation"
E104125,Delivery,L2,Junior (L1-L2),Bengaluru,Man,South,Tier 3,Agency,0.3,,1220000.0,1.153,Above band,31,0.8533333333333334,0.02338388174559608,0.06415841584158416,Low,""
E104126,Quality Engineering,L2,Junior (L1-L2),Bengaluru,Man,South,Tier 3,Referral,0.3,,986000.0,1.012,Within band,46,0.9566666666666667,0.021703730050539355,0.05702970297029703,Low,""
E104127,Quality Engineering,L1,Junior (L1-L2),Hyderabad,Man,South,Tier 2,Agency,0.3,,499000.0,0.956,Within band,44,0.7799999999999999,0.051700049445202366,0.31722772277227723,Low,low utilisation
E104128,Delivery,L2,Junior (L1-L2),Bengaluru,Man,South,Tier 1,Referral,0.3,,1147000.0,1.084,Within band,44,0.7633333333333333,0.0457792847637216,0.2582178217821782,Low,low utilisation
E104129,Delivery,L3,Mid (L3-L4),Hyderabad,Man,East,Tier 2,Rehire,0.3,,1723000.0,0.977,Within band,12,0.8233333333333334,0.03811578520391646,0.18217821782178217,Low,""
E104130,Data and Analytics,L1,Junior (L1-L2),Bengaluru,Man,North,Tier 2,Job portal,0.3,,714000.0,1.07,Within band,75,0.8633333333333333,0.029209353526763984,0.1005940594059406,Low,""
E104131,Cloud and Infrastructure,L1,Junior (L1-L2),Hyderabad,Man,North,Tier 1,Job portal,0.3,,685000.0,1.119,Above band,52,0.81,0.036032423551289466,0.15841584158415842,Low,""
E104132,Delivery,L1,Junior (L1-L2),Hyderabad,Woman,Northeast,Tier 2,Agency,0.3,,542000.0,0.956,Within band,17,0.8266666666666667,0.03665154432944899,0.16396039603960397,Low,""
E104133,Delivery,L1,Junior (L1-L2),Hyderabad,Man,East,Tier 2,Referral,0.3,,617000.0,1.088,Within band,33,0.4033333333333333,0.05598336679787338,0.3603960396039604,Low,"low utilisation, time on bench"
E104134,Delivery,L3,Mid (L3-L4),Bengaluru,Man,South,Tier 2,Agency,0.3,,2082000.0,1.124,Above band,46,0.85,0.025241049190281487,0.07405940594059406,Low,""
E104135,Delivery,L3,Mid (L3-L4),Bengaluru,Woman,South,Tier 2,Agency,0.3,,1986000.0,1.072,Within band,77,0.8266666666666667,0.05812573062240226,0.3833663366336634,Low,long commute
E104136,Delivery,L2,Junior (L1-L2),Hyderabad,Man,Northeast,Tier 2,Job portal,0.3,,1020000.0,1.012,Within band,48,0.8366666666666666,0.03244921807182678,0.12633663366336634,Low,""
E104137,Delivery,L2,Junior (L1-L2),Hyderabad,Woman,South,Tier 3,Job portal,0.3,,986000.0,0.978,Within band,39,0.9133333333333332,0.023524506173267578,0.06534653465346535,Low,""
E104138,Delivery,L1,Junior (L1-L2),Hyderabad,Woman,West,Tier 3,Referral,0.3,,564000.0,0.995,Within band,56,0.8933333333333334,0.030426360129250027,0.10653465346534653,Low,""
E104139,Data and Analytics,L3,Mid (L3-L4),Hyderabad,Man,West,Tier 2,Job portal,0.3,,2121000.0,1.074,Within band,82,0.93,0.04110959355424096,0.2099009900990099,Low,long commute
E104140,Consulting,L4,Mid (L3-L4),Hyderabad,Man,South,Tier 2,Referral,0.3,,2711000.0,0.889,Below band,24,0.5066666666666667,0.05861687220155623,0.38653465346534654,Low,"low utilisation, pay below market, time on bench"
E104141,Cloud and Infrastructure,L2,Junior (L1-L2),Hyderabad,Woman,South,Tier 2,Referral,0.3,,962000.0,0.884,Below band,27,0.5833333333333334,0.07591393860678829,0.561980198019802,Low,"low utilisation, pay below market, time on bench"
E104142,Quality Engineering,L2,Junior (L1-L2),Bengaluru,Man,South,Tier 3,Job portal,0.3,,792000.0,0.813,Below band,53,0.9033333333333333,0.059597615443112734,0.3924752475247525,Low,"pay below market, low utilisation"
E104143,Delivery,L1,Junior (L1-L2),Hyderabad,Man,South,Tier 3,Job portal,0.3,,568000.0,1.002,Within band,27,0.8566666666666668,0.03408983396530312,0.14099009900990098,Low,""
E104144,Quality Engineering,L2,Junior (L1-L2),Hyderabad,Woman,East,Tier 1,Job portal,0.3,,913000.0,0.985,Within band,35,0.8566666666666666,0.03162445053321901,0.1188118811881188,Low,""
E104145,Data and Analytics,L2,Junior (L1-L2),Hyderabad,Man,West,Tier 2,Referral,0.3,,1251000.0,1.108,Above band,47,0.81,0.03322693895245017,0.13267326732673268,Low,""
E104146,Delivery,L1,Junior (L1-L2),Hyderabad,Woman,North,Tier 2,Job portal,0.3,,602000.0,1.062,Within band,50,0.7366666666666667,0.044251091989514164,0.24118811881188118,Low,low utilisation
E104147,Data and Analytics,L1,Junior (L1-L2),Hyderabad,Man,East,Tier 1,Agency,0.3,,528000.0,0.831,Below band,38,0.91,0.04456797034274543,0.24673267326732673,Low,pay below market
E104149,Delivery,L1,Junior (L1-L2),Hyderabad,Man,South,Tier 3,Agency,0.3,,683000.0,1.205,Above band,22,0.69,0.04790591512622075,0.28158415841584156,Low,"low utilisation, long commute"
E104150,Delivery,L3,Mid (L3-L4),Hyderabad,Man,West,Tier 2,Agency,0.3,,1893000.0,1.073,Within band,18,0.88,0.022091405815086774,0.0594059405940594,Low,""
E104151,Delivery,L1,Junior (L1-L2),Bengaluru,Man,South,Tier 2,Agency,0.3,,654000.0,1.099,Within band,72,0.8466666666666667,0.03147379094821797,0.11643564356435644,Low,""
E104152,Cloud and Infrastructure,L2,Junior (L1-L2),Hyderabad,Woman,South,Tier 3,Referral,0.3,,1112000.0,1.022,Within band,38,0.8066666666666666,0.03789151274854463,0.179009900990099,Low,""
E104153,Delivery,L6,Senior (L5-L6),Hyderabad,Man,East,Tier 3,Agency,0.2,,7007000.0,1.011,Within band,38,0.835,0.012086989817319413,0.01900990099009901,Low,""
E104154,Quality Engineering,L6,Senior (L5-L6),Hyderabad,Man,South,Tier 2,Referral,0.2,,5867000.0,0.92,Within band,40,0.7649999999999999,0.02402341104759434,0.06930693069306931,Low,pay below market
E104155,Quality Engineering,L2,Junior (L1-L2),Hyderabad,Man,East,Tier 2,Referral,0.2,,1037000.0,1.119,Above band,51,0.8600000000000001,0.029031401345362876,0.09861386138613862,Low,""
E104156,Data and Analytics,L2,Junior (L1-L2),Hyderabad,Man,North,Tier 1,Referral,0.2,,1055000.0,0.934,Within band,39,0.76,0.07058778021702894,0.5093069306930693,Low,"pay below market, low utilisation"
E104157,Delivery,L1,Junior (L1-L2),Bengaluru,Man,South,Tier 2,Agency,0.2,,572000.0,0.961,Within band,60,0.8500000000000001,0.03787802191357923,0.1782178217821782,Low,long commute
E104158,Sales and Presales,L1,Junior (L1-L2),Hyderabad,Woman,North,Tier 2,Job portal,0.2,,777000.0,1.306,Above band,19,,0.02991493744940451,0.10376237623762376,Low,long commute
E104159,Data and Analytics,L1,Junior (L1-L2),Hyderabad,Man,South,Tier 1,Referral,0.2,,648000.0,1.02,Within band,21,0.86,0.03159335497328643,0.11801980198019801,Low,""
E104160,Delivery,L1,Junior (L1-L2),Hyderabad,Man,South,Tier 3,Referral,0.2,,568000.0,1.002,Within band,52,0.5700000000000001,0.05703643116889839,0.3718811881188119,Low,"low utilisation, time on bench"
E104161,Quality Engineering,L3,Mid (L3-L4),Bengaluru,Woman,North,Tier 3,Job portal,0.2,,1909000.0,1.12,Above band,97,0.81,0.04434768904959394,0.24316831683168316,Low,long commute
E104162,Delivery,L3,Mid (L3-L4),Hyderabad,Woman,South,Tier 3,Agency,0.2,,1633000.0,0.926,Within band,21,0.825,0.08467334786312229,0.6233663366336634,Low,"pay below market, low utilisation, long commute"
E104163,Data and Analytics,L2,Junior (L1-L2),Hyderabad,Man,Northeast,Tier 2,Referral,0.2,,1211000.0,1.073,Within band,73,0.5,0.07498676255202896,0.5500990099009901,Low,"low utilisation, time on bench"
E104164,Cloud and Infrastructure,L2,Junior (L1-L2),Hyderabad,Man,South,Tier 1,Job portal,0.2,,1162000.0,1.068,Within band,46,0.915,0.031068652083413528,0.11326732673267327,Low,""
E104165,Quality Engineering,L2,Junior (L1-L2),Hyderabad,Woman,South,Tier 1,Agency,0.2,,1018000.0,1.098,Within band,60,0.855,0.034781602817831096,0.14613861386138613,Low,""
E104166,Delivery,L3,Mid (L3-L4),Bengaluru,Man,North,Tier 2,Referral,0.2,,1830000.0,0.988,Within band,27,0.76,0.043821018716874,0.23722772277227722,Low,low utilisation
E104167,Data and Analytics,L2,Junior (L1-L2),Hyderabad,Man,East,Tier 2,Job portal,0.2,,1320000.0,1.169,Above band,34,0.755,0.03190535204158861,0.12198019801980198,Low,low utilisation
E104168,Quality Engineering,L2,Junior (L1-L2),Bengaluru,Man,West,Tier 2,Job portal,0.2,,923000.0,0.948,Within band,23,0.785,0.0553277158849435,0.35445544554455444,Low,low utilisation
E104169,Quality Engineering,L1,Junior (L1-L2),Bengaluru,Man,North,Tier 3,Job portal,0.2,,557000.0,1.016,Within band,26,0.86,0.031075616586974435,0.11405940594059406,Low,""
E104170,Quality Engineering,L3,Mid (L3-L4),Bengaluru,Man,East,Tier 2,Rehire,0.2,,1482000.0,0.87,Below band,58,0.825,0.07845481080877936,0.5798019801980198,Low,"pay below market, low utilisation"
E104171,Delivery,L1,Junior (L1-L2),Bengaluru,Man,South,Tier 3,Agency,0.2,,582000.0,0.978,Within band,41,0.9450000000000001,0.023612319816995027,0.06574257425742575,Low,""
E104172,Delivery,L2,Junior (L1-L2),Hyderabad,Man,South,Tier 2,Referral,0.2,,932000.0,0.925,Within band,27,0.88,0.045316089717101764,0.25306930693069307,Low,pay below market
E104173,Sales and Presales,L1,Junior (L1-L2),Hyderabad,Man,South,Tier 2,Referral,0.2,,649000.0,1.091,Within band,34,,0.023614558253391437,0.06613861386138614,Low,""
E104174,Quality Engineering,L4,Mid (L3-L4),Hyderabad,Man,East,Tier 3,Referral,0.2,,2642000.0,1.036,Within band,48,0.885,0.020806900112199732,0.05267326732673267,Low,""
E104175,Delivery,L2,Junior (L1-L2),Hyderabad,Man,North,Tier 3,Agency,0.2,,1070000.0,1.062,Within band,37,0.7849999999999999,0.04076496602784164,0.20554455445544553,Low,low utilisation
E104176,Data and Analytics,L1,Junior (L1-L2),Bengaluru,Woman,North,Tier 1,Job portal,0.2,,765000.0,1.147,Above band,84,0.8200000000000001,0.04102724133339597,0.2091089108910891,Low,long commute
E104177,Cloud and Infrastructure,L2,Junior (L1-L2),Bengaluru,Man,North,Tier 3,Job portal,0.2,,1164000.0,1.018,Within band,66,0.83,0.04613504944491925,0.2621782178217822,Low,""
E104178,Consulting,L1,Junior (L1-L2),Bengaluru,Woman,East,Tier 3,Agency,0.2,,702000.0,1.072,Within band,48,0.815,0.027654995753292468,0.08752475247524752,Low,""
E104179,Consulting,L1,Junior (L1-L2),Bengaluru,Woman,South,Tier 2,Referral,0.2,,529000.0,0.808,Below band,120,0.77,0.12127445374542374,0.8237623762376237,Medium,"long commute, pay below market, low utilisation"
E104180,Delivery,L3,Mid (L3-L4),Hyderabad,Woman,East,Tier 3,Job portal,0.2,,1823000.0,1.033,Within band,36,0.845,0.027379161728727078,0.08514851485148515,Low,""
E104181,Quality Engineering,L2,Junior (L1-L2),Bengaluru,Woman,South,Tier 2,Job portal,0.2,,904000.0,0.928,Within band,57,0.96,0.03711398118063964,0.1702970297029703,Low,pay below market
E104182,Delivery,L2,Junior (L1-L2),Hyderabad,Man,East,Tier 2,Agency,0.2,,841000.0,0.834,Below band,25,0.81,0.07204836122755016,0.5247524752475248,Low,"pay below market, low utilisation"
E104183,Delivery,L4,Mid (L3-L4),Hyderabad,Man,South,Tier 2,Job portal,0.2,,2614000.0,0.943,Within band,39,0.855,0.029181056399376886,0.1001980198019802,Low,pay below market
E104184,Delivery,L1,Junior (L1-L2),Bengaluru,Man,South,Tier 2,Job portal,0.2,,599000.0,1.007,Within band,26,0.9,0.028406717184318336,0.09346534653465347,Low,""
E104185,Data and Analytics,L1,Junior (L1-L2),Bengaluru,Man,South,Tier 3,Agency,0.2,,567000.0,0.85,Below band,40,0.85,0.05575338380233422,0.3584158415841584,Low,pay below market
E104186,Quality Engineering,L1,Junior (L1-L2),Bengaluru,Woman,South,Tier 1,Job portal,0.2,,579000.0,1.057,Within band,86,0.895,0.04168162456807817,0.21465346534653465,Low,long commute
E104187,Consulting,L4,Mid (L3-L4),Hyderabad,Woman,South,Tier 2,Job portal,0.1,,3025000.0,0.992,Within band,55,0.92,0.022550865852966086,0.06217821782178218,Low,""
E104188,Quality Engineering,L2,Junior (L1-L2),Bengaluru,Woman,West,Tier 3,Referral,0.1,,1130000.0,1.16,Above band,116,0.93,0.03935659391142703,0.19207920792079208,Low,long commute
E104189,Delivery,L2,Junior (L1-L2),Hyderabad,Woman,Northeast,Tier 2,Job portal,0.1,,1025000.0,1.017,Within band,30,0.66,0.041836409751235655,0.21663366336633663,Low,low utilisation
E104190,Data and Analytics,L4,Mid (L3-L4),Hyderabad,Man,South,Tier 1,Job portal,0.1,,3130000.0,1.008,Within band,45,0.75,0.0407920811459888,0.20633663366336633,Low,low utilisation
E104191,Cloud and Infrastructure,L4,Mid (L3-L4),Bengaluru,Man,East,Tier 2,Referral,0.1,,2804000.0,0.892,Below band,34,0.86,0.03244258527959641,0.12594059405940594,Low,pay below market
E104192,Data and Analytics,L1,Junior (L1-L2),Bengaluru,Man,South,Tier 2,Referral,0.1,,608000.0,0.912,Within band,21,0.83,0.060294995132089683,0.3996039603960396,Low,"pay below market, low utilisation, long commute"
E104193,Quality Engineering,L3,Mid (L3-L4),Hyderabad,Man,South,Tier 1,Agency,0.1,,1542000.0,0.95,Within band,43,0.81,0.04388843073518012,0.238019801980198,Low,low utilisation
E104194,Sales and Presales,L1,Junior (L1-L2),Hyderabad,Man,East,Tier 1,Job portal,0.1,,693000.0,1.165,Above band,18,,0.03496501288167196,0.1481188118811881,Low,long commute
E104195,Delivery,L2,Junior (L1-L2),Hyderabad,Man,South,Tier 3,Job portal,0.1,,908000.0,0.901,Within band,46,0.75,0.06180989704144523,0.4166336633663366,Low,"low utilisation, pay below market"
E104196,Delivery,L4,Mid (L3-L4),Hyderabad,Man,East,Tier 3,Job portal,0.1,,2835000.0,1.023,Within band,55,0.77,0.03571456151903871,0.15445544554455445,Low,low utilisation
E104197,Cloud and Infrastructure,L3,Mid (L3-L4),Hyderabad,Woman,South,Tier 2,Job portal,0.1,,1603000.0,0.841,Below band,29,0.8,0.0535701737750417,0.3346534653465347,Low,"low utilisation, pay below market"
E104198,Cloud and Infrastructure,L2,Junior (L1-L2),Hyderabad,Woman,North,Tier 3,Agency,0.1,,1163000.0,1.069,Within band,21,0.94,0.0325902888984712,0.12712871287128713,Low,""
E104199,Quality Engineering,L2,Junior (L1-L2),Hyderabad,Man,South,Tier 1,Agency,0.1,,1008000.0,1.087,Within band,50,0.83,0.032196324090482974,0.12435643564356436,Low,""
E104200,Delivery,L1,Junior (L1-L2),Bengaluru,Man,South,Tier 3,Job portal,0.1,,653000.0,1.097,Within band,36,1.0,0.0037135688541534945,0.00039603960396039607,Low,""
E104201,Quality Engineering,L1,Junior (L1-L2),Bengaluru,Man,North,Tier 2,Job portal,0.1,,591000.0,1.078,Within band,28,1.0,0.004288883763688357,0.0007920792079207921,Low,""
E104202,Cloud and Infrastructure,L3,Mid (L3-L4),Bengaluru,Woman,South,Tier 2,Rehire,0.1,,2058000.0,1.029,Within band,73,0.81,0.04941440721147517,0.297029702970297,Low,long commute
E104203,Delivery,L1,Junior (L1-L2),Hyderabad,Woman,North,Tier 2,Job portal,0.1,,543000.0,0.958,Within band,27,0.7,0.053060149703831716,0.3287128712871287,Low,low utilisation
E104204,Data and Analytics,L2,Junior (L1-L2),Hyderabad,Woman,South,Tier 3,Referral,0.1,,1195000.0,1.058,Within band,34,1.0,0.00703662237115085,0.0015841584158415843,Low,""
E104205,Corporate Functions,L2,Junior (L1-L2),Hyderabad,Woman,East,Tier 1,Job portal,0.1,,826000.0,0.911,Within band,60,,0.04298125194207239,0.22613861386138615,Low,""
E104206,Delivery,L1,Junior (L1-L2),Bengaluru,Man,South,Tier 3,Job portal,0.1,,588000.0,0.988,Within band,66,0.9,0.03443491518893448,0.14376237623762375,Low,long commute
E104207,Cloud and Infrastructure,L3,Mid (L3-L4),Bengaluru,Woman,West,Tier 3,Agency,0.1,,1862000.0,0.931,Within band,79,0.97,0.062455751998398874,0.42376237623762375,Low,"long commute, pay below market"
E104208,Quality Engineering,L1,Junior (L1-L2),Hyderabad,Man,South,Tier 2,Agency,0.1,,596000.0,1.142,Above band,53,1.0,0.006243703193380127,0.001188118811881188,Low,""
E104209,Delivery,L1,Junior (L1-L2),Bengaluru,Man,West,Tier 1,Agency,0.1,,579000.0,0.973,Within band,40,0.68,0.05228635569750144,0.3207920792079208,Low,low utilisation
E104210,Quality Engineering,L2,Junior (L1-L2),Hyderabad,Man,South,Tier 3,Referral,0.1,,906000.0,0.977,Within band,19,0.72,0.052837432640526025,0.32673267326732675,Low,low utilisation
E104211,Delivery,L1,Junior (L1-L2),Hyderabad,Woman,South,Tier 1,Job portal,0.0,,622000.0,1.097,Within band,24,,0.02931724434628289,0.10138613861386139,Low,""
E104212,Delivery,L2,Junior (L1-L2),Bengaluru,Man,South,Tier 3,Agency,0.0,,1040000.0,0.983,Within band,75,,0.03531206750464741,0.15207920792079208,Low,""
E104213,Data and Analytics,L3,Mid (L3-L4),Hyderabad,Woman,South,Tier 2,Job portal,0.0,,2117000.0,1.072,Within band,34,,0.023236921336141275,0.06376237623762376,Low,""
E104214,Delivery,L2,Junior (L1-L2),Hyderabad,Woman,South,Tier 2,Job portal,0.0,,1042000.0,1.034,Within band,43,,0.03147702639832716,0.11683168316831684,Low,""
E104215,Delivery,L1,Junior (L1-L2),Hyderabad,Woman,East,Tier 1,Referral,0.0,,686000.0,1.21,Above band,29,,0.021804605022229404,0.05742574257425743,Low,""
E104216,Delivery,L2,Junior (L1-L2),Bengaluru,Man,West,Tier 1,Referral,0.0,,1124000.0,1.062,Within band,71,,0.03392557323938224,0.13900990099009902,Low,""
E104217,Corporate Functions,L4,Mid (L3-L4),Hyderabad,Man,North,Tier 2,Rehire,0.0,,2294000.0,0.92,Within band,29,,0.03948333345118991,0.19366336633663367,Low,pay below market
E104218,Cloud and Infrastructure,L1,Junior (L1-L2),Hyderabad,Man,North,Tier 2,Job portal,0.0,,658000.0,1.075,Within band,42,,0.0283702676089897,0.09267326732673267,Low,""
E104219,Delivery,L1,Junior (L1-L2),Bengaluru,Woman,West,Tier 2,Referral,0.0,,455000.0,0.765,Below band,61,,0.05531733755414194,0.35366336633663364,Low,pay below market
E104220,Delivery,L1,Junior (L1-L2),Hyderabad,Woman,South,Tier 2,Job portal,0.0,,593000.0,1.046,Within band,17,,0.03715384306000941,0.1710891089108911,Low,long commute
E104221,Delivery,L1,Junior (L1-L2),Bengaluru,Man,West,Tier 3,Agency,0.0,,555000.0,0.933,Within band,89,,0.06563935881640004,0.4601980198019802,Low,"pay below market, long commute"
E104222,Corporate Functions,L2,Junior (L1-L2),Hyderabad,Woman,South,Tier 1,Agency,0.0,,772000.0,0.851,Below band,86,,0.07496116648426845,0.5497029702970297,Low,"pay below market, long commute"
E104223,Sales and Presales,L3,Mid (L3-L4),Bengaluru,Man,East,Tier 2,Job portal,0.0,,1885000.0,0.97,Within band,107,,0.044112510331571396,0.24079207920792078,Low,long commute
E104224,Data and Analytics,L2,Junior (L1-L2),Bengaluru,Man,South,Tier 1,Job portal,0.0,,1280000.0,1.08,Within band,108,,0.0459897640160339,0.260990099009901,Low,long commute
E104225,Delivery,L4,Mid (L3-L4),Hyderabad,Woman,South,Tier 3,Job portal,0.0,,3069000.0,1.108,Above band,14,,0.02340565750307754,0.06455445544554456,Low,""
E104226,Delivery,L3,Mid (L3-L4),Hyderabad,Man,North,Tier 3,Job portal,0.0,,1815000.0,1.029,Within band,16,,0.037775736811356334,0.17702970297029702,Low,long commute
E104227,Delivery,L1,Junior (L1-L2),Hyderabad,Man,South,Tier 2,Job portal,0.0,,623000.0,1.099,Within band,48,,0.02720276419730181,0.08316831683168317,Low,""
E104228,Cloud and Infrastructure,L1,Junior (L1-L2),Hyderabad,Man,South,Tier 2,Rehire,0.0,,589000.0,0.962,Within band,48,,0.03803895519890673,0.1801980198019802,Low,""
E104229,Corporate Functions,L2,Junior (L1-L2),Hyderabad,Woman,South,Tier 2,Job portal,0.0,,722000.0,0.796,Below band,52,,0.05004271808985472,0.30257425742574257,Low,pay below market
E104230,Delivery,L1,Junior (L1-L2),Hyderabad,Woman,South,Tier 2,Job portal,0.0,,577000.0,1.018,Within band,40,,0.027632301200057253,0.08712871287128712,Low,""
E104231,Data and Analytics,L2,Junior (L1-L2),Bengaluru,Man,South,Tier 2,Referral,0.0,,1382000.0,1.166,Above band,29,,0.02220608263535376,0.0598019801980198,Low,""
E104232,Data and Analytics,L3,Mid (L3-L4),Hyderabad,Woman,South,Tier 3,Job portal,0.0,,1693000.0,0.857,Below band,54,,0.051154354889825754,0.3104950495049505,Low,pay below market
E104233,Delivery,L1,Junior (L1-L2),Hyderabad,Woman,East,Tier 3,Job portal,0.0,,550000.0,0.97,Within band,51,,0.03341956048199437,0.13425742574257427,Low,""
E104234,Data and Analytics,L1,Junior (L1-L2),Hyderabad,Woman,North,Tier 3,Referral,0.0,,689000.0,1.085,Within band,78,,0.056992549192388865,0.3714851485148515,Low,long commute
E104235,Data and Analytics,L3,Mid (L3-L4),Bengaluru,Man,South,Tier 2,Agency,0.0,,2550000.0,1.23,Above band,18,,0.026096521788358043,0.07762376237623762,Low,""
E104236,Quality Engineering,L1,Junior (L1-L2),Hyderabad,Man,South,Tier 3,Referral,0.0,,532000.0,1.019,Within band,35,,0.025734297129546894,0.07603960396039604,Low,""
E104237,Data and Analytics,L1,Junior (L1-L2),Bengaluru,Man,Northeast,Tier 2,Job portal,0.0,,755000.0,1.132,Above band,65,,0.03301421756533099,0.1314851485148515,Low,long commute
E104238,Corporate Functions,L3,Mid (L3-L4),Hyderabad,Man,South,Tier 1,Agency,0.0,,1608000.0,1.013,Within band,43,,0.031658873248140755,0.1196039603960396,Low,""
