req_id,department,level,level_band,location,reason,opened_date,fiscal_year,offer_accepted_date,join_date,time_to_hire_days,time_to_fill_days,filled,candidates,offer_declines
R00001,Sales and Presales,L2,Junior (L1-L2),Hyderabad,Backfill,2022-04-24,FY 2022-23,2022-07-10,2022-09-08,77,137,true,38,1
R00002,Quality Engineering,L2,Junior (L1-L2),Bengaluru,Backfill,2022-04-13,FY 2022-23,2022-05-18,2022-07-17,35,95,true,31,0
R00003,Delivery,L2,Junior (L1-L2),Hyderabad,Backfill,2022-04-13,FY 2022-23,2022-04-29,2022-07-28,16,106,true,14,2
R00004,Delivery,L1,Junior (L1-L2),Bengaluru,Backfill,2022-04-18,FY 2022-23,2022-06-06,2022-07-06,49,79,true,18,0
R00005,Delivery,L3,Mid (L3-L4),Hyderabad,Backfill,2022-04-09,FY 2022-23,2022-05-14,2022-07-13,35,95,true,8,1
R00006,Quality Engineering,L2,Junior (L1-L2),Bengaluru,Backfill,2022-04-21,FY 2022-23,2022-05-10,2022-07-09,19,79,true,19,2
R00007,Delivery,L1,Junior (L1-L2),Hyderabad,Backfill,2022-04-04,FY 2022-23,2022-04-23,2022-05-23,19,49,true,9,1
R00008,Data and Analytics,L2,Junior (L1-L2),Hyderabad,Backfill,2022-04-09,FY 2022-23,2022-06-12,2022-08-11,64,124,true,10,0
R00009,Sales and Presales,L1,Junior (L1-L2),Hyderabad,Backfill,2022-04-13,FY 2022-23,2022-05-17,2022-07-16,34,94,true,26,1
R00010,Quality Engineering,L1,Junior (L1-L2),Hyderabad,Backfill,2022-04-11,FY 2022-23,2022-04-29,2022-06-28,18,78,true,19,1
R00011,Delivery,L1,Junior (L1-L2),Bengaluru,Backfill,2022-04-23,FY 2022-23,2022-05-02,2022-07-31,9,99,true,19,0
R00012,Cloud and Infrastructure,L1,Junior (L1-L2),Hyderabad,Backfill,2022-04-21,FY 2022-23,2022-05-12,2022-07-11,21,81,true,23,0
R00013,Delivery,L2,Junior (L1-L2),Hyderabad,Backfill,2022-04-02,FY 2022-23,2022-05-01,2022-06-30,29,89,true,34,0
R00014,Data and Analytics,L1,Junior (L1-L2),Hyderabad,Backfill,2022-04-14,FY 2022-23,2022-06-14,2022-08-13,61,121,true,32,1
R00015,Quality Engineering,L4,Mid (L3-L4),Hyderabad,Backfill,2022-04-14,FY 2022-23,2022-05-29,2022-08-27,45,135,true,7,1
R00016,Cloud and Infrastructure,L3,Mid (L3-L4),Bengaluru,Backfill,2022-04-15,FY 2022-23,2022-06-11,2022-08-10,57,117,true,38,1
R00017,Cloud and Infrastructure,L2,Junior (L1-L2),Bengaluru,Backfill,2022-04-25,FY 2022-23,2022-05-11,2022-06-10,16,46,true,29,2
R00018,Delivery,L2,Junior (L1-L2),Bengaluru,Backfill,2022-04-12,FY 2022-23,2022-05-13,2022-06-12,31,61,true,38,1
R00019,Cloud and Infrastructure,L3,Mid (L3-L4),Hyderabad,Backfill,2022-04-24,FY 2022-23,2022-05-27,2022-06-26,33,63,true,7,1
R00020,Delivery,L3,Mid (L3-L4),Hyderabad,Backfill,2022-04-01,FY 2022-23,2022-05-29,2022-06-28,58,88,true,16,1
R00021,Cloud and Infrastructure,L1,Junior (L1-L2),Hyderabad,Backfill,2022-04-09,FY 2022-23,2022-05-12,2022-07-11,33,93,true,27,0
R00022,Cloud and Infrastructure,L2,Junior (L1-L2),Bengaluru,Backfill,2022-04-13,FY 2022-23,2022-06-05,2022-08-04,53,113,true,6,1
R00023,Data and Analytics,L2,Junior (L1-L2),Bengaluru,Backfill,2022-04-04,FY 2022-23,2022-05-17,2022-08-15,43,133,true,26,0
R00024,Data and Analytics,L1,Junior (L1-L2),Hyderabad,Backfill,2022-04-22,FY 2022-23,2022-06-01,2022-08-30,40,130,true,6,1
R00025,Delivery,L3,Mid (L3-L4),Hyderabad,Backfill,2022-04-04,FY 2022-23,2022-05-06,2022-07-05,32,92,true,38,4
R00026,Sales and Presales,L1,Junior (L1-L2),Hyderabad,Backfill,2022-04-23,FY 2022-23,2022-05-29,2022-06-28,36,66,true,36,1
R00027,Delivery,L3,Mid (L3-L4),Hyderabad,Backfill,2022-04-04,FY 2022-23,2022-05-16,2022-07-15,42,102,true,37,2
R00028,Data and Analytics,L1,Junior (L1-L2),Bengaluru,Backfill,2022-04-11,FY 2022-23,2022-04-30,2022-07-29,19,109,true,11,0
R00029,Delivery,L2,Junior (L1-L2),Hyderabad,Backfill,2022-04-25,FY 2022-23,2022-05-18,2022-08-16,23,113,true,8,1
R00030,Delivery,L3,Mid (L3-L4),Hyderabad,Backfill,2022-04-16,FY 2022-23,2022-06-18,2022-08-17,63,123,true,28,0
R00031,Cloud and Infrastructure,L3,Mid (L3-L4),Hyderabad,Backfill,2022-04-01,FY 2022-23,2022-05-10,2022-06-09,39,69,true,35,3
R00032,Quality Engineering,L1,Junior (L1-L2),Hyderabad,Backfill,2022-04-07,FY 2022-23,2022-05-08,2022-08-06,31,121,true,13,1
R00033,Cloud and Infrastructure,L2,Junior (L1-L2),Hyderabad,Backfill,2022-04-18,FY 2022-23,2022-04-27,2022-07-26,9,99,true,29,2
R00034,Quality Engineering,L2,Junior (L1-L2),Hyderabad,Backfill,2022-04-01,FY 2022-23,2022-05-18,2022-07-17,47,107,true,6,0
R00035,Data and Analytics,L2,Junior (L1-L2),Hyderabad,Backfill,2022-04-19,FY 2022-23,2022-05-14,2022-07-13,25,85,true,28,1
R00036,Data and Analytics,L1,Junior (L1-L2),Bengaluru,Backfill,2022-04-25,FY 2022-23,2022-06-17,2022-09-15,53,143,true,12,2
R00037,Consulting,L4,Mid (L3-L4),Bengaluru,Backfill,2022-04-26,FY 2022-23,2022-07-08,2022-09-06,73,133,true,33,1
R00038,Delivery,L2,Junior (L1-L2),Bengaluru,Backfill,2022-04-16,FY 2022-23,2022-06-11,2022-08-10,56,116,true,22,1
R00039,Data and Analytics,L2,Junior (L1-L2),Bengaluru,Backfill,2022-04-01,FY 2022-23,2022-05-09,2022-07-08,38,98,true,33,0
R00040,Quality Engineering,L6,Senior (L5-L6),Bengaluru,Backfill,2022-04-10,FY 2022-23,2022-07-14,2022-10-12,95,185,true,6,1
R00041,Cloud and Infrastructure,L2,Junior (L1-L2),Bengaluru,Backfill,2022-04-20,FY 2022-23,2022-05-26,2022-07-25,36,96,true,32,0
R00042,Delivery,L4,Mid (L3-L4),Bengaluru,Backfill,2022-04-22,FY 2022-23,2022-05-22,2022-07-21,30,90,true,23,1
R00043,Cloud and Infrastructure,L2,Junior (L1-L2),Hyderabad,Backfill,2022-04-16,FY 2022-23,2022-05-28,2022-07-27,42,102,true,9,0
R00044,Cloud and Infrastructure,L3,Mid (L3-L4),Hyderabad,Backfill,2022-04-14,FY 2022-23,2022-07-12,2022-09-10,89,149,true,26,0
R00045,Delivery,L5,Senior (L5-L6),Hyderabad,Growth,2022-04-01,FY 2022-23,2022-06-17,2022-08-16,77,137,true,10,1
R00046,Delivery,L2,Junior (L1-L2),Hyderabad,Growth,2022-04-01,FY 2022-23,2022-06-13,2022-08-12,73,133,true,9,0
R00047,Delivery,L3,Mid (L3-L4),Hyderabad,Growth,2022-04-01,FY 2022-23,2022-05-29,2022-08-27,58,148,true,24,4
R00048,Quality Engineering,L3,Mid (L3-L4),Hyderabad,Growth,2022-04-01,FY 2022-23,2022-05-15,2022-06-14,44,74,true,19,2
R00049,Corporate Functions,L1,Junior (L1-L2),Hyderabad,Backfill,2022-05-23,FY 2022-23,2022-06-23,2022-07-23,31,61,true,19,1
R00050,Delivery,L1,Junior (L1-L2),Hyderabad,Backfill,2022-05-22,FY 2022-23,2022-07-01,2022-08-30,40,100,true,19,1
R00051,Quality Engineering,L2,Junior (L1-L2),Hyderabad,Backfill,2022-05-02,FY 2022-23,2022-06-08,2022-09-06,37,127,true,10,1
R00052,Delivery,L1,Junior (L1-L2),Bengaluru,Backfill,2022-05-17,FY 2022-23,2022-07-05,2022-10-03,49,139,true,6,0
R00053,Data and Analytics,L3,Mid (L3-L4),Hyderabad,Backfill,2022-05-25,FY 2022-23,2022-08-03,2022-09-02,70,100,true,18,1
R00054,Cloud and Infrastructure,L1,Junior (L1-L2),Bengaluru,Backfill,2022-05-03,FY 2022-23,2022-06-13,2022-09-11,41,131,true,14,1
R00055,Sales and Presales,L1,Junior (L1-L2),Bengaluru,Backfill,2022-05-21,FY 2022-23,2022-07-05,2022-08-04,45,75,true,34,0
R00056,Delivery,L2,Junior (L1-L2),Bengaluru,Backfill,2022-05-06,FY 2022-23,2022-05-24,2022-08-22,18,108,true,25,0
R00057,Quality Engineering,L4,Mid (L3-L4),Hyderabad,Backfill,2022-05-13,FY 2022-23,2022-08-22,2022-09-21,101,131,true,15,0
R00058,Delivery,L1,Junior (L1-L2),Hyderabad,Backfill,2022-05-22,FY 2022-23,2022-07-02,2022-08-01,41,71,true,14,2
R00059,Data and Analytics,L1,Junior (L1-L2),Hyderabad,Backfill,2022-05-03,FY 2022-23,2022-06-05,2022-08-04,33,93,true,29,0
R00060,Delivery,L2,Junior (L1-L2),Hyderabad,Backfill,2022-05-07,FY 2022-23,2022-07-26,2022-08-25,80,110,true,36,1
R00061,Delivery,L1,Junior (L1-L2),Hyderabad,Backfill,2022-05-07,FY 2022-23,2022-05-23,2022-07-22,16,76,true,19,0
R00062,Quality Engineering,L4,Mid (L3-L4),Bengaluru,Backfill,2022-05-18,FY 2022-23,2022-07-01,2022-08-30,44,104,true,7,2
R00063,Delivery,L2,Junior (L1-L2),Hyderabad,Backfill,2022-05-18,FY 2022-23,2022-07-28,2022-09-26,71,131,true,39,1
R00064,Quality Engineering,L4,Mid (L3-L4),Hyderabad,Backfill,2022-05-01,FY 2022-23,2022-05-27,2022-07-26,26,86,true,10,2
R00065,Delivery,L2,Junior (L1-L2),Bengaluru,Backfill,2022-05-24,FY 2022-23,2022-07-03,2022-09-01,40,100,true,16,1
R00066,Cloud and Infrastructure,L2,Junior (L1-L2),Hyderabad,Backfill,2022-05-22,FY 2022-23,2022-06-27,2022-08-26,36,96,true,27,0
R00067,Delivery,L2,Junior (L1-L2),Hyderabad,Backfill,2022-05-16,FY 2022-23,2022-06-24,2022-09-22,39,129,true,6,0
R00068,Data and Analytics,L2,Junior (L1-L2),Bengaluru,Backfill,2022-05-06,FY 2022-23,2022-06-04,2022-09-02,29,119,true,29,0
R00069,Delivery,L5,Senior (L5-L6),Hyderabad,Backfill,2022-05-13,FY 2022-23,2022-10-04,2022-12-03,144,204,true,15,0
R00070,Data and Analytics,L3,Mid (L3-L4),Hyderabad,Backfill,2022-05-22,FY 2022-23,2022-08-17,2022-10-16,87,147,true,10,0
R00071,Delivery,L2,Junior (L1-L2),Hyderabad,Backfill,2022-05-07,FY 2022-23,2022-07-05,2022-09-03,59,119,true,23,0
R00072,Data and Analytics,L3,Mid (L3-L4),Bengaluru,Backfill,2022-05-18,FY 2022-23,2022-07-06,2022-10-04,49,139,true,38,2
R00073,Sales and Presales,L2,Junior (L1-L2),Bengaluru,Backfill,2022-05-21,FY 2022-23,2022-06-09,2022-08-08,19,79,true,19,2
R00074,Delivery,L5,Senior (L5-L6),Bengaluru,Backfill,2022-05-14,FY 2022-23,2022-06-26,2022-08-25,43,103,true,29,2
R00075,Delivery,L2,Junior (L1-L2),Hyderabad,Backfill,2022-05-26,FY 2022-23,2022-07-12,2022-08-11,47,77,true,6,0
R00076,Sales and Presales,L1,Junior (L1-L2),Hyderabad,Backfill,2022-05-25,FY 2022-23,2022-06-06,2022-08-05,12,72,true,26,0
R00077,Quality Engineering,L2,Junior (L1-L2),Hyderabad,Backfill,2022-05-12,FY 2022-23,2022-06-16,2022-08-15,35,95,true,19,1
R00078,Data and Analytics,L2,Junior (L1-L2),Hyderabad,Backfill,2022-05-05,FY 2022-23,2022-06-13,2022-08-12,39,99,true,36,0
R00079,Consulting,L2,Junior (L1-L2),Hyderabad,Backfill,2022-05-03,FY 2022-23,2022-06-10,2022-07-10,38,68,true,10,0
R00080,Data and Analytics,L1,Junior (L1-L2),Hyderabad,Backfill,2022-05-24,FY 2022-23,2022-06-20,2022-07-20,27,57,true,9,0
R00081,Quality Engineering,L1,Junior (L1-L2),Bengaluru,Backfill,2022-05-03,FY 2022-23,2022-05-25,2022-07-24,22,82,true,24,1
R00082,Corporate Functions,L2,Junior (L1-L2),Bengaluru,Backfill,2022-05-21,FY 2022-23,2022-06-10,2022-08-09,20,80,true,9,1
R00083,Quality Engineering,L3,Mid (L3-L4),Bengaluru,Backfill,2022-05-21,FY 2022-23,2022-06-29,2022-08-28,39,99,true,7,1
R00084,Sales and Presales,L1,Junior (L1-L2),Bengaluru,Backfill,2022-05-14,FY 2022-23,2022-06-28,2022-07-28,45,75,true,36,0
R00085,Sales and Presales,L1,Junior (L1-L2),Hyderabad,Backfill,2022-05-04,FY 2022-23,2022-05-28,2022-08-26,24,114,true,23,2
R00086,Delivery,L2,Junior (L1-L2),Hyderabad,Backfill,2022-05-09,FY 2022-23,2022-05-31,2022-07-30,22,82,true,15,0
R00087,Data and Analytics,L2,Junior (L1-L2),Bengaluru,Backfill,2022-05-10,FY 2022-23,2022-07-21,2022-10-19,72,162,true,20,0
R00088,Delivery,L2,Junior (L1-L2),Hyderabad,Backfill,2022-05-23,FY 2022-23,2022-06-24,2022-09-22,32,122,true,19,0
R00089,Cloud and Infrastructure,L2,Junior (L1-L2),Hyderabad,Backfill,2022-05-14,FY 2022-23,2022-07-20,2022-08-19,67,97,true,9,1
R00090,Data and Analytics,L4,Mid (L3-L4),Hyderabad,Backfill,2022-05-01,FY 2022-23,2022-10-17,2023-01-15,169,259,true,16,1
R00091,Delivery,L2,Junior (L1-L2),Bengaluru,Backfill,2022-05-26,FY 2022-23,2022-07-17,2022-08-16,52,82,true,20,1
R00092,Data and Analytics,L2,Junior (L1-L2),Bengaluru,Backfill,2022-05-05,FY 2022-23,2022-06-03,2022-07-03,29,59,true,26,0
R00093,Quality Engineering,L2,Junior (L1-L2),Hyderabad,Backfill,2022-05-07,FY 2022-23,2022-05-20,2022-07-19,13,73,true,7,0
R00094,Delivery,L1,Junior (L1-L2),Hyderabad,Backfill,2022-05-20,FY 2022-23,2022-07-05,2022-10-03,46,136,true,25,0
R00095,Data and Analytics,L3,Mid (L3-L4),Hyderabad,Backfill,2022-05-11,FY 2022-23,2022-06-29,2022-07-29,49,79,true,38,0
R00096,Sales and Presales,L1,Junior (L1-L2),Hyderabad,Backfill,2022-05-15,FY 2022-23,2022-06-19,2022-08-18,35,95,true,12,0
R00097,Data and Analytics,L1,Junior (L1-L2),Bengaluru,Backfill,2022-05-17,FY 2022-23,2022-07-23,2022-10-21,67,157,true,33,0
R00098,Quality Engineering,L4,Mid (L3-L4),Hyderabad,Growth,2022-05-01,FY 2022-23,2022-07-29,2022-10-27,89,179,true,24,1
R00099,Delivery,L2,Junior (L1-L2),Hyderabad,Growth,2022-05-01,FY 2022-23,2022-06-15,2022-09-13,45,135,true,30,1
R00100,Cloud and Infrastructure,L2,Junior (L1-L2),Hyderabad,Growth,2022-05-01,FY 2022-23,2022-06-04,2022-08-03,34,94,true,24,0
R00101,Delivery,L4,Mid (L3-L4),Bengaluru,Growth,2022-05-01,FY 2022-23,2022-06-20,2022-08-19,50,110,true,32,1
R00102,Delivery,L2,Junior (L1-L2),Bengaluru,Growth,2022-05-01,FY 2022-23,2022-06-29,2022-08-28,59,119,true,30,0
R00103,Data and Analytics,L5,Senior (L5-L6),Bengaluru,Backfill,2022-06-07,FY 2022-23,2022-07-30,2022-09-28,53,113,true,14,0
R00104,Cloud and Infrastructure,L2,Junior (L1-L2),Hyderabad,Backfill,2022-06-21,FY 2022-23,2022-08-24,2022-09-23,64,94,true,6,0
R00105,Delivery,L1,Junior (L1-L2),Hyderabad,Backfill,2022-06-17,FY 2022-23,2022-07-13,2022-09-11,26,86,true,29,0
R00106,Cloud and Infrastructure,L2,Junior (L1-L2),Hyderabad,Backfill,2022-06-03,FY 2022-23,2022-07-09,2022-08-08,36,66,true,29,1
R00107,Cloud and Infrastructure,L1,Junior (L1-L2),Hyderabad,Backfill,2022-06-18,FY 2022-23,2022-07-14,2022-10-12,26,116,true,19,0
R00108,Sales and Presales,L1,Junior (L1-L2),Hyderabad,Backfill,2022-06-02,FY 2022-23,2022-07-08,2022-09-06,36,96,true,19,2
R00109,Delivery,L4,Mid (L3-L4),Bengaluru,Backfill,2022-06-16,FY 2022-23,2022-08-10,2022-10-09,55,115,true,39,2
R00110,Cloud and Infrastructure,L2,Junior (L1-L2),Hyderabad,Backfill,2022-06-11,FY 2022-23,2022-08-09,2022-11-07,59,149,true,39,0
R00111,Consulting,L3,Mid (L3-L4),Bengaluru,Backfill,2022-06-18,FY 2022-23,2022-07-08,2022-09-06,20,80,true,26,3
R00112,Cloud and Infrastructure,L4,Mid (L3-L4),Bengaluru,Backfill,2022-06-07,FY 2022-23,2022-09-06,2022-11-05,91,151,true,22,0
R00113,Delivery,L3,Mid (L3-L4),Bengaluru,Backfill,2022-06-17,FY 2022-23,2022-07-04,2022-09-02,17,77,true,26,1
R00114,Cloud and Infrastructure,L5,Senior (L5-L6),Hyderabad,Backfill,2022-06-17,FY 2022-23,2022-10-09,2022-11-08,114,144,true,9,1
R00115,Corporate Functions,L1,Junior (L1-L2),Hyderabad,Backfill,2022-06-01,FY 2022-23,2022-06-27,2022-08-26,26,86,true,31,1
R00116,Delivery,L4,Mid (L3-L4),Hyderabad,Backfill,2022-06-04,FY 2022-23,2022-08-04,2022-10-03,61,121,true,24,0
R00117,Sales and Presales,L1,Junior (L1-L2),Hyderabad,Backfill,2022-06-08,FY 2022-23,2022-08-22,2022-10-21,75,135,true,28,0
R00118,Delivery,L1,Junior (L1-L2),Hyderabad,Backfill,2022-06-22,FY 2022-23,2022-08-03,2022-11-01,42,132,true,25,0
R00119,Corporate Functions,L3,Mid (L3-L4),Bengaluru,Backfill,2022-06-02,FY 2022-23,2022-08-19,2022-10-18,78,138,true,33,1
R00120,Consulting,L2,Junior (L1-L2),Bengaluru,Backfill,2022-06-23,FY 2022-23,2022-07-15,2022-08-14,22,52,true,13,0
R00121,Delivery,L1,Junior (L1-L2),Bengaluru,Backfill,2022-06-05,FY 2022-23,2022-07-04,2022-08-03,29,59,true,38,0
R00122,Cloud and Infrastructure,L1,Junior (L1-L2),Hyderabad,Backfill,2022-06-03,FY 2022-23,2022-06-30,2022-07-30,27,57,true,35,0
R00123,Delivery,L2,Junior (L1-L2),Hyderabad,Backfill,2022-06-19,FY 2022-23,2022-07-30,2022-10-28,41,131,true,9,0
R00124,Delivery,L2,Junior (L1-L2),Bengaluru,Backfill,2022-06-12,FY 2022-23,2022-07-13,2022-09-11,31,91,true,30,0
R00125,Delivery,L3,Mid (L3-L4),Bengaluru,Backfill,2022-06-11,FY 2022-23,2022-08-19,2022-11-17,69,159,true,27,2
R00126,Delivery,L2,Junior (L1-L2),Hyderabad,Backfill,2022-06-15,FY 2022-23,2022-07-24,2022-09-22,39,99,true,33,1
R00127,Quality Engineering,L4,Mid (L3-L4),Hyderabad,Backfill,2022-06-25,FY 2022-23,2022-08-18,2022-10-17,54,114,true,37,3
R00128,Delivery,L3,Mid (L3-L4),Bengaluru,Backfill,2022-06-06,FY 2022-23,2022-07-03,2022-08-02,27,57,true,34,1
R00129,Sales and Presales,L4,Mid (L3-L4),Bengaluru,Backfill,2022-06-25,FY 2022-23,2022-08-21,2022-10-20,57,117,true,10,0
R00130,Cloud and Infrastructure,L2,Junior (L1-L2),Hyderabad,Backfill,2022-06-16,FY 2022-23,2022-07-25,2022-09-23,39,99,true,29,0
R00131,Corporate Functions,L3,Mid (L3-L4),Hyderabad,Backfill,2022-06-15,FY 2022-23,2022-10-02,2022-12-31,109,199,true,13,2
R00132,Delivery,L1,Junior (L1-L2),Hyderabad,Backfill,2022-06-24,FY 2022-23,2022-07-07,2022-09-05,13,73,true,15,1
R00133,Delivery,L3,Mid (L3-L4),Bengaluru,Backfill,2022-06-26,FY 2022-23,2022-08-21,2022-11-19,56,146,true,17,0
R00134,Delivery,L2,Junior (L1-L2),Hyderabad,Backfill,2022-06-18,FY 2022-23,2022-07-05,2022-09-03,17,77,true,7,0
R00135,Cloud and Infrastructure,L2,Junior (L1-L2),Bengaluru,Backfill,2022-06-25,FY 2022-23,2022-08-07,2022-10-06,43,103,true,7,0
R00136,Quality Engineering,L2,Junior (L1-L2),Bengaluru,Backfill,2022-06-11,FY 2022-23,2022-07-01,2022-08-30,20,80,true,25,1
R00137,Delivery,L1,Junior (L1-L2),Bengaluru,Backfill,2022-06-20,FY 2022-23,2022-07-04,2022-09-02,14,74,true,36,1
R00138,Delivery,L1,Junior (L1-L2),Hyderabad,Backfill,2022-06-13,FY 2022-23,2022-07-19,2022-09-17,36,96,true,33,1
R00139,Data and Analytics,L1,Junior (L1-L2),Bengaluru,Backfill,2022-06-09,FY 2022-23,2022-08-18,2022-10-17,70,130,true,30,1
R00140,Delivery,L4,Mid (L3-L4),Bengaluru,Backfill,2022-06-27,FY 2022-23,2022-11-04,2023-01-03,130,190,true,13,2
R00141,Delivery,L3,Mid (L3-L4),Hyderabad,Backfill,2022-06-27,FY 2022-23,2022-07-26,2022-09-24,29,89,true,6,3
R00142,Delivery,L1,Junior (L1-L2),Hyderabad,Backfill,2022-06-06,FY 2022-23,2022-06-27,2022-07-27,21,51,true,20,0
R00143,Data and Analytics,L1,Junior (L1-L2),Bengaluru,Backfill,2022-06-07,FY 2022-23,2022-08-01,2022-09-30,55,115,true,25,0
R00144,Cloud and Infrastructure,L3,Mid (L3-L4),Bengaluru,Backfill,2022-06-12,FY 2022-23,2022-07-27,2022-09-25,45,105,true,36,1
R00145,Delivery,L1,Junior (L1-L2),Bengaluru,Backfill,2022-06-25,FY 2022-23,2022-07-19,2022-08-18,24,54,true,38,0
R00146,Sales and Presales,L4,Mid (L3-L4),Hyderabad,Backfill,2022-06-16,FY 2022-23,2022-08-22,2022-10-21,67,127,true,27,2
R00147,Delivery,L1,Junior (L1-L2),Bengaluru,Backfill,2022-06-06,FY 2022-23,2022-06-29,2022-08-28,23,83,true,31,0
R00148,Delivery,L1,Junior (L1-L2),Hyderabad,Backfill,2022-06-06,FY 2022-23,2022-08-07,2022-10-06,62,122,true,11,0
R00149,Consulting,L5,Senior (L5-L6),Bengaluru,Backfill,2022-06-07,FY 2022-23,2022-08-14,2022-09-13,68,98,true,7,0
R00150,Data and Analytics,L2,Junior (L1-L2),Hyderabad,Backfill,2022-06-14,FY 2022-23,2022-07-10,2022-10-08,26,116,true,27,0
R00151,Data and Analytics,L3,Mid (L3-L4),Bengaluru,Backfill,2022-06-12,FY 2022-23,2022-09-15,2022-11-14,95,155,true,6,1
R00152,Delivery,L1,Junior (L1-L2),Hyderabad,Backfill,2022-07-13,FY 2022-23,2022-08-14,2022-11-12,32,122,true,32,1
R00153,Delivery,L1,Junior (L1-L2),Hyderabad,Backfill,2022-07-21,FY 2022-23,2022-08-18,2022-10-17,28,88,true,21,0
R00154,Data and Analytics,L3,Mid (L3-L4),Hyderabad,Backfill,2022-07-12,FY 2022-23,2022-10-21,2022-11-20,101,131,true,35,2
R00155,Delivery,L2,Junior (L1-L2),Bengaluru,Backfill,2022-07-25,FY 2022-23,2022-08-17,2022-10-16,23,83,true,10,2
R00156,Delivery,L4,Mid (L3-L4),Bengaluru,Backfill,2022-07-10,FY 2022-23,2022-10-03,2023-01-01,85,175,true,20,0
R00157,Sales and Presales,L1,Junior (L1-L2),Bengaluru,Backfill,2022-07-17,FY 2022-23,2022-08-13,2022-11-11,27,117,true,18,1
R00158,Quality Engineering,L2,Junior (L1-L2),Hyderabad,Backfill,2022-07-22,FY 2022-23,2022-08-29,2022-10-28,38,98,true,31,0
R00159,Cloud and Infrastructure,L2,Junior (L1-L2),Hyderabad,Backfill,2022-07-21,FY 2022-23,2022-09-23,2022-12-22,64,154,true,39,1
R00160,Cloud and Infrastructure,L4,Mid (L3-L4),Hyderabad,Backfill,2022-07-10,FY 2022-23,2022-08-18,2022-11-16,39,129,true,31,1
R00161,Quality Engineering,L2,Junior (L1-L2),Hyderabad,Backfill,2022-07-22,FY 2022-23,2022-08-26,2022-09-25,35,65,true,17,0
R00162,Corporate Functions,L3,Mid (L3-L4),Bengaluru,Backfill,2022-07-07,FY 2022-23,2022-07-27,2022-08-26,20,50,true,25,1
R00163,Quality Engineering,L3,Mid (L3-L4),Hyderabad,Backfill,2022-07-27,FY 2022-23,2022-09-09,2022-12-08,44,134,true,9,1
R00164,Data and Analytics,L2,Junior (L1-L2),Hyderabad,Backfill,2022-07-07,FY 2022-23,2022-07-30,2022-09-28,23,83,true,11,0
R00165,Delivery,L2,Junior (L1-L2),Bengaluru,Backfill,2022-07-24,FY 2022-23,2022-09-28,2022-11-27,66,126,true,33,1
R00166,Delivery,L2,Junior (L1-L2),Bengaluru,Backfill,2022-07-17,FY 2022-23,2022-07-28,2022-10-26,11,101,true,28,0
R00167,Delivery,L2,Junior (L1-L2),Hyderabad,Backfill,2022-07-24,FY 2022-23,2022-08-26,2022-11-24,33,123,true,34,0
R00168,Data and Analytics,L2,Junior (L1-L2),Hyderabad,Backfill,2022-07-21,FY 2022-23,2022-09-25,2022-11-24,66,126,true,9,1
R00169,Cloud and Infrastructure,L2,Junior (L1-L2),Hyderabad,Backfill,2022-07-09,FY 2022-23,2022-08-21,2022-10-20,43,103,true,22,2
R00170,Cloud and Infrastructure,L2,Junior (L1-L2),Hyderabad,Backfill,2022-07-06,FY 2022-23,2022-09-01,2022-10-31,57,117,true,39,0
R00171,Corporate Functions,L2,Junior (L1-L2),Bengaluru,Backfill,2022-07-07,FY 2022-23,2022-08-02,2022-10-31,26,116,true,12,2
R00172,Delivery,L1,Junior (L1-L2),Bengaluru,Backfill,2022-07-05,FY 2022-23,2022-08-01,2022-10-30,27,117,true,17,3
R00173,Delivery,L3,Mid (L3-L4),Hyderabad,Backfill,2022-07-12,FY 2022-23,2022-11-04,2023-01-03,115,175,true,36,0
R00174,Data and Analytics,L4,Mid (L3-L4),Hyderabad,Backfill,2022-07-05,FY 2022-23,2022-09-23,2022-12-22,80,170,true,21,0
R00175,Quality Engineering,L1,Junior (L1-L2),Bengaluru,Backfill,2022-07-18,FY 2022-23,2022-08-10,2022-09-09,23,53,true,11,1
R00176,Sales and Presales,L5,Senior (L5-L6),Hyderabad,Backfill,2022-07-15,FY 2022-23,2022-09-17,2022-12-16,64,154,true,24,2
R00177,Corporate Functions,L3,Mid (L3-L4),Hyderabad,Backfill,2022-07-20,FY 2022-23,2022-08-30,2022-11-28,41,131,true,15,1
R00178,Cloud and Infrastructure,L1,Junior (L1-L2),Hyderabad,Backfill,2022-07-21,FY 2022-23,2022-09-04,2022-11-03,45,105,true,35,1
R00179,Delivery,L2,Junior (L1-L2),Hyderabad,Backfill,2022-07-18,FY 2022-23,2022-08-20,2022-09-19,33,63,true,25,0
R00180,Delivery,L3,Mid (L3-L4),Hyderabad,Backfill,2022-07-24,FY 2022-23,2022-09-23,2022-10-23,61,91,true,19,1
R00181,Delivery,L1,Junior (L1-L2),Hyderabad,Backfill,2022-07-03,FY 2022-23,2022-07-19,2022-10-17,16,106,true,18,1
R00182,Delivery,L1,Junior (L1-L2),Bengaluru,Backfill,2022-07-09,FY 2022-23,2022-07-31,2022-08-30,22,52,true,22,1
R00183,Delivery,L2,Junior (L1-L2),Hyderabad,Backfill,2022-07-18,FY 2022-23,2022-07-28,2022-10-26,10,100,true,22,2
R00184,Sales and Presales,L1,Junior (L1-L2),Hyderabad,Backfill,2022-07-18,FY 2022-23,2022-08-30,2022-10-29,43,103,true,26,0
R00185,Data and Analytics,L1,Junior (L1-L2),Hyderabad,Backfill,2022-07-09,FY 2022-23,2022-08-10,2022-11-08,32,122,true,6,1
R00186,Data and Analytics,L1,Junior (L1-L2),Bengaluru,Backfill,2022-07-24,FY 2022-23,2022-09-05,2022-10-05,43,73,true,9,0
R00187,Delivery,L3,Mid (L3-L4),Bengaluru,Backfill,2022-07-03,FY 2022-23,2022-08-16,2022-09-15,44,74,true,38,2
R00188,Cloud and Infrastructure,L1,Junior (L1-L2),Hyderabad,Backfill,2022-07-02,FY 2022-23,2022-08-28,2022-09-27,57,87,true,22,1
R00189,Data and Analytics,L3,Mid (L3-L4),Bengaluru,Backfill,2022-07-14,FY 2022-23,2022-10-09,2022-11-08,87,117,true,24,0
R00190,Sales and Presales,L4,Mid (L3-L4),Hyderabad,Backfill,2022-07-10,FY 2022-23,2022-08-02,2022-10-31,23,113,true,29,1
R00191,Delivery,L1,Junior (L1-L2),Hyderabad,Backfill,2022-07-07,FY 2022-23,2022-08-07,2022-11-05,31,121,true,37,1
R00192,Quality Engineering,L1,Junior (L1-L2),Hyderabad,Backfill,2022-07-02,FY 2022-23,2022-08-05,2022-10-04,34,94,true,12,1
R00193,Delivery,L2,Junior (L1-L2),Bengaluru,Backfill,2022-07-22,FY 2022-23,2022-08-07,2022-10-06,16,76,true,22,0
R00194,Delivery,L1,Junior (L1-L2),Hyderabad,Backfill,2022-07-08,FY 2022-23,2022-08-23,2022-09-22,46,76,true,31,0
R00195,Delivery,L2,Junior (L1-L2),Hyderabad,Backfill,2022-07-18,FY 2022-23,2022-08-13,2022-09-12,26,56,true,12,0
R00196,Corporate Functions,L1,Junior (L1-L2),Bengaluru,Backfill,2022-07-02,FY 2022-23,2022-08-11,2022-10-10,40,100,true,6,1
R00197,Delivery,L2,Junior (L1-L2),Bengaluru,Growth,2022-07-01,FY 2022-23,2022-08-30,2022-11-28,60,150,true,30,0
R00198,Quality Engineering,L4,Mid (L3-L4),Bengaluru,Growth,2022-07-01,FY 2022-23,2022-09-05,2022-11-04,66,126,true,6,2
R00199,Data and Analytics,L2,Junior (L1-L2),Hyderabad,Backfill,2022-08-11,FY 2022-23,2022-10-04,2022-11-03,54,84,true,36,0
R00200,Delivery,L2,Junior (L1-L2),Hyderabad,Backfill,2022-08-16,FY 2022-23,2022-10-30,2022-12-29,75,135,true,8,0
R00201,Cloud and Infrastructure,L1,Junior (L1-L2),Hyderabad,Backfill,2022-08-19,FY 2022-23,2022-10-17,2023-01-15,59,149,true,39,1
R00202,Delivery,L1,Junior (L1-L2),Bengaluru,Backfill,2022-08-13,FY 2022-23,2022-09-17,2022-12-16,35,125,true,19,0
R00203,Quality Engineering,L2,Junior (L1-L2),Hyderabad,Backfill,2022-08-03,FY 2022-23,2022-08-28,2022-10-27,25,85,true,22,0
R00204,Quality Engineering,L3,Mid (L3-L4),Hyderabad,Backfill,2022-08-04,FY 2022-23,2022-08-25,2022-09-24,21,51,true,27,1
R00205,Quality Engineering,L1,Junior (L1-L2),Bengaluru,Backfill,2022-08-01,FY 2022-23,2022-09-03,2022-10-03,33,63,true,17,1
R00206,Delivery,L2,Junior (L1-L2),Hyderabad,Backfill,2022-08-21,FY 2022-23,2022-09-11,2022-12-10,21,111,true,12,1
R00207,Data and Analytics,L3,Mid (L3-L4),Bengaluru,Backfill,2022-08-10,FY 2022-23,2022-09-05,2022-11-04,26,86,true,9,1
R00208,Sales and Presales,L2,Junior (L1-L2),Hyderabad,Backfill,2022-08-26,FY 2022-23,2022-11-15,2023-01-14,81,141,true,37,0
R00209,Cloud and Infrastructure,L4,Mid (L3-L4),Hyderabad,Backfill,2022-08-04,FY 2022-23,2022-09-22,2022-11-21,49,109,true,15,2
R00210,Corporate Functions,L2,Junior (L1-L2),Hyderabad,Backfill,2022-08-03,FY 2022-23,2022-09-07,2022-12-06,35,125,true,35,0
R00211,Cloud and Infrastructure,L1,Junior (L1-L2),Bengaluru,Backfill,2022-08-18,FY 2022-23,2022-11-02,2023-01-01,76,136,true,30,1
R00212,Delivery,L1,Junior (L1-L2),Bengaluru,Backfill,2022-08-20,FY 2022-23,2022-09-17,2022-11-16,28,88,true,35,0
R00213,Delivery,L1,Junior (L1-L2),Hyderabad,Backfill,2022-08-02,FY 2022-23,2022-09-02,2022-10-02,31,61,true,35,2
R00214,Data and Analytics,L3,Mid (L3-L4),Hyderabad,Backfill,2022-08-08,FY 2022-23,2022-09-28,2022-11-27,51,111,true,29,0
R00215,Quality Engineering,L2,Junior (L1-L2),Bengaluru,Backfill,2022-08-15,FY 2022-23,2022-09-02,2022-11-01,18,78,true,9,1
R00216,Cloud and Infrastructure,L3,Mid (L3-L4),Hyderabad,Backfill,2022-08-04,FY 2022-23,2022-09-12,2022-10-12,39,69,true,14,1
R00217,Data and Analytics,L2,Junior (L1-L2),Hyderabad,Backfill,2022-08-10,FY 2022-23,2022-09-23,2022-11-22,44,104,true,22,2
R00218,Data and Analytics,L1,Junior (L1-L2),Bengaluru,Backfill,2022-08-09,FY 2022-23,2022-09-06,2022-12-05,28,118,true,30,0
R00219,Quality Engineering,L2,Junior (L1-L2),Hyderabad,Backfill,2022-08-25,FY 2022-23,2022-09-23,2022-10-23,29,59,true,39,2
R00220,Quality Engineering,L4,Mid (L3-L4),Hyderabad,Backfill,2022-08-07,FY 2022-23,2022-09-14,2022-11-13,38,98,true,22,1
R00221,Delivery,L5,Senior (L5-L6),Bengaluru,Backfill,2022-08-03,FY 2022-23,2023-01-26,2023-04-26,176,266,true,26,0
R00222,Delivery,L1,Junior (L1-L2),Hyderabad,Backfill,2022-08-25,FY 2022-23,2022-10-29,2022-12-28,65,125,true,10,0
R00223,Data and Analytics,L2,Junior (L1-L2),Bengaluru,Backfill,2022-08-13,FY 2022-23,2022-09-17,2022-11-16,35,95,true,37,0
R00224,Delivery,L4,Mid (L3-L4),Hyderabad,Backfill,2022-08-01,FY 2022-23,2022-11-10,2023-02-08,101,191,true,25,0
R00225,Delivery,L1,Junior (L1-L2),Hyderabad,Backfill,2022-08-23,FY 2022-23,2022-09-03,2022-12-02,11,101,true,11,1
R00226,Sales and Presales,L2,Junior (L1-L2),Bengaluru,Backfill,2022-08-10,FY 2022-23,2022-09-04,2022-11-03,25,85,true,13,1
R00227,Delivery,L2,Junior (L1-L2),Bengaluru,Backfill,2022-08-16,FY 2022-23,2022-10-11,2022-11-10,56,86,true,11,1
R00228,Delivery,L2,Junior (L1-L2),Hyderabad,Backfill,2022-08-09,FY 2022-23,2022-08-18,2022-09-17,9,39,true,37,1
R00229,Data and Analytics,L2,Junior (L1-L2),Bengaluru,Backfill,2022-08-22,FY 2022-23,2022-09-15,2022-11-14,24,84,true,28,3
R00230,Cloud and Infrastructure,L1,Junior (L1-L2),Hyderabad,Backfill,2022-08-12,FY 2022-23,2022-09-14,2022-10-14,33,63,true,11,1
R00231,Sales and Presales,L5,Senior (L5-L6),Hyderabad,Backfill,2022-08-07,FY 2022-23,2022-09-26,2022-10-26,50,80,true,27,2
R00232,Quality Engineering,L1,Junior (L1-L2),Bengaluru,Backfill,2022-08-21,FY 2022-23,2022-09-10,2022-10-10,20,50,true,26,0
R00233,Delivery,L2,Junior (L1-L2),Hyderabad,Backfill,2022-08-06,FY 2022-23,2022-09-04,2022-11-03,29,89,true,16,0
R00234,Delivery,L2,Junior (L1-L2),Bengaluru,Backfill,2022-08-10,FY 2022-23,2022-09-10,2022-11-09,31,91,true,38,0
R00235,Sales and Presales,L4,Mid (L3-L4),Bengaluru,Backfill,2022-08-10,FY 2022-23,2022-11-30,2022-12-30,112,142,true,11,0
R00236,Consulting,L3,Mid (L3-L4),Hyderabad,Backfill,2022-08-24,FY 2022-23,2022-11-01,2022-12-31,69,129,true,25,2
R00237,Delivery,L2,Junior (L1-L2),Bengaluru,Backfill,2022-08-04,FY 2022-23,2022-08-30,2022-10-29,26,86,true,9,0
R00238,Sales and Presales,L1,Junior (L1-L2),Hyderabad,Backfill,2022-08-09,FY 2022-23,2022-09-04,2022-11-03,26,86,true,14,0
R00239,Delivery,L2,Junior (L1-L2),Hyderabad,Backfill,2022-08-10,FY 2022-23,2022-09-25,2022-11-24,46,106,true,33,1
R00240,Delivery,L2,Junior (L1-L2),Hyderabad,Backfill,2022-08-24,FY 2022-23,2022-09-22,2022-10-22,29,59,true,9,0
R00241,Sales and Presales,L1,Junior (L1-L2),Hyderabad,Backfill,2022-08-15,FY 2022-23,2022-08-24,2022-10-23,9,69,true,30,0
R00242,Corporate Functions,L4,Mid (L3-L4),Hyderabad,Backfill,2022-08-01,FY 2022-23,2022-08-19,2022-10-18,18,78,true,6,1
R00243,Delivery,L4,Mid (L3-L4),Hyderabad,Backfill,2022-08-13,FY 2022-23,2022-09-26,2022-12-25,44,134,true,39,0
R00244,Sales and Presales,L3,Mid (L3-L4),Bengaluru,Backfill,2022-08-22,FY 2022-23,2022-10-22,2022-12-21,61,121,true,15,0
R00245,Data and Analytics,L3,Mid (L3-L4),Bengaluru,Backfill,2022-08-11,FY 2022-23,2022-09-04,2022-10-04,24,54,true,6,1
R00246,Corporate Functions,L1,Junior (L1-L2),Hyderabad,Backfill,2022-08-13,FY 2022-23,2022-09-28,2022-10-28,46,76,true,35,1
R00247,Delivery,L2,Junior (L1-L2),Hyderabad,Growth,2022-08-01,FY 2022-23,2022-10-27,2022-12-26,87,147,true,38,1
R00248,Sales and Presales,L5,Senior (L5-L6),Hyderabad,Growth,2022-08-01,FY 2022-23,2022-10-06,2022-12-05,66,126,true,14,0
R00249,Corporate Functions,L3,Mid (L3-L4),Hyderabad,Backfill,2022-09-01,FY 2022-23,2022-09-25,2022-10-25,24,54,true,18,1
R00250,Delivery,L4,Mid (L3-L4),Hyderabad,Backfill,2022-09-16,FY 2022-23,2023-02-22,2023-05-23,159,249,true,10,2
R00251,Quality Engineering,L4,Mid (L3-L4),Bengaluru,Backfill,2022-09-17,FY 2022-23,2023-01-28,2023-03-29,133,193,true,23,0
R00252,Cloud and Infrastructure,L2,Junior (L1-L2),Bengaluru,Backfill,2022-09-06,FY 2022-23,2022-11-05,2023-02-03,60,150,true,33,1
R00253,Data and Analytics,L2,Junior (L1-L2),Hyderabad,Backfill,2022-09-02,FY 2022-23,2022-10-05,2022-12-04,33,93,true,38,2
R00254,Delivery,L3,Mid (L3-L4),Bengaluru,Backfill,2022-09-12,FY 2022-23,2022-11-19,2022-12-19,68,98,true,37,0
R00255,Delivery,L1,Junior (L1-L2),Hyderabad,Backfill,2022-09-18,FY 2022-23,2022-11-07,2023-02-05,50,140,true,18,0
R00256,Cloud and Infrastructure,L2,Junior (L1-L2),Hyderabad,Backfill,2022-09-24,FY 2022-23,2023-01-05,2023-03-06,103,163,true,39,3
R00257,Cloud and Infrastructure,L5,Senior (L5-L6),Hyderabad,Backfill,2022-09-12,FY 2022-23,2022-10-22,2022-11-21,40,70,true,32,0
R00258,Data and Analytics,L1,Junior (L1-L2),Bengaluru,Backfill,2022-09-02,FY 2022-23,2022-11-28,2022-12-28,87,117,true,39,1
R00259,Cloud and Infrastructure,L3,Mid (L3-L4),Hyderabad,Backfill,2022-09-01,FY 2022-23,2022-10-27,2023-01-25,56,146,true,32,0
R00260,Delivery,L2,Junior (L1-L2),Bengaluru,Backfill,2022-09-23,FY 2022-23,2022-10-29,2022-11-28,36,66,true,29,0
R00261,Sales and Presales,L3,Mid (L3-L4),Hyderabad,Backfill,2022-09-13,FY 2022-23,2022-10-20,2022-12-19,37,97,true,19,1
R00262,Data and Analytics,L3,Mid (L3-L4),Bengaluru,Backfill,2022-09-19,FY 2022-23,2023-01-16,2023-04-16,119,209,true,17,0
R00263,Delivery,L1,Junior (L1-L2),Hyderabad,Backfill,2022-09-14,FY 2022-23,2022-11-10,2023-02-08,57,147,true,36,1
R00264,Delivery,L2,Junior (L1-L2),Hyderabad,Backfill,2022-09-25,FY 2022-23,2022-11-01,2022-12-01,37,67,true,9,2
R00265,Quality Engineering,L3,Mid (L3-L4),Hyderabad,Backfill,2022-09-05,FY 2022-23,2022-10-27,2023-01-25,52,142,true,37,1
R00266,Delivery,L3,Mid (L3-L4),Bengaluru,Backfill,2022-09-23,FY 2022-23,2022-10-10,2023-01-08,17,107,true,37,4
R00267,Delivery,L2,Junior (L1-L2),Bengaluru,Backfill,2022-09-11,FY 2022-23,2022-10-09,2022-12-08,28,88,true,35,0
R00268,Delivery,L3,Mid (L3-L4),Hyderabad,Backfill,2022-09-17,FY 2022-23,2022-10-21,2022-12-20,34,94,true,30,2
R00269,Delivery,L4,Mid (L3-L4),Hyderabad,Backfill,2022-09-15,FY 2022-23,2022-11-25,2022-12-25,71,101,true,21,3
R00270,Sales and Presales,L2,Junior (L1-L2),Hyderabad,Backfill,2022-09-10,FY 2022-23,2022-10-24,2022-11-23,44,74,true,18,0
R00271,Data and Analytics,L3,Mid (L3-L4),Bengaluru,Backfill,2022-09-02,FY 2022-23,2022-10-23,2022-12-22,51,111,true,25,2
R00272,Data and Analytics,L2,Junior (L1-L2),Hyderabad,Backfill,2022-09-21,FY 2022-23,2022-10-18,2022-11-17,27,57,true,17,1
R00273,Delivery,L2,Junior (L1-L2),Bengaluru,Backfill,2022-09-03,FY 2022-23,2022-10-18,2023-01-16,45,135,true,38,0
R00274,Delivery,L4,Mid (L3-L4),Hyderabad,Backfill,2022-09-08,FY 2022-23,2022-11-29,2023-01-28,82,142,true,35,0
R00275,Delivery,L2,Junior (L1-L2),Bengaluru,Backfill,2022-09-04,FY 2022-23,2022-10-15,2022-12-14,41,101,true,24,0
R00276,Delivery,L3,Mid (L3-L4),Hyderabad,Backfill,2022-09-07,FY 2022-23,2022-11-10,2022-12-10,64,94,true,31,3
R00277,Delivery,L1,Junior (L1-L2),Hyderabad,Backfill,2022-09-08,FY 2022-23,2022-10-07,2022-12-06,29,89,true,16,2
R00278,Quality Engineering,L3,Mid (L3-L4),Bengaluru,Backfill,2022-09-12,FY 2022-23,2022-11-05,2022-12-05,54,84,true,7,2
R00279,Delivery,L3,Mid (L3-L4),Hyderabad,Backfill,2022-09-23,FY 2022-23,2022-10-22,2022-11-21,29,59,true,34,0
R00280,Cloud and Infrastructure,L2,Junior (L1-L2),Bengaluru,Backfill,2022-09-27,FY 2022-23,2022-12-10,2023-02-08,74,134,true,22,1
R00281,Delivery,L1,Junior (L1-L2),Hyderabad,Backfill,2022-09-23,FY 2022-23,2022-10-27,2023-01-25,34,124,true,34,0
R00282,Delivery,L3,Mid (L3-L4),Bengaluru,Backfill,2022-09-13,FY 2022-23,2022-11-04,2023-01-03,52,112,true,10,0
R00283,Delivery,L2,Junior (L1-L2),Hyderabad,Backfill,2022-09-04,FY 2022-23,2022-10-08,2022-11-07,34,64,true,11,0
R00284,Delivery,L1,Junior (L1-L2),Bengaluru,Backfill,2022-09-05,FY 2022-23,2022-09-20,2022-11-19,15,75,true,32,0
R00285,Consulting,L1,Junior (L1-L2),Hyderabad,Backfill,2022-09-09,FY 2022-23,2022-09-12,2022-11-11,3,63,true,29,2
R00286,Delivery,L3,Mid (L3-L4),Hyderabad,Backfill,2022-09-26,FY 2022-23,2022-11-02,2023-01-01,37,97,true,32,2
R00287,Delivery,L1,Junior (L1-L2),Hyderabad,Backfill,2022-09-03,FY 2022-23,2022-09-12,2022-11-11,9,69,true,12,0
R00288,Delivery,L2,Junior (L1-L2),Hyderabad,Backfill,2022-09-19,FY 2022-23,2022-11-04,2023-02-02,46,136,true,24,0
R00289,Corporate Functions,L1,Junior (L1-L2),Hyderabad,Backfill,2022-09-06,FY 2022-23,2022-11-03,2023-02-01,58,148,true,19,2
R00290,Corporate Functions,L3,Mid (L3-L4),Hyderabad,Growth,2022-09-01,FY 2022-23,2022-09-26,2022-10-26,25,55,true,30,1
R00291,Delivery,L1,Junior (L1-L2),Hyderabad,Backfill,2022-10-02,FY 2022-23,2022-11-23,2023-01-22,52,112,true,17,1
R00292,Delivery,L3,Mid (L3-L4),Hyderabad,Backfill,2022-10-22,FY 2022-23,2022-12-31,2023-03-01,70,130,true,26,3
R00293,Delivery,L2,Junior (L1-L2),Bengaluru,Backfill,2022-10-14,FY 2022-23,2022-12-08,2023-02-06,55,115,true,25,0
R00294,Corporate Functions,L2,Junior (L1-L2),Hyderabad,Backfill,2022-10-23,FY 2022-23,2022-12-26,2023-02-24,64,124,true,28,1
R00295,Delivery,L3,Mid (L3-L4),Bengaluru,Backfill,2022-10-19,FY 2022-23,2022-12-30,2023-03-30,72,162,true,15,0
R00296,Quality Engineering,L3,Mid (L3-L4),Hyderabad,Backfill,2022-10-26,FY 2022-23,2022-12-07,2023-01-06,42,72,true,31,1
R00297,Quality Engineering,L2,Junior (L1-L2),Hyderabad,Backfill,2022-10-06,FY 2022-23,2022-11-14,2023-02-12,39,129,true,19,0
R00298,Consulting,L3,Mid (L3-L4),Hyderabad,Backfill,2022-10-25,FY 2022-23,2022-11-26,2022-12-26,32,62,true,21,1
R00299,Delivery,L4,Mid (L3-L4),Hyderabad,Backfill,2022-10-08,FY 2022-23,2022-12-19,2023-03-19,72,162,true,29,1
R00300,Quality Engineering,L1,Junior (L1-L2),Hyderabad,Backfill,2022-10-19,FY 2022-23,2022-12-23,2023-01-22,65,95,true,36,1
R00301,Delivery,L2,Junior (L1-L2),Bengaluru,Backfill,2022-10-14,FY 2022-23,2022-12-02,2023-03-02,49,139,true,20,0
R00302,Cloud and Infrastructure,L2,Junior (L1-L2),Bengaluru,Backfill,2022-10-19,FY 2022-23,2022-11-19,2022-12-19,31,61,true,16,0
R00303,Data and Analytics,L6,Senior (L5-L6),Bengaluru,Backfill,2022-10-09,FY 2022-23,2023-06-26,2023-09-24,260,350,true,34,1
R00304,Delivery,L2,Junior (L1-L2),Bengaluru,Backfill,2022-10-27,FY 2022-23,2022-11-07,2023-01-06,11,71,true,24,1
R00305,Delivery,L1,Junior (L1-L2),Hyderabad,Backfill,2022-10-10,FY 2022-23,2022-10-21,2022-11-20,11,41,true,10,1
R00306,Delivery,L2,Junior (L1-L2),Hyderabad,Backfill,2022-10-23,FY 2022-23,2022-12-20,2023-02-18,58,118,true,8,0
R00307,Data and Analytics,L2,Junior (L1-L2),Bengaluru,Backfill,2022-10-07,FY 2022-23,2022-11-12,2023-01-11,36,96,true,26,1
R00308,Data and Analytics,L2,Junior (L1-L2),Bengaluru,Backfill,2022-10-18,FY 2022-23,2022-11-13,2023-01-12,26,86,true,17,0
R00309,Delivery,L3,Mid (L3-L4),Bengaluru,Backfill,2022-10-11,FY 2022-23,2022-11-18,2022-12-18,38,68,true,11,4
R00310,Delivery,L2,Junior (L1-L2),Hyderabad,Backfill,2022-10-07,FY 2022-23,2022-11-22,2023-02-20,46,136,true,38,0
R00311,Delivery,L1,Junior (L1-L2),Hyderabad,Backfill,2022-10-11,FY 2022-23,2022-11-12,2022-12-12,32,62,true,38,0
R00312,Quality Engineering,L1,Junior (L1-L2),Hyderabad,Backfill,2022-10-23,FY 2022-23,2022-11-21,2023-02-19,29,119,true,30,1
R00313,Delivery,L1,Junior (L1-L2),Hyderabad,Backfill,2022-10-16,FY 2022-23,2022-11-02,2023-01-01,17,77,true,15,0
R00314,Data and Analytics,L4,Mid (L3-L4),Hyderabad,Backfill,2022-10-24,FY 2022-23,2022-11-27,2022-12-27,34,64,true,11,0
R00315,Delivery,L2,Junior (L1-L2),Hyderabad,Backfill,2022-10-08,FY 2022-23,2022-12-08,2023-01-07,61,91,true,13,1
R00316,Data and Analytics,L2,Junior (L1-L2),Hyderabad,Backfill,2022-10-08,FY 2022-23,2023-01-03,2023-03-04,87,147,true,16,0
R00317,Cloud and Infrastructure,L4,Mid (L3-L4),Bengaluru,Backfill,2022-10-10,FY 2022-23,2022-12-27,2023-02-25,78,138,true,32,3
R00318,Delivery,L3,Mid (L3-L4),Bengaluru,Backfill,2022-10-22,FY 2022-23,2022-11-18,2022-12-18,27,57,true,23,0
R00319,Delivery,L5,Senior (L5-L6),Bengaluru,Backfill,2022-10-25,FY 2022-23,2022-11-24,2023-01-23,30,90,true,26,2
R00320,Delivery,L3,Mid (L3-L4),Hyderabad,Backfill,2022-10-16,FY 2022-23,2022-11-24,2023-01-23,39,99,true,19,0
R00321,Delivery,L3,Mid (L3-L4),Hyderabad,Backfill,2022-10-02,FY 2022-23,2022-11-16,2022-12-16,45,75,true,24,1
R00322,Sales and Presales,L1,Junior (L1-L2),Hyderabad,Backfill,2022-10-19,FY 2022-23,2022-11-08,2023-01-07,20,80,true,19,0
R00323,Delivery,L3,Mid (L3-L4),Bengaluru,Backfill,2022-10-02,FY 2022-23,2022-12-02,2023-01-01,61,91,true,30,2
R00324,Quality Engineering,L2,Junior (L1-L2),Bengaluru,Backfill,2022-10-22,FY 2022-23,2022-11-25,2023-01-24,34,94,true,32,0
R00325,Data and Analytics,L2,Junior (L1-L2),Hyderabad,Backfill,2022-10-25,FY 2022-23,2022-12-10,2023-01-09,46,76,true,32,1
R00326,Cloud and Infrastructure,L4,Mid (L3-L4),Hyderabad,Backfill,2022-10-05,FY 2022-23,2022-12-02,2023-03-02,58,148,true,23,1
R00327,Data and Analytics,L3,Mid (L3-L4),Hyderabad,Backfill,2022-10-17,FY 2022-23,2023-01-27,2023-03-28,102,162,true,12,2
R00328,Quality Engineering,L1,Junior (L1-L2),Hyderabad,Backfill,2022-10-08,FY 2022-23,2022-11-12,2023-01-11,35,95,true,33,0
R00329,Quality Engineering,L2,Junior (L1-L2),Bengaluru,Backfill,2022-10-02,FY 2022-23,2022-10-20,2022-12-19,18,78,true,27,1
R00330,Quality Engineering,L3,Mid (L3-L4),Hyderabad,Backfill,2022-10-04,FY 2022-23,2022-11-24,2023-01-23,51,111,true,29,0
R00331,Delivery,L2,Junior (L1-L2),Hyderabad,Backfill,2022-10-23,FY 2022-23,2022-12-06,2023-01-05,44,74,true,12,1
R00332,Delivery,L3,Mid (L3-L4),Bengaluru,Backfill,2022-10-23,FY 2022-23,2022-12-29,2023-03-29,67,157,true,36,1
R00333,Data and Analytics,L1,Junior (L1-L2),Hyderabad,Backfill,2022-10-08,FY 2022-23,2022-12-15,2023-02-13,68,128,true,38,0
R00334,Consulting,L1,Junior (L1-L2),Hyderabad,Backfill,2022-10-16,FY 2022-23,2022-12-30,2023-02-28,75,135,true,7,0
R00335,Delivery,L1,Junior (L1-L2),Hyderabad,Backfill,2022-10-07,FY 2022-23,2022-12-10,2023-03-10,64,154,true,18,0
R00336,Cloud and Infrastructure,L4,Mid (L3-L4),Hyderabad,Backfill,2022-10-13,FY 2022-23,2023-01-16,2023-03-17,95,155,true,14,2
R00337,Cloud and Infrastructure,L6,Senior (L5-L6),Bengaluru,Growth,2022-10-01,FY 2022-23,2022-12-21,2023-03-21,81,171,true,29,0
R00338,Quality Engineering,L2,Junior (L1-L2),Hyderabad,Growth,2022-10-01,FY 2022-23,2022-11-13,2023-01-12,43,103,true,27,1
R00339,Delivery,L4,Mid (L3-L4),Bengaluru,Growth,2022-10-01,FY 2022-23,2023-02-03,2023-04-04,125,185,true,12,2
R00340,Cloud and Infrastructure,L3,Mid (L3-L4),Bengaluru,Growth,2022-10-01,FY 2022-23,2022-11-22,2023-01-21,52,112,true,18,1
R00341,Sales and Presales,L3,Mid (L3-L4),Bengaluru,Growth,2022-10-01,FY 2022-23,2022-11-26,2023-01-25,56,116,true,36,1
R00342,Delivery,L3,Mid (L3-L4),Hyderabad,Backfill,2022-11-24,FY 2022-23,2023-02-12,2023-05-13,80,170,true,26,2
R00343,Delivery,L2,Junior (L1-L2),Hyderabad,Backfill,2022-11-02,FY 2022-23,2022-11-25,2023-02-23,23,113,true,32,1
R00344,Delivery,L1,Junior (L1-L2),Bengaluru,Backfill,2022-11-03,FY 2022-23,2022-11-27,2023-01-26,24,84,true,31,0
R00345,Consulting,L2,Junior (L1-L2),Hyderabad,Backfill,2022-11-21,FY 2022-23,2023-01-05,2023-02-04,45,75,true,18,1
R00346,Delivery,L1,Junior (L1-L2),Bengaluru,Backfill,2022-11-11,FY 2022-23,2022-12-22,2023-03-22,41,131,true,36,1
R00347,Delivery,L3,Mid (L3-L4),Hyderabad,Backfill,2022-11-26,FY 2022-23,2022-12-31,2023-03-31,35,125,true,21,1
R00348,Corporate Functions,L1,Junior (L1-L2),Hyderabad,Backfill,2022-11-17,FY 2022-23,2022-11-25,2023-02-23,8,98,true,37,0
R00349,Data and Analytics,L2,Junior (L1-L2),Hyderabad,Backfill,2022-11-23,FY 2022-23,2022-12-25,2023-02-23,32,92,true,26,0
R00350,Data and Analytics,L2,Junior (L1-L2),Bengaluru,Backfill,2022-11-01,FY 2022-23,2022-12-26,2023-02-24,55,115,true,32,4
R00351,Delivery,L2,Junior (L1-L2),Hyderabad,Backfill,2022-11-17,FY 2022-23,2023-01-06,2023-04-06,50,140,true,9,1
R00352,Delivery,L1,Junior (L1-L2),Hyderabad,Backfill,2022-11-07,FY 2022-23,2022-11-21,2023-01-20,14,74,true,30,0
R00353,Cloud and Infrastructure,L1,Junior (L1-L2),Bengaluru,Backfill,2022-11-13,FY 2022-23,2023-01-23,2023-02-22,71,101,true,31,1
R00354,Cloud and Infrastructure,L1,Junior (L1-L2),Bengaluru,Backfill,2022-11-14,FY 2022-23,2022-12-15,2023-02-13,31,91,true,32,0
R00355,Delivery,L3,Mid (L3-L4),Hyderabad,Backfill,2022-11-13,FY 2022-23,2023-01-30,2023-04-30,78,168,true,36,3
R00356,Quality Engineering,L2,Junior (L1-L2),Hyderabad,Backfill,2022-11-06,FY 2022-23,2023-02-26,2023-03-28,112,142,true,30,1
R00357,Delivery,L1,Junior (L1-L2),Hyderabad,Backfill,2022-11-03,FY 2022-23,2023-01-23,2023-04-23,81,171,true,10,1
R00358,Delivery,L2,Junior (L1-L2),Bengaluru,Backfill,2022-11-10,FY 2022-23,2022-12-04,2023-01-03,24,54,true,34,0
R00359,Delivery,L4,Mid (L3-L4),Bengaluru,Backfill,2022-11-02,FY 2022-23,2023-03-16,2023-06-14,134,224,true,18,1
R00360,Consulting,L6,Senior (L5-L6),Bengaluru,Backfill,2022-11-20,FY 2022-23,2023-01-18,2023-03-19,59,119,true,19,2
R00361,Delivery,L4,Mid (L3-L4),Hyderabad,Backfill,2022-11-14,FY 2022-23,2023-01-19,2023-02-18,66,96,true,9,0
R00362,Delivery,L1,Junior (L1-L2),Bengaluru,Backfill,2022-11-02,FY 2022-23,2022-11-28,2023-01-27,26,86,true,23,1
R00363,Quality Engineering,L2,Junior (L1-L2),Bengaluru,Backfill,2022-11-04,FY 2022-23,2023-01-02,2023-03-03,59,119,true,31,0
R00364,Sales and Presales,L2,Junior (L1-L2),Bengaluru,Backfill,2022-11-16,FY 2022-23,2023-01-13,2023-03-14,58,118,true,27,0
R00365,Delivery,L6,Senior (L5-L6),Hyderabad,Backfill,2022-11-01,FY 2022-23,2023-03-24,2023-04-23,143,173,true,29,0
R00366,Delivery,L3,Mid (L3-L4),Bengaluru,Backfill,2022-11-05,FY 2022-23,2022-12-03,2023-01-02,28,58,true,12,1
R00367,Delivery,L4,Mid (L3-L4),Bengaluru,Backfill,2022-11-10,FY 2022-23,2022-12-10,2023-02-08,30,90,true,27,0
R00368,Delivery,L2,Junior (L1-L2),Hyderabad,Backfill,2022-11-21,FY 2022-23,2022-12-02,2023-03-02,11,101,true,30,1
R00369,Quality Engineering,L3,Mid (L3-L4),Bengaluru,Backfill,2022-11-03,FY 2022-23,2022-12-20,2023-01-19,47,77,true,39,2
R00370,Data and Analytics,L2,Junior (L1-L2),Bengaluru,Backfill,2022-11-07,FY 2022-23,2022-12-30,2023-01-29,53,83,true,36,0
R00371,Delivery,L2,Junior (L1-L2),Hyderabad,Backfill,2022-11-13,FY 2022-23,2023-01-07,2023-04-07,55,145,true,7,1
R00372,Corporate Functions,L2,Junior (L1-L2),Hyderabad,Growth,2022-11-01,FY 2022-23,2023-01-16,2023-03-17,76,136,true,32,2
R00373,Quality Engineering,L2,Junior (L1-L2),Bengaluru,Growth,2022-11-01,FY 2022-23,2023-01-27,2023-02-26,87,117,true,11,2
R00374,Quality Engineering,L6,Senior (L5-L6),Bengaluru,Growth,2022-11-01,FY 2022-23,2023-01-12,2023-03-13,72,132,true,26,2
R00375,Delivery,L3,Mid (L3-L4),Bengaluru,Backfill,2022-12-05,FY 2022-23,2023-01-10,2023-04-10,36,126,true,6,3
R00376,Consulting,L4,Mid (L3-L4),Bengaluru,Backfill,2022-12-16,FY 2022-23,2023-04-13,2023-05-13,118,148,true,36,2
R00377,Sales and Presales,L3,Mid (L3-L4),Bengaluru,Backfill,2022-12-04,FY 2022-23,2023-01-24,2023-03-25,51,111,true,31,0
R00378,Delivery,L2,Junior (L1-L2),Hyderabad,Backfill,2022-12-01,FY 2022-23,2023-01-29,2023-04-29,59,149,true,34,0
R00379,Delivery,L2,Junior (L1-L2),Hyderabad,Backfill,2022-12-10,FY 2022-23,2022-12-27,2023-02-25,17,77,true,17,0
R00380,Delivery,L1,Junior (L1-L2),Hyderabad,Backfill,2022-12-24,FY 2022-23,2023-01-21,2023-02-20,28,58,true,28,1
R00381,Delivery,L1,Junior (L1-L2),Hyderabad,Backfill,2022-12-09,FY 2022-23,2023-01-01,2023-03-02,23,83,true,17,1
R00382,Delivery,L3,Mid (L3-L4),Bengaluru,Backfill,2022-12-02,FY 2022-23,2023-01-01,2023-04-01,30,120,true,39,1
R00383,Sales and Presales,L4,Mid (L3-L4),Bengaluru,Backfill,2022-12-12,FY 2022-23,2023-06-30,2023-07-30,200,230,true,14,0
R00384,Corporate Functions,L3,Mid (L3-L4),Bengaluru,Backfill,2022-12-14,FY 2022-23,2023-01-15,2023-03-16,32,92,true,24,0
R00385,Data and Analytics,L1,Junior (L1-L2),Bengaluru,Backfill,2022-12-25,FY 2022-23,2023-01-30,2023-03-01,36,66,true,19,0
R00386,Cloud and Infrastructure,L2,Junior (L1-L2),Bengaluru,Backfill,2022-12-09,FY 2022-23,2023-01-10,2023-03-11,32,92,true,21,0
R00387,Delivery,L2,Junior (L1-L2),Hyderabad,Backfill,2022-12-21,FY 2022-23,2023-02-27,2023-03-29,68,98,true,29,1
R00388,Quality Engineering,L2,Junior (L1-L2),Bengaluru,Backfill,2022-12-21,FY 2022-23,2023-01-27,2023-03-28,37,97,true,29,0
R00389,Delivery,L3,Mid (L3-L4),Hyderabad,Backfill,2022-12-26,FY 2022-23,2023-02-13,2023-04-14,49,109,true,7,1
R00390,Sales and Presales,L1,Junior (L1-L2),Hyderabad,Backfill,2022-12-24,FY 2022-23,2023-02-03,2023-05-04,41,131,true,33,0
R00391,Delivery,L3,Mid (L3-L4),Bengaluru,Backfill,2022-12-05,FY 2022-23,2023-02-07,2023-03-09,64,94,true,21,0
R00392,Data and Analytics,L5,Senior (L5-L6),Hyderabad,Backfill,2022-12-08,FY 2022-23,2023-03-19,2023-05-18,101,161,true,23,3
R00393,Sales and Presales,L1,Junior (L1-L2),Hyderabad,Backfill,2022-12-25,FY 2022-23,2023-02-16,2023-03-18,53,83,true,8,2
R00394,Delivery,L1,Junior (L1-L2),Bengaluru,Backfill,2022-12-13,FY 2022-23,2023-01-18,2023-04-18,36,126,true,23,0
R00395,Sales and Presales,L1,Junior (L1-L2),Bengaluru,Backfill,2022-12-22,FY 2022-23,2023-02-02,2023-04-03,42,102,true,19,0
R00396,Cloud and Infrastructure,L2,Junior (L1-L2),Bengaluru,Backfill,2022-12-02,FY 2022-23,2023-01-24,2023-03-25,53,113,true,29,0
R00397,Corporate Functions,L1,Junior (L1-L2),Hyderabad,Backfill,2022-12-19,FY 2022-23,2023-01-20,2023-03-21,32,92,true,35,1
R00398,Sales and Presales,L1,Junior (L1-L2),Bengaluru,Backfill,2022-12-12,FY 2022-23,2023-02-10,2023-05-11,60,150,true,38,0
R00399,Data and Analytics,L1,Junior (L1-L2),Bengaluru,Backfill,2022-12-19,FY 2022-23,2023-02-11,2023-05-12,54,144,true,10,1
R00400,Delivery,L4,Mid (L3-L4),Hyderabad,Backfill,2022-12-25,FY 2022-23,2023-03-27,2023-05-26,92,152,true,17,1
R00401,Cloud and Infrastructure,L2,Junior (L1-L2),Hyderabad,Backfill,2022-12-11,FY 2022-23,2023-02-01,2023-03-03,52,82,true,7,2
R00402,Cloud and Infrastructure,L2,Junior (L1-L2),Hyderabad,Backfill,2022-12-27,FY 2022-23,2023-01-20,2023-03-21,24,84,true,21,0
R00403,Data and Analytics,L2,Junior (L1-L2),Hyderabad,Backfill,2022-12-03,FY 2022-23,2023-04-23,2023-05-23,141,171,true,22,0
R00404,Cloud and Infrastructure,L3,Mid (L3-L4),Bengaluru,Backfill,2022-12-05,FY 2022-23,2023-02-22,2023-04-23,79,139,true,34,4
R00405,Cloud and Infrastructure,L3,Mid (L3-L4),Hyderabad,Backfill,2022-12-26,FY 2022-23,2023-02-09,2023-03-11,45,75,true,16,1
R00406,Consulting,L3,Mid (L3-L4),Bengaluru,Backfill,2022-12-18,FY 2022-23,2023-03-21,2023-06-19,93,183,true,14,1
R00407,Delivery,L3,Mid (L3-L4),Bengaluru,Growth,2022-12-01,FY 2022-23,2023-02-24,2023-05-25,85,175,true,30,2
R00408,Delivery,L3,Mid (L3-L4),Hyderabad,Growth,2022-12-01,FY 2022-23,2023-02-28,2023-04-29,89,149,true,33,0
R00409,Delivery,L3,Mid (L3-L4),Hyderabad,Growth,2022-12-01,FY 2022-23,2023-03-23,2023-05-22,112,172,true,36,0
R00410,Delivery,L5,Senior (L5-L6),Hyderabad,Growth,2022-12-01,FY 2022-23,2023-01-20,2023-03-21,50,110,true,25,0
R00411,Delivery,L2,Junior (L1-L2),Hyderabad,Growth,2022-12-01,FY 2022-23,2023-01-22,2023-03-23,52,112,true,37,0
R00412,Corporate Functions,L2,Junior (L1-L2),Hyderabad,Growth,2022-12-01,FY 2022-23,2023-02-08,2023-04-09,69,129,true,16,0
R00413,Delivery,L2,Junior (L1-L2),Hyderabad,Growth,2022-12-01,FY 2022-23,2022-12-28,2023-03-28,27,117,true,35,1
R00414,Cloud and Infrastructure,L5,Senior (L5-L6),Hyderabad,Growth,2022-12-01,FY 2022-23,2023-04-30,2023-06-29,150,210,true,33,1
R00415,Cloud and Infrastructure,L2,Junior (L1-L2),Bengaluru,Growth,2022-12-01,FY 2022-23,2023-01-11,2023-03-12,41,101,true,37,0
R00416,Consulting,L3,Mid (L3-L4),Bengaluru,Growth,2022-12-01,FY 2022-23,2022-12-29,2023-01-28,28,58,true,23,3
R00417,Quality Engineering,L1,Junior (L1-L2),Bengaluru,Backfill,2023-01-26,FY 2022-23,2023-02-26,2023-04-27,31,91,true,36,0
R00418,Cloud and Infrastructure,L3,Mid (L3-L4),Bengaluru,Backfill,2023-01-24,FY 2022-23,2023-03-15,2023-06-13,50,140,true,20,2
R00419,Quality Engineering,L1,Junior (L1-L2),Hyderabad,Backfill,2023-01-23,FY 2022-23,2023-02-21,2023-05-22,29,119,true,23,0
R00420,Cloud and Infrastructure,L3,Mid (L3-L4),Hyderabad,Backfill,2023-01-01,FY 2022-23,2023-03-02,2023-05-01,60,120,true,7,4
R00421,Delivery,L2,Junior (L1-L2),Hyderabad,Backfill,2023-01-13,FY 2022-23,2023-02-12,2023-04-13,30,90,true,10,0
R00422,Data and Analytics,L4,Mid (L3-L4),Hyderabad,Backfill,2023-01-10,FY 2022-23,2023-02-22,2023-05-23,43,133,true,12,1
R00423,Quality Engineering,L2,Junior (L1-L2),Hyderabad,Backfill,2023-01-19,FY 2022-23,2023-02-12,2023-04-13,24,84,true,7,1
R00424,Delivery,L6,Senior (L5-L6),Bengaluru,Backfill,2023-01-26,FY 2022-23,2023-03-31,2023-04-30,64,94,true,9,1
R00425,Quality Engineering,L3,Mid (L3-L4),Bengaluru,Backfill,2023-01-27,FY 2022-23,2023-03-19,2023-05-18,51,111,true,34,0
R00426,Quality Engineering,L1,Junior (L1-L2),Bengaluru,Backfill,2023-01-05,FY 2022-23,2023-03-16,2023-05-15,70,130,true,29,0
R00427,Data and Analytics,L3,Mid (L3-L4),Hyderabad,Backfill,2023-01-14,FY 2022-23,2023-06-16,2023-07-16,153,183,true,13,1
R00428,Cloud and Infrastructure,L3,Mid (L3-L4),Hyderabad,Backfill,2023-01-11,FY 2022-23,2023-02-23,2023-04-24,43,103,true,33,2
R00429,Quality Engineering,L3,Mid (L3-L4),Hyderabad,Backfill,2023-01-27,FY 2022-23,2023-05-11,2023-08-09,104,194,true,35,4
R00430,Quality Engineering,L2,Junior (L1-L2),Bengaluru,Backfill,2023-01-08,FY 2022-23,2023-02-03,2023-04-04,26,86,true,33,1
R00431,Delivery,L3,Mid (L3-L4),Hyderabad,Backfill,2023-01-06,FY 2022-23,2023-02-17,2023-03-19,42,72,true,20,1
R00432,Delivery,L2,Junior (L1-L2),Hyderabad,Backfill,2023-01-20,FY 2022-23,2023-02-13,2023-04-14,24,84,true,28,0
R00433,Quality Engineering,L2,Junior (L1-L2),Hyderabad,Backfill,2023-01-25,FY 2022-23,2023-03-01,2023-03-31,35,65,true,22,0
R00434,Cloud and Infrastructure,L1,Junior (L1-L2),Hyderabad,Backfill,2023-01-24,FY 2022-23,2023-02-28,2023-03-30,35,65,true,8,2
R00435,Delivery,L2,Junior (L1-L2),Bengaluru,Backfill,2023-01-15,FY 2022-23,2023-04-11,2023-06-10,86,146,true,16,2
R00436,Data and Analytics,L2,Junior (L1-L2),Hyderabad,Backfill,2023-01-25,FY 2022-23,2023-03-13,2023-05-12,47,107,true,28,0
R00437,Quality Engineering,L3,Mid (L3-L4),Hyderabad,Backfill,2023-01-01,FY 2022-23,2023-01-31,2023-05-01,30,120,true,34,1
R00438,Delivery,L2,Junior (L1-L2),Hyderabad,Backfill,2023-01-14,FY 2022-23,2023-02-17,2023-04-18,34,94,true,19,0
R00439,Delivery,L3,Mid (L3-L4),Hyderabad,Backfill,2023-01-01,FY 2022-23,2023-02-19,2023-05-20,49,139,true,15,1
R00440,Cloud and Infrastructure,L2,Junior (L1-L2),Hyderabad,Backfill,2023-01-06,FY 2022-23,2023-03-05,2023-06-03,58,148,true,38,2
R00441,Corporate Functions,L4,Mid (L3-L4),Bengaluru,Backfill,2023-01-13,FY 2022-23,2023-03-22,2023-04-21,68,98,true,17,1
R00442,Delivery,L3,Mid (L3-L4),Hyderabad,Backfill,2023-01-14,FY 2022-23,2023-03-12,2023-05-11,57,117,true,20,0
R00443,Delivery,L4,Mid (L3-L4),Hyderabad,Backfill,2023-01-02,FY 2022-23,2023-03-16,2023-04-15,73,103,true,36,1
R00444,Corporate Functions,L1,Junior (L1-L2),Bengaluru,Backfill,2023-01-19,FY 2022-23,2023-02-05,2023-05-06,17,107,true,33,0
R00445,Quality Engineering,L1,Junior (L1-L2),Hyderabad,Backfill,2023-01-27,FY 2022-23,2023-03-05,2023-04-04,37,67,true,32,0
R00446,Delivery,L3,Mid (L3-L4),Hyderabad,Backfill,2023-01-19,FY 2022-23,2023-03-22,2023-05-21,62,122,true,30,2
R00447,Cloud and Infrastructure,L3,Mid (L3-L4),Bengaluru,Backfill,2023-01-23,FY 2022-23,2023-02-19,2023-05-20,27,117,true,29,1
R00448,Delivery,L2,Junior (L1-L2),Bengaluru,Backfill,2023-01-02,FY 2022-23,2023-01-30,2023-03-31,28,88,true,31,1
R00449,Quality Engineering,L2,Junior (L1-L2),Bengaluru,Backfill,2023-01-05,FY 2022-23,2023-01-28,2023-04-28,23,113,true,30,0
R00450,Delivery,L1,Junior (L1-L2),Hyderabad,Backfill,2023-01-02,FY 2022-23,2023-02-08,2023-04-09,37,97,true,10,2
R00451,Quality Engineering,L2,Junior (L1-L2),Bengaluru,Backfill,2023-01-01,FY 2022-23,2023-01-16,2023-03-17,15,75,true,17,0
R00452,Quality Engineering,L2,Junior (L1-L2),Bengaluru,Growth,2023-01-01,FY 2022-23,2023-02-04,2023-05-05,34,124,true,15,0
R00453,Delivery,L2,Junior (L1-L2),Bengaluru,Growth,2023-01-01,FY 2022-23,2023-03-11,2023-06-09,69,159,true,12,0
R00454,Delivery,L3,Mid (L3-L4),Hyderabad,Growth,2023-01-01,FY 2022-23,2023-03-14,2023-05-13,72,132,true,30,0
R00455,Delivery,L2,Junior (L1-L2),Hyderabad,Growth,2023-01-01,FY 2022-23,2023-01-23,2023-03-24,22,82,true,8,0
R00456,Delivery,L1,Junior (L1-L2),Hyderabad,Campus,2023-01-01,FY 2022-23,2023-03-07,2023-08-05,65,216,true,40,1
R00457,Delivery,L1,Junior (L1-L2),Hyderabad,Campus,2023-01-01,FY 2022-23,2023-03-06,2023-08-10,64,221,true,46,0
R00458,Delivery,L1,Junior (L1-L2),Bengaluru,Campus,2023-01-01,FY 2022-23,2023-02-21,2023-08-04,51,215,true,76,0
R00459,Delivery,L1,Junior (L1-L2),Bengaluru,Campus,2023-01-01,FY 2022-23,2023-02-28,2023-08-15,58,226,true,33,0
R00460,Delivery,L1,Junior (L1-L2),Hyderabad,Campus,2023-01-01,FY 2022-23,2023-02-26,2023-08-07,56,218,true,52,0
R00461,Delivery,L1,Junior (L1-L2),Hyderabad,Campus,2023-01-01,FY 2022-23,2023-02-24,2023-08-16,54,227,true,39,0
R00462,Delivery,L1,Junior (L1-L2),Hyderabad,Campus,2023-01-01,FY 2022-23,2023-02-24,2023-08-03,54,214,true,47,0
R00463,Delivery,L1,Junior (L1-L2),Hyderabad,Campus,2023-01-01,FY 2022-23,2023-03-05,2023-08-20,63,231,true,85,0
R00464,Sales and Presales,L1,Junior (L1-L2),Bengaluru,Campus,2023-01-01,FY 2022-23,2023-03-02,2023-08-03,60,214,true,95,0
R00465,Delivery,L1,Junior (L1-L2),Hyderabad,Campus,2023-01-01,FY 2022-23,2023-02-26,2023-08-13,56,224,true,74,0
R00466,Quality Engineering,L1,Junior (L1-L2),Hyderabad,Campus,2023-01-01,FY 2022-23,2023-02-18,2023-08-16,48,227,true,65,0
R00467,Delivery,L1,Junior (L1-L2),Bengaluru,Campus,2023-01-01,FY 2022-23,2023-02-24,2023-08-19,54,230,true,117,0
R00468,Delivery,L1,Junior (L1-L2),Hyderabad,Campus,2023-01-01,FY 2022-23,2023-02-26,2023-08-20,56,231,true,36,0
R00469,Cloud and Infrastructure,L1,Junior (L1-L2),Bengaluru,Campus,2023-01-01,FY 2022-23,2023-02-19,2023-08-15,49,226,true,104,0
R00470,Delivery,L1,Junior (L1-L2),Hyderabad,Campus,2023-01-01,FY 2022-23,2023-03-05,2023-08-06,63,217,true,50,0
R00471,Sales and Presales,L1,Junior (L1-L2),Bengaluru,Campus,2023-01-01,FY 2022-23,2023-02-11,2023-08-16,41,227,true,41,0
R00472,Data and Analytics,L1,Junior (L1-L2),Bengaluru,Campus,2023-01-01,FY 2022-23,2023-02-09,2023-08-06,39,217,true,75,0
R00473,Quality Engineering,L1,Junior (L1-L2),Hyderabad,Campus,2023-01-01,FY 2022-23,2023-02-19,2023-08-05,49,216,true,114,0
R00474,Delivery,L1,Junior (L1-L2),Bengaluru,Campus,2023-01-01,FY 2022-23,2023-02-27,2023-08-05,57,216,true,39,0
R00475,Sales and Presales,L1,Junior (L1-L2),Bengaluru,Campus,2023-01-01,FY 2022-23,2023-02-18,2023-08-01,48,212,true,48,1
R00476,Delivery,L1,Junior (L1-L2),Bengaluru,Campus,2023-01-01,FY 2022-23,2023-03-06,2023-08-17,64,228,true,44,0
R00477,Delivery,L1,Junior (L1-L2),Hyderabad,Campus,2023-01-01,FY 2022-23,2023-02-07,2023-08-20,37,231,true,44,1
R00478,Delivery,L1,Junior (L1-L2),Bengaluru,Campus,2023-01-01,FY 2022-23,2023-02-09,2023-08-04,39,215,true,97,1
R00479,Delivery,L1,Junior (L1-L2),Hyderabad,Campus,2023-01-01,FY 2022-23,2023-02-16,2023-08-03,46,214,true,66,1
R00480,Sales and Presales,L1,Junior (L1-L2),Hyderabad,Campus,2023-01-01,FY 2022-23,2023-02-17,2023-08-19,47,230,true,79,0
R00481,Delivery,L1,Junior (L1-L2),Bengaluru,Campus,2023-01-01,FY 2022-23,2023-02-24,2023-08-02,54,213,true,74,0
R00482,Quality Engineering,L1,Junior (L1-L2),Hyderabad,Campus,2023-01-01,FY 2022-23,2023-02-15,2023-08-04,45,215,true,104,0
R00483,Delivery,L1,Junior (L1-L2),Bengaluru,Campus,2023-01-01,FY 2022-23,2023-02-28,2023-08-03,58,214,true,94,1
R00484,Delivery,L1,Junior (L1-L2),Bengaluru,Campus,2023-01-01,FY 2022-23,2023-02-12,2023-08-02,42,213,true,64,1
R00485,Delivery,L1,Junior (L1-L2),Hyderabad,Campus,2023-01-01,FY 2022-23,2023-02-27,2023-08-11,57,222,true,98,1
R00486,Delivery,L1,Junior (L1-L2),Hyderabad,Campus,2023-01-01,FY 2022-23,2023-03-04,2023-08-05,62,216,true,70,0
R00487,Delivery,L1,Junior (L1-L2),Bengaluru,Campus,2023-01-01,FY 2022-23,2023-02-24,2023-08-17,54,228,true,25,0
R00488,Consulting,L1,Junior (L1-L2),Hyderabad,Campus,2023-01-01,FY 2022-23,2023-03-08,2023-08-18,66,229,true,26,0
R00489,Quality Engineering,L1,Junior (L1-L2),Hyderabad,Campus,2023-01-01,FY 2022-23,2023-03-09,2023-08-12,67,223,true,94,0
R00490,Quality Engineering,L1,Junior (L1-L2),Hyderabad,Campus,2023-01-01,FY 2022-23,2023-03-06,2023-08-02,64,213,true,69,0
R00491,Delivery,L1,Junior (L1-L2),Hyderabad,Campus,2023-01-01,FY 2022-23,2023-03-03,2023-08-06,61,217,true,54,1
R00492,Delivery,L1,Junior (L1-L2),Hyderabad,Campus,2023-01-01,FY 2022-23,2023-02-21,2023-08-07,51,218,true,41,1
R00493,Delivery,L1,Junior (L1-L2),Hyderabad,Campus,2023-01-01,FY 2022-23,2023-02-13,2023-08-16,43,227,true,57,0
R00494,Delivery,L1,Junior (L1-L2),Hyderabad,Campus,2023-01-01,FY 2022-23,2023-02-17,2023-08-11,47,222,true,25,1
R00495,Data and Analytics,L1,Junior (L1-L2),Hyderabad,Campus,2023-01-01,FY 2022-23,2023-03-01,2023-08-03,59,214,true,76,0
R00496,Delivery,L1,Junior (L1-L2),Hyderabad,Campus,2023-01-01,FY 2022-23,2023-02-24,2023-08-06,54,217,true,63,0
R00497,Delivery,L1,Junior (L1-L2),Bengaluru,Campus,2023-01-01,FY 2022-23,2023-03-08,2023-08-06,66,217,true,28,0
R00498,Delivery,L1,Junior (L1-L2),Bengaluru,Campus,2023-01-01,FY 2022-23,2023-03-16,2023-08-17,74,228,true,53,0
R00499,Delivery,L1,Junior (L1-L2),Hyderabad,Campus,2023-01-01,FY 2022-23,2023-03-01,2023-08-05,59,216,true,53,1
R00500,Delivery,L1,Junior (L1-L2),Hyderabad,Campus,2023-01-01,FY 2022-23,2023-02-23,2023-08-13,53,224,true,58,0
R00501,Cloud and Infrastructure,L1,Junior (L1-L2),Bengaluru,Campus,2023-01-01,FY 2022-23,2023-03-03,2023-08-16,61,227,true,48,0
R00502,Delivery,L1,Junior (L1-L2),Bengaluru,Campus,2023-01-01,FY 2022-23,2023-03-17,2023-08-10,75,221,true,70,0
R00503,Delivery,L1,Junior (L1-L2),Hyderabad,Campus,2023-01-01,FY 2022-23,2023-02-16,2023-08-16,46,227,true,61,0
R00504,Quality Engineering,L1,Junior (L1-L2),Hyderabad,Campus,2023-01-01,FY 2022-23,2023-02-27,2023-08-10,57,221,true,77,0
R00505,Cloud and Infrastructure,L1,Junior (L1-L2),Hyderabad,Campus,2023-01-01,FY 2022-23,2023-03-09,2023-08-15,67,226,true,92,1
R00506,Consulting,L1,Junior (L1-L2),Hyderabad,Campus,2023-01-01,FY 2022-23,2023-02-26,2023-08-05,56,216,true,85,0
R00507,Data and Analytics,L1,Junior (L1-L2),Bengaluru,Campus,2023-01-01,FY 2022-23,2023-02-16,2023-08-03,46,214,true,49,1
R00508,Consulting,L1,Junior (L1-L2),Bengaluru,Campus,2023-01-01,FY 2022-23,2023-03-11,2023-08-17,69,228,true,22,0
R00509,Delivery,L1,Junior (L1-L2),Hyderabad,Campus,2023-01-01,FY 2022-23,2023-03-13,2023-08-12,71,223,true,100,0
R00510,Consulting,L1,Junior (L1-L2),Bengaluru,Campus,2023-01-01,FY 2022-23,2023-03-01,2023-08-07,59,218,true,64,0
R00511,Delivery,L1,Junior (L1-L2),Bengaluru,Campus,2023-01-01,FY 2022-23,2023-02-22,2023-08-06,52,217,true,115,0
R00512,Delivery,L1,Junior (L1-L2),Bengaluru,Campus,2023-01-01,FY 2022-23,2023-02-18,2023-08-06,48,217,true,33,0
R00513,Delivery,L1,Junior (L1-L2),Hyderabad,Campus,2023-01-01,FY 2022-23,2023-02-14,2023-08-03,44,214,true,97,0
R00514,Delivery,L1,Junior (L1-L2),Bengaluru,Campus,2023-01-01,FY 2022-23,2023-02-23,2023-08-01,53,212,true,89,1
R00515,Data and Analytics,L1,Junior (L1-L2),Bengaluru,Campus,2023-01-01,FY 2022-23,2023-02-20,2023-08-01,50,212,true,90,0
R00516,Delivery,L1,Junior (L1-L2),Hyderabad,Campus,2023-01-01,FY 2022-23,2023-03-10,2023-08-19,68,230,true,105,0
R00517,Data and Analytics,L1,Junior (L1-L2),Bengaluru,Campus,2023-01-01,FY 2022-23,2023-03-07,2023-08-04,65,215,true,111,1
R00518,Cloud and Infrastructure,L1,Junior (L1-L2),Bengaluru,Campus,2023-01-01,FY 2022-23,2023-02-19,2023-08-16,49,227,true,90,0
R00519,Data and Analytics,L1,Junior (L1-L2),Hyderabad,Campus,2023-01-01,FY 2022-23,2023-03-18,2023-08-10,76,221,true,99,0
R00520,Sales and Presales,L1,Junior (L1-L2),Bengaluru,Campus,2023-01-01,FY 2022-23,2023-02-23,2023-08-18,53,229,true,32,1
R00521,Consulting,L1,Junior (L1-L2),Hyderabad,Campus,2023-01-01,FY 2022-23,2023-03-04,2023-08-17,62,228,true,76,0
R00522,Delivery,L1,Junior (L1-L2),Hyderabad,Campus,2023-01-01,FY 2022-23,2023-02-17,2023-08-18,47,229,true,93,1
R00523,Quality Engineering,L1,Junior (L1-L2),Hyderabad,Campus,2023-01-01,FY 2022-23,2023-02-23,2023-08-17,53,228,true,53,0
R00524,Delivery,L1,Junior (L1-L2),Hyderabad,Campus,2023-01-01,FY 2022-23,2023-02-14,2023-08-17,44,228,true,53,0
R00525,Delivery,L1,Junior (L1-L2),Hyderabad,Campus,2023-01-01,FY 2022-23,2023-03-11,2023-08-04,69,215,true,79,0
R00526,Delivery,L1,Junior (L1-L2),Bengaluru,Campus,2023-01-01,FY 2022-23,2023-03-09,2023-08-17,67,228,true,33,0
R00527,Cloud and Infrastructure,L1,Junior (L1-L2),Hyderabad,Campus,2023-01-01,FY 2022-23,2023-02-22,2023-08-18,52,229,true,24,0
R00528,Quality Engineering,L1,Junior (L1-L2),Bengaluru,Campus,2023-01-01,FY 2022-23,2023-03-14,2023-08-15,72,226,true,70,0
R00529,Cloud and Infrastructure,L1,Junior (L1-L2),Hyderabad,Campus,2023-01-01,FY 2022-23,2023-02-19,2023-08-10,49,221,true,88,0
R00530,Delivery,L1,Junior (L1-L2),Bengaluru,Campus,2023-01-01,FY 2022-23,2023-02-21,2023-08-07,51,218,true,95,0
R00531,Delivery,L1,Junior (L1-L2),Hyderabad,Campus,2023-01-01,FY 2022-23,2023-02-23,2023-08-20,53,231,true,26,1
R00532,Delivery,L1,Junior (L1-L2),Bengaluru,Campus,2023-01-01,FY 2022-23,2023-02-13,2023-08-02,43,213,true,32,0
R00533,Sales and Presales,L1,Junior (L1-L2),Bengaluru,Campus,2023-01-01,FY 2022-23,2023-02-28,2023-08-11,58,222,true,77,1
R00534,Delivery,L1,Junior (L1-L2),Hyderabad,Campus,2023-01-01,FY 2022-23,2023-03-01,2023-08-18,59,229,true,116,0
R00535,Delivery,L1,Junior (L1-L2),Hyderabad,Campus,2023-01-01,FY 2022-23,2023-03-15,2023-08-01,73,212,true,67,1
R00536,Sales and Presales,L1,Junior (L1-L2),Hyderabad,Campus,2023-01-01,FY 2022-23,2023-02-16,2023-08-18,46,229,true,82,1
R00537,Delivery,L1,Junior (L1-L2),Bengaluru,Campus,2023-01-01,FY 2022-23,2023-02-17,2023-08-06,47,217,true,38,0
R00538,Delivery,L1,Junior (L1-L2),Hyderabad,Campus,2023-01-01,FY 2022-23,2023-02-15,2023-08-06,45,217,true,33,0
R00539,Consulting,L1,Junior (L1-L2),Hyderabad,Campus,2023-01-01,FY 2022-23,2023-02-10,2023-08-03,40,214,true,40,2
R00540,Delivery,L1,Junior (L1-L2),Bengaluru,Campus,2023-01-01,FY 2022-23,2023-02-20,2023-08-10,50,221,true,34,1
R00541,Delivery,L1,Junior (L1-L2),Bengaluru,Campus,2023-01-01,FY 2022-23,2023-03-08,2023-08-09,66,220,true,114,0
R00542,Cloud and Infrastructure,L1,Junior (L1-L2),Bengaluru,Campus,2023-01-01,FY 2022-23,2023-02-23,2023-08-04,53,215,true,46,0
R00543,Quality Engineering,L1,Junior (L1-L2),Hyderabad,Campus,2023-01-01,FY 2022-23,2023-02-24,2023-08-13,54,224,true,35,0
R00544,Consulting,L1,Junior (L1-L2),Hyderabad,Campus,2023-01-01,FY 2022-23,2023-03-08,2023-08-11,66,222,true,50,2
R00545,Quality Engineering,L1,Junior (L1-L2),Hyderabad,Campus,2023-01-01,FY 2022-23,2023-02-16,2023-08-05,46,216,true,46,0
R00546,Quality Engineering,L1,Junior (L1-L2),Bengaluru,Campus,2023-01-01,FY 2022-23,2023-03-06,2023-08-20,64,231,true,66,0
R00547,Quality Engineering,L1,Junior (L1-L2),Hyderabad,Campus,2023-01-01,FY 2022-23,2023-03-12,2023-08-20,70,231,true,58,1
R00548,Sales and Presales,L1,Junior (L1-L2),Hyderabad,Campus,2023-01-01,FY 2022-23,2023-02-26,2023-08-02,56,213,true,51,1
R00549,Delivery,L1,Junior (L1-L2),Hyderabad,Campus,2023-01-01,FY 2022-23,2023-02-21,2023-08-09,51,220,true,22,0
R00550,Quality Engineering,L1,Junior (L1-L2),Hyderabad,Campus,2023-01-01,FY 2022-23,2023-02-23,2023-08-18,53,229,true,112,0
R00551,Delivery,L1,Junior (L1-L2),Hyderabad,Campus,2023-01-01,FY 2022-23,2023-02-19,2023-08-16,49,227,true,41,0
R00552,Delivery,L1,Junior (L1-L2),Hyderabad,Campus,2023-01-01,FY 2022-23,2023-03-17,2023-08-16,75,227,true,73,0
R00553,Cloud and Infrastructure,L1,Junior (L1-L2),Bengaluru,Campus,2023-01-01,FY 2022-23,2023-02-22,2023-08-17,52,228,true,32,1
R00554,Delivery,L1,Junior (L1-L2),Bengaluru,Campus,2023-01-01,FY 2022-23,2023-02-21,2023-08-08,51,219,true,23,0
R00555,Delivery,L1,Junior (L1-L2),Hyderabad,Campus,2023-01-01,FY 2022-23,2023-02-14,2023-08-08,44,219,true,99,0
R00556,Delivery,L1,Junior (L1-L2),Bengaluru,Campus,2023-01-01,FY 2022-23,2023-02-22,2023-08-14,52,225,true,31,0
R00557,Delivery,L1,Junior (L1-L2),Bengaluru,Campus,2023-01-01,FY 2022-23,2023-02-27,2023-08-20,57,231,true,88,0
R00558,Data and Analytics,L1,Junior (L1-L2),Bengaluru,Campus,2023-01-01,FY 2022-23,2023-02-20,2023-08-20,50,231,true,33,0
R00559,Delivery,L1,Junior (L1-L2),Bengaluru,Campus,2023-01-01,FY 2022-23,2023-02-22,2023-08-04,52,215,true,96,0
R00560,Delivery,L1,Junior (L1-L2),Bengaluru,Campus,2023-01-01,FY 2022-23,2023-02-16,2023-08-02,46,213,true,21,0
R00561,Cloud and Infrastructure,L1,Junior (L1-L2),Hyderabad,Campus,2023-01-01,FY 2022-23,2023-02-26,2023-08-13,56,224,true,30,0
R00562,Delivery,L1,Junior (L1-L2),Hyderabad,Campus,2023-01-01,FY 2022-23,2023-02-22,2023-08-05,52,216,true,76,0
R00563,Delivery,L1,Junior (L1-L2),Bengaluru,Campus,2023-01-01,FY 2022-23,2023-03-13,2023-08-16,71,227,true,95,1
R00564,Delivery,L1,Junior (L1-L2),Hyderabad,Campus,2023-01-01,FY 2022-23,2023-03-05,2023-08-03,63,214,true,67,1
R00565,Delivery,L1,Junior (L1-L2),Hyderabad,Campus,2023-01-01,FY 2022-23,2023-01-29,2023-08-17,28,228,true,96,0
R00566,Delivery,L1,Junior (L1-L2),Bengaluru,Campus,2023-01-01,FY 2022-23,2023-02-22,2023-08-10,52,221,true,74,0
R00567,Delivery,L1,Junior (L1-L2),Bengaluru,Campus,2023-01-01,FY 2022-23,2023-02-14,2023-08-05,44,216,true,33,0
R00568,Delivery,L1,Junior (L1-L2),Bengaluru,Campus,2023-01-01,FY 2022-23,2023-02-24,2023-08-14,54,225,true,46,0
R00569,Delivery,L1,Junior (L1-L2),Bengaluru,Campus,2023-01-01,FY 2022-23,2023-02-21,2023-08-20,51,231,true,57,0
R00570,Sales and Presales,L1,Junior (L1-L2),Hyderabad,Campus,2023-01-01,FY 2022-23,2023-02-26,2023-08-12,56,223,true,31,1
R00571,Cloud and Infrastructure,L1,Junior (L1-L2),Bengaluru,Campus,2023-01-01,FY 2022-23,2023-02-15,2023-08-19,45,230,true,99,0
R00572,Cloud and Infrastructure,L1,Junior (L1-L2),Bengaluru,Campus,2023-01-01,FY 2022-23,2023-02-05,2023-08-09,35,220,true,106,0
R00573,Delivery,L1,Junior (L1-L2),Hyderabad,Campus,2023-01-01,FY 2022-23,2023-02-25,2023-08-18,55,229,true,61,0
R00574,Cloud and Infrastructure,L1,Junior (L1-L2),Bengaluru,Campus,2023-01-01,FY 2022-23,2023-02-22,2023-08-15,52,226,true,51,0
R00575,Delivery,L1,Junior (L1-L2),Bengaluru,Campus,2023-01-01,FY 2022-23,2023-02-24,2023-08-20,54,231,true,109,1
R00576,Data and Analytics,L1,Junior (L1-L2),Bengaluru,Campus,2023-01-01,FY 2022-23,2023-02-14,2023-08-10,44,221,true,48,0
R00577,Delivery,L1,Junior (L1-L2),Hyderabad,Campus,2023-01-01,FY 2022-23,2023-03-02,2023-08-01,60,212,true,119,0
R00578,Sales and Presales,L1,Junior (L1-L2),Hyderabad,Campus,2023-01-01,FY 2022-23,2023-02-20,2023-08-14,50,225,true,23,0
R00579,Quality Engineering,L1,Junior (L1-L2),Hyderabad,Campus,2023-01-01,FY 2022-23,2023-02-28,2023-08-01,58,212,true,98,0
R00580,Cloud and Infrastructure,L1,Junior (L1-L2),Hyderabad,Campus,2023-01-01,FY 2022-23,2023-02-19,2023-08-08,49,219,true,81,0
R00581,Sales and Presales,L1,Junior (L1-L2),Hyderabad,Campus,2023-01-01,FY 2022-23,2023-02-10,2023-08-10,40,221,true,34,0
R00582,Delivery,L1,Junior (L1-L2),Hyderabad,Campus,2023-01-01,FY 2022-23,2023-02-23,2023-08-14,53,225,true,81,0
R00583,Delivery,L1,Junior (L1-L2),Hyderabad,Campus,2023-01-01,FY 2022-23,2023-03-04,2023-08-11,62,222,true,30,1
R00584,Sales and Presales,L1,Junior (L1-L2),Bengaluru,Campus,2023-01-01,FY 2022-23,2023-02-15,2023-08-17,45,228,true,38,0
R00585,Delivery,L1,Junior (L1-L2),Bengaluru,Campus,2023-01-01,FY 2022-23,2023-03-06,2023-08-12,64,223,true,104,0
R00586,Delivery,L1,Junior (L1-L2),Hyderabad,Campus,2023-01-01,FY 2022-23,2023-02-17,2023-08-16,47,227,true,50,0
R00587,Delivery,L1,Junior (L1-L2),Hyderabad,Campus,2023-01-01,FY 2022-23,2023-03-17,2023-08-16,75,227,true,23,1
R00588,Data and Analytics,L1,Junior (L1-L2),Hyderabad,Campus,2023-01-01,FY 2022-23,2023-02-24,2023-08-13,54,224,true,95,0
R00589,Delivery,L1,Junior (L1-L2),Bengaluru,Campus,2023-01-01,FY 2022-23,2023-02-18,2023-08-07,48,218,true,51,0
R00590,Cloud and Infrastructure,L1,Junior (L1-L2),Hyderabad,Campus,2023-01-01,FY 2022-23,2023-03-13,2023-08-20,71,231,true,115,0
R00591,Cloud and Infrastructure,L1,Junior (L1-L2),Hyderabad,Campus,2023-01-01,FY 2022-23,2023-02-27,2023-08-01,57,212,true,102,0
R00592,Delivery,L1,Junior (L1-L2),Hyderabad,Campus,2023-01-01,FY 2022-23,2023-02-16,2023-08-09,46,220,true,40,1
R00593,Delivery,L1,Junior (L1-L2),Bengaluru,Campus,2023-01-01,FY 2022-23,2023-03-02,2023-08-12,60,223,true,47,0
R00594,Delivery,L1,Junior (L1-L2),Bengaluru,Campus,2023-01-01,FY 2022-23,2023-02-15,2023-08-02,45,213,true,118,0
R00595,Data and Analytics,L1,Junior (L1-L2),Bengaluru,Campus,2023-01-01,FY 2022-23,2023-02-11,2023-08-17,41,228,true,111,0
R00596,Data and Analytics,L1,Junior (L1-L2),Hyderabad,Campus,2023-01-01,FY 2022-23,2023-02-13,2023-08-10,43,221,true,96,0
R00597,Delivery,L1,Junior (L1-L2),Hyderabad,Campus,2023-01-01,FY 2022-23,2023-02-20,2023-08-02,50,213,true,113,0
R00598,Delivery,L1,Junior (L1-L2),Hyderabad,Campus,2023-01-01,FY 2022-23,2023-02-12,2023-08-12,42,223,true,49,0
R00599,Delivery,L1,Junior (L1-L2),Bengaluru,Campus,2023-01-01,FY 2022-23,2023-02-26,2023-08-02,56,213,true,118,0
R00600,Delivery,L1,Junior (L1-L2),Hyderabad,Campus,2023-01-01,FY 2022-23,2023-03-05,2023-08-12,63,223,true,50,0
R00601,Quality Engineering,L1,Junior (L1-L2),Hyderabad,Campus,2023-01-01,FY 2022-23,2023-03-06,2023-08-12,64,223,true,58,1
R00602,Quality Engineering,L1,Junior (L1-L2),Bengaluru,Campus,2023-01-01,FY 2022-23,2023-03-07,2023-08-19,65,230,true,38,0
R00603,Data and Analytics,L1,Junior (L1-L2),Hyderabad,Campus,2023-01-01,FY 2022-23,2023-02-22,2023-08-15,52,226,true,104,0
R00604,Consulting,L1,Junior (L1-L2),Bengaluru,Campus,2023-01-01,FY 2022-23,2023-02-24,2023-08-20,54,231,true,114,0
R00605,Quality Engineering,L1,Junior (L1-L2),Hyderabad,Campus,2023-01-01,FY 2022-23,2023-02-14,2023-08-18,44,229,true,37,0
R00606,Quality Engineering,L1,Junior (L1-L2),Bengaluru,Campus,2023-01-01,FY 2022-23,2023-02-19,2023-08-06,49,217,true,39,0
R00607,Cloud and Infrastructure,L1,Junior (L1-L2),Hyderabad,Campus,2023-01-01,FY 2022-23,2023-02-07,2023-08-08,37,219,true,119,0
R00608,Delivery,L1,Junior (L1-L2),Bengaluru,Campus,2023-01-01,FY 2022-23,2023-03-01,2023-08-03,59,214,true,38,0
R00609,Delivery,L1,Junior (L1-L2),Hyderabad,Campus,2023-01-01,FY 2022-23,2023-02-11,2023-08-08,41,219,true,45,0
R00610,Delivery,L1,Junior (L1-L2),Hyderabad,Campus,2023-01-01,FY 2022-23,2023-02-17,2023-08-17,47,228,true,100,1
R00611,Delivery,L1,Junior (L1-L2),Bengaluru,Campus,2023-01-01,FY 2022-23,2023-03-03,2023-08-13,61,224,true,25,0
R00612,Quality Engineering,L1,Junior (L1-L2),Hyderabad,Campus,2023-01-01,FY 2022-23,2023-02-17,2023-08-15,47,226,true,114,0
R00613,Delivery,L1,Junior (L1-L2),Hyderabad,Campus,2023-01-01,FY 2022-23,2023-02-17,2023-08-14,47,225,true,45,1
R00614,Data and Analytics,L1,Junior (L1-L2),Hyderabad,Campus,2023-01-01,FY 2022-23,2023-02-24,2023-08-13,54,224,true,88,0
R00615,Delivery,L1,Junior (L1-L2),Hyderabad,Campus,2023-01-01,FY 2022-23,2023-03-07,2023-08-14,65,225,true,107,0
R00616,Delivery,L1,Junior (L1-L2),Bengaluru,Campus,2023-01-01,FY 2022-23,2023-02-17,2023-08-01,47,212,true,95,0
R00617,Delivery,L1,Junior (L1-L2),Hyderabad,Campus,2023-01-01,FY 2022-23,2023-02-14,2023-08-09,44,220,true,28,1
R00618,Sales and Presales,L1,Junior (L1-L2),Bengaluru,Campus,2023-01-01,FY 2022-23,2023-02-17,2023-08-12,47,223,true,106,1
R00619,Quality Engineering,L1,Junior (L1-L2),Hyderabad,Campus,2023-01-01,FY 2022-23,2023-02-18,2023-08-01,48,212,true,51,1
R00620,Quality Engineering,L1,Junior (L1-L2),Hyderabad,Campus,2023-01-01,FY 2022-23,2023-02-19,2023-08-08,49,219,true,25,1
R00621,Delivery,L1,Junior (L1-L2),Bengaluru,Campus,2023-01-01,FY 2022-23,2023-02-15,2023-08-17,45,228,true,45,0
R00622,Consulting,L1,Junior (L1-L2),Hyderabad,Campus,2023-01-01,FY 2022-23,2023-02-07,2023-08-14,37,225,true,78,0
R00623,Delivery,L1,Junior (L1-L2),Bengaluru,Campus,2023-01-01,FY 2022-23,2023-02-13,2023-08-09,43,220,true,57,1
R00624,Delivery,L1,Junior (L1-L2),Hyderabad,Campus,2023-01-01,FY 2022-23,2023-03-03,2023-08-18,61,229,true,94,0
R00625,Delivery,L1,Junior (L1-L2),Hyderabad,Campus,2023-01-01,FY 2022-23,2023-03-01,2023-08-05,59,216,true,99,0
R00626,Delivery,L1,Junior (L1-L2),Bengaluru,Campus,2023-01-01,FY 2022-23,2023-02-20,2023-08-18,50,229,true,99,0
R00627,Data and Analytics,L1,Junior (L1-L2),Hyderabad,Campus,2023-01-01,FY 2022-23,2023-02-24,2023-08-06,54,217,true,23,0
R00628,Delivery,L1,Junior (L1-L2),Bengaluru,Campus,2023-01-01,FY 2022-23,2023-02-22,2023-08-02,52,213,true,70,0
R00629,Cloud and Infrastructure,L1,Junior (L1-L2),Hyderabad,Campus,2023-01-01,FY 2022-23,2023-03-08,2023-08-09,66,220,true,36,0
R00630,Sales and Presales,L1,Junior (L1-L2),Hyderabad,Campus,2023-01-01,FY 2022-23,2023-03-14,2023-08-05,72,216,true,104,1
R00631,Delivery,L1,Junior (L1-L2),Bengaluru,Campus,2023-01-01,FY 2022-23,2023-02-23,2023-08-09,53,220,true,116,1
R00632,Quality Engineering,L1,Junior (L1-L2),Hyderabad,Campus,2023-01-01,FY 2022-23,2023-02-23,2023-08-08,53,219,true,117,1
R00633,Delivery,L1,Junior (L1-L2),Hyderabad,Campus,2023-01-01,FY 2022-23,2023-02-09,2023-08-12,39,223,true,53,2
R00634,Delivery,L1,Junior (L1-L2),Hyderabad,Campus,2023-01-01,FY 2022-23,2023-02-21,2023-08-05,51,216,true,96,0
R00635,Delivery,L1,Junior (L1-L2),Hyderabad,Campus,2023-01-01,FY 2022-23,2023-03-02,2023-08-17,60,228,true,51,1
R00636,Delivery,L1,Junior (L1-L2),Hyderabad,Campus,2023-01-01,FY 2022-23,2023-03-06,2023-08-12,64,223,true,69,2
R00637,Quality Engineering,L1,Junior (L1-L2),Hyderabad,Campus,2023-01-01,FY 2022-23,2023-02-14,2023-08-14,44,225,true,92,0
R00638,Delivery,L1,Junior (L1-L2),Hyderabad,Campus,2023-01-01,FY 2022-23,2023-03-19,2023-08-09,77,220,true,69,0
R00639,Delivery,L1,Junior (L1-L2),Hyderabad,Campus,2023-01-01,FY 2022-23,2023-03-02,2023-08-04,60,215,true,31,0
R00640,Corporate Functions,L4,Mid (L3-L4),Bengaluru,Backfill,2023-02-07,FY 2022-23,2023-03-21,2023-06-19,42,132,true,15,2
R00641,Cloud and Infrastructure,L4,Mid (L3-L4),Hyderabad,Backfill,2023-02-11,FY 2022-23,2023-04-10,2023-05-10,58,88,true,30,0
R00642,Cloud and Infrastructure,L3,Mid (L3-L4),Bengaluru,Backfill,2023-02-12,FY 2022-23,2023-05-08,2023-07-07,85,145,true,13,2
R00643,Cloud and Infrastructure,L1,Junior (L1-L2),Hyderabad,Backfill,2023-02-10,FY 2022-23,2023-03-13,2023-05-12,31,91,true,19,0
R00644,Corporate Functions,L4,Mid (L3-L4),Bengaluru,Backfill,2023-02-11,FY 2022-23,2023-03-14,2023-04-13,31,61,true,25,1
R00645,Data and Analytics,L2,Junior (L1-L2),Hyderabad,Backfill,2023-02-22,FY 2022-23,2023-04-18,2023-05-18,55,85,true,11,1
R00646,Delivery,L1,Junior (L1-L2),Hyderabad,Backfill,2023-02-25,FY 2022-23,2023-03-25,2023-06-23,28,118,true,32,0
R00647,Corporate Functions,L5,Senior (L5-L6),Hyderabad,Backfill,2023-02-01,FY 2022-23,2023-06-05,2023-09-03,124,214,true,34,0
R00648,Delivery,L4,Mid (L3-L4),Hyderabad,Backfill,2023-02-03,FY 2022-23,2023-04-16,2023-07-15,72,162,true,6,2
R00649,Quality Engineering,L2,Junior (L1-L2),Hyderabad,Backfill,2023-02-24,FY 2022-23,2023-03-28,2023-06-26,32,122,true,8,0
R00650,Data and Analytics,L2,Junior (L1-L2),Hyderabad,Backfill,2023-02-11,FY 2022-23,2023-03-12,2023-04-11,29,59,true,24,0
R00651,Delivery,L1,Junior (L1-L2),Bengaluru,Backfill,2023-02-13,FY 2022-23,2023-04-16,2023-06-15,62,122,true,38,2
R00652,Quality Engineering,L2,Junior (L1-L2),Hyderabad,Backfill,2023-02-21,FY 2022-23,2023-05-28,2023-07-27,96,156,true,18,0
R00653,Delivery,L3,Mid (L3-L4),Hyderabad,Backfill,2023-02-14,FY 2022-23,2023-04-01,2023-05-31,46,106,true,32,1
R00654,Delivery,L1,Junior (L1-L2),Hyderabad,Backfill,2023-02-25,FY 2022-23,2023-04-05,2023-06-04,39,99,true,16,0
R00655,Quality Engineering,L3,Mid (L3-L4),Hyderabad,Backfill,2023-02-27,FY 2022-23,2023-04-08,2023-05-08,40,70,true,36,1
R00656,Cloud and Infrastructure,L2,Junior (L1-L2),Hyderabad,Backfill,2023-02-16,FY 2022-23,2023-03-13,2023-05-12,25,85,true,7,0
R00657,Cloud and Infrastructure,L3,Mid (L3-L4),Bengaluru,Backfill,2023-02-24,FY 2022-23,2023-05-19,2023-07-18,84,144,true,19,1
R00658,Delivery,L2,Junior (L1-L2),Hyderabad,Backfill,2023-02-19,FY 2022-23,2023-05-03,2023-07-02,73,133,true,13,0
R00659,Delivery,L3,Mid (L3-L4),Bengaluru,Backfill,2023-02-09,FY 2022-23,2023-07-10,2023-09-08,151,211,true,38,1
R00660,Delivery,L2,Junior (L1-L2),Hyderabad,Backfill,2023-02-01,FY 2022-23,2023-03-19,2023-06-17,46,136,true,39,1
R00661,Delivery,L2,Junior (L1-L2),Hyderabad,Backfill,2023-02-27,FY 2022-23,2023-03-15,2023-04-14,16,46,true,32,0
R00662,Delivery,L2,Junior (L1-L2),Hyderabad,Backfill,2023-02-10,FY 2022-23,2023-03-04,2023-05-03,22,82,true,12,2
R00663,Delivery,L2,Junior (L1-L2),Hyderabad,Backfill,2023-02-21,FY 2022-23,2023-03-20,2023-06-18,27,117,true,22,0
R00664,Delivery,L2,Junior (L1-L2),Hyderabad,Backfill,2023-02-21,FY 2022-23,2023-04-15,2023-07-14,53,143,true,29,0
R00665,Delivery,L4,Mid (L3-L4),Bengaluru,Backfill,2023-02-09,FY 2022-23,2023-05-07,2023-07-06,87,147,true,27,1
R00666,Quality Engineering,L6,Senior (L5-L6),Bengaluru,Backfill,2023-02-27,FY 2022-23,2023-06-04,2023-08-03,97,157,true,21,0
R00667,Delivery,L2,Junior (L1-L2),Hyderabad,Backfill,2023-02-05,FY 2022-23,2023-03-13,2023-06-11,36,126,true,34,0
R00668,Delivery,L3,Mid (L3-L4),Hyderabad,Backfill,2023-02-24,FY 2022-23,2023-04-30,2023-06-29,65,125,true,17,0
R00669,Data and Analytics,L2,Junior (L1-L2),Bengaluru,Growth,2023-02-01,FY 2022-23,2023-04-02,2023-06-01,60,120,true,29,2
R00670,Cloud and Infrastructure,L5,Senior (L5-L6),Hyderabad,Growth,2023-02-01,FY 2022-23,2023-03-11,2023-04-10,38,68,true,8,1
R00671,Delivery,L2,Junior (L1-L2),Bengaluru,Growth,2023-02-01,FY 2022-23,2023-04-18,2023-07-17,76,166,true,30,0
R00672,Delivery,L6,Senior (L5-L6),Bengaluru,Growth,2023-02-01,FY 2022-23,2023-03-17,2023-04-16,44,74,true,31,1
R00673,Delivery,L3,Mid (L3-L4),Hyderabad,Backfill,2023-03-05,FY 2022-23,2023-04-30,2023-06-29,56,116,true,30,0
R00674,Data and Analytics,L3,Mid (L3-L4),Hyderabad,Backfill,2023-03-03,FY 2022-23,2023-04-07,2023-06-06,35,95,true,20,0
R00675,Data and Analytics,L2,Junior (L1-L2),Hyderabad,Backfill,2023-03-05,FY 2022-23,2023-07-21,2023-08-20,138,168,true,12,0
R00676,Delivery,L4,Mid (L3-L4),Hyderabad,Backfill,2023-03-09,FY 2022-23,2023-04-11,2023-07-10,33,123,true,16,1
R00677,Cloud and Infrastructure,L2,Junior (L1-L2),Hyderabad,Backfill,2023-03-02,FY 2022-23,2023-03-30,2023-05-29,28,88,true,23,1
R00678,Delivery,L2,Junior (L1-L2),Hyderabad,Backfill,2023-03-05,FY 2022-23,2023-04-04,2023-07-03,30,120,true,37,0
R00679,Quality Engineering,L2,Junior (L1-L2),Hyderabad,Backfill,2023-03-03,FY 2022-23,2023-04-30,2023-05-30,58,88,true,37,1
R00680,Cloud and Infrastructure,L2,Junior (L1-L2),Hyderabad,Backfill,2023-03-04,FY 2022-23,2023-04-10,2023-07-09,37,127,true,14,1
R00681,Corporate Functions,L1,Junior (L1-L2),Bengaluru,Backfill,2023-03-23,FY 2022-23,2023-04-24,2023-05-24,32,62,true,37,1
R00682,Corporate Functions,L2,Junior (L1-L2),Hyderabad,Backfill,2023-03-12,FY 2022-23,2023-06-03,2023-08-02,83,143,true,22,1
R00683,Delivery,L3,Mid (L3-L4),Hyderabad,Backfill,2023-03-10,FY 2022-23,2023-05-19,2023-08-17,70,160,true,31,0
R00684,Sales and Presales,L1,Junior (L1-L2),Bengaluru,Backfill,2023-03-27,FY 2022-23,2023-05-04,2023-06-03,38,68,true,12,0
R00685,Quality Engineering,L3,Mid (L3-L4),Hyderabad,Backfill,2023-03-26,FY 2022-23,2023-06-18,2023-08-17,84,144,true,39,1
R00686,Data and Analytics,L4,Mid (L3-L4),Hyderabad,Backfill,2023-03-24,FY 2022-23,2023-05-13,2023-08-11,50,140,true,34,1
R00687,Delivery,L3,Mid (L3-L4),Hyderabad,Backfill,2023-03-12,FY 2022-23,2023-04-24,2023-06-23,43,103,true,39,1
R00688,Corporate Functions,L3,Mid (L3-L4),Hyderabad,Backfill,2023-03-16,FY 2022-23,2023-05-26,2023-07-25,71,131,true,24,1
R00689,Sales and Presales,L4,Mid (L3-L4),Hyderabad,Backfill,2023-03-05,FY 2022-23,2023-06-14,2023-08-13,101,161,true,8,1
R00690,Delivery,L2,Junior (L1-L2),Hyderabad,Backfill,2023-03-12,FY 2022-23,2023-04-12,2023-06-11,31,91,true,7,1
R00691,Corporate Functions,L3,Mid (L3-L4),Hyderabad,Backfill,2023-03-22,FY 2022-23,2023-06-11,2023-07-11,81,111,true,18,0
R00692,Delivery,L1,Junior (L1-L2),Bengaluru,Backfill,2023-03-12,FY 2022-23,2023-04-27,2023-05-27,46,76,true,13,0
R00693,Quality Engineering,L2,Junior (L1-L2),Bengaluru,Backfill,2023-03-24,FY 2022-23,2023-05-06,2023-07-05,43,103,true,30,0
R00694,Quality Engineering,L3,Mid (L3-L4),Hyderabad,Backfill,2023-03-24,FY 2022-23,2023-06-29,2023-09-27,97,187,true,12,1
R00695,Sales and Presales,L1,Junior (L1-L2),Hyderabad,Backfill,2023-03-19,FY 2022-23,2023-04-12,2023-05-12,24,54,true,39,0
R00696,Consulting,L2,Junior (L1-L2),Bengaluru,Backfill,2023-03-14,FY 2022-23,2023-04-18,2023-07-17,35,125,true,9,0
R00697,Data and Analytics,L2,Junior (L1-L2),Hyderabad,Backfill,2023-03-12,FY 2022-23,2023-04-08,2023-07-07,27,117,true,16,1
R00698,Delivery,L3,Mid (L3-L4),Bengaluru,Backfill,2023-03-13,FY 2022-23,2023-05-01,2023-05-31,49,79,true,18,2
R00699,Delivery,L2,Junior (L1-L2),Hyderabad,Backfill,2023-03-20,FY 2022-23,2023-04-15,2023-06-14,26,86,true,35,0
R00700,Delivery,L3,Mid (L3-L4),Hyderabad,Growth,2023-03-01,FY 2022-23,2023-03-13,2023-04-12,12,42,true,31,1
R00701,Data and Analytics,L3,Mid (L3-L4),Hyderabad,Growth,2023-03-01,FY 2022-23,2023-06-02,2023-08-31,93,183,true,14,1
R00702,Sales and Presales,L4,Mid (L3-L4),Bengaluru,Growth,2023-03-01,FY 2022-23,2023-06-02,2023-08-31,93,183,true,16,1
R00703,Delivery,L3,Mid (L3-L4),Hyderabad,Growth,2023-03-01,FY 2022-23,2023-03-27,2023-04-26,26,56,true,8,4
R00704,Quality Engineering,L2,Junior (L1-L2),Hyderabad,Backfill,2023-04-09,FY 2023-24,2023-05-30,2023-07-29,51,111,true,12,0
R00705,Delivery,L2,Junior (L1-L2),Hyderabad,Backfill,2023-04-08,FY 2023-24,2023-05-07,2023-07-06,29,89,true,11,2
R00706,Cloud and Infrastructure,L2,Junior (L1-L2),Bengaluru,Backfill,2023-04-17,FY 2023-24,2023-05-03,2023-06-02,16,46,true,15,0
R00707,Delivery,L1,Junior (L1-L2),Hyderabad,Backfill,2023-04-23,FY 2023-24,2023-04-30,2023-06-29,7,67,true,27,0
R00708,Delivery,L2,Junior (L1-L2),Hyderabad,Backfill,2023-04-14,FY 2023-24,2023-05-20,2023-08-18,36,126,true,7,1
R00709,Delivery,L2,Junior (L1-L2),Bengaluru,Backfill,2023-04-05,FY 2023-24,2023-05-12,2023-07-11,37,97,true,14,0
R00710,Quality Engineering,L5,Senior (L5-L6),Hyderabad,Backfill,2023-04-02,FY 2023-24,2023-06-01,2023-08-30,60,150,true,14,1
R00711,Delivery,L6,Senior (L5-L6),Bengaluru,Backfill,2023-04-15,FY 2023-24,2023-08-29,2023-09-28,136,166,true,16,0
R00712,Delivery,L3,Mid (L3-L4),Hyderabad,Backfill,2023-04-10,FY 2023-24,2023-06-01,2023-07-31,52,112,true,14,1
R00713,Delivery,L3,Mid (L3-L4),Bengaluru,Backfill,2023-04-19,FY 2023-24,2023-06-29,2023-09-27,71,161,true,35,2
R00714,Quality Engineering,L1,Junior (L1-L2),Hyderabad,Backfill,2023-04-09,FY 2023-24,2023-05-25,2023-07-24,46,106,true,10,0
R00715,Consulting,L1,Junior (L1-L2),Bengaluru,Backfill,2023-04-09,FY 2023-24,2023-06-03,2023-07-03,55,85,true,22,0
R00716,Quality Engineering,L4,Mid (L3-L4),Bengaluru,Backfill,2023-04-11,FY 2023-24,2023-07-26,2023-09-24,106,166,true,19,1
R00717,Quality Engineering,L3,Mid (L3-L4),Hyderabad,Backfill,2023-04-09,FY 2023-24,2023-06-05,2023-09-03,57,147,true,10,2
R00718,Delivery,L3,Mid (L3-L4),Bengaluru,Backfill,2023-04-11,FY 2023-24,2023-06-12,2023-08-11,62,122,true,14,0
R00719,Cloud and Infrastructure,L2,Junior (L1-L2),Hyderabad,Backfill,2023-04-19,FY 2023-24,2023-05-07,2023-07-06,18,78,true,13,0
R00720,Data and Analytics,L3,Mid (L3-L4),Hyderabad,Backfill,2023-04-15,FY 2023-24,2023-05-11,2023-07-10,26,86,true,9,1
R00721,Delivery,L2,Junior (L1-L2),Hyderabad,Backfill,2023-04-17,FY 2023-24,2023-05-24,2023-06-23,37,67,true,7,0
R00722,Delivery,L3,Mid (L3-L4),Bengaluru,Growth,2023-04-01,FY 2023-24,2023-04-24,2023-06-23,23,83,true,23,1
R00723,Delivery,L2,Junior (L1-L2),Hyderabad,Growth,2023-04-01,FY 2023-24,2023-04-22,2023-05-22,21,51,true,32,1
R00724,Cloud and Infrastructure,L3,Mid (L3-L4),Bengaluru,Growth,2023-04-01,FY 2023-24,2023-06-06,2023-08-05,66,126,true,16,2
R00725,Delivery,L2,Junior (L1-L2),Hyderabad,Backfill,2023-05-09,FY 2023-24,2023-07-09,2023-10-07,61,151,true,30,1
R00726,Quality Engineering,L2,Junior (L1-L2),Hyderabad,Backfill,2023-05-11,FY 2023-24,2023-06-10,2023-08-09,30,90,true,22,0
R00727,Delivery,L3,Mid (L3-L4),Hyderabad,Backfill,2023-05-05,FY 2023-24,2023-06-21,2023-08-20,47,107,true,20,2
R00728,Delivery,L2,Junior (L1-L2),Bengaluru,Backfill,2023-05-15,FY 2023-24,2023-06-16,2023-09-14,32,122,true,39,0
R00729,Delivery,L3,Mid (L3-L4),Hyderabad,Backfill,2023-05-05,FY 2023-24,2023-07-16,2023-08-15,72,102,true,16,2
R00730,Delivery,L2,Junior (L1-L2),Hyderabad,Backfill,2023-05-19,FY 2023-24,2023-07-06,2023-09-04,48,108,true,17,0
R00731,Cloud and Infrastructure,L4,Mid (L3-L4),Hyderabad,Backfill,2023-05-05,FY 2023-24,2023-06-14,2023-09-12,40,130,true,31,1
R00732,Consulting,L2,Junior (L1-L2),Bengaluru,Backfill,2023-05-13,FY 2023-24,2023-06-25,2023-08-24,43,103,true,15,1
R00733,Sales and Presales,L1,Junior (L1-L2),Hyderabad,Backfill,2023-05-20,FY 2023-24,2023-06-20,2023-08-19,31,91,true,39,0
R00734,Delivery,L4,Mid (L3-L4),Bengaluru,Backfill,2023-05-11,FY 2023-24,2023-06-22,2023-08-21,42,102,true,31,1
R00735,Delivery,L3,Mid (L3-L4),Hyderabad,Backfill,2023-05-07,FY 2023-24,2023-06-07,2023-08-06,31,91,true,28,0
R00736,Quality Engineering,L2,Junior (L1-L2),Bengaluru,Backfill,2023-05-02,FY 2023-24,2023-05-17,2023-06-16,15,45,true,23,0
R00737,Cloud and Infrastructure,L3,Mid (L3-L4),Hyderabad,Backfill,2023-05-25,FY 2023-24,2023-07-05,2023-10-03,41,131,true,19,1
R00738,Delivery,L1,Junior (L1-L2),Bengaluru,Backfill,2023-05-14,FY 2023-24,2023-06-20,2023-07-20,37,67,true,12,1
R00739,Consulting,L5,Senior (L5-L6),Hyderabad,Backfill,2023-05-03,FY 2023-24,2023-07-07,2023-09-05,65,125,true,28,2
R00740,Sales and Presales,L3,Mid (L3-L4),Hyderabad,Backfill,2023-05-26,FY 2023-24,2023-08-01,2023-09-30,67,127,true,7,2
R00741,Delivery,L3,Mid (L3-L4),Bengaluru,Backfill,2023-05-21,FY 2023-24,2023-06-14,2023-07-14,24,54,true,15,0
R00742,Quality Engineering,L1,Junior (L1-L2),Bengaluru,Backfill,2023-05-13,FY 2023-24,2023-07-01,2023-08-30,49,109,true,12,2
R00743,Delivery,L1,Junior (L1-L2),Hyderabad,Backfill,2023-05-26,FY 2023-24,2023-07-13,2023-09-11,48,108,true,31,0
R00744,Quality Engineering,L1,Junior (L1-L2),Hyderabad,Backfill,2023-05-04,FY 2023-24,2023-05-30,2023-06-29,26,56,true,15,1
R00745,Delivery,L4,Mid (L3-L4),Hyderabad,Backfill,2023-05-21,FY 2023-24,2023-07-11,2023-09-09,51,111,true,17,0
R00746,Cloud and Infrastructure,L2,Junior (L1-L2),Bengaluru,Backfill,2023-05-20,FY 2023-24,2023-07-16,2023-08-15,57,87,true,17,0
R00747,Delivery,L1,Junior (L1-L2),Bengaluru,Backfill,2023-05-18,FY 2023-24,2023-06-27,2023-07-27,40,70,true,11,1
R00748,Data and Analytics,L1,Junior (L1-L2),Hyderabad,Backfill,2023-05-23,FY 2023-24,2023-07-08,2023-09-06,46,106,true,17,1
R00749,Delivery,L2,Junior (L1-L2),Bengaluru,Growth,2023-05-01,FY 2023-24,2023-07-07,2023-08-06,67,97,true,14,1
R00750,Delivery,L2,Junior (L1-L2),Hyderabad,Growth,2023-05-01,FY 2023-24,2023-06-01,2023-07-31,31,91,true,34,0
R00751,Corporate Functions,L3,Mid (L3-L4),Bengaluru,Growth,2023-05-01,FY 2023-24,2023-05-28,2023-08-26,27,117,true,8,0
R00752,Delivery,L4,Mid (L3-L4),Hyderabad,Growth,2023-05-01,FY 2023-24,2023-06-15,2023-08-14,45,105,true,34,1
R00753,Delivery,L4,Mid (L3-L4),Bengaluru,Backfill,2023-06-20,FY 2023-24,2023-08-05,2023-11-03,46,136,true,33,1
R00754,Delivery,L2,Junior (L1-L2),Hyderabad,Backfill,2023-06-14,FY 2023-24,2023-07-09,2023-10-07,25,115,true,25,1
R00755,Quality Engineering,L1,Junior (L1-L2),Hyderabad,Backfill,2023-06-02,FY 2023-24,2023-06-30,2023-09-28,28,118,true,26,0
R00756,Delivery,L1,Junior (L1-L2),Hyderabad,Backfill,2023-06-06,FY 2023-24,2023-07-05,2023-09-03,29,89,true,15,0
R00757,Delivery,L3,Mid (L3-L4),Bengaluru,Backfill,2023-06-24,FY 2023-24,2023-07-26,2023-10-24,32,122,true,11,1
R00758,Delivery,L2,Junior (L1-L2),Hyderabad,Backfill,2023-06-17,FY 2023-24,2023-08-17,2023-11-15,61,151,true,12,1
R00759,Quality Engineering,L4,Mid (L3-L4),Hyderabad,Backfill,2023-06-11,FY 2023-24,2023-07-23,2023-08-22,42,72,true,23,2
R00760,Delivery,L5,Senior (L5-L6),Bengaluru,Backfill,2023-06-09,FY 2023-24,2023-09-14,2023-10-14,97,127,true,28,2
R00761,Delivery,L3,Mid (L3-L4),Hyderabad,Backfill,2023-06-19,FY 2023-24,2023-08-23,2023-11-21,65,155,true,38,1
R00762,Delivery,L2,Junior (L1-L2),Hyderabad,Backfill,2023-06-23,FY 2023-24,2023-08-06,2023-11-04,44,134,true,14,1
R00763,Corporate Functions,L4,Mid (L3-L4),Hyderabad,Backfill,2023-06-16,FY 2023-24,2023-09-18,2023-11-17,94,154,true,20,2
R00764,Cloud and Infrastructure,L2,Junior (L1-L2),Hyderabad,Backfill,2023-06-25,FY 2023-24,2023-08-14,2023-11-12,50,140,true,16,1
R00765,Cloud and Infrastructure,L3,Mid (L3-L4),Bengaluru,Backfill,2023-06-07,FY 2023-24,2023-07-02,2023-08-01,25,55,true,17,0
R00766,Quality Engineering,L2,Junior (L1-L2),Hyderabad,Backfill,2023-06-10,FY 2023-24,2023-08-11,2023-10-10,62,122,true,27,1
R00767,Data and Analytics,L3,Mid (L3-L4),Bengaluru,Backfill,2023-06-09,FY 2023-24,2023-09-04,2023-10-04,87,117,true,6,0
R00768,Sales and Presales,L2,Junior (L1-L2),Hyderabad,Backfill,2023-06-10,FY 2023-24,2023-07-15,2023-10-13,35,125,true,34,0
R00769,Data and Analytics,L1,Junior (L1-L2),Bengaluru,Backfill,2023-06-09,FY 2023-24,2023-07-04,2023-10-02,25,115,true,32,1
R00770,Delivery,L2,Junior (L1-L2),Hyderabad,Backfill,2023-06-15,FY 2023-24,2023-07-09,2023-09-07,24,84,true,36,0
R00771,Delivery,L1,Junior (L1-L2),Hyderabad,Backfill,2023-06-23,FY 2023-24,2023-07-15,2023-08-14,22,52,true,27,1
R00772,Delivery,L3,Mid (L3-L4),Bengaluru,Backfill,2023-06-18,FY 2023-24,2023-09-12,2023-11-11,86,146,true,24,2
R00773,Quality Engineering,L1,Junior (L1-L2),Bengaluru,Backfill,2023-06-13,FY 2023-24,2023-06-28,2023-08-27,15,75,true,21,1
R00774,Delivery,L2,Junior (L1-L2),Hyderabad,Backfill,2023-06-24,FY 2023-24,2023-08-22,2023-10-21,59,119,true,33,0
R00775,Delivery,L2,Junior (L1-L2),Hyderabad,Backfill,2023-06-25,FY 2023-24,2023-07-23,2023-09-21,28,88,true,33,0
R00776,Cloud and Infrastructure,L1,Junior (L1-L2),Bengaluru,Backfill,2023-06-21,FY 2023-24,2023-07-05,2023-08-04,14,44,true,10,0
R00777,Quality Engineering,L1,Junior (L1-L2),Hyderabad,Backfill,2023-06-25,FY 2023-24,2023-08-29,2023-09-28,65,95,true,28,2
R00778,Delivery,L1,Junior (L1-L2),Hyderabad,Backfill,2023-06-22,FY 2023-24,2023-07-25,2023-10-23,33,123,true,29,0
R00779,Delivery,L3,Mid (L3-L4),Bengaluru,Backfill,2023-06-05,FY 2023-24,2023-06-19,2023-08-18,14,74,true,37,1
R00780,Delivery,L5,Senior (L5-L6),Bengaluru,Growth,2023-06-01,FY 2023-24,2023-08-14,2023-10-13,74,134,true,6,2
R00781,Sales and Presales,L2,Junior (L1-L2),Bengaluru,Growth,2023-06-01,FY 2023-24,2023-06-15,2023-08-14,14,74,true,22,0
R00782,Delivery,L3,Mid (L3-L4),Hyderabad,Growth,2023-06-01,FY 2023-24,2023-07-15,2023-09-13,44,104,true,20,0
R00783,Quality Engineering,L3,Mid (L3-L4),Bengaluru,Growth,2023-06-01,FY 2023-24,2023-06-29,2023-09-27,28,118,true,15,2
R00784,Delivery,L2,Junior (L1-L2),Hyderabad,Growth,2023-06-01,FY 2023-24,2023-06-25,2023-07-25,24,54,true,19,1
R00785,Quality Engineering,L1,Junior (L1-L2),Bengaluru,Backfill,2023-07-05,FY 2023-24,2023-08-02,2023-10-01,28,88,true,22,0
R00786,Cloud and Infrastructure,L2,Junior (L1-L2),Hyderabad,Backfill,2023-07-27,FY 2023-24,2023-09-15,2023-11-14,50,110,true,32,0
R00787,Sales and Presales,L2,Junior (L1-L2),Hyderabad,Backfill,2023-07-08,FY 2023-24,2023-08-11,2023-10-10,34,94,true,13,1
R00788,Sales and Presales,L3,Mid (L3-L4),Bengaluru,Backfill,2023-07-05,FY 2023-24,2023-08-13,2023-11-11,39,129,true,6,1
R00789,Quality Engineering,L3,Mid (L3-L4),Bengaluru,Backfill,2023-07-18,FY 2023-24,2023-08-19,2023-10-18,32,92,true,31,1
R00790,Data and Analytics,L4,Mid (L3-L4),Hyderabad,Backfill,2023-07-09,FY 2023-24,2023-07-25,2023-08-24,16,46,true,16,3
R00791,Sales and Presales,L1,Junior (L1-L2),Hyderabad,Backfill,2023-07-18,FY 2023-24,2023-09-15,2023-12-14,59,149,true,28,0
R00792,Delivery,L1,Junior (L1-L2),Hyderabad,Backfill,2023-07-20,FY 2023-24,2023-07-31,2023-08-30,11,41,true,36,1
R00793,Cloud and Infrastructure,L2,Junior (L1-L2),Bengaluru,Backfill,2023-07-20,FY 2023-24,2023-08-04,2023-10-03,15,75,true,39,0
R00794,Data and Analytics,L2,Junior (L1-L2),Bengaluru,Backfill,2023-07-13,FY 2023-24,2023-08-26,2023-10-25,44,104,true,9,1
R00795,Delivery,L1,Junior (L1-L2),Hyderabad,Backfill,2023-07-19,FY 2023-24,2023-08-13,2023-10-12,25,85,true,11,1
R00796,Quality Engineering,L2,Junior (L1-L2),Bengaluru,Backfill,2023-07-01,FY 2023-24,2023-08-12,2023-09-11,42,72,true,19,1
R00797,Delivery,L2,Junior (L1-L2),Hyderabad,Backfill,2023-07-24,FY 2023-24,2023-08-08,2023-10-07,15,75,true,33,1
R00798,Delivery,L1,Junior (L1-L2),Hyderabad,Backfill,2023-07-13,FY 2023-24,2023-08-03,2023-10-02,21,81,true,31,0
R00799,Cloud and Infrastructure,L2,Junior (L1-L2),Hyderabad,Backfill,2023-07-19,FY 2023-24,2023-08-25,2023-09-24,37,67,true,26,1
R00800,Delivery,L1,Junior (L1-L2),Bengaluru,Backfill,2023-07-14,FY 2023-24,2023-08-02,2023-09-01,19,49,true,21,0
R00801,Cloud and Infrastructure,L2,Junior (L1-L2),Hyderabad,Backfill,2023-07-01,FY 2023-24,2023-08-13,2023-10-12,43,103,true,28,0
R00802,Delivery,L1,Junior (L1-L2),Hyderabad,Backfill,2023-07-03,FY 2023-24,2023-08-03,2023-10-02,31,91,true,22,1
R00803,Quality Engineering,L2,Junior (L1-L2),Hyderabad,Growth,2023-07-01,FY 2023-24,2023-07-28,2023-09-26,27,87,true,25,1
R00804,Delivery,L3,Mid (L3-L4),Hyderabad,Growth,2023-07-01,FY 2023-24,2023-07-19,2023-08-18,18,48,true,27,0
R00805,Data and Analytics,L3,Mid (L3-L4),Bengaluru,Growth,2023-07-01,FY 2023-24,2023-09-05,2023-11-04,66,126,true,35,1
R00806,Quality Engineering,L3,Mid (L3-L4),Hyderabad,Growth,2023-07-01,FY 2023-24,2023-08-12,2023-10-11,42,102,true,21,1
R00807,Cloud and Infrastructure,L2,Junior (L1-L2),Hyderabad,Growth,2023-07-01,FY 2023-24,2023-08-03,2023-10-02,33,93,true,33,1
R00808,Corporate Functions,L6,Senior (L5-L6),Bengaluru,Growth,2023-07-01,FY 2023-24,2023-11-18,2024-01-17,140,200,true,25,1
R00809,Quality Engineering,L3,Mid (L3-L4),Hyderabad,Backfill,2023-08-27,FY 2023-24,2023-09-19,2023-11-18,23,83,true,15,1
R00810,Quality Engineering,L4,Mid (L3-L4),Hyderabad,Backfill,2023-08-18,FY 2023-24,2023-10-17,2023-11-16,60,90,true,25,1
R00811,Cloud and Infrastructure,L1,Junior (L1-L2),Bengaluru,Backfill,2023-08-12,FY 2023-24,2023-09-14,2023-11-13,33,93,true,10,1
R00812,Delivery,L2,Junior (L1-L2),Hyderabad,Backfill,2023-08-16,FY 2023-24,2023-09-20,2023-11-19,35,95,true,16,0
R00813,Quality Engineering,L3,Mid (L3-L4),Bengaluru,Backfill,2023-08-12,FY 2023-24,2023-09-19,2023-11-18,38,98,true,26,0
R00814,Delivery,L1,Junior (L1-L2),Bengaluru,Backfill,2023-08-26,FY 2023-24,2023-09-12,2023-12-11,17,107,true,30,0
R00815,Delivery,L2,Junior (L1-L2),Hyderabad,Backfill,2023-08-26,FY 2023-24,2023-09-22,2023-10-22,27,57,true,27,1
R00816,Delivery,L2,Junior (L1-L2),Bengaluru,Backfill,2023-08-12,FY 2023-24,2023-10-21,2023-12-20,70,130,true,32,0
R00817,Delivery,L2,Junior (L1-L2),Bengaluru,Backfill,2023-08-12,FY 2023-24,2023-09-08,2023-11-07,27,87,true,20,0
R00818,Cloud and Infrastructure,L2,Junior (L1-L2),Bengaluru,Backfill,2023-08-06,FY 2023-24,2023-08-26,2023-09-25,20,50,true,30,1
R00819,Sales and Presales,L1,Junior (L1-L2),Hyderabad,Backfill,2023-08-08,FY 2023-24,2023-09-04,2023-11-03,27,87,true,12,0
R00820,Sales and Presales,L3,Mid (L3-L4),Bengaluru,Backfill,2023-08-21,FY 2023-24,2023-10-05,2024-01-03,45,135,true,11,2
R00821,Data and Analytics,L2,Junior (L1-L2),Bengaluru,Backfill,2023-08-18,FY 2023-24,2023-11-11,2023-12-11,85,115,true,7,1
R00822,Consulting,L2,Junior (L1-L2),Bengaluru,Backfill,2023-08-19,FY 2023-24,2023-10-15,2023-11-14,57,87,true,25,0
R00823,Delivery,L2,Junior (L1-L2),Bengaluru,Backfill,2023-08-15,FY 2023-24,2023-09-13,2023-11-12,29,89,true,13,0
R00824,Delivery,L3,Mid (L3-L4),Bengaluru,Backfill,2023-08-03,FY 2023-24,2023-11-12,2024-02-10,101,191,true,9,2
R00825,Quality Engineering,L1,Junior (L1-L2),Hyderabad,Backfill,2023-08-04,FY 2023-24,2023-08-18,2023-10-17,14,74,true,12,0
R00826,Delivery,L1,Junior (L1-L2),Bengaluru,Backfill,2023-08-13,FY 2023-24,2023-09-06,2023-10-06,24,54,true,11,0
R00827,Quality Engineering,L1,Junior (L1-L2),Hyderabad,Backfill,2023-08-20,FY 2023-24,2023-09-11,2023-10-11,22,52,true,23,0
R00828,Data and Analytics,L2,Junior (L1-L2),Hyderabad,Backfill,2023-08-10,FY 2023-24,2023-11-01,2023-12-31,83,143,true,30,0
R00829,Consulting,L2,Junior (L1-L2),Hyderabad,Backfill,2023-08-12,FY 2023-24,2023-09-17,2023-11-16,36,96,true,34,0
R00830,Delivery,L2,Junior (L1-L2),Hyderabad,Backfill,2023-08-08,FY 2023-24,2023-10-12,2023-12-11,65,125,true,17,1
R00831,Delivery,L2,Junior (L1-L2),Bengaluru,Backfill,2023-08-17,FY 2023-24,2023-09-14,2023-12-13,28,118,true,12,1
R00832,Delivery,L2,Junior (L1-L2),Hyderabad,Backfill,2023-08-23,FY 2023-24,2023-09-10,2023-11-09,18,78,true,13,0
R00833,Delivery,L2,Junior (L1-L2),Hyderabad,Backfill,2023-08-05,FY 2023-24,2023-08-25,2023-10-24,20,80,true,27,3
R00834,Quality Engineering,L2,Junior (L1-L2),Hyderabad,Backfill,2023-08-13,FY 2023-24,2023-10-13,2024-01-11,61,151,true,7,0
R00835,Cloud and Infrastructure,L1,Junior (L1-L2),Hyderabad,Backfill,2023-08-09,FY 2023-24,2023-09-13,2023-11-12,35,95,true,27,1
R00836,Sales and Presales,L5,Senior (L5-L6),Hyderabad,Backfill,2023-08-10,FY 2023-24,2023-10-17,2023-12-16,68,128,true,10,1
R00837,Delivery,L3,Mid (L3-L4),Hyderabad,Backfill,2023-08-01,FY 2023-24,2023-09-12,2023-11-11,42,102,true,37,0
R00838,Quality Engineering,L2,Junior (L1-L2),Bengaluru,Growth,2023-08-01,FY 2023-24,2023-08-20,2023-11-18,19,109,true,39,1
R00839,Corporate Functions,L2,Junior (L1-L2),Bengaluru,Growth,2023-08-01,FY 2023-24,2023-09-14,2023-11-13,44,104,true,8,0
R00840,Delivery,L2,Junior (L1-L2),Bengaluru,Growth,2023-08-01,FY 2023-24,2023-09-28,2023-11-27,58,118,true,32,2
R00841,Data and Analytics,L2,Junior (L1-L2),Hyderabad,Growth,2023-08-01,FY 2023-24,2023-08-31,2023-09-30,30,60,true,12,1
R00842,Quality Engineering,L1,Junior (L1-L2),Bengaluru,Backfill,2023-09-06,FY 2023-24,2023-10-15,2023-11-14,39,69,true,34,1
R00843,Delivery,L5,Senior (L5-L6),Bengaluru,Backfill,2023-09-12,FY 2023-24,2023-12-17,2024-01-16,96,126,true,30,1
R00844,Sales and Presales,L3,Mid (L3-L4),Hyderabad,Backfill,2023-09-03,FY 2023-24,2023-10-21,2023-11-20,48,78,true,20,1
R00845,Delivery,L2,Junior (L1-L2),Hyderabad,Backfill,2023-09-04,FY 2023-24,2023-10-06,2023-12-05,32,92,true,21,1
R00846,Cloud and Infrastructure,L1,Junior (L1-L2),Hyderabad,Backfill,2023-09-01,FY 2023-24,2023-09-20,2023-12-19,19,109,true,19,0
R00847,Cloud and Infrastructure,L2,Junior (L1-L2),Bengaluru,Backfill,2023-09-10,FY 2023-24,2023-10-08,2023-12-07,28,88,true,17,1
R00848,Delivery,L3,Mid (L3-L4),Hyderabad,Backfill,2023-09-15,FY 2023-24,2023-10-20,2023-12-19,35,95,true,26,0
R00849,Cloud and Infrastructure,L1,Junior (L1-L2),Hyderabad,Backfill,2023-09-06,FY 2023-24,2023-09-18,2023-11-17,12,72,true,6,0
R00850,Delivery,L1,Junior (L1-L2),Bengaluru,Backfill,2023-09-09,FY 2023-24,2023-10-13,2024-01-11,34,124,true,37,0
R00851,Delivery,L6,Senior (L5-L6),Bengaluru,Backfill,2023-09-22,FY 2023-24,2023-11-07,2024-02-05,46,136,true,6,2
R00852,Delivery,L1,Junior (L1-L2),Bengaluru,Backfill,2023-09-15,FY 2023-24,2023-10-24,2023-12-23,39,99,true,22,0
R00853,Quality Engineering,L5,Senior (L5-L6),Hyderabad,Backfill,2023-09-22,FY 2023-24,2023-11-24,2024-02-22,63,153,true,6,3
R00854,Delivery,L3,Mid (L3-L4),Hyderabad,Backfill,2023-09-13,FY 2023-24,2023-10-18,2023-11-17,35,65,true,8,3
R00855,Delivery,L2,Junior (L1-L2),Bengaluru,Backfill,2023-09-02,FY 2023-24,2023-09-15,2023-10-15,13,43,true,24,1
R00856,Cloud and Infrastructure,L1,Junior (L1-L2),Bengaluru,Backfill,2023-09-11,FY 2023-24,2023-10-06,2024-01-04,25,115,true,7,0
R00857,Delivery,L2,Junior (L1-L2),Bengaluru,Backfill,2023-09-24,FY 2023-24,2023-11-10,2024-01-09,47,107,true,35,0
R00858,Data and Analytics,L1,Junior (L1-L2),Bengaluru,Backfill,2023-09-13,FY 2023-24,2023-10-04,2023-12-03,21,81,true,20,0
R00859,Quality Engineering,L2,Junior (L1-L2),Hyderabad,Backfill,2023-09-21,FY 2023-24,2023-10-06,2023-12-05,15,75,true,14,0
R00860,Sales and Presales,L2,Junior (L1-L2),Hyderabad,Backfill,2023-09-01,FY 2023-24,2023-10-09,2023-12-08,38,98,true,11,1
R00861,Corporate Functions,L2,Junior (L1-L2),Hyderabad,Backfill,2023-09-16,FY 2023-24,2023-10-14,2024-01-12,28,118,true,32,1
R00862,Data and Analytics,L4,Mid (L3-L4),Bengaluru,Backfill,2023-09-10,FY 2023-24,2023-11-01,2023-12-31,52,112,true,28,0
R00863,Data and Analytics,L1,Junior (L1-L2),Bengaluru,Backfill,2023-09-01,FY 2023-24,2023-09-26,2023-11-25,25,85,true,18,0
R00864,Quality Engineering,L1,Junior (L1-L2),Hyderabad,Backfill,2023-09-27,FY 2023-24,2023-11-11,2024-01-10,45,105,true,11,1
R00865,Delivery,L1,Junior (L1-L2),Hyderabad,Backfill,2023-09-20,FY 2023-24,2023-10-31,2023-11-30,41,71,true,14,0
R00866,Delivery,L3,Mid (L3-L4),Bengaluru,Backfill,2023-09-23,FY 2023-24,2023-10-13,2023-12-12,20,80,true,21,1
R00867,Quality Engineering,L2,Junior (L1-L2),Hyderabad,Backfill,2023-09-13,FY 2023-24,2023-09-19,2023-11-18,6,66,true,28,3
R00868,Quality Engineering,L2,Junior (L1-L2),Hyderabad,Backfill,2023-09-26,FY 2023-24,2023-10-29,2024-01-27,33,123,true,20,1
R00869,Quality Engineering,L3,Mid (L3-L4),Hyderabad,Backfill,2023-09-19,FY 2023-24,2023-10-28,2024-01-26,39,129,true,20,1
R00870,Quality Engineering,L3,Mid (L3-L4),Bengaluru,Backfill,2023-09-27,FY 2023-24,2024-01-11,2024-04-10,106,196,true,19,1
R00871,Delivery,L3,Mid (L3-L4),Bengaluru,Backfill,2023-09-19,FY 2023-24,2023-12-16,2024-02-14,88,148,true,32,2
R00872,Delivery,L2,Junior (L1-L2),Bengaluru,Backfill,2023-09-20,FY 2023-24,2023-10-31,2024-01-29,41,131,true,38,1
R00873,Cloud and Infrastructure,L3,Mid (L3-L4),Hyderabad,Backfill,2023-09-25,FY 2023-24,2023-10-17,2024-01-15,22,112,true,33,1
R00874,Quality Engineering,L2,Junior (L1-L2),Hyderabad,Backfill,2023-09-27,FY 2023-24,2023-11-19,2024-01-18,53,113,true,31,0
R00875,Sales and Presales,L1,Junior (L1-L2),Bengaluru,Backfill,2023-09-27,FY 2023-24,2023-10-13,2024-01-11,16,106,true,24,0
R00876,Delivery,L3,Mid (L3-L4),Bengaluru,Backfill,2023-09-04,FY 2023-24,2023-10-23,2023-12-22,49,109,true,13,0
R00877,Delivery,L1,Junior (L1-L2),Hyderabad,Backfill,2023-09-21,FY 2023-24,2023-11-13,2024-01-12,53,113,true,23,0
R00878,Delivery,L1,Junior (L1-L2),Bengaluru,Backfill,2023-09-03,FY 2023-24,2023-09-17,2023-11-16,14,74,true,31,0
R00879,Delivery,L1,Junior (L1-L2),Hyderabad,Backfill,2023-09-25,FY 2023-24,2023-10-18,2023-11-17,23,53,true,27,1
R00880,Consulting,L3,Mid (L3-L4),Bengaluru,Growth,2023-09-01,FY 2023-24,2023-09-25,2023-12-24,24,114,true,8,0
R00881,Cloud and Infrastructure,L2,Junior (L1-L2),Bengaluru,Growth,2023-09-01,FY 2023-24,2023-10-04,2023-12-03,33,93,true,29,0
R00882,Consulting,L5,Senior (L5-L6),Bengaluru,Growth,2023-09-01,FY 2023-24,2023-11-17,2024-01-16,77,137,true,17,1
R00883,Delivery,L3,Mid (L3-L4),Hyderabad,Growth,2023-09-01,FY 2023-24,2023-09-27,2023-11-26,26,86,true,32,0
R00884,Cloud and Infrastructure,L2,Junior (L1-L2),Hyderabad,Growth,2023-09-01,FY 2023-24,2023-09-30,2023-10-30,29,59,true,33,2
R00885,Quality Engineering,L2,Junior (L1-L2),Hyderabad,Backfill,2023-10-07,FY 2023-24,2023-10-25,2023-11-24,18,48,true,33,1
R00886,Delivery,L2,Junior (L1-L2),Bengaluru,Backfill,2023-10-20,FY 2023-24,2023-11-18,2024-01-17,29,89,true,7,0
R00887,Delivery,L2,Junior (L1-L2),Bengaluru,Backfill,2023-10-04,FY 2023-24,2023-10-21,2023-11-20,17,47,true,7,0
R00888,Delivery,L1,Junior (L1-L2),Bengaluru,Backfill,2023-10-01,FY 2023-24,2023-10-18,2023-12-17,17,77,true,11,1
R00889,Delivery,L3,Mid (L3-L4),Hyderabad,Backfill,2023-10-14,FY 2023-24,2023-11-12,2024-01-11,29,89,true,12,1
R00890,Delivery,L2,Junior (L1-L2),Hyderabad,Backfill,2023-10-26,FY 2023-24,2023-12-07,2024-02-05,42,102,true,23,1
R00891,Delivery,L2,Junior (L1-L2),Hyderabad,Backfill,2023-10-11,FY 2023-24,2023-12-23,2024-03-22,73,163,true,32,0
R00892,Delivery,L1,Junior (L1-L2),Hyderabad,Backfill,2023-10-22,FY 2023-24,2023-11-02,2024-01-01,11,71,true,35,0
R00893,Delivery,L3,Mid (L3-L4),Bengaluru,Backfill,2023-10-21,FY 2023-24,2023-11-17,2024-01-16,27,87,true,11,1
R00894,Delivery,L1,Junior (L1-L2),Hyderabad,Backfill,2023-10-05,FY 2023-24,2023-11-02,2024-01-01,28,88,true,30,1
R00895,Corporate Functions,L4,Mid (L3-L4),Bengaluru,Backfill,2023-10-22,FY 2023-24,2023-12-19,2024-03-18,58,148,true,22,5
R00896,Delivery,L1,Junior (L1-L2),Hyderabad,Backfill,2023-10-22,FY 2023-24,2023-11-22,2024-02-20,31,121,true,10,0
R00897,Delivery,L3,Mid (L3-L4),Bengaluru,Backfill,2023-10-16,FY 2023-24,2023-10-31,2023-12-30,15,75,true,24,1
R00898,Delivery,L1,Junior (L1-L2),Hyderabad,Backfill,2023-10-03,FY 2023-24,2023-12-12,2024-02-10,70,130,true,9,1
R00899,Delivery,L3,Mid (L3-L4),Bengaluru,Backfill,2023-10-03,FY 2023-24,2023-10-23,2024-01-21,20,110,true,16,1
R00900,Delivery,L1,Junior (L1-L2),Hyderabad,Backfill,2023-10-23,FY 2023-24,2023-11-22,2024-01-21,30,90,true,20,0
R00901,Delivery,L1,Junior (L1-L2),Bengaluru,Backfill,2023-10-26,FY 2023-24,2023-12-12,2024-02-10,47,107,true,38,2
R00902,Delivery,L1,Junior (L1-L2),Bengaluru,Backfill,2023-10-20,FY 2023-24,2023-11-05,2023-12-05,16,46,true,20,0
R00903,Quality Engineering,L3,Mid (L3-L4),Hyderabad,Backfill,2023-10-07,FY 2023-24,2023-11-06,2023-12-06,30,60,true,29,1
R00904,Data and Analytics,L2,Junior (L1-L2),Bengaluru,Backfill,2023-10-14,FY 2023-24,2023-12-27,2024-02-25,74,134,true,14,1
R00905,Cloud and Infrastructure,L1,Junior (L1-L2),Hyderabad,Backfill,2023-10-27,FY 2023-24,2023-11-06,2023-12-06,10,40,true,19,0
R00906,Delivery,L2,Junior (L1-L2),Bengaluru,Backfill,2023-10-13,FY 2023-24,2023-11-08,2024-01-07,26,86,true,34,1
R00907,Delivery,L1,Junior (L1-L2),Hyderabad,Backfill,2023-10-18,FY 2023-24,2023-10-29,2023-12-28,11,71,true,26,2
R00908,Delivery,L1,Junior (L1-L2),Hyderabad,Backfill,2023-10-20,FY 2023-24,2023-12-01,2024-01-30,42,102,true,11,0
R00909,Cloud and Infrastructure,L1,Junior (L1-L2),Bengaluru,Backfill,2023-10-14,FY 2023-24,2023-10-25,2023-12-24,11,71,true,26,0
R00910,Delivery,L1,Junior (L1-L2),Bengaluru,Backfill,2023-10-12,FY 2023-24,2023-11-05,2023-12-05,24,54,true,32,0
R00911,Delivery,L1,Junior (L1-L2),Hyderabad,Backfill,2023-10-04,FY 2023-24,2023-11-07,2024-01-06,34,94,true,21,1
R00912,Delivery,L1,Junior (L1-L2),Bengaluru,Backfill,2023-10-04,FY 2023-24,2023-10-31,2023-12-30,27,87,true,24,3
R00913,Delivery,L1,Junior (L1-L2),Bengaluru,Backfill,2023-10-24,FY 2023-24,2023-11-24,2024-02-22,31,121,true,8,3
R00914,Delivery,L3,Mid (L3-L4),Hyderabad,Growth,2023-10-01,FY 2023-24,2023-11-07,2023-12-07,37,67,true,18,0
R00915,Quality Engineering,L2,Junior (L1-L2),Bengaluru,Growth,2023-10-01,FY 2023-24,2023-10-29,2023-12-28,28,88,true,32,1
R00916,Delivery,L4,Mid (L3-L4),Bengaluru,Backfill,2023-11-18,FY 2023-24,2024-01-01,2024-03-01,44,104,true,28,0
R00917,Data and Analytics,L2,Junior (L1-L2),Bengaluru,Backfill,2023-11-27,FY 2023-24,2024-01-09,2024-03-09,43,103,true,22,0
R00918,Data and Analytics,L1,Junior (L1-L2),Bengaluru,Backfill,2023-11-09,FY 2023-24,2024-01-16,2024-03-16,68,128,true,39,0
R00919,Delivery,L1,Junior (L1-L2),Bengaluru,Backfill,2023-11-04,FY 2023-24,2023-11-23,2024-01-22,19,79,true,27,1
R00920,Delivery,L2,Junior (L1-L2),Hyderabad,Backfill,2023-11-08,FY 2023-24,2023-12-10,2024-02-08,32,92,true,22,1
R00921,Consulting,L2,Junior (L1-L2),Bengaluru,Backfill,2023-11-04,FY 2023-24,2023-12-02,2024-03-01,28,118,true,36,1
R00922,Consulting,L1,Junior (L1-L2),Hyderabad,Backfill,2023-11-15,FY 2023-24,2024-01-20,2024-02-19,66,96,true,14,0
R00923,Delivery,L1,Junior (L1-L2),Hyderabad,Backfill,2023-11-14,FY 2023-24,2023-11-29,2023-12-29,15,45,true,27,1
R00924,Delivery,L1,Junior (L1-L2),Bengaluru,Backfill,2023-11-11,FY 2023-24,2023-12-22,2024-02-20,41,101,true,7,0
R00925,Delivery,L4,Mid (L3-L4),Bengaluru,Backfill,2023-11-16,FY 2023-24,2023-12-01,2024-02-29,15,105,true,16,1
R00926,Consulting,L4,Mid (L3-L4),Hyderabad,Backfill,2023-11-24,FY 2023-24,2024-02-01,2024-04-01,69,129,true,10,1
R00927,Delivery,L2,Junior (L1-L2),Bengaluru,Backfill,2023-11-26,FY 2023-24,2024-01-15,2024-04-14,50,140,true,28,0
R00928,Quality Engineering,L4,Mid (L3-L4),Hyderabad,Backfill,2023-11-15,FY 2023-24,2023-12-30,2024-02-28,45,105,true,10,0
R00929,Consulting,L1,Junior (L1-L2),Hyderabad,Backfill,2023-11-05,FY 2023-24,2023-11-19,2024-01-18,14,74,true,9,0
R00930,Delivery,L3,Mid (L3-L4),Bengaluru,Backfill,2023-11-26,FY 2023-24,2024-01-12,2024-04-11,47,137,true,31,3
R00931,Delivery,L2,Junior (L1-L2),Bengaluru,Backfill,2023-11-08,FY 2023-24,2023-11-14,2024-01-13,6,66,true,39,0
R00932,Corporate Functions,L2,Junior (L1-L2),Bengaluru,Backfill,2023-11-08,FY 2023-24,2023-12-08,2024-01-07,30,60,true,11,0
R00933,Delivery,L4,Mid (L3-L4),Hyderabad,Backfill,2023-11-27,FY 2023-24,2024-01-30,2024-03-30,64,124,true,16,2
R00934,Delivery,L1,Junior (L1-L2),Hyderabad,Backfill,2023-11-12,FY 2023-24,2023-12-16,2024-02-14,34,94,true,24,0
R00935,Sales and Presales,L3,Mid (L3-L4),Hyderabad,Backfill,2023-11-16,FY 2023-24,2024-01-27,2024-03-27,72,132,true,13,1
R00936,Cloud and Infrastructure,L2,Junior (L1-L2),Bengaluru,Backfill,2023-11-19,FY 2023-24,2024-01-07,2024-03-07,49,109,true,13,0
R00937,Corporate Functions,L2,Junior (L1-L2),Bengaluru,Backfill,2023-11-24,FY 2023-24,2024-01-11,2024-04-10,48,138,true,19,0
R00938,Cloud and Infrastructure,L2,Junior (L1-L2),Hyderabad,Backfill,2023-11-21,FY 2023-24,2023-12-26,2024-01-25,35,65,true,39,0
R00939,Delivery,L2,Junior (L1-L2),Hyderabad,Backfill,2023-11-25,FY 2023-24,2024-01-17,2024-03-17,53,113,true,24,0
R00940,Corporate Functions,L1,Junior (L1-L2),Hyderabad,Backfill,2023-11-17,FY 2023-24,2023-12-26,2024-02-24,39,99,true,18,0
R00941,Sales and Presales,L2,Junior (L1-L2),Bengaluru,Backfill,2023-11-01,FY 2023-24,2023-11-19,2024-01-18,18,78,true,38,0
R00942,Quality Engineering,L5,Senior (L5-L6),Hyderabad,Backfill,2023-11-17,FY 2023-24,2023-12-16,2024-02-14,29,89,true,9,1
R00943,Quality Engineering,L2,Junior (L1-L2),Hyderabad,Backfill,2023-11-21,FY 2023-24,2023-12-02,2024-03-01,11,101,true,24,0
R00944,Quality Engineering,L1,Junior (L1-L2),Bengaluru,Backfill,2023-11-06,FY 2023-24,2023-11-25,2024-02-23,19,109,true,38,0
R00945,Delivery,L2,Junior (L1-L2),Hyderabad,Backfill,2023-11-18,FY 2023-24,2024-02-22,2024-04-22,96,156,true,11,0
R00946,Corporate Functions,L1,Junior (L1-L2),Hyderabad,Backfill,2023-11-10,FY 2023-24,2023-11-28,2023-12-28,18,48,true,37,0
R00947,Delivery,L2,Junior (L1-L2),Hyderabad,Backfill,2023-11-09,FY 2023-24,2023-11-18,2024-01-17,9,69,true,33,0
R00948,Cloud and Infrastructure,L3,Mid (L3-L4),Hyderabad,Backfill,2023-11-02,FY 2023-24,2023-11-27,2024-02-25,25,115,true,37,3
R00949,Data and Analytics,L1,Junior (L1-L2),Bengaluru,Backfill,2023-11-21,FY 2023-24,2024-02-06,2024-04-06,77,137,true,26,1
R00950,Delivery,L2,Junior (L1-L2),Hyderabad,Growth,2023-11-01,FY 2023-24,2023-11-25,2024-01-24,24,84,true,32,0
R00951,Delivery,L3,Mid (L3-L4),Hyderabad,Growth,2023-11-01,FY 2023-24,2023-11-29,2023-12-29,28,58,true,19,1
R00952,Cloud and Infrastructure,L4,Mid (L3-L4),Bengaluru,Backfill,2023-12-09,FY 2023-24,2024-01-24,2024-02-23,46,76,true,14,1
R00953,Delivery,L1,Junior (L1-L2),Bengaluru,Backfill,2023-12-10,FY 2023-24,2024-01-28,2024-04-27,49,139,true,33,1
R00954,Cloud and Infrastructure,L5,Senior (L5-L6),Bengaluru,Backfill,2023-12-15,FY 2023-24,2024-01-26,2024-03-26,42,102,true,23,0
R00955,Data and Analytics,L1,Junior (L1-L2),Hyderabad,Backfill,2023-12-25,FY 2023-24,2024-01-23,2024-03-23,29,89,true,37,0
R00956,Delivery,L1,Junior (L1-L2),Hyderabad,Backfill,2023-12-20,FY 2023-24,2024-01-27,2024-04-26,38,128,true,9,0
R00957,Corporate Functions,L3,Mid (L3-L4),Bengaluru,Backfill,2023-12-11,FY 2023-24,2023-12-21,2024-02-19,10,70,true,23,0
R00958,Cloud and Infrastructure,L2,Junior (L1-L2),Hyderabad,Backfill,2023-12-16,FY 2023-24,2024-01-03,2024-03-03,18,78,true,9,1
R00959,Corporate Functions,L2,Junior (L1-L2),Hyderabad,Backfill,2023-12-18,FY 2023-24,2024-01-25,2024-03-25,38,98,true,34,0
R00960,Delivery,L2,Junior (L1-L2),Bengaluru,Backfill,2023-12-09,FY 2023-24,2024-01-23,2024-03-23,45,105,true,15,1
R00961,Sales and Presales,L3,Mid (L3-L4),Bengaluru,Backfill,2023-12-17,FY 2023-24,2024-02-04,2024-05-04,49,139,true,20,2
R00962,Consulting,L1,Junior (L1-L2),Bengaluru,Backfill,2023-12-12,FY 2023-24,2023-12-23,2024-02-21,11,71,true,33,0
R00963,Corporate Functions,L2,Junior (L1-L2),Bengaluru,Backfill,2023-12-19,FY 2023-24,2024-02-20,2024-04-20,63,123,true,19,2
R00964,Corporate Functions,L4,Mid (L3-L4),Hyderabad,Backfill,2023-12-26,FY 2023-24,2024-02-09,2024-05-09,45,135,true,35,4
R00965,Delivery,L2,Junior (L1-L2),Hyderabad,Backfill,2023-12-07,FY 2023-24,2024-01-09,2024-04-08,33,123,true,26,2
R00966,Quality Engineering,L3,Mid (L3-L4),Hyderabad,Backfill,2023-12-03,FY 2023-24,2024-01-29,2024-04-28,57,147,true,25,1
R00967,Delivery,L1,Junior (L1-L2),Bengaluru,Backfill,2023-12-12,FY 2023-24,2024-01-18,2024-03-18,37,97,true,27,0
R00968,Quality Engineering,L1,Junior (L1-L2),Bengaluru,Backfill,2023-12-17,FY 2023-24,2024-02-09,2024-05-09,54,144,true,34,1
R00969,Delivery,L2,Junior (L1-L2),Hyderabad,Backfill,2023-12-01,FY 2023-24,2024-01-27,2024-02-26,57,87,true,36,2
R00970,Data and Analytics,L1,Junior (L1-L2),Hyderabad,Backfill,2023-12-17,FY 2023-24,2024-01-23,2024-03-23,37,97,true,32,0
R00971,Delivery,L2,Junior (L1-L2),Hyderabad,Backfill,2023-12-19,FY 2023-24,2024-01-20,2024-03-20,32,92,true,25,3
R00972,Sales and Presales,L2,Junior (L1-L2),Hyderabad,Backfill,2023-12-18,FY 2023-24,2024-02-02,2024-04-02,46,106,true,26,2
R00973,Corporate Functions,L3,Mid (L3-L4),Bengaluru,Backfill,2023-12-22,FY 2023-24,2024-01-31,2024-04-30,40,130,true,8,2
R00974,Delivery,L1,Junior (L1-L2),Hyderabad,Backfill,2023-12-24,FY 2023-24,2024-01-16,2024-03-16,23,83,true,19,0
R00975,Data and Analytics,L1,Junior (L1-L2),Bengaluru,Backfill,2023-12-01,FY 2023-24,2023-12-29,2024-01-28,28,58,true,7,0
R00976,Delivery,L2,Junior (L1-L2),Bengaluru,Backfill,2023-12-27,FY 2023-24,2024-02-15,2024-05-15,50,140,true,24,0
R00977,Cloud and Infrastructure,L2,Junior (L1-L2),Hyderabad,Backfill,2023-12-13,FY 2023-24,2024-01-08,2024-03-08,26,86,true,29,1
R00978,Delivery,L1,Junior (L1-L2),Bengaluru,Backfill,2023-12-03,FY 2023-24,2023-12-23,2024-03-22,20,110,true,34,3
R00979,Delivery,L2,Junior (L1-L2),Bengaluru,Backfill,2023-12-07,FY 2023-24,2024-01-21,2024-03-21,45,105,true,38,1
R00980,Delivery,L4,Mid (L3-L4),Bengaluru,Backfill,2023-12-14,FY 2023-24,2024-02-14,2024-05-14,62,152,true,17,1
R00981,Cloud and Infrastructure,L3,Mid (L3-L4),Bengaluru,Backfill,2023-12-22,FY 2023-24,2024-01-24,2024-03-24,33,93,true,35,2
R00982,Delivery,L3,Mid (L3-L4),Hyderabad,Backfill,2023-12-26,FY 2023-24,2024-01-23,2024-03-23,28,88,true,38,2
R00983,Delivery,L2,Junior (L1-L2),Hyderabad,Backfill,2023-12-11,FY 2023-24,2023-12-16,2024-01-15,5,35,true,19,0
R00984,Delivery,L2,Junior (L1-L2),Hyderabad,Backfill,2023-12-10,FY 2023-24,2024-02-15,2024-04-15,67,127,true,14,1
R00985,Delivery,L2,Junior (L1-L2),Bengaluru,Backfill,2023-12-17,FY 2023-24,2024-01-30,2024-04-29,44,134,true,28,0
R00986,Delivery,L3,Mid (L3-L4),Hyderabad,Growth,2023-12-01,FY 2023-24,2024-02-15,2024-03-16,76,106,true,37,3
R00987,Delivery,L2,Junior (L1-L2),Hyderabad,Growth,2023-12-01,FY 2023-24,2024-01-03,2024-04-02,33,123,true,14,0
R00988,Quality Engineering,L3,Mid (L3-L4),Hyderabad,Growth,2023-12-01,FY 2023-24,2024-01-09,2024-04-08,39,129,true,9,0
R00989,Corporate Functions,L2,Junior (L1-L2),Bengaluru,Growth,2023-12-01,FY 2023-24,2024-01-20,2024-03-20,50,110,true,11,2
R00990,Delivery,L5,Senior (L5-L6),Hyderabad,Growth,2023-12-01,FY 2023-24,2024-03-03,2024-05-02,93,153,true,26,1
R00991,Quality Engineering,L4,Mid (L3-L4),Hyderabad,Growth,2023-12-01,FY 2023-24,2024-02-20,2024-04-20,81,141,true,12,1
R00992,Quality Engineering,L3,Mid (L3-L4),Hyderabad,Backfill,2024-01-05,FY 2023-24,2024-03-21,2024-04-20,76,106,true,31,2
R00993,Delivery,L1,Junior (L1-L2),Bengaluru,Backfill,2024-01-26,FY 2023-24,2024-03-22,2024-06-20,56,146,true,13,1
R00994,Delivery,L1,Junior (L1-L2),Hyderabad,Backfill,2024-01-24,FY 2023-24,2024-03-02,2024-04-01,38,68,true,11,1
R00995,Cloud and Infrastructure,L2,Junior (L1-L2),Hyderabad,Backfill,2024-01-24,FY 2023-24,2024-03-21,2024-05-20,57,117,true,33,2
R00996,Quality Engineering,L4,Mid (L3-L4),Hyderabad,Backfill,2024-01-14,FY 2023-24,2024-05-11,2024-06-10,118,148,true,8,1
R00997,Delivery,L2,Junior (L1-L2),Hyderabad,Backfill,2024-01-18,FY 2023-24,2024-03-23,2024-06-21,65,155,true,36,1
R00998,Delivery,L3,Mid (L3-L4),Bengaluru,Backfill,2024-01-21,FY 2023-24,2024-03-17,2024-04-16,56,86,true,33,3
R00999,Delivery,L2,Junior (L1-L2),Hyderabad,Backfill,2024-01-11,FY 2023-24,2024-01-18,2024-04-17,7,97,true,23,2
R01000,Quality Engineering,L2,Junior (L1-L2),Hyderabad,Backfill,2024-01-05,FY 2023-24,2024-02-05,2024-03-06,31,61,true,30,0
R01001,Delivery,L2,Junior (L1-L2),Hyderabad,Backfill,2024-01-23,FY 2023-24,2024-03-08,2024-05-07,45,105,true,28,0
R01002,Delivery,L6,Senior (L5-L6),Hyderabad,Backfill,2024-01-02,FY 2023-24,2024-03-21,2024-04-20,79,109,true,29,0
R01003,Delivery,L3,Mid (L3-L4),Hyderabad,Backfill,2024-01-22,FY 2023-24,2024-03-07,2024-05-06,45,105,true,33,1
R01004,Sales and Presales,L1,Junior (L1-L2),Hyderabad,Backfill,2024-01-09,FY 2023-24,2024-01-15,2024-03-15,6,66,true,23,0
R01005,Cloud and Infrastructure,L2,Junior (L1-L2),Bengaluru,Backfill,2024-01-10,FY 2023-24,2024-02-08,2024-05-08,29,119,true,35,2
R01006,Cloud and Infrastructure,L2,Junior (L1-L2),Bengaluru,Backfill,2024-01-26,FY 2023-24,2024-02-17,2024-04-17,22,82,true,26,2
R01007,Corporate Functions,L1,Junior (L1-L2),Bengaluru,Backfill,2024-01-09,FY 2023-24,2024-02-03,2024-04-03,25,85,true,14,0
R01008,Delivery,L1,Junior (L1-L2),Hyderabad,Backfill,2024-01-27,FY 2023-24,2024-03-15,2024-06-13,48,138,true,16,0
R01009,Cloud and Infrastructure,L2,Junior (L1-L2),Hyderabad,Growth,2024-01-01,FY 2023-24,2024-01-23,2024-04-22,22,112,true,20,0
R01010,Sales and Presales,L2,Junior (L1-L2),Hyderabad,Growth,2024-01-01,FY 2023-24,2024-02-03,2024-03-04,33,63,true,29,1
R01011,Delivery,L5,Senior (L5-L6),Hyderabad,Growth,2024-01-01,FY 2023-24,2024-03-09,2024-05-08,68,128,true,11,0
R01012,Quality Engineering,L3,Mid (L3-L4),Bengaluru,Growth,2024-01-01,FY 2023-24,2024-04-02,2024-07-01,92,182,true,39,0
R01013,Delivery,L4,Mid (L3-L4),Bengaluru,Growth,2024-01-01,FY 2023-24,2024-04-23,2024-06-22,113,173,true,10,0
R01014,Delivery,L2,Junior (L1-L2),Hyderabad,Growth,2024-01-01,FY 2023-24,2024-01-29,2024-02-28,28,58,true,6,0
R01015,Cloud and Infrastructure,L1,Junior (L1-L2),Bengaluru,Campus,2024-01-01,FY 2023-24,2024-02-23,2024-08-09,53,221,true,40,1
R01016,Delivery,L1,Junior (L1-L2),Hyderabad,Campus,2024-01-01,FY 2023-24,2024-03-04,2024-08-10,63,222,true,80,1
R01017,Cloud and Infrastructure,L1,Junior (L1-L2),Hyderabad,Campus,2024-01-01,FY 2023-24,2024-02-21,2024-08-01,51,213,true,105,0
R01018,Quality Engineering,L1,Junior (L1-L2),Bengaluru,Campus,2024-01-01,FY 2023-24,2024-02-27,2024-08-12,57,224,true,52,0
R01019,Sales and Presales,L1,Junior (L1-L2),Bengaluru,Campus,2024-01-01,FY 2023-24,2024-02-23,2024-08-17,53,229,true,39,1
R01020,Quality Engineering,L1,Junior (L1-L2),Hyderabad,Campus,2024-01-01,FY 2023-24,2024-03-20,2024-08-02,79,214,true,106,0
R01021,Cloud and Infrastructure,L1,Junior (L1-L2),Hyderabad,Campus,2024-01-01,FY 2023-24,2024-04-02,2024-08-15,92,227,true,52,0
R01022,Cloud and Infrastructure,L1,Junior (L1-L2),Hyderabad,Campus,2024-01-01,FY 2023-24,2024-03-04,2024-08-20,63,232,true,82,0
R01023,Delivery,L1,Junior (L1-L2),Hyderabad,Campus,2024-01-01,FY 2023-24,2024-03-12,2024-08-18,71,230,true,60,0
R01024,Delivery,L1,Junior (L1-L2),Bengaluru,Campus,2024-01-01,FY 2023-24,2024-02-02,2024-08-07,32,219,true,96,0
R01025,Delivery,L1,Junior (L1-L2),Hyderabad,Campus,2024-01-01,FY 2023-24,2024-03-02,2024-08-19,61,231,true,46,0
R01026,Consulting,L1,Junior (L1-L2),Hyderabad,Campus,2024-01-01,FY 2023-24,2024-03-01,2024-08-08,60,220,true,107,0
R01027,Delivery,L1,Junior (L1-L2),Bengaluru,Campus,2024-01-01,FY 2023-24,2024-02-15,2024-08-02,45,214,true,90,1
R01028,Delivery,L1,Junior (L1-L2),Hyderabad,Campus,2024-01-01,FY 2023-24,2024-03-13,2024-08-20,72,232,true,96,0
R01029,Delivery,L1,Junior (L1-L2),Bengaluru,Campus,2024-01-01,FY 2023-24,2024-02-29,2024-08-09,59,221,true,62,0
R01030,Delivery,L1,Junior (L1-L2),Bengaluru,Campus,2024-01-01,FY 2023-24,2024-02-27,2024-08-20,57,232,true,44,0
R01031,Delivery,L1,Junior (L1-L2),Hyderabad,Campus,2024-01-01,FY 2023-24,2024-02-13,2024-08-15,43,227,true,84,1
R01032,Delivery,L1,Junior (L1-L2),Hyderabad,Campus,2024-01-01,FY 2023-24,2024-02-13,2024-08-10,43,222,true,74,0
R01033,Delivery,L1,Junior (L1-L2),Bengaluru,Campus,2024-01-01,FY 2023-24,2024-03-09,2024-08-10,68,222,true,77,0
R01034,Sales and Presales,L1,Junior (L1-L2),Hyderabad,Campus,2024-01-01,FY 2023-24,2024-03-10,2024-08-09,69,221,true,29,0
R01035,Consulting,L1,Junior (L1-L2),Hyderabad,Campus,2024-01-01,FY 2023-24,2024-02-14,2024-08-01,44,213,true,77,0
R01036,Data and Analytics,L1,Junior (L1-L2),Hyderabad,Campus,2024-01-01,FY 2023-24,2024-02-20,2024-08-03,50,215,true,58,0
R01037,Delivery,L1,Junior (L1-L2),Hyderabad,Campus,2024-01-01,FY 2023-24,2024-03-12,2024-08-11,71,223,true,87,1
R01038,Delivery,L1,Junior (L1-L2),Hyderabad,Campus,2024-01-01,FY 2023-24,2024-02-22,2024-08-07,52,219,true,118,0
R01039,Delivery,L1,Junior (L1-L2),Bengaluru,Campus,2024-01-01,FY 2023-24,2024-02-15,2024-08-08,45,220,true,30,0
R01040,Sales and Presales,L1,Junior (L1-L2),Hyderabad,Campus,2024-01-01,FY 2023-24,2024-02-21,2024-08-16,51,228,true,64,1
R01041,Delivery,L1,Junior (L1-L2),Hyderabad,Campus,2024-01-01,FY 2023-24,2024-03-05,2024-08-12,64,224,true,77,0
R01042,Delivery,L1,Junior (L1-L2),Hyderabad,Campus,2024-01-01,FY 2023-24,2024-02-16,2024-08-05,46,217,true,56,1
R01043,Quality Engineering,L1,Junior (L1-L2),Hyderabad,Campus,2024-01-01,FY 2023-24,2024-03-09,2024-08-03,68,215,true,75,0
R01044,Quality Engineering,L1,Junior (L1-L2),Bengaluru,Campus,2024-01-01,FY 2023-24,2024-03-01,2024-08-13,60,225,true,110,0
R01045,Delivery,L1,Junior (L1-L2),Bengaluru,Campus,2024-01-01,FY 2023-24,2024-02-27,2024-08-10,57,222,true,97,0
R01046,Data and Analytics,L1,Junior (L1-L2),Hyderabad,Campus,2024-01-01,FY 2023-24,2024-02-20,2024-08-10,50,222,true,29,0
R01047,Delivery,L1,Junior (L1-L2),Hyderabad,Campus,2024-01-01,FY 2023-24,2024-03-04,2024-08-17,63,229,true,54,1
R01048,Delivery,L1,Junior (L1-L2),Hyderabad,Campus,2024-01-01,FY 2023-24,2024-02-15,2024-08-01,45,213,true,25,1
R01049,Cloud and Infrastructure,L1,Junior (L1-L2),Hyderabad,Campus,2024-01-01,FY 2023-24,2024-02-12,2024-08-06,42,218,true,27,1
R01050,Delivery,L1,Junior (L1-L2),Hyderabad,Campus,2024-01-01,FY 2023-24,2024-03-01,2024-08-10,60,222,true,61,0
R01051,Delivery,L1,Junior (L1-L2),Hyderabad,Campus,2024-01-01,FY 2023-24,2024-03-13,2024-08-10,72,222,true,56,1
R01052,Delivery,L1,Junior (L1-L2),Hyderabad,Campus,2024-01-01,FY 2023-24,2024-02-17,2024-08-20,47,232,true,116,0
R01053,Delivery,L1,Junior (L1-L2),Hyderabad,Campus,2024-01-01,FY 2023-24,2024-02-13,2024-08-13,43,225,true,50,0
R01054,Data and Analytics,L1,Junior (L1-L2),Bengaluru,Campus,2024-01-01,FY 2023-24,2024-02-29,2024-08-20,59,232,true,59,0
R01055,Delivery,L1,Junior (L1-L2),Hyderabad,Campus,2024-01-01,FY 2023-24,2024-02-12,2024-08-08,42,220,true,119,0
R01056,Delivery,L1,Junior (L1-L2),Hyderabad,Campus,2024-01-01,FY 2023-24,2024-02-06,2024-08-16,36,228,true,110,0
R01057,Cloud and Infrastructure,L1,Junior (L1-L2),Hyderabad,Campus,2024-01-01,FY 2023-24,2024-02-11,2024-08-19,41,231,true,119,0
R01058,Quality Engineering,L1,Junior (L1-L2),Hyderabad,Campus,2024-01-01,FY 2023-24,2024-02-27,2024-08-06,57,218,true,107,0
R01059,Delivery,L1,Junior (L1-L2),Bengaluru,Campus,2024-01-01,FY 2023-24,2024-02-22,2024-08-16,52,228,true,60,1
R01060,Delivery,L1,Junior (L1-L2),Hyderabad,Campus,2024-01-01,FY 2023-24,2024-02-19,2024-08-10,49,222,true,49,0
R01061,Delivery,L1,Junior (L1-L2),Hyderabad,Campus,2024-01-01,FY 2023-24,2024-02-16,2024-08-08,46,220,true,77,0
R01062,Delivery,L1,Junior (L1-L2),Bengaluru,Campus,2024-01-01,FY 2023-24,2024-02-28,2024-08-04,58,216,true,43,0
R01063,Delivery,L1,Junior (L1-L2),Bengaluru,Campus,2024-01-01,FY 2023-24,2024-03-10,2024-08-08,69,220,true,27,0
R01064,Sales and Presales,L1,Junior (L1-L2),Hyderabad,Campus,2024-01-01,FY 2023-24,2024-02-17,2024-08-17,47,229,true,41,1
R01065,Delivery,L1,Junior (L1-L2),Bengaluru,Campus,2024-01-01,FY 2023-24,2024-03-03,2024-08-01,62,213,true,60,0
R01066,Cloud and Infrastructure,L1,Junior (L1-L2),Hyderabad,Campus,2024-01-01,FY 2023-24,2024-03-08,2024-08-04,67,216,true,85,0
R01067,Consulting,L1,Junior (L1-L2),Bengaluru,Campus,2024-01-01,FY 2023-24,2024-02-21,2024-08-07,51,219,true,63,0
R01068,Data and Analytics,L1,Junior (L1-L2),Hyderabad,Campus,2024-01-01,FY 2023-24,2024-03-04,2024-08-07,63,219,true,87,1
R01069,Delivery,L1,Junior (L1-L2),Hyderabad,Campus,2024-01-01,FY 2023-24,2024-02-28,2024-08-07,58,219,true,87,0
R01070,Cloud and Infrastructure,L1,Junior (L1-L2),Hyderabad,Campus,2024-01-01,FY 2023-24,2024-03-11,2024-08-17,70,229,true,116,0
R01071,Delivery,L1,Junior (L1-L2),Hyderabad,Campus,2024-01-01,FY 2023-24,2024-03-04,2024-08-02,63,214,true,77,0
R01072,Quality Engineering,L1,Junior (L1-L2),Hyderabad,Campus,2024-01-01,FY 2023-24,2024-02-25,2024-08-13,55,225,true,116,2
R01073,Quality Engineering,L1,Junior (L1-L2),Hyderabad,Campus,2024-01-01,FY 2023-24,2024-03-05,2024-08-08,64,220,true,80,0
R01074,Quality Engineering,L1,Junior (L1-L2),Bengaluru,Campus,2024-01-01,FY 2023-24,2024-02-19,2024-08-01,49,213,true,66,0
R01075,Quality Engineering,L1,Junior (L1-L2),Hyderabad,Campus,2024-01-01,FY 2023-24,2024-03-02,2024-08-03,61,215,true,78,2
R01076,Cloud and Infrastructure,L1,Junior (L1-L2),Hyderabad,Campus,2024-01-01,FY 2023-24,2024-02-07,2024-08-03,37,215,true,89,0
R01077,Cloud and Infrastructure,L1,Junior (L1-L2),Bengaluru,Campus,2024-01-01,FY 2023-24,2024-03-04,2024-08-03,63,215,true,87,0
R01078,Sales and Presales,L1,Junior (L1-L2),Bengaluru,Campus,2024-01-01,FY 2023-24,2024-02-25,2024-08-06,55,218,true,96,1
R01079,Consulting,L1,Junior (L1-L2),Bengaluru,Campus,2024-01-01,FY 2023-24,2024-02-07,2024-08-02,37,214,true,24,1
R01080,Data and Analytics,L1,Junior (L1-L2),Hyderabad,Campus,2024-01-01,FY 2023-24,2024-02-24,2024-08-07,54,219,true,38,0
R01081,Delivery,L1,Junior (L1-L2),Hyderabad,Campus,2024-01-01,FY 2023-24,2024-02-23,2024-08-07,53,219,true,91,0
R01082,Quality Engineering,L1,Junior (L1-L2),Bengaluru,Campus,2024-01-01,FY 2023-24,2024-02-14,2024-08-04,44,216,true,58,2
R01083,Sales and Presales,L1,Junior (L1-L2),Bengaluru,Campus,2024-01-01,FY 2023-24,2024-02-19,2024-08-06,49,218,true,96,0
R01084,Cloud and Infrastructure,L1,Junior (L1-L2),Bengaluru,Campus,2024-01-01,FY 2023-24,2024-02-26,2024-08-02,56,214,true,119,0
R01085,Delivery,L1,Junior (L1-L2),Hyderabad,Campus,2024-01-01,FY 2023-24,2024-03-06,2024-08-15,65,227,true,63,0
R01086,Quality Engineering,L1,Junior (L1-L2),Hyderabad,Campus,2024-01-01,FY 2023-24,2024-02-29,2024-08-09,59,221,true,65,0
R01087,Quality Engineering,L1,Junior (L1-L2),Hyderabad,Campus,2024-01-01,FY 2023-24,2024-03-06,2024-08-15,65,227,true,48,0
R01088,Cloud and Infrastructure,L1,Junior (L1-L2),Hyderabad,Campus,2024-01-01,FY 2023-24,2024-02-04,2024-08-16,34,228,true,56,1
R01089,Delivery,L1,Junior (L1-L2),Hyderabad,Campus,2024-01-01,FY 2023-24,2024-02-21,2024-08-13,51,225,true,55,0
R01090,Cloud and Infrastructure,L1,Junior (L1-L2),Hyderabad,Campus,2024-01-01,FY 2023-24,2024-02-24,2024-08-07,54,219,true,39,0
R01091,Consulting,L1,Junior (L1-L2),Hyderabad,Campus,2024-01-01,FY 2023-24,2024-02-27,2024-08-17,57,229,true,112,0
R01092,Cloud and Infrastructure,L1,Junior (L1-L2),Hyderabad,Campus,2024-01-01,FY 2023-24,2024-02-22,2024-08-02,52,214,true,42,0
R01093,Sales and Presales,L1,Junior (L1-L2),Hyderabad,Campus,2024-01-01,FY 2023-24,2024-02-06,2024-08-05,36,217,true,29,0
R01094,Sales and Presales,L1,Junior (L1-L2),Bengaluru,Campus,2024-01-01,FY 2023-24,2024-02-18,2024-08-17,48,229,true,112,0
R01095,Quality Engineering,L1,Junior (L1-L2),Hyderabad,Campus,2024-01-01,FY 2023-24,2024-02-27,2024-08-05,57,217,true,78,1
R01096,Cloud and Infrastructure,L1,Junior (L1-L2),Hyderabad,Campus,2024-01-01,FY 2023-24,2024-02-15,2024-08-04,45,216,true,28,0
R01097,Delivery,L1,Junior (L1-L2),Bengaluru,Campus,2024-01-01,FY 2023-24,2024-02-10,2024-08-18,40,230,true,77,1
R01098,Data and Analytics,L1,Junior (L1-L2),Bengaluru,Campus,2024-01-01,FY 2023-24,2024-03-02,2024-08-03,61,215,true,88,0
R01099,Consulting,L1,Junior (L1-L2),Hyderabad,Campus,2024-01-01,FY 2023-24,2024-02-21,2024-08-06,51,218,true,79,1
R01100,Quality Engineering,L1,Junior (L1-L2),Hyderabad,Campus,2024-01-01,FY 2023-24,2024-02-25,2024-08-15,55,227,true,78,0
R01101,Delivery,L1,Junior (L1-L2),Hyderabad,Campus,2024-01-01,FY 2023-24,2024-02-03,2024-08-19,33,231,true,22,0
R01102,Delivery,L1,Junior (L1-L2),Bengaluru,Campus,2024-01-01,FY 2023-24,2024-02-13,2024-08-14,43,226,true,70,1
R01103,Delivery,L1,Junior (L1-L2),Bengaluru,Campus,2024-01-01,FY 2023-24,2024-02-24,2024-08-11,54,223,true,82,1
R01104,Cloud and Infrastructure,L1,Junior (L1-L2),Hyderabad,Campus,2024-01-01,FY 2023-24,2024-03-02,2024-08-10,61,222,true,53,0
R01105,Delivery,L1,Junior (L1-L2),Bengaluru,Campus,2024-01-01,FY 2023-24,2024-02-28,2024-08-02,58,214,true,20,0
R01106,Data and Analytics,L1,Junior (L1-L2),Bengaluru,Campus,2024-01-01,FY 2023-24,2024-02-11,2024-08-01,41,213,true,88,0
R01107,Delivery,L1,Junior (L1-L2),Bengaluru,Campus,2024-01-01,FY 2023-24,2024-02-20,2024-08-08,50,220,true,36,0
R01108,Cloud and Infrastructure,L1,Junior (L1-L2),Hyderabad,Campus,2024-01-01,FY 2023-24,2024-02-29,2024-08-01,59,213,true,114,0
R01109,Sales and Presales,L1,Junior (L1-L2),Hyderabad,Campus,2024-01-01,FY 2023-24,2024-03-14,2024-08-15,73,227,true,63,0
R01110,Delivery,L1,Junior (L1-L2),Bengaluru,Campus,2024-01-01,FY 2023-24,2024-02-13,2024-08-12,43,224,true,36,3
R01111,Delivery,L1,Junior (L1-L2),Hyderabad,Campus,2024-01-01,FY 2023-24,2024-02-29,2024-08-13,59,225,true,111,0
R01112,Delivery,L1,Junior (L1-L2),Hyderabad,Campus,2024-01-01,FY 2023-24,2024-03-10,2024-08-06,69,218,true,46,0
R01113,Delivery,L1,Junior (L1-L2),Bengaluru,Campus,2024-01-01,FY 2023-24,2024-02-12,2024-08-15,42,227,true,25,1
R01114,Quality Engineering,L1,Junior (L1-L2),Bengaluru,Campus,2024-01-01,FY 2023-24,2024-02-15,2024-08-18,45,230,true,60,0
R01115,Delivery,L1,Junior (L1-L2),Hyderabad,Campus,2024-01-01,FY 2023-24,2024-02-23,2024-08-13,53,225,true,72,0
R01116,Delivery,L1,Junior (L1-L2),Bengaluru,Campus,2024-01-01,FY 2023-24,2024-01-27,2024-08-20,26,232,true,37,0
R01117,Consulting,L1,Junior (L1-L2),Bengaluru,Campus,2024-01-01,FY 2023-24,2024-02-18,2024-08-10,48,222,true,59,0
R01118,Data and Analytics,L1,Junior (L1-L2),Bengaluru,Campus,2024-01-01,FY 2023-24,2024-03-20,2024-08-17,79,229,true,61,0
R01119,Quality Engineering,L1,Junior (L1-L2),Bengaluru,Campus,2024-01-01,FY 2023-24,2024-02-23,2024-08-04,53,216,true,68,0
R01120,Delivery,L1,Junior (L1-L2),Hyderabad,Campus,2024-01-01,FY 2023-24,2024-02-24,2024-08-13,54,225,true,117,0
R01121,Data and Analytics,L1,Junior (L1-L2),Hyderabad,Campus,2024-01-01,FY 2023-24,2024-03-01,2024-08-01,60,213,true,67,0
R01122,Delivery,L1,Junior (L1-L2),Bengaluru,Campus,2024-01-01,FY 2023-24,2024-02-24,2024-08-07,54,219,true,59,0
R01123,Quality Engineering,L1,Junior (L1-L2),Hyderabad,Campus,2024-01-01,FY 2023-24,2024-02-26,2024-08-16,56,228,true,61,0
R01124,Delivery,L1,Junior (L1-L2),Hyderabad,Campus,2024-01-01,FY 2023-24,2024-03-02,2024-08-10,61,222,true,102,1
R01125,Delivery,L1,Junior (L1-L2),Bengaluru,Campus,2024-01-01,FY 2023-24,2024-03-01,2024-08-20,60,232,true,97,1
R01126,Quality Engineering,L1,Junior (L1-L2),Bengaluru,Campus,2024-01-01,FY 2023-24,2024-03-05,2024-08-13,64,225,true,32,0
R01127,Quality Engineering,L1,Junior (L1-L2),Bengaluru,Campus,2024-01-01,FY 2023-24,2024-03-03,2024-08-14,62,226,true,59,0
R01128,Delivery,L1,Junior (L1-L2),Hyderabad,Campus,2024-01-01,FY 2023-24,2024-02-04,2024-08-03,34,215,true,113,1
R01129,Delivery,L1,Junior (L1-L2),Bengaluru,Campus,2024-01-01,FY 2023-24,2024-02-28,2024-08-19,58,231,true,67,0
R01130,Delivery,L1,Junior (L1-L2),Hyderabad,Campus,2024-01-01,FY 2023-24,2024-03-01,2024-08-12,60,224,true,97,0
R01131,Quality Engineering,L1,Junior (L1-L2),Hyderabad,Campus,2024-01-01,FY 2023-24,2024-03-03,2024-08-13,62,225,true,64,0
R01132,Delivery,L1,Junior (L1-L2),Hyderabad,Campus,2024-01-01,FY 2023-24,2024-02-23,2024-08-07,53,219,true,70,0
R01133,Sales and Presales,L1,Junior (L1-L2),Hyderabad,Campus,2024-01-01,FY 2023-24,2024-02-07,2024-08-13,37,225,true,91,1
R01134,Quality Engineering,L1,Junior (L1-L2),Bengaluru,Campus,2024-01-01,FY 2023-24,2024-02-04,2024-08-05,34,217,true,107,0
R01135,Sales and Presales,L1,Junior (L1-L2),Bengaluru,Campus,2024-01-01,FY 2023-24,2024-02-18,2024-08-06,48,218,true,58,1
R01136,Delivery,L1,Junior (L1-L2),Bengaluru,Campus,2024-01-01,FY 2023-24,2024-02-26,2024-08-02,56,214,true,100,0
R01137,Delivery,L1,Junior (L1-L2),Hyderabad,Campus,2024-01-01,FY 2023-24,2024-02-23,2024-08-07,53,219,true,115,1
R01138,Delivery,L1,Junior (L1-L2),Bengaluru,Campus,2024-01-01,FY 2023-24,2024-01-29,2024-08-19,28,231,true,62,0
R01139,Data and Analytics,L1,Junior (L1-L2),Hyderabad,Campus,2024-01-01,FY 2023-24,2024-02-23,2024-08-15,53,227,true,27,1
R01140,Cloud and Infrastructure,L1,Junior (L1-L2),Bengaluru,Campus,2024-01-01,FY 2023-24,2024-02-27,2024-08-01,57,213,true,60,0
R01141,Delivery,L1,Junior (L1-L2),Hyderabad,Campus,2024-01-01,FY 2023-24,2024-02-22,2024-08-03,52,215,true,27,0
R01142,Quality Engineering,L1,Junior (L1-L2),Bengaluru,Campus,2024-01-01,FY 2023-24,2024-02-14,2024-08-06,44,218,true,40,0
R01143,Delivery,L1,Junior (L1-L2),Hyderabad,Campus,2024-01-01,FY 2023-24,2024-02-15,2024-08-12,45,224,true,40,0
R01144,Delivery,L1,Junior (L1-L2),Hyderabad,Campus,2024-01-01,FY 2023-24,2024-02-23,2024-08-20,53,232,true,73,2
R01145,Delivery,L1,Junior (L1-L2),Hyderabad,Campus,2024-01-01,FY 2023-24,2024-02-12,2024-08-12,42,224,true,93,0
R01146,Delivery,L1,Junior (L1-L2),Bengaluru,Campus,2024-01-01,FY 2023-24,2024-02-25,2024-08-05,55,217,true,30,0
R01147,Quality Engineering,L1,Junior (L1-L2),Bengaluru,Campus,2024-01-01,FY 2023-24,2024-03-14,2024-08-04,73,216,true,36,0
R01148,Delivery,L1,Junior (L1-L2),Bengaluru,Campus,2024-01-01,FY 2023-24,2024-02-04,2024-08-05,34,217,true,91,1
R01149,Quality Engineering,L1,Junior (L1-L2),Bengaluru,Campus,2024-01-01,FY 2023-24,2024-02-19,2024-08-16,49,228,true,66,1
R01150,Delivery,L1,Junior (L1-L2),Hyderabad,Campus,2024-01-01,FY 2023-24,2024-02-26,2024-08-16,56,228,true,28,0
R01151,Quality Engineering,L1,Junior (L1-L2),Hyderabad,Campus,2024-01-01,FY 2023-24,2024-02-25,2024-08-01,55,213,true,105,0
R01152,Delivery,L1,Junior (L1-L2),Hyderabad,Campus,2024-01-01,FY 2023-24,2024-02-12,2024-08-07,42,219,true,74,0
R01153,Cloud and Infrastructure,L1,Junior (L1-L2),Hyderabad,Campus,2024-01-01,FY 2023-24,2024-03-02,2024-08-06,61,218,true,32,1
R01154,Delivery,L1,Junior (L1-L2),Hyderabad,Campus,2024-01-01,FY 2023-24,2024-02-11,2024-08-03,41,215,true,52,0
R01155,Quality Engineering,L1,Junior (L1-L2),Bengaluru,Campus,2024-01-01,FY 2023-24,2024-03-14,2024-08-19,73,231,true,76,0
R01156,Delivery,L1,Junior (L1-L2),Hyderabad,Campus,2024-01-01,FY 2023-24,2024-03-06,2024-08-06,65,218,true,27,1
R01157,Delivery,L1,Junior (L1-L2),Hyderabad,Campus,2024-01-01,FY 2023-24,2024-01-24,2024-08-13,23,225,true,27,0
R01158,Consulting,L1,Junior (L1-L2),Hyderabad,Campus,2024-01-01,FY 2023-24,2024-02-04,2024-08-04,34,216,true,87,0
R01159,Delivery,L1,Junior (L1-L2),Bengaluru,Campus,2024-01-01,FY 2023-24,2024-02-22,2024-08-19,52,231,true,71,0
R01160,Delivery,L1,Junior (L1-L2),Hyderabad,Campus,2024-01-01,FY 2023-24,2024-02-22,2024-08-11,52,223,true,23,1
R01161,Sales and Presales,L1,Junior (L1-L2),Hyderabad,Campus,2024-01-01,FY 2023-24,2024-02-24,2024-08-05,54,217,true,81,1
R01162,Delivery,L1,Junior (L1-L2),Hyderabad,Campus,2024-01-01,FY 2023-24,2024-02-15,2024-08-15,45,227,true,56,0
R01163,Delivery,L1,Junior (L1-L2),Hyderabad,Campus,2024-01-01,FY 2023-24,2024-02-18,2024-08-11,48,223,true,45,1
R01164,Delivery,L1,Junior (L1-L2),Hyderabad,Campus,2024-01-01,FY 2023-24,2024-02-26,2024-08-07,56,219,true,114,0
R01165,Cloud and Infrastructure,L1,Junior (L1-L2),Bengaluru,Campus,2024-01-01,FY 2023-24,2024-02-10,2024-08-14,40,226,true,35,0
R01166,Delivery,L1,Junior (L1-L2),Hyderabad,Campus,2024-01-01,FY 2023-24,2024-03-04,2024-08-15,63,227,true,107,0
R01167,Data and Analytics,L1,Junior (L1-L2),Bengaluru,Campus,2024-01-01,FY 2023-24,2024-02-21,2024-08-13,51,225,true,116,0
R01168,Data and Analytics,L1,Junior (L1-L2),Bengaluru,Campus,2024-01-01,FY 2023-24,2024-02-22,2024-08-07,52,219,true,97,1
R01169,Quality Engineering,L1,Junior (L1-L2),Hyderabad,Campus,2024-01-01,FY 2023-24,2024-02-24,2024-08-04,54,216,true,109,0
R01170,Delivery,L1,Junior (L1-L2),Hyderabad,Campus,2024-01-01,FY 2023-24,2024-02-23,2024-08-13,53,225,true,59,1
R01171,Delivery,L1,Junior (L1-L2),Bengaluru,Campus,2024-01-01,FY 2023-24,2024-02-26,2024-08-11,56,223,true,55,0
R01172,Sales and Presales,L1,Junior (L1-L2),Bengaluru,Campus,2024-01-01,FY 2023-24,2024-02-23,2024-08-14,53,226,true,36,0
R01173,Delivery,L1,Junior (L1-L2),Hyderabad,Campus,2024-01-01,FY 2023-24,2024-03-07,2024-08-17,66,229,true,77,0
R01174,Quality Engineering,L1,Junior (L1-L2),Hyderabad,Campus,2024-01-01,FY 2023-24,2024-03-04,2024-08-14,63,226,true,28,1
R01175,Delivery,L1,Junior (L1-L2),Bengaluru,Campus,2024-01-01,FY 2023-24,2024-02-11,2024-08-05,41,217,true,29,0
R01176,Delivery,L1,Junior (L1-L2),Hyderabad,Campus,2024-01-01,FY 2023-24,2024-02-22,2024-08-01,52,213,true,52,0
R01177,Consulting,L1,Junior (L1-L2),Hyderabad,Campus,2024-01-01,FY 2023-24,2024-02-24,2024-08-15,54,227,true,43,0
R01178,Delivery,L1,Junior (L1-L2),Bengaluru,Campus,2024-01-01,FY 2023-24,2024-03-05,2024-08-05,64,217,true,57,0
R01179,Quality Engineering,L1,Junior (L1-L2),Hyderabad,Campus,2024-01-01,FY 2023-24,2024-02-25,2024-08-11,55,223,true,100,0
R01180,Consulting,L1,Junior (L1-L2),Hyderabad,Campus,2024-01-01,FY 2023-24,2024-03-05,2024-08-06,64,218,true,92,1
R01181,Quality Engineering,L1,Junior (L1-L2),Hyderabad,Campus,2024-01-01,FY 2023-24,2024-02-22,2024-08-10,52,222,true,41,0
R01182,Delivery,L1,Junior (L1-L2),Bengaluru,Campus,2024-01-01,FY 2023-24,2024-01-24,2024-08-03,23,215,true,102,0
R01183,Consulting,L1,Junior (L1-L2),Hyderabad,Campus,2024-01-01,FY 2023-24,2024-03-06,2024-08-01,65,213,true,36,0
R01184,Delivery,L1,Junior (L1-L2),Bengaluru,Campus,2024-01-01,FY 2023-24,2024-03-01,2024-08-11,60,223,true,23,0
R01185,Data and Analytics,L1,Junior (L1-L2),Bengaluru,Campus,2024-01-01,FY 2023-24,2024-02-18,2024-08-10,48,222,true,106,0
R01186,Data and Analytics,L1,Junior (L1-L2),Hyderabad,Campus,2024-01-01,FY 2023-24,2024-02-28,2024-08-09,58,221,true,110,0
R01187,Delivery,L1,Junior (L1-L2),Hyderabad,Campus,2024-01-01,FY 2023-24,2024-02-18,2024-08-01,48,213,true,61,0
R01188,Delivery,L1,Junior (L1-L2),Hyderabad,Campus,2024-01-01,FY 2023-24,2024-02-28,2024-08-13,58,225,true,108,0
R01189,Quality Engineering,L1,Junior (L1-L2),Bengaluru,Campus,2024-01-01,FY 2023-24,2024-02-14,2024-08-04,44,216,true,105,0
R01190,Quality Engineering,L1,Junior (L1-L2),Hyderabad,Campus,2024-01-01,FY 2023-24,2024-02-27,2024-08-13,57,225,true,66,1
R01191,Data and Analytics,L1,Junior (L1-L2),Hyderabad,Campus,2024-01-01,FY 2023-24,2024-03-01,2024-08-01,60,213,true,59,1
R01192,Delivery,L1,Junior (L1-L2),Hyderabad,Campus,2024-01-01,FY 2023-24,2024-03-03,2024-08-07,62,219,true,75,1
R01193,Delivery,L1,Junior (L1-L2),Hyderabad,Campus,2024-01-01,FY 2023-24,2024-02-22,2024-08-12,52,224,true,103,2
R01194,Delivery,L1,Junior (L1-L2),Hyderabad,Campus,2024-01-01,FY 2023-24,2024-02-16,2024-08-16,46,228,true,85,0
R01195,Data and Analytics,L1,Junior (L1-L2),Hyderabad,Campus,2024-01-01,FY 2023-24,2024-02-16,2024-08-16,46,228,true,35,2
R01196,Cloud and Infrastructure,L1,Junior (L1-L2),Bengaluru,Campus,2024-01-01,FY 2023-24,2024-02-13,2024-08-02,43,214,true,89,1
R01197,Delivery,L1,Junior (L1-L2),Bengaluru,Campus,2024-01-01,FY 2023-24,2024-02-22,2024-08-02,52,214,true,77,3
R01198,Quality Engineering,L1,Junior (L1-L2),Bengaluru,Campus,2024-01-01,FY 2023-24,2024-03-12,2024-08-04,71,216,true,118,2
R01199,Quality Engineering,L1,Junior (L1-L2),Hyderabad,Campus,2024-01-01,FY 2023-24,2024-02-19,2024-08-01,49,213,true,88,0
R01200,Quality Engineering,L1,Junior (L1-L2),Hyderabad,Campus,2024-01-01,FY 2023-24,2024-02-29,2024-08-15,59,227,true,42,1
R01201,Delivery,L1,Junior (L1-L2),Bengaluru,Campus,2024-01-01,FY 2023-24,2024-02-22,2024-08-08,52,220,true,98,0
R01202,Consulting,L1,Junior (L1-L2),Hyderabad,Campus,2024-01-01,FY 2023-24,2024-03-02,2024-08-10,61,222,true,88,0
R01203,Delivery,L1,Junior (L1-L2),Hyderabad,Campus,2024-01-01,FY 2023-24,2024-02-13,2024-08-08,43,220,true,87,0
R01204,Data and Analytics,L1,Junior (L1-L2),Hyderabad,Campus,2024-01-01,FY 2023-24,2024-03-10,2024-08-10,69,222,true,106,0
R01205,Delivery,L1,Junior (L1-L2),Hyderabad,Campus,2024-01-01,FY 2023-24,2024-02-08,2024-08-13,38,225,true,58,0
R01206,Delivery,L1,Junior (L1-L2),Bengaluru,Campus,2024-01-01,FY 2023-24,2024-02-27,2024-08-03,57,215,true,80,0
R01207,Data and Analytics,L1,Junior (L1-L2),Hyderabad,Campus,2024-01-01,FY 2023-24,2024-02-25,2024-08-13,55,225,true,94,1
R01208,Delivery,L1,Junior (L1-L2),Bengaluru,Campus,2024-01-01,FY 2023-24,2024-02-20,2024-08-05,50,217,true,23,0
R01209,Delivery,L1,Junior (L1-L2),Bengaluru,Campus,2024-01-01,FY 2023-24,2024-02-25,2024-08-08,55,220,true,116,0
R01210,Delivery,L1,Junior (L1-L2),Hyderabad,Campus,2024-01-01,FY 2023-24,2024-02-17,2024-08-04,47,216,true,69,1
R01211,Delivery,L1,Junior (L1-L2),Bengaluru,Campus,2024-01-01,FY 2023-24,2024-02-21,2024-08-08,51,220,true,65,0
R01212,Delivery,L1,Junior (L1-L2),Bengaluru,Campus,2024-01-01,FY 2023-24,2024-02-24,2024-08-01,54,213,true,105,0
R01213,Delivery,L1,Junior (L1-L2),Hyderabad,Backfill,2024-02-11,FY 2023-24,2024-03-22,2024-05-21,40,100,true,10,2
R01214,Delivery,L3,Mid (L3-L4),Hyderabad,Backfill,2024-02-10,FY 2023-24,2024-05-30,2024-08-28,110,200,true,8,0
R01215,Delivery,L1,Junior (L1-L2),Hyderabad,Backfill,2024-02-09,FY 2023-24,2024-03-09,2024-05-08,29,89,true,26,0
R01216,Delivery,L3,Mid (L3-L4),Hyderabad,Backfill,2024-02-05,FY 2023-24,2024-05-04,2024-06-03,89,119,true,20,0
R01217,Data and Analytics,L1,Junior (L1-L2),Hyderabad,Backfill,2024-02-01,FY 2023-24,2024-04-02,2024-06-01,61,121,true,23,0
R01218,Quality Engineering,L3,Mid (L3-L4),Hyderabad,Backfill,2024-02-06,FY 2023-24,2024-02-28,2024-04-28,22,82,true,29,1
R01219,Delivery,L2,Junior (L1-L2),Bengaluru,Backfill,2024-02-08,FY 2023-24,2024-03-11,2024-05-10,32,92,true,27,1
R01220,Corporate Functions,L1,Junior (L1-L2),Hyderabad,Backfill,2024-02-24,FY 2023-24,2024-03-05,2024-05-04,10,70,true,24,1
R01221,Delivery,L2,Junior (L1-L2),Bengaluru,Backfill,2024-02-14,FY 2023-24,2024-02-28,2024-05-28,14,104,true,10,0
R01222,Delivery,L2,Junior (L1-L2),Bengaluru,Backfill,2024-02-20,FY 2023-24,2024-03-23,2024-06-21,32,122,true,15,1
R01223,Quality Engineering,L3,Mid (L3-L4),Bengaluru,Backfill,2024-02-02,FY 2023-24,2024-02-17,2024-04-17,15,75,true,28,2
R01224,Delivery,L2,Junior (L1-L2),Bengaluru,Backfill,2024-02-03,FY 2023-24,2024-04-08,2024-06-07,65,125,true,39,0
R01225,Corporate Functions,L4,Mid (L3-L4),Bengaluru,Backfill,2024-02-03,FY 2023-24,2024-03-26,2024-06-24,52,142,true,29,0
R01226,Consulting,L2,Junior (L1-L2),Bengaluru,Backfill,2024-02-03,FY 2023-24,2024-03-24,2024-05-23,50,110,true,29,2
R01227,Quality Engineering,L2,Junior (L1-L2),Hyderabad,Backfill,2024-02-23,FY 2023-24,2024-03-30,2024-05-29,36,96,true,30,1
R01228,Delivery,L2,Junior (L1-L2),Hyderabad,Backfill,2024-02-14,FY 2023-24,2024-03-11,2024-06-09,26,116,true,10,2
R01229,Sales and Presales,L4,Mid (L3-L4),Hyderabad,Backfill,2024-02-12,FY 2023-24,2024-04-09,2024-06-08,57,117,true,19,0
R01230,Delivery,L2,Junior (L1-L2),Hyderabad,Backfill,2024-02-08,FY 2023-24,2024-02-19,2024-04-19,11,71,true,29,1
R01231,Data and Analytics,L1,Junior (L1-L2),Bengaluru,Backfill,2024-02-20,FY 2023-24,2024-03-16,2024-05-15,25,85,true,34,0
R01232,Consulting,L3,Mid (L3-L4),Hyderabad,Backfill,2024-02-20,FY 2023-24,2024-05-28,2024-08-26,98,188,true,35,1
R01233,Quality Engineering,L1,Junior (L1-L2),Hyderabad,Backfill,2024-02-27,FY 2023-24,2024-04-09,2024-05-09,42,72,true,13,0
R01234,Quality Engineering,L3,Mid (L3-L4),Hyderabad,Backfill,2024-02-23,FY 2023-24,2024-03-23,2024-05-22,29,89,true,11,2
R01235,Data and Analytics,L3,Mid (L3-L4),Hyderabad,Backfill,2024-02-13,FY 2023-24,2024-04-17,2024-07-16,64,154,true,30,1
R01236,Delivery,L3,Mid (L3-L4),Hyderabad,Backfill,2024-02-17,FY 2023-24,2024-03-03,2024-06-01,15,105,true,27,0
R01237,Delivery,L1,Junior (L1-L2),Bengaluru,Backfill,2024-02-02,FY 2023-24,2024-03-16,2024-05-15,43,103,true,26,0
R01238,Quality Engineering,L1,Junior (L1-L2),Bengaluru,Backfill,2024-02-10,FY 2023-24,2024-02-18,2024-03-19,8,38,true,32,0
R01239,Corporate Functions,L1,Junior (L1-L2),Hyderabad,Backfill,2024-02-05,FY 2023-24,2024-03-14,2024-04-13,38,68,true,24,0
R01240,Delivery,L4,Mid (L3-L4),Bengaluru,Growth,2024-02-01,FY 2023-24,2024-04-09,2024-05-09,68,98,true,14,2
R01241,Cloud and Infrastructure,L4,Mid (L3-L4),Bengaluru,Growth,2024-02-01,FY 2023-24,2024-03-07,2024-04-06,35,65,true,13,0
R01242,Corporate Functions,L2,Junior (L1-L2),Hyderabad,Growth,2024-02-01,FY 2023-24,2024-03-07,2024-05-06,35,95,true,9,1
R01243,Delivery,L2,Junior (L1-L2),Hyderabad,Backfill,2024-03-10,FY 2023-24,2024-04-22,2024-06-21,43,103,true,20,0
R01244,Quality Engineering,L4,Mid (L3-L4),Hyderabad,Backfill,2024-03-01,FY 2023-24,2024-03-31,2024-04-30,30,60,true,12,4
R01245,Delivery,L4,Mid (L3-L4),Hyderabad,Backfill,2024-03-25,FY 2023-24,2024-04-11,2024-06-10,17,77,true,27,0
R01246,Delivery,L1,Junior (L1-L2),Hyderabad,Backfill,2024-03-13,FY 2023-24,2024-04-03,2024-06-02,21,81,true,38,1
R01247,Delivery,L1,Junior (L1-L2),Bengaluru,Backfill,2024-03-15,FY 2023-24,2024-04-01,2024-06-30,17,107,true,14,0
R01248,Data and Analytics,L3,Mid (L3-L4),Hyderabad,Backfill,2024-03-08,FY 2023-24,2024-08-09,2024-11-07,154,244,true,36,0
R01249,Delivery,L2,Junior (L1-L2),Hyderabad,Backfill,2024-03-18,FY 2023-24,2024-04-26,2024-05-26,39,69,true,15,1
R01250,Corporate Functions,L4,Mid (L3-L4),Hyderabad,Backfill,2024-03-22,FY 2023-24,2024-05-06,2024-07-05,45,105,true,38,3
R01251,Delivery,L3,Mid (L3-L4),Bengaluru,Backfill,2024-03-06,FY 2023-24,2024-04-03,2024-05-03,28,58,true,21,1
R01252,Delivery,L2,Junior (L1-L2),Bengaluru,Backfill,2024-03-19,FY 2023-24,2024-04-23,2024-06-22,35,95,true,9,0
R01253,Cloud and Infrastructure,L1,Junior (L1-L2),Hyderabad,Backfill,2024-03-18,FY 2023-24,2024-04-14,2024-06-13,27,87,true,27,0
R01254,Cloud and Infrastructure,L2,Junior (L1-L2),Hyderabad,Backfill,2024-03-12,FY 2023-24,2024-04-15,2024-07-14,34,124,true,38,1
R01255,Delivery,L3,Mid (L3-L4),Bengaluru,Backfill,2024-03-19,FY 2023-24,2024-04-11,2024-06-10,23,83,true,33,2
R01256,Quality Engineering,L2,Junior (L1-L2),Hyderabad,Backfill,2024-03-13,FY 2023-24,2024-04-24,2024-06-23,42,102,true,20,1
R01257,Data and Analytics,L1,Junior (L1-L2),Bengaluru,Backfill,2024-03-09,FY 2023-24,2024-05-02,2024-06-01,54,84,true,34,0
R01258,Delivery,L2,Junior (L1-L2),Hyderabad,Backfill,2024-03-05,FY 2023-24,2024-03-23,2024-04-22,18,48,true,25,1
R01259,Delivery,L2,Junior (L1-L2),Hyderabad,Backfill,2024-03-09,FY 2023-24,2024-03-23,2024-04-22,14,44,true,27,0
R01260,Delivery,L1,Junior (L1-L2),Hyderabad,Backfill,2024-03-07,FY 2023-24,2024-04-06,2024-05-06,30,60,true,25,0
R01261,Data and Analytics,L2,Junior (L1-L2),Hyderabad,Backfill,2024-03-12,FY 2023-24,2024-03-29,2024-06-27,17,107,true,12,0
R01262,Quality Engineering,L3,Mid (L3-L4),Bengaluru,Backfill,2024-03-17,FY 2023-24,2024-05-02,2024-06-01,46,76,true,16,0
R01263,Delivery,L3,Mid (L3-L4),Hyderabad,Growth,2024-03-01,FY 2023-24,2024-04-01,2024-06-30,31,121,true,36,2
R01264,Cloud and Infrastructure,L4,Mid (L3-L4),Bengaluru,Growth,2024-03-01,FY 2023-24,2024-07-06,2024-09-04,127,187,true,35,0
R01265,Quality Engineering,L2,Junior (L1-L2),Bengaluru,Growth,2024-03-01,FY 2023-24,2024-04-27,2024-07-26,57,147,true,13,1
R01266,Cloud and Infrastructure,L2,Junior (L1-L2),Bengaluru,Growth,2024-03-01,FY 2023-24,2024-04-06,2024-07-05,36,126,true,10,0
R01267,Data and Analytics,L4,Mid (L3-L4),Hyderabad,Growth,2024-03-01,FY 2023-24,2024-04-15,2024-06-14,45,105,true,10,2
R01268,Delivery,L5,Senior (L5-L6),Bengaluru,Backfill,2024-04-12,FY 2024-25,2024-07-04,2024-10-02,83,173,true,22,0
R01269,Quality Engineering,L3,Mid (L3-L4),Hyderabad,Backfill,2024-04-02,FY 2024-25,2024-04-11,2024-06-10,9,69,true,12,2
R01270,Quality Engineering,L3,Mid (L3-L4),Hyderabad,Backfill,2024-04-05,FY 2024-25,2024-05-22,2024-08-20,47,137,true,35,1
R01271,Cloud and Infrastructure,L1,Junior (L1-L2),Hyderabad,Backfill,2024-04-14,FY 2024-25,2024-05-15,2024-07-14,31,91,true,15,0
R01272,Quality Engineering,L1,Junior (L1-L2),Bengaluru,Backfill,2024-04-17,FY 2024-25,2024-05-31,2024-07-30,44,104,true,21,0
R01273,Delivery,L2,Junior (L1-L2),Bengaluru,Backfill,2024-04-22,FY 2024-25,2024-06-01,2024-08-30,40,130,true,11,2
R01274,Delivery,L4,Mid (L3-L4),Hyderabad,Backfill,2024-04-19,FY 2024-25,2024-05-20,2024-08-18,31,121,true,21,0
R01275,Corporate Functions,L3,Mid (L3-L4),Bengaluru,Backfill,2024-04-17,FY 2024-25,2024-05-12,2024-08-10,25,115,true,10,0
R01276,Data and Analytics,L3,Mid (L3-L4),Bengaluru,Backfill,2024-04-04,FY 2024-25,2024-05-18,2024-07-17,44,104,true,21,1
R01277,Cloud and Infrastructure,L3,Mid (L3-L4),Hyderabad,Backfill,2024-04-08,FY 2024-25,2024-06-01,2024-07-31,54,114,true,10,1
R01278,Delivery,L3,Mid (L3-L4),Bengaluru,Backfill,2024-04-03,FY 2024-25,2024-04-28,2024-06-27,25,85,true,23,4
R01279,Data and Analytics,L2,Junior (L1-L2),Bengaluru,Backfill,2024-04-14,FY 2024-25,2024-05-31,2024-07-30,47,107,true,14,0
R01280,Sales and Presales,L1,Junior (L1-L2),Hyderabad,Backfill,2024-04-21,FY 2024-25,2024-05-28,2024-08-26,37,127,true,30,2
R01281,Data and Analytics,L1,Junior (L1-L2),Bengaluru,Backfill,2024-04-13,FY 2024-25,2024-05-19,2024-07-18,36,96,true,8,1
R01282,Corporate Functions,L3,Mid (L3-L4),Hyderabad,Backfill,2024-04-26,FY 2024-25,2024-05-23,2024-06-22,27,57,true,21,2
R01283,Delivery,L1,Junior (L1-L2),Hyderabad,Backfill,2024-04-04,FY 2024-25,2024-05-04,2024-08-02,30,120,true,32,0
R01284,Data and Analytics,L2,Junior (L1-L2),Hyderabad,Backfill,2024-04-16,FY 2024-25,2024-05-15,2024-07-14,29,89,true,23,0
R01285,Delivery,L3,Mid (L3-L4),Hyderabad,Backfill,2024-04-25,FY 2024-25,2024-06-14,2024-08-13,50,110,true,24,1
R01286,Cloud and Infrastructure,L2,Junior (L1-L2),Bengaluru,Backfill,2024-04-14,FY 2024-25,2024-05-24,2024-08-22,40,130,true,27,0
R01287,Delivery,L2,Junior (L1-L2),Hyderabad,Backfill,2024-04-09,FY 2024-25,2024-05-26,2024-08-24,47,137,true,13,1
R01288,Delivery,L1,Junior (L1-L2),Hyderabad,Backfill,2024-04-07,FY 2024-25,2024-04-30,2024-07-29,23,113,true,11,0
R01289,Sales and Presales,L1,Junior (L1-L2),Hyderabad,Backfill,2024-04-16,FY 2024-25,2024-05-15,2024-08-13,29,119,true,21,1
R01290,Delivery,L1,Junior (L1-L2),Hyderabad,Backfill,2024-04-20,FY 2024-25,2024-05-23,2024-07-22,33,93,true,30,1
R01291,Delivery,L2,Junior (L1-L2),Bengaluru,Growth,2024-04-01,FY 2024-25,2024-04-24,2024-06-23,23,83,true,17,1
R01292,Delivery,L5,Senior (L5-L6),Bengaluru,Growth,2024-04-01,FY 2024-25,2024-05-16,2024-07-15,45,105,true,37,1
R01293,Cloud and Infrastructure,L2,Junior (L1-L2),Hyderabad,Growth,2024-04-01,FY 2024-25,2024-06-14,2024-08-13,74,134,true,11,0
R01294,Delivery,L1,Junior (L1-L2),Hyderabad,Backfill,2024-05-18,FY 2024-25,2024-06-07,2024-07-07,20,50,true,27,0
R01295,Delivery,L1,Junior (L1-L2),Hyderabad,Backfill,2024-05-16,FY 2024-25,2024-06-03,2024-09-01,18,108,true,31,0
R01296,Quality Engineering,L4,Mid (L3-L4),Bengaluru,Backfill,2024-05-15,FY 2024-25,2024-05-29,2024-06-28,14,44,true,6,0
R01297,Delivery,L3,Mid (L3-L4),Hyderabad,Backfill,2024-05-06,FY 2024-25,2024-07-10,2024-09-08,65,125,true,32,2
R01298,Cloud and Infrastructure,L1,Junior (L1-L2),Hyderabad,Backfill,2024-05-23,FY 2024-25,2024-05-31,2024-08-29,8,98,true,8,1
R01299,Cloud and Infrastructure,L2,Junior (L1-L2),Bengaluru,Backfill,2024-05-15,FY 2024-25,2024-06-13,2024-09-11,29,119,true,35,0
R01300,Sales and Presales,L3,Mid (L3-L4),Hyderabad,Backfill,2024-05-11,FY 2024-25,2024-06-11,2024-08-10,31,91,true,27,2
R01301,Cloud and Infrastructure,L1,Junior (L1-L2),Bengaluru,Backfill,2024-05-12,FY 2024-25,2024-06-01,2024-08-30,20,110,true,20,0
R01302,Delivery,L4,Mid (L3-L4),Bengaluru,Backfill,2024-05-18,FY 2024-25,2024-06-03,2024-07-03,16,46,true,7,0
R01303,Cloud and Infrastructure,L2,Junior (L1-L2),Bengaluru,Backfill,2024-05-23,FY 2024-25,2024-07-11,2024-09-09,49,109,true,20,0
R01304,Delivery,L3,Mid (L3-L4),Bengaluru,Backfill,2024-05-17,FY 2024-25,2024-06-19,2024-08-18,33,93,true,39,1
R01305,Corporate Functions,L1,Junior (L1-L2),Hyderabad,Backfill,2024-05-08,FY 2024-25,2024-07-10,2024-08-09,63,93,true,37,1
R01306,Delivery,L1,Junior (L1-L2),Hyderabad,Backfill,2024-05-14,FY 2024-25,2024-06-24,2024-08-23,41,101,true,21,1
R01307,Cloud and Infrastructure,L2,Junior (L1-L2),Bengaluru,Backfill,2024-05-04,FY 2024-25,2024-06-15,2024-07-15,42,72,true,32,0
R01308,Quality Engineering,L2,Junior (L1-L2),Hyderabad,Backfill,2024-05-20,FY 2024-25,2024-06-18,2024-08-17,29,89,true,6,0
R01309,Quality Engineering,L1,Junior (L1-L2),Hyderabad,Backfill,2024-05-14,FY 2024-25,2024-06-13,2024-08-12,30,90,true,35,1
R01310,Delivery,L2,Junior (L1-L2),Hyderabad,Backfill,2024-05-25,FY 2024-25,2024-06-14,2024-08-13,20,80,true,37,0
R01311,Delivery,L3,Mid (L3-L4),Bengaluru,Backfill,2024-05-19,FY 2024-25,2024-06-05,2024-08-04,17,77,true,6,0
R01312,Delivery,L4,Mid (L3-L4),Hyderabad,Backfill,2024-05-11,FY 2024-25,2024-07-13,2024-08-12,63,93,true,23,1
R01313,Delivery,L2,Junior (L1-L2),Bengaluru,Backfill,2024-05-06,FY 2024-25,2024-06-04,2024-07-04,29,59,true,15,2
R01314,Delivery,L6,Senior (L5-L6),Hyderabad,Backfill,2024-05-18,FY 2024-25,2024-07-30,2024-10-28,73,163,true,25,3
R01315,Delivery,L1,Junior (L1-L2),Hyderabad,Backfill,2024-05-21,FY 2024-25,2024-07-02,2024-09-30,42,132,true,37,0
R01316,Delivery,L1,Junior (L1-L2),Bengaluru,Backfill,2024-05-11,FY 2024-25,2024-06-03,2024-08-02,23,83,true,35,2
R01317,Cloud and Infrastructure,L1,Junior (L1-L2),Bengaluru,Backfill,2024-05-16,FY 2024-25,2024-06-02,2024-08-01,17,77,true,28,0
R01318,Corporate Functions,L5,Senior (L5-L6),Hyderabad,Growth,2024-05-01,FY 2024-25,2024-06-01,2024-08-30,31,121,true,29,1
R01319,Quality Engineering,L1,Junior (L1-L2),Bengaluru,Backfill,2024-06-09,FY 2024-25,2024-07-14,2024-09-12,35,95,true,26,1
R01320,Cloud and Infrastructure,L1,Junior (L1-L2),Hyderabad,Backfill,2024-06-13,FY 2024-25,2024-07-21,2024-09-19,38,98,true,30,0
R01321,Cloud and Infrastructure,L3,Mid (L3-L4),Bengaluru,Backfill,2024-06-16,FY 2024-25,2024-07-13,2024-09-11,27,87,true,23,1
R01322,Sales and Presales,L3,Mid (L3-L4),Hyderabad,Backfill,2024-06-24,FY 2024-25,2024-08-11,2024-09-10,48,78,true,31,0
R01323,Quality Engineering,L1,Junior (L1-L2),Bengaluru,Backfill,2024-06-10,FY 2024-25,2024-06-22,2024-08-21,12,72,true,25,0
R01324,Delivery,L2,Junior (L1-L2),Hyderabad,Backfill,2024-06-26,FY 2024-25,2024-07-23,2024-08-22,27,57,true,19,1
R01325,Delivery,L3,Mid (L3-L4),Hyderabad,Backfill,2024-06-07,FY 2024-25,2024-08-22,2024-10-21,76,136,true,6,3
R01326,Data and Analytics,L4,Mid (L3-L4),Bengaluru,Backfill,2024-06-11,FY 2024-25,2024-08-06,2024-10-05,56,116,true,37,0
R01327,Delivery,L1,Junior (L1-L2),Hyderabad,Backfill,2024-06-15,FY 2024-25,2024-07-06,2024-09-04,21,81,true,25,1
R01328,Corporate Functions,L4,Mid (L3-L4),Hyderabad,Backfill,2024-06-21,FY 2024-25,2024-08-18,2024-10-17,58,118,true,27,2
R01329,Delivery,L4,Mid (L3-L4),Hyderabad,Backfill,2024-06-24,FY 2024-25,2024-08-19,2024-11-17,56,146,true,30,0
R01330,Delivery,L5,Senior (L5-L6),Hyderabad,Backfill,2024-06-06,FY 2024-25,2024-11-10,2024-12-10,157,187,true,13,2
R01331,Delivery,L3,Mid (L3-L4),Hyderabad,Backfill,2024-06-27,FY 2024-25,2024-09-19,2024-11-18,84,144,true,35,0
R01332,Delivery,L1,Junior (L1-L2),Hyderabad,Backfill,2024-06-18,FY 2024-25,2024-07-27,2024-09-25,39,99,true,16,2
R01333,Sales and Presales,L1,Junior (L1-L2),Hyderabad,Backfill,2024-06-21,FY 2024-25,2024-07-12,2024-10-10,21,111,true,19,0
R01334,Cloud and Infrastructure,L2,Junior (L1-L2),Hyderabad,Backfill,2024-06-04,FY 2024-25,2024-07-10,2024-09-08,36,96,true,38,0
R01335,Cloud and Infrastructure,L4,Mid (L3-L4),Hyderabad,Backfill,2024-06-12,FY 2024-25,2024-07-30,2024-10-28,48,138,true,36,2
R01336,Delivery,L2,Junior (L1-L2),Hyderabad,Backfill,2024-06-05,FY 2024-25,2024-07-09,2024-09-07,34,94,true,27,1
R01337,Corporate Functions,L1,Junior (L1-L2),Bengaluru,Backfill,2024-06-21,FY 2024-25,2024-07-17,2024-09-15,26,86,true,12,2
R01338,Quality Engineering,L2,Junior (L1-L2),Bengaluru,Backfill,2024-06-25,FY 2024-25,2024-08-29,2024-10-28,65,125,true,8,1
R01339,Delivery,L2,Junior (L1-L2),Hyderabad,Backfill,2024-06-25,FY 2024-25,2024-07-16,2024-10-14,21,111,true,28,0
R01340,Sales and Presales,L1,Junior (L1-L2),Bengaluru,Backfill,2024-06-27,FY 2024-25,2024-08-11,2024-09-10,45,75,true,9,1
R01341,Data and Analytics,L1,Junior (L1-L2),Bengaluru,Backfill,2024-06-13,FY 2024-25,2024-07-21,2024-09-19,38,98,true,38,0
R01342,Delivery,L1,Junior (L1-L2),Hyderabad,Backfill,2024-06-25,FY 2024-25,2024-07-19,2024-09-17,24,84,true,13,0
R01343,Data and Analytics,L1,Junior (L1-L2),Hyderabad,Backfill,2024-06-20,FY 2024-25,2024-07-12,2024-09-10,22,82,true,27,1
R01344,Quality Engineering,L4,Mid (L3-L4),Hyderabad,Backfill,2024-06-08,FY 2024-25,2024-06-26,2024-07-26,18,48,true,37,1
R01345,Cloud and Infrastructure,L1,Junior (L1-L2),Bengaluru,Backfill,2024-06-14,FY 2024-25,2024-07-08,2024-08-07,24,54,true,6,0
R01346,Delivery,L2,Junior (L1-L2),Hyderabad,Backfill,2024-06-10,FY 2024-25,2024-07-19,2024-09-17,39,99,true,7,1
R01347,Quality Engineering,L3,Mid (L3-L4),Hyderabad,Growth,2024-06-01,FY 2024-25,2024-07-07,2024-08-06,36,66,true,14,3
R01348,Delivery,L3,Mid (L3-L4),Hyderabad,Growth,2024-06-01,FY 2024-25,2024-06-24,2024-08-23,23,83,true,11,0
R01349,Delivery,L2,Junior (L1-L2),Hyderabad,Growth,2024-06-01,FY 2024-25,2024-07-19,2024-09-17,48,108,true,8,0
R01350,Cloud and Infrastructure,L2,Junior (L1-L2),Hyderabad,Growth,2024-06-01,FY 2024-25,2024-07-15,2024-10-13,44,134,true,32,2
R01351,Corporate Functions,L2,Junior (L1-L2),Bengaluru,Backfill,2024-07-18,FY 2024-25,2024-09-16,2024-12-15,60,150,true,35,0
R01352,Delivery,L1,Junior (L1-L2),Hyderabad,Backfill,2024-07-04,FY 2024-25,2024-07-27,2024-10-25,23,113,true,17,0
R01353,Corporate Functions,L3,Mid (L3-L4),Bengaluru,Backfill,2024-07-24,FY 2024-25,2024-08-24,2024-11-22,31,121,true,32,2
R01354,Consulting,L2,Junior (L1-L2),Hyderabad,Backfill,2024-07-03,FY 2024-25,2024-08-03,2024-11-01,31,121,true,18,1
R01355,Delivery,L3,Mid (L3-L4),Bengaluru,Backfill,2024-07-26,FY 2024-25,2024-08-18,2024-11-16,23,113,true,24,1
R01356,Delivery,L3,Mid (L3-L4),Hyderabad,Backfill,2024-07-22,FY 2024-25,2024-08-17,2024-11-15,26,116,true,19,1
R01357,Cloud and Infrastructure,L1,Junior (L1-L2),Bengaluru,Backfill,2024-07-03,FY 2024-25,2024-07-26,2024-09-24,23,83,true,30,2
R01358,Cloud and Infrastructure,L4,Mid (L3-L4),Hyderabad,Backfill,2024-07-06,FY 2024-25,2024-08-02,2024-09-01,27,57,true,16,5
R01359,Quality Engineering,L3,Mid (L3-L4),Bengaluru,Backfill,2024-07-11,FY 2024-25,2024-08-03,2024-11-01,23,113,true,17,0
R01360,Corporate Functions,L1,Junior (L1-L2),Hyderabad,Backfill,2024-07-22,FY 2024-25,2024-08-13,2024-10-12,22,82,true,26,0
R01361,Corporate Functions,L2,Junior (L1-L2),Hyderabad,Backfill,2024-07-20,FY 2024-25,2024-08-25,2024-10-24,36,96,true,12,1
R01362,Cloud and Infrastructure,L2,Junior (L1-L2),Hyderabad,Backfill,2024-07-12,FY 2024-25,2024-07-30,2024-09-28,18,78,true,19,1
R01363,Delivery,L1,Junior (L1-L2),Hyderabad,Backfill,2024-07-20,FY 2024-25,2024-07-29,2024-09-27,9,69,true,28,0
R01364,Delivery,L6,Senior (L5-L6),Hyderabad,Backfill,2024-07-07,FY 2024-25,2024-09-22,2024-11-21,77,137,true,25,1
R01365,Sales and Presales,L2,Junior (L1-L2),Hyderabad,Backfill,2024-07-06,FY 2024-25,2024-08-13,2024-11-11,38,128,true,20,1
R01366,Delivery,L3,Mid (L3-L4),Hyderabad,Backfill,2024-07-25,FY 2024-25,2024-09-06,2024-12-05,43,133,true,23,4
R01367,Delivery,L1,Junior (L1-L2),Hyderabad,Backfill,2024-07-25,FY 2024-25,2024-09-06,2024-10-06,43,73,true,27,0
R01368,Data and Analytics,L3,Mid (L3-L4),Bengaluru,Backfill,2024-07-20,FY 2024-25,2024-09-04,2024-11-03,46,106,true,13,0
R01369,Cloud and Infrastructure,L5,Senior (L5-L6),Hyderabad,Backfill,2024-07-01,FY 2024-25,2024-08-11,2024-11-09,41,131,true,11,1
R01370,Cloud and Infrastructure,L2,Junior (L1-L2),Bengaluru,Backfill,2024-07-23,FY 2024-25,2024-09-01,2024-11-30,40,130,true,32,1
R01371,Delivery,L1,Junior (L1-L2),Bengaluru,Backfill,2024-07-18,FY 2024-25,2024-08-24,2024-10-23,37,97,true,21,0
R01372,Quality Engineering,L2,Junior (L1-L2),Bengaluru,Backfill,2024-07-04,FY 2024-25,2024-08-01,2024-10-30,28,118,true,6,0
R01373,Delivery,L1,Junior (L1-L2),Bengaluru,Backfill,2024-07-12,FY 2024-25,2024-08-19,2024-09-18,38,68,true,17,0
R01374,Delivery,L2,Junior (L1-L2),Bengaluru,Growth,2024-07-01,FY 2024-25,2024-08-17,2024-09-16,47,77,true,27,1
R01375,Delivery,L3,Mid (L3-L4),Bengaluru,Growth,2024-07-01,FY 2024-25,2024-08-22,2024-10-21,52,112,true,16,1
R01376,Delivery,L2,Junior (L1-L2),Bengaluru,Growth,2024-07-01,FY 2024-25,2024-08-13,2024-09-12,43,73,true,33,1
R01377,Data and Analytics,L2,Junior (L1-L2),Hyderabad,Backfill,2024-08-04,FY 2024-25,2024-09-16,2024-11-15,43,103,true,14,0
R01378,Quality Engineering,L1,Junior (L1-L2),Hyderabad,Backfill,2024-08-13,FY 2024-25,2024-09-23,2024-12-22,41,131,true,9,1
R01379,Data and Analytics,L2,Junior (L1-L2),Bengaluru,Backfill,2024-08-07,FY 2024-25,2024-09-24,2024-12-23,48,138,true,33,0
R01380,Delivery,L1,Junior (L1-L2),Bengaluru,Backfill,2024-08-09,FY 2024-25,2024-08-20,2024-11-18,11,101,true,36,2
R01381,Corporate Functions,L4,Mid (L3-L4),Hyderabad,Backfill,2024-08-26,FY 2024-25,2024-10-23,2025-01-21,58,148,true,26,3
R01382,Delivery,L2,Junior (L1-L2),Hyderabad,Backfill,2024-08-11,FY 2024-25,2024-08-23,2024-10-22,12,72,true,28,1
R01383,Delivery,L4,Mid (L3-L4),Bengaluru,Backfill,2024-08-23,FY 2024-25,2025-01-02,2025-03-03,132,192,true,21,1
R01384,Delivery,L3,Mid (L3-L4),Bengaluru,Backfill,2024-08-08,FY 2024-25,2024-10-11,2024-12-10,64,124,true,27,1
R01385,Data and Analytics,L2,Junior (L1-L2),Bengaluru,Backfill,2024-08-09,FY 2024-25,2024-09-08,2024-10-08,30,60,true,21,0
R01386,Quality Engineering,L5,Senior (L5-L6),Hyderabad,Backfill,2024-08-06,FY 2024-25,2024-09-27,2024-10-27,52,82,true,12,1
R01387,Delivery,L3,Mid (L3-L4),Hyderabad,Backfill,2024-08-14,FY 2024-25,2024-09-06,2024-11-05,23,83,true,25,0
R01388,Delivery,L2,Junior (L1-L2),Hyderabad,Backfill,2024-08-10,FY 2024-25,2024-10-01,2024-12-30,52,142,true,19,0
R01389,Delivery,L2,Junior (L1-L2),Hyderabad,Backfill,2024-08-16,FY 2024-25,2024-09-09,2024-10-09,24,54,true,16,1
R01390,Data and Analytics,L1,Junior (L1-L2),Hyderabad,Backfill,2024-08-10,FY 2024-25,2024-08-30,2024-10-29,20,80,true,13,0
R01391,Corporate Functions,L2,Junior (L1-L2),Bengaluru,Backfill,2024-08-27,FY 2024-25,2024-09-14,2024-11-13,18,78,true,8,1
R01392,Quality Engineering,L2,Junior (L1-L2),Hyderabad,Backfill,2024-08-09,FY 2024-25,2024-09-02,2024-11-01,24,84,true,23,0
R01393,Delivery,L2,Junior (L1-L2),Bengaluru,Backfill,2024-08-16,FY 2024-25,2024-09-17,2024-11-16,32,92,true,10,1
R01394,Cloud and Infrastructure,L5,Senior (L5-L6),Hyderabad,Backfill,2024-08-05,FY 2024-25,2024-10-15,2024-12-14,71,131,true,27,1
R01395,Delivery,L1,Junior (L1-L2),Hyderabad,Backfill,2024-08-10,FY 2024-25,2024-09-10,2024-11-09,31,91,true,9,0
R01396,Delivery,L2,Junior (L1-L2),Hyderabad,Backfill,2024-08-23,FY 2024-25,2024-09-29,2024-10-29,37,67,true,14,1
R01397,Data and Analytics,L3,Mid (L3-L4),Bengaluru,Backfill,2024-08-12,FY 2024-25,2024-11-03,2025-02-01,83,173,true,32,0
R01398,Quality Engineering,L3,Mid (L3-L4),Bengaluru,Backfill,2024-08-20,FY 2024-25,2024-10-09,2024-12-08,50,110,true,34,1
R01399,Consulting,L3,Mid (L3-L4),Bengaluru,Backfill,2024-08-11,FY 2024-25,2024-10-04,2025-01-02,54,144,true,10,0
R01400,Delivery,L2,Junior (L1-L2),Hyderabad,Backfill,2024-08-23,FY 2024-25,2024-10-12,2024-11-11,50,80,true,25,1
R01401,Delivery,L1,Junior (L1-L2),Hyderabad,Backfill,2024-08-09,FY 2024-25,2024-09-03,2024-12-02,25,115,true,31,1
R01402,Sales and Presales,L1,Junior (L1-L2),Bengaluru,Backfill,2024-08-23,FY 2024-25,2024-09-25,2024-10-25,33,63,true,11,0
R01403,Delivery,L1,Junior (L1-L2),Hyderabad,Backfill,2024-08-18,FY 2024-25,2024-09-17,2024-11-16,30,90,true,7,1
R01404,Cloud and Infrastructure,L1,Junior (L1-L2),Hyderabad,Backfill,2024-08-12,FY 2024-25,2024-09-09,2024-12-08,28,118,true,21,0
R01405,Delivery,L1,Junior (L1-L2),Hyderabad,Backfill,2024-08-02,FY 2024-25,2024-09-08,2024-12-07,37,127,true,12,1
R01406,Delivery,L1,Junior (L1-L2),Bengaluru,Backfill,2024-08-24,FY 2024-25,2024-10-07,2025-01-05,44,134,true,25,0
R01407,Delivery,L1,Junior (L1-L2),Bengaluru,Backfill,2024-08-23,FY 2024-25,2024-09-23,2024-11-22,31,91,true,26,0
R01408,Corporate Functions,L2,Junior (L1-L2),Hyderabad,Growth,2024-08-01,FY 2024-25,2024-10-01,2024-11-30,61,121,true,38,0
R01409,Delivery,L4,Mid (L3-L4),Hyderabad,Growth,2024-08-01,FY 2024-25,2024-10-09,2025-01-07,69,159,true,29,1
R01410,Delivery,L3,Mid (L3-L4),Hyderabad,Growth,2024-08-01,FY 2024-25,2024-09-22,2024-12-21,52,142,true,33,2
R01411,Delivery,L3,Mid (L3-L4),Bengaluru,Backfill,2024-09-09,FY 2024-25,2024-11-01,2024-12-31,53,113,true,33,2
R01412,Delivery,L1,Junior (L1-L2),Bengaluru,Backfill,2024-09-03,FY 2024-25,2024-10-27,2024-12-26,54,114,true,16,1
R01413,Delivery,L3,Mid (L3-L4),Bengaluru,Backfill,2024-09-11,FY 2024-25,2024-10-10,2025-01-08,29,119,true,23,1
R01414,Delivery,L2,Junior (L1-L2),Hyderabad,Backfill,2024-09-20,FY 2024-25,2024-10-04,2024-12-03,14,74,true,21,1
R01415,Delivery,L2,Junior (L1-L2),Hyderabad,Backfill,2024-09-24,FY 2024-25,2024-12-24,2025-02-22,91,151,true,37,1
R01416,Cloud and Infrastructure,L1,Junior (L1-L2),Bengaluru,Backfill,2024-09-15,FY 2024-25,2024-10-04,2025-01-02,19,109,true,29,0
R01417,Delivery,L1,Junior (L1-L2),Hyderabad,Backfill,2024-09-20,FY 2024-25,2024-10-02,2024-12-01,12,72,true,10,2
R01418,Quality Engineering,L5,Senior (L5-L6),Hyderabad,Backfill,2024-09-19,FY 2024-25,2025-02-06,2025-04-07,140,200,true,33,1
R01419,Delivery,L1,Junior (L1-L2),Bengaluru,Backfill,2024-09-21,FY 2024-25,2024-10-19,2024-12-18,28,88,true,33,0
R01420,Cloud and Infrastructure,L2,Junior (L1-L2),Hyderabad,Backfill,2024-09-25,FY 2024-25,2024-10-07,2024-12-06,12,72,true,38,0
R01421,Delivery,L2,Junior (L1-L2),Hyderabad,Backfill,2024-09-20,FY 2024-25,2024-11-03,2024-12-03,44,74,true,30,0
R01422,Quality Engineering,L1,Junior (L1-L2),Hyderabad,Backfill,2024-09-19,FY 2024-25,2024-10-06,2024-12-05,17,77,true,24,1
R01423,Delivery,L3,Mid (L3-L4),Hyderabad,Backfill,2024-09-22,FY 2024-25,2024-10-18,2024-11-17,26,56,true,15,0
R01424,Delivery,L1,Junior (L1-L2),Bengaluru,Backfill,2024-09-12,FY 2024-25,2024-10-14,2024-11-13,32,62,true,34,1
R01425,Sales and Presales,L1,Junior (L1-L2),Bengaluru,Backfill,2024-09-18,FY 2024-25,2024-10-05,2024-11-04,17,47,true,16,0
R01426,Corporate Functions,L2,Junior (L1-L2),Bengaluru,Backfill,2024-09-27,FY 2024-25,2024-11-05,2025-01-04,39,99,true,36,0
R01427,Delivery,L2,Junior (L1-L2),Hyderabad,Backfill,2024-09-14,FY 2024-25,2024-10-14,2024-12-13,30,90,true,12,1
R01428,Delivery,L3,Mid (L3-L4),Hyderabad,Backfill,2024-09-06,FY 2024-25,2024-10-03,2024-11-02,27,57,true,20,2
R01429,Cloud and Infrastructure,L1,Junior (L1-L2),Hyderabad,Backfill,2024-09-02,FY 2024-25,2024-09-23,2024-11-22,21,81,true,27,2
R01430,Delivery,L4,Mid (L3-L4),Hyderabad,Backfill,2024-09-21,FY 2024-25,2024-11-23,2025-02-21,63,153,true,23,0
R01431,Delivery,L3,Mid (L3-L4),Hyderabad,Backfill,2024-09-12,FY 2024-25,2024-11-01,2024-12-31,50,110,true,20,1
R01432,Delivery,L1,Junior (L1-L2),Hyderabad,Backfill,2024-09-24,FY 2024-25,2024-11-10,2025-02-08,47,137,true,10,0
R01433,Delivery,L3,Mid (L3-L4),Hyderabad,Backfill,2024-09-03,FY 2024-25,2024-11-20,2024-12-20,78,108,true,18,2
R01434,Delivery,L1,Junior (L1-L2),Hyderabad,Backfill,2024-09-24,FY 2024-25,2024-11-07,2024-12-07,44,74,true,7,1
R01435,Quality Engineering,L1,Junior (L1-L2),Hyderabad,Backfill,2024-09-21,FY 2024-25,2024-10-05,2024-11-04,14,44,true,10,1
R01436,Quality Engineering,L3,Mid (L3-L4),Hyderabad,Backfill,2024-09-21,FY 2024-25,2024-11-22,2025-01-21,62,122,true,24,0
R01437,Cloud and Infrastructure,L2,Junior (L1-L2),Bengaluru,Backfill,2024-09-10,FY 2024-25,2024-11-23,2025-01-22,74,134,true,7,2
R01438,Consulting,L1,Junior (L1-L2),Bengaluru,Backfill,2024-09-04,FY 2024-25,2024-10-13,2024-12-12,39,99,true,14,1
R01439,Cloud and Infrastructure,L2,Junior (L1-L2),Bengaluru,Backfill,2024-09-17,FY 2024-25,2024-10-20,2024-11-19,33,63,true,10,0
R01440,Consulting,L1,Junior (L1-L2),Hyderabad,Backfill,2024-09-09,FY 2024-25,2024-10-08,2024-11-07,29,59,true,36,0
R01441,Delivery,L3,Mid (L3-L4),Bengaluru,Growth,2024-09-01,FY 2024-25,2024-09-26,2024-10-26,25,55,true,18,0
R01442,Sales and Presales,L2,Junior (L1-L2),Bengaluru,Growth,2024-09-01,FY 2024-25,2024-09-28,2024-12-27,27,117,true,31,0
R01443,Delivery,L2,Junior (L1-L2),Bengaluru,Growth,2024-09-01,FY 2024-25,2024-09-30,2024-12-29,29,119,true,26,0
R01444,Delivery,L3,Mid (L3-L4),Bengaluru,Backfill,2024-10-17,FY 2024-25,2024-10-31,2024-12-30,14,74,true,28,0
R01445,Delivery,L2,Junior (L1-L2),Hyderabad,Backfill,2024-10-04,FY 2024-25,2024-11-11,2024-12-11,38,68,true,30,1
R01446,Quality Engineering,L3,Mid (L3-L4),Bengaluru,Backfill,2024-10-13,FY 2024-25,2024-12-02,2025-01-31,50,110,true,15,2
R01447,Delivery,L1,Junior (L1-L2),Hyderabad,Backfill,2024-10-09,FY 2024-25,2024-11-04,2025-01-03,26,86,true,39,1
R01448,Delivery,L2,Junior (L1-L2),Hyderabad,Backfill,2024-10-24,FY 2024-25,2024-11-24,2024-12-24,31,61,true,36,3
R01449,Quality Engineering,L5,Senior (L5-L6),Bengaluru,Backfill,2024-10-26,FY 2024-25,2024-11-18,2025-01-17,23,83,true,21,3
R01450,Quality Engineering,L2,Junior (L1-L2),Hyderabad,Backfill,2024-10-24,FY 2024-25,2024-12-06,2025-02-04,43,103,true,31,0
R01451,Delivery,L4,Mid (L3-L4),Bengaluru,Backfill,2024-10-25,FY 2024-25,2025-01-04,2025-02-03,71,101,true,15,0
R01452,Delivery,L2,Junior (L1-L2),Hyderabad,Backfill,2024-10-19,FY 2024-25,2025-01-02,2025-03-03,75,135,true,29,1
R01453,Corporate Functions,L2,Junior (L1-L2),Hyderabad,Backfill,2024-10-14,FY 2024-25,2024-11-10,2025-02-08,27,117,true,37,1
R01454,Quality Engineering,L3,Mid (L3-L4),Bengaluru,Backfill,2024-10-10,FY 2024-25,2024-11-24,2024-12-24,45,75,true,32,0
R01455,Quality Engineering,L1,Junior (L1-L2),Bengaluru,Backfill,2024-10-26,FY 2024-25,2024-11-08,2025-01-07,13,73,true,31,0
R01456,Delivery,L3,Mid (L3-L4),Hyderabad,Backfill,2024-10-17,FY 2024-25,2024-10-30,2024-11-29,13,43,true,23,4
R01457,Delivery,L1,Junior (L1-L2),Bengaluru,Backfill,2024-10-13,FY 2024-25,2024-10-23,2024-12-22,10,70,true,22,1
R01458,Delivery,L2,Junior (L1-L2),Hyderabad,Backfill,2024-10-13,FY 2024-25,2024-10-27,2024-12-26,14,74,true,36,0
R01459,Delivery,L5,Senior (L5-L6),Bengaluru,Backfill,2024-10-11,FY 2024-25,2025-02-18,2025-04-19,130,190,true,6,1
R01460,Delivery,L2,Junior (L1-L2),Bengaluru,Backfill,2024-10-17,FY 2024-25,2024-11-28,2024-12-28,42,72,true,16,1
R01461,Delivery,L2,Junior (L1-L2),Hyderabad,Backfill,2024-10-03,FY 2024-25,2024-11-11,2024-12-11,39,69,true,28,0
R01462,Quality Engineering,L3,Mid (L3-L4),Bengaluru,Backfill,2024-10-08,FY 2024-25,2024-11-29,2025-01-28,52,112,true,6,0
R01463,Delivery,L3,Mid (L3-L4),Bengaluru,Backfill,2024-10-17,FY 2024-25,2024-11-19,2024-12-19,33,63,true,15,0
R01464,Quality Engineering,L2,Junior (L1-L2),Bengaluru,Backfill,2024-10-10,FY 2024-25,2024-10-31,2024-12-30,21,81,true,36,0
R01465,Delivery,L1,Junior (L1-L2),Hyderabad,Backfill,2024-10-16,FY 2024-25,2024-11-01,2024-12-01,16,46,true,36,1
R01466,Delivery,L1,Junior (L1-L2),Bengaluru,Backfill,2024-10-13,FY 2024-25,2024-11-22,2025-01-21,40,100,true,36,1
R01467,Delivery,L2,Junior (L1-L2),Bengaluru,Backfill,2024-10-26,FY 2024-25,2024-11-24,2025-02-22,29,119,true,11,1
R01468,Corporate Functions,L1,Junior (L1-L2),Hyderabad,Backfill,2024-10-23,FY 2024-25,2024-11-10,2025-02-08,18,108,true,6,0
R01469,Delivery,L4,Mid (L3-L4),Hyderabad,Backfill,2024-10-23,FY 2024-25,2024-12-26,2025-02-24,64,124,true,23,1
R01470,Data and Analytics,L3,Mid (L3-L4),Hyderabad,Backfill,2024-10-23,FY 2024-25,2025-01-09,2025-03-10,78,138,true,9,2
R01471,Delivery,L1,Junior (L1-L2),Hyderabad,Backfill,2024-10-03,FY 2024-25,2024-10-24,2024-11-23,21,51,true,12,0
R01472,Delivery,L1,Junior (L1-L2),Bengaluru,Backfill,2024-10-26,FY 2024-25,2024-11-14,2025-02-12,19,109,true,31,2
R01473,Delivery,L1,Junior (L1-L2),Hyderabad,Backfill,2024-10-24,FY 2024-25,2024-11-24,2024-12-24,31,61,true,24,3
R01474,Cloud and Infrastructure,L3,Mid (L3-L4),Hyderabad,Backfill,2024-10-03,FY 2024-25,2024-10-23,2024-12-22,20,80,true,29,4
R01475,Delivery,L3,Mid (L3-L4),Bengaluru,Backfill,2024-10-09,FY 2024-25,2024-12-07,2025-02-05,59,119,true,24,2
R01476,Delivery,L1,Junior (L1-L2),Bengaluru,Backfill,2024-10-14,FY 2024-25,2024-10-28,2024-11-27,14,44,true,33,1
R01477,Delivery,L3,Mid (L3-L4),Bengaluru,Growth,2024-10-01,FY 2024-25,2024-11-06,2025-02-04,36,126,true,29,0
R01478,Consulting,L2,Junior (L1-L2),Hyderabad,Growth,2024-10-01,FY 2024-25,2024-11-24,2025-01-23,54,114,true,29,1
R01479,Corporate Functions,L2,Junior (L1-L2),Hyderabad,Growth,2024-10-01,FY 2024-25,2024-10-28,2024-12-27,27,87,true,17,3
R01480,Delivery,L2,Junior (L1-L2),Bengaluru,Backfill,2024-11-08,FY 2024-25,2024-12-02,2025-03-02,24,114,true,22,1
R01481,Delivery,L1,Junior (L1-L2),Bengaluru,Backfill,2024-11-02,FY 2024-25,2024-12-02,2025-01-31,30,90,true,15,2
R01482,Delivery,L1,Junior (L1-L2),Hyderabad,Backfill,2024-11-11,FY 2024-25,2024-12-10,2025-02-08,29,89,true,25,0
R01483,Consulting,L3,Mid (L3-L4),Hyderabad,Backfill,2024-11-18,FY 2024-25,2025-01-30,2025-04-30,73,163,true,35,1
R01484,Delivery,L3,Mid (L3-L4),Bengaluru,Backfill,2024-11-14,FY 2024-25,2025-01-07,2025-03-08,54,114,true,34,2
R01485,Delivery,L4,Mid (L3-L4),Bengaluru,Backfill,2024-11-18,FY 2024-25,2025-04-13,2025-06-12,146,206,true,27,2
R01486,Quality Engineering,L2,Junior (L1-L2),Hyderabad,Backfill,2024-11-06,FY 2024-25,2024-12-09,2025-02-07,33,93,true,26,1
R01487,Consulting,L4,Mid (L3-L4),Bengaluru,Backfill,2024-11-25,FY 2024-25,2025-02-01,2025-04-02,68,128,true,30,0
R01488,Delivery,L3,Mid (L3-L4),Bengaluru,Backfill,2024-11-18,FY 2024-25,2024-12-18,2025-03-18,30,120,true,22,1
R01489,Corporate Functions,L3,Mid (L3-L4),Bengaluru,Backfill,2024-11-14,FY 2024-25,2025-01-04,2025-03-05,51,111,true,13,0
R01490,Delivery,L1,Junior (L1-L2),Hyderabad,Backfill,2024-11-01,FY 2024-25,2024-12-15,2025-03-15,44,134,true,17,0
R01491,Delivery,L3,Mid (L3-L4),Hyderabad,Backfill,2024-11-14,FY 2024-25,2025-01-03,2025-02-02,50,80,true,17,3
R01492,Delivery,L2,Junior (L1-L2),Hyderabad,Backfill,2024-11-18,FY 2024-25,2024-12-01,2025-03-01,13,103,true,21,1
R01493,Delivery,L5,Senior (L5-L6),Bengaluru,Backfill,2024-11-14,FY 2024-25,2025-01-22,2025-02-21,69,99,true,22,0
R01494,Data and Analytics,L2,Junior (L1-L2),Hyderabad,Backfill,2024-11-14,FY 2024-25,2025-03-01,2025-04-30,107,167,true,12,0
R01495,Corporate Functions,L2,Junior (L1-L2),Hyderabad,Backfill,2024-11-21,FY 2024-25,2024-12-04,2025-02-02,13,73,true,38,1
R01496,Sales and Presales,L1,Junior (L1-L2),Hyderabad,Backfill,2024-11-23,FY 2024-25,2025-01-18,2025-04-18,56,146,true,38,0
R01497,Delivery,L2,Junior (L1-L2),Hyderabad,Backfill,2024-11-25,FY 2024-25,2025-01-10,2025-03-11,46,106,true,14,0
R01498,Delivery,L3,Mid (L3-L4),Hyderabad,Backfill,2024-11-20,FY 2024-25,2025-01-16,2025-03-17,57,117,true,26,2
R01499,Sales and Presales,L3,Mid (L3-L4),Hyderabad,Backfill,2024-11-16,FY 2024-25,2024-12-24,2025-03-24,38,128,true,11,1
R01500,Delivery,L2,Junior (L1-L2),Bengaluru,Backfill,2024-11-01,FY 2024-25,2024-11-25,2024-12-25,24,54,true,38,0
R01501,Corporate Functions,L3,Mid (L3-L4),Bengaluru,Backfill,2024-11-23,FY 2024-25,2024-12-31,2025-03-31,38,128,true,37,0
R01502,Cloud and Infrastructure,L2,Junior (L1-L2),Hyderabad,Backfill,2024-11-15,FY 2024-25,2024-12-06,2025-03-06,21,111,true,24,0
R01503,Delivery,L2,Junior (L1-L2),Bengaluru,Backfill,2024-11-17,FY 2024-25,2024-12-04,2025-02-02,17,77,true,23,0
R01504,Quality Engineering,L3,Mid (L3-L4),Hyderabad,Growth,2024-11-01,FY 2024-25,2025-01-28,2025-02-27,88,118,true,22,1
R01505,Quality Engineering,L2,Junior (L1-L2),Bengaluru,Growth,2024-11-01,FY 2024-25,2024-11-18,2024-12-18,17,47,true,20,0
R01506,Consulting,L6,Senior (L5-L6),Hyderabad,Growth,2024-11-01,FY 2024-25,2024-12-27,2025-03-27,56,146,true,23,1
R01507,Consulting,L4,Mid (L3-L4),Hyderabad,Growth,2024-11-01,FY 2024-25,2025-01-01,2025-04-01,61,151,true,27,1
R01508,Data and Analytics,L2,Junior (L1-L2),Bengaluru,Growth,2024-11-01,FY 2024-25,2025-03-17,2025-05-16,136,196,true,17,0
R01509,Delivery,L1,Junior (L1-L2),Hyderabad,Backfill,2024-12-16,FY 2024-25,2025-01-11,2025-02-10,26,56,true,38,1
R01510,Quality Engineering,L3,Mid (L3-L4),Bengaluru,Backfill,2024-12-24,FY 2024-25,2025-02-05,2025-05-06,43,133,true,27,1
R01511,Delivery,L2,Junior (L1-L2),Hyderabad,Backfill,2024-12-04,FY 2024-25,2025-02-01,2025-04-02,59,119,true,22,1
R01512,Data and Analytics,L3,Mid (L3-L4),Hyderabad,Backfill,2024-12-02,FY 2024-25,2025-01-24,2025-04-24,53,143,true,21,0
R01513,Data and Analytics,L2,Junior (L1-L2),Hyderabad,Backfill,2024-12-14,FY 2024-25,2025-02-05,2025-05-06,53,143,true,11,1
R01514,Delivery,L3,Mid (L3-L4),Bengaluru,Backfill,2024-12-09,FY 2024-25,2025-01-05,2025-02-04,27,57,true,28,1
R01515,Cloud and Infrastructure,L2,Junior (L1-L2),Bengaluru,Backfill,2024-12-13,FY 2024-25,2025-01-21,2025-03-22,39,99,true,20,0
R01516,Delivery,L3,Mid (L3-L4),Hyderabad,Backfill,2024-12-20,FY 2024-25,2025-01-07,2025-04-07,18,108,true,16,1
R01517,Delivery,L4,Mid (L3-L4),Hyderabad,Backfill,2024-12-26,FY 2024-25,2025-02-16,2025-04-17,52,112,true,10,3
R01518,Delivery,L3,Mid (L3-L4),Bengaluru,Backfill,2024-12-05,FY 2024-25,2025-01-10,2025-04-10,36,126,true,35,1
R01519,Delivery,L6,Senior (L5-L6),Hyderabad,Backfill,2024-12-27,FY 2024-25,2025-07-13,2025-09-11,198,258,true,23,1
R01520,Sales and Presales,L3,Mid (L3-L4),Hyderabad,Backfill,2024-12-01,FY 2024-25,2025-01-09,2025-03-10,39,99,true,38,2
R01521,Delivery,L4,Mid (L3-L4),Bengaluru,Backfill,2024-12-11,FY 2024-25,2025-01-25,2025-02-24,45,75,true,25,1
R01522,Delivery,L1,Junior (L1-L2),Hyderabad,Backfill,2024-12-09,FY 2024-25,2025-01-18,2025-03-19,40,100,true,16,0
R01523,Delivery,L3,Mid (L3-L4),Bengaluru,Backfill,2024-12-02,FY 2024-25,2025-01-15,2025-03-16,44,104,true,36,5
R01524,Delivery,L4,Mid (L3-L4),Bengaluru,Backfill,2024-12-10,FY 2024-25,2025-02-23,2025-04-24,75,135,true,17,1
R01525,Sales and Presales,L3,Mid (L3-L4),Bengaluru,Backfill,2024-12-22,FY 2024-25,2025-01-10,2025-04-10,19,109,true,38,1
R01526,Delivery,L4,Mid (L3-L4),Bengaluru,Backfill,2024-12-20,FY 2024-25,2025-02-17,2025-05-18,59,149,true,30,1
R01527,Delivery,L1,Junior (L1-L2),Hyderabad,Backfill,2024-12-20,FY 2024-25,2025-02-01,2025-04-02,43,103,true,36,0
R01528,Delivery,L1,Junior (L1-L2),Hyderabad,Backfill,2024-12-26,FY 2024-25,2025-01-26,2025-04-26,31,121,true,17,0
R01529,Consulting,L2,Junior (L1-L2),Hyderabad,Backfill,2024-12-19,FY 2024-25,2025-01-31,2025-05-01,43,133,true,17,2
R01530,Delivery,L1,Junior (L1-L2),Hyderabad,Backfill,2024-12-06,FY 2024-25,2025-01-19,2025-03-20,44,104,true,7,0
R01531,Quality Engineering,L2,Junior (L1-L2),Bengaluru,Backfill,2024-12-18,FY 2024-25,2024-12-30,2025-02-28,12,72,true,24,0
R01532,Consulting,L1,Junior (L1-L2),Hyderabad,Backfill,2024-12-16,FY 2024-25,2025-01-04,2025-03-05,19,79,true,16,2
R01533,Cloud and Infrastructure,L3,Mid (L3-L4),Bengaluru,Backfill,2024-12-03,FY 2024-25,2025-01-24,2025-02-23,52,82,true,12,0
R01534,Sales and Presales,L2,Junior (L1-L2),Bengaluru,Growth,2024-12-01,FY 2024-25,2025-01-12,2025-03-13,42,102,true,37,1
R01535,Delivery,L3,Mid (L3-L4),Hyderabad,Growth,2024-12-01,FY 2024-25,2025-01-13,2025-04-13,43,133,true,21,1
R01536,Delivery,L6,Senior (L5-L6),Bengaluru,Growth,2024-12-01,FY 2024-25,2025-02-04,2025-04-05,65,125,true,32,1
R01537,Delivery,L3,Mid (L3-L4),Hyderabad,Growth,2024-12-01,FY 2024-25,2024-12-25,2025-03-25,24,114,true,22,1
R01538,Delivery,L3,Mid (L3-L4),Hyderabad,Backfill,2025-01-06,FY 2024-25,2025-02-23,2025-03-25,48,78,true,22,2
R01539,Quality Engineering,L2,Junior (L1-L2),Bengaluru,Backfill,2025-01-18,FY 2024-25,2025-02-18,2025-04-19,31,91,true,23,1
R01540,Delivery,L4,Mid (L3-L4),Bengaluru,Backfill,2025-01-21,FY 2024-25,2025-04-16,2025-07-15,85,175,true,12,1
R01541,Delivery,L4,Mid (L3-L4),Hyderabad,Backfill,2025-01-10,FY 2024-25,2025-03-14,2025-04-13,63,93,true,7,0
R01542,Consulting,L4,Mid (L3-L4),Bengaluru,Backfill,2025-01-13,FY 2024-25,2025-02-19,2025-03-21,37,67,true,15,3
R01543,Delivery,L2,Junior (L1-L2),Bengaluru,Backfill,2025-01-01,FY 2024-25,2025-01-31,2025-04-01,30,90,true,26,1
R01544,Quality Engineering,L2,Junior (L1-L2),Hyderabad,Backfill,2025-01-21,FY 2024-25,2025-03-20,2025-05-19,58,118,true,21,0
R01545,Data and Analytics,L1,Junior (L1-L2),Bengaluru,Backfill,2025-01-26,FY 2024-25,2025-02-15,2025-04-16,20,80,true,20,1
R01546,Quality Engineering,L2,Junior (L1-L2),Hyderabad,Backfill,2025-01-02,FY 2024-25,2025-02-13,2025-04-14,42,102,true,34,0
R01547,Data and Analytics,L2,Junior (L1-L2),Hyderabad,Backfill,2025-01-07,FY 2024-25,2025-03-02,2025-05-31,54,144,true,12,0
R01548,Delivery,L2,Junior (L1-L2),Hyderabad,Backfill,2025-01-16,FY 2024-25,2025-03-23,2025-04-22,66,96,true,10,0
R01549,Quality Engineering,L4,Mid (L3-L4),Hyderabad,Backfill,2025-01-09,FY 2024-25,2025-01-27,2025-04-27,18,108,true,33,0
R01550,Data and Analytics,L2,Junior (L1-L2),Hyderabad,Backfill,2025-01-08,FY 2024-25,2025-05-03,2025-07-02,115,175,true,7,0
R01551,Delivery,L1,Junior (L1-L2),Bengaluru,Backfill,2025-01-17,FY 2024-25,2025-02-06,2025-04-07,20,80,true,12,0
R01552,Data and Analytics,L3,Mid (L3-L4),Bengaluru,Backfill,2025-01-01,FY 2024-25,2025-01-15,2025-03-16,14,74,true,27,3
R01553,Data and Analytics,L2,Junior (L1-L2),Hyderabad,Backfill,2025-01-16,FY 2024-25,2025-03-01,2025-04-30,44,104,true,25,1
R01554,Cloud and Infrastructure,L2,Junior (L1-L2),Bengaluru,Backfill,2025-01-12,FY 2024-25,2025-03-01,2025-05-30,48,138,true,11,1
R01555,Data and Analytics,L2,Junior (L1-L2),Hyderabad,Backfill,2025-01-04,FY 2024-25,2025-03-15,2025-06-13,70,160,true,33,1
R01556,Delivery,L1,Junior (L1-L2),Bengaluru,Backfill,2025-01-17,FY 2024-25,2025-02-28,2025-04-29,42,102,true,23,1
R01557,Data and Analytics,L1,Junior (L1-L2),Hyderabad,Backfill,2025-01-15,FY 2024-25,2025-02-05,2025-04-06,21,81,true,23,2
R01558,Delivery,L1,Junior (L1-L2),Hyderabad,Backfill,2025-01-22,FY 2024-25,2025-02-06,2025-03-08,15,45,true,9,2
R01559,Cloud and Infrastructure,L1,Junior (L1-L2),Hyderabad,Backfill,2025-01-19,FY 2024-25,2025-03-13,2025-04-12,53,83,true,14,1
R01560,Corporate Functions,L4,Mid (L3-L4),Hyderabad,Backfill,2025-01-11,FY 2024-25,2025-05-27,2025-08-25,136,226,true,12,0
R01561,Sales and Presales,L1,Junior (L1-L2),Hyderabad,Backfill,2025-01-24,FY 2024-25,2025-03-11,2025-05-10,46,106,true,6,0
R01562,Consulting,L2,Junior (L1-L2),Bengaluru,Growth,2025-01-01,FY 2024-25,2025-02-19,2025-05-20,49,139,true,19,0
R01563,Delivery,L2,Junior (L1-L2),Hyderabad,Growth,2025-01-01,FY 2024-25,2025-02-11,2025-04-12,41,101,true,22,0
R01564,Data and Analytics,L1,Junior (L1-L2),Hyderabad,Campus,2025-01-01,FY 2024-25,2025-03-20,2025-08-11,78,222,true,23,0
R01565,Delivery,L1,Junior (L1-L2),Bengaluru,Campus,2025-01-01,FY 2024-25,2025-02-28,2025-08-08,58,219,true,31,1
R01566,Consulting,L1,Junior (L1-L2),Bengaluru,Campus,2025-01-01,FY 2024-25,2025-02-19,2025-08-19,49,230,true,108,0
R01567,Quality Engineering,L1,Junior (L1-L2),Hyderabad,Campus,2025-01-01,FY 2024-25,2025-03-02,2025-08-13,60,224,true,89,0
R01568,Delivery,L1,Junior (L1-L2),Hyderabad,Campus,2025-01-01,FY 2024-25,2025-02-26,2025-08-04,56,215,true,71,0
R01569,Delivery,L1,Junior (L1-L2),Hyderabad,Campus,2025-01-01,FY 2024-25,2025-02-17,2025-08-02,47,213,true,75,0
R01570,Delivery,L1,Junior (L1-L2),Hyderabad,Campus,2025-01-01,FY 2024-25,2025-03-16,2025-08-14,74,225,true,66,0
R01571,Cloud and Infrastructure,L1,Junior (L1-L2),Bengaluru,Campus,2025-01-01,FY 2024-25,2025-02-28,2025-08-19,58,230,true,24,1
R01572,Quality Engineering,L1,Junior (L1-L2),Hyderabad,Campus,2025-01-01,FY 2024-25,2025-03-02,2025-08-20,60,231,true,49,0
R01573,Quality Engineering,L1,Junior (L1-L2),Bengaluru,Campus,2025-01-01,FY 2024-25,2025-03-11,2025-08-03,69,214,true,86,0
R01574,Delivery,L1,Junior (L1-L2),Hyderabad,Campus,2025-01-01,FY 2024-25,2025-02-12,2025-08-17,42,228,true,103,0
R01575,Delivery,L1,Junior (L1-L2),Bengaluru,Campus,2025-01-01,FY 2024-25,2025-02-26,2025-08-13,56,224,true,48,1
R01576,Data and Analytics,L1,Junior (L1-L2),Hyderabad,Campus,2025-01-01,FY 2024-25,2025-02-24,2025-08-10,54,221,true,89,0
R01577,Data and Analytics,L1,Junior (L1-L2),Hyderabad,Campus,2025-01-01,FY 2024-25,2025-02-17,2025-08-13,47,224,true,25,1
R01578,Sales and Presales,L1,Junior (L1-L2),Hyderabad,Campus,2025-01-01,FY 2024-25,2025-03-08,2025-08-14,66,225,true,59,0
R01579,Data and Analytics,L1,Junior (L1-L2),Bengaluru,Campus,2025-01-01,FY 2024-25,2025-02-24,2025-08-17,54,228,true,80,0
R01580,Quality Engineering,L1,Junior (L1-L2),Bengaluru,Campus,2025-01-01,FY 2024-25,2025-02-19,2025-08-15,49,226,true,115,0
R01581,Sales and Presales,L1,Junior (L1-L2),Bengaluru,Campus,2025-01-01,FY 2024-25,2025-03-04,2025-08-03,62,214,true,42,0
R01582,Quality Engineering,L1,Junior (L1-L2),Hyderabad,Campus,2025-01-01,FY 2024-25,2025-02-22,2025-08-19,52,230,true,29,0
R01583,Cloud and Infrastructure,L1,Junior (L1-L2),Hyderabad,Campus,2025-01-01,FY 2024-25,2025-02-27,2025-08-02,57,213,true,86,0
R01584,Quality Engineering,L1,Junior (L1-L2),Hyderabad,Campus,2025-01-01,FY 2024-25,2025-02-25,2025-08-11,55,222,true,54,2
R01585,Delivery,L1,Junior (L1-L2),Hyderabad,Campus,2025-01-01,FY 2024-25,2025-02-15,2025-08-02,45,213,true,40,0
R01586,Delivery,L1,Junior (L1-L2),Hyderabad,Campus,2025-01-01,FY 2024-25,2025-02-28,2025-08-18,58,229,true,68,0
R01587,Cloud and Infrastructure,L1,Junior (L1-L2),Hyderabad,Campus,2025-01-01,FY 2024-25,2025-02-16,2025-08-18,46,229,true,118,0
R01588,Quality Engineering,L1,Junior (L1-L2),Hyderabad,Campus,2025-01-01,FY 2024-25,2025-02-19,2025-08-14,49,225,true,76,0
R01589,Delivery,L1,Junior (L1-L2),Bengaluru,Campus,2025-01-01,FY 2024-25,2025-02-25,2025-08-19,55,230,true,118,0
R01590,Delivery,L1,Junior (L1-L2),Bengaluru,Campus,2025-01-01,FY 2024-25,2025-02-25,2025-08-19,55,230,true,66,0
R01591,Quality Engineering,L1,Junior (L1-L2),Hyderabad,Campus,2025-01-01,FY 2024-25,2025-02-12,2025-08-10,42,221,true,38,0
R01592,Quality Engineering,L1,Junior (L1-L2),Hyderabad,Campus,2025-01-01,FY 2024-25,2025-03-01,2025-08-15,59,226,true,53,0
R01593,Quality Engineering,L1,Junior (L1-L2),Hyderabad,Campus,2025-01-01,FY 2024-25,2025-03-17,2025-08-10,75,221,true,87,0
R01594,Data and Analytics,L1,Junior (L1-L2),Hyderabad,Campus,2025-01-01,FY 2024-25,2025-03-14,2025-08-02,72,213,true,21,0
R01595,Data and Analytics,L1,Junior (L1-L2),Hyderabad,Campus,2025-01-01,FY 2024-25,2025-03-07,2025-08-14,65,225,true,24,1
R01596,Consulting,L1,Junior (L1-L2),Hyderabad,Campus,2025-01-01,FY 2024-25,2025-02-15,2025-08-03,45,214,true,114,0
R01597,Consulting,L1,Junior (L1-L2),Bengaluru,Campus,2025-01-01,FY 2024-25,2025-02-26,2025-08-04,56,215,true,57,0
R01598,Cloud and Infrastructure,L1,Junior (L1-L2),Hyderabad,Campus,2025-01-01,FY 2024-25,2025-02-17,2025-08-16,47,227,true,31,0
R01599,Delivery,L1,Junior (L1-L2),Bengaluru,Campus,2025-01-01,FY 2024-25,2025-03-27,2025-08-15,85,226,true,116,0
R01600,Delivery,L1,Junior (L1-L2),Hyderabad,Campus,2025-01-01,FY 2024-25,2025-03-05,2025-08-02,63,213,true,32,0
R01601,Delivery,L1,Junior (L1-L2),Bengaluru,Campus,2025-01-01,FY 2024-25,2025-02-22,2025-08-03,52,214,true,72,0
R01602,Quality Engineering,L1,Junior (L1-L2),Bengaluru,Campus,2025-01-01,FY 2024-25,2025-02-20,2025-08-19,50,230,true,64,1
R01603,Delivery,L1,Junior (L1-L2),Bengaluru,Campus,2025-01-01,FY 2024-25,2025-02-11,2025-08-16,41,227,true,102,1
R01604,Delivery,L1,Junior (L1-L2),Hyderabad,Campus,2025-01-01,FY 2024-25,2025-02-20,2025-08-10,50,221,true,71,1
R01605,Cloud and Infrastructure,L1,Junior (L1-L2),Hyderabad,Campus,2025-01-01,FY 2024-25,2025-02-23,2025-08-02,53,213,true,97,0
R01606,Data and Analytics,L1,Junior (L1-L2),Hyderabad,Campus,2025-01-01,FY 2024-25,2025-03-02,2025-08-14,60,225,true,84,0
R01607,Delivery,L1,Junior (L1-L2),Hyderabad,Campus,2025-01-01,FY 2024-25,2025-02-12,2025-08-12,42,223,true,58,0
R01608,Data and Analytics,L1,Junior (L1-L2),Hyderabad,Campus,2025-01-01,FY 2024-25,2025-02-15,2025-08-19,45,230,true,37,1
R01609,Cloud and Infrastructure,L1,Junior (L1-L2),Bengaluru,Campus,2025-01-01,FY 2024-25,2025-02-23,2025-08-14,53,225,true,60,0
R01610,Delivery,L1,Junior (L1-L2),Bengaluru,Campus,2025-01-01,FY 2024-25,2025-01-22,2025-08-17,21,228,true,60,0
R01611,Delivery,L1,Junior (L1-L2),Hyderabad,Campus,2025-01-01,FY 2024-25,2025-02-17,2025-08-05,47,216,true,62,0
R01612,Data and Analytics,L1,Junior (L1-L2),Bengaluru,Campus,2025-01-01,FY 2024-25,2025-02-13,2025-08-19,43,230,true,92,0
R01613,Delivery,L1,Junior (L1-L2),Bengaluru,Campus,2025-01-01,FY 2024-25,2025-02-20,2025-08-01,50,212,true,33,1
R01614,Delivery,L1,Junior (L1-L2),Hyderabad,Campus,2025-01-01,FY 2024-25,2025-02-24,2025-08-12,54,223,true,27,0
R01615,Data and Analytics,L1,Junior (L1-L2),Hyderabad,Campus,2025-01-01,FY 2024-25,2025-02-11,2025-08-02,41,213,true,56,0
R01616,Quality Engineering,L1,Junior (L1-L2),Hyderabad,Campus,2025-01-01,FY 2024-25,2025-02-27,2025-08-12,57,223,true,70,1
R01617,Cloud and Infrastructure,L1,Junior (L1-L2),Bengaluru,Campus,2025-01-01,FY 2024-25,2025-02-06,2025-08-15,36,226,true,48,0
R01618,Cloud and Infrastructure,L1,Junior (L1-L2),Hyderabad,Campus,2025-01-01,FY 2024-25,2025-03-01,2025-08-15,59,226,true,77,1
R01619,Data and Analytics,L1,Junior (L1-L2),Hyderabad,Campus,2025-01-01,FY 2024-25,2025-03-05,2025-08-02,63,213,true,21,0
R01620,Delivery,L1,Junior (L1-L2),Bengaluru,Campus,2025-01-01,FY 2024-25,2025-03-04,2025-08-01,62,212,true,108,0
R01621,Sales and Presales,L1,Junior (L1-L2),Bengaluru,Campus,2025-01-01,FY 2024-25,2025-02-16,2025-08-03,46,214,true,53,0
R01622,Delivery,L1,Junior (L1-L2),Bengaluru,Campus,2025-01-01,FY 2024-25,2025-02-25,2025-08-05,55,216,true,38,0
R01623,Delivery,L1,Junior (L1-L2),Hyderabad,Campus,2025-01-01,FY 2024-25,2025-03-07,2025-08-15,65,226,true,97,0
R01624,Delivery,L1,Junior (L1-L2),Hyderabad,Campus,2025-01-01,FY 2024-25,2025-03-06,2025-08-04,64,215,true,81,0
R01625,Data and Analytics,L1,Junior (L1-L2),Bengaluru,Campus,2025-01-01,FY 2024-25,2025-03-07,2025-08-13,65,224,true,111,0
R01626,Quality Engineering,L1,Junior (L1-L2),Hyderabad,Campus,2025-01-01,FY 2024-25,2025-02-18,2025-08-18,48,229,true,66,1
R01627,Delivery,L1,Junior (L1-L2),Hyderabad,Campus,2025-01-01,FY 2024-25,2025-03-01,2025-08-19,59,230,true,79,1
R01628,Delivery,L1,Junior (L1-L2),Hyderabad,Campus,2025-01-01,FY 2024-25,2025-02-21,2025-08-20,51,231,true,116,0
R01629,Delivery,L1,Junior (L1-L2),Bengaluru,Campus,2025-01-01,FY 2024-25,2025-02-28,2025-08-12,58,223,true,70,0
R01630,Delivery,L1,Junior (L1-L2),Hyderabad,Campus,2025-01-01,FY 2024-25,2025-02-17,2025-08-17,47,228,true,101,0
R01631,Delivery,L1,Junior (L1-L2),Bengaluru,Campus,2025-01-01,FY 2024-25,2025-02-28,2025-08-03,58,214,true,65,1
R01632,Quality Engineering,L1,Junior (L1-L2),Bengaluru,Campus,2025-01-01,FY 2024-25,2025-02-27,2025-08-11,57,222,true,69,0
R01633,Quality Engineering,L1,Junior (L1-L2),Hyderabad,Campus,2025-01-01,FY 2024-25,2025-03-13,2025-08-14,71,225,true,88,0
R01634,Data and Analytics,L1,Junior (L1-L2),Bengaluru,Campus,2025-01-01,FY 2024-25,2025-03-04,2025-08-13,62,224,true,33,0
R01635,Data and Analytics,L1,Junior (L1-L2),Hyderabad,Campus,2025-01-01,FY 2024-25,2025-03-13,2025-08-13,71,224,true,90,1
R01636,Quality Engineering,L1,Junior (L1-L2),Bengaluru,Campus,2025-01-01,FY 2024-25,2025-03-04,2025-08-06,62,217,true,97,1
R01637,Delivery,L1,Junior (L1-L2),Bengaluru,Campus,2025-01-01,FY 2024-25,2025-02-17,2025-08-10,47,221,true,81,0
R01638,Quality Engineering,L1,Junior (L1-L2),Hyderabad,Campus,2025-01-01,FY 2024-25,2025-03-06,2025-08-03,64,214,true,55,1
R01639,Data and Analytics,L1,Junior (L1-L2),Bengaluru,Campus,2025-01-01,FY 2024-25,2025-02-14,2025-08-08,44,219,true,48,1
R01640,Cloud and Infrastructure,L1,Junior (L1-L2),Hyderabad,Campus,2025-01-01,FY 2024-25,2025-03-05,2025-08-14,63,225,true,65,0
R01641,Delivery,L1,Junior (L1-L2),Hyderabad,Campus,2025-01-01,FY 2024-25,2025-02-13,2025-08-07,43,218,true,93,0
R01642,Data and Analytics,L1,Junior (L1-L2),Bengaluru,Campus,2025-01-01,FY 2024-25,2025-03-03,2025-08-14,61,225,true,112,0
R01643,Delivery,L1,Junior (L1-L2),Hyderabad,Campus,2025-01-01,FY 2024-25,2025-02-16,2025-08-11,46,222,true,54,0
R01644,Delivery,L1,Junior (L1-L2),Hyderabad,Campus,2025-01-01,FY 2024-25,2025-02-04,2025-08-06,34,217,true,106,0
R01645,Consulting,L1,Junior (L1-L2),Hyderabad,Campus,2025-01-01,FY 2024-25,2025-02-18,2025-08-12,48,223,true,63,1
R01646,Sales and Presales,L1,Junior (L1-L2),Bengaluru,Campus,2025-01-01,FY 2024-25,2025-02-20,2025-08-19,50,230,true,114,0
R01647,Delivery,L1,Junior (L1-L2),Bengaluru,Campus,2025-01-01,FY 2024-25,2025-03-05,2025-08-11,63,222,true,75,1
R01648,Data and Analytics,L1,Junior (L1-L2),Bengaluru,Campus,2025-01-01,FY 2024-25,2025-03-08,2025-08-03,66,214,true,93,0
R01649,Delivery,L1,Junior (L1-L2),Bengaluru,Campus,2025-01-01,FY 2024-25,2025-02-20,2025-08-11,50,222,true,75,0
R01650,Quality Engineering,L1,Junior (L1-L2),Hyderabad,Campus,2025-01-01,FY 2024-25,2025-03-14,2025-08-06,72,217,true,46,1
R01651,Cloud and Infrastructure,L1,Junior (L1-L2),Bengaluru,Campus,2025-01-01,FY 2024-25,2025-02-09,2025-08-06,39,217,true,92,0
R01652,Cloud and Infrastructure,L1,Junior (L1-L2),Hyderabad,Campus,2025-01-01,FY 2024-25,2025-02-09,2025-08-14,39,225,true,83,0
R01653,Cloud and Infrastructure,L1,Junior (L1-L2),Bengaluru,Campus,2025-01-01,FY 2024-25,2025-03-12,2025-08-18,70,229,true,37,0
R01654,Delivery,L1,Junior (L1-L2),Bengaluru,Campus,2025-01-01,FY 2024-25,2025-03-19,2025-08-11,77,222,true,83,1
R01655,Sales and Presales,L1,Junior (L1-L2),Hyderabad,Campus,2025-01-01,FY 2024-25,2025-02-15,2025-08-03,45,214,true,56,0
R01656,Data and Analytics,L1,Junior (L1-L2),Bengaluru,Campus,2025-01-01,FY 2024-25,2025-03-02,2025-08-14,60,225,true,108,0
R01657,Quality Engineering,L1,Junior (L1-L2),Hyderabad,Campus,2025-01-01,FY 2024-25,2025-02-24,2025-08-16,54,227,true,36,0
R01658,Quality Engineering,L1,Junior (L1-L2),Bengaluru,Campus,2025-01-01,FY 2024-25,2025-02-21,2025-08-17,51,228,true,102,1
R01659,Cloud and Infrastructure,L1,Junior (L1-L2),Hyderabad,Campus,2025-01-01,FY 2024-25,2025-02-15,2025-08-17,45,228,true,41,1
R01660,Cloud and Infrastructure,L1,Junior (L1-L2),Bengaluru,Campus,2025-01-01,FY 2024-25,2025-02-16,2025-08-05,46,216,true,100,0
R01661,Quality Engineering,L1,Junior (L1-L2),Bengaluru,Campus,2025-01-01,FY 2024-25,2025-02-15,2025-08-04,45,215,true,29,0
R01662,Cloud and Infrastructure,L1,Junior (L1-L2),Bengaluru,Campus,2025-01-01,FY 2024-25,2025-02-26,2025-08-19,56,230,true,83,0
R01663,Data and Analytics,L1,Junior (L1-L2),Hyderabad,Campus,2025-01-01,FY 2024-25,2025-02-16,2025-08-15,46,226,true,85,0
R01664,Delivery,L1,Junior (L1-L2),Hyderabad,Campus,2025-01-01,FY 2024-25,2025-02-18,2025-08-04,48,215,true,53,0
R01665,Quality Engineering,L1,Junior (L1-L2),Hyderabad,Campus,2025-01-01,FY 2024-25,2025-02-06,2025-08-12,36,223,true,24,1
R01666,Delivery,L1,Junior (L1-L2),Bengaluru,Campus,2025-01-01,FY 2024-25,2025-02-15,2025-08-13,45,224,true,119,0
R01667,Delivery,L1,Junior (L1-L2),Bengaluru,Campus,2025-01-01,FY 2024-25,2025-02-23,2025-08-15,53,226,true,87,0
R01668,Delivery,L1,Junior (L1-L2),Hyderabad,Campus,2025-01-01,FY 2024-25,2025-02-07,2025-08-17,37,228,true,62,0
R01669,Quality Engineering,L1,Junior (L1-L2),Hyderabad,Campus,2025-01-01,FY 2024-25,2025-02-26,2025-08-06,56,217,true,110,1
R01670,Delivery,L1,Junior (L1-L2),Hyderabad,Campus,2025-01-01,FY 2024-25,2025-03-02,2025-08-08,60,219,true,69,0
R01671,Data and Analytics,L1,Junior (L1-L2),Hyderabad,Campus,2025-01-01,FY 2024-25,2025-02-27,2025-08-01,57,212,true,33,0
R01672,Delivery,L1,Junior (L1-L2),Hyderabad,Campus,2025-01-01,FY 2024-25,2025-02-19,2025-08-16,49,227,true,64,0
R01673,Delivery,L1,Junior (L1-L2),Hyderabad,Campus,2025-01-01,FY 2024-25,2025-03-05,2025-08-03,63,214,true,80,0
R01674,Delivery,L1,Junior (L1-L2),Bengaluru,Campus,2025-01-01,FY 2024-25,2025-03-09,2025-08-20,67,231,true,86,0
R01675,Delivery,L1,Junior (L1-L2),Hyderabad,Campus,2025-01-01,FY 2024-25,2025-02-20,2025-08-12,50,223,true,66,0
R01676,Data and Analytics,L1,Junior (L1-L2),Hyderabad,Campus,2025-01-01,FY 2024-25,2025-03-01,2025-08-13,59,224,true,74,0
R01677,Data and Analytics,L1,Junior (L1-L2),Hyderabad,Campus,2025-01-01,FY 2024-25,2025-02-25,2025-08-09,55,220,true,38,0
R01678,Delivery,L1,Junior (L1-L2),Hyderabad,Campus,2025-01-01,FY 2024-25,2025-03-18,2025-08-08,76,219,true,84,0
R01679,Cloud and Infrastructure,L1,Junior (L1-L2),Bengaluru,Campus,2025-01-01,FY 2024-25,2025-03-07,2025-08-20,65,231,true,26,0
R01680,Delivery,L1,Junior (L1-L2),Hyderabad,Campus,2025-01-01,FY 2024-25,2025-02-21,2025-08-01,51,212,true,83,0
R01681,Cloud and Infrastructure,L1,Junior (L1-L2),Bengaluru,Campus,2025-01-01,FY 2024-25,2025-02-13,2025-08-13,43,224,true,40,0
R01682,Delivery,L1,Junior (L1-L2),Bengaluru,Campus,2025-01-01,FY 2024-25,2025-02-13,2025-08-07,43,218,true,94,1
R01683,Delivery,L1,Junior (L1-L2),Hyderabad,Campus,2025-01-01,FY 2024-25,2025-02-24,2025-08-08,54,219,true,89,0
R01684,Delivery,L1,Junior (L1-L2),Hyderabad,Campus,2025-01-01,FY 2024-25,2025-03-07,2025-08-19,65,230,true,30,0
R01685,Delivery,L1,Junior (L1-L2),Hyderabad,Campus,2025-01-01,FY 2024-25,2025-02-25,2025-08-03,55,214,true,101,0
R01686,Delivery,L1,Junior (L1-L2),Hyderabad,Campus,2025-01-01,FY 2024-25,2025-03-04,2025-08-12,62,223,true,62,0
R01687,Quality Engineering,L1,Junior (L1-L2),Hyderabad,Campus,2025-01-01,FY 2024-25,2025-03-03,2025-08-16,61,227,true,62,0
R01688,Delivery,L1,Junior (L1-L2),Bengaluru,Campus,2025-01-01,FY 2024-25,2025-02-17,2025-08-10,47,221,true,31,0
R01689,Consulting,L1,Junior (L1-L2),Bengaluru,Campus,2025-01-01,FY 2024-25,2025-02-05,2025-08-17,35,228,true,47,0
R01690,Data and Analytics,L1,Junior (L1-L2),Hyderabad,Campus,2025-01-01,FY 2024-25,2025-02-18,2025-08-19,48,230,true,100,0
R01691,Cloud and Infrastructure,L1,Junior (L1-L2),Hyderabad,Campus,2025-01-01,FY 2024-25,2025-02-20,2025-08-11,50,222,true,41,1
R01692,Delivery,L1,Junior (L1-L2),Bengaluru,Campus,2025-01-01,FY 2024-25,2025-02-13,2025-08-08,43,219,true,75,0
R01693,Delivery,L1,Junior (L1-L2),Bengaluru,Campus,2025-01-01,FY 2024-25,2025-03-03,2025-08-12,61,223,true,87,1
R01694,Delivery,L1,Junior (L1-L2),Hyderabad,Campus,2025-01-01,FY 2024-25,2025-02-25,2025-08-08,55,219,true,43,0
R01695,Delivery,L1,Junior (L1-L2),Hyderabad,Campus,2025-01-01,FY 2024-25,2025-02-28,2025-08-14,58,225,true,23,0
R01696,Sales and Presales,L1,Junior (L1-L2),Bengaluru,Campus,2025-01-01,FY 2024-25,2025-02-11,2025-08-18,41,229,true,21,0
R01697,Cloud and Infrastructure,L1,Junior (L1-L2),Bengaluru,Campus,2025-01-01,FY 2024-25,2025-02-19,2025-08-15,49,226,true,62,0
R01698,Quality Engineering,L1,Junior (L1-L2),Bengaluru,Campus,2025-01-01,FY 2024-25,2025-02-28,2025-08-01,58,212,true,66,1
R01699,Cloud and Infrastructure,L1,Junior (L1-L2),Hyderabad,Campus,2025-01-01,FY 2024-25,2025-02-09,2025-08-15,39,226,true,72,0
R01700,Cloud and Infrastructure,L1,Junior (L1-L2),Bengaluru,Campus,2025-01-01,FY 2024-25,2025-02-22,2025-08-11,52,222,true,32,1
R01701,Cloud and Infrastructure,L1,Junior (L1-L2),Hyderabad,Campus,2025-01-01,FY 2024-25,2025-03-06,2025-08-18,64,229,true,65,0
R01702,Consulting,L1,Junior (L1-L2),Bengaluru,Campus,2025-01-01,FY 2024-25,2025-02-28,2025-08-07,58,218,true,101,0
R01703,Quality Engineering,L1,Junior (L1-L2),Hyderabad,Campus,2025-01-01,FY 2024-25,2025-02-14,2025-08-06,44,217,true,61,0
R01704,Cloud and Infrastructure,L1,Junior (L1-L2),Hyderabad,Campus,2025-01-01,FY 2024-25,2025-02-13,2025-08-10,43,221,true,110,0
R01705,Quality Engineering,L1,Junior (L1-L2),Bengaluru,Campus,2025-01-01,FY 2024-25,2025-03-04,2025-08-20,62,231,true,37,0
R01706,Quality Engineering,L1,Junior (L1-L2),Hyderabad,Campus,2025-01-01,FY 2024-25,2025-03-13,2025-08-16,71,227,true,46,0
R01707,Delivery,L1,Junior (L1-L2),Bengaluru,Campus,2025-01-01,FY 2024-25,2025-03-08,2025-08-05,66,216,true,68,0
R01708,Delivery,L1,Junior (L1-L2),Hyderabad,Campus,2025-01-01,FY 2024-25,2025-03-14,2025-08-10,72,221,true,51,0
R01709,Sales and Presales,L1,Junior (L1-L2),Bengaluru,Campus,2025-01-01,FY 2024-25,2025-02-10,2025-08-04,40,215,true,24,0
R01710,Delivery,L1,Junior (L1-L2),Hyderabad,Campus,2025-01-01,FY 2024-25,2025-02-24,2025-08-09,54,220,true,87,0
R01711,Delivery,L1,Junior (L1-L2),Hyderabad,Campus,2025-01-01,FY 2024-25,2025-02-08,2025-08-12,38,223,true,37,0
R01712,Delivery,L1,Junior (L1-L2),Bengaluru,Campus,2025-01-01,FY 2024-25,2025-03-09,2025-08-03,67,214,true,70,0
R01713,Delivery,L1,Junior (L1-L2),Hyderabad,Campus,2025-01-01,FY 2024-25,2025-02-27,2025-08-17,57,228,true,29,0
R01714,Data and Analytics,L1,Junior (L1-L2),Hyderabad,Campus,2025-01-01,FY 2024-25,2025-02-16,2025-08-08,46,219,true,57,0
R01715,Delivery,L1,Junior (L1-L2),Hyderabad,Campus,2025-01-01,FY 2024-25,2025-02-28,2025-08-14,58,225,true,21,0
R01716,Delivery,L1,Junior (L1-L2),Hyderabad,Campus,2025-01-01,FY 2024-25,2025-03-04,2025-08-10,62,221,true,65,0
R01717,Cloud and Infrastructure,L1,Junior (L1-L2),Bengaluru,Campus,2025-01-01,FY 2024-25,2025-03-10,2025-08-06,68,217,true,23,0
R01718,Cloud and Infrastructure,L1,Junior (L1-L2),Bengaluru,Campus,2025-01-01,FY 2024-25,2025-02-09,2025-08-19,39,230,true,104,0
R01719,Consulting,L1,Junior (L1-L2),Hyderabad,Campus,2025-01-01,FY 2024-25,2025-02-19,2025-08-08,49,219,true,23,0
R01720,Data and Analytics,L1,Junior (L1-L2),Hyderabad,Campus,2025-01-01,FY 2024-25,2025-02-06,2025-08-12,36,223,true,56,0
R01721,Quality Engineering,L1,Junior (L1-L2),Hyderabad,Campus,2025-01-01,FY 2024-25,2025-03-07,2025-08-14,65,225,true,88,2
R01722,Data and Analytics,L1,Junior (L1-L2),Bengaluru,Campus,2025-01-01,FY 2024-25,2025-03-08,2025-08-13,66,224,true,72,0
R01723,Quality Engineering,L1,Junior (L1-L2),Hyderabad,Campus,2025-01-01,FY 2024-25,2025-02-17,2025-08-02,47,213,true,108,0
R01724,Delivery,L1,Junior (L1-L2),Bengaluru,Campus,2025-01-01,FY 2024-25,2025-02-16,2025-08-19,46,230,true,57,0
R01725,Delivery,L1,Junior (L1-L2),Hyderabad,Campus,2025-01-01,FY 2024-25,2025-03-10,2025-08-01,68,212,true,36,2
R01726,Sales and Presales,L1,Junior (L1-L2),Bengaluru,Campus,2025-01-01,FY 2024-25,2025-02-28,2025-08-02,58,213,true,30,0
R01727,Cloud and Infrastructure,L1,Junior (L1-L2),Bengaluru,Campus,2025-01-01,FY 2024-25,2025-03-09,2025-08-18,67,229,true,56,0
R01728,Quality Engineering,L1,Junior (L1-L2),Bengaluru,Campus,2025-01-01,FY 2024-25,2025-03-02,2025-08-20,60,231,true,85,0
R01729,Cloud and Infrastructure,L1,Junior (L1-L2),Hyderabad,Campus,2025-01-01,FY 2024-25,2025-03-03,2025-08-04,61,215,true,46,1
R01730,Cloud and Infrastructure,L1,Junior (L1-L2),Bengaluru,Campus,2025-01-01,FY 2024-25,2025-03-01,2025-08-07,59,218,true,58,3
R01731,Delivery,L1,Junior (L1-L2),Hyderabad,Campus,2025-01-01,FY 2024-25,2025-02-25,2025-08-05,55,216,true,106,0
R01732,Data and Analytics,L1,Junior (L1-L2),Bengaluru,Campus,2025-01-01,FY 2024-25,2025-02-26,2025-08-08,56,219,true,115,0
R01733,Delivery,L1,Junior (L1-L2),Bengaluru,Campus,2025-01-01,FY 2024-25,2025-03-02,2025-08-07,60,218,true,43,0
R01734,Delivery,L1,Junior (L1-L2),Bengaluru,Campus,2025-01-01,FY 2024-25,2025-02-15,2025-08-07,45,218,true,40,0
R01735,Sales and Presales,L1,Junior (L1-L2),Bengaluru,Campus,2025-01-01,FY 2024-25,2025-02-18,2025-08-19,48,230,true,48,0
R01736,Delivery,L1,Junior (L1-L2),Hyderabad,Campus,2025-01-01,FY 2024-25,2025-02-17,2025-08-15,47,226,true,86,0
R01737,Delivery,L1,Junior (L1-L2),Hyderabad,Campus,2025-01-01,FY 2024-25,2025-03-03,2025-08-17,61,228,true,82,0
R01738,Quality Engineering,L1,Junior (L1-L2),Bengaluru,Campus,2025-01-01,FY 2024-25,2025-02-21,2025-08-09,51,220,true,93,0
R01739,Data and Analytics,L1,Junior (L1-L2),Hyderabad,Campus,2025-01-01,FY 2024-25,2025-02-26,2025-08-19,56,230,true,49,0
R01740,Quality Engineering,L1,Junior (L1-L2),Hyderabad,Campus,2025-01-01,FY 2024-25,2025-03-02,2025-08-11,60,222,true,80,0
R01741,Delivery,L1,Junior (L1-L2),Hyderabad,Campus,2025-01-01,FY 2024-25,2025-02-20,2025-08-04,50,215,true,33,0
R01742,Delivery,L1,Junior (L1-L2),Hyderabad,Campus,2025-01-01,FY 2024-25,2025-03-06,2025-08-16,64,227,true,117,0
R01743,Delivery,L1,Junior (L1-L2),Bengaluru,Campus,2025-01-01,FY 2024-25,2025-02-20,2025-08-06,50,217,true,109,0
R01744,Sales and Presales,L1,Junior (L1-L2),Hyderabad,Campus,2025-01-01,FY 2024-25,2025-03-06,2025-08-15,64,226,true,88,0
R01745,Sales and Presales,L1,Junior (L1-L2),Bengaluru,Campus,2025-01-01,FY 2024-25,2025-02-26,2025-08-03,56,214,true,40,0
R01746,Delivery,L1,Junior (L1-L2),Bengaluru,Campus,2025-01-01,FY 2024-25,2025-02-12,2025-08-14,42,225,true,84,0
R01747,Cloud and Infrastructure,L1,Junior (L1-L2),Bengaluru,Campus,2025-01-01,FY 2024-25,2025-02-19,2025-08-03,49,214,true,43,0
R01748,Delivery,L1,Junior (L1-L2),Hyderabad,Campus,2025-01-01,FY 2024-25,2025-02-25,2025-08-07,55,218,true,80,0
R01749,Quality Engineering,L1,Junior (L1-L2),Hyderabad,Campus,2025-01-01,FY 2024-25,2025-02-16,2025-08-17,46,228,true,98,0
R01750,Delivery,L1,Junior (L1-L2),Hyderabad,Campus,2025-01-01,FY 2024-25,2025-03-19,2025-08-02,77,213,true,53,0
R01751,Quality Engineering,L1,Junior (L1-L2),Hyderabad,Campus,2025-01-01,FY 2024-25,2025-02-22,2025-08-05,52,216,true,91,0
R01752,Quality Engineering,L1,Junior (L1-L2),Hyderabad,Campus,2025-01-01,FY 2024-25,2025-02-17,2025-08-20,47,231,true,42,0
R01753,Cloud and Infrastructure,L1,Junior (L1-L2),Bengaluru,Campus,2025-01-01,FY 2024-25,2025-02-20,2025-08-16,50,227,true,96,0
R01754,Data and Analytics,L1,Junior (L1-L2),Hyderabad,Campus,2025-01-01,FY 2024-25,2025-02-09,2025-08-18,39,229,true,119,1
R01755,Cloud and Infrastructure,L1,Junior (L1-L2),Bengaluru,Campus,2025-01-01,FY 2024-25,2025-02-23,2025-08-12,53,223,true,50,0
R01756,Delivery,L1,Junior (L1-L2),Bengaluru,Campus,2025-01-01,FY 2024-25,2025-02-23,2025-08-13,53,224,true,21,1
R01757,Quality Engineering,L1,Junior (L1-L2),Bengaluru,Campus,2025-01-01,FY 2024-25,2025-03-13,2025-08-15,71,226,true,61,1
R01758,Delivery,L1,Junior (L1-L2),Hyderabad,Campus,2025-01-01,FY 2024-25,2025-02-07,2025-08-17,37,228,true,77,0
R01759,Quality Engineering,L1,Junior (L1-L2),Hyderabad,Campus,2025-01-01,FY 2024-25,2025-02-13,2025-08-10,43,221,true,106,0
R01760,Cloud and Infrastructure,L2,Junior (L1-L2),Hyderabad,Backfill,2025-02-14,FY 2024-25,2025-03-31,2025-04-30,45,75,true,24,0
R01761,Sales and Presales,L4,Mid (L3-L4),Hyderabad,Backfill,2025-02-11,FY 2024-25,2025-04-09,2025-07-08,57,147,true,24,0
R01762,Delivery,L6,Senior (L5-L6),Hyderabad,Backfill,2025-02-20,FY 2024-25,2025-04-13,2025-06-12,52,112,true,8,0
R01763,Cloud and Infrastructure,L2,Junior (L1-L2),Bengaluru,Backfill,2025-02-19,FY 2024-25,2025-04-23,2025-06-22,63,123,true,12,0
R01764,Quality Engineering,L3,Mid (L3-L4),Hyderabad,Backfill,2025-02-02,FY 2024-25,2025-02-27,2025-03-29,25,55,true,12,1
R01765,Quality Engineering,L3,Mid (L3-L4),Hyderabad,Backfill,2025-02-25,FY 2024-25,2025-03-19,2025-06-17,22,112,true,25,2
R01766,Consulting,L2,Junior (L1-L2),Bengaluru,Backfill,2025-02-03,FY 2024-25,2025-03-09,2025-06-07,34,124,true,28,1
R01767,Sales and Presales,L2,Junior (L1-L2),Hyderabad,Backfill,2025-02-15,FY 2024-25,2025-03-15,2025-05-14,28,88,true,22,1
R01768,Delivery,L2,Junior (L1-L2),Hyderabad,Backfill,2025-02-13,FY 2024-25,2025-03-24,2025-06-22,39,129,true,18,0
R01769,Cloud and Infrastructure,L3,Mid (L3-L4),Bengaluru,Backfill,2025-02-12,FY 2024-25,2025-03-24,2025-04-23,40,70,true,18,1
R01770,Quality Engineering,L1,Junior (L1-L2),Bengaluru,Backfill,2025-02-13,FY 2024-25,2025-02-28,2025-04-29,15,75,true,39,2
R01771,Quality Engineering,L3,Mid (L3-L4),Hyderabad,Backfill,2025-02-25,FY 2024-25,2025-04-11,2025-07-10,45,135,true,23,1
R01772,Delivery,L1,Junior (L1-L2),Hyderabad,Backfill,2025-02-18,FY 2024-25,2025-03-18,2025-04-17,28,58,true,16,1
R01773,Consulting,L5,Senior (L5-L6),Hyderabad,Backfill,2025-02-06,FY 2024-25,2025-03-09,2025-05-08,31,91,true,14,1
R01774,Delivery,L3,Mid (L3-L4),Bengaluru,Backfill,2025-02-02,FY 2024-25,2025-03-25,2025-05-24,51,111,true,18,1
R01775,Delivery,L1,Junior (L1-L2),Bengaluru,Backfill,2025-02-24,FY 2024-25,2025-03-30,2025-06-28,34,124,true,22,3
R01776,Delivery,L3,Mid (L3-L4),Hyderabad,Backfill,2025-02-06,FY 2024-25,2025-03-09,2025-05-08,31,91,true,11,1
R01777,Delivery,L1,Junior (L1-L2),Hyderabad,Backfill,2025-02-23,FY 2024-25,2025-03-24,2025-04-23,29,59,true,28,0
R01778,Sales and Presales,L1,Junior (L1-L2),Bengaluru,Backfill,2025-02-06,FY 2024-25,2025-03-09,2025-06-07,31,121,true,11,1
R01779,Cloud and Infrastructure,L1,Junior (L1-L2),Bengaluru,Backfill,2025-02-05,FY 2024-25,2025-02-19,2025-04-20,14,74,true,20,2
R01780,Quality Engineering,L1,Junior (L1-L2),Hyderabad,Backfill,2025-02-04,FY 2024-25,2025-03-27,2025-04-26,51,81,true,12,1
R01781,Data and Analytics,L3,Mid (L3-L4),Hyderabad,Backfill,2025-02-07,FY 2024-25,2025-03-26,2025-06-24,47,137,true,25,0
R01782,Delivery,L4,Mid (L3-L4),Bengaluru,Growth,2025-02-01,FY 2024-25,2025-04-06,2025-05-06,64,94,true,33,2
R01783,Data and Analytics,L3,Mid (L3-L4),Hyderabad,Growth,2025-02-01,FY 2024-25,2025-04-29,2025-05-29,87,117,true,27,1
R01784,Cloud and Infrastructure,L3,Mid (L3-L4),Hyderabad,Growth,2025-02-01,FY 2024-25,2025-02-23,2025-04-24,22,82,true,8,1
R01785,Delivery,L2,Junior (L1-L2),Hyderabad,Backfill,2025-03-19,FY 2024-25,2025-04-14,2025-06-13,26,86,true,28,1
R01786,Cloud and Infrastructure,L1,Junior (L1-L2),Bengaluru,Backfill,2025-03-12,FY 2024-25,2025-04-11,2025-06-10,30,90,true,17,0
R01787,Delivery,L4,Mid (L3-L4),Hyderabad,Backfill,2025-03-25,FY 2024-25,2025-06-06,2025-09-04,73,163,true,13,0
R01788,Delivery,L3,Mid (L3-L4),Hyderabad,Backfill,2025-03-13,FY 2024-25,2025-04-30,2025-07-29,48,138,true,32,1
R01789,Data and Analytics,L2,Junior (L1-L2),Hyderabad,Backfill,2025-03-10,FY 2024-25,2025-04-29,2025-05-29,50,80,true,38,0
R01790,Quality Engineering,L2,Junior (L1-L2),Hyderabad,Backfill,2025-03-16,FY 2024-25,2025-05-03,2025-07-02,48,108,true,9,0
R01791,Cloud and Infrastructure,L2,Junior (L1-L2),Hyderabad,Backfill,2025-03-18,FY 2024-25,2025-04-14,2025-06-13,27,87,true,39,0
R01792,Delivery,L4,Mid (L3-L4),Hyderabad,Backfill,2025-03-02,FY 2024-25,2025-03-16,2025-05-15,14,74,true,24,0
R01793,Quality Engineering,L2,Junior (L1-L2),Bengaluru,Backfill,2025-03-15,FY 2024-25,2025-05-05,2025-07-04,51,111,true,15,0
R01794,Delivery,L4,Mid (L3-L4),Hyderabad,Backfill,2025-03-22,FY 2024-25,2025-05-13,2025-07-12,52,112,true,22,1
R01795,Quality Engineering,L2,Junior (L1-L2),Bengaluru,Backfill,2025-03-21,FY 2024-25,2025-04-14,2025-07-13,24,114,true,31,0
R01796,Sales and Presales,L1,Junior (L1-L2),Hyderabad,Backfill,2025-03-22,FY 2024-25,2025-05-13,2025-06-12,52,82,true,16,1
R01797,Sales and Presales,L1,Junior (L1-L2),Bengaluru,Backfill,2025-03-22,FY 2024-25,2025-04-11,2025-06-10,20,80,true,35,0
R01798,Corporate Functions,L3,Mid (L3-L4),Hyderabad,Backfill,2025-03-15,FY 2024-25,2025-03-24,2025-04-23,9,39,true,9,0
R01799,Delivery,L3,Mid (L3-L4),Hyderabad,Backfill,2025-03-08,FY 2024-25,2025-04-22,2025-06-21,45,105,true,7,0
R01800,Delivery,L4,Mid (L3-L4),Bengaluru,Backfill,2025-03-20,FY 2024-25,2025-05-26,2025-06-25,67,97,true,12,2
R01801,Delivery,L1,Junior (L1-L2),Bengaluru,Backfill,2025-03-23,FY 2024-25,2025-04-28,2025-05-28,36,66,true,15,1
R01802,Quality Engineering,L2,Junior (L1-L2),Hyderabad,Backfill,2025-03-19,FY 2024-25,2025-04-29,2025-07-28,41,131,true,14,0
R01803,Delivery,L1,Junior (L1-L2),Hyderabad,Backfill,2025-03-27,FY 2024-25,2025-04-04,2025-06-03,8,68,true,36,0
R01804,Quality Engineering,L1,Junior (L1-L2),Hyderabad,Backfill,2025-03-01,FY 2024-25,2025-03-27,2025-06-25,26,116,true,25,0
R01805,Data and Analytics,L2,Junior (L1-L2),Bengaluru,Backfill,2025-03-14,FY 2024-25,2025-04-20,2025-07-19,37,127,true,25,0
R01806,Delivery,L1,Junior (L1-L2),Bengaluru,Backfill,2025-03-08,FY 2024-25,2025-04-17,2025-06-16,40,100,true,34,0
R01807,Delivery,L1,Junior (L1-L2),Hyderabad,Backfill,2025-03-04,FY 2024-25,2025-05-10,2025-07-09,67,127,true,31,1
R01808,Consulting,L1,Junior (L1-L2),Hyderabad,Backfill,2025-03-22,FY 2024-25,2025-04-17,2025-06-16,26,86,true,21,0
R01809,Delivery,L2,Junior (L1-L2),Hyderabad,Backfill,2025-03-25,FY 2024-25,2025-04-10,2025-05-10,16,46,true,9,1
R01810,Delivery,L1,Junior (L1-L2),Hyderabad,Backfill,2025-03-15,FY 2024-25,2025-05-16,2025-07-15,62,122,true,11,1
R01811,Quality Engineering,L1,Junior (L1-L2),Bengaluru,Backfill,2025-03-19,FY 2024-25,2025-04-22,2025-07-21,34,124,true,19,0
R01812,Consulting,L3,Mid (L3-L4),Bengaluru,Growth,2025-03-01,FY 2024-25,2025-04-20,2025-07-19,50,140,true,27,0
R01813,Cloud and Infrastructure,L4,Mid (L3-L4),Bengaluru,Growth,2025-03-01,FY 2024-25,2025-05-07,2025-07-06,67,127,true,9,1
R01814,Cloud and Infrastructure,L3,Mid (L3-L4),Hyderabad,Growth,2025-03-01,FY 2024-25,2025-04-01,2025-05-31,31,91,true,12,0
R01815,Corporate Functions,L1,Junior (L1-L2),Hyderabad,Backfill,2025-04-06,FY 2025-26,2025-04-22,2025-06-21,16,76,true,10,0
R01816,Quality Engineering,L1,Junior (L1-L2),Hyderabad,Backfill,2025-04-05,FY 2025-26,2025-04-23,2025-06-22,18,78,true,13,0
R01817,Data and Analytics,L3,Mid (L3-L4),Bengaluru,Backfill,2025-04-24,FY 2025-26,2025-06-08,2025-08-07,45,105,true,30,0
R01818,Cloud and Infrastructure,L3,Mid (L3-L4),Bengaluru,Backfill,2025-04-05,FY 2025-26,2025-04-24,2025-07-23,19,109,true,23,1
R01819,Delivery,L1,Junior (L1-L2),Bengaluru,Backfill,2025-04-02,FY 2025-26,2025-04-15,2025-06-14,13,73,true,10,0
R01820,Quality Engineering,L2,Junior (L1-L2),Bengaluru,Backfill,2025-04-21,FY 2025-26,2025-05-27,2025-07-26,36,96,true,12,0
R01821,Quality Engineering,L2,Junior (L1-L2),Hyderabad,Backfill,2025-04-06,FY 2025-26,2025-05-09,2025-07-08,33,93,true,13,0
R01822,Delivery,L3,Mid (L3-L4),Bengaluru,Backfill,2025-04-21,FY 2025-26,2025-07-10,2025-09-08,80,140,true,38,1
R01823,Sales and Presales,L4,Mid (L3-L4),Hyderabad,Backfill,2025-04-24,FY 2025-26,2025-06-20,2025-09-18,57,147,true,20,1
R01824,Delivery,L1,Junior (L1-L2),Hyderabad,Backfill,2025-04-23,FY 2025-26,2025-05-13,2025-07-12,20,80,true,11,1
R01825,Delivery,L3,Mid (L3-L4),Hyderabad,Backfill,2025-04-26,FY 2025-26,2025-05-23,2025-06-22,27,57,true,15,2
R01826,Data and Analytics,L1,Junior (L1-L2),Bengaluru,Backfill,2025-04-26,FY 2025-26,2025-05-22,2025-07-21,26,86,true,15,0
R01827,Cloud and Infrastructure,L3,Mid (L3-L4),Hyderabad,Backfill,2025-04-05,FY 2025-26,2025-06-03,2025-08-02,59,119,true,8,1
R01828,Delivery,L5,Senior (L5-L6),Hyderabad,Backfill,2025-04-03,FY 2025-26,2025-05-01,2025-05-31,28,58,true,10,3
R01829,Cloud and Infrastructure,L3,Mid (L3-L4),Bengaluru,Backfill,2025-04-12,FY 2025-26,2025-05-09,2025-08-07,27,117,true,21,1
R01830,Delivery,L2,Junior (L1-L2),Bengaluru,Backfill,2025-04-25,FY 2025-26,2025-05-08,2025-06-07,13,43,true,39,0
R01831,Consulting,L2,Junior (L1-L2),Bengaluru,Backfill,2025-04-06,FY 2025-26,2025-05-05,2025-07-04,29,89,true,37,0
R01832,Data and Analytics,L1,Junior (L1-L2),Bengaluru,Backfill,2025-04-19,FY 2025-26,2025-05-26,2025-07-25,37,97,true,18,0
R01833,Delivery,L1,Junior (L1-L2),Hyderabad,Backfill,2025-04-22,FY 2025-26,2025-05-27,2025-08-25,35,125,true,21,1
R01834,Cloud and Infrastructure,L1,Junior (L1-L2),Bengaluru,Backfill,2025-04-18,FY 2025-26,2025-06-09,2025-09-07,52,142,true,17,2
R01835,Quality Engineering,L2,Junior (L1-L2),Bengaluru,Backfill,2025-04-14,FY 2025-26,2025-05-07,2025-06-06,23,53,true,12,0
R01836,Sales and Presales,L2,Junior (L1-L2),Hyderabad,Backfill,2025-04-01,FY 2025-26,2025-06-18,2025-08-17,78,138,true,24,2
R01837,Delivery,L1,Junior (L1-L2),Hyderabad,Backfill,2025-04-03,FY 2025-26,2025-04-24,2025-07-23,21,111,true,38,0
R01838,Delivery,L2,Junior (L1-L2),Bengaluru,Backfill,2025-04-20,FY 2025-26,2025-05-13,2025-07-12,23,83,true,26,0
R01839,Data and Analytics,L4,Mid (L3-L4),Bengaluru,Backfill,2025-05-20,FY 2025-26,2025-06-21,2025-08-20,32,92,true,33,2
R01840,Delivery,L1,Junior (L1-L2),Hyderabad,Backfill,2025-05-09,FY 2025-26,2025-06-03,2025-07-03,25,55,true,18,2
R01841,Data and Analytics,L5,Senior (L5-L6),Bengaluru,Backfill,2025-05-17,FY 2025-26,2025-08-13,2025-09-12,88,118,true,39,2
R01842,Delivery,L3,Mid (L3-L4),Hyderabad,Backfill,2025-05-26,FY 2025-26,2025-07-05,2025-09-03,40,100,true,16,0
R01843,Delivery,L3,Mid (L3-L4),Bengaluru,Backfill,2025-05-11,FY 2025-26,2025-06-16,2025-07-16,36,66,true,10,1
R01844,Delivery,L2,Junior (L1-L2),Hyderabad,Backfill,2025-05-16,FY 2025-26,2025-06-04,2025-09-02,19,109,true,16,0
R01845,Delivery,L3,Mid (L3-L4),Bengaluru,Backfill,2025-05-26,FY 2025-26,2025-07-13,2025-10-11,48,138,true,19,1
R01846,Delivery,L2,Junior (L1-L2),Hyderabad,Backfill,2025-05-15,FY 2025-26,2025-06-26,2025-09-24,42,132,true,24,0
R01847,Delivery,L3,Mid (L3-L4),Bengaluru,Backfill,2025-05-05,FY 2025-26,2025-07-30,2025-08-29,86,116,true,11,2
R01848,Data and Analytics,L3,Mid (L3-L4),Hyderabad,Backfill,2025-05-16,FY 2025-26,2025-06-14,2025-08-13,29,89,true,15,1
R01849,Delivery,L3,Mid (L3-L4),Bengaluru,Backfill,2025-05-13,FY 2025-26,2025-07-26,2025-10-24,74,164,true,28,1
R01850,Cloud and Infrastructure,L2,Junior (L1-L2),Hyderabad,Backfill,2025-05-05,FY 2025-26,2025-05-26,2025-07-25,21,81,true,30,1
R01851,Quality Engineering,L3,Mid (L3-L4),Hyderabad,Backfill,2025-05-18,FY 2025-26,2025-07-15,2025-10-13,58,148,true,25,1
R01852,Quality Engineering,L3,Mid (L3-L4),Bengaluru,Backfill,2025-05-17,FY 2025-26,2025-06-01,2025-07-31,15,75,true,25,2
R01853,Cloud and Infrastructure,L1,Junior (L1-L2),Hyderabad,Backfill,2025-05-20,FY 2025-26,2025-06-05,2025-08-04,16,76,true,31,1
R01854,Data and Analytics,L5,Senior (L5-L6),Bengaluru,Backfill,2025-05-03,FY 2025-26,2025-08-17,2025-10-16,106,166,true,6,3
R01855,Delivery,L2,Junior (L1-L2),Bengaluru,Backfill,2025-05-08,FY 2025-26,2025-07-11,2025-09-09,64,124,true,23,1
R01856,Sales and Presales,L3,Mid (L3-L4),Bengaluru,Backfill,2025-05-15,FY 2025-26,2025-05-31,2025-07-30,16,76,true,33,1
R01857,Cloud and Infrastructure,L3,Mid (L3-L4),Hyderabad,Backfill,2025-05-19,FY 2025-26,2025-06-11,2025-09-09,23,113,true,34,0
R01858,Quality Engineering,L2,Junior (L1-L2),Bengaluru,Backfill,2025-05-18,FY 2025-26,2025-06-05,2025-09-03,18,108,true,19,0
R01859,Quality Engineering,L3,Mid (L3-L4),Hyderabad,Backfill,2025-05-06,FY 2025-26,2025-06-13,2025-07-13,38,68,true,15,2
R01860,Cloud and Infrastructure,L2,Junior (L1-L2),Hyderabad,Backfill,2025-05-05,FY 2025-26,2025-06-21,2025-08-20,47,107,true,20,0
R01861,Quality Engineering,L3,Mid (L3-L4),Hyderabad,Backfill,2025-05-25,FY 2025-26,2025-06-13,2025-07-13,19,49,true,10,2
R01862,Data and Analytics,L2,Junior (L1-L2),Bengaluru,Backfill,2025-05-24,FY 2025-26,2025-06-18,2025-08-17,25,85,true,37,1
R01863,Delivery,L1,Junior (L1-L2),Hyderabad,Backfill,2025-05-07,FY 2025-26,2025-05-18,2025-07-17,11,71,true,13,2
R01864,Delivery,L1,Junior (L1-L2),Hyderabad,Backfill,2025-05-04,FY 2025-26,2025-06-05,2025-07-05,32,62,true,26,1
R01865,Sales and Presales,L2,Junior (L1-L2),Hyderabad,Backfill,2025-05-20,FY 2025-26,2025-06-20,2025-08-19,31,91,true,21,0
R01866,Cloud and Infrastructure,L1,Junior (L1-L2),Hyderabad,Backfill,2025-05-23,FY 2025-26,2025-07-05,2025-09-03,43,103,true,34,0
R01867,Delivery,L3,Mid (L3-L4),Hyderabad,Backfill,2025-05-07,FY 2025-26,2025-06-28,2025-09-26,52,142,true,37,3
R01868,Delivery,L1,Junior (L1-L2),Bengaluru,Backfill,2025-05-26,FY 2025-26,2025-08-07,2025-10-06,73,133,true,16,0
R01869,Delivery,L1,Junior (L1-L2),Bengaluru,Backfill,2025-05-02,FY 2025-26,2025-05-22,2025-07-21,20,80,true,12,2
R01870,Delivery,L3,Mid (L3-L4),Hyderabad,Backfill,2025-05-09,FY 2025-26,2025-06-14,2025-09-12,36,126,true,26,1
R01871,Cloud and Infrastructure,L4,Mid (L3-L4),Bengaluru,Backfill,2025-05-03,FY 2025-26,2025-06-26,2025-08-25,54,114,true,30,0
R01872,Delivery,L1,Junior (L1-L2),Hyderabad,Backfill,2025-05-16,FY 2025-26,2025-06-23,2025-08-22,38,98,true,12,1
R01873,Delivery,L3,Mid (L3-L4),Hyderabad,Backfill,2025-05-13,FY 2025-26,2025-06-10,2025-08-09,28,88,true,7,1
R01874,Delivery,L4,Mid (L3-L4),Hyderabad,Growth,2025-05-01,FY 2025-26,2025-07-28,2025-09-26,88,148,true,14,1
R01875,Delivery,L5,Senior (L5-L6),Hyderabad,Growth,2025-05-01,FY 2025-26,2025-08-11,2025-10-10,102,162,true,10,0
R01876,Quality Engineering,L2,Junior (L1-L2),Hyderabad,Growth,2025-05-01,FY 2025-26,2025-05-24,2025-08-22,23,113,true,25,1
R01877,Cloud and Infrastructure,L5,Senior (L5-L6),Hyderabad,Growth,2025-05-01,FY 2025-26,2025-06-20,2025-08-19,50,110,true,23,2
R01878,Delivery,L2,Junior (L1-L2),Hyderabad,Growth,2025-05-01,FY 2025-26,2025-05-13,2025-07-12,12,72,true,10,0
R01879,Cloud and Infrastructure,L2,Junior (L1-L2),Bengaluru,Growth,2025-05-01,FY 2025-26,2025-05-26,2025-07-25,25,85,true,32,0
R01880,Corporate Functions,L2,Junior (L1-L2),Hyderabad,Growth,2025-05-01,FY 2025-26,2025-06-13,2025-08-12,43,103,true,10,0
R01881,Quality Engineering,L2,Junior (L1-L2),Hyderabad,Growth,2025-05-01,FY 2025-26,2025-06-23,2025-07-23,53,83,true,27,0
R01882,Corporate Functions,L1,Junior (L1-L2),Hyderabad,Backfill,2025-06-01,FY 2025-26,2025-06-26,2025-07-26,25,55,true,8,1
R01883,Delivery,L5,Senior (L5-L6),Bengaluru,Backfill,2025-06-09,FY 2025-26,2025-08-10,2025-09-09,62,92,true,36,0
R01884,Quality Engineering,L1,Junior (L1-L2),Bengaluru,Backfill,2025-06-08,FY 2025-26,2025-08-11,2025-11-09,64,154,true,15,1
R01885,Sales and Presales,L3,Mid (L3-L4),Bengaluru,Backfill,2025-06-07,FY 2025-26,2025-07-27,2025-09-25,50,110,true,12,1
R01886,Delivery,L2,Junior (L1-L2),Bengaluru,Backfill,2025-06-04,FY 2025-26,2025-07-19,2025-09-17,45,105,true,36,0
R01887,Delivery,L2,Junior (L1-L2),Bengaluru,Backfill,2025-06-12,FY 2025-26,2025-07-03,2025-08-02,21,51,true,39,1
R01888,Sales and Presales,L1,Junior (L1-L2),Hyderabad,Backfill,2025-06-06,FY 2025-26,2025-06-27,2025-09-25,21,111,true,30,0
R01889,Cloud and Infrastructure,L2,Junior (L1-L2),Bengaluru,Backfill,2025-06-21,FY 2025-26,2025-07-22,2025-10-20,31,121,true,34,1
R01890,Data and Analytics,L2,Junior (L1-L2),Bengaluru,Backfill,2025-06-15,FY 2025-26,2025-07-15,2025-08-14,30,60,true,24,0
R01891,Delivery,L2,Junior (L1-L2),Bengaluru,Backfill,2025-06-09,FY 2025-26,2025-08-27,2025-10-26,79,139,true,39,0
R01892,Sales and Presales,L2,Junior (L1-L2),Hyderabad,Backfill,2025-06-26,FY 2025-26,2025-07-26,2025-09-24,30,90,true,23,1
R01893,Data and Analytics,L5,Senior (L5-L6),Hyderabad,Backfill,2025-06-18,FY 2025-26,2025-08-15,2025-09-14,58,88,true,31,1
R01894,Delivery,L2,Junior (L1-L2),Bengaluru,Backfill,2025-06-13,FY 2025-26,2025-07-25,2025-09-23,42,102,true,9,0
R01895,Quality Engineering,L1,Junior (L1-L2),Hyderabad,Backfill,2025-06-01,FY 2025-26,2025-06-22,2025-09-20,21,111,true,22,1
R01896,Sales and Presales,L2,Junior (L1-L2),Bengaluru,Backfill,2025-06-17,FY 2025-26,2025-07-30,2025-10-28,43,133,true,9,1
R01897,Delivery,L1,Junior (L1-L2),Hyderabad,Backfill,2025-06-21,FY 2025-26,2025-07-09,2025-08-08,18,48,true,18,0
R01898,Delivery,L2,Junior (L1-L2),Hyderabad,Backfill,2025-06-03,FY 2025-26,2025-07-07,2025-09-05,34,94,true,39,0
R01899,Quality Engineering,L3,Mid (L3-L4),Bengaluru,Backfill,2025-06-03,FY 2025-26,2025-09-22,2025-12-21,111,201,true,39,0
R01900,Data and Analytics,L2,Junior (L1-L2),Bengaluru,Backfill,2025-06-12,FY 2025-26,2025-07-07,2025-08-06,25,55,true,32,0
R01901,Delivery,L1,Junior (L1-L2),Hyderabad,Backfill,2025-06-03,FY 2025-26,2025-07-27,2025-09-25,54,114,true,12,0
R01902,Delivery,L2,Junior (L1-L2),Hyderabad,Backfill,2025-06-19,FY 2025-26,2025-07-13,2025-09-11,24,84,true,13,0
R01903,Delivery,L1,Junior (L1-L2),Hyderabad,Backfill,2025-06-23,FY 2025-26,2025-08-08,2025-11-06,46,136,true,33,1
R01904,Sales and Presales,L1,Junior (L1-L2),Hyderabad,Backfill,2025-06-26,FY 2025-26,2025-07-25,2025-09-23,29,89,true,34,0
R01905,Delivery,L1,Junior (L1-L2),Hyderabad,Backfill,2025-06-27,FY 2025-26,2025-08-22,2025-11-20,56,146,true,26,0
R01906,Delivery,L1,Junior (L1-L2),Hyderabad,Backfill,2025-06-16,FY 2025-26,2025-07-04,2025-09-02,18,78,true,7,0
R01907,Cloud and Infrastructure,L1,Junior (L1-L2),Bengaluru,Backfill,2025-06-14,FY 2025-26,2025-06-28,2025-09-26,14,104,true,25,1
R01908,Delivery,L4,Mid (L3-L4),Hyderabad,Growth,2025-06-01,FY 2025-26,2025-07-14,2025-10-12,43,133,true,10,3
R01909,Cloud and Infrastructure,L2,Junior (L1-L2),Bengaluru,Growth,2025-06-01,FY 2025-26,2025-06-23,2025-09-21,22,112,true,23,1
R01910,Data and Analytics,L2,Junior (L1-L2),Hyderabad,Growth,2025-06-01,FY 2025-26,2025-07-08,2025-08-07,37,67,true,32,1
R01911,Delivery,L3,Mid (L3-L4),Bengaluru,Growth,2025-06-01,FY 2025-26,2025-07-10,2025-10-08,39,129,true,35,2
R01912,Consulting,L2,Junior (L1-L2),Hyderabad,Growth,2025-06-01,FY 2025-26,2025-06-20,2025-09-18,19,109,true,32,2
R01913,Data and Analytics,L2,Junior (L1-L2),Hyderabad,Backfill,2025-07-04,FY 2025-26,2025-08-28,2025-11-26,55,145,true,21,0
R01914,Delivery,L2,Junior (L1-L2),Bengaluru,Backfill,2025-07-19,FY 2025-26,2025-07-31,2025-09-29,12,72,true,22,1
R01915,Delivery,L2,Junior (L1-L2),Hyderabad,Backfill,2025-07-16,FY 2025-26,2025-08-19,2025-09-18,34,64,true,26,1
R01916,Data and Analytics,L2,Junior (L1-L2),Hyderabad,Backfill,2025-07-09,FY 2025-26,2025-08-30,2025-11-28,52,142,true,21,0
R01917,Corporate Functions,L1,Junior (L1-L2),Bengaluru,Backfill,2025-07-21,FY 2025-26,2025-08-17,2025-10-16,27,87,true,35,0
R01918,Delivery,L1,Junior (L1-L2),Hyderabad,Backfill,2025-07-09,FY 2025-26,2025-08-12,2025-09-11,34,64,true,32,0
R01919,Quality Engineering,L3,Mid (L3-L4),Bengaluru,Backfill,2025-07-11,FY 2025-26,2025-08-22,2025-09-21,42,72,true,37,1
R01920,Corporate Functions,L2,Junior (L1-L2),Hyderabad,Backfill,2025-07-19,FY 2025-26,2025-10-09,2025-12-08,82,142,true,32,1
R01921,Sales and Presales,L3,Mid (L3-L4),Bengaluru,Backfill,2025-07-02,FY 2025-26,2025-07-27,2025-09-25,25,85,true,38,0
R01922,Cloud and Infrastructure,L2,Junior (L1-L2),Bengaluru,Backfill,2025-07-10,FY 2025-26,2025-08-08,2025-10-07,29,89,true,26,0
R01923,Data and Analytics,L4,Mid (L3-L4),Bengaluru,Backfill,2025-07-07,FY 2025-26,2025-09-27,2025-12-26,82,172,true,21,1
R01924,Delivery,L2,Junior (L1-L2),Hyderabad,Backfill,2025-07-16,FY 2025-26,2025-08-21,2025-11-19,36,126,true,31,0
R01925,Cloud and Infrastructure,L4,Mid (L3-L4),Bengaluru,Backfill,2025-07-27,FY 2025-26,2025-08-25,2025-09-24,29,59,true,18,1
R01926,Sales and Presales,L1,Junior (L1-L2),Hyderabad,Backfill,2025-07-09,FY 2025-26,2025-08-19,2025-10-18,41,101,true,9,0
R01927,Sales and Presales,L3,Mid (L3-L4),Hyderabad,Backfill,2025-07-01,FY 2025-26,2025-08-25,2025-10-24,55,115,true,31,3
R01928,Data and Analytics,L3,Mid (L3-L4),Bengaluru,Backfill,2025-07-19,FY 2025-26,2025-08-11,2025-10-10,23,83,true,14,0
R01929,Data and Analytics,L2,Junior (L1-L2),Hyderabad,Backfill,2025-07-25,FY 2025-26,2025-09-15,2025-11-14,52,112,true,22,0
R01930,Consulting,L4,Mid (L3-L4),Bengaluru,Backfill,2025-07-03,FY 2025-26,2025-10-01,2025-11-30,90,150,true,14,2
R01931,Quality Engineering,L2,Junior (L1-L2),Hyderabad,Backfill,2025-07-27,FY 2025-26,2025-08-21,2025-10-20,25,85,true,26,1
R01932,Data and Analytics,L2,Junior (L1-L2),Hyderabad,Backfill,2025-07-01,FY 2025-26,2025-08-21,2025-09-20,51,81,true,18,0
R01933,Quality Engineering,L1,Junior (L1-L2),Hyderabad,Backfill,2025-07-20,FY 2025-26,2025-08-11,2025-10-10,22,82,true,14,0
R01934,Delivery,L1,Junior (L1-L2),Hyderabad,Backfill,2025-07-11,FY 2025-26,2025-08-05,2025-11-03,25,115,true,14,0
R01935,Delivery,L2,Junior (L1-L2),Bengaluru,Backfill,2025-07-24,FY 2025-26,2025-09-03,2025-12-02,41,131,true,16,0
R01936,Data and Analytics,L1,Junior (L1-L2),Hyderabad,Backfill,2025-07-12,FY 2025-26,2025-09-13,2025-11-12,63,123,true,27,0
R01937,Quality Engineering,L1,Junior (L1-L2),Hyderabad,Backfill,2025-07-18,FY 2025-26,2025-08-17,2025-10-16,30,90,true,34,0
R01938,Delivery,L2,Junior (L1-L2),Bengaluru,Backfill,2025-07-24,FY 2025-26,2025-08-15,2025-10-14,22,82,true,9,1
R01939,Corporate Functions,L2,Junior (L1-L2),Bengaluru,Backfill,2025-07-07,FY 2025-26,2025-08-04,2025-09-03,28,58,true,20,0
R01940,Delivery,L6,Senior (L5-L6),Hyderabad,Backfill,2025-07-10,FY 2025-26,2025-12-01,2026-01-30,144,204,true,9,3
R01941,Cloud and Infrastructure,L2,Junior (L1-L2),Hyderabad,Backfill,2025-07-16,FY 2025-26,2025-07-31,2025-09-29,15,75,true,29,1
R01942,Delivery,L2,Junior (L1-L2),Bengaluru,Backfill,2025-07-19,FY 2025-26,2025-08-05,2025-11-03,17,107,true,28,1
R01943,Delivery,L2,Junior (L1-L2),Bengaluru,Backfill,2025-07-16,FY 2025-26,2025-08-15,2025-11-13,30,120,true,13,0
R01944,Quality Engineering,L1,Junior (L1-L2),Bengaluru,Backfill,2025-07-12,FY 2025-26,2025-09-01,2025-10-01,51,81,true,24,0
R01945,Delivery,L1,Junior (L1-L2),Bengaluru,Backfill,2025-07-17,FY 2025-26,2025-08-12,2025-09-11,26,56,true,15,1
R01946,Quality Engineering,L1,Junior (L1-L2),Hyderabad,Backfill,2025-07-11,FY 2025-26,2025-08-22,2025-09-21,42,72,true,36,0
R01947,Delivery,L2,Junior (L1-L2),Hyderabad,Backfill,2025-07-09,FY 2025-26,2025-08-25,2025-09-24,47,77,true,23,0
R01948,Delivery,L3,Mid (L3-L4),Bengaluru,Backfill,2025-07-18,FY 2025-26,2025-09-01,2025-10-31,45,105,true,15,1
R01949,Corporate Functions,L2,Junior (L1-L2),Hyderabad,Growth,2025-07-01,FY 2025-26,2025-08-01,2025-10-30,31,121,true,10,1
R01950,Cloud and Infrastructure,L5,Senior (L5-L6),Hyderabad,Growth,2025-07-01,FY 2025-26,2025-08-17,2025-11-15,47,137,true,26,0
R01951,Quality Engineering,L2,Junior (L1-L2),Bengaluru,Backfill,2025-08-21,FY 2025-26,2025-09-11,2025-10-11,21,51,true,26,1
R01952,Quality Engineering,L2,Junior (L1-L2),Bengaluru,Backfill,2025-08-03,FY 2025-26,2025-09-13,2025-11-12,41,101,true,30,1
R01953,Sales and Presales,L3,Mid (L3-L4),Hyderabad,Backfill,2025-08-04,FY 2025-26,2025-09-04,2025-10-04,31,61,true,32,2
R01954,Delivery,L1,Junior (L1-L2),Hyderabad,Backfill,2025-08-21,FY 2025-26,2025-09-02,2025-11-01,12,72,true,20,0
R01955,Delivery,L1,Junior (L1-L2),Hyderabad,Backfill,2025-08-13,FY 2025-26,2025-08-29,2025-09-28,16,46,true,35,0
R01956,Cloud and Infrastructure,L2,Junior (L1-L2),Bengaluru,Backfill,2025-08-26,FY 2025-26,2025-09-26,2025-11-25,31,91,true,11,1
R01957,Delivery,L4,Mid (L3-L4),Bengaluru,Backfill,2025-08-20,FY 2025-26,2025-10-06,2025-11-05,47,77,true,28,1
R01958,Delivery,L3,Mid (L3-L4),Hyderabad,Backfill,2025-08-10,FY 2025-26,2025-10-10,2025-12-09,61,121,true,38,1
R01959,Delivery,L2,Junior (L1-L2),Bengaluru,Backfill,2025-08-12,FY 2025-26,2025-10-13,2025-12-12,62,122,true,15,1
R01960,Delivery,L3,Mid (L3-L4),Hyderabad,Backfill,2025-08-04,FY 2025-26,2025-08-18,2025-10-17,14,74,true,24,2
R01961,Quality Engineering,L2,Junior (L1-L2),Bengaluru,Backfill,2025-08-17,FY 2025-26,2025-10-12,2025-12-11,56,116,true,12,1
R01962,Data and Analytics,L1,Junior (L1-L2),Bengaluru,Backfill,2025-08-05,FY 2025-26,2025-09-04,2025-10-04,30,60,true,23,0
R01963,Delivery,L2,Junior (L1-L2),Hyderabad,Backfill,2025-08-24,FY 2025-26,2025-10-09,2025-11-08,46,76,true,23,0
R01964,Quality Engineering,L1,Junior (L1-L2),Hyderabad,Backfill,2025-08-04,FY 2025-26,2025-09-26,2025-12-25,53,143,true,36,1
R01965,Quality Engineering,L1,Junior (L1-L2),Hyderabad,Backfill,2025-08-13,FY 2025-26,2025-09-02,2025-10-02,20,50,true,37,0
R01966,Cloud and Infrastructure,L2,Junior (L1-L2),Hyderabad,Backfill,2025-08-06,FY 2025-26,2025-09-16,2025-11-15,41,101,true,27,0
R01967,Delivery,L2,Junior (L1-L2),Hyderabad,Backfill,2025-08-14,FY 2025-26,2025-09-23,2025-11-22,40,100,true,32,0
R01968,Delivery,L2,Junior (L1-L2),Bengaluru,Backfill,2025-08-26,FY 2025-26,2025-10-01,2025-12-30,36,126,true,29,1
R01969,Sales and Presales,L2,Junior (L1-L2),Bengaluru,Backfill,2025-08-15,FY 2025-26,2025-09-05,2025-11-04,21,81,true,38,0
R01970,Delivery,L3,Mid (L3-L4),Bengaluru,Backfill,2025-09-01,FY 2025-26,2025-10-23,2025-11-22,52,82,true,20,1
R01971,Delivery,L3,Mid (L3-L4),Hyderabad,Backfill,2025-09-26,FY 2025-26,2025-10-21,2025-12-20,25,85,true,10,0
R01972,Quality Engineering,L6,Senior (L5-L6),Hyderabad,Backfill,2025-09-07,FY 2025-26,2025-12-20,2026-01-19,104,134,true,17,0
R01973,Quality Engineering,L2,Junior (L1-L2),Hyderabad,Backfill,2025-09-21,FY 2025-26,2025-11-09,2026-01-08,49,109,true,10,2
R01974,Data and Analytics,L2,Junior (L1-L2),Hyderabad,Backfill,2025-09-19,FY 2025-26,2025-11-04,2026-01-03,46,106,true,29,0
R01975,Cloud and Infrastructure,L2,Junior (L1-L2),Hyderabad,Backfill,2025-09-11,FY 2025-26,2025-10-29,2025-11-28,48,78,true,28,0
R01976,Delivery,L1,Junior (L1-L2),Bengaluru,Backfill,2025-09-02,FY 2025-26,2025-10-09,2026-01-07,37,127,true,22,1
R01977,Delivery,L1,Junior (L1-L2),Hyderabad,Backfill,2025-09-02,FY 2025-26,2025-09-14,2025-11-13,12,72,true,31,1
R01978,Sales and Presales,L1,Junior (L1-L2),Hyderabad,Backfill,2025-09-14,FY 2025-26,2025-10-08,2026-01-06,24,114,true,6,1
R01979,Consulting,L1,Junior (L1-L2),Hyderabad,Backfill,2025-09-07,FY 2025-26,2025-09-21,2025-10-21,14,44,true,15,1
R01980,Delivery,L3,Mid (L3-L4),Bengaluru,Backfill,2025-09-20,FY 2025-26,2025-10-13,2025-11-12,23,53,true,13,0
R01981,Delivery,L1,Junior (L1-L2),Bengaluru,Backfill,2025-09-21,FY 2025-26,2025-10-18,2025-11-17,27,57,true,6,0
R01982,Data and Analytics,L1,Junior (L1-L2),Bengaluru,Backfill,2025-09-18,FY 2025-26,2025-11-01,2025-12-31,44,104,true,11,0
R01983,Data and Analytics,L1,Junior (L1-L2),Hyderabad,Backfill,2025-09-24,FY 2025-26,2025-11-21,2026-01-20,58,118,true,18,2
R01984,Cloud and Infrastructure,L1,Junior (L1-L2),Hyderabad,Backfill,2025-09-17,FY 2025-26,2025-10-13,2025-12-12,26,86,true,21,1
R01985,Delivery,L1,Junior (L1-L2),Hyderabad,Backfill,2025-09-15,FY 2025-26,2025-10-11,2025-12-10,26,86,true,38,0
R01986,Delivery,L1,Junior (L1-L2),Hyderabad,Backfill,2025-09-20,FY 2025-26,2025-10-04,2025-12-03,14,74,true,20,2
R01987,Consulting,L1,Junior (L1-L2),Bengaluru,Backfill,2025-09-07,FY 2025-26,2025-09-29,2025-11-28,22,82,true,30,0
R01988,Delivery,L1,Junior (L1-L2),Hyderabad,Backfill,2025-09-17,FY 2025-26,2025-11-26,2026-01-25,70,130,true,23,1
R01989,Cloud and Infrastructure,L2,Junior (L1-L2),Bengaluru,Backfill,2025-09-11,FY 2025-26,2025-10-14,2025-11-13,33,63,true,25,0
R01990,Quality Engineering,L3,Mid (L3-L4),Bengaluru,Backfill,2025-09-15,FY 2025-26,2025-11-18,2026-01-17,64,124,true,28,3
R01991,Quality Engineering,L1,Junior (L1-L2),Hyderabad,Backfill,2025-09-21,FY 2025-26,2025-10-05,2025-11-04,14,44,true,35,0
R01992,Consulting,L4,Mid (L3-L4),Hyderabad,Growth,2025-09-01,FY 2025-26,2025-11-05,2026-02-03,65,155,true,31,0
R01993,Delivery,L3,Mid (L3-L4),Bengaluru,Growth,2025-09-01,FY 2025-26,2025-10-19,2025-12-18,48,108,true,14,1
R01994,Delivery,L3,Mid (L3-L4),Bengaluru,Growth,2025-09-01,FY 2025-26,2025-10-26,2025-12-25,55,115,true,13,0
R01995,Delivery,L2,Junior (L1-L2),Hyderabad,Growth,2025-09-01,FY 2025-26,2025-10-29,2025-12-28,58,118,true,23,0
R01996,Delivery,L2,Junior (L1-L2),Hyderabad,Backfill,2025-10-02,FY 2025-26,2025-10-28,2025-12-27,26,86,true,32,0
R01997,Quality Engineering,L2,Junior (L1-L2),Bengaluru,Backfill,2025-10-18,FY 2025-26,2025-11-26,2026-02-24,39,129,true,16,0
R01998,Cloud and Infrastructure,L5,Senior (L5-L6),Hyderabad,Backfill,2025-10-27,FY 2025-26,,,,,false,11,0
R01999,Delivery,L3,Mid (L3-L4),Hyderabad,Backfill,2025-10-09,FY 2025-26,2025-11-15,2026-01-14,37,97,true,22,3
R02000,Data and Analytics,L2,Junior (L1-L2),Hyderabad,Backfill,2025-10-24,FY 2025-26,2025-12-03,2026-01-02,40,70,true,14,1
R02001,Delivery,L1,Junior (L1-L2),Hyderabad,Backfill,2025-10-15,FY 2025-26,2025-10-21,2025-12-20,6,66,true,37,0
R02002,Cloud and Infrastructure,L2,Junior (L1-L2),Hyderabad,Backfill,2025-10-02,FY 2025-26,2025-10-23,2026-01-21,21,111,true,10,0
R02003,Data and Analytics,L3,Mid (L3-L4),Hyderabad,Backfill,2025-10-26,FY 2025-26,2025-11-24,2025-12-24,29,59,true,38,0
R02004,Consulting,L4,Mid (L3-L4),Hyderabad,Backfill,2025-10-22,FY 2025-26,2025-11-04,2025-12-04,13,43,true,20,1
R02005,Delivery,L2,Junior (L1-L2),Hyderabad,Backfill,2025-10-05,FY 2025-26,2025-11-07,2026-02-05,33,123,true,11,0
R02006,Cloud and Infrastructure,L2,Junior (L1-L2),Hyderabad,Backfill,2025-10-19,FY 2025-26,2025-11-14,2025-12-14,26,56,true,7,1
R02007,Quality Engineering,L2,Junior (L1-L2),Bengaluru,Backfill,2025-10-02,FY 2025-26,2025-11-23,2025-12-23,52,82,true,38,0
R02008,Data and Analytics,L4,Mid (L3-L4),Hyderabad,Backfill,2025-10-04,FY 2025-26,2025-11-05,2026-02-03,32,122,true,27,0
R02009,Quality Engineering,L2,Junior (L1-L2),Hyderabad,Backfill,2025-10-20,FY 2025-26,2025-11-20,2026-01-19,31,91,true,6,0
R02010,Delivery,L3,Mid (L3-L4),Bengaluru,Backfill,2025-10-01,FY 2025-26,2025-10-26,2026-01-24,25,115,true,17,2
R02011,Cloud and Infrastructure,L6,Senior (L5-L6),Hyderabad,Backfill,2025-10-04,FY 2025-26,,,,,false,9,1
R02012,Delivery,L1,Junior (L1-L2),Hyderabad,Backfill,2025-10-27,FY 2025-26,2025-12-14,2026-03-14,48,138,true,19,0
R02013,Delivery,L1,Junior (L1-L2),Hyderabad,Backfill,2025-10-07,FY 2025-26,2025-10-30,2025-12-29,23,83,true,18,0
R02014,Data and Analytics,L2,Junior (L1-L2),Hyderabad,Backfill,2025-10-16,FY 2025-26,2025-12-12,2026-01-11,57,87,true,27,0
R02015,Quality Engineering,L2,Junior (L1-L2),Hyderabad,Backfill,2025-10-19,FY 2025-26,2025-11-19,2025-12-19,31,61,true,19,0
R02016,Data and Analytics,L2,Junior (L1-L2),Hyderabad,Backfill,2025-10-17,FY 2025-26,2025-11-08,2025-12-08,22,52,true,23,0
R02017,Quality Engineering,L2,Junior (L1-L2),Bengaluru,Backfill,2025-10-27,FY 2025-26,2025-11-24,2026-01-23,28,88,true,12,1
R02018,Quality Engineering,L1,Junior (L1-L2),Bengaluru,Backfill,2025-10-22,FY 2025-26,2025-11-28,2026-01-27,37,97,true,16,2
R02019,Corporate Functions,L5,Senior (L5-L6),Bengaluru,Backfill,2025-10-14,FY 2025-26,,,,,false,20,1
R02020,Quality Engineering,L3,Mid (L3-L4),Bengaluru,Backfill,2025-10-08,FY 2025-26,2025-11-28,2026-01-27,51,111,true,21,1
R02021,Cloud and Infrastructure,L4,Mid (L3-L4),Bengaluru,Backfill,2025-10-09,FY 2025-26,2025-11-13,2026-02-11,35,125,true,34,0
R02022,Delivery,L1,Junior (L1-L2),Hyderabad,Backfill,2025-10-08,FY 2025-26,2025-10-30,2025-12-29,22,82,true,13,0
R02023,Data and Analytics,L1,Junior (L1-L2),Bengaluru,Backfill,2025-10-21,FY 2025-26,2025-12-04,2026-02-02,44,104,true,29,0
R02024,Data and Analytics,L1,Junior (L1-L2),Hyderabad,Backfill,2025-10-10,FY 2025-26,2025-10-28,2025-12-27,18,78,true,28,1
R02025,Delivery,L1,Junior (L1-L2),Bengaluru,Backfill,2025-10-22,FY 2025-26,2025-11-15,2026-01-14,24,84,true,10,1
R02026,Quality Engineering,L3,Mid (L3-L4),Hyderabad,Backfill,2025-10-25,FY 2025-26,2025-12-22,2026-02-20,58,118,true,27,4
R02027,Delivery,L2,Junior (L1-L2),Hyderabad,Backfill,2025-10-10,FY 2025-26,2025-11-05,2026-01-04,26,86,true,34,0
R02028,Sales and Presales,L1,Junior (L1-L2),Hyderabad,Backfill,2025-10-22,FY 2025-26,2025-11-11,2026-01-10,20,80,true,23,0
R02029,Delivery,L2,Junior (L1-L2),Hyderabad,Backfill,2025-10-16,FY 2025-26,2025-10-21,2025-12-20,5,65,true,19,0
R02030,Quality Engineering,L4,Mid (L3-L4),Hyderabad,Backfill,2025-10-15,FY 2025-26,2025-10-25,2026-01-23,10,100,true,23,1
R02031,Delivery,L2,Junior (L1-L2),Hyderabad,Backfill,2025-10-22,FY 2025-26,2025-11-25,2026-01-24,34,94,true,10,0
R02032,Data and Analytics,L1,Junior (L1-L2),Bengaluru,Backfill,2025-10-13,FY 2025-26,2025-12-01,2026-01-30,49,109,true,32,0
R02033,Sales and Presales,L1,Junior (L1-L2),Hyderabad,Backfill,2025-10-24,FY 2025-26,2025-11-30,2026-02-28,37,127,true,6,0
R02034,Delivery,L1,Junior (L1-L2),Hyderabad,Backfill,2025-10-23,FY 2025-26,2025-10-30,2025-12-29,7,67,true,8,0
R02035,Cloud and Infrastructure,L2,Junior (L1-L2),Bengaluru,Backfill,2025-10-15,FY 2025-26,2025-12-02,2026-01-01,48,78,true,28,0
R02036,Delivery,L3,Mid (L3-L4),Hyderabad,Backfill,2025-10-25,FY 2025-26,2025-11-03,2025-12-03,9,39,true,36,1
R02037,Consulting,L1,Junior (L1-L2),Bengaluru,Backfill,2025-10-01,FY 2025-26,2025-10-08,2026-01-06,7,97,true,39,0
R02038,Cloud and Infrastructure,L2,Junior (L1-L2),Hyderabad,Growth,2025-10-01,FY 2025-26,2025-10-27,2025-11-26,26,56,true,27,1
R02039,Consulting,L1,Junior (L1-L2),Bengaluru,Backfill,2025-11-09,FY 2025-26,2025-12-16,2026-01-15,37,67,true,25,0
R02040,Delivery,L2,Junior (L1-L2),Hyderabad,Backfill,2025-11-18,FY 2025-26,2025-12-13,2026-02-11,25,85,true,27,0
R02041,Delivery,L2,Junior (L1-L2),Bengaluru,Backfill,2025-11-15,FY 2025-26,2026-01-19,2026-03-20,65,125,true,39,0
R02042,Delivery,L4,Mid (L3-L4),Hyderabad,Backfill,2025-11-01,FY 2025-26,2025-12-09,2026-02-07,38,98,true,31,3
R02043,Data and Analytics,L3,Mid (L3-L4),Hyderabad,Backfill,2025-11-27,FY 2025-26,2026-01-23,2026-03-24,57,117,true,7,0
R02044,Delivery,L2,Junior (L1-L2),Hyderabad,Backfill,2025-11-14,FY 2025-26,2026-01-05,2026-03-06,52,112,true,23,0
R02045,Delivery,L3,Mid (L3-L4),Hyderabad,Backfill,2025-11-19,FY 2025-26,2025-12-15,2026-01-14,26,56,true,19,1
R02046,Delivery,L1,Junior (L1-L2),Hyderabad,Backfill,2025-11-14,FY 2025-26,2026-01-17,2026-03-18,64,124,true,7,2
R02047,Delivery,L2,Junior (L1-L2),Bengaluru,Backfill,2025-11-09,FY 2025-26,2025-12-16,2026-03-16,37,127,true,39,0
R02048,Consulting,L2,Junior (L1-L2),Hyderabad,Backfill,2025-11-06,FY 2025-26,,,,,false,15,0
R02049,Cloud and Infrastructure,L3,Mid (L3-L4),Hyderabad,Backfill,2025-11-05,FY 2025-26,2025-12-27,2026-02-25,52,112,true,34,2
R02050,Quality Engineering,L2,Junior (L1-L2),Bengaluru,Backfill,2025-11-17,FY 2025-26,2025-12-07,2026-01-06,20,50,true,12,0
R02051,Cloud and Infrastructure,L2,Junior (L1-L2),Bengaluru,Backfill,2025-11-22,FY 2025-26,,,,,false,12,1
R02052,Corporate Functions,L4,Mid (L3-L4),Hyderabad,Backfill,2025-11-16,FY 2025-26,2025-12-05,2026-03-05,19,109,true,25,2
R02053,Delivery,L4,Mid (L3-L4),Hyderabad,Backfill,2025-11-13,FY 2025-26,,,,,false,39,1
R02054,Delivery,L1,Junior (L1-L2),Bengaluru,Backfill,2025-11-10,FY 2025-26,2025-11-28,2025-12-28,18,48,true,14,1
R02055,Cloud and Infrastructure,L2,Junior (L1-L2),Hyderabad,Backfill,2025-11-27,FY 2025-26,2025-12-14,2026-02-12,17,77,true,29,1
R02056,Delivery,L2,Junior (L1-L2),Hyderabad,Backfill,2025-11-12,FY 2025-26,2025-12-23,2026-01-22,41,71,true,13,1
R02057,Quality Engineering,L2,Junior (L1-L2),Hyderabad,Backfill,2025-11-13,FY 2025-26,2025-12-03,2026-02-01,20,80,true,18,0
R02058,Delivery,L1,Junior (L1-L2),Bengaluru,Backfill,2025-11-23,FY 2025-26,2025-11-30,2026-02-28,7,97,true,21,2
R02059,Quality Engineering,L1,Junior (L1-L2),Bengaluru,Backfill,2025-11-20,FY 2025-26,2025-12-07,2026-02-05,17,77,true,36,2
R02060,Cloud and Infrastructure,L1,Junior (L1-L2),Hyderabad,Backfill,2025-11-10,FY 2025-26,2025-12-16,2026-03-16,36,126,true,7,0
R02061,Delivery,L1,Junior (L1-L2),Bengaluru,Backfill,2025-11-24,FY 2025-26,2025-12-14,2026-03-14,20,110,true,33,3
R02062,Delivery,L1,Junior (L1-L2),Hyderabad,Backfill,2025-11-02,FY 2025-26,2025-12-05,2026-03-05,33,123,true,13,0
R02063,Delivery,L4,Mid (L3-L4),Hyderabad,Backfill,2025-11-13,FY 2025-26,2025-12-17,2026-01-16,34,64,true,17,4
R02064,Delivery,L1,Junior (L1-L2),Bengaluru,Backfill,2025-11-02,FY 2025-26,2025-11-17,2026-01-16,15,75,true,18,1
R02065,Cloud and Infrastructure,L2,Junior (L1-L2),Hyderabad,Backfill,2025-11-03,FY 2025-26,2025-11-17,2025-12-17,14,44,true,17,0
R02066,Delivery,L1,Junior (L1-L2),Bengaluru,Backfill,2025-11-03,FY 2025-26,2025-12-13,2026-03-13,40,130,true,35,2
R02067,Cloud and Infrastructure,L3,Mid (L3-L4),Bengaluru,Growth,2025-11-01,FY 2025-26,2025-12-14,2026-02-12,43,103,true,20,1
R02068,Cloud and Infrastructure,L1,Junior (L1-L2),Bengaluru,Backfill,2025-12-15,FY 2025-26,,,,,false,20,0
R02069,Delivery,L1,Junior (L1-L2),Hyderabad,Backfill,2025-12-06,FY 2025-26,2025-12-13,2026-02-11,7,67,true,22,0
R02070,Corporate Functions,L2,Junior (L1-L2),Hyderabad,Backfill,2025-12-21,FY 2025-26,2026-01-13,2026-03-14,23,83,true,23,0
R02071,Sales and Presales,L3,Mid (L3-L4),Bengaluru,Backfill,2025-12-04,FY 2025-26,2025-12-21,2026-03-21,17,107,true,15,0
R02072,Data and Analytics,L2,Junior (L1-L2),Bengaluru,Backfill,2025-12-16,FY 2025-26,2026-02-26,2026-03-28,72,102,true,14,0
R02073,Delivery,L2,Junior (L1-L2),Bengaluru,Backfill,2025-12-22,FY 2025-26,,,,,false,25,1
R02074,Delivery,L4,Mid (L3-L4),Hyderabad,Backfill,2025-12-09,FY 2025-26,2026-01-05,2026-03-06,27,87,true,10,1
R02075,Data and Analytics,L2,Junior (L1-L2),Hyderabad,Backfill,2025-12-08,FY 2025-26,2026-01-28,2026-02-27,51,81,true,31,1
R02076,Delivery,L3,Mid (L3-L4),Bengaluru,Backfill,2025-12-05,FY 2025-26,,,,,false,18,2
R02077,Cloud and Infrastructure,L2,Junior (L1-L2),Hyderabad,Backfill,2025-12-22,FY 2025-26,,,,,false,7,4
R02078,Delivery,L6,Senior (L5-L6),Hyderabad,Backfill,2025-12-05,FY 2025-26,,,,,false,38,1
R02079,Delivery,L3,Mid (L3-L4),Hyderabad,Backfill,2025-12-14,FY 2025-26,2026-02-04,2026-03-06,52,82,true,24,2
R02080,Delivery,L3,Mid (L3-L4),Bengaluru,Backfill,2025-12-17,FY 2025-26,,,,,false,33,0
R02081,Corporate Functions,L2,Junior (L1-L2),Hyderabad,Backfill,2025-12-12,FY 2025-26,2026-01-18,2026-02-17,37,67,true,30,0
R02082,Delivery,L5,Senior (L5-L6),Hyderabad,Backfill,2025-12-13,FY 2025-26,,,,,false,31,0
R02083,Delivery,L1,Junior (L1-L2),Hyderabad,Backfill,2025-12-25,FY 2025-26,2026-01-13,2026-03-14,19,79,true,36,1
R02084,Delivery,L1,Junior (L1-L2),Bengaluru,Backfill,2025-12-27,FY 2025-26,,,,,false,13,0
R02085,Cloud and Infrastructure,L1,Junior (L1-L2),Hyderabad,Backfill,2025-12-07,FY 2025-26,2026-01-05,2026-03-06,29,89,true,35,0
R02086,Delivery,L1,Junior (L1-L2),Bengaluru,Backfill,2025-12-16,FY 2025-26,2026-01-07,2026-02-06,22,52,true,18,1
R02087,Corporate Functions,L2,Junior (L1-L2),Hyderabad,Backfill,2025-12-07,FY 2025-26,2026-01-10,2026-03-11,34,94,true,39,1
R02088,Cloud and Infrastructure,L3,Mid (L3-L4),Bengaluru,Backfill,2025-12-06,FY 2025-26,2025-12-26,2026-02-24,20,80,true,16,0
R02089,Data and Analytics,L4,Mid (L3-L4),Bengaluru,Backfill,2025-12-25,FY 2025-26,,,,,false,24,1
R02090,Delivery,L6,Senior (L5-L6),Bengaluru,Backfill,2025-12-02,FY 2025-26,,,,,false,26,1
R02091,Delivery,L1,Junior (L1-L2),Hyderabad,Backfill,2025-12-24,FY 2025-26,2026-01-10,2026-03-11,17,77,true,25,0
R02092,Data and Analytics,L1,Junior (L1-L2),Bengaluru,Backfill,2025-12-08,FY 2025-26,2025-12-25,2026-01-24,17,47,true,16,1
R02093,Delivery,L1,Junior (L1-L2),Hyderabad,Backfill,2025-12-09,FY 2025-26,,,,,false,10,0
R02094,Quality Engineering,L1,Junior (L1-L2),Bengaluru,Backfill,2025-12-17,FY 2025-26,2025-12-22,2026-01-21,5,35,true,34,0
R02095,Quality Engineering,L1,Junior (L1-L2),Hyderabad,Backfill,2025-12-08,FY 2025-26,,,,,false,15,0
R02096,Quality Engineering,L1,Junior (L1-L2),Hyderabad,Backfill,2025-12-27,FY 2025-26,2026-01-25,2026-02-24,29,59,true,39,0
R02097,Data and Analytics,L3,Mid (L3-L4),Hyderabad,Growth,2025-12-01,FY 2025-26,,,,,false,6,1
R02098,Delivery,L3,Mid (L3-L4),Hyderabad,Growth,2025-12-01,FY 2025-26,,,,,false,32,0
R02099,Data and Analytics,L2,Junior (L1-L2),Bengaluru,Growth,2025-12-01,FY 2025-26,2026-01-23,2026-03-24,53,113,true,26,0
R02100,Data and Analytics,L3,Mid (L3-L4),Hyderabad,Growth,2025-12-01,FY 2025-26,2026-01-23,2026-03-24,53,113,true,7,1
R02101,Sales and Presales,L4,Mid (L3-L4),Hyderabad,Backfill,2026-01-16,FY 2025-26,,,,,false,18,1
R02102,Cloud and Infrastructure,L4,Mid (L3-L4),Bengaluru,Backfill,2026-01-23,FY 2025-26,,,,,false,9,4
R02103,Delivery,L1,Junior (L1-L2),Hyderabad,Backfill,2026-01-26,FY 2025-26,2026-02-17,2026-03-19,22,52,true,18,0
R02104,Delivery,L2,Junior (L1-L2),Hyderabad,Backfill,2026-01-23,FY 2025-26,,,,,false,7,1
R02105,Delivery,L6,Senior (L5-L6),Bengaluru,Backfill,2026-01-08,FY 2025-26,,,,,false,7,1
R02106,Corporate Functions,L4,Mid (L3-L4),Hyderabad,Backfill,2026-01-02,FY 2025-26,,,,,false,38,1
R02107,Delivery,L3,Mid (L3-L4),Hyderabad,Backfill,2026-01-04,FY 2025-26,,,,,false,38,0
R02108,Sales and Presales,L2,Junior (L1-L2),Bengaluru,Backfill,2026-01-13,FY 2025-26,,,,,false,37,0
R02109,Delivery,L2,Junior (L1-L2),Bengaluru,Backfill,2026-01-06,FY 2025-26,,,,,false,6,2
R02110,Sales and Presales,L2,Junior (L1-L2),Bengaluru,Backfill,2026-01-12,FY 2025-26,,,,,false,10,1
R02111,Delivery,L3,Mid (L3-L4),Hyderabad,Backfill,2026-01-19,FY 2025-26,,,,,false,16,1
R02112,Delivery,L3,Mid (L3-L4),Hyderabad,Backfill,2026-01-21,FY 2025-26,,,,,false,22,1
R02113,Delivery,L1,Junior (L1-L2),Hyderabad,Backfill,2026-01-20,FY 2025-26,,,,,false,13,1
R02114,Data and Analytics,L1,Junior (L1-L2),Hyderabad,Backfill,2026-01-05,FY 2025-26,2026-02-14,2026-03-16,40,70,true,17,1
R02115,Delivery,L1,Junior (L1-L2),Hyderabad,Backfill,2026-01-16,FY 2025-26,,,,,false,38,1
R02116,Data and Analytics,L3,Mid (L3-L4),Bengaluru,Backfill,2026-01-08,FY 2025-26,2026-01-28,2026-03-29,20,80,true,14,3
R02117,Corporate Functions,L2,Junior (L1-L2),Bengaluru,Backfill,2026-01-24,FY 2025-26,,,,,false,8,3
R02118,Delivery,L1,Junior (L1-L2),Bengaluru,Backfill,2026-01-11,FY 2025-26,,,,,false,6,0
R02119,Data and Analytics,L1,Junior (L1-L2),Bengaluru,Backfill,2026-01-10,FY 2025-26,,,,,false,34,0
R02120,Quality Engineering,L1,Junior (L1-L2),Hyderabad,Backfill,2026-01-11,FY 2025-26,2026-01-20,2026-03-21,9,69,true,12,0
R02121,Cloud and Infrastructure,L1,Junior (L1-L2),Hyderabad,Backfill,2026-01-23,FY 2025-26,,,,,false,10,0
R02122,Data and Analytics,L1,Junior (L1-L2),Bengaluru,Backfill,2026-01-11,FY 2025-26,,,,,false,32,1
R02123,Delivery,L1,Junior (L1-L2),Bengaluru,Backfill,2026-01-14,FY 2025-26,2026-01-27,2026-02-26,13,43,true,33,2
R02124,Delivery,L1,Junior (L1-L2),Bengaluru,Backfill,2026-01-23,FY 2025-26,,,,,false,29,2
R02125,Delivery,L2,Junior (L1-L2),Hyderabad,Backfill,2026-01-16,FY 2025-26,,,,,false,20,0
R02126,Data and Analytics,L2,Junior (L1-L2),Hyderabad,Backfill,2026-01-18,FY 2025-26,,,,,false,13,0
R02127,Delivery,L1,Junior (L1-L2),Hyderabad,Backfill,2026-01-01,FY 2025-26,,,,,false,19,1
R02128,Data and Analytics,L1,Junior (L1-L2),Bengaluru,Backfill,2026-01-10,FY 2025-26,2026-01-29,2026-03-30,19,79,true,23,0
R02129,Consulting,L3,Mid (L3-L4),Hyderabad,Growth,2026-01-01,FY 2025-26,,,,,false,38,0
R02130,Sales and Presales,L6,Senior (L5-L6),Bengaluru,Growth,2026-01-01,FY 2025-26,,,,,false,39,1
R02131,Consulting,L4,Mid (L3-L4),Hyderabad,Growth,2026-01-01,FY 2025-26,,,,,false,12,0
R02132,Cloud and Infrastructure,L2,Junior (L1-L2),Bengaluru,Growth,2026-01-01,FY 2025-26,,,,,false,36,1
R02133,Quality Engineering,L2,Junior (L1-L2),Hyderabad,Growth,2026-01-01,FY 2025-26,2026-01-26,2026-02-25,25,55,true,11,0
R02134,Delivery,L4,Mid (L3-L4),Hyderabad,Growth,2026-01-01,FY 2025-26,,,,,false,32,1
R02135,Cloud and Infrastructure,L1,Junior (L1-L2),Hyderabad,Campus,2026-01-01,FY 2025-26,,,,,false,76,1
R02136,Cloud and Infrastructure,L1,Junior (L1-L2),Bengaluru,Campus,2026-01-01,FY 2025-26,,,,,false,99,0
R02137,Delivery,L1,Junior (L1-L2),Hyderabad,Campus,2026-01-01,FY 2025-26,,,,,false,42,0
R02138,Delivery,L1,Junior (L1-L2),Bengaluru,Campus,2026-01-01,FY 2025-26,,,,,false,35,0
R02139,Consulting,L1,Junior (L1-L2),Bengaluru,Campus,2026-01-01,FY 2025-26,,,,,false,118,0
R02140,Quality Engineering,L1,Junior (L1-L2),Hyderabad,Campus,2026-01-01,FY 2025-26,,,,,false,20,0
R02141,Quality Engineering,L1,Junior (L1-L2),Hyderabad,Campus,2026-01-01,FY 2025-26,,,,,false,45,0
R02142,Quality Engineering,L1,Junior (L1-L2),Bengaluru,Campus,2026-01-01,FY 2025-26,,,,,false,36,0
R02143,Delivery,L1,Junior (L1-L2),Bengaluru,Campus,2026-01-01,FY 2025-26,,,,,false,79,0
R02144,Data and Analytics,L1,Junior (L1-L2),Bengaluru,Campus,2026-01-01,FY 2025-26,,,,,false,98,0
R02145,Consulting,L1,Junior (L1-L2),Hyderabad,Campus,2026-01-01,FY 2025-26,,,,,false,61,0
R02146,Sales and Presales,L1,Junior (L1-L2),Bengaluru,Campus,2026-01-01,FY 2025-26,,,,,false,85,1
R02147,Delivery,L1,Junior (L1-L2),Bengaluru,Campus,2026-01-01,FY 2025-26,,,,,false,20,1
R02148,Consulting,L1,Junior (L1-L2),Hyderabad,Campus,2026-01-01,FY 2025-26,,,,,false,38,1
R02149,Data and Analytics,L1,Junior (L1-L2),Bengaluru,Campus,2026-01-01,FY 2025-26,,,,,false,56,0
R02150,Quality Engineering,L1,Junior (L1-L2),Bengaluru,Campus,2026-01-01,FY 2025-26,,,,,false,47,0
R02151,Quality Engineering,L1,Junior (L1-L2),Hyderabad,Campus,2026-01-01,FY 2025-26,,,,,false,73,0
R02152,Delivery,L1,Junior (L1-L2),Bengaluru,Campus,2026-01-01,FY 2025-26,,,,,false,32,0
R02153,Data and Analytics,L1,Junior (L1-L2),Bengaluru,Campus,2026-01-01,FY 2025-26,,,,,false,47,0
R02154,Data and Analytics,L1,Junior (L1-L2),Bengaluru,Campus,2026-01-01,FY 2025-26,,,,,false,38,2
R02155,Data and Analytics,L1,Junior (L1-L2),Hyderabad,Campus,2026-01-01,FY 2025-26,,,,,false,82,0
R02156,Quality Engineering,L1,Junior (L1-L2),Bengaluru,Campus,2026-01-01,FY 2025-26,,,,,false,68,0
R02157,Quality Engineering,L1,Junior (L1-L2),Hyderabad,Campus,2026-01-01,FY 2025-26,,,,,false,51,0
R02158,Quality Engineering,L1,Junior (L1-L2),Hyderabad,Campus,2026-01-01,FY 2025-26,,,,,false,23,0
R02159,Delivery,L1,Junior (L1-L2),Bengaluru,Campus,2026-01-01,FY 2025-26,,,,,false,26,0
R02160,Delivery,L1,Junior (L1-L2),Hyderabad,Campus,2026-01-01,FY 2025-26,,,,,false,78,1
R02161,Delivery,L1,Junior (L1-L2),Bengaluru,Campus,2026-01-01,FY 2025-26,,,,,false,72,0
R02162,Data and Analytics,L1,Junior (L1-L2),Bengaluru,Campus,2026-01-01,FY 2025-26,,,,,false,50,0
R02163,Cloud and Infrastructure,L1,Junior (L1-L2),Hyderabad,Campus,2026-01-01,FY 2025-26,,,,,false,111,0
R02164,Data and Analytics,L1,Junior (L1-L2),Hyderabad,Campus,2026-01-01,FY 2025-26,,,,,false,23,0
R02165,Cloud and Infrastructure,L1,Junior (L1-L2),Hyderabad,Campus,2026-01-01,FY 2025-26,,,,,false,71,0
R02166,Delivery,L1,Junior (L1-L2),Bengaluru,Campus,2026-01-01,FY 2025-26,,,,,false,115,0
R02167,Sales and Presales,L1,Junior (L1-L2),Hyderabad,Campus,2026-01-01,FY 2025-26,,,,,false,112,1
R02168,Quality Engineering,L1,Junior (L1-L2),Bengaluru,Campus,2026-01-01,FY 2025-26,,,,,false,107,0
R02169,Quality Engineering,L1,Junior (L1-L2),Bengaluru,Campus,2026-01-01,FY 2025-26,,,,,false,98,1
R02170,Sales and Presales,L1,Junior (L1-L2),Hyderabad,Campus,2026-01-01,FY 2025-26,,,,,false,79,0
R02171,Consulting,L1,Junior (L1-L2),Hyderabad,Campus,2026-01-01,FY 2025-26,,,,,false,54,0
R02172,Cloud and Infrastructure,L1,Junior (L1-L2),Bengaluru,Campus,2026-01-01,FY 2025-26,,,,,false,57,0
R02173,Delivery,L1,Junior (L1-L2),Hyderabad,Campus,2026-01-01,FY 2025-26,,,,,false,74,0
R02174,Delivery,L1,Junior (L1-L2),Hyderabad,Campus,2026-01-01,FY 2025-26,,,,,false,31,2
R02175,Delivery,L1,Junior (L1-L2),Hyderabad,Campus,2026-01-01,FY 2025-26,,,,,false,29,0
R02176,Sales and Presales,L1,Junior (L1-L2),Hyderabad,Campus,2026-01-01,FY 2025-26,,,,,false,106,1
R02177,Data and Analytics,L1,Junior (L1-L2),Hyderabad,Campus,2026-01-01,FY 2025-26,,,,,false,77,0
R02178,Delivery,L1,Junior (L1-L2),Bengaluru,Campus,2026-01-01,FY 2025-26,,,,,false,47,0
R02179,Sales and Presales,L1,Junior (L1-L2),Hyderabad,Campus,2026-01-01,FY 2025-26,,,,,false,97,0
R02180,Quality Engineering,L1,Junior (L1-L2),Hyderabad,Campus,2026-01-01,FY 2025-26,,,,,false,35,0
R02181,Delivery,L1,Junior (L1-L2),Hyderabad,Campus,2026-01-01,FY 2025-26,,,,,false,105,0
R02182,Data and Analytics,L1,Junior (L1-L2),Bengaluru,Campus,2026-01-01,FY 2025-26,,,,,false,44,1
R02183,Delivery,L1,Junior (L1-L2),Hyderabad,Campus,2026-01-01,FY 2025-26,,,,,false,88,0
R02184,Delivery,L1,Junior (L1-L2),Hyderabad,Campus,2026-01-01,FY 2025-26,,,,,false,119,0
R02185,Sales and Presales,L1,Junior (L1-L2),Bengaluru,Campus,2026-01-01,FY 2025-26,,,,,false,106,1
R02186,Delivery,L1,Junior (L1-L2),Hyderabad,Campus,2026-01-01,FY 2025-26,,,,,false,24,0
R02187,Cloud and Infrastructure,L1,Junior (L1-L2),Hyderabad,Campus,2026-01-01,FY 2025-26,,,,,false,100,1
R02188,Delivery,L1,Junior (L1-L2),Bengaluru,Campus,2026-01-01,FY 2025-26,,,,,false,46,0
R02189,Cloud and Infrastructure,L1,Junior (L1-L2),Bengaluru,Campus,2026-01-01,FY 2025-26,,,,,false,68,1
R02190,Delivery,L1,Junior (L1-L2),Bengaluru,Campus,2026-01-01,FY 2025-26,,,,,false,86,0
R02191,Delivery,L1,Junior (L1-L2),Hyderabad,Campus,2026-01-01,FY 2025-26,,,,,false,92,0
R02192,Quality Engineering,L1,Junior (L1-L2),Hyderabad,Campus,2026-01-01,FY 2025-26,,,,,false,85,0
R02193,Delivery,L1,Junior (L1-L2),Hyderabad,Campus,2026-01-01,FY 2025-26,,,,,false,80,1
R02194,Cloud and Infrastructure,L1,Junior (L1-L2),Bengaluru,Campus,2026-01-01,FY 2025-26,,,,,false,81,0
R02195,Sales and Presales,L1,Junior (L1-L2),Hyderabad,Campus,2026-01-01,FY 2025-26,,,,,false,111,0
R02196,Delivery,L1,Junior (L1-L2),Bengaluru,Campus,2026-01-01,FY 2025-26,,,,,false,79,0
R02197,Delivery,L1,Junior (L1-L2),Hyderabad,Campus,2026-01-01,FY 2025-26,,,,,false,38,1
R02198,Sales and Presales,L1,Junior (L1-L2),Hyderabad,Campus,2026-01-01,FY 2025-26,,,,,false,34,0
R02199,Delivery,L1,Junior (L1-L2),Hyderabad,Campus,2026-01-01,FY 2025-26,,,,,false,25,2
R02200,Delivery,L1,Junior (L1-L2),Hyderabad,Campus,2026-01-01,FY 2025-26,,,,,false,112,1
R02201,Delivery,L1,Junior (L1-L2),Bengaluru,Campus,2026-01-01,FY 2025-26,,,,,false,30,0
R02202,Delivery,L1,Junior (L1-L2),Hyderabad,Campus,2026-01-01,FY 2025-26,,,,,false,29,0
R02203,Delivery,L1,Junior (L1-L2),Hyderabad,Campus,2026-01-01,FY 2025-26,,,,,false,43,0
R02204,Quality Engineering,L1,Junior (L1-L2),Bengaluru,Campus,2026-01-01,FY 2025-26,,,,,false,33,0
R02205,Quality Engineering,L1,Junior (L1-L2),Hyderabad,Campus,2026-01-01,FY 2025-26,,,,,false,85,0
R02206,Delivery,L1,Junior (L1-L2),Hyderabad,Campus,2026-01-01,FY 2025-26,,,,,false,62,1
R02207,Consulting,L1,Junior (L1-L2),Bengaluru,Campus,2026-01-01,FY 2025-26,,,,,false,40,0
R02208,Delivery,L1,Junior (L1-L2),Hyderabad,Campus,2026-01-01,FY 2025-26,,,,,false,28,0
R02209,Delivery,L1,Junior (L1-L2),Bengaluru,Campus,2026-01-01,FY 2025-26,,,,,false,29,0
R02210,Quality Engineering,L1,Junior (L1-L2),Hyderabad,Campus,2026-01-01,FY 2025-26,,,,,false,113,0
R02211,Delivery,L1,Junior (L1-L2),Hyderabad,Campus,2026-01-01,FY 2025-26,,,,,false,44,0
R02212,Consulting,L1,Junior (L1-L2),Bengaluru,Campus,2026-01-01,FY 2025-26,,,,,false,104,0
R02213,Delivery,L1,Junior (L1-L2),Hyderabad,Campus,2026-01-01,FY 2025-26,,,,,false,38,1
R02214,Data and Analytics,L1,Junior (L1-L2),Bengaluru,Campus,2026-01-01,FY 2025-26,,,,,false,113,0
R02215,Sales and Presales,L1,Junior (L1-L2),Bengaluru,Campus,2026-01-01,FY 2025-26,,,,,false,102,0
R02216,Quality Engineering,L1,Junior (L1-L2),Bengaluru,Campus,2026-01-01,FY 2025-26,,,,,false,70,1
R02217,Delivery,L1,Junior (L1-L2),Bengaluru,Campus,2026-01-01,FY 2025-26,,,,,false,78,1
R02218,Delivery,L1,Junior (L1-L2),Hyderabad,Campus,2026-01-01,FY 2025-26,,,,,false,40,0
R02219,Cloud and Infrastructure,L1,Junior (L1-L2),Hyderabad,Campus,2026-01-01,FY 2025-26,,,,,false,46,1
R02220,Data and Analytics,L1,Junior (L1-L2),Bengaluru,Campus,2026-01-01,FY 2025-26,,,,,false,104,0
R02221,Data and Analytics,L1,Junior (L1-L2),Hyderabad,Campus,2026-01-01,FY 2025-26,,,,,false,35,0
R02222,Delivery,L1,Junior (L1-L2),Bengaluru,Campus,2026-01-01,FY 2025-26,,,,,false,57,1
R02223,Consulting,L1,Junior (L1-L2),Bengaluru,Campus,2026-01-01,FY 2025-26,,,,,false,59,0
R02224,Quality Engineering,L1,Junior (L1-L2),Hyderabad,Campus,2026-01-01,FY 2025-26,,,,,false,60,0
R02225,Delivery,L1,Junior (L1-L2),Bengaluru,Campus,2026-01-01,FY 2025-26,,,,,false,36,0
R02226,Delivery,L1,Junior (L1-L2),Hyderabad,Campus,2026-01-01,FY 2025-26,,,,,false,67,0
R02227,Delivery,L1,Junior (L1-L2),Hyderabad,Campus,2026-01-01,FY 2025-26,,,,,false,112,0
R02228,Delivery,L1,Junior (L1-L2),Hyderabad,Campus,2026-01-01,FY 2025-26,,,,,false,49,0
R02229,Delivery,L1,Junior (L1-L2),Hyderabad,Campus,2026-01-01,FY 2025-26,,,,,false,91,1
R02230,Delivery,L1,Junior (L1-L2),Hyderabad,Campus,2026-01-01,FY 2025-26,,,,,false,83,0
R02231,Sales and Presales,L1,Junior (L1-L2),Bengaluru,Campus,2026-01-01,FY 2025-26,,,,,false,40,0
R02232,Delivery,L1,Junior (L1-L2),Hyderabad,Campus,2026-01-01,FY 2025-26,,,,,false,117,0
R02233,Delivery,L1,Junior (L1-L2),Bengaluru,Campus,2026-01-01,FY 2025-26,,,,,false,56,0
R02234,Data and Analytics,L1,Junior (L1-L2),Bengaluru,Campus,2026-01-01,FY 2025-26,,,,,false,97,0
R02235,Delivery,L1,Junior (L1-L2),Bengaluru,Campus,2026-01-01,FY 2025-26,,,,,false,48,0
R02236,Quality Engineering,L1,Junior (L1-L2),Bengaluru,Campus,2026-01-01,FY 2025-26,,,,,false,82,0
R02237,Sales and Presales,L1,Junior (L1-L2),Hyderabad,Campus,2026-01-01,FY 2025-26,,,,,false,100,1
R02238,Delivery,L1,Junior (L1-L2),Hyderabad,Campus,2026-01-01,FY 2025-26,,,,,false,111,1
R02239,Quality Engineering,L1,Junior (L1-L2),Hyderabad,Campus,2026-01-01,FY 2025-26,,,,,false,117,0
R02240,Cloud and Infrastructure,L1,Junior (L1-L2),Bengaluru,Campus,2026-01-01,FY 2025-26,,,,,false,86,0
R02241,Delivery,L1,Junior (L1-L2),Bengaluru,Campus,2026-01-01,FY 2025-26,,,,,false,113,0
R02242,Delivery,L1,Junior (L1-L2),Hyderabad,Campus,2026-01-01,FY 2025-26,,,,,false,111,0
R02243,Delivery,L1,Junior (L1-L2),Hyderabad,Campus,2026-01-01,FY 2025-26,,,,,false,65,0
R02244,Quality Engineering,L1,Junior (L1-L2),Hyderabad,Campus,2026-01-01,FY 2025-26,,,,,false,102,0
R02245,Quality Engineering,L1,Junior (L1-L2),Hyderabad,Campus,2026-01-01,FY 2025-26,,,,,false,109,1
R02246,Delivery,L1,Junior (L1-L2),Hyderabad,Campus,2026-01-01,FY 2025-26,,,,,false,106,1
R02247,Quality Engineering,L1,Junior (L1-L2),Hyderabad,Campus,2026-01-01,FY 2025-26,,,,,false,48,0
R02248,Data and Analytics,L1,Junior (L1-L2),Bengaluru,Campus,2026-01-01,FY 2025-26,,,,,false,86,0
R02249,Consulting,L1,Junior (L1-L2),Hyderabad,Campus,2026-01-01,FY 2025-26,,,,,false,111,0
R02250,Quality Engineering,L1,Junior (L1-L2),Hyderabad,Campus,2026-01-01,FY 2025-26,,,,,false,108,1
R02251,Quality Engineering,L1,Junior (L1-L2),Hyderabad,Campus,2026-01-01,FY 2025-26,,,,,false,100,0
R02252,Delivery,L1,Junior (L1-L2),Hyderabad,Campus,2026-01-01,FY 2025-26,,,,,false,47,0
R02253,Delivery,L1,Junior (L1-L2),Bengaluru,Campus,2026-01-01,FY 2025-26,,,,,false,23,0
R02254,Cloud and Infrastructure,L1,Junior (L1-L2),Hyderabad,Campus,2026-01-01,FY 2025-26,,,,,false,54,1
R02255,Quality Engineering,L1,Junior (L1-L2),Bengaluru,Campus,2026-01-01,FY 2025-26,,,,,false,75,0
R02256,Data and Analytics,L1,Junior (L1-L2),Hyderabad,Campus,2026-01-01,FY 2025-26,,,,,false,114,0
R02257,Cloud and Infrastructure,L1,Junior (L1-L2),Bengaluru,Campus,2026-01-01,FY 2025-26,,,,,false,79,3
R02258,Delivery,L1,Junior (L1-L2),Hyderabad,Campus,2026-01-01,FY 2025-26,,,,,false,73,1
R02259,Delivery,L1,Junior (L1-L2),Hyderabad,Campus,2026-01-01,FY 2025-26,,,,,false,86,1
R02260,Consulting,L1,Junior (L1-L2),Hyderabad,Campus,2026-01-01,FY 2025-26,,,,,false,92,0
R02261,Quality Engineering,L1,Junior (L1-L2),Bengaluru,Campus,2026-01-01,FY 2025-26,,,,,false,22,0
R02262,Delivery,L1,Junior (L1-L2),Bengaluru,Campus,2026-01-01,FY 2025-26,,,,,false,82,0
R02263,Delivery,L1,Junior (L1-L2),Hyderabad,Campus,2026-01-01,FY 2025-26,,,,,false,106,0
R02264,Delivery,L1,Junior (L1-L2),Bengaluru,Campus,2026-01-01,FY 2025-26,,,,,false,35,0
R02265,Delivery,L1,Junior (L1-L2),Hyderabad,Campus,2026-01-01,FY 2025-26,,,,,false,87,0
R02266,Delivery,L1,Junior (L1-L2),Hyderabad,Campus,2026-01-01,FY 2025-26,,,,,false,74,1
R02267,Delivery,L1,Junior (L1-L2),Bengaluru,Campus,2026-01-01,FY 2025-26,,,,,false,83,0
R02268,Consulting,L1,Junior (L1-L2),Hyderabad,Campus,2026-01-01,FY 2025-26,,,,,false,88,0
R02269,Delivery,L1,Junior (L1-L2),Bengaluru,Campus,2026-01-01,FY 2025-26,,,,,false,105,0
R02270,Delivery,L1,Junior (L1-L2),Hyderabad,Campus,2026-01-01,FY 2025-26,,,,,false,96,1
R02271,Delivery,L1,Junior (L1-L2),Hyderabad,Campus,2026-01-01,FY 2025-26,,,,,false,88,0
R02272,Quality Engineering,L1,Junior (L1-L2),Hyderabad,Campus,2026-01-01,FY 2025-26,,,,,false,53,0
R02273,Delivery,L1,Junior (L1-L2),Bengaluru,Campus,2026-01-01,FY 2025-26,,,,,false,59,2
R02274,Quality Engineering,L1,Junior (L1-L2),Hyderabad,Campus,2026-01-01,FY 2025-26,,,,,false,31,2
R02275,Sales and Presales,L1,Junior (L1-L2),Bengaluru,Campus,2026-01-01,FY 2025-26,,,,,false,39,0
R02276,Delivery,L1,Junior (L1-L2),Hyderabad,Campus,2026-01-01,FY 2025-26,,,,,false,47,0
R02277,Cloud and Infrastructure,L1,Junior (L1-L2),Bengaluru,Campus,2026-01-01,FY 2025-26,,,,,false,67,0
R02278,Delivery,L1,Junior (L1-L2),Hyderabad,Campus,2026-01-01,FY 2025-26,,,,,false,64,0
R02279,Quality Engineering,L1,Junior (L1-L2),Hyderabad,Campus,2026-01-01,FY 2025-26,,,,,false,117,0
R02280,Delivery,L1,Junior (L1-L2),Hyderabad,Campus,2026-01-01,FY 2025-26,,,,,false,106,1
R02281,Delivery,L1,Junior (L1-L2),Hyderabad,Campus,2026-01-01,FY 2025-26,,,,,false,30,0
R02282,Quality Engineering,L1,Junior (L1-L2),Hyderabad,Campus,2026-01-01,FY 2025-26,,,,,false,23,0
R02283,Cloud and Infrastructure,L1,Junior (L1-L2),Hyderabad,Campus,2026-01-01,FY 2025-26,,,,,false,67,1
R02284,Delivery,L1,Junior (L1-L2),Hyderabad,Campus,2026-01-01,FY 2025-26,,,,,false,44,1
R02285,Quality Engineering,L1,Junior (L1-L2),Bengaluru,Campus,2026-01-01,FY 2025-26,,,,,false,91,1
R02286,Corporate Functions,L3,Mid (L3-L4),Hyderabad,Backfill,2026-02-11,FY 2025-26,2026-02-26,2026-03-28,15,45,true,10,0
R02287,Quality Engineering,L4,Mid (L3-L4),Bengaluru,Backfill,2026-02-21,FY 2025-26,,,,,false,12,2
R02288,Delivery,L1,Junior (L1-L2),Hyderabad,Backfill,2026-02-25,FY 2025-26,,,,,false,9,0
R02289,Cloud and Infrastructure,L3,Mid (L3-L4),Hyderabad,Backfill,2026-02-24,FY 2025-26,,,,,false,16,2
R02290,Delivery,L2,Junior (L1-L2),Hyderabad,Backfill,2026-02-18,FY 2025-26,,,,,false,11,0
R02291,Delivery,L2,Junior (L1-L2),Bengaluru,Backfill,2026-02-17,FY 2025-26,,,,,false,29,0
R02292,Delivery,L2,Junior (L1-L2),Hyderabad,Backfill,2026-02-13,FY 2025-26,,,,,false,27,0
R02293,Delivery,L3,Mid (L3-L4),Hyderabad,Backfill,2026-02-09,FY 2025-26,,,,,false,38,0
R02294,Data and Analytics,L4,Mid (L3-L4),Hyderabad,Backfill,2026-02-14,FY 2025-26,,,,,false,16,1
R02295,Cloud and Infrastructure,L2,Junior (L1-L2),Hyderabad,Backfill,2026-02-12,FY 2025-26,,,,,false,20,1
R02296,Quality Engineering,L2,Junior (L1-L2),Bengaluru,Backfill,2026-02-17,FY 2025-26,,,,,false,16,0
R02297,Cloud and Infrastructure,L2,Junior (L1-L2),Bengaluru,Backfill,2026-02-12,FY 2025-26,,,,,false,35,0
R02298,Delivery,L3,Mid (L3-L4),Bengaluru,Backfill,2026-02-24,FY 2025-26,,,,,false,15,1
R02299,Delivery,L3,Mid (L3-L4),Hyderabad,Backfill,2026-02-14,FY 2025-26,,,,,false,7,0
R02300,Delivery,L2,Junior (L1-L2),Bengaluru,Backfill,2026-02-26,FY 2025-26,,,,,false,7,0
R02301,Delivery,L3,Mid (L3-L4),Bengaluru,Backfill,2026-02-14,FY 2025-26,,,,,false,22,3
R02302,Quality Engineering,L2,Junior (L1-L2),Bengaluru,Backfill,2026-02-02,FY 2025-26,,,,,false,12,1
R02303,Delivery,L1,Junior (L1-L2),Hyderabad,Backfill,2026-02-06,FY 2025-26,,,,,false,29,0
R02304,Sales and Presales,L1,Junior (L1-L2),Hyderabad,Backfill,2026-02-21,FY 2025-26,,,,,false,12,0
R02305,Delivery,L2,Junior (L1-L2),Hyderabad,Backfill,2026-02-22,FY 2025-26,,,,,false,27,0
R02306,Delivery,L1,Junior (L1-L2),Hyderabad,Backfill,2026-02-04,FY 2025-26,,,,,false,20,1
R02307,Delivery,L4,Mid (L3-L4),Bengaluru,Backfill,2026-02-23,FY 2025-26,,,,,false,20,0
R02308,Quality Engineering,L1,Junior (L1-L2),Bengaluru,Backfill,2026-02-17,FY 2025-26,,,,,false,7,0
R02309,Sales and Presales,L2,Junior (L1-L2),Bengaluru,Backfill,2026-02-12,FY 2025-26,,,,,false,18,1
R02310,Delivery,L1,Junior (L1-L2),Hyderabad,Backfill,2026-02-06,FY 2025-26,,,,,false,6,0
R02311,Delivery,L1,Junior (L1-L2),Bengaluru,Backfill,2026-02-11,FY 2025-26,,,,,false,23,1
R02312,Delivery,L1,Junior (L1-L2),Bengaluru,Backfill,2026-02-13,FY 2025-26,,,,,false,28,0
R02313,Sales and Presales,L1,Junior (L1-L2),Hyderabad,Backfill,2026-02-22,FY 2025-26,,,,,false,37,1
R02314,Delivery,L1,Junior (L1-L2),Hyderabad,Backfill,2026-02-02,FY 2025-26,,,,,false,33,2
R02315,Delivery,L1,Junior (L1-L2),Hyderabad,Backfill,2026-02-08,FY 2025-26,,,,,false,27,0
R02316,Delivery,L2,Junior (L1-L2),Hyderabad,Backfill,2026-02-12,FY 2025-26,,,,,false,34,0
R02317,Quality Engineering,L2,Junior (L1-L2),Bengaluru,Backfill,2026-02-18,FY 2025-26,,,,,false,16,1
R02318,Cloud and Infrastructure,L2,Junior (L1-L2),Bengaluru,Backfill,2026-02-03,FY 2025-26,,,,,false,10,0
R02319,Delivery,L3,Mid (L3-L4),Hyderabad,Backfill,2026-02-25,FY 2025-26,,,,,false,11,1
R02320,Consulting,L5,Senior (L5-L6),Hyderabad,Backfill,2026-02-17,FY 2025-26,,,,,false,29,2
R02321,Delivery,L1,Junior (L1-L2),Hyderabad,Backfill,2026-02-15,FY 2025-26,,,,,false,21,0
R02322,Quality Engineering,L1,Junior (L1-L2),Bengaluru,Backfill,2026-02-21,FY 2025-26,,,,,false,9,1
R02323,Delivery,L3,Mid (L3-L4),Bengaluru,Growth,2026-02-01,FY 2025-26,,,,,false,19,0
R02324,Quality Engineering,L2,Junior (L1-L2),Hyderabad,Growth,2026-02-01,FY 2025-26,,,,,false,31,1
R02325,Delivery,L1,Junior (L1-L2),Bengaluru,Backfill,2026-03-24,FY 2025-26,,,,,false,29,0
R02326,Delivery,L2,Junior (L1-L2),Hyderabad,Backfill,2026-03-15,FY 2025-26,,,,,false,14,0
R02327,Delivery,L2,Junior (L1-L2),Hyderabad,Backfill,2026-03-08,FY 2025-26,,,,,false,38,0
R02328,Data and Analytics,L4,Mid (L3-L4),Bengaluru,Backfill,2026-03-03,FY 2025-26,,,,,false,39,1
R02329,Delivery,L2,Junior (L1-L2),Hyderabad,Backfill,2026-03-12,FY 2025-26,,,,,false,31,3
R02330,Delivery,L2,Junior (L1-L2),Hyderabad,Backfill,2026-03-23,FY 2025-26,,,,,false,15,1
R02331,Delivery,L3,Mid (L3-L4),Hyderabad,Backfill,2026-03-24,FY 2025-26,,,,,false,31,1
R02332,Data and Analytics,L2,Junior (L1-L2),Hyderabad,Backfill,2026-03-07,FY 2025-26,,,,,false,29,0
R02333,Consulting,L3,Mid (L3-L4),Hyderabad,Backfill,2026-03-14,FY 2025-26,,,,,false,30,1
R02334,Delivery,L1,Junior (L1-L2),Bengaluru,Backfill,2026-03-03,FY 2025-26,,,,,false,12,0
R02335,Delivery,L1,Junior (L1-L2),Bengaluru,Backfill,2026-03-24,FY 2025-26,,,,,false,12,0
R02336,Delivery,L1,Junior (L1-L2),Hyderabad,Backfill,2026-03-19,FY 2025-26,,,,,false,15,1
R02337,Data and Analytics,L1,Junior (L1-L2),Hyderabad,Backfill,2026-03-14,FY 2025-26,,,,,false,8,2
R02338,Delivery,L2,Junior (L1-L2),Bengaluru,Backfill,2026-03-04,FY 2025-26,,,,,false,16,0
R02339,Delivery,L2,Junior (L1-L2),Hyderabad,Backfill,2026-03-03,FY 2025-26,,,,,false,34,1
R02340,Data and Analytics,L2,Junior (L1-L2),Bengaluru,Backfill,2026-03-26,FY 2025-26,,,,,false,36,1
R02341,Quality Engineering,L1,Junior (L1-L2),Bengaluru,Backfill,2026-03-23,FY 2025-26,,,,,false,29,1
R02342,Data and Analytics,L1,Junior (L1-L2),Hyderabad,Backfill,2026-03-11,FY 2025-26,,,,,false,37,0
R02343,Corporate Functions,L2,Junior (L1-L2),Hyderabad,Backfill,2026-03-19,FY 2025-26,,,,,false,24,0
R02344,Sales and Presales,L3,Mid (L3-L4),Hyderabad,Backfill,2026-03-21,FY 2025-26,,,,,false,11,0
R02345,Cloud and Infrastructure,L1,Junior (L1-L2),Bengaluru,Backfill,2026-03-06,FY 2025-26,,,,,false,12,0
R02346,Delivery,L1,Junior (L1-L2),Hyderabad,Backfill,2026-03-01,FY 2025-26,,,,,false,39,2
R02347,Delivery,L4,Mid (L3-L4),Hyderabad,Growth,2026-03-01,FY 2025-26,,,,,false,28,1
R02348,Consulting,L2,Junior (L1-L2),Hyderabad,Growth,2026-03-01,FY 2025-26,,,,,false,24,1
R02349,Quality Engineering,L3,Mid (L3-L4),Hyderabad,Growth,2026-03-01,FY 2025-26,,,,,false,20,0
R02350,Quality Engineering,L2,Junior (L1-L2),Hyderabad,Growth,2026-03-01,FY 2025-26,,,,,false,15,1
R02351,Corporate Functions,L2,Junior (L1-L2),Bengaluru,Growth,2026-03-01,FY 2025-26,,,,,false,8,1
