emp_id,hire_date,month,hiring_source,department,level,location,gender
E102151,2022-05-23,2022-05-01,Referral,Delivery,L1,Hyderabad,Woman
E102152,2022-06-28,2022-06-01,Job portal,Quality Engineering,L1,Hyderabad,Woman
E102153,2022-06-30,2022-06-01,Job portal,Delivery,L2,Hyderabad,Man
E102154,2022-06-10,2022-06-01,Agency,Cloud and Infrastructure,L2,Bengaluru,Woman
E102155,2022-06-12,2022-06-01,Job portal,Delivery,L2,Bengaluru,Man
E102156,2022-06-26,2022-06-01,Agency,Cloud and Infrastructure,L3,Hyderabad,Man
E102157,2022-06-28,2022-06-01,Agency,Delivery,L3,Hyderabad,Man
E102158,2022-06-28,2022-06-01,Referral,Sales and Presales,L1,Hyderabad,Man
E102159,2022-06-09,2022-06-01,Referral,Cloud and Infrastructure,L3,Hyderabad,Man
E102160,2022-06-14,2022-06-01,Job portal,Quality Engineering,L3,Hyderabad,Woman
E102161,2022-07-17,2022-07-01,Referral,Quality Engineering,L2,Bengaluru,Woman
E102162,2022-07-28,2022-07-01,Agency,Delivery,L2,Hyderabad,Woman
E102163,2022-07-06,2022-07-01,Job portal,Delivery,L1,Bengaluru,Man
E102164,2022-07-13,2022-07-01,Job portal,Delivery,L3,Hyderabad,Man
E102165,2022-07-09,2022-07-01,Referral,Quality Engineering,L2,Bengaluru,Man
E102166,2022-07-16,2022-07-01,Job portal,Sales and Presales,L1,Hyderabad,Woman
E102167,2022-07-31,2022-07-01,Referral,Delivery,L1,Bengaluru,Man
E102168,2022-07-11,2022-07-01,Referral,Cloud and Infrastructure,L1,Hyderabad,Woman
E102169,2022-07-11,2022-07-01,Referral,Cloud and Infrastructure,L1,Hyderabad,Man
E102170,2022-07-05,2022-07-01,Referral,Delivery,L3,Hyderabad,Woman
E102171,2022-07-15,2022-07-01,Job portal,Delivery,L3,Hyderabad,Man
E102172,2022-07-29,2022-07-01,Job portal,Data and Analytics,L1,Bengaluru,Woman
E102173,2022-07-26,2022-07-01,Rehire,Cloud and Infrastructure,L2,Hyderabad,Woman
E102174,2022-07-17,2022-07-01,Job portal,Quality Engineering,L2,Hyderabad,Man
E102175,2022-07-13,2022-07-01,Job portal,Data and Analytics,L2,Hyderabad,Woman
E102176,2022-07-08,2022-07-01,Job portal,Data and Analytics,L2,Bengaluru,Man
E102177,2022-07-25,2022-07-01,Agency,Cloud and Infrastructure,L2,Bengaluru,Woman
E102178,2022-07-21,2022-07-01,Job portal,Delivery,L4,Bengaluru,Man
E102179,2022-07-27,2022-07-01,Job portal,Cloud and Infrastructure,L2,Hyderabad,Man
E102180,2022-07-23,2022-07-01,Referral,Corporate Functions,L1,Hyderabad,Woman
E102181,2022-07-22,2022-07-01,Referral,Delivery,L1,Hyderabad,Woman
E102182,2022-07-26,2022-07-01,Referral,Quality Engineering,L4,Hyderabad,Man
E102183,2022-07-10,2022-07-01,Referral,Consulting,L2,Hyderabad,Woman
E102184,2022-07-20,2022-07-01,Job portal,Data and Analytics,L1,Hyderabad,Man
E102185,2022-07-24,2022-07-01,Agency,Quality Engineering,L1,Bengaluru,Woman
E102186,2022-07-28,2022-07-01,Job portal,Sales and Presales,L1,Bengaluru,Woman
E102187,2022-07-30,2022-07-01,Job portal,Delivery,L2,Hyderabad,Man
E102188,2022-07-03,2022-07-01,Agency,Data and Analytics,L2,Bengaluru,Man
E102189,2022-07-19,2022-07-01,Job portal,Quality Engineering,L2,Hyderabad,Man
E102190,2022-07-29,2022-07-01,Job portal,Data and Analytics,L3,Hyderabad,Woman
E102191,2022-07-30,2022-07-01,Job portal,Cloud and Infrastructure,L1,Hyderabad,Man
E102192,2022-07-27,2022-07-01,Referral,Delivery,L1,Hyderabad,Woman
E102193,2022-08-11,2022-08-01,Job portal,Data and Analytics,L2,Hyderabad,Woman
E102194,2022-08-13,2022-08-01,Referral,Data and Analytics,L1,Hyderabad,Woman
E102195,2022-08-27,2022-08-01,Job portal,Quality Engineering,L4,Hyderabad,Man
E102196,2022-08-10,2022-08-01,Job portal,Cloud and Infrastructure,L3,Bengaluru,Man
E102197,2022-08-04,2022-08-01,Referral,Cloud and Infrastructure,L2,Bengaluru,Man
E102198,2022-08-15,2022-08-01,Referral,Data and Analytics,L2,Bengaluru,Man
E102199,2022-08-30,2022-08-01,Agency,Data and Analytics,L1,Hyderabad,Man
E102200,2022-08-16,2022-08-01,Referral,Delivery,L2,Hyderabad,Man
E102201,2022-08-17,2022-08-01,Job portal,Delivery,L3,Hyderabad,Man
E102202,2022-08-06,2022-08-01,Agency,Quality Engineering,L1,Hyderabad,Woman
E102203,2022-08-10,2022-08-01,Agency,Delivery,L2,Bengaluru,Man
E102204,2022-08-16,2022-08-01,Agency,Delivery,L5,Hyderabad,Man
E102205,2022-08-12,2022-08-01,Job portal,Delivery,L2,Hyderabad,Man
E102206,2022-08-27,2022-08-01,Referral,Delivery,L3,Hyderabad,Woman
E102207,2022-08-30,2022-08-01,Rehire,Delivery,L1,Hyderabad,Man
E102208,2022-08-04,2022-08-01,Job portal,Sales and Presales,L1,Bengaluru,Man
E102209,2022-08-22,2022-08-01,Referral,Delivery,L2,Bengaluru,Man
E102210,2022-08-01,2022-08-01,Job portal,Delivery,L1,Hyderabad,Man
E102211,2022-08-04,2022-08-01,Referral,Data and Analytics,L1,Hyderabad,Man
E102212,2022-08-25,2022-08-01,Job portal,Delivery,L2,Hyderabad,Woman
E102213,2022-08-30,2022-08-01,Agency,Quality Engineering,L4,Bengaluru,Woman
E102214,2022-08-26,2022-08-01,Referral,Cloud and Infrastructure,L2,Hyderabad,Woman
E102215,2022-08-08,2022-08-01,Referral,Sales and Presales,L2,Bengaluru,Man
E102216,2022-08-25,2022-08-01,Referral,Delivery,L5,Bengaluru,Man
E102217,2022-08-11,2022-08-01,Referral,Delivery,L2,Hyderabad,Man
E102218,2022-08-05,2022-08-01,Referral,Sales and Presales,L1,Hyderabad,Man
E102219,2022-08-15,2022-08-01,Referral,Quality Engineering,L2,Hyderabad,Man
E102220,2022-08-12,2022-08-01,Referral,Data and Analytics,L2,Hyderabad,Man
E102221,2022-08-09,2022-08-01,Job portal,Corporate Functions,L2,Bengaluru,Man
E102222,2022-08-28,2022-08-01,Referral,Quality Engineering,L3,Bengaluru,Man
E102223,2022-08-26,2022-08-01,Agency,Sales and Presales,L1,Hyderabad,Woman
E102224,2022-08-19,2022-08-01,Agency,Cloud and Infrastructure,L2,Hyderabad,Woman
E102225,2022-08-16,2022-08-01,Job portal,Delivery,L2,Bengaluru,Man
E102226,2022-08-18,2022-08-01,Referral,Sales and Presales,L1,Hyderabad,Woman
E102227,2022-08-03,2022-08-01,Job portal,Cloud and Infrastructure,L2,Hyderabad,Man
E102228,2022-08-19,2022-08-01,Referral,Delivery,L4,Bengaluru,Woman
E102229,2022-08-28,2022-08-01,Referral,Delivery,L2,Bengaluru,Man
E102230,2022-08-08,2022-08-01,Job portal,Cloud and Infrastructure,L2,Hyderabad,Woman
E102231,2022-08-26,2022-08-01,Job portal,Corporate Functions,L1,Hyderabad,Man
E102232,2022-08-14,2022-08-01,Referral,Consulting,L2,Bengaluru,Woman
E102233,2022-08-03,2022-08-01,Referral,Delivery,L1,Bengaluru,Man
E102234,2022-08-02,2022-08-01,Agency,Delivery,L3,Bengaluru,Man
E102235,2022-08-30,2022-08-01,Referral,Quality Engineering,L2,Bengaluru,Woman
E102236,2022-08-18,2022-08-01,Agency,Delivery,L1,Bengaluru,Man
E102237,2022-08-28,2022-08-01,Job portal,Delivery,L1,Bengaluru,Woman
E102238,2022-08-26,2022-08-01,Job portal,Corporate Functions,L3,Bengaluru,Woman
E102239,2022-08-30,2022-08-01,Job portal,Delivery,L1,Bengaluru,Man
E102240,2022-09-08,2022-09-01,Referral,Sales and Presales,L2,Hyderabad,Man
E102241,2022-09-15,2022-09-01,Job portal,Data and Analytics,L1,Bengaluru,Woman
E102242,2022-09-06,2022-09-01,Job portal,Consulting,L4,Bengaluru,Woman
E102243,2022-09-10,2022-09-01,Agency,Cloud and Infrastructure,L3,Hyderabad,Man
E102244,2022-09-06,2022-09-01,Job portal,Quality Engineering,L2,Hyderabad,Man
E102245,2022-09-02,2022-09-01,Job portal,Data and Analytics,L3,Hyderabad,Man
E102246,2022-09-11,2022-09-01,Referral,Cloud and Infrastructure,L1,Bengaluru,Man
E102247,2022-09-21,2022-09-01,Job portal,Quality Engineering,L4,Hyderabad,Man
E102248,2022-09-26,2022-09-01,Referral,Delivery,L2,Hyderabad,Man
E102249,2022-09-01,2022-09-01,Job portal,Delivery,L2,Bengaluru,Man
E102250,2022-09-22,2022-09-01,Referral,Delivery,L2,Hyderabad,Woman
E102251,2022-09-02,2022-09-01,Referral,Data and Analytics,L2,Bengaluru,Man
E102252,2022-09-03,2022-09-01,Agency,Delivery,L2,Hyderabad,Man
E102253,2022-09-22,2022-09-01,Job portal,Delivery,L2,Hyderabad,Man
E102254,2022-09-13,2022-09-01,Agency,Delivery,L2,Hyderabad,Man
E102255,2022-09-28,2022-09-01,Agency,Data and Analytics,L5,Bengaluru,Man
E102256,2022-09-23,2022-09-01,Referral,Cloud and Infrastructure,L2,Hyderabad,Man
E102257,2022-09-11,2022-09-01,Referral,Delivery,L1,Hyderabad,Man
E102258,2022-09-06,2022-09-01,Job portal,Sales and Presales,L1,Hyderabad,Man
E102259,2022-09-06,2022-09-01,Referral,Consulting,L3,Bengaluru,Man
E102260,2022-09-02,2022-09-01,Job portal,Delivery,L3,Bengaluru,Man
E102261,2022-09-11,2022-09-01,Job portal,Delivery,L2,Bengaluru,Man
E102262,2022-09-22,2022-09-01,Referral,Delivery,L2,Hyderabad,Woman
E102263,2022-09-23,2022-09-01,Referral,Cloud and Infrastructure,L2,Hyderabad,Man
E102264,2022-09-05,2022-09-01,Referral,Delivery,L1,Hyderabad,Man
E102265,2022-09-03,2022-09-01,Agency,Delivery,L2,Hyderabad,Woman
E102266,2022-09-02,2022-09-01,Referral,Delivery,L1,Bengaluru,Man
E102267,2022-09-17,2022-09-01,Job portal,Delivery,L1,Hyderabad,Woman
E102268,2022-09-24,2022-09-01,Referral,Delivery,L3,Hyderabad,Man
E102269,2022-09-30,2022-09-01,Agency,Data and Analytics,L1,Bengaluru,Man
E102270,2022-09-25,2022-09-01,Job portal,Cloud and Infrastructure,L3,Bengaluru,Man
E102271,2022-09-13,2022-09-01,Referral,Consulting,L5,Bengaluru,Man
E102272,2022-09-25,2022-09-01,Referral,Quality Engineering,L2,Hyderabad,Woman
E102273,2022-09-28,2022-09-01,Job portal,Data and Analytics,L2,Hyderabad,Woman
E102274,2022-09-09,2022-09-01,Agency,Quality Engineering,L1,Bengaluru,Man
E102275,2022-09-19,2022-09-01,Job portal,Delivery,L2,Hyderabad,Man
E102276,2022-09-15,2022-09-01,Referral,Delivery,L3,Bengaluru,Man
E102277,2022-09-27,2022-09-01,Referral,Cloud and Infrastructure,L1,Hyderabad,Man
E102278,2022-09-22,2022-09-01,Referral,Delivery,L1,Hyderabad,Man
E102279,2022-09-12,2022-09-01,Rehire,Delivery,L2,Hyderabad,Man
E102280,2022-09-24,2022-09-01,Agency,Quality Engineering,L3,Hyderabad,Woman
E102281,2022-09-17,2022-09-01,Job portal,Delivery,L2,Hyderabad,Man
E102282,2022-10-12,2022-10-01,Referral,Quality Engineering,L6,Bengaluru,Woman
E102283,2022-10-03,2022-10-01,Job portal,Delivery,L1,Bengaluru,Woman
E102284,2022-10-16,2022-10-01,Job portal,Data and Analytics,L3,Hyderabad,Man
E102285,2022-10-04,2022-10-01,Job portal,Data and Analytics,L3,Bengaluru,Woman
E102286,2022-10-19,2022-10-01,Job portal,Data and Analytics,L2,Bengaluru,Woman
E102287,2022-10-03,2022-10-01,Rehire,Delivery,L1,Hyderabad,Man
E102288,2022-10-21,2022-10-01,Job portal,Data and Analytics,L1,Bengaluru,Woman
E102289,2022-10-27,2022-10-01,Referral,Quality Engineering,L4,Hyderabad,Man
E102290,2022-10-12,2022-10-01,Referral,Cloud and Infrastructure,L1,Hyderabad,Woman
E102291,2022-10-09,2022-10-01,Referral,Delivery,L4,Bengaluru,Man
E102292,2022-10-03,2022-10-01,Agency,Delivery,L4,Hyderabad,Man
E102293,2022-10-21,2022-10-01,Agency,Sales and Presales,L1,Hyderabad,Woman
E102294,2022-10-18,2022-10-01,Referral,Corporate Functions,L3,Bengaluru,Woman
E102295,2022-10-28,2022-10-01,Referral,Delivery,L2,Hyderabad,Man
E102296,2022-10-17,2022-10-01,Referral,Quality Engineering,L4,Hyderabad,Man
E102297,2022-10-20,2022-10-01,Rehire,Sales and Presales,L4,Bengaluru,Man
E102298,2022-10-06,2022-10-01,Referral,Cloud and Infrastructure,L2,Bengaluru,Man
E102299,2022-10-17,2022-10-01,Agency,Data and Analytics,L1,Bengaluru,Woman
E102300,2022-10-21,2022-10-01,Rehire,Sales and Presales,L4,Hyderabad,Man
E102301,2022-10-06,2022-10-01,Job portal,Delivery,L1,Hyderabad,Woman
E102302,2022-10-08,2022-10-01,Referral,Data and Analytics,L2,Hyderabad,Man
E102303,2022-10-17,2022-10-01,Agency,Delivery,L1,Hyderabad,Man
E102304,2022-10-16,2022-10-01,Job portal,Delivery,L2,Bengaluru,Man
E102305,2022-10-28,2022-10-01,Job portal,Quality Engineering,L2,Hyderabad,Woman
E102306,2022-10-26,2022-10-01,Referral,Delivery,L2,Bengaluru,Man
E102307,2022-10-20,2022-10-01,Referral,Cloud and Infrastructure,L2,Hyderabad,Woman
E102308,2022-10-31,2022-10-01,Rehire,Cloud and Infrastructure,L2,Hyderabad,Man
E102309,2022-10-31,2022-10-01,Job portal,Corporate Functions,L2,Bengaluru,Man
E102310,2022-10-30,2022-10-01,Agency,Delivery,L1,Bengaluru,Man
E102311,2022-10-23,2022-10-01,Job portal,Delivery,L3,Hyderabad,Man
E102312,2022-10-17,2022-10-01,Referral,Delivery,L1,Hyderabad,Woman
E102313,2022-10-26,2022-10-01,Referral,Delivery,L2,Hyderabad,Man
E102314,2022-10-29,2022-10-01,Referral,Sales and Presales,L1,Hyderabad,Woman
E102315,2022-10-05,2022-10-01,Agency,Data and Analytics,L1,Bengaluru,Man
E102316,2022-10-31,2022-10-01,Agency,Sales and Presales,L4,Hyderabad,Man
E102317,2022-10-04,2022-10-01,Referral,Quality Engineering,L1,Hyderabad,Man
E102318,2022-10-06,2022-10-01,Agency,Delivery,L2,Bengaluru,Woman
E102319,2022-10-10,2022-10-01,Agency,Corporate Functions,L1,Bengaluru,Man
E102320,2022-10-27,2022-10-01,Job portal,Quality Engineering,L2,Hyderabad,Man
E102321,2022-10-03,2022-10-01,Job portal,Quality Engineering,L1,Bengaluru,Woman
E102322,2022-10-02,2022-10-01,Referral,Delivery,L1,Hyderabad,Man
E102323,2022-10-12,2022-10-01,Job portal,Cloud and Infrastructure,L3,Hyderabad,Woman
E102324,2022-10-23,2022-10-01,Job portal,Quality Engineering,L2,Hyderabad,Woman
E102325,2022-10-14,2022-10-01,Referral,Cloud and Infrastructure,L1,Hyderabad,Woman
E102326,2022-10-26,2022-10-01,Referral,Sales and Presales,L5,Hyderabad,Man
E102327,2022-10-10,2022-10-01,Job portal,Quality Engineering,L1,Bengaluru,Woman
E102328,2022-10-29,2022-10-01,Agency,Delivery,L2,Bengaluru,Man
E102329,2022-10-22,2022-10-01,Agency,Delivery,L2,Hyderabad,Woman
E102330,2022-10-23,2022-10-01,Agency,Sales and Presales,L1,Hyderabad,Woman
E102331,2022-10-18,2022-10-01,Agency,Corporate Functions,L4,Hyderabad,Man
E102332,2022-10-04,2022-10-01,Agency,Data and Analytics,L3,Bengaluru,Man
E102333,2022-10-28,2022-10-01,Agency,Corporate Functions,L1,Hyderabad,Man
E102334,2022-10-25,2022-10-01,Job portal,Corporate Functions,L3,Hyderabad,Woman
E102335,2022-10-26,2022-10-01,Job portal,Corporate Functions,L3,Hyderabad,Man
E102336,2022-11-07,2022-11-01,Referral,Cloud and Infrastructure,L2,Hyderabad,Man
E102337,2022-11-05,2022-11-01,Referral,Cloud and Infrastructure,L4,Bengaluru,Man
E102338,2022-11-08,2022-11-01,Referral,Cloud and Infrastructure,L5,Hyderabad,Man
E102339,2022-11-01,2022-11-01,Agency,Delivery,L1,Hyderabad,Man
E102340,2022-11-17,2022-11-01,Referral,Delivery,L3,Bengaluru,Woman
E102341,2022-11-19,2022-11-01,Referral,Delivery,L3,Bengaluru,Man
E102342,2022-11-14,2022-11-01,Job portal,Data and Analytics,L3,Bengaluru,Man
E102343,2022-11-12,2022-11-01,Referral,Delivery,L1,Hyderabad,Man
E102344,2022-11-20,2022-11-01,Referral,Data and Analytics,L3,Hyderabad,Man
E102345,2022-11-11,2022-11-01,Agency,Sales and Presales,L1,Bengaluru,Man
E102346,2022-11-16,2022-11-01,Agency,Cloud and Infrastructure,L4,Hyderabad,Man
E102347,2022-11-27,2022-11-01,Referral,Delivery,L2,Bengaluru,Woman
E102348,2022-11-24,2022-11-01,Referral,Delivery,L2,Hyderabad,Man
E102349,2022-11-24,2022-11-01,Referral,Data and Analytics,L2,Hyderabad,Man
E102350,2022-11-28,2022-11-01,Job portal,Corporate Functions,L3,Hyderabad,Woman
E102351,2022-11-03,2022-11-01,Agency,Cloud and Infrastructure,L1,Hyderabad,Woman
E102352,2022-11-08,2022-11-01,Job portal,Data and Analytics,L1,Hyderabad,Woman
E102353,2022-11-08,2022-11-01,Referral,Data and Analytics,L3,Bengaluru,Man
E102354,2022-11-05,2022-11-01,Referral,Delivery,L1,Hyderabad,Man
E102355,2022-11-28,2022-11-01,Job portal,Delivery,L2,Bengaluru,Man
E102356,2022-11-04,2022-11-01,Agency,Quality Engineering,L4,Bengaluru,Man
E102357,2022-11-03,2022-11-01,Job portal,Data and Analytics,L2,Hyderabad,Woman
E102358,2022-11-04,2022-11-01,Job portal,Data and Analytics,L3,Bengaluru,Man
E102359,2022-11-21,2022-11-01,Job portal,Cloud and Infrastructure,L4,Hyderabad,Man
E102360,2022-11-16,2022-11-01,Agency,Delivery,L1,Bengaluru,Woman
E102361,2022-11-27,2022-11-01,Referral,Data and Analytics,L3,Hyderabad,Woman
E102362,2022-11-01,2022-11-01,Job portal,Quality Engineering,L2,Bengaluru,Man
E102363,2022-11-22,2022-11-01,Rehire,Data and Analytics,L2,Hyderabad,Man
E102364,2022-11-13,2022-11-01,Referral,Quality Engineering,L4,Hyderabad,Man
E102365,2022-11-16,2022-11-01,Agency,Data and Analytics,L2,Bengaluru,Man
E102366,2022-11-03,2022-11-01,Referral,Sales and Presales,L2,Bengaluru,Man
E102367,2022-11-10,2022-11-01,Referral,Delivery,L2,Bengaluru,Man
E102368,2022-11-14,2022-11-01,Job portal,Data and Analytics,L2,Bengaluru,Man
E102369,2022-11-03,2022-11-01,Job portal,Delivery,L2,Hyderabad,Man
E102370,2022-11-09,2022-11-01,Referral,Delivery,L2,Bengaluru,Man
E102371,2022-11-03,2022-11-01,Referral,Sales and Presales,L1,Hyderabad,Woman
E102372,2022-11-24,2022-11-01,Referral,Delivery,L2,Hyderabad,Woman
E102373,2022-11-21,2022-11-01,Job portal,Cloud and Infrastructure,L5,Hyderabad,Man
E102374,2022-11-28,2022-11-01,Agency,Delivery,L2,Bengaluru,Man
E102375,2022-11-23,2022-11-01,Referral,Sales and Presales,L2,Hyderabad,Man
E102376,2022-11-17,2022-11-01,Agency,Data and Analytics,L2,Hyderabad,Man
E102377,2022-11-21,2022-11-01,Referral,Delivery,L3,Hyderabad,Man
E102378,2022-11-07,2022-11-01,Job portal,Delivery,L2,Hyderabad,Man
E102379,2022-11-19,2022-11-01,Referral,Delivery,L1,Bengaluru,Man
E102380,2022-11-11,2022-11-01,Job portal,Consulting,L1,Hyderabad,Man
E102381,2022-11-11,2022-11-01,Referral,Delivery,L1,Hyderabad,Man
E102382,2022-11-20,2022-11-01,Job portal,Delivery,L1,Hyderabad,Woman
E102383,2022-12-03,2022-12-01,Referral,Delivery,L5,Hyderabad,Man
E102384,2022-12-31,2022-12-01,Referral,Corporate Functions,L3,Hyderabad,Man
E102385,2022-12-22,2022-12-01,Agency,Cloud and Infrastructure,L2,Hyderabad,Man
E102386,2022-12-08,2022-12-01,Job portal,Quality Engineering,L3,Hyderabad,Woman
E102387,2022-12-22,2022-12-01,Referral,Data and Analytics,L4,Hyderabad,Man
E102388,2022-12-16,2022-12-01,Agency,Sales and Presales,L5,Hyderabad,Man
E102389,2022-12-29,2022-12-01,Agency,Delivery,L2,Hyderabad,Man
E102390,2022-12-16,2022-12-01,Agency,Delivery,L1,Bengaluru,Man
E102391,2022-12-10,2022-12-01,Referral,Delivery,L2,Hyderabad,Woman
E102392,2022-12-06,2022-12-01,Job portal,Corporate Functions,L2,Hyderabad,Man
E102393,2022-12-05,2022-12-01,Job portal,Data and Analytics,L1,Bengaluru,Man
E102394,2022-12-28,2022-12-01,Referral,Delivery,L1,Hyderabad,Woman
E102395,2022-12-02,2022-12-01,Rehire,Delivery,L1,Hyderabad,Man
E102396,2022-12-30,2022-12-01,Job portal,Sales and Presales,L4,Bengaluru,Man
E102397,2022-12-31,2022-12-01,Job portal,Consulting,L3,Hyderabad,Woman
E102398,2022-12-25,2022-12-01,Agency,Delivery,L4,Hyderabad,Man
E102399,2022-12-21,2022-12-01,Agency,Sales and Presales,L3,Bengaluru,Woman
E102400,2022-12-26,2022-12-01,Referral,Delivery,L2,Hyderabad,Woman
E102401,2022-12-05,2022-12-01,Referral,Sales and Presales,L5,Hyderabad,Man
E102402,2022-12-04,2022-12-01,Referral,Data and Analytics,L2,Hyderabad,Man
E102403,2022-12-19,2022-12-01,Rehire,Delivery,L3,Bengaluru,Man
E102404,2022-12-28,2022-12-01,Referral,Data and Analytics,L1,Bengaluru,Man
E102405,2022-12-19,2022-12-01,Job portal,Sales and Presales,L3,Hyderabad,Woman
E102406,2022-12-01,2022-12-01,Referral,Delivery,L2,Hyderabad,Woman
E102407,2022-12-08,2022-12-01,Agency,Delivery,L2,Bengaluru,Man
E102408,2022-12-20,2022-12-01,Agency,Delivery,L3,Hyderabad,Man
E102409,2022-12-25,2022-12-01,Job portal,Delivery,L4,Hyderabad,Man
E102410,2022-12-22,2022-12-01,Referral,Data and Analytics,L3,Bengaluru,Woman
E102411,2022-12-14,2022-12-01,Job portal,Delivery,L2,Bengaluru,Woman
E102412,2022-12-10,2022-12-01,Job portal,Delivery,L3,Hyderabad,Man
E102413,2022-12-06,2022-12-01,Agency,Delivery,L1,Hyderabad,Woman
E102414,2022-12-05,2022-12-01,Agency,Quality Engineering,L3,Bengaluru,Woman
E102415,2022-12-26,2022-12-01,Referral,Consulting,L3,Hyderabad,Woman
E102416,2022-12-19,2022-12-01,Job portal,Cloud and Infrastructure,L2,Bengaluru,Man
E102417,2022-12-18,2022-12-01,Referral,Delivery,L3,Bengaluru,Man
E102418,2022-12-12,2022-12-01,Agency,Delivery,L1,Hyderabad,Woman
E102419,2022-12-27,2022-12-01,Job portal,Data and Analytics,L4,Hyderabad,Man
E102420,2022-12-18,2022-12-01,Referral,Delivery,L3,Bengaluru,Man
E102421,2022-12-16,2022-12-01,Job portal,Delivery,L3,Hyderabad,Man
E102422,2022-12-19,2022-12-01,Referral,Quality Engineering,L2,Bengaluru,Woman
E102423,2023-01-15,2023-01-01,Referral,Data and Analytics,L4,Hyderabad,Man
E102424,2023-01-03,2023-01-01,Agency,Delivery,L4,Bengaluru,Man
E102425,2023-01-01,2023-01-01,Referral,Delivery,L4,Bengaluru,Woman
E102426,2023-01-03,2023-01-01,Referral,Delivery,L3,Hyderabad,Man
E102427,2023-01-15,2023-01-01,Referral,Cloud and Infrastructure,L1,Hyderabad,Man
E102428,2023-01-14,2023-01-01,Job portal,Sales and Presales,L2,Hyderabad,Man
E102429,2023-01-01,2023-01-01,Job portal,Cloud and Infrastructure,L1,Bengaluru,Woman
E102430,2023-01-25,2023-01-01,Job portal,Cloud and Infrastructure,L3,Hyderabad,Man
E102431,2023-01-25,2023-01-01,Job portal,Quality Engineering,L3,Hyderabad,Man
E102432,2023-01-08,2023-01-01,Agency,Delivery,L3,Bengaluru,Woman
E102433,2023-01-16,2023-01-01,Job portal,Delivery,L2,Bengaluru,Woman
E102434,2023-01-28,2023-01-01,Agency,Delivery,L4,Hyderabad,Woman
E102435,2023-01-25,2023-01-01,Agency,Delivery,L1,Hyderabad,Man
E102436,2023-01-03,2023-01-01,Agency,Delivery,L3,Bengaluru,Man
E102437,2023-01-01,2023-01-01,Agency,Delivery,L3,Hyderabad,Woman
E102438,2023-01-22,2023-01-01,Referral,Delivery,L1,Hyderabad,Woman
E102439,2023-01-06,2023-01-01,Job portal,Quality Engineering,L3,Hyderabad,Man
E102440,2023-01-22,2023-01-01,Referral,Quality Engineering,L1,Hyderabad,Woman
E102441,2023-01-06,2023-01-01,Agency,Delivery,L2,Bengaluru,Woman
E102442,2023-01-11,2023-01-01,Job portal,Data and Analytics,L2,Bengaluru,Man
E102443,2023-01-12,2023-01-01,Agency,Data and Analytics,L2,Bengaluru,Man
E102444,2023-01-01,2023-01-01,Referral,Delivery,L1,Hyderabad,Woman
E102445,2023-01-07,2023-01-01,Job portal,Delivery,L2,Hyderabad,Woman
E102446,2023-01-23,2023-01-01,Agency,Delivery,L5,Bengaluru,Man
E102447,2023-01-23,2023-01-01,Agency,Delivery,L3,Hyderabad,Woman
E102448,2023-01-07,2023-01-01,Agency,Sales and Presales,L1,Hyderabad,Man
E102449,2023-01-01,2023-01-01,Job portal,Delivery,L3,Bengaluru,Woman
E102450,2023-01-24,2023-01-01,Job portal,Quality Engineering,L2,Bengaluru,Man
E102451,2023-01-09,2023-01-01,Job portal,Data and Analytics,L2,Hyderabad,Man
E102452,2023-01-11,2023-01-01,Job portal,Quality Engineering,L1,Hyderabad,Woman
E102453,2023-01-23,2023-01-01,Job portal,Quality Engineering,L3,Hyderabad,Man
E102454,2023-01-05,2023-01-01,Referral,Delivery,L2,Hyderabad,Woman
E102455,2023-01-12,2023-01-01,Referral,Quality Engineering,L2,Hyderabad,Man
E102456,2023-01-21,2023-01-01,Rehire,Cloud and Infrastructure,L3,Bengaluru,Man
E102457,2023-01-25,2023-01-01,Referral,Sales and Presales,L3,Bengaluru,Man
E102458,2023-01-26,2023-01-01,Referral,Delivery,L1,Bengaluru,Woman
E102459,2023-01-20,2023-01-01,Referral,Delivery,L1,Hyderabad,Man
E102460,2023-01-03,2023-01-01,Agency,Delivery,L2,Bengaluru,Man
E102461,2023-01-27,2023-01-01,Agency,Delivery,L1,Bengaluru,Man
E102462,2023-01-02,2023-01-01,Job portal,Delivery,L3,Bengaluru,Man
E102463,2023-01-19,2023-01-01,Job portal,Quality Engineering,L3,Bengaluru,Man
E102464,2023-01-29,2023-01-01,Job portal,Data and Analytics,L2,Bengaluru,Woman
E102465,2023-01-28,2023-01-01,Agency,Consulting,L3,Bengaluru,Man
E102466,2023-02-08,2023-02-01,Agency,Delivery,L4,Hyderabad,Man
E102467,2023-02-03,2023-02-01,Referral,Cloud and Infrastructure,L2,Bengaluru,Woman
E102468,2023-02-05,2023-02-01,Referral,Delivery,L1,Hyderabad,Man
E102469,2023-02-08,2023-02-01,Job portal,Delivery,L1,Hyderabad,Woman
E102470,2023-02-08,2023-02-01,Job portal,Cloud and Infrastructure,L2,Bengaluru,Man
E102471,2023-02-02,2023-02-01,Job portal,Delivery,L2,Hyderabad,Man
E102472,2023-02-01,2023-02-01,Rehire,Corporate Functions,L1,Hyderabad,Man
E102473,2023-02-06,2023-02-01,Job portal,Delivery,L2,Bengaluru,Man
E102474,2023-02-24,2023-02-01,Referral,Corporate Functions,L2,Hyderabad,Man
E102475,2023-02-12,2023-02-01,Referral,Quality Engineering,L2,Hyderabad,Man
E102476,2023-02-18,2023-02-01,Agency,Delivery,L2,Hyderabad,Woman
E102477,2023-02-20,2023-02-01,Referral,Delivery,L2,Hyderabad,Man
E102478,2023-02-19,2023-02-01,Referral,Quality Engineering,L1,Hyderabad,Man
E102479,2023-02-25,2023-02-01,Job portal,Cloud and Infrastructure,L4,Bengaluru,Man
E102480,2023-02-13,2023-02-01,Job portal,Data and Analytics,L1,Hyderabad,Man
E102481,2023-02-28,2023-02-01,Agency,Consulting,L1,Hyderabad,Woman
E102482,2023-02-23,2023-02-01,Job portal,Delivery,L2,Hyderabad,Man
E102483,2023-02-04,2023-02-01,Referral,Consulting,L2,Hyderabad,Man
E102484,2023-02-23,2023-02-01,Agency,Corporate Functions,L1,Hyderabad,Woman
E102485,2023-02-23,2023-02-01,Job portal,Data and Analytics,L2,Hyderabad,Man
E102486,2023-02-24,2023-02-01,Job portal,Data and Analytics,L2,Bengaluru,Woman
E102487,2023-02-22,2023-02-01,Job portal,Cloud and Infrastructure,L1,Bengaluru,Man
E102488,2023-02-13,2023-02-01,Referral,Cloud and Infrastructure,L1,Bengaluru,Woman
E102489,2023-02-18,2023-02-01,Job portal,Delivery,L4,Hyderabad,Man
E102490,2023-02-08,2023-02-01,Job portal,Delivery,L4,Bengaluru,Man
E102491,2023-02-26,2023-02-01,Referral,Quality Engineering,L2,Bengaluru,Man
E102492,2023-02-25,2023-02-01,Agency,Delivery,L2,Hyderabad,Man
E102493,2023-02-20,2023-02-01,Agency,Delivery,L1,Hyderabad,Woman
E102494,2023-03-29,2023-03-01,Job portal,Quality Engineering,L4,Bengaluru,Man
E102495,2023-03-06,2023-03-01,Job portal,Cloud and Infrastructure,L2,Hyderabad,Man
E102496,2023-03-01,2023-03-01,Job portal,Delivery,L3,Hyderabad,Woman
E102497,2023-03-30,2023-03-01,Job portal,Delivery,L3,Bengaluru,Man
E102498,2023-03-19,2023-03-01,Agency,Delivery,L4,Hyderabad,Woman
E102499,2023-03-02,2023-03-01,Job portal,Delivery,L2,Bengaluru,Man
E102500,2023-03-04,2023-03-01,Agency,Data and Analytics,L2,Hyderabad,Woman
E102501,2023-03-02,2023-03-01,Referral,Cloud and Infrastructure,L4,Hyderabad,Woman
E102502,2023-03-28,2023-03-01,Referral,Data and Analytics,L3,Hyderabad,Man
E102503,2023-03-29,2023-03-01,Job portal,Delivery,L3,Bengaluru,Man
E102504,2023-03-10,2023-03-01,Job portal,Delivery,L1,Hyderabad,Man
E102505,2023-03-17,2023-03-01,Job portal,Cloud and Infrastructure,L4,Hyderabad,Man
E102506,2023-03-21,2023-03-01,Referral,Cloud and Infrastructure,L6,Bengaluru,Man
E102507,2023-03-22,2023-03-01,Agency,Delivery,L1,Bengaluru,Woman
E102508,2023-03-31,2023-03-01,Job portal,Delivery,L3,Hyderabad,Man
E102509,2023-03-28,2023-03-01,Job portal,Quality Engineering,L2,Hyderabad,Man
E102510,2023-03-19,2023-03-01,Job portal,Consulting,L6,Bengaluru,Man
E102511,2023-03-03,2023-03-01,Job portal,Quality Engineering,L2,Bengaluru,Woman
E102512,2023-03-14,2023-03-01,Agency,Sales and Presales,L2,Bengaluru,Woman
E102513,2023-03-02,2023-03-01,Job portal,Delivery,L2,Hyderabad,Woman
E102514,2023-03-17,2023-03-01,Job portal,Corporate Functions,L2,Hyderabad,Man
E102515,2023-03-13,2023-03-01,Job portal,Quality Engineering,L6,Bengaluru,Man
E102516,2023-03-25,2023-03-01,Job portal,Sales and Presales,L3,Bengaluru,Man
E102517,2023-03-02,2023-03-01,Job portal,Delivery,L1,Hyderabad,Man
E102518,2023-03-16,2023-03-01,Job portal,Corporate Functions,L3,Bengaluru,Man
E102519,2023-03-01,2023-03-01,Agency,Data and Analytics,L1,Bengaluru,Man
E102520,2023-03-11,2023-03-01,Job portal,Cloud and Infrastructure,L2,Bengaluru,Man
E102521,2023-03-29,2023-03-01,Rehire,Delivery,L2,Hyderabad,Man
E102522,2023-03-28,2023-03-01,Job portal,Quality Engineering,L2,Bengaluru,Woman
E102523,2023-03-09,2023-03-01,Referral,Delivery,L3,Bengaluru,Man
E102524,2023-03-18,2023-03-01,Agency,Sales and Presales,L1,Hyderabad,Man
E102525,2023-03-25,2023-03-01,Agency,Cloud and Infrastructure,L2,Bengaluru,Man
E102526,2023-03-21,2023-03-01,Referral,Corporate Functions,L1,Hyderabad,Woman
E102527,2023-03-03,2023-03-01,Referral,Cloud and Infrastructure,L2,Hyderabad,Man
E102528,2023-03-21,2023-03-01,Rehire,Cloud and Infrastructure,L2,Hyderabad,Man
E102529,2023-03-11,2023-03-01,Referral,Cloud and Infrastructure,L3,Hyderabad,Man
E102530,2023-03-21,2023-03-01,Referral,Delivery,L5,Hyderabad,Woman
E102531,2023-03-23,2023-03-01,Referral,Delivery,L2,Hyderabad,Man
E102532,2023-03-28,2023-03-01,Rehire,Delivery,L2,Hyderabad,Man
E102533,2023-03-12,2023-03-01,Job portal,Cloud and Infrastructure,L2,Bengaluru,Woman
E102534,2023-03-19,2023-03-01,Job portal,Delivery,L3,Hyderabad,Man
E102535,2023-03-31,2023-03-01,Referral,Quality Engineering,L2,Hyderabad,Woman
E102536,2023-03-30,2023-03-01,Referral,Cloud and Infrastructure,L1,Hyderabad,Man
E102537,2023-03-31,2023-03-01,Job portal,Delivery,L2,Bengaluru,Man
E102538,2023-03-17,2023-03-01,Referral,Quality Engineering,L2,Bengaluru,Man
E102539,2023-03-24,2023-03-01,Referral,Delivery,L2,Hyderabad,Woman
E102540,2023-04-26,2023-04-01,Agency,Delivery,L5,Bengaluru,Man
E102541,2023-04-16,2023-04-01,Job portal,Data and Analytics,L3,Bengaluru,Man
E102542,2023-04-04,2023-04-01,Job portal,Delivery,L4,Bengaluru,Woman
E102543,2023-04-06,2023-04-01,Agency,Delivery,L2,Hyderabad,Man
E102544,2023-04-30,2023-04-01,Referral,Delivery,L3,Hyderabad,Woman
E102545,2023-04-23,2023-04-01,Referral,Delivery,L1,Hyderabad,Man
E102546,2023-04-23,2023-04-01,Referral,Delivery,L6,Hyderabad,Man
E102547,2023-04-07,2023-04-01,Job portal,Delivery,L2,Hyderabad,Man
E102548,2023-04-10,2023-04-01,Job portal,Delivery,L3,Bengaluru,Man
E102549,2023-04-29,2023-04-01,Job portal,Delivery,L2,Hyderabad,Man
E102550,2023-04-01,2023-04-01,Job portal,Delivery,L3,Bengaluru,Man
E102551,2023-04-14,2023-04-01,Agency,Delivery,L3,Hyderabad,Man
E102552,2023-04-18,2023-04-01,Job portal,Delivery,L1,Bengaluru,Man
E102553,2023-04-03,2023-04-01,Referral,Sales and Presales,L1,Bengaluru,Woman
E102554,2023-04-23,2023-04-01,Job portal,Cloud and Infrastructure,L3,Bengaluru,Man
E102555,2023-04-29,2023-04-01,Agency,Delivery,L3,Hyderabad,Woman
E102556,2023-04-09,2023-04-01,Job portal,Corporate Functions,L2,Hyderabad,Man
E102557,2023-04-27,2023-04-01,Job portal,Quality Engineering,L1,Bengaluru,Woman
E102558,2023-04-13,2023-04-01,Referral,Delivery,L2,Hyderabad,Woman
E102559,2023-04-13,2023-04-01,Agency,Quality Engineering,L2,Hyderabad,Man
E102560,2023-04-30,2023-04-01,Referral,Delivery,L6,Bengaluru,Woman
E102561,2023-04-24,2023-04-01,Referral,Cloud and Infrastructure,L3,Hyderabad,Man
E102562,2023-04-04,2023-04-01,Referral,Quality Engineering,L2,Bengaluru,Man
E102563,2023-04-14,2023-04-01,Rehire,Delivery,L2,Hyderabad,Woman
E102564,2023-04-18,2023-04-01,Job portal,Delivery,L2,Hyderabad,Man
E102565,2023-04-21,2023-04-01,Referral,Corporate Functions,L4,Bengaluru,Man
E102566,2023-04-15,2023-04-01,Referral,Delivery,L4,Hyderabad,Woman
E102567,2023-04-04,2023-04-01,Job portal,Quality Engineering,L1,Hyderabad,Man
E102568,2023-04-28,2023-04-01,Job portal,Quality Engineering,L2,Bengaluru,Woman
E102569,2023-04-09,2023-04-01,Referral,Delivery,L1,Hyderabad,Woman
E102570,2023-04-13,2023-04-01,Rehire,Corporate Functions,L4,Bengaluru,Woman
E102571,2023-04-11,2023-04-01,Agency,Data and Analytics,L2,Hyderabad,Man
E102572,2023-04-14,2023-04-01,Referral,Delivery,L2,Hyderabad,Man
E102573,2023-04-10,2023-04-01,Job portal,Cloud and Infrastructure,L5,Hyderabad,Man
E102574,2023-04-16,2023-04-01,Agency,Delivery,L6,Bengaluru,Man
E102575,2023-04-12,2023-04-01,Agency,Delivery,L3,Hyderabad,Man
E102576,2023-04-26,2023-04-01,Job portal,Delivery,L3,Hyderabad,Woman
E102577,2023-05-23,2023-05-01,Job portal,Delivery,L4,Hyderabad,Man
E102578,2023-05-13,2023-05-01,Job portal,Delivery,L3,Hyderabad,Woman
E102579,2023-05-13,2023-05-01,Job portal,Consulting,L4,Bengaluru,Man
E102580,2023-05-04,2023-05-01,Referral,Sales and Presales,L1,Hyderabad,Man
E102581,2023-05-18,2023-05-01,Agency,Data and Analytics,L5,Hyderabad,Man
E102582,2023-05-11,2023-05-01,Job portal,Sales and Presales,L1,Bengaluru,Man
E102583,2023-05-12,2023-05-01,Agency,Data and Analytics,L1,Bengaluru,Man
E102584,2023-05-26,2023-05-01,Job portal,Delivery,L4,Hyderabad,Woman
E102585,2023-05-23,2023-05-01,Job portal,Data and Analytics,L2,Hyderabad,Man
E102586,2023-05-25,2023-05-01,Referral,Delivery,L3,Bengaluru,Woman
E102587,2023-05-22,2023-05-01,Job portal,Delivery,L3,Hyderabad,Woman
E102588,2023-05-22,2023-05-01,Job portal,Quality Engineering,L1,Hyderabad,Woman
E102589,2023-05-01,2023-05-01,Job portal,Cloud and Infrastructure,L3,Hyderabad,Woman
E102590,2023-05-23,2023-05-01,Job portal,Data and Analytics,L4,Hyderabad,Man
E102591,2023-05-18,2023-05-01,Job portal,Quality Engineering,L3,Bengaluru,Woman
E102592,2023-05-15,2023-05-01,Job portal,Quality Engineering,L1,Bengaluru,Woman
E102593,2023-05-12,2023-05-01,Job portal,Data and Analytics,L2,Hyderabad,Woman
E102594,2023-05-01,2023-05-01,Rehire,Quality Engineering,L3,Hyderabad,Man
E102595,2023-05-20,2023-05-01,Job portal,Delivery,L3,Hyderabad,Man
E102596,2023-05-11,2023-05-01,Referral,Delivery,L3,Hyderabad,Woman
E102597,2023-05-06,2023-05-01,Referral,Corporate Functions,L1,Bengaluru,Man
E102598,2023-05-21,2023-05-01,Job portal,Delivery,L3,Hyderabad,Woman
E102599,2023-05-20,2023-05-01,Job portal,Cloud and Infrastructure,L3,Bengaluru,Man
E102600,2023-05-05,2023-05-01,Agency,Quality Engineering,L2,Bengaluru,Woman
E102601,2023-05-13,2023-05-01,Agency,Delivery,L3,Hyderabad,Man
E102602,2023-05-10,2023-05-01,Agency,Cloud and Infrastructure,L4,Hyderabad,Man
E102603,2023-05-12,2023-05-01,Referral,Cloud and Infrastructure,L1,Hyderabad,Man
E102604,2023-05-18,2023-05-01,Agency,Data and Analytics,L2,Hyderabad,Woman
E102605,2023-05-31,2023-05-01,Referral,Delivery,L3,Hyderabad,Man
E102606,2023-05-08,2023-05-01,Job portal,Quality Engineering,L3,Hyderabad,Man
E102607,2023-05-12,2023-05-01,Job portal,Cloud and Infrastructure,L2,Hyderabad,Woman
E102608,2023-05-03,2023-05-01,Job portal,Delivery,L2,Hyderabad,Man
E102609,2023-05-29,2023-05-01,Referral,Cloud and Infrastructure,L2,Hyderabad,Man
E102610,2023-05-30,2023-05-01,Referral,Quality Engineering,L2,Hyderabad,Man
E102611,2023-05-24,2023-05-01,Referral,Corporate Functions,L1,Bengaluru,Woman
E102612,2023-05-27,2023-05-01,Referral,Delivery,L1,Bengaluru,Woman
E102613,2023-05-12,2023-05-01,Job portal,Sales and Presales,L1,Hyderabad,Woman
E102614,2023-05-31,2023-05-01,Referral,Delivery,L3,Bengaluru,Man
E102615,2023-05-22,2023-05-01,Agency,Delivery,L2,Hyderabad,Woman
E102616,2023-06-14,2023-06-01,Job portal,Delivery,L4,Bengaluru,Woman
E102617,2023-06-19,2023-06-01,Referral,Consulting,L3,Bengaluru,Man
E102618,2023-06-29,2023-06-01,Job portal,Cloud and Infrastructure,L5,Hyderabad,Woman
E102619,2023-06-13,2023-06-01,Job portal,Cloud and Infrastructure,L3,Bengaluru,Man
E102620,2023-06-10,2023-06-01,Job portal,Delivery,L2,Bengaluru,Man
E102621,2023-06-03,2023-06-01,Referral,Cloud and Infrastructure,L2,Hyderabad,Man
E102622,2023-06-09,2023-06-01,Referral,Delivery,L2,Bengaluru,Man
E102623,2023-06-19,2023-06-01,Job portal,Corporate Functions,L4,Bengaluru,Man
E102624,2023-06-23,2023-06-01,Job portal,Delivery,L1,Hyderabad,Woman
E102625,2023-06-26,2023-06-01,Job portal,Quality Engineering,L2,Hyderabad,Woman
E102626,2023-06-15,2023-06-01,Referral,Delivery,L1,Bengaluru,Man
E102627,2023-06-04,2023-06-01,Job portal,Delivery,L1,Hyderabad,Man
E102628,2023-06-17,2023-06-01,Referral,Delivery,L2,Hyderabad,Woman
E102629,2023-06-18,2023-06-01,Job portal,Delivery,L2,Hyderabad,Woman
E102630,2023-06-11,2023-06-01,Referral,Delivery,L2,Hyderabad,Man
E102631,2023-06-29,2023-06-01,Job portal,Delivery,L3,Hyderabad,Woman
E102632,2023-06-01,2023-06-01,Rehire,Data and Analytics,L2,Bengaluru,Man
E102633,2023-06-29,2023-06-01,Referral,Delivery,L3,Hyderabad,Man
E102634,2023-06-06,2023-06-01,Referral,Data and Analytics,L3,Hyderabad,Man
E102635,2023-06-03,2023-06-01,Rehire,Sales and Presales,L1,Bengaluru,Man
E102636,2023-06-23,2023-06-01,Agency,Delivery,L3,Hyderabad,Man
E102637,2023-06-11,2023-06-01,Job portal,Delivery,L2,Hyderabad,Man
E102638,2023-06-14,2023-06-01,Rehire,Delivery,L2,Hyderabad,Woman
E102639,2023-06-02,2023-06-01,Referral,Cloud and Infrastructure,L2,Bengaluru,Man
E102640,2023-06-29,2023-06-01,Agency,Delivery,L1,Hyderabad,Woman
E102641,2023-06-23,2023-06-01,Referral,Delivery,L2,Hyderabad,Man
E102642,2023-06-23,2023-06-01,Referral,Delivery,L3,Bengaluru,Woman
E102643,2023-06-16,2023-06-01,Referral,Quality Engineering,L2,Bengaluru,Woman
E102644,2023-06-29,2023-06-01,Referral,Quality Engineering,L1,Hyderabad,Woman
E102645,2023-07-30,2023-07-01,Job portal,Sales and Presales,L4,Bengaluru,Woman
E102646,2023-07-16,2023-07-01,Rehire,Data and Analytics,L3,Hyderabad,Man
E102647,2023-07-07,2023-07-01,Job portal,Cloud and Infrastructure,L3,Bengaluru,Man
E102648,2023-07-15,2023-07-01,Referral,Delivery,L4,Hyderabad,Man
E102649,2023-07-27,2023-07-01,Referral,Quality Engineering,L2,Hyderabad,Man
E102650,2023-07-18,2023-07-01,Job portal,Cloud and Infrastructure,L3,Bengaluru,Man
E102651,2023-07-02,2023-07-01,Job portal,Delivery,L2,Hyderabad,Woman
E102652,2023-07-14,2023-07-01,Job portal,Delivery,L2,Hyderabad,Man
E102653,2023-07-06,2023-07-01,Job portal,Delivery,L4,Bengaluru,Man
E102654,2023-07-17,2023-07-01,Referral,Delivery,L2,Bengaluru,Non-binary
E102655,2023-07-10,2023-07-01,Job portal,Delivery,L4,Hyderabad,Man
E102656,2023-07-03,2023-07-01,Referral,Delivery,L2,Hyderabad,Man
E102657,2023-07-09,2023-07-01,Job portal,Cloud and Infrastructure,L2,Hyderabad,Man
E102658,2023-07-25,2023-07-01,Job portal,Corporate Functions,L3,Hyderabad,Man
E102659,2023-07-11,2023-07-01,Job portal,Corporate Functions,L3,Hyderabad,Man
E102660,2023-07-05,2023-07-01,Referral,Quality Engineering,L2,Bengaluru,Man
E102661,2023-07-17,2023-07-01,Job portal,Consulting,L2,Bengaluru,Man
E102662,2023-07-07,2023-07-01,Referral,Data and Analytics,L2,Hyderabad,Woman
E102663,2023-07-29,2023-07-01,Agency,Quality Engineering,L2,Hyderabad,Man
E102664,2023-07-06,2023-07-01,Job portal,Delivery,L2,Hyderabad,Man
E102665,2023-07-11,2023-07-01,Job portal,Delivery,L2,Bengaluru,Man
E102666,2023-07-31,2023-07-01,Job portal,Delivery,L3,Hyderabad,Man
E102667,2023-07-24,2023-07-01,Job portal,Quality Engineering,L1,Hyderabad,Man
E102668,2023-07-03,2023-07-01,Job portal,Consulting,L1,Bengaluru,Woman
E102669,2023-07-06,2023-07-01,Rehire,Cloud and Infrastructure,L2,Hyderabad,Woman
E102670,2023-07-10,2023-07-01,Agency,Data and Analytics,L3,Hyderabad,Man
E102671,2023-07-20,2023-07-01,Referral,Delivery,L1,Bengaluru,Man
E102672,2023-07-14,2023-07-01,Referral,Delivery,L3,Bengaluru,Man
E102673,2023-07-27,2023-07-01,Referral,Delivery,L1,Bengaluru,Woman
E102674,2023-07-31,2023-07-01,Referral,Delivery,L2,Hyderabad,Man
E102675,2023-07-25,2023-07-01,Referral,Delivery,L2,Hyderabad,Woman
E102676,2023-08-09,2023-08-01,Rehire,Quality Engineering,L3,Hyderabad,Man
E102677,2023-08-05,2023-08-01,Campus,Delivery,L1,Hyderabad,Woman
E102678,2023-08-10,2023-08-01,Campus,Delivery,L1,Hyderabad,Woman
E102679,2023-08-04,2023-08-01,Campus,Delivery,L1,Bengaluru,Man
E102680,2023-08-15,2023-08-01,Campus,Delivery,L1,Bengaluru,Man
E102681,2023-08-07,2023-08-01,Campus,Delivery,L1,Hyderabad,Man
E102682,2023-08-16,2023-08-01,Campus,Delivery,L1,Hyderabad,Man
E102683,2023-08-03,2023-08-01,Campus,Delivery,L1,Hyderabad,Man
E102684,2023-08-20,2023-08-01,Campus,Delivery,L1,Hyderabad,Woman
E102685,2023-08-03,2023-08-01,Campus,Sales and Presales,L1,Bengaluru,Woman
E102686,2023-08-13,2023-08-01,Campus,Delivery,L1,Hyderabad,Man
E102687,2023-08-16,2023-08-01,Campus,Quality Engineering,L1,Hyderabad,Man
E102688,2023-08-19,2023-08-01,Campus,Delivery,L1,Bengaluru,Man
E102689,2023-08-20,2023-08-01,Campus,Delivery,L1,Hyderabad,Man
E102690,2023-08-15,2023-08-01,Campus,Cloud and Infrastructure,L1,Bengaluru,Man
E102691,2023-08-06,2023-08-01,Campus,Delivery,L1,Hyderabad,Man
E102692,2023-08-16,2023-08-01,Campus,Sales and Presales,L1,Bengaluru,Woman
E102693,2023-08-06,2023-08-01,Campus,Data and Analytics,L1,Bengaluru,Man
E102694,2023-08-05,2023-08-01,Campus,Quality Engineering,L1,Hyderabad,Man
E102695,2023-08-05,2023-08-01,Campus,Delivery,L1,Bengaluru,Man
E102696,2023-08-01,2023-08-01,Campus,Sales and Presales,L1,Bengaluru,Man
E102697,2023-08-17,2023-08-01,Campus,Delivery,L1,Bengaluru,Man
E102698,2023-08-20,2023-08-01,Campus,Delivery,L1,Hyderabad,Man
E102699,2023-08-04,2023-08-01,Campus,Delivery,L1,Bengaluru,Man
E102700,2023-08-03,2023-08-01,Campus,Delivery,L1,Hyderabad,Woman
E102701,2023-08-19,2023-08-01,Campus,Sales and Presales,L1,Hyderabad,Man
E102702,2023-08-02,2023-08-01,Campus,Delivery,L1,Bengaluru,Man
E102703,2023-08-04,2023-08-01,Campus,Quality Engineering,L1,Hyderabad,Woman
E102704,2023-08-03,2023-08-01,Campus,Delivery,L1,Bengaluru,Man
E102705,2023-08-02,2023-08-01,Campus,Delivery,L1,Bengaluru,Man
E102706,2023-08-11,2023-08-01,Campus,Delivery,L1,Hyderabad,Man
E102707,2023-08-05,2023-08-01,Campus,Delivery,L1,Hyderabad,Woman
E102708,2023-08-17,2023-08-01,Campus,Delivery,L1,Bengaluru,Woman
E102709,2023-08-18,2023-08-01,Campus,Consulting,L1,Hyderabad,Man
E102710,2023-08-12,2023-08-01,Campus,Quality Engineering,L1,Hyderabad,Man
E102711,2023-08-02,2023-08-01,Campus,Quality Engineering,L1,Hyderabad,Woman
E102712,2023-08-06,2023-08-01,Campus,Delivery,L1,Hyderabad,Man
E102713,2023-08-07,2023-08-01,Campus,Delivery,L1,Hyderabad,Woman
E102714,2023-08-16,2023-08-01,Campus,Delivery,L1,Hyderabad,Man
E102715,2023-08-11,2023-08-01,Campus,Delivery,L1,Hyderabad,Man
E102716,2023-08-03,2023-08-01,Campus,Data and Analytics,L1,Hyderabad,Man
E102717,2023-08-06,2023-08-01,Campus,Delivery,L1,Hyderabad,Woman
E102718,2023-08-06,2023-08-01,Campus,Delivery,L1,Bengaluru,Woman
E102719,2023-08-17,2023-08-01,Campus,Delivery,L1,Bengaluru,Woman
E102720,2023-08-05,2023-08-01,Campus,Delivery,L1,Hyderabad,Man
E102721,2023-08-13,2023-08-01,Campus,Delivery,L1,Hyderabad,Man
E102722,2023-08-16,2023-08-01,Campus,Cloud and Infrastructure,L1,Bengaluru,Man
E102723,2023-08-10,2023-08-01,Campus,Delivery,L1,Bengaluru,Man
E102724,2023-08-16,2023-08-01,Campus,Delivery,L1,Hyderabad,Man
E102725,2023-08-10,2023-08-01,Campus,Quality Engineering,L1,Hyderabad,Woman
E102726,2023-08-15,2023-08-01,Campus,Cloud and Infrastructure,L1,Hyderabad,Man
E102727,2023-08-05,2023-08-01,Campus,Consulting,L1,Hyderabad,Man
E102728,2023-08-03,2023-08-01,Campus,Data and Analytics,L1,Bengaluru,Man
E102729,2023-08-17,2023-08-01,Campus,Consulting,L1,Bengaluru,Woman
E102730,2023-08-12,2023-08-01,Campus,Delivery,L1,Hyderabad,Man
E102731,2023-08-07,2023-08-01,Campus,Consulting,L1,Bengaluru,Man
E102732,2023-08-06,2023-08-01,Campus,Delivery,L1,Bengaluru,Woman
E102733,2023-08-06,2023-08-01,Campus,Delivery,L1,Bengaluru,Woman
E102734,2023-08-03,2023-08-01,Campus,Delivery,L1,Hyderabad,Woman
E102735,2023-08-01,2023-08-01,Campus,Delivery,L1,Bengaluru,Man
E102736,2023-08-01,2023-08-01,Campus,Data and Analytics,L1,Bengaluru,Man
E102737,2023-08-19,2023-08-01,Campus,Delivery,L1,Hyderabad,Man
E102738,2023-08-04,2023-08-01,Campus,Data and Analytics,L1,Bengaluru,Man
E102739,2023-08-16,2023-08-01,Campus,Cloud and Infrastructure,L1,Bengaluru,Man
E102740,2023-08-10,2023-08-01,Campus,Data and Analytics,L1,Hyderabad,Man
E102741,2023-08-18,2023-08-01,Campus,Sales and Presales,L1,Bengaluru,Man
E102742,2023-08-17,2023-08-01,Campus,Consulting,L1,Hyderabad,Man
E102743,2023-08-18,2023-08-01,Campus,Delivery,L1,Hyderabad,Woman
E102744,2023-08-17,2023-08-01,Campus,Quality Engineering,L1,Hyderabad,Man
E102745,2023-08-17,2023-08-01,Campus,Delivery,L1,Hyderabad,Woman
E102746,2023-08-04,2023-08-01,Campus,Delivery,L1,Hyderabad,Woman
E102747,2023-08-17,2023-08-01,Campus,Delivery,L1,Bengaluru,Man
E102748,2023-08-18,2023-08-01,Campus,Cloud and Infrastructure,L1,Hyderabad,Woman
E102749,2023-08-15,2023-08-01,Campus,Quality Engineering,L1,Bengaluru,Man
E102750,2023-08-10,2023-08-01,Campus,Cloud and Infrastructure,L1,Hyderabad,Man
E102751,2023-08-07,2023-08-01,Campus,Delivery,L1,Bengaluru,Woman
E102752,2023-08-20,2023-08-01,Campus,Delivery,L1,Hyderabad,Man
E102753,2023-08-02,2023-08-01,Campus,Delivery,L1,Bengaluru,Man
E102754,2023-08-11,2023-08-01,Campus,Sales and Presales,L1,Bengaluru,Non-binary
E102755,2023-08-18,2023-08-01,Campus,Delivery,L1,Hyderabad,Woman
E102756,2023-08-01,2023-08-01,Campus,Delivery,L1,Hyderabad,Man
E102757,2023-08-18,2023-08-01,Campus,Sales and Presales,L1,Hyderabad,Man
E102758,2023-08-06,2023-08-01,Campus,Delivery,L1,Bengaluru,Man
E102759,2023-08-06,2023-08-01,Campus,Delivery,L1,Hyderabad,Man
E102760,2023-08-03,2023-08-01,Campus,Consulting,L1,Hyderabad,Man
E102761,2023-08-10,2023-08-01,Campus,Delivery,L1,Bengaluru,Man
E102762,2023-08-09,2023-08-01,Campus,Delivery,L1,Bengaluru,Man
E102763,2023-08-04,2023-08-01,Campus,Cloud and Infrastructure,L1,Bengaluru,Woman
E102764,2023-08-13,2023-08-01,Campus,Quality Engineering,L1,Hyderabad,Woman
E102765,2023-08-11,2023-08-01,Campus,Consulting,L1,Hyderabad,Woman
E102766,2023-08-05,2023-08-01,Campus,Quality Engineering,L1,Hyderabad,Man
E102767,2023-08-20,2023-08-01,Campus,Quality Engineering,L1,Bengaluru,Woman
E102768,2023-08-20,2023-08-01,Campus,Quality Engineering,L1,Hyderabad,Man
E102769,2023-08-02,2023-08-01,Campus,Sales and Presales,L1,Hyderabad,Woman
E102770,2023-08-09,2023-08-01,Campus,Delivery,L1,Hyderabad,Man
E102771,2023-08-18,2023-08-01,Campus,Quality Engineering,L1,Hyderabad,Man
E102772,2023-08-16,2023-08-01,Campus,Delivery,L1,Hyderabad,Woman
E102773,2023-08-16,2023-08-01,Campus,Delivery,L1,Hyderabad,Woman
E102774,2023-08-17,2023-08-01,Campus,Cloud and Infrastructure,L1,Bengaluru,Man
E102775,2023-08-08,2023-08-01,Campus,Delivery,L1,Bengaluru,Man
E102776,2023-08-08,2023-08-01,Campus,Delivery,L1,Hyderabad,Man
E102777,2023-08-14,2023-08-01,Campus,Delivery,L1,Bengaluru,Man
E102778,2023-08-20,2023-08-01,Campus,Delivery,L1,Bengaluru,Man
E102779,2023-08-20,2023-08-01,Campus,Data and Analytics,L1,Bengaluru,Woman
E102780,2023-08-04,2023-08-01,Campus,Delivery,L1,Bengaluru,Woman
E102781,2023-08-02,2023-08-01,Campus,Delivery,L1,Bengaluru,Woman
E102782,2023-08-13,2023-08-01,Campus,Cloud and Infrastructure,L1,Hyderabad,Woman
E102783,2023-08-05,2023-08-01,Campus,Delivery,L1,Hyderabad,Woman
E102784,2023-08-16,2023-08-01,Campus,Delivery,L1,Bengaluru,Man
E102785,2023-08-03,2023-08-01,Campus,Delivery,L1,Hyderabad,Woman
E102786,2023-08-17,2023-08-01,Campus,Delivery,L1,Hyderabad,Man
E102787,2023-08-10,2023-08-01,Campus,Delivery,L1,Bengaluru,Woman
E102788,2023-08-05,2023-08-01,Campus,Delivery,L1,Bengaluru,Man
E102789,2023-08-14,2023-08-01,Campus,Delivery,L1,Bengaluru,Woman
E102790,2023-08-20,2023-08-01,Campus,Delivery,L1,Bengaluru,Man
E102791,2023-08-12,2023-08-01,Campus,Sales and Presales,L1,Hyderabad,Man
E102792,2023-08-19,2023-08-01,Campus,Cloud and Infrastructure,L1,Bengaluru,Man
E102793,2023-08-09,2023-08-01,Campus,Cloud and Infrastructure,L1,Bengaluru,Man
E102794,2023-08-18,2023-08-01,Campus,Delivery,L1,Hyderabad,Man
E102795,2023-08-15,2023-08-01,Campus,Cloud and Infrastructure,L1,Bengaluru,Man
E102796,2023-08-20,2023-08-01,Campus,Delivery,L1,Bengaluru,Woman
E102797,2023-08-10,2023-08-01,Campus,Data and Analytics,L1,Bengaluru,Woman
E102798,2023-08-01,2023-08-01,Campus,Delivery,L1,Hyderabad,Woman
E102799,2023-08-14,2023-08-01,Campus,Sales and Presales,L1,Hyderabad,Man
E102800,2023-08-01,2023-08-01,Campus,Quality Engineering,L1,Hyderabad,Man
E102801,2023-08-08,2023-08-01,Campus,Cloud and Infrastructure,L1,Hyderabad,Woman
E102802,2023-08-10,2023-08-01,Campus,Sales and Presales,L1,Hyderabad,Man
E102803,2023-08-14,2023-08-01,Campus,Delivery,L1,Hyderabad,Man
E102804,2023-08-11,2023-08-01,Campus,Delivery,L1,Hyderabad,Man
E102805,2023-08-17,2023-08-01,Campus,Sales and Presales,L1,Bengaluru,Woman
E102806,2023-08-12,2023-08-01,Campus,Delivery,L1,Bengaluru,Man
E102807,2023-08-16,2023-08-01,Campus,Delivery,L1,Hyderabad,Woman
E102808,2023-08-16,2023-08-01,Campus,Delivery,L1,Hyderabad,Man
E102809,2023-08-13,2023-08-01,Campus,Data and Analytics,L1,Hyderabad,Man
E102810,2023-08-07,2023-08-01,Campus,Delivery,L1,Bengaluru,Woman
E102811,2023-08-20,2023-08-01,Campus,Cloud and Infrastructure,L1,Hyderabad,Man
E102812,2023-08-01,2023-08-01,Campus,Cloud and Infrastructure,L1,Hyderabad,Man
E102813,2023-08-09,2023-08-01,Campus,Delivery,L1,Hyderabad,Woman
E102814,2023-08-12,2023-08-01,Campus,Delivery,L1,Bengaluru,Woman
E102815,2023-08-02,2023-08-01,Campus,Delivery,L1,Bengaluru,Man
E102816,2023-08-17,2023-08-01,Campus,Data and Analytics,L1,Bengaluru,Woman
E102817,2023-08-10,2023-08-01,Campus,Data and Analytics,L1,Hyderabad,Woman
E102818,2023-08-02,2023-08-01,Campus,Delivery,L1,Hyderabad,Woman
E102819,2023-08-12,2023-08-01,Campus,Delivery,L1,Hyderabad,Man
E102820,2023-08-02,2023-08-01,Campus,Delivery,L1,Bengaluru,Man
E102821,2023-08-12,2023-08-01,Campus,Delivery,L1,Hyderabad,Woman
E102822,2023-08-12,2023-08-01,Campus,Quality Engineering,L1,Hyderabad,Woman
E102823,2023-08-19,2023-08-01,Campus,Quality Engineering,L1,Bengaluru,Woman
E102824,2023-08-15,2023-08-01,Campus,Data and Analytics,L1,Hyderabad,Man
E102825,2023-08-20,2023-08-01,Campus,Consulting,L1,Bengaluru,Man
E102826,2023-08-18,2023-08-01,Campus,Quality Engineering,L1,Hyderabad,Man
E102827,2023-08-06,2023-08-01,Campus,Quality Engineering,L1,Bengaluru,Woman
E102828,2023-08-08,2023-08-01,Campus,Cloud and Infrastructure,L1,Hyderabad,Man
E102829,2023-08-03,2023-08-01,Campus,Delivery,L1,Bengaluru,Woman
E102830,2023-08-08,2023-08-01,Campus,Delivery,L1,Hyderabad,Woman
E102831,2023-08-17,2023-08-01,Campus,Delivery,L1,Hyderabad,Woman
E102832,2023-08-13,2023-08-01,Campus,Delivery,L1,Bengaluru,Woman
E102833,2023-08-15,2023-08-01,Campus,Quality Engineering,L1,Hyderabad,Woman
E102834,2023-08-14,2023-08-01,Campus,Delivery,L1,Hyderabad,Man
E102835,2023-08-13,2023-08-01,Campus,Data and Analytics,L1,Hyderabad,Woman
E102836,2023-08-14,2023-08-01,Campus,Delivery,L1,Hyderabad,Woman
E102837,2023-08-01,2023-08-01,Campus,Delivery,L1,Bengaluru,Man
E102838,2023-08-09,2023-08-01,Campus,Delivery,L1,Hyderabad,Man
E102839,2023-08-12,2023-08-01,Campus,Sales and Presales,L1,Bengaluru,Man
E102840,2023-08-01,2023-08-01,Campus,Quality Engineering,L1,Hyderabad,Man
E102841,2023-08-08,2023-08-01,Campus,Quality Engineering,L1,Hyderabad,Woman
E102842,2023-08-17,2023-08-01,Campus,Delivery,L1,Bengaluru,Woman
E102843,2023-08-14,2023-08-01,Campus,Consulting,L1,Hyderabad,Woman
E102844,2023-08-09,2023-08-01,Campus,Delivery,L1,Bengaluru,Woman
E102845,2023-08-18,2023-08-01,Campus,Delivery,L1,Hyderabad,Man
E102846,2023-08-05,2023-08-01,Campus,Delivery,L1,Hyderabad,Woman
E102847,2023-08-18,2023-08-01,Campus,Delivery,L1,Bengaluru,Man
E102848,2023-08-06,2023-08-01,Campus,Data and Analytics,L1,Hyderabad,Man
E102849,2023-08-02,2023-08-01,Campus,Delivery,L1,Bengaluru,Woman
E102850,2023-08-09,2023-08-01,Campus,Cloud and Infrastructure,L1,Hyderabad,Woman
E102851,2023-08-05,2023-08-01,Campus,Sales and Presales,L1,Hyderabad,Man
E102852,2023-08-09,2023-08-01,Campus,Delivery,L1,Bengaluru,Woman
E102853,2023-08-08,2023-08-01,Campus,Quality Engineering,L1,Hyderabad,Woman
E102854,2023-08-12,2023-08-01,Campus,Delivery,L1,Hyderabad,Woman
E102855,2023-08-05,2023-08-01,Campus,Delivery,L1,Hyderabad,Man
E102856,2023-08-17,2023-08-01,Campus,Delivery,L1,Hyderabad,Man
E102857,2023-08-12,2023-08-01,Campus,Delivery,L1,Hyderabad,Woman
E102858,2023-08-14,2023-08-01,Campus,Quality Engineering,L1,Hyderabad,Woman
E102859,2023-08-09,2023-08-01,Campus,Delivery,L1,Hyderabad,Woman
E102860,2023-08-04,2023-08-01,Campus,Delivery,L1,Hyderabad,Woman
E102861,2023-08-03,2023-08-01,Referral,Quality Engineering,L6,Bengaluru,Man
E102862,2023-08-20,2023-08-01,Referral,Data and Analytics,L2,Hyderabad,Man
E102863,2023-08-02,2023-08-01,Agency,Corporate Functions,L2,Hyderabad,Man
E102864,2023-08-17,2023-08-01,Referral,Delivery,L3,Hyderabad,Man
E102865,2023-08-17,2023-08-01,Referral,Quality Engineering,L3,Hyderabad,Woman
E102866,2023-08-11,2023-08-01,Referral,Data and Analytics,L4,Hyderabad,Man
E102867,2023-08-13,2023-08-01,Referral,Sales and Presales,L4,Hyderabad,Man
E102868,2023-08-31,2023-08-01,Job portal,Data and Analytics,L3,Hyderabad,Man
E102869,2023-08-31,2023-08-01,Agency,Sales and Presales,L4,Bengaluru,Man
E102870,2023-08-18,2023-08-01,Referral,Delivery,L2,Hyderabad,Man
E102871,2023-08-30,2023-08-01,Job portal,Quality Engineering,L5,Hyderabad,Man
E102872,2023-08-11,2023-08-01,Agency,Delivery,L3,Bengaluru,Man
E102873,2023-08-05,2023-08-01,Referral,Cloud and Infrastructure,L3,Bengaluru,Man
E102874,2023-08-09,2023-08-01,Referral,Quality Engineering,L2,Hyderabad,Man
E102875,2023-08-20,2023-08-01,Job portal,Delivery,L3,Hyderabad,Man
E102876,2023-08-15,2023-08-01,Job portal,Delivery,L3,Hyderabad,Woman
E102877,2023-08-24,2023-08-01,Referral,Consulting,L2,Bengaluru,Woman
E102878,2023-08-19,2023-08-01,Referral,Sales and Presales,L1,Hyderabad,Man
E102879,2023-08-21,2023-08-01,Job portal,Delivery,L4,Bengaluru,Man
E102880,2023-08-06,2023-08-01,Job portal,Delivery,L3,Hyderabad,Man
E102881,2023-08-30,2023-08-01,Agency,Quality Engineering,L1,Bengaluru,Man
E102882,2023-08-15,2023-08-01,Referral,Cloud and Infrastructure,L2,Bengaluru,Woman
E102883,2023-08-06,2023-08-01,Job portal,Delivery,L2,Bengaluru,Woman
E102884,2023-08-26,2023-08-01,Referral,Corporate Functions,L3,Bengaluru,Man
E102885,2023-08-14,2023-08-01,Agency,Delivery,L4,Hyderabad,Man
E102886,2023-08-22,2023-08-01,Agency,Quality Engineering,L4,Hyderabad,Woman
E102887,2023-08-01,2023-08-01,Referral,Cloud and Infrastructure,L3,Bengaluru,Man
E102888,2023-08-14,2023-08-01,Agency,Delivery,L1,Hyderabad,Man
E102889,2023-08-27,2023-08-01,Job portal,Quality Engineering,L1,Bengaluru,Man
E102890,2023-08-04,2023-08-01,Agency,Cloud and Infrastructure,L1,Bengaluru,Man
E102891,2023-08-18,2023-08-01,Job portal,Delivery,L3,Bengaluru,Man
E102892,2023-08-14,2023-08-01,Job portal,Sales and Presales,L2,Bengaluru,Man
E102893,2023-08-24,2023-08-01,Referral,Data and Analytics,L4,Hyderabad,Woman
E102894,2023-08-30,2023-08-01,Agency,Delivery,L1,Hyderabad,Man
E102895,2023-08-18,2023-08-01,Job portal,Delivery,L3,Hyderabad,Man
E102896,2023-09-24,2023-09-01,Agency,Data and Analytics,L6,Bengaluru,Man
E102897,2023-09-03,2023-09-01,Referral,Corporate Functions,L5,Hyderabad,Man
E102898,2023-09-08,2023-09-01,Referral,Delivery,L3,Bengaluru,Woman
E102899,2023-09-27,2023-09-01,Rehire,Quality Engineering,L3,Hyderabad,Man
E102900,2023-09-28,2023-09-01,Rehire,Delivery,L6,Bengaluru,Man
E102901,2023-09-27,2023-09-01,Referral,Delivery,L3,Bengaluru,Woman
E102902,2023-09-24,2023-09-01,Referral,Quality Engineering,L4,Bengaluru,Woman
E102903,2023-09-03,2023-09-01,Agency,Quality Engineering,L3,Hyderabad,Woman
E102904,2023-09-14,2023-09-01,Job portal,Delivery,L2,Bengaluru,Woman
E102905,2023-09-04,2023-09-01,Referral,Delivery,L2,Hyderabad,Man
E102906,2023-09-12,2023-09-01,Referral,Cloud and Infrastructure,L4,Hyderabad,Woman
E102907,2023-09-05,2023-09-01,Referral,Consulting,L5,Hyderabad,Man
E102908,2023-09-30,2023-09-01,Job portal,Sales and Presales,L3,Hyderabad,Man
E102909,2023-09-11,2023-09-01,Job portal,Delivery,L1,Hyderabad,Man
E102910,2023-09-09,2023-09-01,Agency,Delivery,L4,Hyderabad,Woman
E102911,2023-09-06,2023-09-01,Job portal,Data and Analytics,L1,Hyderabad,Man
E102912,2023-09-28,2023-09-01,Agency,Quality Engineering,L1,Hyderabad,Man
E102913,2023-09-03,2023-09-01,Job portal,Delivery,L1,Hyderabad,Woman
E102914,2023-09-07,2023-09-01,Job portal,Delivery,L2,Hyderabad,Man
E102915,2023-09-21,2023-09-01,Referral,Delivery,L2,Hyderabad,Man
E102916,2023-09-28,2023-09-01,Job portal,Quality Engineering,L1,Hyderabad,Man
E102917,2023-09-13,2023-09-01,Referral,Delivery,L3,Hyderabad,Man
E102918,2023-09-27,2023-09-01,Job portal,Quality Engineering,L3,Bengaluru,Man
E102919,2023-09-11,2023-09-01,Referral,Quality Engineering,L2,Bengaluru,Man
E102920,2023-09-24,2023-09-01,Job portal,Cloud and Infrastructure,L2,Hyderabad,Woman
E102921,2023-09-01,2023-09-01,Job portal,Delivery,L1,Bengaluru,Man
E102922,2023-09-26,2023-09-01,Referral,Quality Engineering,L2,Hyderabad,Woman
E102923,2023-09-25,2023-09-01,Agency,Cloud and Infrastructure,L2,Bengaluru,Woman
E102924,2023-09-30,2023-09-01,Agency,Data and Analytics,L2,Hyderabad,Woman
E102925,2023-10-07,2023-10-01,Job portal,Delivery,L2,Hyderabad,Woman
E102926,2023-10-03,2023-10-01,Referral,Cloud and Infrastructure,L3,Hyderabad,Woman
E102927,2023-10-07,2023-10-01,Referral,Delivery,L2,Hyderabad,Man
E102928,2023-10-24,2023-10-01,Job portal,Delivery,L3,Bengaluru,Man
E102929,2023-10-14,2023-10-01,Agency,Delivery,L5,Bengaluru,Man
E102930,2023-10-10,2023-10-01,Agency,Quality Engineering,L2,Hyderabad,Woman
E102931,2023-10-04,2023-10-01,Agency,Data and Analytics,L3,Bengaluru,Man
E102932,2023-10-13,2023-10-01,Agency,Sales and Presales,L2,Hyderabad,Woman
E102933,2023-10-02,2023-10-01,Job portal,Data and Analytics,L1,Bengaluru,Man
E102934,2023-10-21,2023-10-01,Referral,Delivery,L2,Hyderabad,Woman
E102935,2023-10-23,2023-10-01,Job portal,Delivery,L1,Hyderabad,Woman
E102936,2023-10-13,2023-10-01,Job portal,Delivery,L5,Bengaluru,Man
E102937,2023-10-01,2023-10-01,Job portal,Quality Engineering,L1,Bengaluru,Woman
E102938,2023-10-10,2023-10-01,Job portal,Sales and Presales,L2,Hyderabad,Man
E102939,2023-10-18,2023-10-01,Job portal,Quality Engineering,L3,Bengaluru,Woman
E102940,2023-10-03,2023-10-01,Job portal,Cloud and Infrastructure,L2,Bengaluru,Man
E102941,2023-10-25,2023-10-01,Job portal,Data and Analytics,L2,Bengaluru,Man
E102942,2023-10-12,2023-10-01,Referral,Delivery,L1,Hyderabad,Woman
E102943,2023-10-07,2023-10-01,Referral,Delivery,L2,Hyderabad,Man
E102944,2023-10-02,2023-10-01,Job portal,Delivery,L1,Hyderabad,Woman
E102945,2023-10-12,2023-10-01,Referral,Cloud and Infrastructure,L2,Hyderabad,Woman
E102946,2023-10-02,2023-10-01,Rehire,Delivery,L1,Hyderabad,Woman
E102947,2023-10-11,2023-10-01,Referral,Quality Engineering,L3,Hyderabad,Woman
E102948,2023-10-02,2023-10-01,Job portal,Cloud and Infrastructure,L2,Hyderabad,Woman
E102949,2023-10-22,2023-10-01,Agency,Delivery,L2,Hyderabad,Man
E102950,2023-10-17,2023-10-01,Referral,Quality Engineering,L1,Hyderabad,Man
E102951,2023-10-06,2023-10-01,Job portal,Delivery,L1,Bengaluru,Man
E102952,2023-10-11,2023-10-01,Referral,Quality Engineering,L1,Hyderabad,Man
E102953,2023-10-24,2023-10-01,Referral,Delivery,L2,Hyderabad,Man
E102954,2023-10-15,2023-10-01,Job portal,Delivery,L2,Bengaluru,Man
E102955,2023-10-30,2023-10-01,Agency,Cloud and Infrastructure,L2,Hyderabad,Man
E102956,2023-11-03,2023-11-01,Job portal,Delivery,L4,Bengaluru,Man
E102957,2023-11-15,2023-11-01,Referral,Delivery,L2,Hyderabad,Woman
E102958,2023-11-21,2023-11-01,Job portal,Delivery,L3,Hyderabad,Man
E102959,2023-11-04,2023-11-01,Job portal,Delivery,L2,Hyderabad,Man
E102960,2023-11-17,2023-11-01,Agency,Corporate Functions,L4,Hyderabad,Man
E102961,2023-11-12,2023-11-01,Referral,Cloud and Infrastructure,L2,Hyderabad,Man
E102962,2023-11-11,2023-11-01,Job portal,Delivery,L3,Bengaluru,Man
E102963,2023-11-14,2023-11-01,Job portal,Cloud and Infrastructure,L2,Hyderabad,Man
E102964,2023-11-11,2023-11-01,Referral,Sales and Presales,L3,Bengaluru,Woman
E102965,2023-11-04,2023-11-01,Job portal,Data and Analytics,L3,Bengaluru,Man
E102966,2023-11-18,2023-11-01,Job portal,Quality Engineering,L3,Hyderabad,Woman
E102967,2023-11-16,2023-11-01,Job portal,Quality Engineering,L4,Hyderabad,Man
E102968,2023-11-13,2023-11-01,Agency,Cloud and Infrastructure,L1,Bengaluru,Man
E102969,2023-11-19,2023-11-01,Job portal,Delivery,L2,Hyderabad,Man
E102970,2023-11-18,2023-11-01,Agency,Quality Engineering,L3,Bengaluru,Man
E102971,2023-11-07,2023-11-01,Agency,Delivery,L2,Bengaluru,Man
E102972,2023-11-03,2023-11-01,Job portal,Sales and Presales,L1,Hyderabad,Woman
E102973,2023-11-14,2023-11-01,Job portal,Consulting,L2,Bengaluru,Man
E102974,2023-11-12,2023-11-01,Referral,Delivery,L2,Bengaluru,Woman
E102975,2023-11-16,2023-11-01,Job portal,Consulting,L2,Hyderabad,Man
E102976,2023-11-09,2023-11-01,Referral,Delivery,L2,Hyderabad,Man
E102977,2023-11-12,2023-11-01,Agency,Cloud and Infrastructure,L1,Hyderabad,Man
E102978,2023-11-11,2023-11-01,Agency,Delivery,L3,Hyderabad,Man
E102979,2023-11-18,2023-11-01,Job portal,Quality Engineering,L2,Bengaluru,Man
E102980,2023-11-13,2023-11-01,Referral,Corporate Functions,L2,Bengaluru,Man
E102981,2023-11-27,2023-11-01,Referral,Delivery,L2,Bengaluru,Man
E102982,2023-11-14,2023-11-01,Job portal,Quality Engineering,L1,Bengaluru,Woman
E102983,2023-11-20,2023-11-01,Job portal,Sales and Presales,L3,Hyderabad,Woman
E102984,2023-11-17,2023-11-01,Agency,Cloud and Infrastructure,L1,Hyderabad,Woman
E102985,2023-11-17,2023-11-01,Job portal,Delivery,L3,Hyderabad,Man
E102986,2023-11-25,2023-11-01,Referral,Data and Analytics,L1,Bengaluru,Man
E102987,2023-11-30,2023-11-01,Agency,Delivery,L1,Hyderabad,Woman
E102988,2023-11-18,2023-11-01,Referral,Quality Engineering,L2,Hyderabad,Man
E102989,2023-11-16,2023-11-01,Job portal,Delivery,L1,Bengaluru,Woman
E102990,2023-11-17,2023-11-01,Referral,Delivery,L1,Hyderabad,Woman
E102991,2023-11-26,2023-11-01,Referral,Delivery,L3,Hyderabad,Man
E102992,2023-11-24,2023-11-01,Job portal,Quality Engineering,L2,Hyderabad,Woman
E102993,2023-11-20,2023-11-01,Referral,Delivery,L2,Bengaluru,Woman
E102994,2023-12-14,2023-12-01,Agency,Sales and Presales,L1,Hyderabad,Woman
E102995,2023-12-11,2023-12-01,Job portal,Delivery,L1,Bengaluru,Woman
E102996,2023-12-20,2023-12-01,Job portal,Delivery,L2,Bengaluru,Man
E102997,2023-12-11,2023-12-01,Job portal,Data and Analytics,L2,Bengaluru,Woman
E102998,2023-12-31,2023-12-01,Job portal,Data and Analytics,L2,Hyderabad,Man
E102999,2023-12-11,2023-12-01,Rehire,Delivery,L2,Hyderabad,Man
E103000,2023-12-13,2023-12-01,Job portal,Delivery,L2,Bengaluru,Man
E103001,2023-12-16,2023-12-01,Referral,Sales and Presales,L5,Hyderabad,Man
E103002,2023-12-05,2023-12-01,Job portal,Delivery,L2,Hyderabad,Man
E103003,2023-12-19,2023-12-01,Agency,Cloud and Infrastructure,L1,Hyderabad,Man
E103004,2023-12-07,2023-12-01,Job portal,Cloud and Infrastructure,L2,Bengaluru,Man
E103005,2023-12-19,2023-12-01,Referral,Delivery,L3,Hyderabad,Woman
E103006,2023-12-23,2023-12-01,Referral,Delivery,L1,Bengaluru,Man
E103007,2023-12-03,2023-12-01,Rehire,Data and Analytics,L1,Bengaluru,Man
E103008,2023-12-05,2023-12-01,Referral,Quality Engineering,L2,Hyderabad,Man
E103009,2023-12-08,2023-12-01,Referral,Sales and Presales,L2,Hyderabad,Woman
E103010,2023-12-31,2023-12-01,Referral,Data and Analytics,L4,Bengaluru,Man
E103011,2023-12-12,2023-12-01,Agency,Delivery,L3,Bengaluru,Woman
E103012,2023-12-22,2023-12-01,Job portal,Delivery,L3,Bengaluru,Woman
E103013,2023-12-24,2023-12-01,Agency,Consulting,L3,Bengaluru,Man
E103014,2023-12-03,2023-12-01,Job portal,Cloud and Infrastructure,L2,Bengaluru,Man
E103015,2023-12-17,2023-12-01,Job portal,Delivery,L1,Bengaluru,Woman
E103016,2023-12-30,2023-12-01,Job portal,Delivery,L3,Bengaluru,Woman
E103017,2023-12-05,2023-12-01,Referral,Delivery,L1,Bengaluru,Man
E103018,2023-12-06,2023-12-01,Referral,Quality Engineering,L3,Hyderabad,Man
E103019,2023-12-06,2023-12-01,Agency,Cloud and Infrastructure,L1,Hyderabad,Man
E103020,2023-12-28,2023-12-01,Referral,Delivery,L1,Hyderabad,Man
E103021,2023-12-24,2023-12-01,Referral,Cloud and Infrastructure,L1,Bengaluru,Man
E103022,2023-12-05,2023-12-01,Referral,Delivery,L1,Bengaluru,Man
E103023,2023-12-30,2023-12-01,Agency,Delivery,L1,Bengaluru,Man
E103024,2023-12-07,2023-12-01,Referral,Delivery,L3,Hyderabad,Man
E103025,2023-12-28,2023-12-01,Agency,Quality Engineering,L2,Bengaluru,Man
E103026,2023-12-29,2023-12-01,Referral,Delivery,L1,Hyderabad,Man
E103027,2023-12-28,2023-12-01,Job portal,Corporate Functions,L1,Hyderabad,Woman
E103028,2023-12-29,2023-12-01,Job portal,Delivery,L3,Hyderabad,Man
E103029,2024-01-17,2024-01-01,Referral,Corporate Functions,L6,Bengaluru,Man
E103030,2024-01-03,2024-01-01,Referral,Sales and Presales,L3,Bengaluru,Man
E103031,2024-01-11,2024-01-01,Referral,Quality Engineering,L2,Hyderabad,Man
E103032,2024-01-16,2024-01-01,Referral,Delivery,L5,Bengaluru,Man
E103033,2024-01-11,2024-01-01,Job portal,Delivery,L1,Bengaluru,Man
E103034,2024-01-04,2024-01-01,Referral,Cloud and Infrastructure,L1,Bengaluru,Woman
E103035,2024-01-09,2024-01-01,Referral,Delivery,L2,Bengaluru,Woman
E103036,2024-01-12,2024-01-01,Agency,Corporate Functions,L2,Hyderabad,Man
E103037,2024-01-10,2024-01-01,Referral,Quality Engineering,L1,Hyderabad,Man
E103038,2024-01-27,2024-01-01,Job portal,Quality Engineering,L2,Hyderabad,Woman
E103039,2024-01-26,2024-01-01,Job portal,Quality Engineering,L3,Hyderabad,Woman
E103040,2024-01-29,2024-01-01,Agency,Delivery,L2,Bengaluru,Man
E103041,2024-01-15,2024-01-01,Referral,Cloud and Infrastructure,L3,Hyderabad,Man
E103042,2024-01-18,2024-01-01,Job portal,Quality Engineering,L2,Hyderabad,Woman
E103043,2024-01-11,2024-01-01,Agency,Sales and Presales,L1,Bengaluru,Man
E103044,2024-01-12,2024-01-01,Referral,Delivery,L1,Hyderabad,Man
E103045,2024-01-16,2024-01-01,Agency,Consulting,L5,Bengaluru,Man
E103046,2024-01-17,2024-01-01,Referral,Delivery,L2,Bengaluru,Woman
E103047,2024-01-11,2024-01-01,Job portal,Delivery,L3,Hyderabad,Man
E103048,2024-01-01,2024-01-01,Job portal,Delivery,L1,Hyderabad,Woman
E103049,2024-01-16,2024-01-01,Referral,Delivery,L3,Bengaluru,Woman
E103050,2024-01-01,2024-01-01,Job portal,Delivery,L1,Hyderabad,Woman
E103051,2024-01-21,2024-01-01,Agency,Delivery,L3,Bengaluru,Man
E103052,2024-01-21,2024-01-01,Agency,Delivery,L1,Hyderabad,Woman
E103053,2024-01-07,2024-01-01,Referral,Delivery,L2,Bengaluru,Man
E103054,2024-01-30,2024-01-01,Job portal,Delivery,L1,Hyderabad,Woman
E103055,2024-01-06,2024-01-01,Referral,Delivery,L1,Hyderabad,Woman
E103056,2024-01-22,2024-01-01,Job portal,Delivery,L1,Bengaluru,Man
E103057,2024-01-18,2024-01-01,Referral,Consulting,L1,Hyderabad,Woman
E103058,2024-01-13,2024-01-01,Job portal,Delivery,L2,Bengaluru,Man
E103059,2024-01-07,2024-01-01,Referral,Corporate Functions,L2,Bengaluru,Woman
E103060,2024-01-25,2024-01-01,Referral,Cloud and Infrastructure,L2,Hyderabad,Woman
E103061,2024-01-18,2024-01-01,Referral,Sales and Presales,L2,Bengaluru,Man
E103062,2024-01-17,2024-01-01,Referral,Delivery,L2,Hyderabad,Woman
E103063,2024-01-24,2024-01-01,Job portal,Delivery,L2,Hyderabad,Man
E103064,2024-01-28,2024-01-01,Agency,Data and Analytics,L1,Bengaluru,Man
E103065,2024-01-15,2024-01-01,Referral,Delivery,L2,Hyderabad,Man
E103066,2024-02-10,2024-02-01,Rehire,Delivery,L3,Bengaluru,Man
E103067,2024-02-05,2024-02-01,Agency,Delivery,L6,Bengaluru,Man
E103068,2024-02-22,2024-02-01,Job portal,Quality Engineering,L5,Hyderabad,Man
E103069,2024-02-14,2024-02-01,Job portal,Delivery,L3,Bengaluru,Man
E103070,2024-02-05,2024-02-01,Referral,Delivery,L2,Hyderabad,Man
E103071,2024-02-20,2024-02-01,Referral,Delivery,L1,Hyderabad,Man
E103072,2024-02-10,2024-02-01,Referral,Delivery,L1,Hyderabad,Man
E103073,2024-02-10,2024-02-01,Job portal,Delivery,L1,Bengaluru,Man
E103074,2024-02-25,2024-02-01,Agency,Data and Analytics,L2,Bengaluru,Man
E103075,2024-02-22,2024-02-01,Agency,Delivery,L1,Bengaluru,Woman
E103076,2024-02-08,2024-02-01,Referral,Delivery,L2,Hyderabad,Woman
E103077,2024-02-19,2024-02-01,Agency,Consulting,L1,Hyderabad,Man
E103078,2024-02-20,2024-02-01,Job portal,Delivery,L1,Bengaluru,Woman
E103079,2024-02-29,2024-02-01,Referral,Delivery,L4,Bengaluru,Man
E103080,2024-02-28,2024-02-01,Job portal,Quality Engineering,L4,Hyderabad,Man
E103081,2024-02-14,2024-02-01,Job portal,Delivery,L1,Hyderabad,Woman
E103082,2024-02-24,2024-02-01,Job portal,Corporate Functions,L1,Hyderabad,Woman
E103083,2024-02-14,2024-02-01,Referral,Quality Engineering,L5,Hyderabad,Man
E103084,2024-02-23,2024-02-01,Job portal,Quality Engineering,L1,Bengaluru,Man
E103085,2024-02-25,2024-02-01,Job portal,Cloud and Infrastructure,L3,Hyderabad,Woman
E103086,2024-02-23,2024-02-01,Job portal,Cloud and Infrastructure,L4,Bengaluru,Man
E103087,2024-02-19,2024-02-01,Job portal,Corporate Functions,L3,Bengaluru,Man
E103088,2024-02-21,2024-02-01,Referral,Consulting,L1,Bengaluru,Man
E103089,2024-02-26,2024-02-01,Job portal,Delivery,L2,Hyderabad,Man
E103090,2024-02-28,2024-02-01,Job portal,Delivery,L2,Hyderabad,Woman
E103091,2024-03-22,2024-03-01,Agency,Delivery,L2,Hyderabad,Man
E103092,2024-03-18,2024-03-01,Job portal,Corporate Functions,L4,Bengaluru,Woman
E103093,2024-03-01,2024-03-01,Referral,Delivery,L4,Bengaluru,Man
E103094,2024-03-09,2024-03-01,Referral,Data and Analytics,L2,Bengaluru,Woman
E103095,2024-03-16,2024-03-01,Job portal,Data and Analytics,L1,Bengaluru,Woman
E103096,2024-03-01,2024-03-01,Job portal,Consulting,L2,Bengaluru,Woman
E103097,2024-03-30,2024-03-01,Referral,Delivery,L4,Hyderabad,Woman
E103098,2024-03-27,2024-03-01,Job portal,Sales and Presales,L3,Hyderabad,Man
E103099,2024-03-07,2024-03-01,Job portal,Cloud and Infrastructure,L2,Bengaluru,Woman
E103100,2024-03-17,2024-03-01,Referral,Delivery,L2,Hyderabad,Woman
E103101,2024-03-01,2024-03-01,Job portal,Quality Engineering,L2,Hyderabad,Man
E103102,2024-03-26,2024-03-01,Job portal,Cloud and Infrastructure,L5,Bengaluru,Man
E103103,2024-03-23,2024-03-01,Referral,Data and Analytics,L1,Hyderabad,Man
E103104,2024-03-03,2024-03-01,Agency,Cloud and Infrastructure,L2,Hyderabad,Man
E103105,2024-03-25,2024-03-01,Job portal,Corporate Functions,L2,Hyderabad,Man
E103106,2024-03-23,2024-03-01,Agency,Delivery,L2,Bengaluru,Woman
E103107,2024-03-18,2024-03-01,Agency,Delivery,L1,Bengaluru,Woman
E103108,2024-03-23,2024-03-01,Referral,Data and Analytics,L1,Hyderabad,Woman
E103109,2024-03-20,2024-03-01,Referral,Delivery,L2,Hyderabad,Woman
E103110,2024-03-16,2024-03-01,Referral,Delivery,L1,Hyderabad,Man
E103111,2024-03-08,2024-03-01,Rehire,Cloud and Infrastructure,L2,Hyderabad,Man
E103112,2024-03-22,2024-03-01,Agency,Delivery,L1,Bengaluru,Man
E103113,2024-03-21,2024-03-01,Job portal,Delivery,L2,Bengaluru,Man
E103114,2024-03-24,2024-03-01,Job portal,Cloud and Infrastructure,L3,Bengaluru,Woman
E103115,2024-03-23,2024-03-01,Job portal,Delivery,L3,Hyderabad,Woman
E103116,2024-03-16,2024-03-01,Job portal,Delivery,L3,Hyderabad,Woman
E103117,2024-03-20,2024-03-01,Referral,Corporate Functions,L2,Bengaluru,Woman
E103118,2024-03-06,2024-03-01,Job portal,Quality Engineering,L2,Hyderabad,Woman
E103119,2024-03-15,2024-03-01,Rehire,Sales and Presales,L1,Hyderabad,Woman
E103120,2024-03-04,2024-03-01,Job portal,Sales and Presales,L2,Hyderabad,Woman
E103121,2024-03-19,2024-03-01,Agency,Quality Engineering,L1,Bengaluru,Woman
E103122,2024-04-10,2024-04-01,Job portal,Quality Engineering,L3,Bengaluru,Woman
E103123,2024-04-01,2024-04-01,Job portal,Consulting,L4,Hyderabad,Woman
E103124,2024-04-14,2024-04-01,Job portal,Delivery,L2,Bengaluru,Man
E103125,2024-04-11,2024-04-01,Job portal,Delivery,L3,Bengaluru,Man
E103126,2024-04-10,2024-04-01,Agency,Corporate Functions,L2,Bengaluru,Man
E103127,2024-04-22,2024-04-01,Rehire,Delivery,L2,Hyderabad,Man
E103128,2024-04-06,2024-04-01,Job portal,Data and Analytics,L1,Bengaluru,Woman
E103129,2024-04-27,2024-04-01,Job portal,Delivery,L1,Bengaluru,Man
E103130,2024-04-26,2024-04-01,Rehire,Delivery,L1,Hyderabad,Man
E103131,2024-04-20,2024-04-01,Referral,Corporate Functions,L2,Bengaluru,Man
E103132,2024-04-08,2024-04-01,Agency,Delivery,L2,Hyderabad,Man
E103133,2024-04-28,2024-04-01,Referral,Quality Engineering,L3,Hyderabad,Man
E103134,2024-04-02,2024-04-01,Job portal,Sales and Presales,L2,Hyderabad,Man
E103135,2024-04-30,2024-04-01,Rehire,Corporate Functions,L3,Bengaluru,Man
E103136,2024-04-15,2024-04-01,Job portal,Delivery,L2,Hyderabad,Man
E103137,2024-04-29,2024-04-01,Job portal,Delivery,L2,Bengaluru,Man
E103138,2024-04-02,2024-04-01,Referral,Delivery,L2,Hyderabad,Woman
E103139,2024-04-08,2024-04-01,Agency,Quality Engineering,L3,Hyderabad,Man
E103140,2024-04-20,2024-04-01,Job portal,Quality Engineering,L4,Hyderabad,Man
E103141,2024-04-20,2024-04-01,Job portal,Quality Engineering,L3,Hyderabad,Man
E103142,2024-04-01,2024-04-01,Referral,Delivery,L1,Hyderabad,Man
E103143,2024-04-16,2024-04-01,Referral,Delivery,L3,Bengaluru,Man
E103144,2024-04-17,2024-04-01,Referral,Delivery,L2,Hyderabad,Woman
E103145,2024-04-20,2024-04-01,Job portal,Delivery,L6,Hyderabad,Man
E103146,2024-04-17,2024-04-01,Agency,Cloud and Infrastructure,L2,Bengaluru,Woman
E103147,2024-04-03,2024-04-01,Job portal,Corporate Functions,L1,Bengaluru,Woman
E103148,2024-04-22,2024-04-01,Job portal,Cloud and Infrastructure,L2,Hyderabad,Woman
E103149,2024-04-28,2024-04-01,Referral,Quality Engineering,L3,Hyderabad,Man
E103150,2024-04-17,2024-04-01,Job portal,Quality Engineering,L3,Bengaluru,Man
E103151,2024-04-19,2024-04-01,Job portal,Delivery,L2,Hyderabad,Woman
E103152,2024-04-13,2024-04-01,Job portal,Corporate Functions,L1,Hyderabad,Man
E103153,2024-04-06,2024-04-01,Referral,Cloud and Infrastructure,L4,Bengaluru,Woman
E103154,2024-04-30,2024-04-01,Job portal,Quality Engineering,L4,Hyderabad,Woman
E103155,2024-04-22,2024-04-01,Job portal,Delivery,L2,Hyderabad,Man
E103156,2024-04-22,2024-04-01,Referral,Delivery,L2,Hyderabad,Man
E103157,2024-05-04,2024-05-01,Referral,Sales and Presales,L3,Bengaluru,Man
E103158,2024-05-09,2024-05-01,Rehire,Corporate Functions,L4,Hyderabad,Man
E103159,2024-05-09,2024-05-01,Agency,Quality Engineering,L1,Bengaluru,Man
E103160,2024-05-15,2024-05-01,Agency,Delivery,L2,Bengaluru,Woman
E103161,2024-05-14,2024-05-01,Agency,Delivery,L4,Bengaluru,Man
E103162,2024-05-02,2024-05-01,Job portal,Delivery,L5,Hyderabad,Man
E103163,2024-05-20,2024-05-01,Agency,Cloud and Infrastructure,L2,Hyderabad,Man
E103164,2024-05-07,2024-05-01,Agency,Delivery,L2,Hyderabad,Man
E103165,2024-05-06,2024-05-01,Referral,Delivery,L3,Hyderabad,Man
E103166,2024-05-08,2024-05-01,Referral,Cloud and Infrastructure,L2,Bengaluru,Woman
E103167,2024-05-08,2024-05-01,Agency,Delivery,L5,Hyderabad,Man
E103168,2024-05-21,2024-05-01,Job portal,Delivery,L1,Hyderabad,Man
E103169,2024-05-08,2024-05-01,Rehire,Delivery,L1,Hyderabad,Man
E103170,2024-05-10,2024-05-01,Referral,Delivery,L2,Bengaluru,Man
E103171,2024-05-04,2024-05-01,Agency,Corporate Functions,L1,Hyderabad,Man
E103172,2024-05-28,2024-05-01,Rehire,Delivery,L2,Bengaluru,Woman
E103173,2024-05-23,2024-05-01,Job portal,Consulting,L2,Bengaluru,Man
E103174,2024-05-29,2024-05-01,Job portal,Quality Engineering,L2,Hyderabad,Man
E103175,2024-05-15,2024-05-01,Job portal,Data and Analytics,L1,Bengaluru,Man
E103176,2024-05-09,2024-05-01,Rehire,Quality Engineering,L1,Hyderabad,Man
E103177,2024-05-22,2024-05-01,Agency,Quality Engineering,L3,Hyderabad,Man
E103178,2024-05-15,2024-05-01,Job portal,Delivery,L1,Bengaluru,Man
E103179,2024-05-09,2024-05-01,Agency,Delivery,L4,Bengaluru,Man
E103180,2024-05-06,2024-05-01,Referral,Corporate Functions,L2,Hyderabad,Woman
E103181,2024-05-26,2024-05-01,Agency,Delivery,L2,Hyderabad,Man
E103182,2024-05-03,2024-05-01,Referral,Delivery,L3,Bengaluru,Man
E103183,2024-05-06,2024-05-01,Job portal,Delivery,L1,Hyderabad,Man
E103184,2024-06-20,2024-06-01,Job portal,Delivery,L1,Bengaluru,Woman
E103185,2024-06-10,2024-06-01,Referral,Quality Engineering,L4,Hyderabad,Man
E103186,2024-06-21,2024-06-01,Job portal,Delivery,L2,Hyderabad,Man
E103187,2024-06-13,2024-06-01,Job portal,Delivery,L1,Hyderabad,Woman
E103188,2024-06-22,2024-06-01,Job portal,Delivery,L4,Bengaluru,Man
E103189,2024-06-03,2024-06-01,Agency,Delivery,L3,Hyderabad,Woman
E103190,2024-06-01,2024-06-01,Referral,Data and Analytics,L1,Hyderabad,Man
E103191,2024-06-21,2024-06-01,Agency,Delivery,L2,Bengaluru,Man
E103192,2024-06-07,2024-06-01,Referral,Delivery,L2,Bengaluru,Woman
E103193,2024-06-24,2024-06-01,Referral,Corporate Functions,L4,Bengaluru,Woman
E103194,2024-06-09,2024-06-01,Job portal,Delivery,L2,Hyderabad,Woman
E103195,2024-06-08,2024-06-01,Agency,Sales and Presales,L4,Hyderabad,Man
E103196,2024-06-01,2024-06-01,Job portal,Delivery,L3,Hyderabad,Man
E103197,2024-06-21,2024-06-01,Job portal,Delivery,L2,Hyderabad,Man
E103198,2024-06-10,2024-06-01,Referral,Delivery,L4,Hyderabad,Man
E103199,2024-06-02,2024-06-01,Agency,Delivery,L1,Hyderabad,Man
E103200,2024-06-30,2024-06-01,Agency,Delivery,L1,Bengaluru,Man
E103201,2024-06-22,2024-06-01,Agency,Delivery,L2,Bengaluru,Man
E103202,2024-06-13,2024-06-01,Referral,Cloud and Infrastructure,L1,Hyderabad,Man
E103203,2024-06-10,2024-06-01,Referral,Delivery,L3,Bengaluru,Woman
E103204,2024-06-23,2024-06-01,Agency,Quality Engineering,L2,Hyderabad,Woman
E103205,2024-06-01,2024-06-01,Referral,Data and Analytics,L1,Bengaluru,Man
E103206,2024-06-27,2024-06-01,Referral,Data and Analytics,L2,Hyderabad,Woman
E103207,2024-06-01,2024-06-01,Referral,Quality Engineering,L3,Bengaluru,Man
E103208,2024-06-30,2024-06-01,Referral,Delivery,L3,Hyderabad,Man
E103209,2024-06-14,2024-06-01,Job portal,Data and Analytics,L4,Hyderabad,Man
E103210,2024-06-10,2024-06-01,Referral,Quality Engineering,L3,Hyderabad,Man
E103211,2024-06-27,2024-06-01,Job portal,Delivery,L3,Bengaluru,Woman
E103212,2024-06-22,2024-06-01,Job portal,Corporate Functions,L3,Hyderabad,Man
E103213,2024-06-23,2024-06-01,Job portal,Delivery,L2,Bengaluru,Man
E103214,2024-06-28,2024-06-01,Job portal,Quality Engineering,L4,Bengaluru,Man
E103215,2024-07-01,2024-07-01,Agency,Quality Engineering,L3,Bengaluru,Man
E103216,2024-07-16,2024-07-01,Agency,Data and Analytics,L3,Hyderabad,Man
E103217,2024-07-05,2024-07-01,Referral,Corporate Functions,L4,Hyderabad,Man
E103218,2024-07-14,2024-07-01,Agency,Cloud and Infrastructure,L2,Hyderabad,Woman
E103219,2024-07-26,2024-07-01,Rehire,Quality Engineering,L2,Bengaluru,Man
E103220,2024-07-05,2024-07-01,Job portal,Cloud and Infrastructure,L2,Bengaluru,Man
E103221,2024-07-14,2024-07-01,Job portal,Cloud and Infrastructure,L1,Hyderabad,Man
E103222,2024-07-30,2024-07-01,Job portal,Quality Engineering,L1,Bengaluru,Man
E103223,2024-07-17,2024-07-01,Referral,Data and Analytics,L3,Bengaluru,Man
E103224,2024-07-31,2024-07-01,Agency,Cloud and Infrastructure,L3,Hyderabad,Woman
E103225,2024-07-30,2024-07-01,Referral,Data and Analytics,L2,Bengaluru,Man
E103226,2024-07-18,2024-07-01,Referral,Data and Analytics,L1,Bengaluru,Man
E103227,2024-07-14,2024-07-01,Job portal,Data and Analytics,L2,Hyderabad,Man
E103228,2024-07-29,2024-07-01,Referral,Delivery,L1,Hyderabad,Man
E103229,2024-07-22,2024-07-01,Job portal,Delivery,L1,Hyderabad,Man
E103230,2024-07-15,2024-07-01,Agency,Delivery,L5,Bengaluru,Man
E103231,2024-07-07,2024-07-01,Referral,Delivery,L1,Hyderabad,Woman
E103232,2024-07-03,2024-07-01,Referral,Delivery,L4,Bengaluru,Man
E103233,2024-07-15,2024-07-01,Agency,Cloud and Infrastructure,L2,Bengaluru,Man
E103234,2024-07-04,2024-07-01,Job portal,Delivery,L2,Bengaluru,Woman
E103235,2024-07-26,2024-07-01,Referral,Quality Engineering,L4,Hyderabad,Woman
E103236,2024-08-09,2024-08-01,Campus,Cloud and Infrastructure,L1,Bengaluru,Man
E103237,2024-08-10,2024-08-01,Campus,Delivery,L1,Hyderabad,Non-binary
E103238,2024-08-01,2024-08-01,Campus,Cloud and Infrastructure,L1,Hyderabad,Man
E103239,2024-08-12,2024-08-01,Campus,Quality Engineering,L1,Bengaluru,Man
E103240,2024-08-17,2024-08-01,Campus,Sales and Presales,L1,Bengaluru,Man
E103241,2024-08-02,2024-08-01,Campus,Quality Engineering,L1,Hyderabad,Woman
E103242,2024-08-15,2024-08-01,Campus,Cloud and Infrastructure,L1,Hyderabad,Man
E103243,2024-08-20,2024-08-01,Campus,Cloud and Infrastructure,L1,Hyderabad,Man
E103244,2024-08-18,2024-08-01,Campus,Delivery,L1,Hyderabad,Man
E103245,2024-08-07,2024-08-01,Campus,Delivery,L1,Bengaluru,Woman
E103246,2024-08-19,2024-08-01,Campus,Delivery,L1,Hyderabad,Woman
E103247,2024-08-08,2024-08-01,Campus,Consulting,L1,Hyderabad,Man
E103248,2024-08-02,2024-08-01,Campus,Delivery,L1,Bengaluru,Woman
E103249,2024-08-20,2024-08-01,Campus,Delivery,L1,Hyderabad,Woman
E103250,2024-08-09,2024-08-01,Campus,Delivery,L1,Bengaluru,Woman
E103251,2024-08-20,2024-08-01,Campus,Delivery,L1,Bengaluru,Man
E103252,2024-08-15,2024-08-01,Campus,Delivery,L1,Hyderabad,Woman
E103253,2024-08-10,2024-08-01,Campus,Delivery,L1,Hyderabad,Man
E103254,2024-08-10,2024-08-01,Campus,Delivery,L1,Bengaluru,Man
E103255,2024-08-09,2024-08-01,Campus,Sales and Presales,L1,Hyderabad,Woman
E103256,2024-08-01,2024-08-01,Campus,Consulting,L1,Hyderabad,Man
E103257,2024-08-03,2024-08-01,Campus,Data and Analytics,L1,Hyderabad,Woman
E103258,2024-08-11,2024-08-01,Campus,Delivery,L1,Hyderabad,Woman
E103259,2024-08-07,2024-08-01,Campus,Delivery,L1,Hyderabad,Man
E103260,2024-08-08,2024-08-01,Campus,Delivery,L1,Bengaluru,Man
E103261,2024-08-16,2024-08-01,Campus,Sales and Presales,L1,Hyderabad,Man
E103262,2024-08-12,2024-08-01,Campus,Delivery,L1,Hyderabad,Woman
E103263,2024-08-05,2024-08-01,Campus,Delivery,L1,Hyderabad,Woman
E103264,2024-08-03,2024-08-01,Campus,Quality Engineering,L1,Hyderabad,Man
E103265,2024-08-13,2024-08-01,Campus,Quality Engineering,L1,Bengaluru,Woman
E103266,2024-08-10,2024-08-01,Campus,Delivery,L1,Bengaluru,Man
E103267,2024-08-10,2024-08-01,Campus,Data and Analytics,L1,Hyderabad,Man
E103268,2024-08-17,2024-08-01,Campus,Delivery,L1,Hyderabad,Woman
E103269,2024-08-01,2024-08-01,Campus,Delivery,L1,Hyderabad,Man
E103270,2024-08-06,2024-08-01,Campus,Cloud and Infrastructure,L1,Hyderabad,Woman
E103271,2024-08-10,2024-08-01,Campus,Delivery,L1,Hyderabad,Woman
E103272,2024-08-10,2024-08-01,Campus,Delivery,L1,Hyderabad,Man
E103273,2024-08-20,2024-08-01,Campus,Delivery,L1,Hyderabad,Man
E103274,2024-08-13,2024-08-01,Campus,Delivery,L1,Hyderabad,Man
E103275,2024-08-20,2024-08-01,Campus,Data and Analytics,L1,Bengaluru,Woman
E103276,2024-08-08,2024-08-01,Campus,Delivery,L1,Hyderabad,Man
E103277,2024-08-16,2024-08-01,Campus,Delivery,L1,Hyderabad,Woman
E103278,2024-08-19,2024-08-01,Campus,Cloud and Infrastructure,L1,Hyderabad,Woman
E103279,2024-08-06,2024-08-01,Campus,Quality Engineering,L1,Hyderabad,Man
E103280,2024-08-16,2024-08-01,Campus,Delivery,L1,Bengaluru,Woman
E103281,2024-08-10,2024-08-01,Campus,Delivery,L1,Hyderabad,Woman
E103282,2024-08-08,2024-08-01,Campus,Delivery,L1,Hyderabad,Man
E103283,2024-08-04,2024-08-01,Campus,Delivery,L1,Bengaluru,Woman
E103284,2024-08-08,2024-08-01,Campus,Delivery,L1,Bengaluru,Woman
E103285,2024-08-17,2024-08-01,Campus,Sales and Presales,L1,Hyderabad,Man
E103286,2024-08-01,2024-08-01,Campus,Delivery,L1,Bengaluru,Man
E103287,2024-08-04,2024-08-01,Campus,Cloud and Infrastructure,L1,Hyderabad,Woman
E103288,2024-08-07,2024-08-01,Campus,Consulting,L1,Bengaluru,Man
E103289,2024-08-07,2024-08-01,Campus,Data and Analytics,L1,Hyderabad,Woman
E103290,2024-08-07,2024-08-01,Campus,Delivery,L1,Hyderabad,Man
E103291,2024-08-17,2024-08-01,Campus,Cloud and Infrastructure,L1,Hyderabad,Woman
E103292,2024-08-02,2024-08-01,Campus,Delivery,L1,Hyderabad,Man
E103293,2024-08-13,2024-08-01,Campus,Quality Engineering,L1,Hyderabad,Woman
E103294,2024-08-08,2024-08-01,Campus,Quality Engineering,L1,Hyderabad,Woman
E103295,2024-08-01,2024-08-01,Campus,Quality Engineering,L1,Bengaluru,Man
E103296,2024-08-03,2024-08-01,Campus,Quality Engineering,L1,Hyderabad,Woman
E103297,2024-08-03,2024-08-01,Campus,Cloud and Infrastructure,L1,Hyderabad,Man
E103298,2024-08-03,2024-08-01,Campus,Cloud and Infrastructure,L1,Bengaluru,Woman
E103299,2024-08-06,2024-08-01,Campus,Sales and Presales,L1,Bengaluru,Man
E103300,2024-08-02,2024-08-01,Campus,Consulting,L1,Bengaluru,Woman
E103301,2024-08-07,2024-08-01,Campus,Data and Analytics,L1,Hyderabad,Woman
E103302,2024-08-07,2024-08-01,Campus,Delivery,L1,Hyderabad,Man
E103303,2024-08-04,2024-08-01,Campus,Quality Engineering,L1,Bengaluru,Woman
E103304,2024-08-06,2024-08-01,Campus,Sales and Presales,L1,Bengaluru,Woman
E103305,2024-08-02,2024-08-01,Campus,Cloud and Infrastructure,L1,Bengaluru,Woman
E103306,2024-08-15,2024-08-01,Campus,Delivery,L1,Hyderabad,Woman
E103307,2024-08-09,2024-08-01,Campus,Quality Engineering,L1,Hyderabad,Man
E103308,2024-08-15,2024-08-01,Campus,Quality Engineering,L1,Hyderabad,Man
E103309,2024-08-16,2024-08-01,Campus,Cloud and Infrastructure,L1,Hyderabad,Woman
E103310,2024-08-13,2024-08-01,Campus,Delivery,L1,Hyderabad,Man
E103311,2024-08-07,2024-08-01,Campus,Cloud and Infrastructure,L1,Hyderabad,Man
E103312,2024-08-17,2024-08-01,Campus,Consulting,L1,Hyderabad,Man
E103313,2024-08-02,2024-08-01,Campus,Cloud and Infrastructure,L1,Hyderabad,Man
E103314,2024-08-05,2024-08-01,Campus,Sales and Presales,L1,Hyderabad,Man
E103315,2024-08-17,2024-08-01,Campus,Sales and Presales,L1,Bengaluru,Man
E103316,2024-08-05,2024-08-01,Campus,Quality Engineering,L1,Hyderabad,Man
E103317,2024-08-04,2024-08-01,Campus,Cloud and Infrastructure,L1,Hyderabad,Woman
E103318,2024-08-18,2024-08-01,Campus,Delivery,L1,Bengaluru,Man
E103319,2024-08-03,2024-08-01,Campus,Data and Analytics,L1,Bengaluru,Man
E103320,2024-08-06,2024-08-01,Campus,Consulting,L1,Hyderabad,Woman
E103321,2024-08-15,2024-08-01,Campus,Quality Engineering,L1,Hyderabad,Man
E103322,2024-08-19,2024-08-01,Campus,Delivery,L1,Hyderabad,Man
E103323,2024-08-14,2024-08-01,Campus,Delivery,L1,Bengaluru,Man
E103324,2024-08-11,2024-08-01,Campus,Delivery,L1,Bengaluru,Man
E103325,2024-08-10,2024-08-01,Campus,Cloud and Infrastructure,L1,Hyderabad,Man
E103326,2024-08-02,2024-08-01,Campus,Delivery,L1,Bengaluru,Man
E103327,2024-08-01,2024-08-01,Campus,Data and Analytics,L1,Bengaluru,Man
E103328,2024-08-08,2024-08-01,Campus,Delivery,L1,Bengaluru,Woman
E103329,2024-08-01,2024-08-01,Campus,Cloud and Infrastructure,L1,Hyderabad,Woman
E103330,2024-08-15,2024-08-01,Campus,Sales and Presales,L1,Hyderabad,Man
E103331,2024-08-12,2024-08-01,Campus,Delivery,L1,Bengaluru,Man
E103332,2024-08-13,2024-08-01,Campus,Delivery,L1,Hyderabad,Woman
E103333,2024-08-06,2024-08-01,Campus,Delivery,L1,Hyderabad,Woman
E103334,2024-08-15,2024-08-01,Campus,Delivery,L1,Bengaluru,Man
E103335,2024-08-18,2024-08-01,Campus,Quality Engineering,L1,Bengaluru,Man
E103336,2024-08-13,2024-08-01,Campus,Delivery,L1,Hyderabad,Man
E103337,2024-08-20,2024-08-01,Campus,Delivery,L1,Bengaluru,Man
E103338,2024-08-10,2024-08-01,Campus,Consulting,L1,Bengaluru,Man
E103339,2024-08-17,2024-08-01,Campus,Data and Analytics,L1,Bengaluru,Man
E103340,2024-08-04,2024-08-01,Campus,Quality Engineering,L1,Bengaluru,Man
E103341,2024-08-13,2024-08-01,Campus,Delivery,L1,Hyderabad,Woman
E103342,2024-08-01,2024-08-01,Campus,Data and Analytics,L1,Hyderabad,Man
E103343,2024-08-07,2024-08-01,Campus,Delivery,L1,Bengaluru,Man
E103344,2024-08-16,2024-08-01,Campus,Quality Engineering,L1,Hyderabad,Non-binary
E103345,2024-08-10,2024-08-01,Campus,Delivery,L1,Hyderabad,Man
E103346,2024-08-20,2024-08-01,Campus,Delivery,L1,Bengaluru,Man
E103347,2024-08-13,2024-08-01,Campus,Quality Engineering,L1,Bengaluru,Man
E103348,2024-08-14,2024-08-01,Campus,Quality Engineering,L1,Bengaluru,Man
E103349,2024-08-03,2024-08-01,Campus,Delivery,L1,Hyderabad,Man
E103350,2024-08-19,2024-08-01,Campus,Delivery,L1,Bengaluru,Man
E103351,2024-08-12,2024-08-01,Campus,Delivery,L1,Hyderabad,Woman
E103352,2024-08-13,2024-08-01,Campus,Quality Engineering,L1,Hyderabad,Woman
E103353,2024-08-07,2024-08-01,Campus,Delivery,L1,Hyderabad,Man
E103354,2024-08-13,2024-08-01,Campus,Sales and Presales,L1,Hyderabad,Woman
E103355,2024-08-05,2024-08-01,Campus,Quality Engineering,L1,Bengaluru,Man
E103356,2024-08-06,2024-08-01,Campus,Sales and Presales,L1,Bengaluru,Woman
E103357,2024-08-02,2024-08-01,Campus,Delivery,L1,Bengaluru,Man
E103358,2024-08-07,2024-08-01,Campus,Delivery,L1,Hyderabad,Man
E103359,2024-08-19,2024-08-01,Campus,Delivery,L1,Bengaluru,Woman
E103360,2024-08-15,2024-08-01,Campus,Data and Analytics,L1,Hyderabad,Woman
E103361,2024-08-01,2024-08-01,Campus,Cloud and Infrastructure,L1,Bengaluru,Man
E103362,2024-08-03,2024-08-01,Campus,Delivery,L1,Hyderabad,Woman
E103363,2024-08-06,2024-08-01,Campus,Quality Engineering,L1,Bengaluru,Man
E103364,2024-08-12,2024-08-01,Campus,Delivery,L1,Hyderabad,Man
E103365,2024-08-20,2024-08-01,Campus,Delivery,L1,Hyderabad,Woman
E103366,2024-08-12,2024-08-01,Campus,Delivery,L1,Hyderabad,Man
E103367,2024-08-05,2024-08-01,Campus,Delivery,L1,Bengaluru,Man
E103368,2024-08-04,2024-08-01,Campus,Quality Engineering,L1,Bengaluru,Man
E103369,2024-08-05,2024-08-01,Campus,Delivery,L1,Bengaluru,Woman
E103370,2024-08-16,2024-08-01,Campus,Quality Engineering,L1,Bengaluru,Woman
E103371,2024-08-16,2024-08-01,Campus,Delivery,L1,Hyderabad,Woman
E103372,2024-08-01,2024-08-01,Campus,Quality Engineering,L1,Hyderabad,Man
E103373,2024-08-07,2024-08-01,Campus,Delivery,L1,Hyderabad,Man
E103374,2024-08-06,2024-08-01,Campus,Cloud and Infrastructure,L1,Hyderabad,Woman
E103375,2024-08-03,2024-08-01,Campus,Delivery,L1,Hyderabad,Man
E103376,2024-08-19,2024-08-01,Campus,Quality Engineering,L1,Bengaluru,Man
E103377,2024-08-06,2024-08-01,Campus,Delivery,L1,Hyderabad,Woman
E103378,2024-08-13,2024-08-01,Campus,Delivery,L1,Hyderabad,Man
E103379,2024-08-04,2024-08-01,Campus,Consulting,L1,Hyderabad,Man
E103380,2024-08-19,2024-08-01,Campus,Delivery,L1,Bengaluru,Man
E103381,2024-08-11,2024-08-01,Campus,Delivery,L1,Hyderabad,Man
E103382,2024-08-05,2024-08-01,Campus,Sales and Presales,L1,Hyderabad,Woman
E103383,2024-08-15,2024-08-01,Campus,Delivery,L1,Hyderabad,Woman
E103384,2024-08-11,2024-08-01,Campus,Delivery,L1,Hyderabad,Man
E103385,2024-08-07,2024-08-01,Campus,Delivery,L1,Hyderabad,Man
E103386,2024-08-14,2024-08-01,Campus,Cloud and Infrastructure,L1,Bengaluru,Man
E103387,2024-08-15,2024-08-01,Campus,Delivery,L1,Hyderabad,Man
E103388,2024-08-13,2024-08-01,Campus,Data and Analytics,L1,Bengaluru,Man
E103389,2024-08-07,2024-08-01,Campus,Data and Analytics,L1,Bengaluru,Man
E103390,2024-08-04,2024-08-01,Campus,Quality Engineering,L1,Hyderabad,Man
E103391,2024-08-13,2024-08-01,Campus,Delivery,L1,Hyderabad,Woman
E103392,2024-08-11,2024-08-01,Campus,Delivery,L1,Bengaluru,Man
E103393,2024-08-14,2024-08-01,Campus,Sales and Presales,L1,Bengaluru,Woman
E103394,2024-08-17,2024-08-01,Campus,Delivery,L1,Hyderabad,Woman
E103395,2024-08-14,2024-08-01,Campus,Quality Engineering,L1,Hyderabad,Woman
E103396,2024-08-05,2024-08-01,Campus,Delivery,L1,Bengaluru,Man
E103397,2024-08-01,2024-08-01,Campus,Delivery,L1,Hyderabad,Man
E103398,2024-08-15,2024-08-01,Campus,Consulting,L1,Hyderabad,Woman
E103399,2024-08-05,2024-08-01,Campus,Delivery,L1,Bengaluru,Woman
E103400,2024-08-11,2024-08-01,Campus,Quality Engineering,L1,Hyderabad,Woman
E103401,2024-08-06,2024-08-01,Campus,Consulting,L1,Hyderabad,Woman
E103402,2024-08-10,2024-08-01,Campus,Quality Engineering,L1,Hyderabad,Woman
E103403,2024-08-03,2024-08-01,Campus,Delivery,L1,Bengaluru,Woman
E103404,2024-08-01,2024-08-01,Campus,Consulting,L1,Hyderabad,Woman
E103405,2024-08-11,2024-08-01,Campus,Delivery,L1,Bengaluru,Man
E103406,2024-08-10,2024-08-01,Campus,Data and Analytics,L1,Bengaluru,Woman
E103407,2024-08-09,2024-08-01,Campus,Data and Analytics,L1,Hyderabad,Man
E103408,2024-08-01,2024-08-01,Campus,Delivery,L1,Hyderabad,Man
E103409,2024-08-13,2024-08-01,Campus,Delivery,L1,Hyderabad,Woman
E103410,2024-08-04,2024-08-01,Campus,Quality Engineering,L1,Bengaluru,Man
E103411,2024-08-13,2024-08-01,Campus,Quality Engineering,L1,Hyderabad,Man
E103412,2024-08-01,2024-08-01,Campus,Data and Analytics,L1,Hyderabad,Man
E103413,2024-08-07,2024-08-01,Campus,Delivery,L1,Hyderabad,Woman
E103414,2024-08-12,2024-08-01,Campus,Delivery,L1,Hyderabad,Man
E103415,2024-08-16,2024-08-01,Campus,Delivery,L1,Hyderabad,Man
E103416,2024-08-16,2024-08-01,Campus,Data and Analytics,L1,Hyderabad,Woman
E103417,2024-08-02,2024-08-01,Campus,Cloud and Infrastructure,L1,Bengaluru,Man
E103418,2024-08-02,2024-08-01,Campus,Delivery,L1,Bengaluru,Woman
E103419,2024-08-04,2024-08-01,Campus,Quality Engineering,L1,Bengaluru,Man
E103420,2024-08-01,2024-08-01,Campus,Quality Engineering,L1,Hyderabad,Woman
E103421,2024-08-15,2024-08-01,Campus,Quality Engineering,L1,Hyderabad,Man
E103422,2024-08-08,2024-08-01,Campus,Delivery,L1,Bengaluru,Man
E103423,2024-08-10,2024-08-01,Campus,Consulting,L1,Hyderabad,Man
E103424,2024-08-08,2024-08-01,Campus,Delivery,L1,Hyderabad,Woman
E103425,2024-08-10,2024-08-01,Campus,Data and Analytics,L1,Hyderabad,Man
E103426,2024-08-13,2024-08-01,Campus,Delivery,L1,Hyderabad,Woman
E103427,2024-08-03,2024-08-01,Campus,Delivery,L1,Bengaluru,Man
E103428,2024-08-13,2024-08-01,Campus,Data and Analytics,L1,Hyderabad,Woman
E103429,2024-08-05,2024-08-01,Campus,Delivery,L1,Bengaluru,Woman
E103430,2024-08-08,2024-08-01,Campus,Delivery,L1,Bengaluru,Woman
E103431,2024-08-04,2024-08-01,Campus,Delivery,L1,Hyderabad,Man
E103432,2024-08-08,2024-08-01,Campus,Delivery,L1,Bengaluru,Man
E103433,2024-08-01,2024-08-01,Campus,Delivery,L1,Bengaluru,Man
E103434,2024-08-28,2024-08-01,Referral,Delivery,L3,Hyderabad,Woman
E103435,2024-08-26,2024-08-01,Referral,Consulting,L3,Hyderabad,Woman
E103436,2024-08-20,2024-08-01,Referral,Quality Engineering,L3,Hyderabad,Man
E103437,2024-08-30,2024-08-01,Referral,Delivery,L2,Bengaluru,Man
E103438,2024-08-18,2024-08-01,Referral,Delivery,L4,Hyderabad,Woman
E103439,2024-08-10,2024-08-01,Job portal,Corporate Functions,L3,Bengaluru,Man
E103440,2024-08-26,2024-08-01,Referral,Sales and Presales,L1,Hyderabad,Woman
E103441,2024-08-02,2024-08-01,Job portal,Delivery,L1,Hyderabad,Man
E103442,2024-08-13,2024-08-01,Rehire,Delivery,L3,Hyderabad,Man
E103443,2024-08-22,2024-08-01,Job portal,Cloud and Infrastructure,L2,Bengaluru,Man
E103444,2024-08-24,2024-08-01,Referral,Delivery,L2,Hyderabad,Woman
E103445,2024-08-13,2024-08-01,Job portal,Sales and Presales,L1,Hyderabad,Woman
E103446,2024-08-13,2024-08-01,Referral,Cloud and Infrastructure,L2,Hyderabad,Woman
E103447,2024-08-29,2024-08-01,Referral,Cloud and Infrastructure,L1,Hyderabad,Woman
E103448,2024-08-10,2024-08-01,Job portal,Sales and Presales,L3,Hyderabad,Man
E103449,2024-08-30,2024-08-01,Job portal,Cloud and Infrastructure,L1,Bengaluru,Man
E103450,2024-08-18,2024-08-01,Agency,Delivery,L3,Bengaluru,Woman
E103451,2024-08-09,2024-08-01,Referral,Corporate Functions,L1,Hyderabad,Man
E103452,2024-08-23,2024-08-01,Referral,Delivery,L1,Hyderabad,Man
E103453,2024-08-17,2024-08-01,Job portal,Quality Engineering,L2,Hyderabad,Woman
E103454,2024-08-12,2024-08-01,Referral,Quality Engineering,L1,Hyderabad,Woman
E103455,2024-08-13,2024-08-01,Job portal,Delivery,L2,Hyderabad,Man
E103456,2024-08-04,2024-08-01,Agency,Delivery,L3,Bengaluru,Man
E103457,2024-08-12,2024-08-01,Job portal,Delivery,L4,Hyderabad,Man
E103458,2024-08-02,2024-08-01,Job portal,Delivery,L1,Bengaluru,Woman
E103459,2024-08-01,2024-08-01,Agency,Cloud and Infrastructure,L1,Bengaluru,Man
E103460,2024-08-30,2024-08-01,Referral,Corporate Functions,L5,Hyderabad,Man
E103461,2024-08-21,2024-08-01,Referral,Quality Engineering,L1,Bengaluru,Man
E103462,2024-08-22,2024-08-01,Job portal,Delivery,L2,Hyderabad,Woman
E103463,2024-08-07,2024-08-01,Job portal,Cloud and Infrastructure,L1,Bengaluru,Woman
E103464,2024-08-06,2024-08-01,Agency,Quality Engineering,L3,Hyderabad,Woman
E103465,2024-08-23,2024-08-01,Referral,Delivery,L3,Hyderabad,Woman
E103466,2024-09-04,2024-09-01,Job portal,Cloud and Infrastructure,L4,Bengaluru,Man
E103467,2024-09-01,2024-09-01,Agency,Delivery,L1,Hyderabad,Man
E103468,2024-09-08,2024-09-01,Job portal,Delivery,L3,Hyderabad,Woman
E103469,2024-09-11,2024-09-01,Referral,Cloud and Infrastructure,L2,Bengaluru,Woman
E103470,2024-09-09,2024-09-01,Agency,Cloud and Infrastructure,L2,Bengaluru,Woman
E103471,2024-09-30,2024-09-01,Referral,Delivery,L1,Hyderabad,Man
E103472,2024-09-12,2024-09-01,Agency,Quality Engineering,L1,Bengaluru,Man
E103473,2024-09-19,2024-09-01,Referral,Cloud and Infrastructure,L1,Hyderabad,Woman
E103474,2024-09-11,2024-09-01,Job portal,Cloud and Infrastructure,L3,Bengaluru,Man
E103475,2024-09-10,2024-09-01,Referral,Sales and Presales,L3,Hyderabad,Man
E103476,2024-09-04,2024-09-01,Referral,Delivery,L1,Hyderabad,Woman
E103477,2024-09-25,2024-09-01,Agency,Delivery,L1,Hyderabad,Woman
E103478,2024-09-08,2024-09-01,Referral,Cloud and Infrastructure,L2,Hyderabad,Man
E103479,2024-09-07,2024-09-01,Agency,Delivery,L2,Hyderabad,Man
E103480,2024-09-15,2024-09-01,Job portal,Corporate Functions,L1,Bengaluru,Woman
E103481,2024-09-10,2024-09-01,Referral,Sales and Presales,L1,Bengaluru,Woman
E103482,2024-09-19,2024-09-01,Job portal,Data and Analytics,L1,Bengaluru,Man
E103483,2024-09-17,2024-09-01,Referral,Delivery,L1,Hyderabad,Man
E103484,2024-09-10,2024-09-01,Job portal,Data and Analytics,L1,Hyderabad,Man
E103485,2024-09-17,2024-09-01,Agency,Delivery,L2,Hyderabad,Woman
E103486,2024-09-17,2024-09-01,Referral,Delivery,L2,Hyderabad,Woman
E103487,2024-09-24,2024-09-01,Agency,Cloud and Infrastructure,L1,Bengaluru,Man
E103488,2024-09-01,2024-09-01,Job portal,Cloud and Infrastructure,L4,Hyderabad,Man
E103489,2024-09-28,2024-09-01,Referral,Cloud and Infrastructure,L2,Hyderabad,Woman
E103490,2024-09-27,2024-09-01,Referral,Delivery,L1,Hyderabad,Woman
E103491,2024-09-18,2024-09-01,Referral,Delivery,L1,Bengaluru,Man
E103492,2024-09-16,2024-09-01,Referral,Delivery,L2,Bengaluru,Man
E103493,2024-09-12,2024-09-01,Rehire,Delivery,L2,Bengaluru,Woman
E103494,2024-10-02,2024-10-01,Agency,Delivery,L5,Bengaluru,Man
E103495,2024-10-28,2024-10-01,Referral,Delivery,L6,Hyderabad,Man
E103496,2024-10-21,2024-10-01,Referral,Delivery,L3,Hyderabad,Man
E103497,2024-10-05,2024-10-01,Agency,Data and Analytics,L4,Bengaluru,Man
E103498,2024-10-17,2024-10-01,Referral,Corporate Functions,L4,Hyderabad,Man
E103499,2024-10-10,2024-10-01,Job portal,Sales and Presales,L1,Hyderabad,Man
E103500,2024-10-28,2024-10-01,Job portal,Cloud and Infrastructure,L4,Hyderabad,Man
E103501,2024-10-28,2024-10-01,Agency,Quality Engineering,L2,Bengaluru,Man
E103502,2024-10-14,2024-10-01,Referral,Delivery,L2,Hyderabad,Man
E103503,2024-10-13,2024-10-01,Job portal,Cloud and Infrastructure,L2,Hyderabad,Man
E103504,2024-10-25,2024-10-01,Referral,Delivery,L1,Hyderabad,Man
E103505,2024-10-12,2024-10-01,Job portal,Corporate Functions,L1,Hyderabad,Man
E103506,2024-10-24,2024-10-01,Referral,Corporate Functions,L2,Hyderabad,Man
E103507,2024-10-06,2024-10-01,Agency,Delivery,L1,Hyderabad,Woman
E103508,2024-10-23,2024-10-01,Referral,Delivery,L1,Bengaluru,Man
E103509,2024-10-30,2024-10-01,Referral,Quality Engineering,L2,Bengaluru,Man
E103510,2024-10-21,2024-10-01,Referral,Delivery,L3,Bengaluru,Man
E103511,2024-10-22,2024-10-01,Job portal,Delivery,L2,Hyderabad,Man
E103512,2024-10-08,2024-10-01,Rehire,Data and Analytics,L2,Bengaluru,Woman
E103513,2024-10-27,2024-10-01,Agency,Quality Engineering,L5,Hyderabad,Man
E103514,2024-10-09,2024-10-01,Referral,Delivery,L2,Hyderabad,Woman
E103515,2024-10-29,2024-10-01,Job portal,Data and Analytics,L1,Hyderabad,Man
E103516,2024-10-29,2024-10-01,Job portal,Delivery,L2,Hyderabad,Woman
E103517,2024-10-25,2024-10-01,Rehire,Sales and Presales,L1,Bengaluru,Man
E103518,2024-10-26,2024-10-01,Agency,Delivery,L3,Bengaluru,Man
E103519,2024-11-07,2024-11-01,Job portal,Data and Analytics,L3,Hyderabad,Man
E103520,2024-11-17,2024-11-01,Referral,Delivery,L4,Hyderabad,Man
E103521,2024-11-18,2024-11-01,Referral,Delivery,L3,Hyderabad,Man
E103522,2024-11-22,2024-11-01,Referral,Corporate Functions,L3,Bengaluru,Man
E103523,2024-11-01,2024-11-01,Referral,Consulting,L2,Hyderabad,Man
E103524,2024-11-16,2024-11-01,Job portal,Delivery,L3,Bengaluru,Man
E103525,2024-11-15,2024-11-01,Referral,Delivery,L3,Hyderabad,Woman
E103526,2024-11-01,2024-11-01,Agency,Quality Engineering,L3,Bengaluru,Man
E103527,2024-11-21,2024-11-01,Job portal,Delivery,L6,Hyderabad,Man
E103528,2024-11-11,2024-11-01,Job portal,Sales and Presales,L2,Hyderabad,Man
E103529,2024-11-03,2024-11-01,Agency,Data and Analytics,L3,Bengaluru,Man
E103530,2024-11-09,2024-11-01,Referral,Cloud and Infrastructure,L5,Hyderabad,Man
E103531,2024-11-30,2024-11-01,Job portal,Cloud and Infrastructure,L2,Bengaluru,Man
E103532,2024-11-15,2024-11-01,Agency,Data and Analytics,L2,Hyderabad,Man
E103533,2024-11-18,2024-11-01,Referral,Delivery,L1,Bengaluru,Woman
E103534,2024-11-05,2024-11-01,Referral,Delivery,L3,Hyderabad,Man
E103535,2024-11-13,2024-11-01,Job portal,Corporate Functions,L2,Bengaluru,Man
E103536,2024-11-01,2024-11-01,Job portal,Quality Engineering,L2,Hyderabad,Man
E103537,2024-11-16,2024-11-01,Referral,Delivery,L2,Bengaluru,Man
E103538,2024-11-09,2024-11-01,Referral,Delivery,L1,Hyderabad,Man
E103539,2024-11-11,2024-11-01,Referral,Delivery,L2,Hyderabad,Man
E103540,2024-11-16,2024-11-01,Job portal,Delivery,L1,Hyderabad,Woman
E103541,2024-11-22,2024-11-01,Referral,Delivery,L1,Bengaluru,Woman
E103542,2024-11-30,2024-11-01,Job portal,Corporate Functions,L2,Hyderabad,Woman
E103543,2024-11-17,2024-11-01,Referral,Delivery,L3,Hyderabad,Woman
E103544,2024-11-13,2024-11-01,Job portal,Delivery,L1,Bengaluru,Man
E103545,2024-11-04,2024-11-01,Referral,Sales and Presales,L1,Bengaluru,Woman
E103546,2024-11-02,2024-11-01,Referral,Delivery,L3,Hyderabad,Woman
E103547,2024-11-22,2024-11-01,Job portal,Cloud and Infrastructure,L1,Hyderabad,Man
E103548,2024-11-04,2024-11-01,Job portal,Quality Engineering,L1,Hyderabad,Woman
E103549,2024-11-19,2024-11-01,Job portal,Cloud and Infrastructure,L2,Bengaluru,Man
E103550,2024-11-07,2024-11-01,Referral,Consulting,L1,Hyderabad,Man
E103551,2024-11-29,2024-11-01,Referral,Delivery,L3,Hyderabad,Man
E103552,2024-11-23,2024-11-01,Job portal,Delivery,L1,Hyderabad,Man
E103553,2024-11-27,2024-11-01,Referral,Delivery,L1,Bengaluru,Woman
E103554,2024-12-10,2024-12-01,Job portal,Delivery,L5,Hyderabad,Man
E103555,2024-12-15,2024-12-01,Referral,Corporate Functions,L2,Bengaluru,Woman
E103556,2024-12-05,2024-12-01,Referral,Delivery,L3,Hyderabad,Man
E103557,2024-12-22,2024-12-01,Job portal,Quality Engineering,L1,Hyderabad,Woman
E103558,2024-12-23,2024-12-01,Referral,Data and Analytics,L2,Bengaluru,Man
E103559,2024-12-10,2024-12-01,Job portal,Delivery,L3,Bengaluru,Man
E103560,2024-12-30,2024-12-01,Rehire,Delivery,L2,Hyderabad,Man
E103561,2024-12-14,2024-12-01,Job portal,Cloud and Infrastructure,L5,Hyderabad,Man
E103562,2024-12-08,2024-12-01,Job portal,Quality Engineering,L3,Bengaluru,Man
E103563,2024-12-02,2024-12-01,Referral,Delivery,L1,Hyderabad,Woman
E103564,2024-12-08,2024-12-01,Referral,Cloud and Infrastructure,L1,Hyderabad,Man
E103565,2024-12-07,2024-12-01,Agency,Delivery,L1,Hyderabad,Man
E103566,2024-12-21,2024-12-01,Job portal,Delivery,L3,Hyderabad,Woman
E103567,2024-12-31,2024-12-01,Job portal,Delivery,L3,Bengaluru,Man
E103568,2024-12-26,2024-12-01,Referral,Delivery,L1,Bengaluru,Man
E103569,2024-12-03,2024-12-01,Agency,Delivery,L2,Hyderabad,Man
E103570,2024-12-01,2024-12-01,Job portal,Delivery,L1,Hyderabad,Man
E103571,2024-12-18,2024-12-01,Job portal,Delivery,L1,Bengaluru,Woman
E103572,2024-12-06,2024-12-01,Referral,Cloud and Infrastructure,L2,Hyderabad,Man
E103573,2024-12-03,2024-12-01,Referral,Delivery,L2,Hyderabad,Woman
E103574,2024-12-05,2024-12-01,Job portal,Quality Engineering,L1,Hyderabad,Man
E103575,2024-12-13,2024-12-01,Job portal,Delivery,L2,Hyderabad,Man
E103576,2024-12-31,2024-12-01,Job portal,Delivery,L3,Hyderabad,Man
E103577,2024-12-20,2024-12-01,Job portal,Delivery,L3,Hyderabad,Man
E103578,2024-12-07,2024-12-01,Referral,Delivery,L1,Hyderabad,Man
E103579,2024-12-12,2024-12-01,Referral,Consulting,L1,Bengaluru,Man
E103580,2024-12-27,2024-12-01,Agency,Sales and Presales,L2,Bengaluru,Woman
E103581,2024-12-29,2024-12-01,Job portal,Delivery,L2,Bengaluru,Man
E103582,2024-12-30,2024-12-01,Rehire,Delivery,L3,Bengaluru,Woman
E103583,2024-12-11,2024-12-01,Job portal,Delivery,L2,Hyderabad,Woman
E103584,2024-12-24,2024-12-01,Job portal,Delivery,L2,Hyderabad,Woman
E103585,2024-12-24,2024-12-01,Referral,Quality Engineering,L3,Bengaluru,Man
E103586,2024-12-22,2024-12-01,Job portal,Delivery,L1,Bengaluru,Man
E103587,2024-12-26,2024-12-01,Referral,Delivery,L2,Hyderabad,Man
E103588,2024-12-28,2024-12-01,Job portal,Delivery,L2,Bengaluru,Man
E103589,2024-12-11,2024-12-01,Referral,Delivery,L2,Hyderabad,Man
E103590,2024-12-19,2024-12-01,Referral,Delivery,L3,Bengaluru,Man
E103591,2024-12-30,2024-12-01,Referral,Quality Engineering,L2,Bengaluru,Man
E103592,2024-12-01,2024-12-01,Job portal,Delivery,L1,Hyderabad,Man
E103593,2024-12-24,2024-12-01,Agency,Delivery,L1,Hyderabad,Man
E103594,2024-12-22,2024-12-01,Job portal,Cloud and Infrastructure,L3,Hyderabad,Woman
E103595,2024-12-27,2024-12-01,Referral,Corporate Functions,L2,Hyderabad,Man
E103596,2024-12-25,2024-12-01,Job portal,Delivery,L2,Bengaluru,Man
E103597,2024-12-18,2024-12-01,Rehire,Quality Engineering,L2,Bengaluru,Woman
E103598,2025-01-21,2025-01-01,Referral,Corporate Functions,L4,Hyderabad,Man
E103599,2025-01-02,2025-01-01,Agency,Consulting,L3,Bengaluru,Man
E103600,2025-01-05,2025-01-01,Referral,Delivery,L1,Bengaluru,Man
E103601,2025-01-07,2025-01-01,Referral,Delivery,L4,Hyderabad,Man
E103602,2025-01-08,2025-01-01,Agency,Delivery,L3,Bengaluru,Woman
E103603,2025-01-02,2025-01-01,Job portal,Cloud and Infrastructure,L1,Bengaluru,Man
E103604,2025-01-04,2025-01-01,Job portal,Corporate Functions,L2,Bengaluru,Woman
E103605,2025-01-21,2025-01-01,Job portal,Quality Engineering,L3,Hyderabad,Man
E103606,2025-01-22,2025-01-01,Referral,Cloud and Infrastructure,L2,Bengaluru,Woman
E103607,2025-01-31,2025-01-01,Referral,Quality Engineering,L3,Bengaluru,Woman
E103608,2025-01-03,2025-01-01,Agency,Delivery,L1,Hyderabad,Man
E103609,2025-01-17,2025-01-01,Job portal,Quality Engineering,L5,Bengaluru,Man
E103610,2025-01-07,2025-01-01,Referral,Quality Engineering,L1,Bengaluru,Man
E103611,2025-01-28,2025-01-01,Job portal,Quality Engineering,L3,Bengaluru,Man
E103612,2025-01-21,2025-01-01,Agency,Delivery,L1,Bengaluru,Woman
E103613,2025-01-23,2025-01-01,Job portal,Consulting,L2,Hyderabad,Man
E103614,2025-01-31,2025-01-01,Agency,Delivery,L1,Bengaluru,Man
E103615,2025-02-01,2025-02-01,Referral,Data and Analytics,L3,Bengaluru,Man
E103616,2025-02-22,2025-02-01,Referral,Delivery,L2,Hyderabad,Woman
E103617,2025-02-21,2025-02-01,Job portal,Delivery,L4,Hyderabad,Man
E103618,2025-02-08,2025-02-01,Agency,Delivery,L1,Hyderabad,Woman
E103619,2025-02-04,2025-02-01,Job portal,Quality Engineering,L2,Hyderabad,Woman
E103620,2025-02-03,2025-02-01,Referral,Delivery,L4,Bengaluru,Man
E103621,2025-02-08,2025-02-01,Referral,Corporate Functions,L2,Hyderabad,Man
E103622,2025-02-22,2025-02-01,Referral,Delivery,L2,Bengaluru,Man
E103623,2025-02-08,2025-02-01,Job portal,Corporate Functions,L1,Hyderabad,Woman
E103624,2025-02-24,2025-02-01,Referral,Delivery,L4,Hyderabad,Woman
E103625,2025-02-12,2025-02-01,Job portal,Delivery,L1,Bengaluru,Man
E103626,2025-02-05,2025-02-01,Job portal,Delivery,L3,Bengaluru,Man
E103627,2025-02-04,2025-02-01,Agency,Delivery,L3,Bengaluru,Man
E103628,2025-02-08,2025-02-01,Job portal,Delivery,L1,Hyderabad,Man
E103629,2025-02-07,2025-02-01,Job portal,Quality Engineering,L2,Hyderabad,Man
E103630,2025-02-02,2025-02-01,Referral,Delivery,L3,Hyderabad,Man
E103631,2025-02-21,2025-02-01,Referral,Delivery,L5,Bengaluru,Man
E103632,2025-02-02,2025-02-01,Agency,Corporate Functions,L2,Hyderabad,Woman
E103633,2025-02-02,2025-02-01,Referral,Delivery,L2,Bengaluru,Woman
E103634,2025-02-27,2025-02-01,Job portal,Quality Engineering,L3,Hyderabad,Man
E103635,2025-02-10,2025-02-01,Agency,Delivery,L1,Hyderabad,Woman
E103636,2025-02-04,2025-02-01,Agency,Delivery,L3,Bengaluru,Man
E103637,2025-02-24,2025-02-01,Job portal,Delivery,L4,Bengaluru,Man
E103638,2025-02-28,2025-02-01,Job portal,Quality Engineering,L2,Bengaluru,Woman
E103639,2025-02-23,2025-02-01,Job portal,Cloud and Infrastructure,L3,Bengaluru,Man
E103640,2025-03-03,2025-03-01,Rehire,Delivery,L4,Bengaluru,Man
E103641,2025-03-03,2025-03-01,Referral,Delivery,L2,Hyderabad,Man
E103642,2025-03-10,2025-03-01,Job portal,Data and Analytics,L3,Hyderabad,Man
E103643,2025-03-02,2025-03-01,Agency,Delivery,L2,Bengaluru,Man
E103644,2025-03-08,2025-03-01,Job portal,Delivery,L3,Bengaluru,Man
E103645,2025-03-18,2025-03-01,Job portal,Delivery,L3,Bengaluru,Woman
E103646,2025-03-05,2025-03-01,Agency,Corporate Functions,L3,Bengaluru,Woman
E103647,2025-03-15,2025-03-01,Job portal,Delivery,L1,Hyderabad,Man
E103648,2025-03-01,2025-03-01,Referral,Delivery,L2,Hyderabad,Man
E103649,2025-03-11,2025-03-01,Job portal,Delivery,L2,Hyderabad,Man
E103650,2025-03-17,2025-03-01,Job portal,Delivery,L3,Hyderabad,Man
E103651,2025-03-24,2025-03-01,Agency,Sales and Presales,L3,Hyderabad,Man
E103652,2025-03-31,2025-03-01,Job portal,Corporate Functions,L3,Bengaluru,Woman
E103653,2025-03-06,2025-03-01,Referral,Cloud and Infrastructure,L2,Hyderabad,Man
E103654,2025-03-27,2025-03-01,Referral,Consulting,L6,Hyderabad,Man
E103655,2025-03-22,2025-03-01,Referral,Cloud and Infrastructure,L2,Bengaluru,Man
E103656,2025-03-10,2025-03-01,Referral,Sales and Presales,L3,Hyderabad,Woman
E103657,2025-03-19,2025-03-01,Agency,Delivery,L1,Hyderabad,Woman
E103658,2025-03-16,2025-03-01,Referral,Delivery,L3,Bengaluru,Man
E103659,2025-03-20,2025-03-01,Referral,Delivery,L1,Hyderabad,Man
E103660,2025-03-05,2025-03-01,Job portal,Consulting,L1,Hyderabad,Man
E103661,2025-03-13,2025-03-01,Agency,Sales and Presales,L2,Bengaluru,Woman
E103662,2025-03-25,2025-03-01,Referral,Delivery,L3,Hyderabad,Woman
E103663,2025-03-25,2025-03-01,Referral,Delivery,L3,Hyderabad,Man
E103664,2025-03-21,2025-03-01,Job portal,Consulting,L4,Bengaluru,Woman
E103665,2025-03-16,2025-03-01,Job portal,Data and Analytics,L3,Bengaluru,Man
E103666,2025-03-08,2025-03-01,Agency,Delivery,L1,Hyderabad,Woman
E103667,2025-03-29,2025-03-01,Agency,Quality Engineering,L3,Hyderabad,Man
E103668,2025-04-07,2025-04-01,Job portal,Quality Engineering,L5,Hyderabad,Man
E103669,2025-04-19,2025-04-01,Job portal,Delivery,L5,Bengaluru,Woman
E103670,2025-04-30,2025-04-01,Job portal,Consulting,L3,Hyderabad,Woman
E103671,2025-04-02,2025-04-01,Agency,Consulting,L4,Bengaluru,Man
E103672,2025-04-30,2025-04-01,Agency,Data and Analytics,L2,Hyderabad,Man
E103673,2025-04-18,2025-04-01,Job portal,Sales and Presales,L1,Hyderabad,Man
E103674,2025-04-01,2025-04-01,Referral,Consulting,L4,Hyderabad,Woman
E103675,2025-04-02,2025-04-01,Referral,Delivery,L2,Hyderabad,Man
E103676,2025-04-24,2025-04-01,Job portal,Data and Analytics,L3,Hyderabad,Woman
E103677,2025-04-07,2025-04-01,Agency,Delivery,L3,Hyderabad,Man
E103678,2025-04-17,2025-04-01,Job portal,Delivery,L4,Hyderabad,Man
E103679,2025-04-10,2025-04-01,Job portal,Delivery,L3,Bengaluru,Woman
E103680,2025-04-24,2025-04-01,Referral,Delivery,L4,Bengaluru,Man
E103681,2025-04-10,2025-04-01,Agency,Sales and Presales,L3,Bengaluru,Man
E103682,2025-04-02,2025-04-01,Referral,Delivery,L1,Hyderabad,Man
E103683,2025-04-26,2025-04-01,Job portal,Delivery,L1,Hyderabad,Man
E103684,2025-04-13,2025-04-01,Rehire,Delivery,L3,Hyderabad,Woman
E103685,2025-04-05,2025-04-01,Job portal,Delivery,L6,Bengaluru,Man
E103686,2025-04-19,2025-04-01,Referral,Quality Engineering,L2,Bengaluru,Man
E103687,2025-04-13,2025-04-01,Agency,Delivery,L4,Hyderabad,Man
E103688,2025-04-01,2025-04-01,Job portal,Delivery,L2,Bengaluru,Woman
E103689,2025-04-16,2025-04-01,Job portal,Data and Analytics,L1,Bengaluru,Woman
E103690,2025-04-14,2025-04-01,Job portal,Quality Engineering,L2,Hyderabad,Man
E103691,2025-04-22,2025-04-01,Referral,Delivery,L2,Hyderabad,Man
E103692,2025-04-27,2025-04-01,Agency,Quality Engineering,L4,Hyderabad,Man
E103693,2025-04-07,2025-04-01,Referral,Delivery,L1,Bengaluru,Woman
E103694,2025-04-30,2025-04-01,Job portal,Data and Analytics,L2,Hyderabad,Woman
E103695,2025-04-29,2025-04-01,Agency,Delivery,L1,Bengaluru,Man
E103696,2025-04-06,2025-04-01,Job portal,Data and Analytics,L1,Hyderabad,Woman
E103697,2025-04-12,2025-04-01,Job portal,Cloud and Infrastructure,L1,Hyderabad,Man
E103698,2025-04-12,2025-04-01,Agency,Delivery,L2,Hyderabad,Woman
E103699,2025-04-30,2025-04-01,Referral,Cloud and Infrastructure,L2,Hyderabad,Man
E103700,2025-04-23,2025-04-01,Job portal,Cloud and Infrastructure,L3,Bengaluru,Man
E103701,2025-04-29,2025-04-01,Agency,Quality Engineering,L1,Bengaluru,Woman
E103702,2025-04-17,2025-04-01,Referral,Delivery,L1,Hyderabad,Man
E103703,2025-04-23,2025-04-01,Agency,Delivery,L1,Hyderabad,Man
E103704,2025-04-20,2025-04-01,Agency,Cloud and Infrastructure,L1,Bengaluru,Man
E103705,2025-04-26,2025-04-01,Job portal,Quality Engineering,L1,Hyderabad,Man
E103706,2025-04-24,2025-04-01,Job portal,Cloud and Infrastructure,L3,Hyderabad,Man
E103707,2025-04-23,2025-04-01,Job portal,Corporate Functions,L3,Hyderabad,Man
E103708,2025-05-16,2025-05-01,Job portal,Data and Analytics,L2,Bengaluru,Man
E103709,2025-05-06,2025-05-01,Job portal,Quality Engineering,L3,Bengaluru,Man
E103710,2025-05-06,2025-05-01,Referral,Data and Analytics,L2,Hyderabad,Man
E103711,2025-05-18,2025-05-01,Job portal,Delivery,L4,Bengaluru,Man
E103712,2025-05-01,2025-05-01,Referral,Consulting,L2,Hyderabad,Man
E103713,2025-05-19,2025-05-01,Agency,Quality Engineering,L2,Hyderabad,Man
E103714,2025-05-31,2025-05-01,Agency,Data and Analytics,L2,Hyderabad,Man
E103715,2025-05-30,2025-05-01,Agency,Cloud and Infrastructure,L2,Bengaluru,Woman
E103716,2025-05-10,2025-05-01,Rehire,Sales and Presales,L1,Hyderabad,Man
E103717,2025-05-20,2025-05-01,Job portal,Consulting,L2,Bengaluru,Woman
E103718,2025-05-14,2025-05-01,Referral,Sales and Presales,L2,Hyderabad,Woman
E103719,2025-05-08,2025-05-01,Job portal,Consulting,L5,Hyderabad,Man
E103720,2025-05-24,2025-05-01,Referral,Delivery,L3,Bengaluru,Man
E103721,2025-05-08,2025-05-01,Referral,Delivery,L3,Hyderabad,Woman
E103722,2025-05-06,2025-05-01,Job portal,Delivery,L4,Bengaluru,Man
E103723,2025-05-29,2025-05-01,Agency,Data and Analytics,L3,Hyderabad,Man
E103724,2025-05-29,2025-05-01,Agency,Data and Analytics,L2,Hyderabad,Man
E103725,2025-05-15,2025-05-01,Agency,Delivery,L4,Hyderabad,Man
E103726,2025-05-28,2025-05-01,Job portal,Delivery,L1,Bengaluru,Man
E103727,2025-05-10,2025-05-01,Agency,Delivery,L2,Hyderabad,Man
E103728,2025-05-31,2025-05-01,Job portal,Cloud and Infrastructure,L3,Hyderabad,Woman
E103729,2025-05-31,2025-05-01,Job portal,Delivery,L5,Hyderabad,Man
E103730,2025-06-12,2025-06-01,Job portal,Delivery,L4,Bengaluru,Man
E103731,2025-06-13,2025-06-01,Rehire,Data and Analytics,L2,Hyderabad,Man
E103732,2025-06-12,2025-06-01,Referral,Delivery,L6,Hyderabad,Man
E103733,2025-06-22,2025-06-01,Job portal,Cloud and Infrastructure,L2,Bengaluru,Man
E103734,2025-06-17,2025-06-01,Job portal,Quality Engineering,L3,Hyderabad,Man
E103735,2025-06-07,2025-06-01,Job portal,Consulting,L2,Bengaluru,Man
E103736,2025-06-22,2025-06-01,Job portal,Delivery,L2,Hyderabad,Man
E103737,2025-06-28,2025-06-01,Job portal,Delivery,L1,Bengaluru,Man
E103738,2025-06-07,2025-06-01,Referral,Sales and Presales,L1,Bengaluru,Man
E103739,2025-06-24,2025-06-01,Agency,Data and Analytics,L3,Hyderabad,Woman
E103740,2025-06-13,2025-06-01,Job portal,Delivery,L2,Hyderabad,Man
E103741,2025-06-10,2025-06-01,Agency,Cloud and Infrastructure,L1,Bengaluru,Man
E103742,2025-06-13,2025-06-01,Referral,Cloud and Infrastructure,L2,Hyderabad,Man
E103743,2025-06-12,2025-06-01,Job portal,Sales and Presales,L1,Hyderabad,Man
E103744,2025-06-10,2025-06-01,Job portal,Sales and Presales,L1,Bengaluru,Man
E103745,2025-06-21,2025-06-01,Job portal,Delivery,L3,Hyderabad,Woman
E103746,2025-06-25,2025-06-01,Job portal,Delivery,L4,Bengaluru,Man
E103747,2025-06-03,2025-06-01,Agency,Delivery,L1,Hyderabad,Man
E103748,2025-06-25,2025-06-01,Agency,Quality Engineering,L1,Hyderabad,Woman
E103749,2025-06-16,2025-06-01,Referral,Delivery,L1,Bengaluru,Woman
E103750,2025-06-16,2025-06-01,Job portal,Consulting,L1,Hyderabad,Woman
E103751,2025-06-21,2025-06-01,Job portal,Corporate Functions,L1,Hyderabad,Woman
E103752,2025-06-22,2025-06-01,Job portal,Quality Engineering,L1,Hyderabad,Woman
E103753,2025-06-14,2025-06-01,Agency,Delivery,L1,Bengaluru,Woman
E103754,2025-06-22,2025-06-01,Agency,Delivery,L3,Hyderabad,Man
E103755,2025-06-07,2025-06-01,Job portal,Delivery,L2,Bengaluru,Woman
E103756,2025-06-06,2025-06-01,Referral,Quality Engineering,L2,Bengaluru,Woman
E103757,2025-07-15,2025-07-01,Job portal,Delivery,L4,Bengaluru,Man
E103758,2025-07-02,2025-07-01,Referral,Data and Analytics,L2,Hyderabad,Woman
E103759,2025-07-08,2025-07-01,Job portal,Sales and Presales,L4,Hyderabad,Woman
E103760,2025-07-10,2025-07-01,Job portal,Quality Engineering,L3,Hyderabad,Man
E103761,2025-07-29,2025-07-01,Referral,Delivery,L3,Hyderabad,Woman
E103762,2025-07-02,2025-07-01,Referral,Quality Engineering,L2,Hyderabad,Man
E103763,2025-07-04,2025-07-01,Agency,Quality Engineering,L2,Bengaluru,Man
E103764,2025-07-12,2025-07-01,Job portal,Delivery,L4,Hyderabad,Woman
E103765,2025-07-13,2025-07-01,Referral,Quality Engineering,L2,Bengaluru,Man
E103766,2025-07-28,2025-07-01,Referral,Quality Engineering,L2,Hyderabad,Woman
E103767,2025-07-19,2025-07-01,Agency,Data and Analytics,L2,Bengaluru,Man
E103768,2025-07-09,2025-07-01,Job portal,Delivery,L1,Hyderabad,Man
E103769,2025-07-15,2025-07-01,Job portal,Delivery,L1,Hyderabad,Woman
E103770,2025-07-21,2025-07-01,Job portal,Quality Engineering,L1,Bengaluru,Man
E103771,2025-07-19,2025-07-01,Rehire,Consulting,L3,Bengaluru,Man
E103772,2025-07-06,2025-07-01,Job portal,Cloud and Infrastructure,L4,Bengaluru,Man
E103773,2025-07-23,2025-07-01,Job portal,Cloud and Infrastructure,L3,Bengaluru,Woman
E103774,2025-07-26,2025-07-01,Agency,Quality Engineering,L2,Bengaluru,Man
E103775,2025-07-08,2025-07-01,Job portal,Quality Engineering,L2,Hyderabad,Man
E103776,2025-07-12,2025-07-01,Agency,Delivery,L1,Hyderabad,Woman
E103777,2025-07-21,2025-07-01,Job portal,Data and Analytics,L1,Bengaluru,Man
E103778,2025-07-04,2025-07-01,Referral,Consulting,L2,Bengaluru,Man
E103779,2025-07-25,2025-07-01,Referral,Data and Analytics,L1,Bengaluru,Woman
E103780,2025-07-23,2025-07-01,Job portal,Delivery,L1,Hyderabad,Woman
E103781,2025-07-12,2025-07-01,Referral,Delivery,L2,Bengaluru,Man
E103782,2025-07-03,2025-07-01,Referral,Delivery,L1,Hyderabad,Man
E103783,2025-07-16,2025-07-01,Referral,Delivery,L3,Bengaluru,Man
E103784,2025-07-25,2025-07-01,Agency,Cloud and Infrastructure,L2,Hyderabad,Man
E103785,2025-07-31,2025-07-01,Job portal,Quality Engineering,L3,Bengaluru,Woman
E103786,2025-07-30,2025-07-01,Job portal,Sales and Presales,L3,Bengaluru,Man
E103787,2025-07-13,2025-07-01,Job portal,Quality Engineering,L3,Hyderabad,Man
E103788,2025-07-13,2025-07-01,Referral,Quality Engineering,L3,Hyderabad,Man
E103789,2025-07-17,2025-07-01,Job portal,Delivery,L1,Hyderabad,Woman
E103790,2025-07-05,2025-07-01,Referral,Delivery,L1,Hyderabad,Man
E103791,2025-07-21,2025-07-01,Agency,Delivery,L1,Bengaluru,Man
E103792,2025-07-12,2025-07-01,Job portal,Delivery,L2,Hyderabad,Woman
E103793,2025-07-25,2025-07-01,Job portal,Cloud and Infrastructure,L2,Bengaluru,Man
E103794,2025-07-23,2025-07-01,Job portal,Quality Engineering,L2,Hyderabad,Woman
E103795,2025-07-26,2025-07-01,Job portal,Corporate Functions,L1,Hyderabad,Woman
E103796,2025-08-25,2025-08-01,Referral,Corporate Functions,L4,Hyderabad,Man
E103797,2025-08-11,2025-08-01,Campus,Data and Analytics,L1,Hyderabad,Woman
E103798,2025-08-08,2025-08-01,Campus,Delivery,L1,Bengaluru,Woman
E103799,2025-08-19,2025-08-01,Campus,Consulting,L1,Bengaluru,Man
E103800,2025-08-13,2025-08-01,Campus,Quality Engineering,L1,Hyderabad,Man
E103801,2025-08-04,2025-08-01,Campus,Delivery,L1,Hyderabad,Man
E103802,2025-08-02,2025-08-01,Campus,Delivery,L1,Hyderabad,Woman
E103803,2025-08-14,2025-08-01,Campus,Delivery,L1,Hyderabad,Man
E103804,2025-08-19,2025-08-01,Campus,Cloud and Infrastructure,L1,Bengaluru,Man
E103805,2025-08-20,2025-08-01,Campus,Quality Engineering,L1,Hyderabad,Woman
E103806,2025-08-03,2025-08-01,Campus,Quality Engineering,L1,Bengaluru,Man
E103807,2025-08-17,2025-08-01,Campus,Delivery,L1,Hyderabad,Woman
E103808,2025-08-13,2025-08-01,Campus,Delivery,L1,Bengaluru,Man
E103809,2025-08-10,2025-08-01,Campus,Data and Analytics,L1,Hyderabad,Woman
E103810,2025-08-13,2025-08-01,Campus,Data and Analytics,L1,Hyderabad,Man
E103811,2025-08-14,2025-08-01,Campus,Sales and Presales,L1,Hyderabad,Man
E103812,2025-08-17,2025-08-01,Campus,Data and Analytics,L1,Bengaluru,Man
E103813,2025-08-15,2025-08-01,Campus,Quality Engineering,L1,Bengaluru,Woman
E103814,2025-08-03,2025-08-01,Campus,Sales and Presales,L1,Bengaluru,Woman
E103815,2025-08-19,2025-08-01,Campus,Quality Engineering,L1,Hyderabad,Woman
E103816,2025-08-02,2025-08-01,Campus,Cloud and Infrastructure,L1,Hyderabad,Woman
E103817,2025-08-11,2025-08-01,Campus,Quality Engineering,L1,Hyderabad,Man
E103818,2025-08-02,2025-08-01,Campus,Delivery,L1,Hyderabad,Man
E103819,2025-08-18,2025-08-01,Campus,Delivery,L1,Hyderabad,Man
E103820,2025-08-18,2025-08-01,Campus,Cloud and Infrastructure,L1,Hyderabad,Woman
E103821,2025-08-14,2025-08-01,Campus,Quality Engineering,L1,Hyderabad,Man
E103822,2025-08-19,2025-08-01,Campus,Delivery,L1,Bengaluru,Man
E103823,2025-08-19,2025-08-01,Campus,Delivery,L1,Bengaluru,Man
E103824,2025-08-10,2025-08-01,Campus,Quality Engineering,L1,Hyderabad,Man
E103825,2025-08-15,2025-08-01,Campus,Quality Engineering,L1,Hyderabad,Man
E103826,2025-08-10,2025-08-01,Campus,Quality Engineering,L1,Hyderabad,Man
E103827,2025-08-02,2025-08-01,Campus,Data and Analytics,L1,Hyderabad,Woman
E103828,2025-08-14,2025-08-01,Campus,Data and Analytics,L1,Hyderabad,Man
E103829,2025-08-03,2025-08-01,Campus,Consulting,L1,Hyderabad,Woman
E103830,2025-08-04,2025-08-01,Campus,Consulting,L1,Bengaluru,Man
E103831,2025-08-16,2025-08-01,Campus,Cloud and Infrastructure,L1,Hyderabad,Woman
E103832,2025-08-15,2025-08-01,Campus,Delivery,L1,Bengaluru,Woman
E103833,2025-08-02,2025-08-01,Campus,Delivery,L1,Hyderabad,Man
E103834,2025-08-03,2025-08-01,Campus,Delivery,L1,Bengaluru,Woman
E103835,2025-08-19,2025-08-01,Campus,Quality Engineering,L1,Bengaluru,Woman
E103836,2025-08-16,2025-08-01,Campus,Delivery,L1,Bengaluru,Man
E103837,2025-08-10,2025-08-01,Campus,Delivery,L1,Hyderabad,Woman
E103838,2025-08-02,2025-08-01,Campus,Cloud and Infrastructure,L1,Hyderabad,Woman
E103839,2025-08-14,2025-08-01,Campus,Data and Analytics,L1,Hyderabad,Man
E103840,2025-08-12,2025-08-01,Campus,Delivery,L1,Hyderabad,Man
E103841,2025-08-19,2025-08-01,Campus,Data and Analytics,L1,Hyderabad,Woman
E103842,2025-08-14,2025-08-01,Campus,Cloud and Infrastructure,L1,Bengaluru,Man
E103843,2025-08-17,2025-08-01,Campus,Delivery,L1,Bengaluru,Man
E103844,2025-08-05,2025-08-01,Campus,Delivery,L1,Hyderabad,Woman
E103845,2025-08-19,2025-08-01,Campus,Data and Analytics,L1,Bengaluru,Woman
E103846,2025-08-01,2025-08-01,Campus,Delivery,L1,Bengaluru,Woman
E103847,2025-08-12,2025-08-01,Campus,Delivery,L1,Hyderabad,Woman
E103848,2025-08-02,2025-08-01,Campus,Data and Analytics,L1,Hyderabad,Man
E103849,2025-08-12,2025-08-01,Campus,Quality Engineering,L1,Hyderabad,Man
E103850,2025-08-15,2025-08-01,Campus,Cloud and Infrastructure,L1,Bengaluru,Woman
E103851,2025-08-15,2025-08-01,Campus,Cloud and Infrastructure,L1,Hyderabad,Woman
E103852,2025-08-02,2025-08-01,Campus,Data and Analytics,L1,Hyderabad,Man
E103853,2025-08-01,2025-08-01,Campus,Delivery,L1,Bengaluru,Man
E103854,2025-08-03,2025-08-01,Campus,Sales and Presales,L1,Bengaluru,Woman
E103855,2025-08-05,2025-08-01,Campus,Delivery,L1,Bengaluru,Man
E103856,2025-08-15,2025-08-01,Campus,Delivery,L1,Hyderabad,Woman
E103857,2025-08-04,2025-08-01,Campus,Delivery,L1,Hyderabad,Woman
E103858,2025-08-13,2025-08-01,Campus,Data and Analytics,L1,Bengaluru,Woman
E103859,2025-08-18,2025-08-01,Campus,Quality Engineering,L1,Hyderabad,Man
E103860,2025-08-19,2025-08-01,Campus,Delivery,L1,Hyderabad,Woman
E103861,2025-08-20,2025-08-01,Campus,Delivery,L1,Hyderabad,Woman
E103862,2025-08-12,2025-08-01,Campus,Delivery,L1,Bengaluru,Woman
E103863,2025-08-17,2025-08-01,Campus,Delivery,L1,Hyderabad,Woman
E103864,2025-08-03,2025-08-01,Campus,Delivery,L1,Bengaluru,Man
E103865,2025-08-11,2025-08-01,Campus,Quality Engineering,L1,Bengaluru,Man
E103866,2025-08-14,2025-08-01,Campus,Quality Engineering,L1,Hyderabad,Woman
E103867,2025-08-13,2025-08-01,Campus,Data and Analytics,L1,Bengaluru,Woman
E103868,2025-08-13,2025-08-01,Campus,Data and Analytics,L1,Hyderabad,Woman
E103869,2025-08-06,2025-08-01,Campus,Quality Engineering,L1,Bengaluru,Woman
E103870,2025-08-10,2025-08-01,Campus,Delivery,L1,Bengaluru,Man
E103871,2025-08-03,2025-08-01,Campus,Quality Engineering,L1,Hyderabad,Woman
E103872,2025-08-08,2025-08-01,Campus,Data and Analytics,L1,Bengaluru,Man
E103873,2025-08-14,2025-08-01,Campus,Cloud and Infrastructure,L1,Hyderabad,Woman
E103874,2025-08-07,2025-08-01,Campus,Delivery,L1,Hyderabad,Woman
E103875,2025-08-14,2025-08-01,Campus,Data and Analytics,L1,Bengaluru,Man
E103876,2025-08-11,2025-08-01,Campus,Delivery,L1,Hyderabad,Woman
E103877,2025-08-06,2025-08-01,Campus,Delivery,L1,Hyderabad,Man
E103878,2025-08-12,2025-08-01,Campus,Consulting,L1,Hyderabad,Woman
E103879,2025-08-19,2025-08-01,Campus,Sales and Presales,L1,Bengaluru,Man
E103880,2025-08-11,2025-08-01,Campus,Delivery,L1,Bengaluru,Woman
E103881,2025-08-03,2025-08-01,Campus,Data and Analytics,L1,Bengaluru,Man
E103882,2025-08-11,2025-08-01,Campus,Delivery,L1,Bengaluru,Woman
E103883,2025-08-06,2025-08-01,Campus,Quality Engineering,L1,Hyderabad,Woman
E103884,2025-08-06,2025-08-01,Campus,Cloud and Infrastructure,L1,Bengaluru,Woman
E103885,2025-08-14,2025-08-01,Campus,Cloud and Infrastructure,L1,Hyderabad,Man
E103886,2025-08-18,2025-08-01,Campus,Cloud and Infrastructure,L1,Bengaluru,Man
E103887,2025-08-11,2025-08-01,Campus,Delivery,L1,Bengaluru,Man
E103888,2025-08-03,2025-08-01,Campus,Sales and Presales,L1,Hyderabad,Man
E103889,2025-08-14,2025-08-01,Campus,Data and Analytics,L1,Bengaluru,Woman
E103890,2025-08-16,2025-08-01,Campus,Quality Engineering,L1,Hyderabad,Woman
E103891,2025-08-17,2025-08-01,Campus,Quality Engineering,L1,Bengaluru,Man
E103892,2025-08-17,2025-08-01,Campus,Cloud and Infrastructure,L1,Hyderabad,Man
E103893,2025-08-05,2025-08-01,Campus,Cloud and Infrastructure,L1,Bengaluru,Man
E103894,2025-08-04,2025-08-01,Campus,Quality Engineering,L1,Bengaluru,Woman
E103895,2025-08-19,2025-08-01,Campus,Cloud and Infrastructure,L1,Bengaluru,Man
E103896,2025-08-15,2025-08-01,Campus,Data and Analytics,L1,Hyderabad,Woman
E103897,2025-08-04,2025-08-01,Campus,Delivery,L1,Hyderabad,Woman
E103898,2025-08-12,2025-08-01,Campus,Quality Engineering,L1,Hyderabad,Man
E103899,2025-08-13,2025-08-01,Campus,Delivery,L1,Bengaluru,Woman
E103900,2025-08-15,2025-08-01,Campus,Delivery,L1,Bengaluru,Man
E103901,2025-08-17,2025-08-01,Campus,Delivery,L1,Hyderabad,Woman
E103902,2025-08-06,2025-08-01,Campus,Quality Engineering,L1,Hyderabad,Woman
E103903,2025-08-08,2025-08-01,Campus,Delivery,L1,Hyderabad,Woman
E103904,2025-08-01,2025-08-01,Campus,Data and Analytics,L1,Hyderabad,Woman
E103905,2025-08-16,2025-08-01,Campus,Delivery,L1,Hyderabad,Man
E103906,2025-08-03,2025-08-01,Campus,Delivery,L1,Hyderabad,Woman
E103907,2025-08-20,2025-08-01,Campus,Delivery,L1,Bengaluru,Man
E103908,2025-08-12,2025-08-01,Campus,Delivery,L1,Hyderabad,Man
E103909,2025-08-13,2025-08-01,Campus,Data and Analytics,L1,Hyderabad,Woman
E103910,2025-08-09,2025-08-01,Campus,Data and Analytics,L1,Hyderabad,Man
E103911,2025-08-08,2025-08-01,Campus,Delivery,L1,Hyderabad,Man
E103912,2025-08-20,2025-08-01,Campus,Cloud and Infrastructure,L1,Bengaluru,Woman
E103913,2025-08-01,2025-08-01,Campus,Delivery,L1,Hyderabad,Woman
E103914,2025-08-13,2025-08-01,Campus,Cloud and Infrastructure,L1,Bengaluru,Man
E103915,2025-08-07,2025-08-01,Campus,Delivery,L1,Bengaluru,Woman
E103916,2025-08-08,2025-08-01,Campus,Delivery,L1,Hyderabad,Man
E103917,2025-08-19,2025-08-01,Campus,Delivery,L1,Hyderabad,Woman
E103918,2025-08-03,2025-08-01,Campus,Delivery,L1,Hyderabad,Man
E103919,2025-08-12,2025-08-01,Campus,Delivery,L1,Hyderabad,Man
E103920,2025-08-16,2025-08-01,Campus,Quality Engineering,L1,Hyderabad,Woman
E103921,2025-08-10,2025-08-01,Campus,Delivery,L1,Bengaluru,Woman
E103922,2025-08-17,2025-08-01,Campus,Consulting,L1,Bengaluru,Man
E103923,2025-08-19,2025-08-01,Campus,Data and Analytics,L1,Hyderabad,Man
E103924,2025-08-11,2025-08-01,Campus,Cloud and Infrastructure,L1,Hyderabad,Woman
E103925,2025-08-08,2025-08-01,Campus,Delivery,L1,Bengaluru,Woman
E103926,2025-08-12,2025-08-01,Campus,Delivery,L1,Bengaluru,Man
E103927,2025-08-08,2025-08-01,Campus,Delivery,L1,Hyderabad,Woman
E103928,2025-08-14,2025-08-01,Campus,Delivery,L1,Hyderabad,Woman
E103929,2025-08-18,2025-08-01,Campus,Sales and Presales,L1,Bengaluru,Woman
E103930,2025-08-15,2025-08-01,Campus,Cloud and Infrastructure,L1,Bengaluru,Woman
E103931,2025-08-01,2025-08-01,Campus,Quality Engineering,L1,Bengaluru,Woman
E103932,2025-08-15,2025-08-01,Campus,Cloud and Infrastructure,L1,Hyderabad,Man
E103933,2025-08-11,2025-08-01,Campus,Cloud and Infrastructure,L1,Bengaluru,Woman
E103934,2025-08-18,2025-08-01,Campus,Cloud and Infrastructure,L1,Hyderabad,Man
E103935,2025-08-07,2025-08-01,Campus,Consulting,L1,Bengaluru,Man
E103936,2025-08-06,2025-08-01,Campus,Quality Engineering,L1,Hyderabad,Man
E103937,2025-08-10,2025-08-01,Campus,Cloud and Infrastructure,L1,Hyderabad,Man
E103938,2025-08-20,2025-08-01,Campus,Quality Engineering,L1,Bengaluru,Woman
E103939,2025-08-16,2025-08-01,Campus,Quality Engineering,L1,Hyderabad,Man
E103940,2025-08-05,2025-08-01,Campus,Delivery,L1,Bengaluru,Man
E103941,2025-08-10,2025-08-01,Campus,Delivery,L1,Hyderabad,Woman
E103942,2025-08-04,2025-08-01,Campus,Sales and Presales,L1,Bengaluru,Woman
E103943,2025-08-09,2025-08-01,Campus,Delivery,L1,Hyderabad,Woman
E103944,2025-08-12,2025-08-01,Campus,Delivery,L1,Hyderabad,Man
E103945,2025-08-03,2025-08-01,Campus,Delivery,L1,Bengaluru,Man
E103946,2025-08-17,2025-08-01,Campus,Delivery,L1,Hyderabad,Woman
E103947,2025-08-08,2025-08-01,Campus,Data and Analytics,L1,Hyderabad,Woman
E103948,2025-08-14,2025-08-01,Campus,Delivery,L1,Hyderabad,Man
E103949,2025-08-10,2025-08-01,Campus,Delivery,L1,Hyderabad,Woman
E103950,2025-08-06,2025-08-01,Campus,Cloud and Infrastructure,L1,Bengaluru,Man
E103951,2025-08-19,2025-08-01,Campus,Cloud and Infrastructure,L1,Bengaluru,Man
E103952,2025-08-08,2025-08-01,Campus,Consulting,L1,Hyderabad,Man
E103953,2025-08-12,2025-08-01,Campus,Data and Analytics,L1,Hyderabad,Man
E103954,2025-08-14,2025-08-01,Campus,Quality Engineering,L1,Hyderabad,Man
E103955,2025-08-13,2025-08-01,Campus,Data and Analytics,L1,Bengaluru,Man
E103956,2025-08-02,2025-08-01,Campus,Quality Engineering,L1,Hyderabad,Man
E103957,2025-08-19,2025-08-01,Campus,Delivery,L1,Bengaluru,Woman
E103958,2025-08-01,2025-08-01,Campus,Delivery,L1,Hyderabad,Man
E103959,2025-08-02,2025-08-01,Campus,Sales and Presales,L1,Bengaluru,Woman
E103960,2025-08-18,2025-08-01,Campus,Cloud and Infrastructure,L1,Bengaluru,Woman
E103961,2025-08-20,2025-08-01,Campus,Quality Engineering,L1,Bengaluru,Woman
E103962,2025-08-04,2025-08-01,Campus,Cloud and Infrastructure,L1,Hyderabad,Man
E103963,2025-08-07,2025-08-01,Campus,Cloud and Infrastructure,L1,Bengaluru,Man
E103964,2025-08-05,2025-08-01,Campus,Delivery,L1,Hyderabad,Man
E103965,2025-08-08,2025-08-01,Campus,Data and Analytics,L1,Bengaluru,Man
E103966,2025-08-07,2025-08-01,Campus,Delivery,L1,Bengaluru,Woman
E103967,2025-08-07,2025-08-01,Campus,Delivery,L1,Bengaluru,Woman
E103968,2025-08-19,2025-08-01,Campus,Sales and Presales,L1,Bengaluru,Woman
E103969,2025-08-15,2025-08-01,Campus,Delivery,L1,Hyderabad,Man
E103970,2025-08-17,2025-08-01,Campus,Delivery,L1,Hyderabad,Man
E103971,2025-08-09,2025-08-01,Campus,Quality Engineering,L1,Bengaluru,Man
E103972,2025-08-19,2025-08-01,Campus,Data and Analytics,L1,Hyderabad,Man
E103973,2025-08-11,2025-08-01,Campus,Quality Engineering,L1,Hyderabad,Man
E103974,2025-08-04,2025-08-01,Campus,Delivery,L1,Hyderabad,Woman
E103975,2025-08-16,2025-08-01,Campus,Delivery,L1,Hyderabad,Man
E103976,2025-08-06,2025-08-01,Campus,Delivery,L1,Bengaluru,Man
E103977,2025-08-15,2025-08-01,Campus,Sales and Presales,L1,Hyderabad,Woman
E103978,2025-08-03,2025-08-01,Campus,Sales and Presales,L1,Bengaluru,Woman
E103979,2025-08-14,2025-08-01,Campus,Delivery,L1,Bengaluru,Man
E103980,2025-08-03,2025-08-01,Campus,Cloud and Infrastructure,L1,Bengaluru,Woman
E103981,2025-08-07,2025-08-01,Campus,Delivery,L1,Hyderabad,Man
E103982,2025-08-17,2025-08-01,Campus,Quality Engineering,L1,Hyderabad,Man
E103983,2025-08-02,2025-08-01,Campus,Delivery,L1,Hyderabad,Man
E103984,2025-08-05,2025-08-01,Campus,Quality Engineering,L1,Hyderabad,Man
E103985,2025-08-20,2025-08-01,Campus,Quality Engineering,L1,Hyderabad,Woman
E103986,2025-08-16,2025-08-01,Campus,Cloud and Infrastructure,L1,Bengaluru,Woman
E103987,2025-08-18,2025-08-01,Campus,Data and Analytics,L1,Hyderabad,Man
E103988,2025-08-12,2025-08-01,Campus,Cloud and Infrastructure,L1,Bengaluru,Man
E103989,2025-08-13,2025-08-01,Campus,Delivery,L1,Bengaluru,Woman
E103990,2025-08-15,2025-08-01,Campus,Quality Engineering,L1,Bengaluru,Man
E103991,2025-08-17,2025-08-01,Campus,Delivery,L1,Hyderabad,Man
E103992,2025-08-10,2025-08-01,Campus,Quality Engineering,L1,Hyderabad,Man
E103993,2025-08-07,2025-08-01,Referral,Data and Analytics,L3,Bengaluru,Man
E103994,2025-08-02,2025-08-01,Referral,Cloud and Infrastructure,L3,Hyderabad,Man
E103995,2025-08-07,2025-08-01,Referral,Cloud and Infrastructure,L3,Bengaluru,Woman
E103996,2025-08-25,2025-08-01,Job portal,Delivery,L1,Hyderabad,Woman
E103997,2025-08-17,2025-08-01,Referral,Sales and Presales,L2,Hyderabad,Man
E103998,2025-08-20,2025-08-01,Referral,Data and Analytics,L4,Bengaluru,Man
E103999,2025-08-29,2025-08-01,Referral,Delivery,L3,Bengaluru,Man
E104000,2025-08-13,2025-08-01,Referral,Data and Analytics,L3,Hyderabad,Man
E104001,2025-08-04,2025-08-01,Referral,Cloud and Infrastructure,L1,Hyderabad,Man
E104002,2025-08-20,2025-08-01,Job portal,Cloud and Infrastructure,L2,Hyderabad,Man
E104003,2025-08-17,2025-08-01,Job portal,Data and Analytics,L2,Bengaluru,Man
E104004,2025-08-19,2025-08-01,Referral,Sales and Presales,L2,Hyderabad,Woman
E104005,2025-08-25,2025-08-01,Referral,Cloud and Infrastructure,L4,Bengaluru,Man
E104006,2025-08-22,2025-08-01,Job portal,Delivery,L1,Hyderabad,Man
E104007,2025-08-09,2025-08-01,Job portal,Delivery,L3,Hyderabad,Man
E104008,2025-08-22,2025-08-01,Referral,Quality Engineering,L2,Hyderabad,Woman
E104009,2025-08-19,2025-08-01,Job portal,Cloud and Infrastructure,L5,Hyderabad,Man
E104010,2025-08-12,2025-08-01,Job portal,Corporate Functions,L2,Hyderabad,Woman
E104011,2025-08-02,2025-08-01,Job portal,Delivery,L2,Bengaluru,Woman
E104012,2025-08-14,2025-08-01,Referral,Data and Analytics,L2,Bengaluru,Woman
E104013,2025-08-08,2025-08-01,Referral,Delivery,L1,Hyderabad,Woman
E104014,2025-08-06,2025-08-01,Referral,Data and Analytics,L2,Bengaluru,Woman
E104015,2025-08-07,2025-08-01,Job portal,Data and Analytics,L2,Hyderabad,Man
E104016,2025-09-11,2025-09-01,Job portal,Delivery,L6,Hyderabad,Man
E104017,2025-09-04,2025-09-01,Rehire,Delivery,L4,Hyderabad,Man
E104018,2025-09-08,2025-09-01,Referral,Delivery,L3,Bengaluru,Man
E104019,2025-09-18,2025-09-01,Referral,Sales and Presales,L4,Hyderabad,Woman
E104020,2025-09-07,2025-09-01,Job portal,Cloud and Infrastructure,L1,Bengaluru,Man
E104021,2025-09-12,2025-09-01,Referral,Data and Analytics,L5,Bengaluru,Man
E104022,2025-09-03,2025-09-01,Job portal,Delivery,L3,Hyderabad,Man
E104023,2025-09-02,2025-09-01,Referral,Delivery,L2,Hyderabad,Man
E104024,2025-09-24,2025-09-01,Agency,Delivery,L2,Hyderabad,Man
E104025,2025-09-09,2025-09-01,Referral,Delivery,L2,Bengaluru,Man
E104026,2025-09-09,2025-09-01,Referral,Cloud and Infrastructure,L3,Hyderabad,Woman
E104027,2025-09-03,2025-09-01,Referral,Quality Engineering,L2,Bengaluru,Woman
E104028,2025-09-03,2025-09-01,Job portal,Cloud and Infrastructure,L1,Hyderabad,Man
E104029,2025-09-26,2025-09-01,Referral,Delivery,L3,Hyderabad,Woman
E104030,2025-09-12,2025-09-01,Referral,Delivery,L3,Hyderabad,Woman
E104031,2025-09-26,2025-09-01,Referral,Delivery,L4,Hyderabad,Woman
E104032,2025-09-09,2025-09-01,Referral,Delivery,L5,Bengaluru,Man
E104033,2025-09-25,2025-09-01,Referral,Sales and Presales,L3,Bengaluru,Man
E104034,2025-09-17,2025-09-01,Job portal,Delivery,L2,Bengaluru,Man
E104035,2025-09-25,2025-09-01,Agency,Sales and Presales,L1,Hyderabad,Man
E104036,2025-09-24,2025-09-01,Referral,Sales and Presales,L2,Hyderabad,Man
E104037,2025-09-14,2025-09-01,Referral,Data and Analytics,L5,Hyderabad,Woman
E104038,2025-09-23,2025-09-01,Agency,Delivery,L2,Bengaluru,Man
E104039,2025-09-20,2025-09-01,Referral,Quality Engineering,L1,Hyderabad,Woman
E104040,2025-09-05,2025-09-01,Agency,Delivery,L2,Hyderabad,Man
E104041,2025-09-25,2025-09-01,Job portal,Delivery,L1,Hyderabad,Woman
E104042,2025-09-11,2025-09-01,Referral,Delivery,L2,Hyderabad,Woman
E104043,2025-09-23,2025-09-01,Agency,Sales and Presales,L1,Hyderabad,Man
E104044,2025-09-02,2025-09-01,Referral,Delivery,L1,Hyderabad,Man
E104045,2025-09-26,2025-09-01,Agency,Cloud and Infrastructure,L1,Bengaluru,Man
E104046,2025-09-21,2025-09-01,Agency,Cloud and Infrastructure,L2,Bengaluru,Woman
E104047,2025-09-18,2025-09-01,Job portal,Consulting,L2,Hyderabad,Woman
E104048,2025-09-29,2025-09-01,Referral,Delivery,L2,Bengaluru,Woman
E104049,2025-09-18,2025-09-01,Referral,Delivery,L2,Hyderabad,Man
E104050,2025-09-11,2025-09-01,Agency,Delivery,L1,Hyderabad,Man
E104051,2025-09-21,2025-09-01,Referral,Quality Engineering,L3,Bengaluru,Man
E104052,2025-09-25,2025-09-01,Referral,Sales and Presales,L3,Bengaluru,Man
E104053,2025-09-24,2025-09-01,Referral,Cloud and Infrastructure,L4,Bengaluru,Man
E104054,2025-09-20,2025-09-01,Job portal,Data and Analytics,L2,Hyderabad,Man
E104055,2025-09-03,2025-09-01,Job portal,Corporate Functions,L2,Bengaluru,Man
E104056,2025-09-29,2025-09-01,Job portal,Cloud and Infrastructure,L2,Hyderabad,Man
E104057,2025-09-11,2025-09-01,Referral,Delivery,L1,Bengaluru,Man
E104058,2025-09-21,2025-09-01,Agency,Quality Engineering,L1,Hyderabad,Woman
E104059,2025-09-24,2025-09-01,Agency,Delivery,L2,Hyderabad,Woman
E104060,2025-09-28,2025-09-01,Referral,Delivery,L1,Hyderabad,Woman
E104061,2025-10-11,2025-10-01,Referral,Delivery,L3,Bengaluru,Woman
E104062,2025-10-24,2025-10-01,Referral,Delivery,L3,Bengaluru,Man
E104063,2025-10-13,2025-10-01,Referral,Quality Engineering,L3,Hyderabad,Man
E104064,2025-10-16,2025-10-01,Job portal,Data and Analytics,L5,Bengaluru,Man
E104065,2025-10-06,2025-10-01,Job portal,Delivery,L1,Bengaluru,Man
E104066,2025-10-10,2025-10-01,Agency,Delivery,L5,Hyderabad,Man
E104067,2025-10-20,2025-10-01,Agency,Cloud and Infrastructure,L2,Bengaluru,Woman
E104068,2025-10-26,2025-10-01,Agency,Delivery,L2,Bengaluru,Man
E104069,2025-10-28,2025-10-01,Rehire,Sales and Presales,L2,Bengaluru,Woman
E104070,2025-10-12,2025-10-01,Referral,Delivery,L4,Hyderabad,Woman
E104071,2025-10-08,2025-10-01,Referral,Delivery,L3,Bengaluru,Man
E104072,2025-10-16,2025-10-01,Agency,Corporate Functions,L1,Bengaluru,Man
E104073,2025-10-07,2025-10-01,Agency,Cloud and Infrastructure,L2,Bengaluru,Woman
E104074,2025-10-18,2025-10-01,Job portal,Sales and Presales,L1,Hyderabad,Man
E104075,2025-10-24,2025-10-01,Referral,Sales and Presales,L3,Hyderabad,Man
E104076,2025-10-10,2025-10-01,Rehire,Data and Analytics,L3,Bengaluru,Man
E104077,2025-10-20,2025-10-01,Referral,Quality Engineering,L2,Hyderabad,Man
E104078,2025-10-10,2025-10-01,Referral,Quality Engineering,L1,Hyderabad,Woman
E104079,2025-10-16,2025-10-01,Referral,Quality Engineering,L1,Hyderabad,Woman
E104080,2025-10-14,2025-10-01,Agency,Delivery,L2,Bengaluru,Man
E104081,2025-10-01,2025-10-01,Agency,Quality Engineering,L1,Bengaluru,Man
E104082,2025-10-31,2025-10-01,Job portal,Delivery,L3,Bengaluru,Man
E104083,2025-10-30,2025-10-01,Rehire,Corporate Functions,L2,Hyderabad,Man
E104084,2025-10-11,2025-10-01,Job portal,Quality Engineering,L2,Bengaluru,Woman
E104085,2025-10-04,2025-10-01,Job portal,Sales and Presales,L3,Hyderabad,Man
E104086,2025-10-17,2025-10-01,Agency,Delivery,L3,Hyderabad,Man
E104087,2025-10-04,2025-10-01,Referral,Data and Analytics,L1,Bengaluru,Woman
E104088,2025-10-02,2025-10-01,Referral,Quality Engineering,L1,Hyderabad,Man
E104089,2025-10-21,2025-10-01,Referral,Consulting,L1,Hyderabad,Man
E104090,2025-11-09,2025-11-01,Job portal,Quality Engineering,L1,Bengaluru,Woman
E104091,2025-11-06,2025-11-01,Job portal,Delivery,L1,Hyderabad,Man
E104092,2025-11-20,2025-11-01,Job portal,Delivery,L1,Hyderabad,Man
E104093,2025-11-26,2025-11-01,Referral,Data and Analytics,L2,Hyderabad,Man
E104094,2025-11-28,2025-11-01,Referral,Data and Analytics,L2,Hyderabad,Man
E104095,2025-11-19,2025-11-01,Job portal,Delivery,L2,Hyderabad,Man
E104096,2025-11-14,2025-11-01,Agency,Data and Analytics,L2,Hyderabad,Woman
E104097,2025-11-30,2025-11-01,Job portal,Consulting,L4,Bengaluru,Man
E104098,2025-11-03,2025-11-01,Agency,Delivery,L1,Hyderabad,Man
E104099,2025-11-12,2025-11-01,Referral,Data and Analytics,L1,Hyderabad,Man
E104100,2025-11-03,2025-11-01,Job portal,Delivery,L2,Bengaluru,Man
E104101,2025-11-13,2025-11-01,Job portal,Delivery,L2,Bengaluru,Woman
E104102,2025-11-15,2025-11-01,Job portal,Cloud and Infrastructure,L5,Hyderabad,Man
E104103,2025-11-12,2025-11-01,Job portal,Quality Engineering,L2,Bengaluru,Woman
E104104,2025-11-01,2025-11-01,Referral,Delivery,L1,Hyderabad,Woman
E104105,2025-11-25,2025-11-01,Referral,Cloud and Infrastructure,L2,Bengaluru,Woman
E104106,2025-11-05,2025-11-01,Referral,Delivery,L4,Bengaluru,Man
E104107,2025-11-08,2025-11-01,Job portal,Delivery,L2,Hyderabad,Man
E104108,2025-11-15,2025-11-01,Referral,Cloud and Infrastructure,L2,Hyderabad,Man
E104109,2025-11-22,2025-11-01,Job portal,Delivery,L2,Hyderabad,Woman
E104110,2025-11-04,2025-11-01,Referral,Sales and Presales,L2,Bengaluru,Man
E104111,2025-11-22,2025-11-01,Referral,Delivery,L3,Bengaluru,Woman
E104112,2025-11-28,2025-11-01,Job portal,Cloud and Infrastructure,L2,Hyderabad,Woman
E104113,2025-11-13,2025-11-01,Job portal,Delivery,L1,Hyderabad,Man
E104114,2025-11-12,2025-11-01,Referral,Delivery,L3,Bengaluru,Woman
E104115,2025-11-17,2025-11-01,Job portal,Delivery,L1,Bengaluru,Man
E104116,2025-11-28,2025-11-01,Agency,Consulting,L1,Bengaluru,Man
E104117,2025-11-13,2025-11-01,Job portal,Cloud and Infrastructure,L2,Bengaluru,Woman
E104118,2025-11-04,2025-11-01,Job portal,Quality Engineering,L1,Hyderabad,Man
E104119,2025-11-26,2025-11-01,Agency,Cloud and Infrastructure,L2,Hyderabad,Man
E104120,2025-12-21,2025-12-01,Referral,Quality Engineering,L3,Bengaluru,Man
E104121,2025-12-08,2025-12-01,Agency,Corporate Functions,L2,Hyderabad,Woman
E104122,2025-12-26,2025-12-01,Rehire,Data and Analytics,L4,Bengaluru,Man
E104123,2025-12-02,2025-12-01,Agency,Delivery,L2,Bengaluru,Man
E104124,2025-12-09,2025-12-01,Agency,Delivery,L3,Hyderabad,Woman
E104125,2025-12-12,2025-12-01,Agency,Delivery,L2,Bengaluru,Man
E104126,2025-12-11,2025-12-01,Referral,Quality Engineering,L2,Bengaluru,Man
E104127,2025-12-25,2025-12-01,Agency,Quality Engineering,L1,Hyderabad,Man
E104128,2025-12-30,2025-12-01,Referral,Delivery,L2,Bengaluru,Man
E104129,2025-12-20,2025-12-01,Rehire,Delivery,L3,Hyderabad,Man
E104130,2025-12-31,2025-12-01,Job portal,Data and Analytics,L1,Bengaluru,Man
E104131,2025-12-12,2025-12-01,Job portal,Cloud and Infrastructure,L1,Hyderabad,Man
E104132,2025-12-10,2025-12-01,Agency,Delivery,L1,Hyderabad,Woman
E104133,2025-12-03,2025-12-01,Referral,Delivery,L1,Hyderabad,Man
E104134,2025-12-18,2025-12-01,Agency,Delivery,L3,Bengaluru,Man
E104135,2025-12-25,2025-12-01,Agency,Delivery,L3,Bengaluru,Woman
E104136,2025-12-28,2025-12-01,Job portal,Delivery,L2,Hyderabad,Man
E104137,2025-12-27,2025-12-01,Job portal,Delivery,L2,Hyderabad,Woman
E104138,2025-12-20,2025-12-01,Referral,Delivery,L1,Hyderabad,Woman
E104139,2025-12-24,2025-12-01,Job portal,Data and Analytics,L3,Hyderabad,Man
E104140,2025-12-04,2025-12-01,Referral,Consulting,L4,Hyderabad,Man
E104141,2025-12-14,2025-12-01,Referral,Cloud and Infrastructure,L2,Hyderabad,Woman
E104142,2025-12-23,2025-12-01,Job portal,Quality Engineering,L2,Bengaluru,Man
E104143,2025-12-29,2025-12-01,Job portal,Delivery,L1,Hyderabad,Man
E104144,2025-12-19,2025-12-01,Job portal,Quality Engineering,L2,Hyderabad,Woman
E104145,2025-12-08,2025-12-01,Referral,Data and Analytics,L2,Hyderabad,Man
E104146,2025-12-29,2025-12-01,Job portal,Delivery,L1,Hyderabad,Woman
E104147,2025-12-27,2025-12-01,Agency,Data and Analytics,L1,Hyderabad,Man
E104148,2025-12-20,2025-12-01,Agency,Delivery,L2,Hyderabad,Man
E104149,2025-12-29,2025-12-01,Agency,Delivery,L1,Hyderabad,Man
E104150,2025-12-03,2025-12-01,Agency,Delivery,L3,Hyderabad,Man
E104151,2025-12-28,2025-12-01,Agency,Delivery,L1,Bengaluru,Man
E104152,2025-12-17,2025-12-01,Referral,Cloud and Infrastructure,L2,Hyderabad,Woman
E104153,2026-01-30,2026-01-01,Agency,Delivery,L6,Hyderabad,Man
E104154,2026-01-19,2026-01-01,Referral,Quality Engineering,L6,Hyderabad,Man
E104155,2026-01-08,2026-01-01,Referral,Quality Engineering,L2,Hyderabad,Man
E104156,2026-01-03,2026-01-01,Referral,Data and Analytics,L2,Hyderabad,Man
E104157,2026-01-07,2026-01-01,Agency,Delivery,L1,Bengaluru,Man
E104158,2026-01-06,2026-01-01,Job portal,Sales and Presales,L1,Hyderabad,Woman
E104159,2026-01-20,2026-01-01,Referral,Data and Analytics,L1,Hyderabad,Man
E104160,2026-01-25,2026-01-01,Referral,Delivery,L1,Hyderabad,Man
E104161,2026-01-17,2026-01-01,Job portal,Quality Engineering,L3,Bengaluru,Woman
E104162,2026-01-14,2026-01-01,Agency,Delivery,L3,Hyderabad,Woman
E104163,2026-01-02,2026-01-01,Referral,Data and Analytics,L2,Hyderabad,Man
E104164,2026-01-21,2026-01-01,Job portal,Cloud and Infrastructure,L2,Hyderabad,Man
E104165,2026-01-19,2026-01-01,Agency,Quality Engineering,L2,Hyderabad,Woman
E104166,2026-01-24,2026-01-01,Referral,Delivery,L3,Bengaluru,Man
E104167,2026-01-11,2026-01-01,Job portal,Data and Analytics,L2,Hyderabad,Man
E104168,2026-01-23,2026-01-01,Job portal,Quality Engineering,L2,Bengaluru,Man
E104169,2026-01-27,2026-01-01,Job portal,Quality Engineering,L1,Bengaluru,Man
E104170,2026-01-27,2026-01-01,Rehire,Quality Engineering,L3,Bengaluru,Man
E104171,2026-01-14,2026-01-01,Agency,Delivery,L1,Bengaluru,Man
E104172,2026-01-04,2026-01-01,Referral,Delivery,L2,Hyderabad,Man
E104173,2026-01-10,2026-01-01,Referral,Sales and Presales,L1,Hyderabad,Man
E104174,2026-01-23,2026-01-01,Referral,Quality Engineering,L4,Hyderabad,Man
E104175,2026-01-24,2026-01-01,Agency,Delivery,L2,Hyderabad,Man
E104176,2026-01-30,2026-01-01,Job portal,Data and Analytics,L1,Bengaluru,Woman
E104177,2026-01-01,2026-01-01,Job portal,Cloud and Infrastructure,L2,Bengaluru,Man
E104178,2026-01-06,2026-01-01,Agency,Consulting,L1,Bengaluru,Woman
E104179,2026-01-15,2026-01-01,Referral,Consulting,L1,Bengaluru,Woman
E104180,2026-01-14,2026-01-01,Job portal,Delivery,L3,Hyderabad,Woman
E104181,2026-01-06,2026-01-01,Job portal,Quality Engineering,L2,Bengaluru,Woman
E104182,2026-01-22,2026-01-01,Agency,Delivery,L2,Hyderabad,Man
E104183,2026-01-16,2026-01-01,Job portal,Delivery,L4,Hyderabad,Man
E104184,2026-01-16,2026-01-01,Job portal,Delivery,L1,Bengaluru,Man
E104185,2026-01-24,2026-01-01,Agency,Data and Analytics,L1,Bengaluru,Man
E104186,2026-01-21,2026-01-01,Job portal,Quality Engineering,L1,Bengaluru,Woman
E104187,2026-02-03,2026-02-01,Job portal,Consulting,L4,Hyderabad,Woman
E104188,2026-02-24,2026-02-01,Referral,Quality Engineering,L2,Bengaluru,Woman
E104189,2026-02-05,2026-02-01,Job portal,Delivery,L2,Hyderabad,Woman
E104190,2026-02-03,2026-02-01,Job portal,Data and Analytics,L4,Hyderabad,Man
E104191,2026-02-11,2026-02-01,Referral,Cloud and Infrastructure,L4,Bengaluru,Man
E104192,2026-02-02,2026-02-01,Referral,Data and Analytics,L1,Bengaluru,Man
E104193,2026-02-20,2026-02-01,Agency,Quality Engineering,L3,Hyderabad,Man
E104194,2026-02-28,2026-02-01,Job portal,Sales and Presales,L1,Hyderabad,Man
E104195,2026-02-11,2026-02-01,Job portal,Delivery,L2,Hyderabad,Man
E104196,2026-02-07,2026-02-01,Job portal,Delivery,L4,Hyderabad,Man
E104197,2026-02-25,2026-02-01,Job portal,Cloud and Infrastructure,L3,Hyderabad,Woman
E104198,2026-02-12,2026-02-01,Agency,Cloud and Infrastructure,L2,Hyderabad,Woman
E104199,2026-02-01,2026-02-01,Agency,Quality Engineering,L2,Hyderabad,Man
E104200,2026-02-28,2026-02-01,Job portal,Delivery,L1,Bengaluru,Man
E104201,2026-02-05,2026-02-01,Job portal,Quality Engineering,L1,Bengaluru,Man
E104202,2026-02-12,2026-02-01,Rehire,Cloud and Infrastructure,L3,Bengaluru,Woman
E104203,2026-02-11,2026-02-01,Job portal,Delivery,L1,Hyderabad,Woman
E104204,2026-02-27,2026-02-01,Referral,Data and Analytics,L2,Hyderabad,Woman
E104205,2026-02-17,2026-02-01,Job portal,Corporate Functions,L2,Hyderabad,Woman
E104206,2026-02-06,2026-02-01,Job portal,Delivery,L1,Bengaluru,Man
E104207,2026-02-24,2026-02-01,Agency,Cloud and Infrastructure,L3,Bengaluru,Woman
E104208,2026-02-24,2026-02-01,Agency,Quality Engineering,L1,Hyderabad,Man
E104209,2026-02-26,2026-02-01,Agency,Delivery,L1,Bengaluru,Man
E104210,2026-02-25,2026-02-01,Referral,Quality Engineering,L2,Hyderabad,Man
E104211,2026-03-14,2026-03-01,Job portal,Delivery,L1,Hyderabad,Woman
E104212,2026-03-20,2026-03-01,Agency,Delivery,L2,Bengaluru,Man
E104213,2026-03-24,2026-03-01,Job portal,Data and Analytics,L3,Hyderabad,Woman
E104214,2026-03-06,2026-03-01,Job portal,Delivery,L2,Hyderabad,Woman
E104215,2026-03-18,2026-03-01,Referral,Delivery,L1,Hyderabad,Woman
E104216,2026-03-16,2026-03-01,Referral,Delivery,L2,Bengaluru,Man
E104217,2026-03-05,2026-03-01,Rehire,Corporate Functions,L4,Hyderabad,Man
E104218,2026-03-16,2026-03-01,Job portal,Cloud and Infrastructure,L1,Hyderabad,Man
E104219,2026-03-14,2026-03-01,Referral,Delivery,L1,Bengaluru,Woman
E104220,2026-03-05,2026-03-01,Job portal,Delivery,L1,Hyderabad,Woman
E104221,2026-03-13,2026-03-01,Agency,Delivery,L1,Bengaluru,Man
E104222,2026-03-14,2026-03-01,Agency,Corporate Functions,L2,Hyderabad,Woman
E104223,2026-03-21,2026-03-01,Job portal,Sales and Presales,L3,Bengaluru,Man
E104224,2026-03-28,2026-03-01,Job portal,Data and Analytics,L2,Bengaluru,Man
E104225,2026-03-06,2026-03-01,Job portal,Delivery,L4,Hyderabad,Woman
E104226,2026-03-06,2026-03-01,Job portal,Delivery,L3,Hyderabad,Man
E104227,2026-03-14,2026-03-01,Job portal,Delivery,L1,Hyderabad,Man
E104228,2026-03-06,2026-03-01,Rehire,Cloud and Infrastructure,L1,Hyderabad,Man
E104229,2026-03-11,2026-03-01,Job portal,Corporate Functions,L2,Hyderabad,Woman
E104230,2026-03-11,2026-03-01,Job portal,Delivery,L1,Hyderabad,Woman
E104231,2026-03-24,2026-03-01,Referral,Data and Analytics,L2,Bengaluru,Man
E104232,2026-03-24,2026-03-01,Job portal,Data and Analytics,L3,Hyderabad,Woman
E104233,2026-03-19,2026-03-01,Job portal,Delivery,L1,Hyderabad,Woman
E104234,2026-03-16,2026-03-01,Referral,Data and Analytics,L1,Hyderabad,Woman
E104235,2026-03-29,2026-03-01,Agency,Data and Analytics,L3,Bengaluru,Man
E104236,2026-03-21,2026-03-01,Referral,Quality Engineering,L1,Hyderabad,Man
E104237,2026-03-30,2026-03-01,Job portal,Data and Analytics,L1,Bengaluru,Man
E104238,2026-03-28,2026-03-01,Agency,Corporate Functions,L3,Hyderabad,Man
