emp_id,effective_date,annual_ctc,reason
E100001,2020-04-01,482000.0,Opening
E100001,2021-04-01,538000.0,Annual
E100001,2022-04-01,626000.0,Annual
E100002,2021-04-01,792000.0,Opening
E100002,2022-04-01,966000.0,Annual
E100003,2020-04-01,632000.0,Opening
E100003,2021-04-01,683000.0,Annual
E100003,2022-04-01,784000.0,Annual
E100003,2023-04-01,841000.0,Annual
E100004,2022-04-01,453000.0,Hire
E100005,2020-04-01,334000.0,Opening
E100005,2021-04-01,373000.0,Annual
E100005,2022-04-01,425000.0,Annual
E100005,2023-04-01,463000.0,Annual
E100005,2024-04-01,493000.0,Annual
E100005,2025-04-01,525000.0,Annual
E100006,2020-04-01,2902000.0,Opening
E100006,2021-04-01,2983000.0,Annual
E100006,2022-04-01,3081000.0,Annual
E100006,2023-04-01,3298000.0,Annual
E100006,2024-04-01,3374000.0,Annual
E100006,2025-04-01,3622000.0,Annual
E100007,2020-04-01,355000.0,Opening
E100007,2021-04-01,383000.0,Annual
E100007,2022-04-01,425000.0,Annual
E100007,2023-04-01,451000.0,Annual
E100007,2024-04-01,461000.0,Annual
E100008,2021-04-01,466000.0,Opening
E100008,2022-04-01,537000.0,Annual
E100008,2023-04-01,551000.0,Annual
E100008,2024-04-01,587000.0,Annual
E100008,2025-04-01,623000.0,Annual
E100009,2020-04-01,2636000.0,Opening
E100009,2021-04-01,2942000.0,Annual
E100009,2022-04-01,3503000.0,Promotion
E100009,2023-04-01,3735000.0,Annual
E100009,2024-04-01,4048000.0,Annual
E100009,2025-04-01,4618000.0,Annual
E100010,2020-04-01,949000.0,Opening
E100010,2021-04-01,1025000.0,Annual
E100010,2022-04-01,1120000.0,Annual
E100010,2023-04-01,1197000.0,Annual
E100010,2024-04-01,1261000.0,Annual
E100011,2022-04-01,844000.0,Hire
E100011,2022-04-01,951000.0,Annual
E100011,2023-04-01,1096000.0,Annual
E100011,2024-04-01,1224000.0,Annual
E100011,2025-04-01,1331000.0,Annual
E100012,2022-04-01,834000.0,Hire
E100012,2022-04-01,907000.0,Annual
E100013,2020-04-01,1284000.0,Opening
E100013,2021-04-01,1284000.0,Annual
E100013,2022-04-01,1329000.0,Annual
E100013,2023-04-01,1360000.0,Annual
E100013,2024-04-01,1360000.0,Annual
E100014,2020-04-01,489000.0,Opening
E100014,2021-04-01,528000.0,Annual
E100014,2022-04-01,547000.0,Annual
E100014,2023-04-01,590000.0,Annual
E100014,2024-04-01,628000.0,Annual
E100015,2022-04-01,369000.0,Hire
E100015,2022-04-01,369000.0,Annual
E100015,2023-04-01,397000.0,Annual
E100015,2024-04-01,406000.0,Annual
E100015,2025-04-01,431000.0,Annual
E100016,2021-04-01,1235000.0,Opening
E100016,2022-04-01,1348000.0,Annual
E100017,2020-04-01,1221000.0,Opening
E100017,2021-04-01,1319000.0,Annual
E100017,2022-04-01,1442000.0,Annual
E100018,2020-04-01,673000.0,Opening
E100018,2021-04-01,751000.0,Annual
E100018,2022-04-01,773000.0,Annual
E100019,2020-04-01,1427000.0,Opening
E100019,2021-04-01,1541000.0,Annual
E100019,2022-04-01,1873000.0,Promotion
E100019,2023-04-01,2037000.0,Annual
E100020,2021-04-01,751000.0,Opening
E100020,2022-04-01,815000.0,Annual
E100020,2023-04-01,878000.0,Annual
E100020,2024-04-01,934000.0,Annual
E100020,2025-04-01,988000.0,Annual
E100021,2020-04-01,5613000.0,Opening
E100021,2021-04-01,6062000.0,Annual
E100021,2022-04-01,6688000.0,Annual
E100021,2023-04-01,7122000.0,Annual
E100021,2024-04-01,7597000.0,Annual
E100021,2025-04-01,7771000.0,Annual
E100022,2020-04-01,490000.0,Opening
E100022,2021-04-01,547000.0,Annual
E100022,2022-04-01,631000.0,Annual
E100022,2023-04-01,703000.0,Annual
E100022,2024-04-01,769000.0,Annual
E100022,2025-04-01,921000.0,Promotion
E100023,2020-04-01,814000.0,Opening
E100023,2021-04-01,879000.0,Annual
E100023,2022-04-01,1026000.0,Promotion
E100024,2020-04-01,738000.0,Opening
E100024,2021-04-01,759000.0,Annual
E100024,2022-04-01,845000.0,Annual
E100025,2020-04-01,745000.0,Opening
E100025,2021-04-01,805000.0,Annual
E100025,2022-04-01,891000.0,Annual
E100025,2023-04-01,949000.0,Annual
E100025,2024-04-01,997000.0,Annual
E100025,2025-04-01,997000.0,Annual
E100026,2022-04-01,1132000.0,Hire
E100026,2022-04-01,1166000.0,Annual
E100026,2023-04-01,1191000.0,Annual
E100026,2024-04-01,1191000.0,Annual
E100026,2025-04-01,1191000.0,Annual
E100027,2020-04-01,408000.0,Opening
E100027,2021-04-01,441000.0,Annual
E100027,2022-04-01,485000.0,Annual
E100027,2023-04-01,521000.0,Annual
E100027,2024-04-01,554000.0,Annual
E100027,2025-04-01,587000.0,Annual
E100028,2020-04-01,1349000.0,Opening
E100028,2021-04-01,1505000.0,Annual
E100028,2022-04-01,1646000.0,Annual
E100028,2023-04-01,1767000.0,Annual
E100028,2024-04-01,2116000.0,Promotion
E100028,2025-04-01,2290000.0,Annual
E100029,2020-04-01,1879000.0,Opening
E100029,2021-04-01,2180000.0,Annual
E100029,2022-04-01,2485000.0,Annual
E100029,2023-04-01,2849000.0,Annual
E100029,2024-04-01,3025000.0,Annual
E100029,2025-04-01,3400000.0,Annual
E100030,2020-04-01,488000.0,Opening
E100030,2021-04-01,545000.0,Annual
E100030,2022-04-01,604000.0,Annual
E100030,2023-04-01,696000.0,Annual
E100030,2024-04-01,785000.0,Annual
E100030,2025-04-01,879000.0,Annual
E100031,2020-04-01,756000.0,Opening
E100031,2021-04-01,816000.0,Annual
E100031,2022-04-01,847000.0,Annual
E100031,2023-04-01,902000.0,Annual
E100031,2024-04-01,984000.0,Annual
E100031,2025-04-01,1044000.0,Annual
E100032,2021-04-01,382000.0,Opening
E100032,2022-04-01,466000.0,Annual
E100032,2023-04-01,567000.0,Promotion
E100032,2024-04-01,618000.0,Annual
E100032,2025-04-01,681000.0,Annual
E100033,2022-04-01,471000.0,Hire
E100033,2022-04-01,513000.0,Annual
E100033,2023-04-01,546000.0,Annual
E100033,2024-04-01,577000.0,Annual
E100033,2025-04-01,610000.0,Annual
E100034,2020-04-01,2137000.0,Opening
E100034,2021-04-01,2197000.0,Annual
E100034,2022-04-01,2415000.0,Annual
E100034,2023-04-01,2474000.0,Annual
E100035,2021-04-01,840000.0,Opening
E100035,2022-04-01,934000.0,Annual
E100035,2023-04-01,991000.0,Annual
E100035,2024-04-01,1184000.0,Promotion
E100035,2025-04-01,1214000.0,Annual
E100036,2022-04-01,531000.0,Hire
E100036,2022-04-01,577000.0,Annual
E100037,2020-04-01,1182000.0,Opening
E100037,2021-04-01,1371000.0,Annual
E100037,2022-04-01,1585000.0,Annual
E100037,2023-04-01,1749000.0,Annual
E100037,2024-04-01,2125000.0,Promotion
E100037,2025-04-01,2442000.0,Annual
E100038,2020-04-01,445000.0,Opening
E100038,2021-04-01,445000.0,Annual
E100038,2022-04-01,493000.0,Annual
E100038,2023-04-01,541000.0,Annual
E100038,2024-04-01,570000.0,Annual
E100038,2025-04-01,609000.0,Annual
E100039,2020-04-01,2200000.0,Opening
E100039,2021-04-01,2376000.0,Annual
E100039,2022-04-01,2648000.0,Annual
E100039,2023-04-01,3185000.0,Promotion
E100039,2024-04-01,3251000.0,Annual
E100039,2025-04-01,3436000.0,Annual
E100040,2020-04-01,426000.0,Opening
E100040,2021-04-01,460000.0,Annual
E100040,2022-04-01,506000.0,Annual
E100040,2023-04-01,519000.0,Annual
E100040,2024-04-01,553000.0,Annual
E100040,2025-04-01,590000.0,Annual
E100041,2020-04-01,478000.0,Opening
E100041,2021-04-01,516000.0,Annual
E100041,2022-04-01,565000.0,Annual
E100041,2023-04-01,602000.0,Annual
E100041,2024-04-01,641000.0,Annual
E100041,2025-04-01,678000.0,Annual
E100042,2020-04-01,433000.0,Opening
E100042,2021-04-01,468000.0,Annual
E100042,2022-04-01,518000.0,Annual
E100042,2023-04-01,555000.0,Annual
E100042,2024-04-01,603000.0,Annual
E100042,2025-04-01,658000.0,Annual
E100043,2021-04-01,630000.0,Opening
E100043,2022-04-01,702000.0,Annual
E100043,2023-04-01,767000.0,Annual
E100043,2024-04-01,819000.0,Annual
E100043,2025-04-01,896000.0,Annual
E100044,2020-04-01,682000.0,Opening
E100044,2021-04-01,737000.0,Annual
E100044,2022-04-01,821000.0,Annual
E100044,2023-04-01,877000.0,Annual
E100044,2024-04-01,922000.0,Annual
E100044,2025-04-01,978000.0,Annual
E100045,2020-04-01,1791000.0,Opening
E100045,2021-04-01,1999000.0,Annual
E100045,2022-04-01,2304000.0,Annual
E100045,2023-04-01,2476000.0,Annual
E100045,2024-04-01,2639000.0,Annual
E100045,2025-04-01,2822000.0,Annual
E100046,2021-04-01,1196000.0,Opening
E100046,2022-04-01,1310000.0,Annual
E100046,2023-04-01,1475000.0,Annual
E100047,2020-04-01,636000.0,Opening
E100047,2021-04-01,687000.0,Annual
E100047,2022-04-01,714000.0,Annual
E100047,2023-04-01,762000.0,Annual
E100048,2020-04-01,409000.0,Opening
E100048,2021-04-01,442000.0,Annual
E100048,2022-04-01,490000.0,Annual
E100048,2023-04-01,523000.0,Annual
E100048,2024-04-01,555000.0,Annual
E100049,2021-04-01,410000.0,Opening
E100049,2022-04-01,424000.0,Annual
E100050,2020-04-01,4549000.0,Opening
E100050,2021-04-01,4913000.0,Annual
E100050,2022-04-01,5664000.0,Annual
E100050,2023-04-01,6059000.0,Annual
E100050,2024-04-01,6513000.0,Annual
E100050,2025-04-01,6874000.0,Annual
E100051,2022-04-01,664000.0,Hire
E100051,2022-04-01,728000.0,Annual
E100051,2023-04-01,777000.0,Annual
E100051,2024-04-01,935000.0,Promotion
E100051,2025-04-01,1012000.0,Annual
E100052,2020-04-01,1115000.0,Opening
E100052,2021-04-01,1244000.0,Annual
E100052,2022-04-01,1422000.0,Annual
E100052,2023-04-01,1556000.0,Annual
E100052,2024-04-01,1648000.0,Annual
E100052,2025-04-01,1816000.0,Annual
E100053,2020-04-01,315000.0,Opening
E100053,2021-04-01,324000.0,Annual
E100053,2022-04-01,324000.0,Annual
E100054,2021-04-01,365000.0,Opening
E100054,2022-04-01,442000.0,Annual
E100055,2020-04-01,2214000.0,Opening
E100055,2021-04-01,2471000.0,Annual
E100055,2022-04-01,2752000.0,Annual
E100055,2023-04-01,2969000.0,Annual
E100055,2024-04-01,3166000.0,Annual
E100055,2025-04-01,3361000.0,Annual
E100056,2022-04-01,678000.0,Hire
E100056,2022-04-01,830000.0,Annual
E100056,2023-04-01,910000.0,Annual
E100056,2024-04-01,1016000.0,Annual
E100056,2025-04-01,1133000.0,Annual
E100057,2022-04-01,762000.0,Hire
E100057,2022-04-01,870000.0,Annual
E100057,2023-04-01,963000.0,Annual
E100057,2024-04-01,1024000.0,Annual
E100057,2025-04-01,1082000.0,Annual
E100058,2020-04-01,761000.0,Opening
E100058,2021-04-01,883000.0,Annual
E100058,2022-04-01,971000.0,Annual
E100058,2023-04-01,1048000.0,Annual
E100059,2020-04-01,428000.0,Opening
E100059,2021-04-01,428000.0,Annual
E100059,2022-04-01,491000.0,Annual
E100059,2023-04-01,491000.0,Annual
E100059,2024-04-01,517000.0,Annual
E100059,2025-04-01,529000.0,Annual
E100060,2020-04-01,419000.0,Opening
E100060,2021-04-01,486000.0,Annual
E100060,2022-04-01,555000.0,Annual
E100060,2023-04-01,603000.0,Annual
E100060,2024-04-01,717000.0,Promotion
E100060,2025-04-01,790000.0,Annual
E100061,2020-04-01,320000.0,Opening
E100061,2021-04-01,357000.0,Annual
E100061,2022-04-01,429000.0,Annual
E100061,2023-04-01,467000.0,Annual
E100061,2024-04-01,502000.0,Annual
E100061,2025-04-01,532000.0,Annual
E100062,2020-04-01,1927000.0,Opening
E100062,2021-04-01,2081000.0,Annual
E100062,2022-04-01,2289000.0,Annual
E100062,2023-04-01,2347000.0,Annual
E100062,2024-04-01,2489000.0,Annual
E100062,2025-04-01,2663000.0,Annual
E100063,2020-04-01,613000.0,Opening
E100063,2021-04-01,684000.0,Annual
E100063,2022-04-01,784000.0,Annual
E100063,2023-04-01,893000.0,Annual
E100063,2024-04-01,1014000.0,Annual
E100064,2020-04-01,440000.0,Opening
E100064,2021-04-01,475000.0,Annual
E100064,2022-04-01,526000.0,Annual
E100064,2023-04-01,538000.0,Annual
E100064,2024-04-01,574000.0,Annual
E100064,2025-04-01,609000.0,Annual
E100065,2020-04-01,1291000.0,Opening
E100065,2021-04-01,1291000.0,Annual
E100065,2022-04-01,1331000.0,Annual
E100066,2020-04-01,454000.0,Opening
E100066,2021-04-01,490000.0,Annual
E100066,2022-04-01,532000.0,Annual
E100066,2023-04-01,573000.0,Annual
E100066,2024-04-01,584000.0,Annual
E100066,2025-04-01,632000.0,Annual
E100067,2021-04-01,340000.0,Opening
E100067,2022-04-01,378000.0,Annual
E100068,2020-04-01,708000.0,Opening
E100068,2021-04-01,728000.0,Annual
E100068,2022-04-01,810000.0,Annual
E100068,2023-04-01,810000.0,Annual
E100068,2024-04-01,855000.0,Annual
E100069,2020-04-01,1956000.0,Opening
E100069,2021-04-01,2112000.0,Annual
E100069,2022-04-01,2402000.0,Annual
E100069,2023-04-01,2863000.0,Promotion
E100069,2024-04-01,2925000.0,Annual
E100070,2022-04-01,424000.0,Hire
E100070,2022-04-01,467000.0,Annual
E100070,2023-04-01,502000.0,Annual
E100071,2021-04-01,1225000.0,Opening
E100071,2022-04-01,1457000.0,Annual
E100072,2021-04-01,426000.0,Opening
E100072,2022-04-01,472000.0,Annual
E100072,2023-04-01,503000.0,Annual
E100072,2024-04-01,599000.0,Promotion
E100072,2025-04-01,643000.0,Annual
E100073,2020-04-01,307000.0,Opening
E100073,2021-04-01,332000.0,Annual
E100073,2022-04-01,369000.0,Annual
E100073,2023-04-01,393000.0,Annual
E100073,2024-04-01,414000.0,Annual
E100073,2025-04-01,484000.0,Promotion
E100074,2022-04-01,362000.0,Hire
E100075,2020-04-01,349000.0,Opening
E100075,2021-04-01,359000.0,Annual
E100075,2022-04-01,392000.0,Annual
E100075,2023-04-01,416000.0,Annual
E100076,2020-04-01,1246000.0,Opening
E100076,2021-04-01,1346000.0,Annual
E100076,2022-04-01,1388000.0,Annual
E100077,2020-04-01,719000.0,Opening
E100077,2021-04-01,802000.0,Annual
E100077,2022-04-01,901000.0,Annual
E100077,2023-04-01,956000.0,Annual
E100077,2024-04-01,1037000.0,Annual
E100078,2020-04-01,1534000.0,Opening
E100078,2021-04-01,1657000.0,Annual
E100078,2022-04-01,1839000.0,Annual
E100079,2020-04-01,329000.0,Opening
E100079,2021-04-01,355000.0,Annual
E100079,2022-04-01,395000.0,Annual
E100079,2023-04-01,439000.0,Annual
E100079,2024-04-01,467000.0,Annual
E100079,2025-04-01,560000.0,Promotion
E100080,2020-04-01,792000.0,Opening
E100080,2021-04-01,855000.0,Annual
E100080,2022-04-01,953000.0,Annual
E100080,2023-04-01,1049000.0,Annual
E100080,2024-04-01,1110000.0,Annual
E100080,2025-04-01,1179000.0,Annual
E100081,2021-04-01,426000.0,Opening
E100081,2022-04-01,472000.0,Annual
E100081,2023-04-01,522000.0,Annual
E100081,2024-04-01,554000.0,Annual
E100081,2025-04-01,590000.0,Annual
E100082,2020-04-01,2734000.0,Opening
E100082,2021-04-01,2811000.0,Annual
E100082,2022-04-01,3355000.0,Promotion
E100082,2023-04-01,3623000.0,Annual
E100082,2024-04-01,3810000.0,Annual
E100082,2025-04-01,3900000.0,Annual
E100083,2020-04-01,3705000.0,Opening
E100083,2021-04-01,3705000.0,Annual
E100083,2022-04-01,3847000.0,Annual
E100083,2023-04-01,3847000.0,Annual
E100084,2021-04-01,727000.0,Opening
E100084,2022-04-01,803000.0,Annual
E100084,2023-04-01,877000.0,Annual
E100084,2024-04-01,925000.0,Annual
E100084,2025-04-01,1025000.0,Annual
E100085,2020-04-01,783000.0,Opening
E100085,2021-04-01,805000.0,Annual
E100085,2022-04-01,834000.0,Annual
E100086,2020-04-01,721000.0,Opening
E100086,2021-04-01,805000.0,Annual
E100086,2022-04-01,882000.0,Annual
E100086,2023-04-01,936000.0,Annual
E100086,2024-04-01,1013000.0,Annual
E100086,2025-04-01,1078000.0,Annual
E100087,2020-04-01,1045000.0,Opening
E100087,2021-04-01,1166000.0,Annual
E100087,2022-04-01,1397000.0,Annual
E100087,2023-04-01,1524000.0,Annual
E100087,2024-04-01,1673000.0,Annual
E100087,2025-04-01,1789000.0,Annual
E100088,2021-04-01,468000.0,Opening
E100088,2022-04-01,485000.0,Annual
E100088,2023-04-01,521000.0,Annual
E100088,2024-04-01,552000.0,Annual
E100088,2025-04-01,591000.0,Annual
E100089,2022-04-01,429000.0,Hire
E100089,2023-04-01,458000.0,Annual
E100089,2024-04-01,482000.0,Annual
E100089,2025-04-01,510000.0,Annual
E100090,2020-04-01,558000.0,Opening
E100090,2021-04-01,603000.0,Annual
E100090,2022-04-01,661000.0,Annual
E100090,2023-04-01,677000.0,Annual
E100090,2024-04-01,723000.0,Annual
E100091,2021-04-01,396000.0,Opening
E100091,2022-04-01,467000.0,Annual
E100091,2023-04-01,513000.0,Annual
E100091,2024-04-01,580000.0,Annual
E100091,2025-04-01,637000.0,Annual
E100092,2020-04-01,1795000.0,Opening
E100092,2021-04-01,1845000.0,Annual
E100092,2022-04-01,1845000.0,Annual
E100092,2023-04-01,1845000.0,Annual
E100093,2020-04-01,1296000.0,Opening
E100093,2021-04-01,1400000.0,Annual
E100093,2022-04-01,1537000.0,Annual
E100094,2021-04-01,684000.0,Opening
E100094,2022-04-01,751000.0,Annual
E100095,2020-04-01,1370000.0,Opening
E100095,2021-04-01,1529000.0,Annual
E100095,2022-04-01,1735000.0,Annual
E100095,2023-04-01,1873000.0,Annual
E100095,2024-04-01,1998000.0,Annual
E100096,2020-04-01,1270000.0,Opening
E100096,2021-04-01,1372000.0,Annual
E100096,2022-04-01,1505000.0,Annual
E100096,2023-04-01,1621000.0,Annual
E100097,2020-04-01,1417000.0,Opening
E100097,2021-04-01,1417000.0,Annual
E100097,2022-04-01,1656000.0,Promotion
E100098,2020-04-01,3279000.0,Opening
E100098,2021-04-01,3541000.0,Annual
E100098,2022-04-01,3923000.0,Annual
E100099,2021-04-01,382000.0,Opening
E100099,2022-04-01,455000.0,Annual
E100099,2023-04-01,524000.0,Annual
E100099,2024-04-01,567000.0,Annual
E100099,2025-04-01,631000.0,Annual
E100100,2020-04-01,1264000.0,Opening
E100100,2021-04-01,1365000.0,Annual
E100100,2022-04-01,1508000.0,Annual
E100101,2021-04-01,421000.0,Opening
E100101,2022-04-01,473000.0,Annual
E100102,2020-04-01,591000.0,Opening
E100102,2021-04-01,638000.0,Annual
E100102,2022-04-01,695000.0,Annual
E100102,2023-04-01,748000.0,Annual
E100103,2020-04-01,1092000.0,Opening
E100103,2021-04-01,1179000.0,Annual
E100103,2022-04-01,1326000.0,Annual
E100103,2023-04-01,1406000.0,Annual
E100103,2024-04-01,1495000.0,Annual
E100103,2025-04-01,1529000.0,Annual
E100104,2020-04-01,2142000.0,Opening
E100104,2021-04-01,2485000.0,Annual
E100104,2022-04-01,2897000.0,Annual
E100104,2023-04-01,3502000.0,Promotion
E100104,2024-04-01,3977000.0,Annual
E100104,2025-04-01,4557000.0,Annual
E100105,2020-04-01,1515000.0,Opening
E100105,2021-04-01,1691000.0,Annual
E100105,2022-04-01,1867000.0,Annual
E100105,2023-04-01,1915000.0,Annual
E100105,2024-04-01,2023000.0,Annual
E100105,2025-04-01,2172000.0,Annual
E100106,2020-04-01,415000.0,Opening
E100106,2021-04-01,448000.0,Annual
E100106,2022-04-01,493000.0,Annual
E100106,2023-04-01,524000.0,Annual
E100107,2021-04-01,676000.0,Opening
E100107,2022-04-01,741000.0,Annual
E100107,2023-04-01,794000.0,Annual
E100107,2024-04-01,841000.0,Annual
E100107,2025-04-01,1001000.0,Promotion
E100108,2022-04-01,484000.0,Hire
E100109,2020-04-01,4928000.0,Opening
E100109,2021-04-01,5322000.0,Annual
E100109,2022-04-01,5980000.0,Annual
E100109,2023-04-01,6568000.0,Annual
E100109,2024-04-01,7426000.0,Annual
E100109,2025-04-01,8031000.0,Annual
E100110,2022-04-01,414000.0,Hire
E100110,2022-04-01,459000.0,Annual
E100110,2023-04-01,470000.0,Annual
E100110,2024-04-01,470000.0,Annual
E100111,2022-04-01,432000.0,Hire
E100111,2022-04-01,448000.0,Annual
E100111,2023-04-01,488000.0,Annual
E100112,2021-04-01,794000.0,Opening
E100112,2022-04-01,863000.0,Annual
E100112,2023-04-01,931000.0,Annual
E100112,2024-04-01,991000.0,Annual
E100112,2025-04-01,1060000.0,Annual
E100113,2020-04-01,423000.0,Opening
E100113,2021-04-01,457000.0,Annual
E100113,2022-04-01,499000.0,Annual
E100114,2020-04-01,1851000.0,Opening
E100114,2021-04-01,2066000.0,Annual
E100114,2022-04-01,2473000.0,Annual
E100114,2023-04-01,2892000.0,Promotion
E100114,2024-04-01,3245000.0,Annual
E100114,2025-04-01,3584000.0,Annual
E100115,2020-04-01,1265000.0,Opening
E100115,2021-04-01,1412000.0,Annual
E100115,2022-04-01,1566000.0,Annual
E100115,2023-04-01,1662000.0,Annual
E100115,2024-04-01,1766000.0,Annual
E100115,2025-04-01,1876000.0,Annual
E100116,2020-04-01,460000.0,Opening
E100116,2021-04-01,497000.0,Annual
E100116,2022-04-01,587000.0,Promotion
E100116,2023-04-01,625000.0,Annual
E100116,2024-04-01,675000.0,Annual
E100117,2020-04-01,713000.0,Opening
E100117,2021-04-01,796000.0,Annual
E100117,2022-04-01,872000.0,Annual
E100117,2023-04-01,937000.0,Annual
E100117,2024-04-01,993000.0,Annual
E100117,2025-04-01,1062000.0,Annual
E100118,2021-04-01,422000.0,Opening
E100118,2022-04-01,438000.0,Annual
E100119,2020-04-01,613000.0,Opening
E100119,2021-04-01,662000.0,Annual
E100119,2022-04-01,686000.0,Annual
E100120,2021-04-01,442000.0,Opening
E100120,2022-04-01,482000.0,Annual
E100120,2023-04-01,493000.0,Annual
E100120,2024-04-01,526000.0,Annual
E100120,2025-04-01,558000.0,Annual
E100121,2020-04-01,335000.0,Opening
E100121,2021-04-01,335000.0,Annual
E100121,2022-04-01,347000.0,Annual
E100121,2023-04-01,371000.0,Annual
E100121,2024-04-01,392000.0,Annual
E100121,2025-04-01,401000.0,Annual
E100122,2021-04-01,464000.0,Opening
E100122,2022-04-01,526000.0,Annual
E100122,2023-04-01,601000.0,Annual
E100122,2024-04-01,719000.0,Promotion
E100122,2025-04-01,787000.0,Annual
E100123,2021-04-01,724000.0,Opening
E100123,2022-04-01,747000.0,Annual
E100124,2020-04-01,1020000.0,Opening
E100124,2021-04-01,1102000.0,Annual
E100124,2022-04-01,1136000.0,Annual
E100124,2023-04-01,1211000.0,Annual
E100124,2024-04-01,1289000.0,Annual
E100124,2025-04-01,1318000.0,Annual
E100125,2021-04-01,708000.0,Opening
E100125,2022-04-01,736000.0,Annual
E100125,2023-04-01,781000.0,Annual
E100125,2024-04-01,795000.0,Annual
E100125,2025-04-01,919000.0,Promotion
E100126,2020-04-01,1073000.0,Opening
E100126,2021-04-01,1103000.0,Annual
E100126,2022-04-01,1229000.0,Annual
E100127,2021-04-01,690000.0,Opening
E100127,2022-04-01,714000.0,Annual
E100128,2020-04-01,358000.0,Opening
E100128,2021-04-01,400000.0,Annual
E100128,2022-04-01,442000.0,Annual
E100128,2023-04-01,537000.0,Promotion
E100129,2020-04-01,678000.0,Opening
E100129,2021-04-01,732000.0,Annual
E100129,2022-04-01,803000.0,Annual
E100129,2023-04-01,824000.0,Annual
E100129,2024-04-01,824000.0,Annual
E100129,2025-04-01,842000.0,Annual
E100130,2021-04-01,718000.0,Opening
E100130,2022-04-01,791000.0,Annual
E100130,2023-04-01,846000.0,Annual
E100130,2024-04-01,892000.0,Annual
E100131,2020-04-01,1615000.0,Opening
E100131,2021-04-01,1744000.0,Annual
E100131,2022-04-01,1915000.0,Annual
E100131,2023-04-01,2036000.0,Annual
E100131,2024-04-01,2225000.0,Annual
E100131,2025-04-01,2370000.0,Annual
E100132,2021-04-01,510000.0,Opening
E100132,2022-04-01,593000.0,Annual
E100132,2023-04-01,645000.0,Annual
E100132,2024-04-01,698000.0,Annual
E100133,2020-04-01,396000.0,Opening
E100133,2021-04-01,428000.0,Annual
E100133,2022-04-01,477000.0,Annual
E100133,2023-04-01,514000.0,Annual
E100133,2024-04-01,560000.0,Annual
E100133,2025-04-01,617000.0,Annual
E100134,2021-04-01,730000.0,Opening
E100134,2022-04-01,864000.0,Annual
E100134,2023-04-01,1031000.0,Promotion
E100134,2024-04-01,1130000.0,Annual
E100134,2025-04-01,1238000.0,Annual
E100135,2020-04-01,3429000.0,Opening
E100135,2021-04-01,3525000.0,Annual
E100135,2022-04-01,3663000.0,Annual
E100135,2023-04-01,3940000.0,Annual
E100136,2020-04-01,1678000.0,Opening
E100136,2021-04-01,1812000.0,Annual
E100136,2022-04-01,2104000.0,Annual
E100137,2020-04-01,1339000.0,Opening
E100137,2021-04-01,1376000.0,Annual
E100137,2022-04-01,1507000.0,Annual
E100137,2023-04-01,1618000.0,Annual
E100137,2024-04-01,1729000.0,Annual
E100137,2025-04-01,1729000.0,Annual
E100138,2021-04-01,450000.0,Opening
E100138,2022-04-01,466000.0,Annual
E100138,2023-04-01,477000.0,Annual
E100139,2021-04-01,1173000.0,Opening
E100139,2022-04-01,1277000.0,Annual
E100139,2023-04-01,1522000.0,Promotion
E100139,2024-04-01,1602000.0,Annual
E100139,2025-04-01,1702000.0,Annual
E100140,2020-04-01,1236000.0,Opening
E100140,2021-04-01,1434000.0,Annual
E100140,2022-04-01,1632000.0,Annual
E100140,2023-04-01,1817000.0,Annual
E100141,2020-04-01,356000.0,Opening
E100141,2021-04-01,384000.0,Annual
E100141,2022-04-01,418000.0,Annual
E100141,2023-04-01,446000.0,Annual
E100141,2024-04-01,455000.0,Annual
E100141,2025-04-01,497000.0,Annual
E100142,2020-04-01,754000.0,Opening
E100142,2021-04-01,875000.0,Annual
E100142,2022-04-01,965000.0,Annual
E100143,2021-04-01,415000.0,Opening
E100143,2022-04-01,415000.0,Annual
E100143,2023-04-01,445000.0,Annual
E100144,2020-04-01,1256000.0,Opening
E100144,2021-04-01,1356000.0,Annual
E100144,2022-04-01,1552000.0,Annual
E100145,2020-04-01,1378000.0,Opening
E100145,2021-04-01,1488000.0,Annual
E100145,2022-04-01,1615000.0,Annual
E100145,2023-04-01,1799000.0,Annual
E100145,2024-04-01,1897000.0,Annual
E100145,2025-04-01,2014000.0,Annual
E100146,2020-04-01,1389000.0,Opening
E100146,2021-04-01,1500000.0,Annual
E100146,2022-04-01,1552000.0,Annual
E100146,2023-04-01,1587000.0,Annual
E100147,2020-04-01,1088000.0,Opening
E100147,2021-04-01,1214000.0,Annual
E100147,2022-04-01,1463000.0,Promotion
E100147,2023-04-01,1633000.0,Annual
E100147,2024-04-01,1820000.0,Annual
E100147,2025-04-01,2111000.0,Promotion
E100148,2021-04-01,396000.0,Opening
E100148,2022-04-01,436000.0,Annual
E100148,2023-04-01,462000.0,Annual
E100148,2024-04-01,488000.0,Annual
E100149,2020-04-01,973000.0,Opening
E100149,2021-04-01,1051000.0,Annual
E100149,2022-04-01,1217000.0,Annual
E100149,2023-04-01,1296000.0,Annual
E100149,2024-04-01,1378000.0,Annual
E100149,2025-04-01,1494000.0,Annual
E100150,2021-04-01,451000.0,Opening
E100150,2022-04-01,497000.0,Annual
E100150,2023-04-01,527000.0,Annual
E100150,2024-04-01,562000.0,Annual
E100150,2025-04-01,601000.0,Annual
E100151,2020-04-01,401000.0,Opening
E100151,2021-04-01,412000.0,Annual
E100151,2022-04-01,456000.0,Annual
E100152,2020-04-01,692000.0,Opening
E100152,2021-04-01,772000.0,Annual
E100152,2022-04-01,894000.0,Annual
E100152,2023-04-01,964000.0,Annual
E100152,2024-04-01,1030000.0,Annual
E100152,2025-04-01,1139000.0,Annual
E100153,2020-04-01,719000.0,Opening
E100153,2021-04-01,777000.0,Annual
E100153,2022-04-01,858000.0,Annual
E100153,2023-04-01,881000.0,Annual
E100154,2020-04-01,371000.0,Opening
E100154,2021-04-01,401000.0,Annual
E100154,2022-04-01,459000.0,Annual
E100154,2023-04-01,487000.0,Annual
E100154,2024-04-01,526000.0,Annual
E100154,2025-04-01,579000.0,Annual
E100155,2020-04-01,711000.0,Opening
E100155,2021-04-01,768000.0,Annual
E100155,2022-04-01,904000.0,Promotion
E100155,2023-04-01,927000.0,Annual
E100155,2024-04-01,1127000.0,Promotion
E100155,2025-04-01,1204000.0,Annual
E100156,2020-04-01,696000.0,Opening
E100156,2021-04-01,752000.0,Annual
E100156,2022-04-01,775000.0,Annual
E100156,2023-04-01,796000.0,Annual
E100157,2020-04-01,381000.0,Opening
E100157,2021-04-01,425000.0,Annual
E100157,2022-04-01,469000.0,Annual
E100157,2023-04-01,506000.0,Annual
E100157,2024-04-01,532000.0,Annual
E100157,2025-04-01,581000.0,Annual
E100158,2020-04-01,1272000.0,Opening
E100158,2021-04-01,1374000.0,Annual
E100158,2022-04-01,1498000.0,Annual
E100158,2023-04-01,1814000.0,Promotion
E100158,2024-04-01,1930000.0,Annual
E100158,2025-04-01,2040000.0,Annual
E100159,2020-04-01,625000.0,Opening
E100159,2021-04-01,675000.0,Annual
E100159,2022-04-01,700000.0,Annual
E100159,2023-04-01,752000.0,Annual
E100159,2024-04-01,899000.0,Promotion
E100159,2025-04-01,1012000.0,Annual
E100160,2020-04-01,1205000.0,Opening
E100160,2021-04-01,1205000.0,Annual
E100160,2022-04-01,1241000.0,Annual
E100160,2023-04-01,1241000.0,Annual
E100160,2024-04-01,1323000.0,Annual
E100160,2025-04-01,1406000.0,Annual
E100161,2021-04-01,433000.0,Opening
E100161,2022-04-01,488000.0,Annual
E100161,2023-04-01,519000.0,Annual
E100161,2024-04-01,564000.0,Annual
E100161,2025-04-01,605000.0,Annual
E100162,2021-04-01,1297000.0,Opening
E100162,2022-04-01,1511000.0,Annual
E100163,2020-04-01,761000.0,Opening
E100163,2021-04-01,883000.0,Annual
E100163,2022-04-01,1018000.0,Annual
E100163,2023-04-01,1170000.0,Annual
E100163,2024-04-01,1292000.0,Annual
E100163,2025-04-01,1397000.0,Annual
E100164,2020-04-01,562000.0,Opening
E100164,2021-04-01,578000.0,Annual
E100164,2022-04-01,640000.0,Annual
E100165,2020-04-01,1319000.0,Opening
E100165,2021-04-01,1425000.0,Annual
E100165,2022-04-01,1665000.0,Promotion
E100165,2023-04-01,1798000.0,Annual
E100165,2024-04-01,1912000.0,Annual
E100165,2025-04-01,2081000.0,Annual
E100166,2020-04-01,598000.0,Opening
E100166,2021-04-01,615000.0,Annual
E100166,2022-04-01,739000.0,Promotion
E100166,2023-04-01,759000.0,Annual
E100166,2024-04-01,803000.0,Annual
E100167,2020-04-01,524000.0,Opening
E100167,2021-04-01,566000.0,Annual
E100167,2022-04-01,644000.0,Annual
E100168,2020-04-01,3294000.0,Opening
E100168,2021-04-01,3386000.0,Annual
E100168,2022-04-01,3845000.0,Annual
E100168,2023-04-01,4181000.0,Annual
E100168,2024-04-01,5036000.0,Promotion
E100168,2025-04-01,5341000.0,Annual
E100169,2022-04-01,555000.0,Hire
E100169,2022-04-01,555000.0,Annual
E100169,2023-04-01,595000.0,Annual
E100169,2024-04-01,606000.0,Annual
E100169,2025-04-01,619000.0,Annual
E100170,2022-04-01,858000.0,Hire
E100170,2022-04-01,947000.0,Annual
E100170,2023-04-01,1004000.0,Annual
E100170,2024-04-01,1086000.0,Annual
E100171,2020-04-01,569000.0,Opening
E100171,2021-04-01,660000.0,Annual
E100171,2022-04-01,798000.0,Annual
E100171,2023-04-01,932000.0,Promotion
E100171,2024-04-01,1007000.0,Annual
E100172,2020-04-01,386000.0,Opening
E100172,2021-04-01,417000.0,Annual
E100172,2022-04-01,485000.0,Annual
E100172,2023-04-01,519000.0,Annual
E100173,2022-04-01,428000.0,Hire
E100173,2022-04-01,520000.0,Annual
E100173,2023-04-01,552000.0,Annual
E100174,2020-04-01,1111000.0,Opening
E100174,2021-04-01,1240000.0,Annual
E100174,2022-04-01,1431000.0,Promotion
E100175,2020-04-01,1252000.0,Opening
E100175,2021-04-01,1287000.0,Annual
E100175,2022-04-01,1401000.0,Annual
E100176,2021-04-01,1258000.0,Opening
E100176,2022-04-01,1393000.0,Annual
E100176,2023-04-01,1624000.0,Promotion
E100176,2024-04-01,1718000.0,Annual
E100176,2025-04-01,1823000.0,Annual
E100177,2020-04-01,1520000.0,Opening
E100177,2021-04-01,1520000.0,Annual
E100177,2022-04-01,1575000.0,Annual
E100177,2023-04-01,1613000.0,Annual
E100177,2024-04-01,1613000.0,Annual
E100178,2020-04-01,976000.0,Opening
E100178,2021-04-01,1054000.0,Annual
E100178,2022-04-01,1171000.0,Annual
E100178,2023-04-01,1250000.0,Annual
E100178,2024-04-01,1315000.0,Annual
E100178,2025-04-01,1398000.0,Annual
E100179,2020-04-01,436000.0,Opening
E100179,2021-04-01,471000.0,Annual
E100179,2022-04-01,513000.0,Annual
E100179,2023-04-01,553000.0,Annual
E100179,2024-04-01,566000.0,Annual
E100180,2020-04-01,946000.0,Opening
E100180,2021-04-01,972000.0,Annual
E100180,2022-04-01,1081000.0,Annual
E100180,2023-04-01,1296000.0,Promotion
E100180,2024-04-01,1379000.0,Annual
E100180,2025-04-01,1473000.0,Annual
E100181,2021-04-01,627000.0,Opening
E100181,2022-04-01,698000.0,Annual
E100182,2020-04-01,1198000.0,Opening
E100182,2021-04-01,1294000.0,Annual
E100182,2022-04-01,1406000.0,Annual
E100182,2023-04-01,1515000.0,Annual
E100182,2024-04-01,1543000.0,Annual
E100183,2020-04-01,785000.0,Opening
E100183,2021-04-01,848000.0,Annual
E100183,2022-04-01,928000.0,Annual
E100183,2023-04-01,985000.0,Annual
E100183,2024-04-01,1044000.0,Annual
E100183,2025-04-01,1067000.0,Annual
E100184,2020-04-01,449000.0,Opening
E100184,2021-04-01,485000.0,Annual
E100184,2022-04-01,538000.0,Annual
E100185,2020-04-01,2072000.0,Opening
E100185,2021-04-01,2130000.0,Annual
E100185,2022-04-01,2353000.0,Annual
E100185,2023-04-01,2526000.0,Annual
E100185,2024-04-01,2578000.0,Annual
E100186,2020-04-01,1215000.0,Opening
E100186,2021-04-01,1312000.0,Annual
E100186,2022-04-01,1488000.0,Annual
E100186,2023-04-01,1626000.0,Annual
E100186,2024-04-01,1720000.0,Annual
E100186,2025-04-01,1833000.0,Annual
E100187,2020-04-01,1252000.0,Opening
E100187,2021-04-01,1352000.0,Annual
E100187,2022-04-01,1624000.0,Promotion
E100187,2023-04-01,1669000.0,Annual
E100187,2024-04-01,1769000.0,Annual
E100187,2025-04-01,1873000.0,Annual
E100188,2021-04-01,649000.0,Opening
E100188,2022-04-01,705000.0,Annual
E100188,2023-04-01,752000.0,Annual
E100189,2020-04-01,1219000.0,Opening
E100189,2021-04-01,1219000.0,Annual
E100189,2022-04-01,1257000.0,Annual
E100189,2023-04-01,1287000.0,Annual
E100189,2024-04-01,1356000.0,Annual
E100189,2025-04-01,1356000.0,Annual
E100190,2020-04-01,759000.0,Opening
E100190,2021-04-01,820000.0,Annual
E100190,2022-04-01,950000.0,Annual
E100190,2023-04-01,1011000.0,Annual
E100190,2024-04-01,1198000.0,Promotion
E100190,2025-04-01,1299000.0,Annual
E100191,2021-04-01,806000.0,Opening
E100191,2022-04-01,938000.0,Annual
E100192,2020-04-01,514000.0,Opening
E100192,2021-04-01,555000.0,Annual
E100192,2022-04-01,607000.0,Annual
E100192,2023-04-01,721000.0,Promotion
E100192,2024-04-01,762000.0,Annual
E100192,2025-04-01,834000.0,Annual
E100193,2020-04-01,696000.0,Opening
E100193,2021-04-01,807000.0,Annual
E100193,2022-04-01,884000.0,Annual
E100193,2023-04-01,905000.0,Annual
E100194,2020-04-01,985000.0,Opening
E100194,2021-04-01,1099000.0,Annual
E100194,2022-04-01,1217000.0,Annual
E100195,2020-04-01,982000.0,Opening
E100195,2021-04-01,1061000.0,Annual
E100195,2022-04-01,1169000.0,Annual
E100195,2023-04-01,1244000.0,Annual
E100195,2024-04-01,1322000.0,Annual
E100195,2025-04-01,1462000.0,Annual
E100196,2020-04-01,1147000.0,Opening
E100196,2021-04-01,1239000.0,Annual
E100196,2022-04-01,1283000.0,Annual
E100196,2023-04-01,1371000.0,Annual
E100197,2020-04-01,738000.0,Opening
E100197,2021-04-01,738000.0,Annual
E100197,2022-04-01,738000.0,Annual
E100198,2020-04-01,2272000.0,Opening
E100198,2021-04-01,2536000.0,Annual
E100198,2022-04-01,2792000.0,Annual
E100198,2023-04-01,3045000.0,Annual
E100198,2024-04-01,3690000.0,Promotion
E100198,2025-04-01,3959000.0,Annual
E100199,2022-04-01,497000.0,Hire
E100199,2022-04-01,515000.0,Annual
E100199,2023-04-01,550000.0,Annual
E100199,2024-04-01,581000.0,Annual
E100199,2025-04-01,619000.0,Annual
E100200,2020-04-01,1897000.0,Opening
E100200,2021-04-01,1950000.0,Annual
E100200,2022-04-01,2014000.0,Annual
E100201,2020-04-01,696000.0,Opening
E100201,2021-04-01,777000.0,Annual
E100201,2022-04-01,862000.0,Annual
E100201,2023-04-01,938000.0,Annual
E100201,2024-04-01,1000000.0,Annual
E100201,2025-04-01,1064000.0,Annual
E100202,2022-04-01,545000.0,Hire
E100202,2022-04-01,619000.0,Annual
E100203,2020-04-01,627000.0,Opening
E100203,2021-04-01,677000.0,Annual
E100203,2022-04-01,677000.0,Annual
E100204,2020-04-01,749000.0,Opening
E100204,2021-04-01,809000.0,Annual
E100204,2022-04-01,983000.0,Promotion
E100204,2023-04-01,1042000.0,Annual
E100204,2024-04-01,1106000.0,Annual
E100204,2025-04-01,1168000.0,Annual
E100205,2020-04-01,740000.0,Opening
E100205,2021-04-01,799000.0,Annual
E100205,2022-04-01,939000.0,Annual
E100205,2023-04-01,1023000.0,Annual
E100205,2024-04-01,1211000.0,Promotion
E100205,2025-04-01,1319000.0,Annual
E100206,2020-04-01,1647000.0,Opening
E100206,2021-04-01,1779000.0,Annual
E100206,2022-04-01,2073000.0,Promotion
E100206,2023-04-01,2203000.0,Annual
E100206,2024-04-01,2329000.0,Annual
E100206,2025-04-01,2471000.0,Annual
E100207,2021-04-01,413000.0,Opening
E100207,2022-04-01,426000.0,Annual
E100208,2020-04-01,654000.0,Opening
E100208,2021-04-01,706000.0,Annual
E100208,2022-04-01,728000.0,Annual
E100208,2023-04-01,779000.0,Annual
E100208,2024-04-01,825000.0,Annual
E100208,2025-04-01,881000.0,Annual
E100209,2022-04-01,731000.0,Hire
E100209,2022-04-01,814000.0,Annual
E100209,2023-04-01,873000.0,Annual
E100209,2024-04-01,926000.0,Annual
E100209,2025-04-01,993000.0,Annual
E100210,2020-04-01,870000.0,Opening
E100210,2021-04-01,894000.0,Annual
E100210,2022-04-01,894000.0,Annual
E100211,2021-04-01,632000.0,Opening
E100211,2022-04-01,632000.0,Annual
E100212,2022-04-01,480000.0,Hire
E100212,2022-04-01,522000.0,Annual
E100212,2023-04-01,610000.0,Promotion
E100212,2024-04-01,651000.0,Annual
E100212,2025-04-01,689000.0,Annual
E100213,2020-04-01,755000.0,Opening
E100213,2021-04-01,776000.0,Annual
E100213,2022-04-01,804000.0,Annual
E100213,2023-04-01,826000.0,Annual
E100213,2024-04-01,874000.0,Annual
E100213,2025-04-01,895000.0,Annual
E100214,2020-04-01,2123000.0,Opening
E100214,2021-04-01,2293000.0,Annual
E100214,2022-04-01,2648000.0,Annual
E100214,2023-04-01,3131000.0,Promotion
E100214,2024-04-01,3419000.0,Annual
E100214,2025-04-01,3865000.0,Annual
E100215,2021-04-01,319000.0,Opening
E100215,2022-04-01,355000.0,Annual
E100215,2023-04-01,382000.0,Annual
E100215,2024-04-01,404000.0,Annual
E100215,2025-04-01,413000.0,Annual
E100216,2022-04-01,521000.0,Hire
E100216,2022-04-01,578000.0,Annual
E100217,2021-04-01,357000.0,Opening
E100217,2022-04-01,357000.0,Annual
E100217,2023-04-01,386000.0,Annual
E100217,2024-04-01,393000.0,Annual
E100217,2025-04-01,420000.0,Annual
E100218,2020-04-01,646000.0,Opening
E100218,2021-04-01,664000.0,Annual
E100218,2022-04-01,664000.0,Annual
E100219,2020-04-01,3009000.0,Opening
E100219,2021-04-01,3250000.0,Annual
E100219,2022-04-01,3725000.0,Annual
E100219,2023-04-01,3808000.0,Annual
E100219,2024-04-01,4024000.0,Annual
E100219,2025-04-01,4105000.0,Annual
E100220,2022-04-01,440000.0,Hire
E100220,2023-04-01,471000.0,Annual
E100220,2024-04-01,531000.0,Annual
E100221,2020-04-01,5581000.0,Opening
E100221,2021-04-01,6474000.0,Annual
E100221,2022-04-01,7618000.0,Annual
E100221,2023-04-01,8118000.0,Annual
E100221,2024-04-01,9049000.0,Annual
E100221,2025-04-01,10208000.0,Annual
E100222,2021-04-01,705000.0,Opening
E100222,2022-04-01,780000.0,Annual
E100223,2020-04-01,345000.0,Opening
E100223,2021-04-01,385000.0,Annual
E100223,2022-04-01,449000.0,Annual
E100223,2023-04-01,545000.0,Promotion
E100223,2024-04-01,574000.0,Annual
E100223,2025-04-01,632000.0,Annual
E100224,2020-04-01,698000.0,Opening
E100224,2021-04-01,754000.0,Annual
E100224,2022-04-01,836000.0,Annual
E100224,2023-04-01,856000.0,Annual
E100224,2024-04-01,902000.0,Annual
E100224,2025-04-01,1066000.0,Promotion
E100225,2021-04-01,488000.0,Opening
E100225,2022-04-01,550000.0,Annual
E100225,2023-04-01,563000.0,Annual
E100226,2020-04-01,1222000.0,Opening
E100226,2021-04-01,1418000.0,Annual
E100226,2022-04-01,1572000.0,Annual
E100226,2023-04-01,1762000.0,Annual
E100226,2024-04-01,2124000.0,Promotion
E100226,2025-04-01,2274000.0,Annual
E100227,2020-04-01,583000.0,Opening
E100227,2021-04-01,630000.0,Annual
E100227,2022-04-01,684000.0,Annual
E100227,2023-04-01,796000.0,Promotion
E100227,2024-04-01,867000.0,Annual
E100227,2025-04-01,918000.0,Annual
E100228,2022-04-01,439000.0,Hire
E100228,2022-04-01,489000.0,Annual
E100228,2023-04-01,518000.0,Annual
E100228,2024-04-01,550000.0,Annual
E100228,2025-04-01,637000.0,Promotion
E100229,2021-04-01,514000.0,Opening
E100229,2022-04-01,566000.0,Annual
E100229,2023-04-01,621000.0,Annual
E100229,2024-04-01,659000.0,Annual
E100229,2025-04-01,715000.0,Annual
E100230,2020-04-01,1400000.0,Opening
E100230,2021-04-01,1512000.0,Annual
E100230,2022-04-01,1657000.0,Annual
E100230,2023-04-01,1858000.0,Annual
E100231,2020-04-01,1144000.0,Opening
E100231,2021-04-01,1176000.0,Annual
E100231,2022-04-01,1219000.0,Annual
E100231,2023-04-01,1219000.0,Annual
E100231,2024-04-01,1219000.0,Annual
E100232,2022-04-01,898000.0,Hire
E100232,2022-04-01,1039000.0,Annual
E100233,2020-04-01,714000.0,Opening
E100233,2021-04-01,734000.0,Annual
E100233,2022-04-01,808000.0,Annual
E100233,2023-04-01,863000.0,Annual
E100234,2020-04-01,1532000.0,Opening
E100234,2021-04-01,1575000.0,Annual
E100234,2022-04-01,1712000.0,Annual
E100234,2023-04-01,1712000.0,Annual
E100235,2020-04-01,2667000.0,Opening
E100235,2021-04-01,2880000.0,Annual
E100235,2022-04-01,2989000.0,Annual
E100236,2020-04-01,363000.0,Opening
E100236,2021-04-01,392000.0,Annual
E100236,2022-04-01,426000.0,Annual
E100236,2023-04-01,435000.0,Annual
E100236,2024-04-01,460000.0,Annual
E100237,2021-04-01,368000.0,Opening
E100237,2022-04-01,381000.0,Annual
E100238,2020-04-01,779000.0,Opening
E100238,2021-04-01,869000.0,Annual
E100238,2022-04-01,956000.0,Annual
E100238,2023-04-01,1112000.0,Promotion
E100238,2024-04-01,1169000.0,Annual
E100238,2025-04-01,1241000.0,Annual
E100239,2020-04-01,855000.0,Opening
E100239,2021-04-01,923000.0,Annual
E100239,2022-04-01,1009000.0,Annual
E100239,2023-04-01,1089000.0,Annual
E100239,2024-04-01,1154000.0,Annual
E100239,2025-04-01,1240000.0,Annual
E100240,2020-04-01,353000.0,Opening
E100240,2021-04-01,363000.0,Annual
E100240,2022-04-01,418000.0,Annual
E100241,2022-04-01,455000.0,Hire
E100241,2022-04-01,471000.0,Annual
E100241,2023-04-01,471000.0,Annual
E100241,2024-04-01,471000.0,Annual
E100242,2021-04-01,474000.0,Opening
E100242,2022-04-01,528000.0,Annual
E100242,2023-04-01,599000.0,Annual
E100242,2024-04-01,639000.0,Annual
E100242,2025-04-01,683000.0,Annual
E100243,2022-04-01,701000.0,Hire
E100243,2022-04-01,800000.0,Annual
E100243,2023-04-01,927000.0,Promotion
E100243,2024-04-01,1032000.0,Annual
E100243,2025-04-01,1195000.0,Promotion
E100244,2021-04-01,1162000.0,Opening
E100244,2022-04-01,1205000.0,Annual
E100245,2020-04-01,674000.0,Opening
E100245,2021-04-01,728000.0,Annual
E100245,2022-04-01,871000.0,Promotion
E100246,2021-04-01,441000.0,Opening
E100246,2022-04-01,479000.0,Annual
E100246,2023-04-01,515000.0,Annual
E100246,2024-04-01,549000.0,Annual
E100246,2025-04-01,635000.0,Promotion
E100247,2022-04-01,517000.0,Hire
E100247,2022-04-01,563000.0,Annual
E100247,2023-04-01,605000.0,Annual
E100248,2020-04-01,679000.0,Opening
E100248,2021-04-01,788000.0,Annual
E100248,2022-04-01,877000.0,Annual
E100249,2020-04-01,1965000.0,Opening
E100249,2021-04-01,2193000.0,Annual
E100249,2022-04-01,2445000.0,Annual
E100250,2020-04-01,1670000.0,Opening
E100250,2021-04-01,1804000.0,Annual
E100250,2022-04-01,1862000.0,Annual
E100250,2023-04-01,1975000.0,Annual
E100250,2024-04-01,2012000.0,Annual
E100250,2025-04-01,2131000.0,Annual
E100251,2020-04-01,716000.0,Opening
E100251,2021-04-01,773000.0,Annual
E100251,2022-04-01,875000.0,Annual
E100251,2023-04-01,944000.0,Annual
E100251,2024-04-01,1020000.0,Annual
E100251,2025-04-01,1112000.0,Annual
E100252,2020-04-01,1640000.0,Opening
E100252,2021-04-01,1686000.0,Annual
E100252,2022-04-01,1686000.0,Annual
E100252,2023-04-01,1686000.0,Annual
E100252,2024-04-01,1686000.0,Annual
E100252,2025-04-01,1686000.0,Annual
E100253,2020-04-01,2330000.0,Opening
E100253,2021-04-01,2516000.0,Annual
E100253,2022-04-01,2747000.0,Annual
E100253,2023-04-01,2998000.0,Annual
E100253,2024-04-01,3171000.0,Annual
E100253,2025-04-01,3629000.0,Annual
E100254,2021-04-01,832000.0,Opening
E100254,2022-04-01,941000.0,Annual
E100254,2023-04-01,1054000.0,Annual
E100254,2024-04-01,1213000.0,Promotion
E100254,2025-04-01,1335000.0,Annual
E100255,2020-04-01,1333000.0,Opening
E100255,2021-04-01,1370000.0,Annual
E100255,2022-04-01,1412000.0,Annual
E100255,2023-04-01,1627000.0,Promotion
E100255,2024-04-01,1719000.0,Annual
E100255,2025-04-01,1836000.0,Annual
E100256,2020-04-01,671000.0,Opening
E100256,2021-04-01,671000.0,Annual
E100256,2022-04-01,695000.0,Annual
E100257,2020-04-01,355000.0,Opening
E100257,2021-04-01,383000.0,Annual
E100257,2022-04-01,422000.0,Annual
E100257,2023-04-01,433000.0,Annual
E100257,2024-04-01,443000.0,Annual
E100258,2020-04-01,710000.0,Opening
E100258,2021-04-01,767000.0,Annual
E100258,2022-04-01,842000.0,Annual
E100258,2023-04-01,898000.0,Annual
E100258,2024-04-01,916000.0,Annual
E100258,2025-04-01,1005000.0,Annual
E100259,2020-04-01,351000.0,Opening
E100259,2021-04-01,407000.0,Annual
E100259,2022-04-01,491000.0,Annual
E100259,2023-04-01,527000.0,Annual
E100259,2024-04-01,576000.0,Annual
E100259,2025-04-01,631000.0,Annual
E100260,2020-04-01,1240000.0,Opening
E100260,2021-04-01,1384000.0,Annual
E100260,2022-04-01,1697000.0,Annual
E100260,2023-04-01,1888000.0,Annual
E100260,2024-04-01,2067000.0,Annual
E100260,2025-04-01,2358000.0,Annual
E100261,2020-04-01,1034000.0,Opening
E100261,2021-04-01,1063000.0,Annual
E100261,2022-04-01,1223000.0,Annual
E100261,2023-04-01,1252000.0,Annual
E100262,2020-04-01,1773000.0,Opening
E100262,2021-04-01,1915000.0,Annual
E100262,2022-04-01,1976000.0,Annual
E100263,2020-04-01,590000.0,Opening
E100263,2021-04-01,637000.0,Annual
E100263,2022-04-01,702000.0,Annual
E100263,2023-04-01,771000.0,Annual
E100263,2024-04-01,822000.0,Annual
E100263,2025-04-01,899000.0,Annual
E100264,2020-04-01,493000.0,Opening
E100264,2021-04-01,532000.0,Annual
E100264,2022-04-01,583000.0,Annual
E100264,2023-04-01,619000.0,Annual
E100265,2020-04-01,2122000.0,Opening
E100265,2021-04-01,2368000.0,Annual
E100265,2022-04-01,2725000.0,Annual
E100265,2023-04-01,2888000.0,Annual
E100265,2024-04-01,3153000.0,Annual
E100265,2025-04-01,3630000.0,Promotion
E100266,2020-04-01,2209000.0,Opening
E100266,2021-04-01,2386000.0,Annual
E100266,2022-04-01,2722000.0,Annual
E100266,2023-04-01,2899000.0,Annual
E100266,2024-04-01,2966000.0,Annual
E100266,2025-04-01,3146000.0,Annual
E100267,2020-04-01,2894000.0,Opening
E100267,2021-04-01,3126000.0,Annual
E100267,2022-04-01,3248000.0,Annual
E100267,2023-04-01,3325000.0,Annual
E100267,2024-04-01,3398000.0,Annual
E100267,2025-04-01,3398000.0,Annual
E100268,2021-04-01,717000.0,Opening
E100268,2022-04-01,785000.0,Annual
E100268,2023-04-01,836000.0,Annual
E100269,2020-04-01,1083000.0,Opening
E100269,2021-04-01,1209000.0,Annual
E100269,2022-04-01,1314000.0,Annual
E100270,2021-04-01,668000.0,Opening
E100270,2022-04-01,737000.0,Annual
E100271,2020-04-01,502000.0,Opening
E100271,2021-04-01,582000.0,Annual
E100271,2022-04-01,655000.0,Annual
E100271,2023-04-01,723000.0,Annual
E100271,2024-04-01,788000.0,Annual
E100271,2025-04-01,854000.0,Annual
E100272,2022-04-01,400000.0,Hire
E100272,2022-04-01,442000.0,Annual
E100272,2023-04-01,477000.0,Annual
E100272,2024-04-01,574000.0,Promotion
E100272,2025-04-01,631000.0,Annual
E100273,2020-04-01,1068000.0,Opening
E100273,2021-04-01,1239000.0,Annual
E100273,2022-04-01,1503000.0,Annual
E100273,2023-04-01,1650000.0,Annual
E100274,2020-04-01,578000.0,Opening
E100274,2021-04-01,624000.0,Annual
E100274,2022-04-01,693000.0,Annual
E100274,2023-04-01,747000.0,Annual
E100274,2024-04-01,819000.0,Annual
E100274,2025-04-01,865000.0,Annual
E100275,2020-04-01,1255000.0,Opening
E100275,2021-04-01,1355000.0,Annual
E100275,2022-04-01,1479000.0,Annual
E100275,2023-04-01,1651000.0,Annual
E100275,2024-04-01,1755000.0,Annual
E100276,2020-04-01,690000.0,Opening
E100276,2021-04-01,770000.0,Annual
E100276,2022-04-01,840000.0,Annual
E100276,2023-04-01,980000.0,Promotion
E100276,2024-04-01,1032000.0,Annual
E100277,2021-04-01,842000.0,Opening
E100277,2022-04-01,1031000.0,Annual
E100277,2023-04-01,1122000.0,Annual
E100277,2024-04-01,1191000.0,Annual
E100277,2025-04-01,1319000.0,Annual
E100278,2020-04-01,2929000.0,Opening
E100278,2021-04-01,3269000.0,Annual
E100278,2022-04-01,3685000.0,Annual
E100278,2023-04-01,3931000.0,Annual
E100278,2024-04-01,4745000.0,Promotion
E100278,2025-04-01,5081000.0,Annual
E100279,2020-04-01,387000.0,Opening
E100279,2021-04-01,432000.0,Annual
E100279,2022-04-01,481000.0,Annual
E100279,2023-04-01,518000.0,Annual
E100279,2024-04-01,568000.0,Annual
E100280,2022-04-01,652000.0,Hire
E100280,2022-04-01,676000.0,Annual
E100280,2023-04-01,814000.0,Promotion
E100280,2024-04-01,814000.0,Annual
E100280,2025-04-01,831000.0,Annual
E100281,2020-04-01,452000.0,Opening
E100281,2021-04-01,524000.0,Annual
E100281,2022-04-01,597000.0,Annual
E100282,2020-04-01,3906000.0,Opening
E100282,2021-04-01,4531000.0,Annual
E100282,2022-04-01,5394000.0,Annual
E100282,2023-04-01,6156000.0,Annual
E100282,2024-04-01,7124000.0,Promotion
E100282,2025-04-01,7883000.0,Annual
E100283,2020-04-01,786000.0,Opening
E100283,2021-04-01,849000.0,Annual
E100283,2022-04-01,880000.0,Annual
E100284,2020-04-01,713000.0,Opening
E100284,2021-04-01,770000.0,Annual
E100284,2022-04-01,881000.0,Annual
E100284,2023-04-01,941000.0,Annual
E100285,2021-04-01,467000.0,Opening
E100285,2022-04-01,538000.0,Annual
E100285,2023-04-01,590000.0,Annual
E100285,2024-04-01,626000.0,Annual
E100285,2025-04-01,682000.0,Annual
E100286,2020-04-01,642000.0,Opening
E100286,2021-04-01,693000.0,Annual
E100286,2022-04-01,798000.0,Promotion
E100286,2023-04-01,867000.0,Annual
E100286,2024-04-01,943000.0,Annual
E100286,2025-04-01,1115000.0,Promotion
E100287,2020-04-01,694000.0,Opening
E100287,2021-04-01,750000.0,Annual
E100287,2022-04-01,889000.0,Annual
E100288,2021-04-01,376000.0,Opening
E100288,2022-04-01,410000.0,Annual
E100288,2023-04-01,443000.0,Annual
E100288,2024-04-01,470000.0,Annual
E100288,2025-04-01,504000.0,Annual
E100289,2020-04-01,370000.0,Opening
E100289,2021-04-01,400000.0,Annual
E100289,2022-04-01,412000.0,Annual
E100289,2023-04-01,441000.0,Annual
E100289,2024-04-01,449000.0,Annual
E100289,2025-04-01,523000.0,Promotion
E100290,2022-04-01,973000.0,Hire
E100290,2022-04-01,1168000.0,Annual
E100290,2023-04-01,1279000.0,Annual
E100291,2020-04-01,729000.0,Opening
E100291,2021-04-01,787000.0,Annual
E100291,2022-04-01,866000.0,Annual
E100292,2020-04-01,783000.0,Opening
E100292,2021-04-01,783000.0,Annual
E100292,2022-04-01,813000.0,Annual
E100293,2020-04-01,1812000.0,Opening
E100293,2021-04-01,1863000.0,Annual
E100293,2022-04-01,1921000.0,Annual
E100293,2023-04-01,1966000.0,Annual
E100293,2024-04-01,1966000.0,Annual
E100293,2025-04-01,2013000.0,Annual
E100294,2020-04-01,1903000.0,Opening
E100294,2021-04-01,1903000.0,Annual
E100294,2022-04-01,2114000.0,Annual
E100294,2023-04-01,2242000.0,Annual
E100295,2020-04-01,2912000.0,Opening
E100295,2021-04-01,2912000.0,Annual
E100295,2022-04-01,3007000.0,Annual
E100295,2023-04-01,3200000.0,Annual
E100296,2020-04-01,1220000.0,Opening
E100296,2021-04-01,1415000.0,Annual
E100296,2022-04-01,1547000.0,Annual
E100296,2023-04-01,1701000.0,Annual
E100296,2024-04-01,1865000.0,Annual
E100296,2025-04-01,2019000.0,Annual
E100297,2021-04-01,729000.0,Opening
E100297,2022-04-01,729000.0,Annual
E100297,2023-04-01,748000.0,Annual
E100297,2024-04-01,748000.0,Annual
E100297,2025-04-01,766000.0,Annual
E100298,2021-04-01,865000.0,Opening
E100298,2022-04-01,1044000.0,Promotion
E100299,2020-04-01,622000.0,Opening
E100299,2021-04-01,672000.0,Annual
E100299,2022-04-01,758000.0,Annual
E100299,2023-04-01,912000.0,Promotion
E100299,2024-04-01,991000.0,Annual
E100300,2020-04-01,717000.0,Opening
E100300,2021-04-01,774000.0,Annual
E100300,2022-04-01,802000.0,Annual
E100301,2021-04-01,345000.0,Opening
E100301,2022-04-01,395000.0,Annual
E100301,2023-04-01,456000.0,Annual
E100301,2024-04-01,486000.0,Annual
E100302,2020-04-01,1239000.0,Opening
E100302,2021-04-01,1338000.0,Annual
E100302,2022-04-01,1541000.0,Promotion
E100302,2023-04-01,1645000.0,Annual
E100302,2024-04-01,1747000.0,Annual
E100303,2020-04-01,464000.0,Opening
E100303,2021-04-01,518000.0,Annual
E100303,2022-04-01,590000.0,Annual
E100303,2023-04-01,635000.0,Annual
E100303,2024-04-01,768000.0,Promotion
E100304,2020-04-01,381000.0,Opening
E100304,2021-04-01,411000.0,Annual
E100304,2022-04-01,466000.0,Annual
E100304,2023-04-01,559000.0,Promotion
E100305,2020-04-01,703000.0,Opening
E100305,2021-04-01,759000.0,Annual
E100305,2022-04-01,843000.0,Annual
E100306,2021-04-01,1175000.0,Opening
E100306,2022-04-01,1297000.0,Annual
E100306,2023-04-01,1382000.0,Annual
E100306,2024-04-01,1453000.0,Annual
E100306,2025-04-01,1603000.0,Annual
E100307,2021-04-01,747000.0,Opening
E100307,2022-04-01,918000.0,Annual
E100307,2023-04-01,991000.0,Annual
E100307,2024-04-01,1081000.0,Annual
E100307,2025-04-01,1301000.0,Promotion
E100308,2021-04-01,844000.0,Opening
E100308,2022-04-01,878000.0,Annual
E100308,2023-04-01,878000.0,Annual
E100308,2024-04-01,894000.0,Annual
E100308,2025-04-01,914000.0,Annual
E100309,2021-04-01,1537000.0,Opening
E100309,2022-04-01,1714000.0,Annual
E100310,2020-04-01,429000.0,Opening
E100310,2021-04-01,498000.0,Annual
E100310,2022-04-01,583000.0,Annual
E100310,2023-04-01,650000.0,Annual
E100310,2024-04-01,693000.0,Annual
E100310,2025-04-01,763000.0,Annual
E100311,2021-04-01,461000.0,Opening
E100311,2022-04-01,503000.0,Annual
E100311,2023-04-01,543000.0,Annual
E100311,2024-04-01,555000.0,Annual
E100311,2025-04-01,591000.0,Annual
E100312,2020-04-01,733000.0,Opening
E100312,2021-04-01,818000.0,Annual
E100312,2022-04-01,988000.0,Annual
E100312,2023-04-01,1128000.0,Annual
E100312,2024-04-01,1206000.0,Annual
E100312,2025-04-01,1306000.0,Annual
E100313,2021-04-01,821000.0,Opening
E100313,2022-04-01,945000.0,Annual
E100313,2023-04-01,1039000.0,Annual
E100313,2024-04-01,1165000.0,Annual
E100314,2020-04-01,1581000.0,Opening
E100314,2021-04-01,1707000.0,Annual
E100314,2022-04-01,1865000.0,Annual
E100314,2023-04-01,2106000.0,Annual
E100314,2024-04-01,2243000.0,Annual
E100314,2025-04-01,2448000.0,Annual
E100315,2020-04-01,552000.0,Opening
E100315,2021-04-01,640000.0,Annual
E100315,2022-04-01,698000.0,Annual
E100315,2023-04-01,762000.0,Annual
E100315,2024-04-01,802000.0,Annual
E100315,2025-04-01,887000.0,Annual
E100316,2021-04-01,1267000.0,Opening
E100316,2022-04-01,1306000.0,Annual
E100316,2023-04-01,1306000.0,Annual
E100316,2024-04-01,1332000.0,Annual
E100317,2022-04-01,441000.0,Hire
E100317,2023-04-01,468000.0,Annual
E100317,2024-04-01,493000.0,Annual
E100317,2025-04-01,523000.0,Annual
E100318,2021-04-01,463000.0,Opening
E100318,2022-04-01,479000.0,Annual
E100318,2023-04-01,479000.0,Annual
E100318,2024-04-01,488000.0,Annual
E100318,2025-04-01,488000.0,Annual
E100319,2022-04-01,807000.0,Hire
E100319,2022-04-01,836000.0,Annual
E100319,2023-04-01,910000.0,Annual
E100319,2024-04-01,963000.0,Annual
E100319,2025-04-01,1029000.0,Annual
E100320,2020-04-01,438000.0,Opening
E100320,2021-04-01,473000.0,Annual
E100320,2022-04-01,549000.0,Annual
E100320,2023-04-01,601000.0,Annual
E100321,2020-04-01,453000.0,Opening
E100321,2021-04-01,489000.0,Annual
E100321,2022-04-01,531000.0,Annual
E100321,2023-04-01,570000.0,Annual
E100321,2024-04-01,599000.0,Annual
E100321,2025-04-01,635000.0,Annual
E100322,2022-04-01,476000.0,Hire
E100322,2022-04-01,519000.0,Annual
E100322,2023-04-01,577000.0,Annual
E100322,2024-04-01,613000.0,Annual
E100322,2025-04-01,693000.0,Annual
E100323,2021-04-01,621000.0,Opening
E100323,2022-04-01,692000.0,Annual
E100324,2021-04-01,883000.0,Opening
E100324,2022-04-01,962000.0,Annual
E100324,2023-04-01,983000.0,Annual
E100324,2024-04-01,1035000.0,Annual
E100325,2021-04-01,803000.0,Opening
E100325,2022-04-01,934000.0,Annual
E100325,2023-04-01,1025000.0,Annual
E100325,2024-04-01,1106000.0,Annual
E100325,2025-04-01,1183000.0,Annual
E100326,2020-04-01,1948000.0,Opening
E100326,2021-04-01,2104000.0,Annual
E100326,2022-04-01,2401000.0,Annual
E100326,2023-04-01,2742000.0,Annual
E100327,2021-04-01,802000.0,Opening
E100327,2022-04-01,875000.0,Annual
E100328,2022-04-01,567000.0,Hire
E100328,2022-04-01,680000.0,Annual
E100328,2023-04-01,769000.0,Annual
E100328,2024-04-01,836000.0,Annual
E100328,2025-04-01,915000.0,Annual
E100329,2020-04-01,558000.0,Opening
E100329,2021-04-01,603000.0,Annual
E100329,2022-04-01,680000.0,Annual
E100329,2023-04-01,735000.0,Annual
E100329,2024-04-01,879000.0,Promotion
E100329,2025-04-01,940000.0,Annual
E100330,2022-04-01,333000.0,Hire
E100330,2022-04-01,343000.0,Annual
E100330,2023-04-01,369000.0,Annual
E100330,2024-04-01,376000.0,Annual
E100330,2025-04-01,386000.0,Annual
E100331,2020-04-01,680000.0,Opening
E100331,2021-04-01,734000.0,Annual
E100331,2022-04-01,799000.0,Annual
E100331,2023-04-01,852000.0,Annual
E100332,2021-04-01,827000.0,Opening
E100332,2022-04-01,852000.0,Annual
E100332,2023-04-01,915000.0,Annual
E100333,2022-04-01,770000.0,Hire
E100333,2022-04-01,866000.0,Annual
E100333,2023-04-01,921000.0,Annual
E100333,2024-04-01,972000.0,Annual
E100333,2025-04-01,1055000.0,Annual
E100334,2020-04-01,429000.0,Opening
E100334,2021-04-01,429000.0,Annual
E100334,2022-04-01,471000.0,Annual
E100334,2023-04-01,502000.0,Annual
E100334,2024-04-01,536000.0,Annual
E100334,2025-04-01,550000.0,Annual
E100335,2022-04-01,705000.0,Hire
E100335,2022-04-01,794000.0,Annual
E100336,2020-04-01,1566000.0,Opening
E100336,2021-04-01,1610000.0,Annual
E100336,2022-04-01,1662000.0,Annual
E100337,2020-04-01,999000.0,Opening
E100337,2021-04-01,1079000.0,Annual
E100337,2022-04-01,1115000.0,Annual
E100337,2023-04-01,1182000.0,Annual
E100338,2020-04-01,3235000.0,Opening
E100338,2021-04-01,3326000.0,Annual
E100338,2022-04-01,3326000.0,Annual
E100338,2023-04-01,3326000.0,Annual
E100339,2020-04-01,771000.0,Opening
E100339,2021-04-01,833000.0,Annual
E100339,2022-04-01,927000.0,Annual
E100339,2023-04-01,993000.0,Annual
E100340,2020-04-01,1189000.0,Opening
E100340,2021-04-01,1284000.0,Annual
E100340,2022-04-01,1402000.0,Annual
E100341,2020-04-01,810000.0,Opening
E100341,2021-04-01,875000.0,Annual
E100341,2022-04-01,990000.0,Annual
E100341,2023-04-01,1099000.0,Annual
E100341,2024-04-01,1164000.0,Annual
E100341,2025-04-01,1189000.0,Annual
E100342,2021-04-01,469000.0,Opening
E100342,2022-04-01,514000.0,Annual
E100342,2023-04-01,559000.0,Annual
E100342,2024-04-01,590000.0,Annual
E100342,2025-04-01,704000.0,Promotion
E100343,2020-04-01,2337000.0,Opening
E100343,2021-04-01,2524000.0,Annual
E100343,2022-04-01,2944000.0,Annual
E100343,2023-04-01,3023000.0,Annual
E100343,2024-04-01,3084000.0,Annual
E100343,2025-04-01,3267000.0,Annual
E100344,2020-04-01,1363000.0,Opening
E100344,2021-04-01,1581000.0,Annual
E100344,2022-04-01,1740000.0,Annual
E100344,2023-04-01,1893000.0,Annual
E100344,2024-04-01,2178000.0,Promotion
E100344,2025-04-01,2411000.0,Annual
E100345,2020-04-01,2609000.0,Opening
E100345,2021-04-01,2912000.0,Annual
E100345,2022-04-01,3228000.0,Annual
E100345,2023-04-01,3302000.0,Annual
E100345,2024-04-01,3477000.0,Annual
E100346,2020-04-01,1966000.0,Opening
E100346,2021-04-01,2123000.0,Annual
E100346,2022-04-01,2360000.0,Annual
E100346,2023-04-01,2509000.0,Annual
E100346,2024-04-01,2642000.0,Annual
E100346,2025-04-01,2837000.0,Annual
E100347,2020-04-01,1773000.0,Opening
E100347,2021-04-01,1823000.0,Annual
E100347,2022-04-01,1895000.0,Annual
E100348,2020-04-01,416000.0,Opening
E100348,2021-04-01,449000.0,Annual
E100348,2022-04-01,449000.0,Annual
E100348,2023-04-01,480000.0,Annual
E100348,2024-04-01,507000.0,Annual
E100348,2025-04-01,507000.0,Annual
E100349,2022-04-01,540000.0,Hire
E100349,2022-04-01,590000.0,Annual
E100349,2023-04-01,631000.0,Annual
E100349,2024-04-01,758000.0,Promotion
E100350,2020-04-01,317000.0,Opening
E100350,2021-04-01,317000.0,Annual
E100350,2022-04-01,329000.0,Annual
E100351,2020-04-01,631000.0,Opening
E100351,2021-04-01,631000.0,Annual
E100351,2022-04-01,631000.0,Annual
E100352,2020-04-01,1361000.0,Opening
E100352,2021-04-01,1470000.0,Annual
E100352,2022-04-01,1622000.0,Annual
E100352,2023-04-01,1735000.0,Annual
E100352,2024-04-01,1843000.0,Annual
E100352,2025-04-01,1949000.0,Annual
E100353,2021-04-01,753000.0,Opening
E100353,2022-04-01,826000.0,Annual
E100353,2023-04-01,880000.0,Annual
E100353,2024-04-01,964000.0,Annual
E100353,2025-04-01,1027000.0,Annual
E100354,2020-04-01,582000.0,Opening
E100354,2021-04-01,598000.0,Annual
E100354,2022-04-01,649000.0,Annual
E100354,2023-04-01,690000.0,Annual
E100354,2024-04-01,690000.0,Annual
E100355,2020-04-01,1094000.0,Opening
E100355,2021-04-01,1221000.0,Annual
E100355,2022-04-01,1391000.0,Annual
E100356,2020-04-01,357000.0,Opening
E100356,2021-04-01,386000.0,Annual
E100356,2022-04-01,399000.0,Annual
E100356,2023-04-01,410000.0,Annual
E100356,2024-04-01,418000.0,Annual
E100356,2025-04-01,429000.0,Annual
E100357,2020-04-01,1104000.0,Opening
E100357,2021-04-01,1192000.0,Annual
E100357,2022-04-01,1329000.0,Annual
E100357,2023-04-01,1559000.0,Promotion
E100357,2024-04-01,1653000.0,Annual
E100357,2025-04-01,1764000.0,Annual
E100358,2020-04-01,508000.0,Opening
E100358,2021-04-01,549000.0,Annual
E100358,2022-04-01,632000.0,Annual
E100358,2023-04-01,692000.0,Annual
E100358,2024-04-01,729000.0,Annual
E100358,2025-04-01,794000.0,Annual
E100359,2020-04-01,378000.0,Opening
E100359,2021-04-01,389000.0,Annual
E100359,2022-04-01,403000.0,Annual
E100359,2023-04-01,412000.0,Annual
E100360,2020-04-01,1211000.0,Opening
E100360,2021-04-01,1245000.0,Annual
E100360,2022-04-01,1286000.0,Annual
E100360,2023-04-01,1322000.0,Annual
E100360,2024-04-01,1390000.0,Annual
E100361,2020-04-01,1145000.0,Opening
E100361,2021-04-01,1237000.0,Annual
E100361,2022-04-01,1283000.0,Annual
E100361,2023-04-01,1317000.0,Annual
E100362,2021-04-01,1013000.0,Opening
E100362,2022-04-01,1158000.0,Annual
E100362,2023-04-01,1300000.0,Annual
E100363,2022-04-01,391000.0,Hire
E100363,2022-04-01,436000.0,Annual
E100363,2023-04-01,491000.0,Annual
E100363,2024-04-01,535000.0,Annual
E100364,2020-04-01,1905000.0,Opening
E100364,2021-04-01,2210000.0,Annual
E100364,2022-04-01,2577000.0,Annual
E100365,2022-04-01,462000.0,Hire
E100365,2023-04-01,510000.0,Annual
E100365,2024-04-01,557000.0,Annual
E100365,2025-04-01,608000.0,Annual
E100366,2020-04-01,490000.0,Opening
E100366,2021-04-01,529000.0,Annual
E100366,2022-04-01,586000.0,Annual
E100366,2023-04-01,698000.0,Promotion
E100366,2024-04-01,734000.0,Annual
E100367,2022-04-01,463000.0,Hire
E100367,2022-04-01,479000.0,Annual
E100368,2020-04-01,362000.0,Opening
E100368,2021-04-01,391000.0,Annual
E100368,2022-04-01,427000.0,Annual
E100369,2020-04-01,920000.0,Opening
E100369,2021-04-01,994000.0,Annual
E100369,2022-04-01,1159000.0,Annual
E100370,2020-04-01,359000.0,Opening
E100370,2021-04-01,388000.0,Annual
E100370,2022-04-01,443000.0,Annual
E100370,2023-04-01,523000.0,Promotion
E100370,2024-04-01,563000.0,Annual
E100370,2025-04-01,611000.0,Annual
E100371,2020-04-01,2991000.0,Opening
E100371,2021-04-01,3338000.0,Annual
E100371,2022-04-01,4041000.0,Promotion
E100371,2023-04-01,4644000.0,Annual
E100371,2024-04-01,4911000.0,Annual
E100371,2025-04-01,5315000.0,Annual
E100372,2020-04-01,421000.0,Opening
E100372,2021-04-01,455000.0,Annual
E100372,2022-04-01,455000.0,Annual
E100373,2020-04-01,851000.0,Opening
E100373,2021-04-01,950000.0,Annual
E100373,2022-04-01,986000.0,Annual
E100373,2023-04-01,1055000.0,Annual
E100373,2024-04-01,1119000.0,Annual
E100374,2020-04-01,735000.0,Opening
E100374,2021-04-01,820000.0,Annual
E100374,2022-04-01,999000.0,Annual
E100374,2023-04-01,1100000.0,Annual
E100374,2024-04-01,1283000.0,Promotion
E100375,2022-04-01,942000.0,Hire
E100375,2022-04-01,1026000.0,Annual
E100375,2023-04-01,1126000.0,Annual
E100375,2024-04-01,1195000.0,Annual
E100375,2025-04-01,1304000.0,Annual
E100376,2020-04-01,786000.0,Opening
E100376,2021-04-01,877000.0,Annual
E100376,2022-04-01,962000.0,Annual
E100376,2023-04-01,1025000.0,Annual
E100376,2024-04-01,1093000.0,Annual
E100376,2025-04-01,1190000.0,Annual
E100377,2022-04-01,446000.0,Hire
E100377,2022-04-01,518000.0,Annual
E100377,2023-04-01,592000.0,Annual
E100377,2024-04-01,650000.0,Annual
E100377,2025-04-01,746000.0,Annual
E100378,2021-04-01,703000.0,Opening
E100378,2022-04-01,764000.0,Annual
E100378,2023-04-01,784000.0,Annual
E100378,2024-04-01,801000.0,Annual
E100378,2025-04-01,857000.0,Annual
E100379,2020-04-01,410000.0,Opening
E100379,2021-04-01,458000.0,Annual
E100379,2022-04-01,534000.0,Annual
E100380,2020-04-01,450000.0,Opening
E100380,2021-04-01,502000.0,Annual
E100380,2022-04-01,611000.0,Annual
E100380,2023-04-01,671000.0,Annual
E100380,2024-04-01,707000.0,Annual
E100380,2025-04-01,845000.0,Promotion
E100381,2020-04-01,1736000.0,Opening
E100381,2021-04-01,1937000.0,Annual
E100381,2022-04-01,2103000.0,Annual
E100382,2020-04-01,396000.0,Opening
E100382,2021-04-01,407000.0,Annual
E100382,2022-04-01,453000.0,Annual
E100383,2020-04-01,424000.0,Opening
E100383,2021-04-01,473000.0,Annual
E100383,2022-04-01,540000.0,Annual
E100383,2023-04-01,597000.0,Annual
E100383,2024-04-01,629000.0,Annual
E100383,2025-04-01,758000.0,Promotion
E100384,2020-04-01,1436000.0,Opening
E100384,2021-04-01,1551000.0,Annual
E100384,2022-04-01,1710000.0,Annual
E100384,2023-04-01,2027000.0,Promotion
E100384,2024-04-01,2131000.0,Annual
E100384,2025-04-01,2303000.0,Annual
E100385,2020-04-01,1633000.0,Opening
E100385,2021-04-01,1764000.0,Annual
E100385,2022-04-01,1947000.0,Annual
E100385,2023-04-01,2161000.0,Annual
E100385,2024-04-01,2275000.0,Annual
E100385,2025-04-01,2461000.0,Annual
E100386,2020-04-01,419000.0,Opening
E100386,2021-04-01,468000.0,Annual
E100386,2022-04-01,547000.0,Promotion
E100386,2023-04-01,623000.0,Annual
E100386,2024-04-01,682000.0,Annual
E100386,2025-04-01,728000.0,Annual
E100387,2020-04-01,653000.0,Opening
E100387,2021-04-01,671000.0,Annual
E100387,2022-04-01,732000.0,Annual
E100387,2023-04-01,784000.0,Annual
E100387,2024-04-01,828000.0,Annual
E100387,2025-04-01,848000.0,Annual
E100388,2020-04-01,1224000.0,Opening
E100388,2021-04-01,1322000.0,Annual
E100388,2022-04-01,1435000.0,Annual
E100388,2023-04-01,1644000.0,Annual
E100388,2024-04-01,1675000.0,Annual
E100389,2020-04-01,1253000.0,Opening
E100389,2021-04-01,1353000.0,Annual
E100389,2022-04-01,1527000.0,Annual
E100389,2023-04-01,1562000.0,Annual
E100389,2024-04-01,1644000.0,Annual
E100389,2025-04-01,1746000.0,Annual
E100390,2021-04-01,603000.0,Opening
E100390,2022-04-01,603000.0,Annual
E100390,2023-04-01,617000.0,Annual
E100390,2024-04-01,658000.0,Annual
E100391,2022-04-01,462000.0,Hire
E100392,2020-04-01,427000.0,Opening
E100392,2021-04-01,461000.0,Annual
E100392,2022-04-01,509000.0,Annual
E100392,2023-04-01,548000.0,Annual
E100393,2020-04-01,1357000.0,Opening
E100393,2021-04-01,1466000.0,Annual
E100393,2022-04-01,1612000.0,Annual
E100393,2023-04-01,1710000.0,Annual
E100393,2024-04-01,1749000.0,Annual
E100394,2020-04-01,1185000.0,Opening
E100394,2021-04-01,1280000.0,Annual
E100394,2022-04-01,1495000.0,Promotion
E100394,2023-04-01,1609000.0,Annual
E100394,2024-04-01,1697000.0,Annual
E100394,2025-04-01,1800000.0,Annual
E100395,2020-04-01,2271000.0,Opening
E100395,2021-04-01,2453000.0,Annual
E100395,2022-04-01,2540000.0,Annual
E100396,2020-04-01,1245000.0,Opening
E100396,2021-04-01,1345000.0,Annual
E100396,2022-04-01,1345000.0,Annual
E100396,2023-04-01,1345000.0,Annual
E100397,2020-04-01,690000.0,Opening
E100397,2021-04-01,745000.0,Annual
E100397,2022-04-01,774000.0,Annual
E100398,2020-04-01,363000.0,Opening
E100398,2021-04-01,373000.0,Annual
E100398,2022-04-01,385000.0,Annual
E100398,2023-04-01,394000.0,Annual
E100398,2024-04-01,418000.0,Annual
E100398,2025-04-01,418000.0,Annual
E100399,2020-04-01,1947000.0,Opening
E100399,2021-04-01,2173000.0,Annual
E100399,2022-04-01,2402000.0,Annual
E100399,2023-04-01,2659000.0,Annual
E100399,2024-04-01,3024000.0,Annual
E100399,2025-04-01,3083000.0,Annual
E100400,2020-04-01,1398000.0,Opening
E100400,2021-04-01,1437000.0,Annual
E100400,2022-04-01,1489000.0,Annual
E100400,2023-04-01,1530000.0,Annual
E100400,2024-04-01,1559000.0,Annual
E100400,2025-04-01,1674000.0,Annual
E100401,2021-04-01,736000.0,Opening
E100401,2022-04-01,840000.0,Annual
E100401,2023-04-01,928000.0,Annual
E100401,2024-04-01,1016000.0,Annual
E100401,2025-04-01,1110000.0,Annual
E100402,2021-04-01,1370000.0,Opening
E100402,2022-04-01,1494000.0,Annual
E100403,2021-04-01,686000.0,Opening
E100403,2022-04-01,783000.0,Annual
E100403,2023-04-01,908000.0,Annual
E100404,2020-04-01,578000.0,Opening
E100404,2021-04-01,624000.0,Annual
E100404,2022-04-01,690000.0,Annual
E100404,2023-04-01,754000.0,Annual
E100404,2024-04-01,803000.0,Annual
E100404,2025-04-01,884000.0,Annual
E100405,2021-04-01,670000.0,Opening
E100405,2022-04-01,794000.0,Annual
E100406,2020-04-01,650000.0,Opening
E100406,2021-04-01,668000.0,Annual
E100406,2022-04-01,695000.0,Annual
E100406,2023-04-01,714000.0,Annual
E100406,2024-04-01,729000.0,Annual
E100406,2025-04-01,852000.0,Promotion
E100407,2020-04-01,1135000.0,Opening
E100407,2021-04-01,1267000.0,Annual
E100407,2022-04-01,1379000.0,Annual
E100408,2020-04-01,3130000.0,Opening
E100408,2021-04-01,3493000.0,Annual
E100408,2022-04-01,4047000.0,Annual
E100408,2023-04-01,4511000.0,Annual
E100408,2024-04-01,4764000.0,Annual
E100408,2025-04-01,5054000.0,Annual
E100409,2020-04-01,1905000.0,Opening
E100409,2021-04-01,2057000.0,Annual
E100409,2022-04-01,2127000.0,Annual
E100409,2023-04-01,2273000.0,Annual
E100409,2024-04-01,2412000.0,Annual
E100409,2025-04-01,2850000.0,Promotion
E100410,2020-04-01,887000.0,Opening
E100410,2021-04-01,958000.0,Annual
E100410,2022-04-01,1117000.0,Promotion
E100411,2021-04-01,891000.0,Opening
E100411,2022-04-01,980000.0,Annual
E100412,2020-04-01,2957000.0,Opening
E100412,2021-04-01,3040000.0,Annual
E100412,2022-04-01,3040000.0,Annual
E100412,2023-04-01,3226000.0,Annual
E100412,2024-04-01,3419000.0,Annual
E100412,2025-04-01,3419000.0,Annual
E100413,2021-04-01,709000.0,Opening
E100413,2022-04-01,773000.0,Annual
E100413,2023-04-01,841000.0,Annual
E100413,2024-04-01,894000.0,Annual
E100413,2025-04-01,959000.0,Annual
E100414,2020-04-01,1407000.0,Opening
E100414,2021-04-01,1570000.0,Annual
E100414,2022-04-01,1727000.0,Annual
E100414,2023-04-01,1861000.0,Annual
E100414,2024-04-01,2038000.0,Annual
E100414,2025-04-01,2155000.0,Annual
E100415,2020-04-01,379000.0,Opening
E100415,2021-04-01,409000.0,Annual
E100415,2022-04-01,450000.0,Annual
E100415,2023-04-01,450000.0,Annual
E100415,2024-04-01,450000.0,Annual
E100415,2025-04-01,460000.0,Annual
E100416,2021-04-01,704000.0,Opening
E100416,2022-04-01,772000.0,Annual
E100416,2023-04-01,822000.0,Annual
E100416,2024-04-01,838000.0,Annual
E100416,2025-04-01,855000.0,Annual
E100417,2020-04-01,707000.0,Opening
E100417,2021-04-01,764000.0,Annual
E100417,2022-04-01,839000.0,Annual
E100418,2021-04-01,1874000.0,Opening
E100418,2022-04-01,2228000.0,Annual
E100418,2023-04-01,2542000.0,Annual
E100418,2024-04-01,2770000.0,Annual
E100418,2025-04-01,3364000.0,Promotion
E100419,2020-04-01,1896000.0,Opening
E100419,2021-04-01,2048000.0,Annual
E100419,2022-04-01,2048000.0,Annual
E100419,2023-04-01,2048000.0,Annual
E100420,2020-04-01,460000.0,Opening
E100420,2021-04-01,497000.0,Annual
E100420,2022-04-01,516000.0,Annual
E100420,2023-04-01,529000.0,Annual
E100420,2024-04-01,529000.0,Annual
E100421,2021-04-01,601000.0,Opening
E100421,2022-04-01,666000.0,Annual
E100421,2023-04-01,682000.0,Annual
E100421,2024-04-01,725000.0,Annual
E100421,2025-04-01,776000.0,Annual
E100422,2020-04-01,1390000.0,Opening
E100422,2021-04-01,1551000.0,Annual
E100422,2022-04-01,1716000.0,Annual
E100423,2022-04-01,470000.0,Hire
E100423,2022-04-01,544000.0,Annual
E100423,2023-04-01,587000.0,Annual
E100424,2020-04-01,2182000.0,Opening
E100424,2021-04-01,2357000.0,Annual
E100424,2022-04-01,2712000.0,Promotion
E100424,2023-04-01,2919000.0,Annual
E100424,2024-04-01,3306000.0,Annual
E100424,2025-04-01,3765000.0,Annual
E100425,2020-04-01,777000.0,Opening
E100425,2021-04-01,799000.0,Annual
E100425,2022-04-01,877000.0,Annual
E100425,2023-04-01,989000.0,Annual
E100425,2024-04-01,1050000.0,Annual
E100425,2025-04-01,1123000.0,Annual
E100426,2020-04-01,2370000.0,Opening
E100426,2021-04-01,2560000.0,Annual
E100426,2022-04-01,2838000.0,Annual
E100426,2023-04-01,2909000.0,Annual
E100426,2024-04-01,2962000.0,Annual
E100427,2022-04-01,553000.0,Hire
E100427,2022-04-01,611000.0,Annual
E100427,2023-04-01,611000.0,Annual
E100427,2024-04-01,647000.0,Annual
E100427,2025-04-01,689000.0,Annual
E100428,2020-04-01,800000.0,Opening
E100428,2021-04-01,893000.0,Annual
E100428,2022-04-01,1013000.0,Annual
E100428,2023-04-01,1139000.0,Annual
E100429,2021-04-01,820000.0,Opening
E100429,2022-04-01,941000.0,Annual
E100429,2023-04-01,1010000.0,Annual
E100429,2024-04-01,1070000.0,Annual
E100429,2025-04-01,1135000.0,Annual
E100430,2020-04-01,1162000.0,Opening
E100430,2021-04-01,1255000.0,Annual
E100430,2022-04-01,1383000.0,Annual
E100430,2023-04-01,1490000.0,Annual
E100430,2024-04-01,1612000.0,Annual
E100431,2021-04-01,769000.0,Opening
E100431,2022-04-01,840000.0,Annual
E100432,2021-04-01,787000.0,Opening
E100432,2022-04-01,895000.0,Annual
E100432,2023-04-01,991000.0,Annual
E100432,2024-04-01,1072000.0,Annual
E100432,2025-04-01,1287000.0,Promotion
E100433,2020-04-01,683000.0,Opening
E100433,2021-04-01,738000.0,Annual
E100433,2022-04-01,804000.0,Annual
E100433,2023-04-01,858000.0,Annual
E100434,2020-04-01,552000.0,Opening
E100434,2021-04-01,596000.0,Annual
E100434,2022-04-01,655000.0,Annual
E100434,2023-04-01,670000.0,Annual
E100435,2020-04-01,863000.0,Opening
E100435,2021-04-01,887000.0,Annual
E100435,2022-04-01,984000.0,Annual
E100435,2023-04-01,984000.0,Annual
E100435,2024-04-01,1037000.0,Annual
E100435,2025-04-01,1064000.0,Annual
E100436,2020-04-01,1909000.0,Opening
E100436,2021-04-01,2130000.0,Annual
E100436,2022-04-01,2312000.0,Annual
E100436,2023-04-01,2769000.0,Promotion
E100436,2024-04-01,2937000.0,Annual
E100436,2025-04-01,3191000.0,Annual
E100437,2020-04-01,672000.0,Opening
E100437,2021-04-01,726000.0,Annual
E100437,2022-04-01,799000.0,Annual
E100437,2023-04-01,854000.0,Annual
E100438,2021-04-01,606000.0,Opening
E100438,2022-04-01,686000.0,Annual
E100438,2023-04-01,740000.0,Annual
E100439,2021-04-01,412000.0,Opening
E100439,2022-04-01,501000.0,Annual
E100439,2023-04-01,546000.0,Annual
E100439,2024-04-01,582000.0,Annual
E100440,2020-04-01,394000.0,Opening
E100440,2021-04-01,426000.0,Annual
E100440,2022-04-01,462000.0,Annual
E100440,2023-04-01,498000.0,Annual
E100440,2024-04-01,526000.0,Annual
E100440,2025-04-01,557000.0,Annual
E100441,2020-04-01,2943000.0,Opening
E100441,2021-04-01,3025000.0,Annual
E100441,2022-04-01,3025000.0,Annual
E100442,2020-04-01,551000.0,Opening
E100442,2021-04-01,639000.0,Annual
E100442,2022-04-01,768000.0,Annual
E100442,2023-04-01,890000.0,Annual
E100442,2024-04-01,1072000.0,Promotion
E100443,2020-04-01,2391000.0,Opening
E100443,2021-04-01,2668000.0,Annual
E100443,2022-04-01,3234000.0,Promotion
E100444,2020-04-01,669000.0,Opening
E100444,2021-04-01,723000.0,Annual
E100444,2022-04-01,785000.0,Annual
E100444,2023-04-01,844000.0,Annual
E100444,2024-04-01,897000.0,Annual
E100444,2025-04-01,1056000.0,Promotion
E100445,2020-04-01,4471000.0,Opening
E100445,2021-04-01,4829000.0,Annual
E100445,2022-04-01,5276000.0,Annual
E100445,2023-04-01,5627000.0,Annual
E100445,2024-04-01,6280000.0,Annual
E100446,2020-04-01,372000.0,Opening
E100446,2021-04-01,402000.0,Annual
E100446,2022-04-01,402000.0,Annual
E100446,2023-04-01,402000.0,Annual
E100447,2020-04-01,2682000.0,Opening
E100447,2021-04-01,2993000.0,Annual
E100447,2022-04-01,3252000.0,Annual
E100447,2023-04-01,3464000.0,Annual
E100447,2024-04-01,3725000.0,Annual
E100447,2025-04-01,4000000.0,Annual
E100448,2020-04-01,1309000.0,Opening
E100448,2021-04-01,1414000.0,Annual
E100448,2022-04-01,1589000.0,Annual
E100448,2023-04-01,1748000.0,Annual
E100448,2024-04-01,1861000.0,Annual
E100448,2025-04-01,2011000.0,Annual
E100449,2020-04-01,645000.0,Opening
E100449,2021-04-01,748000.0,Annual
E100449,2022-04-01,842000.0,Annual
E100449,2023-04-01,997000.0,Promotion
E100450,2020-04-01,1500000.0,Opening
E100450,2021-04-01,1620000.0,Annual
E100450,2022-04-01,1780000.0,Annual
E100450,2023-04-01,1892000.0,Annual
E100450,2024-04-01,2052000.0,Annual
E100450,2025-04-01,2183000.0,Annual
E100451,2020-04-01,1300000.0,Opening
E100451,2021-04-01,1451000.0,Annual
E100451,2022-04-01,1705000.0,Promotion
E100451,2023-04-01,1836000.0,Annual
E100451,2024-04-01,1936000.0,Annual
E100451,2025-04-01,2052000.0,Annual
E100452,2020-04-01,766000.0,Opening
E100452,2021-04-01,787000.0,Annual
E100452,2022-04-01,815000.0,Annual
E100452,2023-04-01,833000.0,Annual
E100453,2020-04-01,1849000.0,Opening
E100453,2021-04-01,1997000.0,Annual
E100453,2022-04-01,2221000.0,Annual
E100453,2023-04-01,2271000.0,Annual
E100453,2024-04-01,2322000.0,Annual
E100453,2025-04-01,2471000.0,Annual
E100454,2020-04-01,463000.0,Opening
E100454,2021-04-01,463000.0,Annual
E100454,2022-04-01,480000.0,Annual
E100454,2023-04-01,491000.0,Annual
E100454,2024-04-01,520000.0,Annual
E100454,2025-04-01,520000.0,Annual
E100455,2022-04-01,443000.0,Hire
E100455,2022-04-01,533000.0,Annual
E100456,2020-04-01,1223000.0,Opening
E100456,2021-04-01,1321000.0,Annual
E100456,2022-04-01,1454000.0,Annual
E100456,2023-04-01,1554000.0,Annual
E100456,2024-04-01,1661000.0,Annual
E100456,2025-04-01,1771000.0,Annual
E100457,2020-04-01,589000.0,Opening
E100457,2021-04-01,636000.0,Annual
E100457,2022-04-01,691000.0,Annual
E100457,2023-04-01,791000.0,Annual
E100458,2020-04-01,1947000.0,Opening
E100458,2021-04-01,2173000.0,Annual
E100458,2022-04-01,2382000.0,Annual
E100458,2023-04-01,2607000.0,Annual
E100458,2024-04-01,2655000.0,Annual
E100458,2025-04-01,2893000.0,Annual
E100459,2022-04-01,587000.0,Hire
E100459,2023-04-01,631000.0,Annual
E100459,2024-04-01,665000.0,Annual
E100459,2025-04-01,712000.0,Annual
E100460,2020-04-01,1101000.0,Opening
E100460,2021-04-01,1189000.0,Annual
E100460,2022-04-01,1228000.0,Annual
E100460,2023-04-01,1254000.0,Annual
E100461,2020-04-01,5351000.0,Opening
E100461,2021-04-01,5501000.0,Annual
E100461,2022-04-01,5973000.0,Annual
E100461,2023-04-01,6556000.0,Annual
E100461,2024-04-01,6919000.0,Annual
E100461,2025-04-01,7400000.0,Annual
E100462,2020-04-01,2211000.0,Opening
E100462,2021-04-01,2273000.0,Annual
E100462,2022-04-01,2358000.0,Annual
E100463,2020-04-01,3554000.0,Opening
E100463,2021-04-01,3966000.0,Annual
E100463,2022-04-01,4788000.0,Promotion
E100463,2023-04-01,5112000.0,Annual
E100463,2024-04-01,5641000.0,Annual
E100463,2025-04-01,6010000.0,Annual
E100464,2020-04-01,358000.0,Opening
E100464,2021-04-01,387000.0,Annual
E100464,2022-04-01,421000.0,Annual
E100464,2023-04-01,451000.0,Annual
E100464,2024-04-01,525000.0,Promotion
E100464,2025-04-01,558000.0,Annual
E100465,2021-04-01,351000.0,Opening
E100465,2022-04-01,382000.0,Annual
E100466,2020-04-01,480000.0,Opening
E100466,2021-04-01,518000.0,Annual
E100466,2022-04-01,600000.0,Promotion
E100467,2020-04-01,756000.0,Opening
E100467,2021-04-01,844000.0,Annual
E100467,2022-04-01,979000.0,Promotion
E100467,2023-04-01,1131000.0,Annual
E100467,2024-04-01,1193000.0,Annual
E100468,2022-04-01,492000.0,Hire
E100469,2022-04-01,333000.0,Hire
E100469,2022-04-01,368000.0,Annual
E100469,2023-04-01,391000.0,Annual
E100470,2021-04-01,428000.0,Opening
E100470,2022-04-01,443000.0,Annual
E100470,2023-04-01,477000.0,Annual
E100470,2024-04-01,509000.0,Annual
E100470,2025-04-01,540000.0,Annual
E100471,2020-04-01,2896000.0,Opening
E100471,2021-04-01,3128000.0,Annual
E100471,2022-04-01,3449000.0,Annual
E100471,2023-04-01,3720000.0,Annual
E100471,2024-04-01,3973000.0,Annual
E100471,2025-04-01,4063000.0,Annual
E100472,2021-04-01,667000.0,Opening
E100472,2022-04-01,731000.0,Annual
E100473,2020-04-01,1283000.0,Opening
E100473,2021-04-01,1488000.0,Annual
E100473,2022-04-01,1742000.0,Annual
E100473,2023-04-01,1904000.0,Annual
E100473,2024-04-01,2054000.0,Annual
E100473,2025-04-01,2297000.0,Annual
E100474,2020-04-01,656000.0,Opening
E100474,2021-04-01,708000.0,Annual
E100474,2022-04-01,781000.0,Annual
E100474,2023-04-01,856000.0,Annual
E100474,2024-04-01,907000.0,Annual
E100474,2025-04-01,975000.0,Annual
E100475,2020-04-01,1186000.0,Opening
E100475,2021-04-01,1281000.0,Annual
E100475,2022-04-01,1575000.0,Annual
E100475,2023-04-01,1681000.0,Annual
E100475,2024-04-01,1769000.0,Annual
E100475,2025-04-01,1881000.0,Annual
E100476,2020-04-01,969000.0,Opening
E100476,2021-04-01,1047000.0,Annual
E100476,2022-04-01,1145000.0,Annual
E100476,2023-04-01,1223000.0,Annual
E100476,2024-04-01,1337000.0,Annual
E100476,2025-04-01,1455000.0,Annual
E100477,2020-04-01,544000.0,Opening
E100477,2021-04-01,588000.0,Annual
E100477,2022-04-01,691000.0,Annual
E100477,2023-04-01,768000.0,Annual
E100477,2024-04-01,820000.0,Annual
E100477,2025-04-01,880000.0,Annual
E100478,2020-04-01,579000.0,Opening
E100478,2021-04-01,625000.0,Annual
E100478,2022-04-01,720000.0,Annual
E100478,2023-04-01,769000.0,Annual
E100478,2024-04-01,819000.0,Annual
E100478,2025-04-01,835000.0,Annual
E100479,2020-04-01,357000.0,Opening
E100479,2021-04-01,367000.0,Annual
E100479,2022-04-01,367000.0,Annual
E100479,2023-04-01,391000.0,Annual
E100480,2020-04-01,447000.0,Opening
E100480,2021-04-01,483000.0,Annual
E100480,2022-04-01,556000.0,Annual
E100480,2023-04-01,595000.0,Annual
E100480,2024-04-01,648000.0,Annual
E100481,2022-04-01,546000.0,Hire
E100481,2022-04-01,645000.0,Annual
E100481,2023-04-01,689000.0,Annual
E100481,2024-04-01,747000.0,Annual
E100481,2025-04-01,822000.0,Annual
E100482,2020-04-01,730000.0,Opening
E100482,2021-04-01,815000.0,Annual
E100482,2022-04-01,947000.0,Annual
E100482,2023-04-01,1017000.0,Annual
E100482,2024-04-01,1083000.0,Annual
E100483,2021-04-01,724000.0,Opening
E100483,2022-04-01,828000.0,Annual
E100484,2020-04-01,652000.0,Opening
E100484,2021-04-01,670000.0,Annual
E100484,2022-04-01,695000.0,Annual
E100484,2023-04-01,711000.0,Annual
E100485,2020-04-01,806000.0,Opening
E100485,2021-04-01,870000.0,Annual
E100485,2022-04-01,994000.0,Annual
E100485,2023-04-01,1066000.0,Annual
E100485,2024-04-01,1125000.0,Annual
E100485,2025-04-01,1189000.0,Annual
E100486,2020-04-01,799000.0,Opening
E100486,2021-04-01,863000.0,Annual
E100486,2022-04-01,1005000.0,Promotion
E100486,2023-04-01,1071000.0,Annual
E100486,2024-04-01,1138000.0,Annual
E100486,2025-04-01,1223000.0,Annual
E100487,2020-04-01,1913000.0,Opening
E100487,2021-04-01,1913000.0,Annual
E100487,2022-04-01,2078000.0,Annual
E100487,2023-04-01,2078000.0,Annual
E100488,2022-04-01,426000.0,Hire
E100488,2022-04-01,484000.0,Annual
E100488,2023-04-01,559000.0,Annual
E100488,2024-04-01,590000.0,Annual
E100488,2025-04-01,645000.0,Annual
E100489,2020-04-01,321000.0,Opening
E100489,2021-04-01,358000.0,Annual
E100489,2022-04-01,412000.0,Annual
E100489,2023-04-01,440000.0,Annual
E100490,2020-04-01,408000.0,Opening
E100490,2021-04-01,441000.0,Annual
E100490,2022-04-01,484000.0,Annual
E100490,2023-04-01,521000.0,Annual
E100490,2024-04-01,532000.0,Annual
E100490,2025-04-01,577000.0,Annual
E100491,2020-04-01,1746000.0,Opening
E100491,2021-04-01,1949000.0,Annual
E100491,2022-04-01,2305000.0,Promotion
E100491,2023-04-01,2461000.0,Annual
E100491,2024-04-01,2987000.0,Promotion
E100491,2025-04-01,3396000.0,Annual
E100492,2020-04-01,1147000.0,Opening
E100492,2021-04-01,1239000.0,Annual
E100492,2022-04-01,1377000.0,Annual
E100492,2023-04-01,1522000.0,Annual
E100492,2024-04-01,1659000.0,Annual
E100493,2020-04-01,1252000.0,Opening
E100493,2021-04-01,1397000.0,Annual
E100493,2022-04-01,1700000.0,Annual
E100493,2023-04-01,1883000.0,Annual
E100493,2024-04-01,2068000.0,Annual
E100493,2025-04-01,2187000.0,Annual
E100494,2020-04-01,2694000.0,Opening
E100494,2021-04-01,2769000.0,Annual
E100494,2022-04-01,3358000.0,Promotion
E100494,2023-04-01,3595000.0,Annual
E100494,2024-04-01,3779000.0,Annual
E100494,2025-04-01,4014000.0,Annual
E100495,2022-04-01,388000.0,Hire
E100496,2020-04-01,3311000.0,Opening
E100496,2021-04-01,3576000.0,Annual
E100496,2022-04-01,4359000.0,Promotion
E100496,2023-04-01,4654000.0,Annual
E100496,2024-04-01,5087000.0,Annual
E100496,2025-04-01,5436000.0,Annual
E100497,2021-04-01,380000.0,Opening
E100497,2022-04-01,429000.0,Annual
E100497,2023-04-01,483000.0,Annual
E100497,2024-04-01,579000.0,Promotion
E100497,2025-04-01,653000.0,Annual
E100498,2020-04-01,672000.0,Opening
E100498,2021-04-01,691000.0,Annual
E100498,2022-04-01,691000.0,Annual
E100498,2023-04-01,708000.0,Annual
E100499,2020-04-01,1144000.0,Opening
E100499,2021-04-01,1236000.0,Annual
E100499,2022-04-01,1471000.0,Promotion
E100499,2023-04-01,1502000.0,Annual
E100499,2024-04-01,1535000.0,Annual
E100499,2025-04-01,1635000.0,Annual
E100500,2020-04-01,1099000.0,Opening
E100500,2021-04-01,1187000.0,Annual
E100500,2022-04-01,1406000.0,Promotion
E100501,2021-04-01,511000.0,Opening
E100501,2022-04-01,557000.0,Annual
E100502,2021-04-01,863000.0,Opening
E100502,2022-04-01,950000.0,Annual
E100502,2023-04-01,1105000.0,Promotion
E100502,2024-04-01,1170000.0,Annual
E100502,2025-04-01,1277000.0,Annual
E100503,2020-04-01,417000.0,Opening
E100503,2021-04-01,450000.0,Annual
E100503,2022-04-01,498000.0,Annual
E100503,2023-04-01,534000.0,Annual
E100503,2024-04-01,564000.0,Annual
E100503,2025-04-01,597000.0,Annual
E100504,2022-04-01,466000.0,Hire
E100504,2022-04-01,512000.0,Annual
E100504,2023-04-01,544000.0,Annual
E100505,2020-04-01,4678000.0,Opening
E100505,2021-04-01,5221000.0,Annual
E100505,2022-04-01,6047000.0,Annual
E100505,2023-04-01,6477000.0,Annual
E100505,2024-04-01,6819000.0,Annual
E100505,2025-04-01,7207000.0,Annual
E100506,2020-04-01,1761000.0,Opening
E100506,2021-04-01,1902000.0,Annual
E100506,2022-04-01,2119000.0,Annual
E100506,2023-04-01,2282000.0,Annual
E100506,2024-04-01,2469000.0,Annual
E100506,2025-04-01,2530000.0,Annual
E100507,2022-04-01,679000.0,Hire
E100507,2022-04-01,783000.0,Annual
E100507,2023-04-01,851000.0,Annual
E100507,2024-04-01,906000.0,Annual
E100507,2025-04-01,993000.0,Annual
E100508,2020-04-01,1403000.0,Opening
E100508,2021-04-01,1515000.0,Annual
E100508,2022-04-01,1572000.0,Annual
E100508,2023-04-01,1690000.0,Annual
E100508,2024-04-01,1721000.0,Annual
E100509,2020-04-01,2143000.0,Opening
E100509,2021-04-01,2392000.0,Annual
E100509,2022-04-01,2620000.0,Annual
E100509,2023-04-01,2822000.0,Annual
E100509,2024-04-01,2971000.0,Annual
E100509,2025-04-01,3149000.0,Annual
E100510,2021-04-01,857000.0,Opening
E100510,2022-04-01,857000.0,Annual
E100511,2020-04-01,5552000.0,Opening
E100511,2021-04-01,6196000.0,Annual
E100511,2022-04-01,6808000.0,Annual
E100511,2023-04-01,7228000.0,Annual
E100511,2024-04-01,7642000.0,Annual
E100511,2025-04-01,8094000.0,Annual
E100512,2021-04-01,823000.0,Opening
E100512,2022-04-01,935000.0,Annual
E100512,2023-04-01,1096000.0,Promotion
E100513,2021-04-01,294000.0,Opening
E100513,2022-04-01,325000.0,Annual
E100514,2021-04-01,753000.0,Opening
E100514,2022-04-01,877000.0,Annual
E100515,2022-04-01,873000.0,Hire
E100515,2022-04-01,902000.0,Annual
E100515,2023-04-01,963000.0,Annual
E100515,2024-04-01,981000.0,Annual
E100516,2020-04-01,1278000.0,Opening
E100516,2021-04-01,1426000.0,Annual
E100516,2022-04-01,1676000.0,Annual
E100516,2023-04-01,1951000.0,Promotion
E100516,2024-04-01,2113000.0,Annual
E100516,2025-04-01,2308000.0,Annual
E100517,2020-04-01,1185000.0,Opening
E100517,2021-04-01,1218000.0,Annual
E100517,2022-04-01,1327000.0,Annual
E100518,2020-04-01,383000.0,Opening
E100518,2021-04-01,444000.0,Annual
E100518,2022-04-01,491000.0,Annual
E100518,2023-04-01,539000.0,Annual
E100518,2024-04-01,645000.0,Promotion
E100518,2025-04-01,701000.0,Annual
E100519,2020-04-01,1050000.0,Opening
E100519,2021-04-01,1218000.0,Annual
E100519,2022-04-01,1334000.0,Annual
E100519,2023-04-01,1483000.0,Annual
E100519,2024-04-01,1617000.0,Annual
E100519,2025-04-01,1778000.0,Annual
E100520,2020-04-01,3726000.0,Opening
E100520,2021-04-01,4158000.0,Annual
E100520,2022-04-01,4953000.0,Promotion
E100520,2023-04-01,5496000.0,Annual
E100520,2024-04-01,6002000.0,Annual
E100520,2025-04-01,6518000.0,Annual
E100521,2020-04-01,1261000.0,Opening
E100521,2021-04-01,1261000.0,Annual
E100521,2022-04-01,1261000.0,Annual
E100521,2023-04-01,1336000.0,Annual
E100521,2024-04-01,1336000.0,Annual
E100521,2025-04-01,1366000.0,Annual
E100522,2020-04-01,3520000.0,Opening
E100522,2021-04-01,3928000.0,Annual
E100522,2022-04-01,4368000.0,Annual
E100522,2023-04-01,4628000.0,Annual
E100522,2024-04-01,4920000.0,Annual
E100522,2025-04-01,5279000.0,Annual
E100523,2021-04-01,697000.0,Opening
E100523,2022-04-01,768000.0,Annual
E100523,2023-04-01,768000.0,Annual
E100524,2020-04-01,1070000.0,Opening
E100524,2021-04-01,1156000.0,Annual
E100524,2022-04-01,1303000.0,Annual
E100525,2020-04-01,449000.0,Opening
E100525,2021-04-01,501000.0,Annual
E100525,2022-04-01,607000.0,Annual
E100525,2023-04-01,696000.0,Annual
E100525,2024-04-01,749000.0,Annual
E100525,2025-04-01,793000.0,Annual
E100526,2020-04-01,1846000.0,Opening
E100526,2021-04-01,2060000.0,Annual
E100526,2022-04-01,2287000.0,Annual
E100527,2020-04-01,781000.0,Opening
E100527,2021-04-01,872000.0,Annual
E100527,2022-04-01,951000.0,Annual
E100527,2023-04-01,1041000.0,Annual
E100527,2024-04-01,1095000.0,Annual
E100527,2025-04-01,1323000.0,Promotion
E100528,2020-04-01,1780000.0,Opening
E100528,2021-04-01,1922000.0,Annual
E100528,2022-04-01,2085000.0,Annual
E100528,2023-04-01,2217000.0,Annual
E100528,2024-04-01,2430000.0,Annual
E100529,2020-04-01,665000.0,Opening
E100529,2021-04-01,684000.0,Annual
E100529,2022-04-01,708000.0,Annual
E100529,2023-04-01,724000.0,Annual
E100529,2024-04-01,737000.0,Annual
E100529,2025-04-01,752000.0,Annual
E100530,2020-04-01,1164000.0,Opening
E100530,2021-04-01,1257000.0,Annual
E100530,2022-04-01,1306000.0,Annual
E100530,2023-04-01,1306000.0,Annual
E100530,2024-04-01,1383000.0,Annual
E100530,2025-04-01,1476000.0,Annual
E100531,2020-04-01,1727000.0,Opening
E100531,2021-04-01,1865000.0,Annual
E100531,2022-04-01,2052000.0,Annual
E100531,2023-04-01,2256000.0,Annual
E100532,2020-04-01,1262000.0,Opening
E100532,2021-04-01,1363000.0,Annual
E100532,2022-04-01,1602000.0,Annual
E100532,2023-04-01,1705000.0,Annual
E100532,2024-04-01,1873000.0,Annual
E100532,2025-04-01,1996000.0,Annual
E100533,2020-04-01,806000.0,Opening
E100533,2021-04-01,870000.0,Annual
E100533,2022-04-01,961000.0,Annual
E100533,2023-04-01,1022000.0,Annual
E100533,2024-04-01,1078000.0,Annual
E100533,2025-04-01,1170000.0,Annual
E100534,2020-04-01,2264000.0,Opening
E100534,2021-04-01,2527000.0,Annual
E100534,2022-04-01,2771000.0,Annual
E100534,2023-04-01,2954000.0,Annual
E100534,2024-04-01,3116000.0,Annual
E100534,2025-04-01,3380000.0,Annual
E100535,2021-04-01,360000.0,Opening
E100535,2022-04-01,413000.0,Annual
E100535,2023-04-01,454000.0,Annual
E100536,2021-04-01,456000.0,Opening
E100536,2022-04-01,499000.0,Annual
E100536,2023-04-01,538000.0,Annual
E100536,2024-04-01,549000.0,Annual
E100536,2025-04-01,587000.0,Annual
E100537,2020-04-01,644000.0,Opening
E100537,2021-04-01,696000.0,Annual
E100537,2022-04-01,757000.0,Annual
E100537,2023-04-01,774000.0,Annual
E100538,2020-04-01,3081000.0,Opening
E100538,2021-04-01,3327000.0,Annual
E100538,2022-04-01,3701000.0,Annual
E100538,2023-04-01,4412000.0,Promotion
E100538,2024-04-01,4698000.0,Annual
E100538,2025-04-01,4987000.0,Annual
E100539,2020-04-01,1306000.0,Opening
E100539,2021-04-01,1457000.0,Annual
E100539,2022-04-01,1620000.0,Annual
E100539,2023-04-01,1745000.0,Annual
E100540,2020-04-01,619000.0,Opening
E100540,2021-04-01,718000.0,Annual
E100540,2022-04-01,874000.0,Promotion
E100540,2023-04-01,952000.0,Annual
E100540,2024-04-01,1018000.0,Annual
E100541,2020-04-01,290000.0,Opening
E100541,2021-04-01,313000.0,Annual
E100541,2022-04-01,348000.0,Annual
E100542,2021-04-01,780000.0,Opening
E100542,2022-04-01,942000.0,Annual
E100542,2023-04-01,1112000.0,Promotion
E100543,2020-04-01,820000.0,Opening
E100543,2021-04-01,951000.0,Annual
E100543,2022-04-01,1086000.0,Annual
E100544,2020-04-01,675000.0,Opening
E100544,2021-04-01,729000.0,Annual
E100544,2022-04-01,798000.0,Annual
E100544,2023-04-01,861000.0,Annual
E100544,2024-04-01,997000.0,Promotion
E100544,2025-04-01,1060000.0,Annual
E100545,2021-04-01,643000.0,Opening
E100545,2022-04-01,700000.0,Annual
E100545,2023-04-01,764000.0,Annual
E100545,2024-04-01,822000.0,Annual
E100545,2025-04-01,880000.0,Annual
E100546,2020-04-01,377000.0,Opening
E100546,2021-04-01,407000.0,Annual
E100546,2022-04-01,421000.0,Annual
E100547,2020-04-01,1708000.0,Opening
E100547,2021-04-01,1756000.0,Annual
E100547,2022-04-01,1827000.0,Annual
E100547,2023-04-01,1942000.0,Annual
E100547,2024-04-01,2042000.0,Annual
E100548,2020-04-01,398000.0,Opening
E100548,2021-04-01,398000.0,Annual
E100548,2022-04-01,441000.0,Annual
E100548,2023-04-01,469000.0,Annual
E100549,2021-04-01,433000.0,Opening
E100549,2022-04-01,474000.0,Annual
E100550,2022-04-01,863000.0,Hire
E100550,2022-04-01,939000.0,Annual
E100550,2023-04-01,1007000.0,Annual
E100551,2020-04-01,2919000.0,Opening
E100551,2021-04-01,3153000.0,Annual
E100551,2022-04-01,3717000.0,Promotion
E100552,2020-04-01,455000.0,Opening
E100552,2021-04-01,528000.0,Annual
E100552,2022-04-01,639000.0,Promotion
E100552,2023-04-01,700000.0,Annual
E100552,2024-04-01,776000.0,Annual
E100552,2025-04-01,821000.0,Annual
E100553,2021-04-01,425000.0,Opening
E100553,2022-04-01,472000.0,Annual
E100554,2020-04-01,2732000.0,Opening
E100554,2021-04-01,3049000.0,Annual
E100554,2022-04-01,3350000.0,Annual
E100555,2020-04-01,591000.0,Opening
E100555,2021-04-01,638000.0,Annual
E100555,2022-04-01,663000.0,Annual
E100556,2020-04-01,1762000.0,Opening
E100556,2021-04-01,1903000.0,Annual
E100556,2022-04-01,2114000.0,Annual
E100556,2023-04-01,2114000.0,Annual
E100557,2022-04-01,383000.0,Hire
E100557,2023-04-01,408000.0,Annual
E100557,2024-04-01,431000.0,Annual
E100558,2020-04-01,1805000.0,Opening
E100558,2021-04-01,1949000.0,Annual
E100558,2022-04-01,2115000.0,Annual
E100558,2023-04-01,2256000.0,Annual
E100558,2024-04-01,2391000.0,Annual
E100558,2025-04-01,2534000.0,Annual
E100559,2020-04-01,392000.0,Opening
E100559,2021-04-01,437000.0,Annual
E100559,2022-04-01,453000.0,Annual
E100559,2023-04-01,522000.0,Promotion
E100559,2024-04-01,532000.0,Annual
E100560,2022-04-01,451000.0,Hire
E100560,2022-04-01,451000.0,Annual
E100560,2023-04-01,463000.0,Annual
E100561,2020-04-01,1056000.0,Opening
E100561,2021-04-01,1178000.0,Annual
E100561,2022-04-01,1309000.0,Annual
E100561,2023-04-01,1399000.0,Annual
E100561,2024-04-01,1478000.0,Annual
E100561,2025-04-01,1800000.0,Promotion
E100562,2020-04-01,5687000.0,Opening
E100562,2021-04-01,6347000.0,Annual
E100562,2022-04-01,6936000.0,Annual
E100562,2023-04-01,7696000.0,Annual
E100563,2020-04-01,3362000.0,Opening
E100563,2021-04-01,3631000.0,Annual
E100563,2022-04-01,3976000.0,Annual
E100563,2023-04-01,3976000.0,Annual
E100563,2024-04-01,4240000.0,Annual
E100563,2025-04-01,4549000.0,Annual
E100564,2020-04-01,1575000.0,Opening
E100564,2021-04-01,1758000.0,Annual
E100564,2022-04-01,1996000.0,Annual
E100564,2023-04-01,2425000.0,Promotion
E100564,2024-04-01,2610000.0,Annual
E100564,2025-04-01,2822000.0,Annual
E100565,2020-04-01,1895000.0,Opening
E100565,2021-04-01,2047000.0,Annual
E100565,2022-04-01,2047000.0,Annual
E100565,2023-04-01,2186000.0,Annual
E100565,2024-04-01,2226000.0,Annual
E100565,2025-04-01,2275000.0,Annual
E100566,2020-04-01,6116000.0,Opening
E100566,2021-04-01,6605000.0,Annual
E100566,2022-04-01,7279000.0,Annual
E100567,2020-04-01,666000.0,Opening
E100567,2021-04-01,719000.0,Annual
E100567,2022-04-01,797000.0,Annual
E100567,2023-04-01,873000.0,Annual
E100567,2024-04-01,939000.0,Annual
E100567,2025-04-01,962000.0,Annual
E100568,2020-04-01,393000.0,Opening
E100568,2021-04-01,439000.0,Annual
E100568,2022-04-01,489000.0,Annual
E100568,2023-04-01,501000.0,Annual
E100569,2020-04-01,1925000.0,Opening
E100569,2021-04-01,2079000.0,Annual
E100569,2022-04-01,2318000.0,Annual
E100570,2020-04-01,519000.0,Opening
E100570,2021-04-01,602000.0,Annual
E100570,2022-04-01,662000.0,Annual
E100571,2021-04-01,638000.0,Opening
E100571,2022-04-01,693000.0,Annual
E100571,2023-04-01,709000.0,Annual
E100571,2024-04-01,722000.0,Annual
E100572,2021-04-01,614000.0,Opening
E100572,2022-04-01,753000.0,Annual
E100572,2023-04-01,808000.0,Annual
E100572,2024-04-01,853000.0,Annual
E100572,2025-04-01,916000.0,Annual
E100573,2022-04-01,442000.0,Hire
E100573,2022-04-01,459000.0,Annual
E100573,2023-04-01,489000.0,Annual
E100573,2024-04-01,514000.0,Annual
E100574,2020-04-01,328000.0,Opening
E100574,2021-04-01,366000.0,Annual
E100574,2022-04-01,405000.0,Annual
E100574,2023-04-01,476000.0,Promotion
E100574,2024-04-01,503000.0,Annual
E100574,2025-04-01,532000.0,Annual
E100575,2022-04-01,429000.0,Hire
E100575,2022-04-01,485000.0,Annual
E100575,2023-04-01,520000.0,Annual
E100575,2024-04-01,554000.0,Annual
E100575,2025-04-01,606000.0,Annual
E100576,2020-04-01,636000.0,Opening
E100576,2021-04-01,710000.0,Annual
E100576,2022-04-01,776000.0,Annual
E100576,2023-04-01,793000.0,Annual
E100576,2024-04-01,844000.0,Annual
E100577,2020-04-01,1304000.0,Opening
E100577,2021-04-01,1408000.0,Annual
E100577,2022-04-01,1556000.0,Annual
E100577,2023-04-01,1678000.0,Annual
E100577,2024-04-01,1783000.0,Annual
E100577,2025-04-01,1900000.0,Annual
E100578,2020-04-01,3425000.0,Opening
E100578,2021-04-01,3699000.0,Annual
E100578,2022-04-01,4124000.0,Annual
E100578,2023-04-01,4374000.0,Annual
E100578,2024-04-01,4611000.0,Annual
E100578,2025-04-01,4877000.0,Annual
E100579,2020-04-01,1168000.0,Opening
E100579,2021-04-01,1261000.0,Annual
E100579,2022-04-01,1461000.0,Annual
E100579,2023-04-01,1576000.0,Annual
E100579,2024-04-01,1874000.0,Promotion
E100579,2025-04-01,2012000.0,Annual
E100580,2020-04-01,2823000.0,Opening
E100580,2021-04-01,2902000.0,Annual
E100580,2022-04-01,3171000.0,Annual
E100580,2023-04-01,3862000.0,Promotion
E100580,2024-04-01,4106000.0,Annual
E100580,2025-04-01,4376000.0,Annual
E100581,2020-04-01,1243000.0,Opening
E100581,2021-04-01,1387000.0,Annual
E100581,2022-04-01,1577000.0,Annual
E100581,2023-04-01,1690000.0,Annual
E100581,2024-04-01,1823000.0,Annual
E100581,2025-04-01,1943000.0,Annual
E100582,2021-04-01,1248000.0,Opening
E100582,2022-04-01,1287000.0,Annual
E100583,2020-04-01,739000.0,Opening
E100583,2021-04-01,798000.0,Annual
E100583,2022-04-01,869000.0,Annual
E100584,2022-04-01,537000.0,Hire
E100584,2022-04-01,623000.0,Annual
E100584,2023-04-01,720000.0,Promotion
E100584,2024-04-01,810000.0,Annual
E100585,2021-04-01,499000.0,Opening
E100585,2022-04-01,580000.0,Annual
E100585,2023-04-01,670000.0,Annual
E100585,2024-04-01,715000.0,Annual
E100585,2025-04-01,798000.0,Annual
E100586,2020-04-01,1601000.0,Opening
E100586,2021-04-01,1729000.0,Annual
E100586,2022-04-01,1789000.0,Annual
E100586,2023-04-01,2067000.0,Promotion
E100586,2024-04-01,2205000.0,Annual
E100586,2025-04-01,2329000.0,Annual
E100587,2021-04-01,436000.0,Opening
E100587,2022-04-01,479000.0,Annual
E100587,2023-04-01,490000.0,Annual
E100587,2024-04-01,516000.0,Annual
E100587,2025-04-01,553000.0,Annual
E100588,2020-04-01,1238000.0,Opening
E100588,2021-04-01,1337000.0,Annual
E100588,2022-04-01,1555000.0,Promotion
E100589,2020-04-01,702000.0,Opening
E100589,2021-04-01,814000.0,Annual
E100589,2022-04-01,929000.0,Annual
E100589,2023-04-01,1114000.0,Promotion
E100590,2020-04-01,398000.0,Opening
E100590,2021-04-01,398000.0,Annual
E100590,2022-04-01,411000.0,Annual
E100591,2020-04-01,698000.0,Opening
E100591,2021-04-01,718000.0,Annual
E100591,2022-04-01,790000.0,Annual
E100591,2023-04-01,837000.0,Annual
E100591,2024-04-01,991000.0,Promotion
E100591,2025-04-01,1049000.0,Annual
E100592,2020-04-01,680000.0,Opening
E100592,2021-04-01,734000.0,Annual
E100592,2022-04-01,815000.0,Annual
E100592,2023-04-01,836000.0,Annual
E100592,2024-04-01,888000.0,Annual
E100592,2025-04-01,943000.0,Annual
E100593,2021-04-01,472000.0,Opening
E100593,2022-04-01,487000.0,Annual
E100593,2023-04-01,571000.0,Promotion
E100593,2024-04-01,606000.0,Annual
E100593,2025-04-01,643000.0,Annual
E100594,2022-04-01,391000.0,Hire
E100594,2022-04-01,475000.0,Annual
E100594,2023-04-01,510000.0,Annual
E100595,2021-04-01,799000.0,Opening
E100595,2022-04-01,928000.0,Promotion
E100595,2023-04-01,1031000.0,Annual
E100595,2024-04-01,1099000.0,Annual
E100595,2025-04-01,1169000.0,Annual
E100596,2020-04-01,780000.0,Opening
E100596,2021-04-01,780000.0,Annual
E100596,2022-04-01,809000.0,Annual
E100596,2023-04-01,826000.0,Annual
E100596,2024-04-01,843000.0,Annual
E100597,2020-04-01,946000.0,Opening
E100597,2021-04-01,1022000.0,Annual
E100597,2022-04-01,1130000.0,Annual
E100598,2020-04-01,340000.0,Opening
E100598,2021-04-01,394000.0,Annual
E100598,2022-04-01,436000.0,Annual
E100599,2020-04-01,817000.0,Opening
E100599,2021-04-01,912000.0,Annual
E100599,2022-04-01,1005000.0,Annual
E100599,2023-04-01,1075000.0,Annual
E100599,2024-04-01,1271000.0,Promotion
E100599,2025-04-01,1376000.0,Annual
E100600,2020-04-01,703000.0,Opening
E100600,2021-04-01,785000.0,Annual
E100600,2022-04-01,809000.0,Annual
E100600,2023-04-01,866000.0,Annual
E100600,2024-04-01,886000.0,Annual
E100601,2020-04-01,2432000.0,Opening
E100601,2021-04-01,2627000.0,Annual
E100601,2022-04-01,2884000.0,Annual
E100601,2023-04-01,3182000.0,Annual
E100601,2024-04-01,3393000.0,Annual
E100601,2025-04-01,3619000.0,Annual
E100602,2020-04-01,450000.0,Opening
E100602,2021-04-01,502000.0,Annual
E100602,2022-04-01,585000.0,Annual
E100602,2023-04-01,709000.0,Promotion
E100602,2024-04-01,755000.0,Annual
E100603,2020-04-01,417000.0,Opening
E100603,2021-04-01,417000.0,Annual
E100603,2022-04-01,456000.0,Annual
E100603,2023-04-01,483000.0,Annual
E100603,2024-04-01,493000.0,Annual
E100603,2025-04-01,528000.0,Annual
E100604,2021-04-01,401000.0,Opening
E100604,2022-04-01,443000.0,Annual
E100604,2023-04-01,477000.0,Annual
E100604,2024-04-01,508000.0,Annual
E100604,2025-04-01,536000.0,Annual
E100605,2020-04-01,437000.0,Opening
E100605,2021-04-01,472000.0,Annual
E100605,2022-04-01,543000.0,Promotion
E100606,2021-04-01,513000.0,Opening
E100606,2022-04-01,565000.0,Annual
E100606,2023-04-01,606000.0,Annual
E100606,2024-04-01,640000.0,Annual
E100606,2025-04-01,679000.0,Annual
E100607,2020-04-01,309000.0,Opening
E100607,2021-04-01,334000.0,Annual
E100607,2022-04-01,387000.0,Annual
E100607,2023-04-01,418000.0,Annual
E100607,2024-04-01,442000.0,Annual
E100607,2025-04-01,486000.0,Annual
E100608,2022-04-01,457000.0,Hire
E100608,2023-04-01,522000.0,Annual
E100608,2024-04-01,566000.0,Annual
E100608,2025-04-01,639000.0,Annual
E100609,2021-04-01,362000.0,Opening
E100609,2022-04-01,399000.0,Annual
E100609,2023-04-01,408000.0,Annual
E100609,2024-04-01,418000.0,Annual
E100609,2025-04-01,508000.0,Promotion
E100610,2021-04-01,619000.0,Opening
E100610,2022-04-01,639000.0,Annual
E100610,2023-04-01,655000.0,Annual
E100610,2024-04-01,692000.0,Annual
E100610,2025-04-01,706000.0,Annual
E100611,2020-04-01,1039000.0,Opening
E100611,2021-04-01,1160000.0,Annual
E100611,2022-04-01,1388000.0,Annual
E100612,2020-04-01,610000.0,Opening
E100612,2021-04-01,659000.0,Annual
E100612,2022-04-01,659000.0,Annual
E100612,2023-04-01,702000.0,Annual
E100612,2024-04-01,718000.0,Annual
E100613,2021-04-01,402000.0,Opening
E100613,2022-04-01,443000.0,Annual
E100613,2023-04-01,472000.0,Annual
E100614,2021-04-01,394000.0,Opening
E100614,2022-04-01,449000.0,Annual
E100615,2021-04-01,369000.0,Opening
E100615,2022-04-01,438000.0,Annual
E100615,2023-04-01,479000.0,Annual
E100615,2024-04-01,561000.0,Promotion
E100615,2025-04-01,621000.0,Annual
E100616,2022-04-01,434000.0,Hire
E100616,2022-04-01,479000.0,Annual
E100616,2023-04-01,513000.0,Annual
E100617,2021-04-01,745000.0,Opening
E100617,2022-04-01,815000.0,Annual
E100618,2020-04-01,1563000.0,Opening
E100618,2021-04-01,1688000.0,Annual
E100618,2022-04-01,1902000.0,Annual
E100619,2020-04-01,1081000.0,Opening
E100619,2021-04-01,1206000.0,Annual
E100619,2022-04-01,1310000.0,Annual
E100619,2023-04-01,1551000.0,Promotion
E100619,2024-04-01,1730000.0,Annual
E100620,2022-04-01,448000.0,Hire
E100620,2022-04-01,463000.0,Annual
E100620,2023-04-01,495000.0,Annual
E100621,2020-04-01,384000.0,Opening
E100621,2021-04-01,445000.0,Annual
E100621,2022-04-01,526000.0,Annual
E100621,2023-04-01,630000.0,Promotion
E100621,2024-04-01,695000.0,Annual
E100622,2022-04-01,350000.0,Hire
E100622,2022-04-01,386000.0,Annual
E100622,2023-04-01,420000.0,Annual
E100622,2024-04-01,489000.0,Promotion
E100622,2025-04-01,558000.0,Annual
E100623,2020-04-01,825000.0,Opening
E100623,2021-04-01,891000.0,Annual
E100623,2022-04-01,975000.0,Annual
E100623,2023-04-01,1036000.0,Annual
E100624,2020-04-01,663000.0,Opening
E100624,2021-04-01,740000.0,Annual
E100624,2022-04-01,899000.0,Annual
E100624,2023-04-01,1036000.0,Annual
E100624,2024-04-01,1155000.0,Annual
E100624,2025-04-01,1256000.0,Annual
E100625,2021-04-01,1460000.0,Opening
E100625,2022-04-01,1729000.0,Annual
E100625,2023-04-01,1943000.0,Annual
E100625,2024-04-01,2150000.0,Annual
E100625,2025-04-01,2442000.0,Annual
E100626,2020-04-01,406000.0,Opening
E100626,2021-04-01,438000.0,Annual
E100626,2022-04-01,494000.0,Annual
E100626,2023-04-01,547000.0,Annual
E100626,2024-04-01,596000.0,Annual
E100626,2025-04-01,659000.0,Annual
E100627,2020-04-01,346000.0,Opening
E100627,2021-04-01,356000.0,Annual
E100627,2022-04-01,393000.0,Annual
E100627,2023-04-01,403000.0,Annual
E100627,2024-04-01,425000.0,Annual
E100627,2025-04-01,450000.0,Annual
E100628,2020-04-01,1542000.0,Opening
E100628,2021-04-01,1665000.0,Annual
E100628,2022-04-01,1975000.0,Promotion
E100628,2023-04-01,2129000.0,Annual
E100628,2024-04-01,2503000.0,Promotion
E100628,2025-04-01,2655000.0,Annual
E100629,2022-04-01,762000.0,Hire
E100629,2022-04-01,785000.0,Annual
E100629,2023-04-01,785000.0,Annual
E100629,2024-04-01,838000.0,Annual
E100629,2025-04-01,897000.0,Annual
E100630,2020-04-01,637000.0,Opening
E100630,2021-04-01,739000.0,Annual
E100630,2022-04-01,824000.0,Annual
E100630,2023-04-01,956000.0,Annual
E100630,2024-04-01,1020000.0,Annual
E100630,2025-04-01,1102000.0,Annual
E100631,2020-04-01,2031000.0,Opening
E100631,2021-04-01,2267000.0,Annual
E100631,2022-04-01,2496000.0,Annual
E100631,2023-04-01,2683000.0,Annual
E100631,2024-04-01,2861000.0,Annual
E100631,2025-04-01,3056000.0,Annual
E100632,2021-04-01,461000.0,Opening
E100632,2022-04-01,524000.0,Annual
E100633,2020-04-01,405000.0,Opening
E100633,2021-04-01,437000.0,Annual
E100633,2022-04-01,482000.0,Annual
E100634,2020-04-01,773000.0,Opening
E100634,2021-04-01,835000.0,Annual
E100634,2022-04-01,1014000.0,Promotion
E100635,2020-04-01,661000.0,Opening
E100635,2021-04-01,738000.0,Annual
E100635,2022-04-01,858000.0,Annual
E100635,2023-04-01,915000.0,Annual
E100635,2024-04-01,963000.0,Annual
E100635,2025-04-01,1157000.0,Promotion
E100636,2020-04-01,4823000.0,Opening
E100636,2021-04-01,4823000.0,Annual
E100636,2022-04-01,4823000.0,Annual
E100636,2023-04-01,4935000.0,Annual
E100636,2024-04-01,5031000.0,Annual
E100636,2025-04-01,5031000.0,Annual
E100637,2020-04-01,2693000.0,Opening
E100637,2021-04-01,2908000.0,Annual
E100637,2022-04-01,3232000.0,Annual
E100637,2023-04-01,3549000.0,Annual
E100637,2024-04-01,3619000.0,Annual
E100637,2025-04-01,3919000.0,Annual
E100638,2020-04-01,691000.0,Opening
E100638,2021-04-01,771000.0,Annual
E100638,2022-04-01,837000.0,Annual
E100638,2023-04-01,899000.0,Annual
E100639,2020-04-01,1067000.0,Opening
E100639,2021-04-01,1152000.0,Annual
E100639,2022-04-01,1263000.0,Annual
E100639,2023-04-01,1340000.0,Annual
E100640,2020-04-01,1430000.0,Opening
E100640,2021-04-01,1659000.0,Annual
E100640,2022-04-01,1929000.0,Annual
E100640,2023-04-01,2075000.0,Annual
E100640,2024-04-01,2201000.0,Annual
E100640,2025-04-01,2356000.0,Annual
E100641,2020-04-01,367000.0,Opening
E100641,2021-04-01,396000.0,Annual
E100641,2022-04-01,410000.0,Annual
E100642,2021-04-01,748000.0,Opening
E100642,2022-04-01,853000.0,Annual
E100643,2021-04-01,736000.0,Opening
E100643,2022-04-01,869000.0,Annual
E100644,2021-04-01,670000.0,Opening
E100644,2022-04-01,738000.0,Annual
E100645,2021-04-01,486000.0,Opening
E100645,2022-04-01,562000.0,Annual
E100645,2023-04-01,601000.0,Annual
E100645,2024-04-01,649000.0,Annual
E100645,2025-04-01,697000.0,Annual
E100646,2020-04-01,412000.0,Opening
E100646,2021-04-01,445000.0,Annual
E100646,2022-04-01,460000.0,Annual
E100646,2023-04-01,496000.0,Annual
E100646,2024-04-01,540000.0,Annual
E100646,2025-04-01,645000.0,Promotion
E100647,2020-04-01,1833000.0,Opening
E100647,2021-04-01,2046000.0,Annual
E100647,2022-04-01,2481000.0,Annual
E100648,2020-04-01,1298000.0,Opening
E100648,2021-04-01,1449000.0,Annual
E100648,2022-04-01,1684000.0,Annual
E100648,2023-04-01,1807000.0,Annual
E100648,2024-04-01,1926000.0,Annual
E100648,2025-04-01,2097000.0,Annual
E100649,2020-04-01,1106000.0,Opening
E100649,2021-04-01,1234000.0,Annual
E100649,2022-04-01,1347000.0,Annual
E100649,2023-04-01,1434000.0,Annual
E100649,2024-04-01,1514000.0,Annual
E100650,2020-04-01,464000.0,Opening
E100650,2021-04-01,477000.0,Annual
E100650,2022-04-01,477000.0,Annual
E100650,2023-04-01,512000.0,Annual
E100650,2024-04-01,524000.0,Annual
E100651,2020-04-01,690000.0,Opening
E100651,2021-04-01,745000.0,Annual
E100651,2022-04-01,831000.0,Annual
E100651,2023-04-01,883000.0,Annual
E100651,2024-04-01,1044000.0,Promotion
E100651,2025-04-01,1120000.0,Annual
E100652,2020-04-01,411000.0,Opening
E100652,2021-04-01,444000.0,Annual
E100652,2022-04-01,444000.0,Annual
E100653,2020-04-01,832000.0,Opening
E100653,2021-04-01,899000.0,Annual
E100653,2022-04-01,996000.0,Annual
E100654,2020-04-01,2062000.0,Opening
E100654,2021-04-01,2227000.0,Annual
E100654,2022-04-01,2689000.0,Promotion
E100654,2023-04-01,3077000.0,Annual
E100654,2024-04-01,3259000.0,Annual
E100654,2025-04-01,3779000.0,Promotion
E100655,2020-04-01,1256000.0,Opening
E100655,2021-04-01,1402000.0,Annual
E100655,2022-04-01,1620000.0,Annual
E100655,2023-04-01,1971000.0,Promotion
E100655,2024-04-01,2149000.0,Annual
E100656,2020-04-01,3954000.0,Opening
E100656,2021-04-01,4270000.0,Annual
E100656,2022-04-01,4883000.0,Annual
E100656,2023-04-01,5272000.0,Annual
E100656,2024-04-01,5575000.0,Annual
E100656,2025-04-01,5907000.0,Annual
E100657,2022-04-01,509000.0,Hire
E100657,2023-04-01,555000.0,Annual
E100657,2024-04-01,585000.0,Annual
E100657,2025-04-01,623000.0,Annual
E100658,2020-04-01,1331000.0,Opening
E100658,2021-04-01,1437000.0,Annual
E100658,2022-04-01,1599000.0,Annual
E100658,2023-04-01,1641000.0,Annual
E100658,2024-04-01,1743000.0,Annual
E100658,2025-04-01,2008000.0,Promotion
E100659,2021-04-01,470000.0,Opening
E100659,2022-04-01,486000.0,Annual
E100659,2023-04-01,524000.0,Annual
E100659,2024-04-01,535000.0,Annual
E100659,2025-04-01,535000.0,Annual
E100660,2020-04-01,666000.0,Opening
E100660,2021-04-01,719000.0,Annual
E100660,2022-04-01,813000.0,Annual
E100660,2023-04-01,928000.0,Annual
E100660,2024-04-01,1069000.0,Promotion
E100661,2021-04-01,412000.0,Opening
E100661,2022-04-01,464000.0,Annual
E100661,2023-04-01,493000.0,Annual
E100662,2020-04-01,659000.0,Opening
E100662,2021-04-01,659000.0,Annual
E100662,2022-04-01,659000.0,Annual
E100663,2020-04-01,669000.0,Opening
E100663,2021-04-01,723000.0,Annual
E100663,2022-04-01,843000.0,Annual
E100663,2023-04-01,895000.0,Annual
E100663,2024-04-01,953000.0,Annual
E100663,2025-04-01,1020000.0,Annual
E100664,2021-04-01,635000.0,Opening
E100664,2022-04-01,730000.0,Annual
E100664,2023-04-01,807000.0,Annual
E100665,2020-04-01,665000.0,Opening
E100665,2021-04-01,665000.0,Annual
E100665,2022-04-01,690000.0,Annual
E100665,2023-04-01,706000.0,Annual
E100665,2024-04-01,706000.0,Annual
E100666,2020-04-01,1043000.0,Opening
E100666,2021-04-01,1126000.0,Annual
E100666,2022-04-01,1286000.0,Annual
E100666,2023-04-01,1379000.0,Annual
E100666,2024-04-01,1602000.0,Promotion
E100667,2021-04-01,671000.0,Opening
E100667,2022-04-01,692000.0,Annual
E100668,2021-04-01,859000.0,Opening
E100668,2022-04-01,952000.0,Annual
E100668,2023-04-01,978000.0,Annual
E100668,2024-04-01,1039000.0,Annual
E100668,2025-04-01,1065000.0,Annual
E100669,2022-04-01,393000.0,Hire
E100669,2022-04-01,405000.0,Annual
E100669,2023-04-01,416000.0,Annual
E100670,2022-04-01,441000.0,Hire
E100670,2022-04-01,458000.0,Annual
E100671,2020-04-01,1796000.0,Opening
E100671,2021-04-01,1796000.0,Annual
E100671,2022-04-01,1850000.0,Annual
E100671,2023-04-01,1897000.0,Annual
E100672,2020-04-01,3043000.0,Opening
E100672,2021-04-01,3286000.0,Annual
E100672,2022-04-01,3610000.0,Annual
E100672,2023-04-01,3851000.0,Annual
E100672,2024-04-01,4171000.0,Annual
E100672,2025-04-01,4970000.0,Promotion
E100673,2020-04-01,667000.0,Opening
E100673,2021-04-01,720000.0,Annual
E100673,2022-04-01,858000.0,Annual
E100673,2023-04-01,955000.0,Annual
E100673,2024-04-01,1048000.0,Annual
E100673,2025-04-01,1169000.0,Annual
E100674,2020-04-01,2022000.0,Opening
E100674,2021-04-01,2184000.0,Annual
E100674,2022-04-01,2399000.0,Annual
E100674,2023-04-01,2548000.0,Annual
E100674,2024-04-01,2696000.0,Annual
E100674,2025-04-01,2757000.0,Annual
E100675,2020-04-01,1709000.0,Opening
E100675,2021-04-01,1846000.0,Annual
E100675,2022-04-01,2011000.0,Annual
E100675,2023-04-01,2330000.0,Promotion
E100675,2024-04-01,2483000.0,Annual
E100675,2025-04-01,2621000.0,Annual
E100676,2020-04-01,398000.0,Opening
E100676,2021-04-01,430000.0,Annual
E100676,2022-04-01,476000.0,Annual
E100676,2023-04-01,487000.0,Annual
E100677,2020-04-01,360000.0,Opening
E100677,2021-04-01,389000.0,Annual
E100677,2022-04-01,424000.0,Annual
E100678,2020-04-01,1318000.0,Opening
E100678,2021-04-01,1423000.0,Annual
E100678,2022-04-01,1565000.0,Annual
E100678,2023-04-01,1659000.0,Annual
E100678,2024-04-01,1755000.0,Annual
E100678,2025-04-01,2039000.0,Promotion
E100679,2020-04-01,747000.0,Opening
E100679,2021-04-01,834000.0,Annual
E100679,2022-04-01,908000.0,Annual
E100679,2023-04-01,1061000.0,Promotion
E100679,2024-04-01,1166000.0,Annual
E100680,2020-04-01,2377000.0,Opening
E100680,2021-04-01,2567000.0,Annual
E100680,2022-04-01,2843000.0,Annual
E100680,2023-04-01,3047000.0,Annual
E100681,2021-04-01,735000.0,Opening
E100681,2022-04-01,760000.0,Annual
E100681,2023-04-01,816000.0,Annual
E100681,2024-04-01,862000.0,Annual
E100681,2025-04-01,912000.0,Annual
E100682,2020-04-01,917000.0,Opening
E100682,2021-04-01,990000.0,Annual
E100682,2022-04-01,1093000.0,Annual
E100683,2021-04-01,1285000.0,Opening
E100683,2022-04-01,1398000.0,Annual
E100683,2023-04-01,1557000.0,Annual
E100683,2024-04-01,1709000.0,Annual
E100683,2025-04-01,1849000.0,Annual
E100684,2022-04-01,382000.0,Hire
E100684,2023-04-01,424000.0,Annual
E100684,2024-04-01,453000.0,Annual
E100684,2025-04-01,484000.0,Annual
E100685,2020-04-01,1642000.0,Opening
E100685,2021-04-01,1688000.0,Annual
E100685,2022-04-01,1688000.0,Annual
E100686,2021-04-01,929000.0,Opening
E100686,2022-04-01,1008000.0,Annual
E100686,2023-04-01,1086000.0,Annual
E100686,2024-04-01,1160000.0,Annual
E100686,2025-04-01,1238000.0,Annual
E100687,2022-04-01,483000.0,Hire
E100687,2022-04-01,524000.0,Annual
E100687,2023-04-01,619000.0,Promotion
E100687,2024-04-01,652000.0,Annual
E100687,2025-04-01,768000.0,Promotion
E100688,2020-04-01,451000.0,Opening
E100688,2021-04-01,503000.0,Annual
E100688,2022-04-01,596000.0,Annual
E100688,2023-04-01,656000.0,Annual
E100688,2024-04-01,718000.0,Annual
E100688,2025-04-01,873000.0,Promotion
E100689,2020-04-01,544000.0,Opening
E100689,2021-04-01,559000.0,Annual
E100689,2022-04-01,559000.0,Annual
E100689,2023-04-01,572000.0,Annual
E100689,2024-04-01,585000.0,Annual
E100689,2025-04-01,619000.0,Annual
E100690,2021-04-01,1233000.0,Opening
E100690,2022-04-01,1356000.0,Annual
E100691,2022-04-01,616000.0,Hire
E100691,2022-04-01,677000.0,Annual
E100691,2023-04-01,727000.0,Annual
E100691,2024-04-01,743000.0,Annual
E100691,2025-04-01,786000.0,Annual
E100692,2020-04-01,2386000.0,Opening
E100692,2021-04-01,2577000.0,Annual
E100692,2022-04-01,2983000.0,Annual
E100692,2023-04-01,3189000.0,Annual
E100692,2024-04-01,3407000.0,Annual
E100692,2025-04-01,3633000.0,Annual
E100693,2021-04-01,442000.0,Opening
E100693,2022-04-01,483000.0,Annual
E100693,2023-04-01,517000.0,Annual
E100693,2024-04-01,547000.0,Annual
E100693,2025-04-01,580000.0,Annual
E100694,2020-04-01,2404000.0,Opening
E100694,2021-04-01,2404000.0,Annual
E100694,2022-04-01,2654000.0,Annual
E100694,2023-04-01,2864000.0,Annual
E100694,2024-04-01,2925000.0,Annual
E100695,2021-04-01,475000.0,Opening
E100695,2022-04-01,539000.0,Annual
E100695,2023-04-01,635000.0,Promotion
E100696,2020-04-01,349000.0,Opening
E100696,2021-04-01,377000.0,Annual
E100696,2022-04-01,420000.0,Annual
E100697,2022-04-01,429000.0,Hire
E100697,2022-04-01,490000.0,Annual
E100697,2023-04-01,539000.0,Annual
E100697,2024-04-01,584000.0,Annual
E100697,2025-04-01,622000.0,Annual
E100698,2020-04-01,774000.0,Opening
E100698,2021-04-01,836000.0,Annual
E100698,2022-04-01,836000.0,Annual
E100698,2023-04-01,859000.0,Annual
E100698,2024-04-01,908000.0,Annual
E100698,2025-04-01,926000.0,Annual
E100699,2021-04-01,719000.0,Opening
E100699,2022-04-01,784000.0,Annual
E100700,2022-04-01,689000.0,Hire
E100700,2022-04-01,751000.0,Annual
E100700,2023-04-01,770000.0,Annual
E100700,2024-04-01,770000.0,Annual
E100701,2020-04-01,1683000.0,Opening
E100701,2021-04-01,1878000.0,Annual
E100701,2022-04-01,2144000.0,Annual
E100702,2020-04-01,665000.0,Opening
E100702,2021-04-01,684000.0,Annual
E100702,2022-04-01,744000.0,Annual
E100703,2020-04-01,600000.0,Opening
E100703,2021-04-01,648000.0,Annual
E100703,2022-04-01,714000.0,Annual
E100703,2023-04-01,824000.0,Annual
E100703,2024-04-01,976000.0,Promotion
E100703,2025-04-01,1041000.0,Annual
E100704,2021-04-01,730000.0,Opening
E100704,2022-04-01,796000.0,Annual
E100704,2023-04-01,952000.0,Promotion
E100704,2024-04-01,1004000.0,Annual
E100704,2025-04-01,1201000.0,Promotion
E100705,2020-04-01,1375000.0,Opening
E100705,2021-04-01,1485000.0,Annual
E100705,2022-04-01,1624000.0,Annual
E100705,2023-04-01,1660000.0,Annual
E100705,2024-04-01,1771000.0,Annual
E100705,2025-04-01,1871000.0,Annual
E100706,2022-04-01,839000.0,Hire
E100706,2022-04-01,930000.0,Annual
E100707,2020-04-01,1230000.0,Opening
E100707,2021-04-01,1328000.0,Annual
E100707,2022-04-01,1498000.0,Annual
E100707,2023-04-01,1658000.0,Annual
E100707,2024-04-01,1917000.0,Promotion
E100707,2025-04-01,2123000.0,Annual
E100708,2020-04-01,1944000.0,Opening
E100708,2021-04-01,1998000.0,Annual
E100708,2022-04-01,2224000.0,Annual
E100709,2020-04-01,816000.0,Opening
E100709,2021-04-01,816000.0,Annual
E100709,2022-04-01,816000.0,Annual
E100710,2021-04-01,730000.0,Opening
E100710,2022-04-01,844000.0,Annual
E100710,2023-04-01,899000.0,Annual
E100710,2024-04-01,1054000.0,Promotion
E100710,2025-04-01,1146000.0,Annual
E100711,2022-04-01,499000.0,Hire
E100711,2023-04-01,575000.0,Annual
E100711,2024-04-01,649000.0,Annual
E100711,2025-04-01,712000.0,Annual
E100712,2020-04-01,1922000.0,Opening
E100712,2021-04-01,2145000.0,Annual
E100712,2022-04-01,2365000.0,Annual
E100712,2023-04-01,2523000.0,Annual
E100712,2024-04-01,2671000.0,Annual
E100712,2025-04-01,3118000.0,Promotion
E100713,2020-04-01,1290000.0,Opening
E100713,2021-04-01,1393000.0,Annual
E100713,2022-04-01,1532000.0,Annual
E100713,2023-04-01,1642000.0,Annual
E100713,2024-04-01,1731000.0,Annual
E100713,2025-04-01,1827000.0,Annual
E100714,2020-04-01,1039000.0,Opening
E100714,2021-04-01,1160000.0,Annual
E100714,2022-04-01,1283000.0,Annual
E100715,2020-04-01,372000.0,Opening
E100715,2021-04-01,402000.0,Annual
E100715,2022-04-01,443000.0,Annual
E100715,2023-04-01,454000.0,Annual
E100715,2024-04-01,477000.0,Annual
E100715,2025-04-01,509000.0,Annual
E100716,2020-04-01,681000.0,Opening
E100716,2021-04-01,760000.0,Annual
E100716,2022-04-01,834000.0,Annual
E100716,2023-04-01,894000.0,Annual
E100716,2024-04-01,954000.0,Annual
E100716,2025-04-01,1124000.0,Promotion
E100717,2020-04-01,1603000.0,Opening
E100717,2021-04-01,1648000.0,Annual
E100717,2022-04-01,1831000.0,Annual
E100717,2023-04-01,1947000.0,Annual
E100718,2021-04-01,503000.0,Opening
E100718,2022-04-01,519000.0,Annual
E100718,2023-04-01,519000.0,Annual
E100718,2024-04-01,519000.0,Annual
E100719,2020-04-01,1100000.0,Opening
E100719,2021-04-01,1188000.0,Annual
E100719,2022-04-01,1290000.0,Annual
E100719,2023-04-01,1325000.0,Annual
E100720,2021-04-01,679000.0,Opening
E100720,2022-04-01,753000.0,Annual
E100720,2023-04-01,774000.0,Annual
E100720,2024-04-01,826000.0,Annual
E100720,2025-04-01,887000.0,Annual
E100721,2022-04-01,366000.0,Hire
E100721,2022-04-01,450000.0,Annual
E100721,2023-04-01,480000.0,Annual
E100721,2024-04-01,556000.0,Promotion
E100721,2025-04-01,611000.0,Annual
E100722,2022-04-01,889000.0,Hire
E100722,2022-04-01,973000.0,Annual
E100723,2022-04-01,491000.0,Hire
E100723,2023-04-01,535000.0,Annual
E100724,2021-04-01,1076000.0,Opening
E100724,2022-04-01,1175000.0,Annual
E100724,2023-04-01,1264000.0,Annual
E100724,2024-04-01,1345000.0,Annual
E100724,2025-04-01,1372000.0,Annual
E100725,2020-04-01,1347000.0,Opening
E100725,2021-04-01,1455000.0,Annual
E100725,2022-04-01,1642000.0,Annual
E100725,2023-04-01,1823000.0,Annual
E100725,2024-04-01,1930000.0,Annual
E100725,2025-04-01,2059000.0,Annual
E100726,2020-04-01,381000.0,Opening
E100726,2021-04-01,381000.0,Annual
E100726,2022-04-01,420000.0,Annual
E100726,2023-04-01,429000.0,Annual
E100726,2024-04-01,429000.0,Annual
E100727,2021-04-01,860000.0,Opening
E100727,2022-04-01,999000.0,Annual
E100727,2023-04-01,1076000.0,Annual
E100728,2020-04-01,1299000.0,Opening
E100728,2021-04-01,1403000.0,Annual
E100728,2022-04-01,1585000.0,Annual
E100728,2023-04-01,1705000.0,Annual
E100729,2020-04-01,369000.0,Opening
E100729,2021-04-01,399000.0,Annual
E100729,2022-04-01,438000.0,Annual
E100729,2023-04-01,473000.0,Annual
E100729,2024-04-01,512000.0,Annual
E100729,2025-04-01,616000.0,Promotion
E100730,2020-04-01,847000.0,Opening
E100730,2021-04-01,871000.0,Annual
E100730,2022-04-01,995000.0,Annual
E100730,2023-04-01,1125000.0,Annual
E100730,2024-04-01,1353000.0,Promotion
E100730,2025-04-01,1490000.0,Annual
E100731,2020-04-01,1038000.0,Opening
E100731,2021-04-01,1067000.0,Annual
E100731,2022-04-01,1262000.0,Promotion
E100731,2023-04-01,1341000.0,Annual
E100731,2024-04-01,1341000.0,Annual
E100732,2021-04-01,818000.0,Opening
E100732,2022-04-01,920000.0,Annual
E100733,2020-04-01,465000.0,Opening
E100733,2021-04-01,478000.0,Annual
E100733,2022-04-01,478000.0,Annual
E100734,2020-04-01,2172000.0,Opening
E100734,2021-04-01,2346000.0,Annual
E100734,2022-04-01,2646000.0,Annual
E100734,2023-04-01,2897000.0,Annual
E100734,2024-04-01,3430000.0,Promotion
E100734,2025-04-01,3717000.0,Annual
E100735,2020-04-01,1318000.0,Opening
E100735,2021-04-01,1355000.0,Annual
E100735,2022-04-01,1355000.0,Annual
E100735,2023-04-01,1392000.0,Annual
E100735,2024-04-01,1474000.0,Annual
E100735,2025-04-01,1512000.0,Annual
E100736,2022-04-01,967000.0,Hire
E100736,2022-04-01,1116000.0,Annual
E100737,2020-04-01,749000.0,Opening
E100737,2021-04-01,836000.0,Annual
E100737,2022-04-01,1004000.0,Promotion
E100737,2023-04-01,1109000.0,Annual
E100737,2024-04-01,1257000.0,Annual
E100737,2025-04-01,1329000.0,Annual
E100738,2020-04-01,662000.0,Opening
E100738,2021-04-01,681000.0,Annual
E100738,2022-04-01,704000.0,Annual
E100738,2023-04-01,722000.0,Annual
E100738,2024-04-01,722000.0,Annual
E100739,2020-04-01,672000.0,Opening
E100739,2021-04-01,780000.0,Annual
E100739,2022-04-01,910000.0,Promotion
E100739,2023-04-01,971000.0,Annual
E100739,2024-04-01,1070000.0,Annual
E100739,2025-04-01,1131000.0,Annual
E100740,2020-04-01,421000.0,Opening
E100740,2021-04-01,470000.0,Annual
E100740,2022-04-01,515000.0,Annual
E100740,2023-04-01,556000.0,Annual
E100740,2024-04-01,647000.0,Promotion
E100740,2025-04-01,684000.0,Annual
E100741,2022-04-01,498000.0,Hire
E100741,2023-04-01,511000.0,Annual
E100742,2020-04-01,343000.0,Opening
E100742,2021-04-01,370000.0,Annual
E100742,2022-04-01,451000.0,Promotion
E100742,2023-04-01,484000.0,Annual
E100743,2022-04-01,446000.0,Hire
E100743,2023-04-01,456000.0,Annual
E100743,2024-04-01,487000.0,Annual
E100744,2020-04-01,389000.0,Opening
E100744,2021-04-01,420000.0,Annual
E100744,2022-04-01,436000.0,Annual
E100744,2023-04-01,478000.0,Annual
E100744,2024-04-01,508000.0,Annual
E100744,2025-04-01,519000.0,Annual
E100745,2020-04-01,1167000.0,Opening
E100745,2021-04-01,1200000.0,Annual
E100745,2022-04-01,1337000.0,Annual
E100745,2023-04-01,1337000.0,Annual
E100745,2024-04-01,1426000.0,Annual
E100746,2021-04-01,817000.0,Opening
E100746,2022-04-01,904000.0,Annual
E100747,2020-04-01,851000.0,Opening
E100747,2021-04-01,987000.0,Annual
E100747,2022-04-01,1117000.0,Annual
E100747,2023-04-01,1243000.0,Annual
E100747,2024-04-01,1391000.0,Annual
E100747,2025-04-01,1472000.0,Annual
E100748,2020-04-01,1575000.0,Opening
E100748,2021-04-01,1575000.0,Annual
E100748,2022-04-01,1575000.0,Annual
E100748,2023-04-01,1575000.0,Annual
E100748,2024-04-01,1612000.0,Annual
E100749,2022-04-01,429000.0,Hire
E100749,2023-04-01,475000.0,Annual
E100749,2024-04-01,501000.0,Annual
E100749,2025-04-01,533000.0,Annual
E100750,2020-04-01,743000.0,Opening
E100750,2021-04-01,764000.0,Annual
E100750,2022-04-01,791000.0,Annual
E100751,2020-04-01,418000.0,Opening
E100751,2021-04-01,451000.0,Annual
E100751,2022-04-01,526000.0,Annual
E100752,2020-04-01,640000.0,Opening
E100752,2021-04-01,691000.0,Annual
E100752,2022-04-01,763000.0,Annual
E100752,2023-04-01,819000.0,Annual
E100752,2024-04-01,839000.0,Annual
E100752,2025-04-01,886000.0,Annual
E100753,2020-04-01,422000.0,Opening
E100753,2021-04-01,456000.0,Annual
E100753,2022-04-01,504000.0,Annual
E100753,2023-04-01,541000.0,Annual
E100753,2024-04-01,592000.0,Annual
E100753,2025-04-01,625000.0,Annual
E100754,2020-04-01,494000.0,Opening
E100754,2021-04-01,534000.0,Annual
E100754,2022-04-01,595000.0,Annual
E100754,2023-04-01,690000.0,Promotion
E100754,2024-04-01,737000.0,Annual
E100755,2020-04-01,305000.0,Opening
E100755,2021-04-01,305000.0,Annual
E100755,2022-04-01,305000.0,Annual
E100755,2023-04-01,312000.0,Annual
E100755,2024-04-01,312000.0,Annual
E100756,2020-04-01,611000.0,Opening
E100756,2021-04-01,660000.0,Annual
E100756,2022-04-01,660000.0,Annual
E100757,2020-04-01,1471000.0,Opening
E100757,2021-04-01,1589000.0,Annual
E100757,2022-04-01,1758000.0,Annual
E100757,2023-04-01,1804000.0,Annual
E100758,2022-04-01,376000.0,Hire
E100758,2022-04-01,412000.0,Annual
E100758,2023-04-01,422000.0,Annual
E100758,2024-04-01,496000.0,Promotion
E100758,2025-04-01,524000.0,Annual
E100759,2020-04-01,1269000.0,Opening
E100759,2021-04-01,1371000.0,Annual
E100759,2022-04-01,1519000.0,Annual
E100760,2020-04-01,487000.0,Opening
E100760,2021-04-01,526000.0,Annual
E100760,2022-04-01,572000.0,Annual
E100761,2020-04-01,443000.0,Opening
E100761,2021-04-01,494000.0,Annual
E100761,2022-04-01,601000.0,Annual
E100761,2023-04-01,660000.0,Annual
E100761,2024-04-01,776000.0,Promotion
E100761,2025-04-01,839000.0,Annual
E100762,2020-04-01,564000.0,Opening
E100762,2021-04-01,629000.0,Annual
E100762,2022-04-01,727000.0,Annual
E100762,2023-04-01,747000.0,Annual
E100762,2024-04-01,794000.0,Annual
E100762,2025-04-01,915000.0,Promotion
E100763,2020-04-01,377000.0,Opening
E100763,2021-04-01,407000.0,Annual
E100763,2022-04-01,479000.0,Promotion
E100764,2021-04-01,830000.0,Opening
E100764,2022-04-01,856000.0,Annual
E100765,2020-04-01,751000.0,Opening
E100765,2021-04-01,811000.0,Annual
E100765,2022-04-01,943000.0,Annual
E100766,2020-04-01,2136000.0,Opening
E100766,2021-04-01,2384000.0,Annual
E100766,2022-04-01,2606000.0,Annual
E100766,2023-04-01,2807000.0,Annual
E100766,2024-04-01,2951000.0,Annual
E100766,2025-04-01,3151000.0,Annual
E100767,2020-04-01,408000.0,Opening
E100767,2021-04-01,441000.0,Annual
E100767,2022-04-01,479000.0,Annual
E100767,2023-04-01,490000.0,Annual
E100767,2024-04-01,597000.0,Promotion
E100768,2021-04-01,1187000.0,Opening
E100768,2022-04-01,1226000.0,Annual
E100768,2023-04-01,1345000.0,Annual
E100768,2024-04-01,1432000.0,Annual
E100768,2025-04-01,1536000.0,Annual
E100769,2020-04-01,651000.0,Opening
E100769,2021-04-01,651000.0,Annual
E100769,2022-04-01,711000.0,Annual
E100770,2020-04-01,880000.0,Opening
E100770,2021-04-01,950000.0,Annual
E100770,2022-04-01,984000.0,Annual
E100770,2023-04-01,984000.0,Annual
E100770,2024-04-01,984000.0,Annual
E100770,2025-04-01,1044000.0,Annual
E100771,2020-04-01,362000.0,Opening
E100771,2021-04-01,404000.0,Annual
E100771,2022-04-01,466000.0,Annual
E100771,2023-04-01,498000.0,Annual
E100771,2024-04-01,544000.0,Annual
E100771,2025-04-01,577000.0,Annual
E100772,2020-04-01,1851000.0,Opening
E100772,2021-04-01,2066000.0,Annual
E100772,2022-04-01,2295000.0,Annual
E100772,2023-04-01,2766000.0,Promotion
E100772,2024-04-01,2973000.0,Annual
E100772,2025-04-01,3470000.0,Promotion
E100773,2022-04-01,462000.0,Hire
E100774,2020-04-01,663000.0,Opening
E100774,2021-04-01,769000.0,Annual
E100774,2022-04-01,873000.0,Annual
E100774,2023-04-01,930000.0,Annual
E100774,2024-04-01,1088000.0,Promotion
E100774,2025-04-01,1149000.0,Annual
E100775,2022-04-01,940000.0,Hire
E100775,2022-04-01,1061000.0,Annual
E100775,2023-04-01,1135000.0,Annual
E100775,2024-04-01,1211000.0,Annual
E100775,2025-04-01,1279000.0,Annual
E100776,2020-04-01,2045000.0,Opening
E100776,2021-04-01,2282000.0,Annual
E100776,2022-04-01,2368000.0,Annual
E100776,2023-04-01,2532000.0,Annual
E100776,2024-04-01,2760000.0,Annual
E100776,2025-04-01,2957000.0,Annual
E100777,2020-04-01,736000.0,Opening
E100777,2021-04-01,795000.0,Annual
E100777,2022-04-01,895000.0,Annual
E100777,2023-04-01,1045000.0,Promotion
E100777,2024-04-01,1108000.0,Annual
E100777,2025-04-01,1200000.0,Annual
E100778,2020-04-01,4557000.0,Opening
E100778,2021-04-01,5086000.0,Annual
E100778,2022-04-01,5666000.0,Annual
E100778,2023-04-01,6056000.0,Annual
E100778,2024-04-01,6441000.0,Annual
E100778,2025-04-01,7021000.0,Annual
E100779,2022-04-01,463000.0,Hire
E100779,2022-04-01,503000.0,Annual
E100780,2020-04-01,1500000.0,Opening
E100780,2021-04-01,1620000.0,Annual
E100780,2022-04-01,1806000.0,Annual
E100780,2023-04-01,1851000.0,Annual
E100780,2024-04-01,1960000.0,Annual
E100780,2025-04-01,2156000.0,Annual
E100781,2020-04-01,606000.0,Opening
E100781,2021-04-01,654000.0,Annual
E100781,2022-04-01,676000.0,Annual
E100781,2023-04-01,693000.0,Annual
E100782,2020-04-01,574000.0,Opening
E100782,2021-04-01,666000.0,Annual
E100782,2022-04-01,739000.0,Annual
E100782,2023-04-01,832000.0,Annual
E100782,2024-04-01,961000.0,Promotion
E100782,2025-04-01,1075000.0,Annual
E100783,2021-04-01,1264000.0,Opening
E100783,2022-04-01,1547000.0,Annual
E100783,2023-04-01,1752000.0,Annual
E100783,2024-04-01,1903000.0,Annual
E100783,2025-04-01,2257000.0,Promotion
E100784,2021-04-01,900000.0,Opening
E100784,2022-04-01,978000.0,Annual
E100784,2023-04-01,1046000.0,Annual
E100784,2024-04-01,1117000.0,Annual
E100784,2025-04-01,1184000.0,Annual
E100785,2021-04-01,779000.0,Opening
E100785,2022-04-01,905000.0,Annual
E100785,2023-04-01,1092000.0,Promotion
E100785,2024-04-01,1175000.0,Annual
E100786,2020-04-01,1110000.0,Opening
E100786,2021-04-01,1199000.0,Annual
E100786,2022-04-01,1199000.0,Annual
E100787,2020-04-01,420000.0,Opening
E100787,2021-04-01,454000.0,Annual
E100787,2022-04-01,505000.0,Annual
E100787,2023-04-01,608000.0,Promotion
E100787,2024-04-01,660000.0,Annual
E100787,2025-04-01,704000.0,Annual
E100788,2021-04-01,656000.0,Opening
E100788,2022-04-01,760000.0,Annual
E100789,2020-04-01,704000.0,Opening
E100789,2021-04-01,760000.0,Annual
E100789,2022-04-01,831000.0,Annual
E100790,2020-04-01,432000.0,Opening
E100790,2021-04-01,432000.0,Annual
E100790,2022-04-01,432000.0,Annual
E100790,2023-04-01,443000.0,Annual
E100790,2024-04-01,467000.0,Annual
E100790,2025-04-01,479000.0,Annual
E100791,2021-04-01,754000.0,Opening
E100791,2022-04-01,820000.0,Annual
E100791,2023-04-01,883000.0,Annual
E100791,2024-04-01,957000.0,Annual
E100791,2025-04-01,1014000.0,Annual
E100792,2021-04-01,1354000.0,Opening
E100792,2022-04-01,1354000.0,Annual
E100793,2022-04-01,473000.0,Hire
E100793,2022-04-01,551000.0,Annual
E100793,2023-04-01,638000.0,Promotion
E100794,2020-04-01,474000.0,Opening
E100794,2021-04-01,529000.0,Annual
E100794,2022-04-01,641000.0,Annual
E100794,2023-04-01,706000.0,Annual
E100794,2024-04-01,842000.0,Promotion
E100794,2025-04-01,921000.0,Annual
E100795,2020-04-01,345000.0,Opening
E100795,2021-04-01,373000.0,Annual
E100795,2022-04-01,423000.0,Annual
E100796,2020-04-01,696000.0,Opening
E100796,2021-04-01,777000.0,Annual
E100796,2022-04-01,896000.0,Annual
E100796,2023-04-01,959000.0,Annual
E100796,2024-04-01,1054000.0,Annual
E100796,2025-04-01,1161000.0,Annual
E100797,2020-04-01,398000.0,Opening
E100797,2021-04-01,430000.0,Annual
E100797,2022-04-01,478000.0,Annual
E100797,2023-04-01,511000.0,Annual
E100797,2024-04-01,540000.0,Annual
E100797,2025-04-01,571000.0,Annual
E100798,2020-04-01,442000.0,Opening
E100798,2021-04-01,454000.0,Annual
E100798,2022-04-01,469000.0,Annual
E100798,2023-04-01,500000.0,Annual
E100798,2024-04-01,541000.0,Annual
E100798,2025-04-01,575000.0,Annual
E100799,2021-04-01,781000.0,Opening
E100799,2022-04-01,903000.0,Annual
E100799,2023-04-01,962000.0,Annual
E100800,2020-04-01,804000.0,Opening
E100800,2021-04-01,827000.0,Annual
E100800,2022-04-01,914000.0,Annual
E100801,2021-04-01,406000.0,Opening
E100801,2022-04-01,489000.0,Annual
E100801,2023-04-01,520000.0,Annual
E100802,2020-04-01,2727000.0,Opening
E100802,2021-04-01,2945000.0,Annual
E100802,2022-04-01,3266000.0,Annual
E100802,2023-04-01,3344000.0,Annual
E100802,2024-04-01,3987000.0,Promotion
E100802,2025-04-01,3987000.0,Annual
E100803,2020-04-01,301000.0,Opening
E100803,2021-04-01,325000.0,Annual
E100803,2022-04-01,362000.0,Annual
E100803,2023-04-01,399000.0,Annual
E100803,2024-04-01,423000.0,Annual
E100804,2021-04-01,639000.0,Opening
E100804,2022-04-01,659000.0,Annual
E100804,2023-04-01,707000.0,Annual
E100804,2024-04-01,721000.0,Annual
E100804,2025-04-01,771000.0,Annual
E100805,2022-04-01,488000.0,Hire
E100805,2022-04-01,535000.0,Annual
E100805,2023-04-01,575000.0,Annual
E100805,2024-04-01,587000.0,Annual
E100806,2020-04-01,747000.0,Opening
E100806,2021-04-01,807000.0,Annual
E100806,2022-04-01,899000.0,Annual
E100806,2023-04-01,954000.0,Annual
E100806,2024-04-01,1045000.0,Annual
E100806,2025-04-01,1106000.0,Annual
E100807,2020-04-01,569000.0,Opening
E100807,2021-04-01,615000.0,Annual
E100807,2022-04-01,724000.0,Promotion
E100807,2023-04-01,835000.0,Annual
E100807,2024-04-01,980000.0,Promotion
E100807,2025-04-01,1047000.0,Annual
E100808,2021-04-01,787000.0,Opening
E100808,2022-04-01,854000.0,Annual
E100808,2023-04-01,874000.0,Annual
E100809,2021-04-01,669000.0,Opening
E100809,2022-04-01,735000.0,Annual
E100810,2020-04-01,675000.0,Opening
E100810,2021-04-01,729000.0,Annual
E100810,2022-04-01,807000.0,Annual
E100811,2020-04-01,949000.0,Opening
E100811,2021-04-01,1101000.0,Annual
E100811,2022-04-01,1260000.0,Annual
E100811,2023-04-01,1381000.0,Annual
E100811,2024-04-01,1528000.0,Annual
E100811,2025-04-01,1734000.0,Annual
E100812,2020-04-01,1134000.0,Opening
E100812,2021-04-01,1225000.0,Annual
E100812,2022-04-01,1485000.0,Promotion
E100812,2023-04-01,1653000.0,Annual
E100812,2024-04-01,1965000.0,Promotion
E100812,2025-04-01,2091000.0,Annual
E100813,2022-04-01,445000.0,Hire
E100813,2023-04-01,479000.0,Annual
E100813,2024-04-01,490000.0,Annual
E100813,2025-04-01,589000.0,Promotion
E100814,2020-04-01,435000.0,Opening
E100814,2021-04-01,485000.0,Annual
E100814,2022-04-01,537000.0,Annual
E100815,2020-04-01,380000.0,Opening
E100815,2021-04-01,410000.0,Annual
E100815,2022-04-01,462000.0,Annual
E100815,2023-04-01,495000.0,Annual
E100816,2020-04-01,723000.0,Opening
E100816,2021-04-01,807000.0,Annual
E100816,2022-04-01,896000.0,Annual
E100816,2023-04-01,961000.0,Annual
E100816,2024-04-01,1093000.0,Annual
E100816,2025-04-01,1185000.0,Annual
E100817,2022-04-01,689000.0,Hire
E100817,2022-04-01,762000.0,Annual
E100818,2021-04-01,672000.0,Opening
E100818,2022-04-01,746000.0,Annual
E100819,2020-04-01,618000.0,Opening
E100819,2021-04-01,667000.0,Annual
E100819,2022-04-01,753000.0,Annual
E100820,2022-04-01,471000.0,Hire
E100820,2022-04-01,535000.0,Annual
E100820,2023-04-01,595000.0,Annual
E100820,2024-04-01,642000.0,Annual
E100820,2025-04-01,702000.0,Annual
E100821,2021-04-01,835000.0,Opening
E100821,2022-04-01,835000.0,Annual
E100822,2020-04-01,414000.0,Opening
E100822,2021-04-01,447000.0,Annual
E100822,2022-04-01,493000.0,Annual
E100823,2020-04-01,627000.0,Opening
E100823,2021-04-01,645000.0,Annual
E100823,2022-04-01,738000.0,Annual
E100824,2020-04-01,1417000.0,Opening
E100824,2021-04-01,1457000.0,Annual
E100824,2022-04-01,1591000.0,Annual
E100824,2023-04-01,1633000.0,Annual
E100824,2024-04-01,1633000.0,Annual
E100824,2025-04-01,1667000.0,Annual
E100825,2020-04-01,1075000.0,Opening
E100825,2021-04-01,1161000.0,Annual
E100825,2022-04-01,1261000.0,Annual
E100825,2023-04-01,1399000.0,Annual
E100826,2020-04-01,349000.0,Opening
E100826,2021-04-01,377000.0,Annual
E100826,2022-04-01,390000.0,Annual
E100826,2023-04-01,452000.0,Promotion
E100827,2021-04-01,782000.0,Opening
E100827,2022-04-01,867000.0,Annual
E100828,2020-04-01,2715000.0,Opening
E100828,2021-04-01,2791000.0,Annual
E100828,2022-04-01,3065000.0,Annual
E100828,2023-04-01,3142000.0,Annual
E100828,2024-04-01,3212000.0,Annual
E100829,2020-04-01,300000.0,Opening
E100829,2021-04-01,300000.0,Annual
E100829,2022-04-01,300000.0,Annual
E100829,2023-04-01,308000.0,Annual
E100829,2024-04-01,325000.0,Annual
E100829,2025-04-01,332000.0,Annual
E100830,2020-04-01,1248000.0,Opening
E100830,2021-04-01,1348000.0,Annual
E100830,2022-04-01,1483000.0,Annual
E100830,2023-04-01,1588000.0,Annual
E100831,2020-04-01,622000.0,Opening
E100831,2021-04-01,639000.0,Annual
E100831,2022-04-01,664000.0,Annual
E100832,2020-04-01,825000.0,Opening
E100832,2021-04-01,891000.0,Annual
E100832,2022-04-01,983000.0,Annual
E100833,2021-04-01,624000.0,Opening
E100833,2022-04-01,690000.0,Annual
E100833,2023-04-01,796000.0,Annual
E100834,2020-04-01,320000.0,Opening
E100834,2021-04-01,357000.0,Annual
E100834,2022-04-01,426000.0,Promotion
E100835,2021-04-01,874000.0,Opening
E100835,2022-04-01,974000.0,Annual
E100836,2020-04-01,413000.0,Opening
E100836,2021-04-01,461000.0,Annual
E100836,2022-04-01,562000.0,Promotion
E100837,2020-04-01,1565000.0,Opening
E100837,2021-04-01,1565000.0,Annual
E100837,2022-04-01,1744000.0,Annual
E100837,2023-04-01,1863000.0,Annual
E100838,2020-04-01,1206000.0,Opening
E100838,2021-04-01,1399000.0,Annual
E100838,2022-04-01,1526000.0,Annual
E100839,2021-04-01,917000.0,Opening
E100839,2022-04-01,1011000.0,Annual
E100839,2023-04-01,1101000.0,Annual
E100839,2024-04-01,1157000.0,Annual
E100839,2025-04-01,1281000.0,Annual
E100840,2020-04-01,740000.0,Opening
E100840,2021-04-01,826000.0,Annual
E100840,2022-04-01,952000.0,Annual
E100840,2023-04-01,1090000.0,Annual
E100840,2024-04-01,1312000.0,Promotion
E100840,2025-04-01,1426000.0,Annual
E100841,2020-04-01,756000.0,Opening
E100841,2021-04-01,816000.0,Annual
E100841,2022-04-01,899000.0,Annual
E100841,2023-04-01,962000.0,Annual
E100841,2024-04-01,1107000.0,Promotion
E100841,2025-04-01,1221000.0,Annual
E100842,2020-04-01,2181000.0,Opening
E100842,2021-04-01,2434000.0,Annual
E100842,2022-04-01,2711000.0,Annual
E100843,2022-04-01,589000.0,Hire
E100843,2023-04-01,646000.0,Annual
E100844,2020-04-01,349000.0,Opening
E100844,2021-04-01,377000.0,Annual
E100844,2022-04-01,392000.0,Annual
E100844,2023-04-01,416000.0,Annual
E100844,2024-04-01,444000.0,Annual
E100844,2025-04-01,475000.0,Annual
E100845,2020-04-01,700000.0,Opening
E100845,2021-04-01,756000.0,Annual
E100845,2022-04-01,859000.0,Annual
E100845,2023-04-01,928000.0,Annual
E100845,2024-04-01,1012000.0,Annual
E100845,2025-04-01,1175000.0,Promotion
E100846,2021-04-01,1316000.0,Opening
E100846,2022-04-01,1428000.0,Annual
E100847,2020-04-01,1364000.0,Opening
E100847,2021-04-01,1402000.0,Annual
E100847,2022-04-01,1554000.0,Annual
E100848,2020-04-01,691000.0,Opening
E100848,2021-04-01,746000.0,Annual
E100848,2022-04-01,771000.0,Annual
E100848,2023-04-01,771000.0,Annual
E100848,2024-04-01,771000.0,Annual
E100848,2025-04-01,819000.0,Annual
E100849,2020-04-01,328000.0,Opening
E100849,2021-04-01,354000.0,Annual
E100849,2022-04-01,398000.0,Annual
E100849,2023-04-01,426000.0,Annual
E100849,2024-04-01,452000.0,Annual
E100849,2025-04-01,462000.0,Annual
E100850,2020-04-01,1284000.0,Opening
E100850,2021-04-01,1284000.0,Annual
E100850,2022-04-01,1329000.0,Annual
E100851,2021-04-01,761000.0,Opening
E100851,2022-04-01,840000.0,Annual
E100851,2023-04-01,907000.0,Annual
E100851,2024-04-01,967000.0,Annual
E100851,2025-04-01,1037000.0,Annual
E100852,2020-04-01,378000.0,Opening
E100852,2021-04-01,378000.0,Annual
E100852,2022-04-01,419000.0,Annual
E100852,2023-04-01,419000.0,Annual
E100852,2024-04-01,447000.0,Annual
E100853,2021-04-01,1036000.0,Opening
E100853,2022-04-01,1175000.0,Annual
E100854,2021-04-01,749000.0,Opening
E100854,2022-04-01,887000.0,Annual
E100854,2023-04-01,965000.0,Annual
E100854,2024-04-01,1071000.0,Annual
E100854,2025-04-01,1135000.0,Annual
E100855,2022-04-01,882000.0,Hire
E100855,2022-04-01,975000.0,Annual
E100855,2023-04-01,1002000.0,Annual
E100855,2024-04-01,1070000.0,Annual
E100855,2025-04-01,1093000.0,Annual
E100856,2020-04-01,413000.0,Opening
E100856,2021-04-01,446000.0,Annual
E100856,2022-04-01,511000.0,Annual
E100856,2023-04-01,589000.0,Annual
E100856,2024-04-01,664000.0,Annual
E100857,2020-04-01,673000.0,Opening
E100857,2021-04-01,727000.0,Annual
E100857,2022-04-01,827000.0,Annual
E100857,2023-04-01,883000.0,Annual
E100857,2024-04-01,964000.0,Annual
E100857,2025-04-01,1027000.0,Annual
E100858,2020-04-01,358000.0,Opening
E100858,2021-04-01,387000.0,Annual
E100858,2022-04-01,422000.0,Annual
E100858,2023-04-01,493000.0,Promotion
E100859,2020-04-01,701000.0,Opening
E100859,2021-04-01,782000.0,Annual
E100859,2022-04-01,854000.0,Annual
E100860,2020-04-01,3328000.0,Opening
E100860,2021-04-01,3594000.0,Annual
E100860,2022-04-01,3976000.0,Annual
E100860,2023-04-01,4817000.0,Promotion
E100860,2024-04-01,5103000.0,Annual
E100860,2025-04-01,5387000.0,Annual
E100861,2020-04-01,588000.0,Opening
E100861,2021-04-01,635000.0,Annual
E100861,2022-04-01,656000.0,Annual
E100862,2022-04-01,441000.0,Hire
E100862,2022-04-01,540000.0,Annual
E100862,2023-04-01,600000.0,Annual
E100862,2024-04-01,659000.0,Annual
E100862,2025-04-01,732000.0,Annual
E100863,2020-04-01,688000.0,Opening
E100863,2021-04-01,743000.0,Annual
E100863,2022-04-01,857000.0,Promotion
E100863,2023-04-01,942000.0,Annual
E100863,2024-04-01,1036000.0,Annual
E100863,2025-04-01,1183000.0,Annual
E100864,2020-04-01,2078000.0,Opening
E100864,2021-04-01,2136000.0,Annual
E100864,2022-04-01,2342000.0,Annual
E100864,2023-04-01,2488000.0,Annual
E100864,2024-04-01,2536000.0,Annual
E100864,2025-04-01,2710000.0,Annual
E100865,2020-04-01,1978000.0,Opening
E100865,2021-04-01,1978000.0,Annual
E100865,2022-04-01,2055000.0,Annual
E100865,2023-04-01,2196000.0,Annual
E100865,2024-04-01,2309000.0,Annual
E100865,2025-04-01,2360000.0,Annual
E100866,2020-04-01,1242000.0,Opening
E100866,2021-04-01,1386000.0,Annual
E100866,2022-04-01,1594000.0,Annual
E100866,2023-04-01,1903000.0,Promotion
E100866,2024-04-01,2006000.0,Annual
E100866,2025-04-01,2143000.0,Annual
E100867,2020-04-01,2138000.0,Opening
E100867,2021-04-01,2309000.0,Annual
E100867,2022-04-01,2400000.0,Annual
E100867,2023-04-01,2460000.0,Annual
E100867,2024-04-01,2608000.0,Annual
E100867,2025-04-01,3157000.0,Promotion
E100868,2020-04-01,1236000.0,Opening
E100868,2021-04-01,1379000.0,Annual
E100868,2022-04-01,1557000.0,Annual
E100868,2023-04-01,1597000.0,Annual
E100868,2024-04-01,1698000.0,Annual
E100868,2025-04-01,1800000.0,Annual
E100869,2020-04-01,1295000.0,Opening
E100869,2021-04-01,1502000.0,Annual
E100869,2022-04-01,1653000.0,Annual
E100869,2023-04-01,1944000.0,Promotion
E100870,2020-04-01,628000.0,Opening
E100870,2021-04-01,678000.0,Annual
E100870,2022-04-01,762000.0,Annual
E100871,2020-04-01,371000.0,Opening
E100871,2021-04-01,381000.0,Annual
E100871,2022-04-01,393000.0,Annual
E100871,2023-04-01,403000.0,Annual
E100871,2024-04-01,424000.0,Annual
E100871,2025-04-01,434000.0,Annual
E100872,2020-04-01,1345000.0,Opening
E100872,2021-04-01,1560000.0,Annual
E100872,2022-04-01,1874000.0,Annual
E100873,2020-04-01,1213000.0,Opening
E100873,2021-04-01,1354000.0,Annual
E100873,2022-04-01,1508000.0,Annual
E100873,2023-04-01,1645000.0,Annual
E100873,2024-04-01,1752000.0,Annual
E100873,2025-04-01,1861000.0,Annual
E100874,2020-04-01,3678000.0,Opening
E100874,2021-04-01,4105000.0,Annual
E100874,2022-04-01,4498000.0,Annual
E100874,2023-04-01,4853000.0,Annual
E100874,2024-04-01,5180000.0,Annual
E100874,2025-04-01,5484000.0,Annual
E100875,2022-04-01,705000.0,Hire
E100875,2022-04-01,776000.0,Annual
E100875,2023-04-01,858000.0,Annual
E100875,2024-04-01,906000.0,Annual
E100875,2025-04-01,966000.0,Annual
E100876,2020-04-01,1843000.0,Opening
E100876,2021-04-01,1990000.0,Annual
E100876,2022-04-01,2211000.0,Annual
E100876,2023-04-01,2403000.0,Annual
E100876,2024-04-01,2539000.0,Annual
E100876,2025-04-01,2718000.0,Annual
E100877,2022-04-01,465000.0,Hire
E100877,2022-04-01,555000.0,Annual
E100877,2023-04-01,635000.0,Annual
E100877,2024-04-01,671000.0,Annual
E100877,2025-04-01,758000.0,Annual
E100878,2020-04-01,2533000.0,Opening
E100878,2021-04-01,2736000.0,Annual
E100878,2022-04-01,3108000.0,Annual
E100878,2023-04-01,3339000.0,Annual
E100878,2024-04-01,3540000.0,Annual
E100878,2025-04-01,3609000.0,Annual
E100879,2020-04-01,4874000.0,Opening
E100879,2021-04-01,5010000.0,Annual
E100879,2022-04-01,5462000.0,Annual
E100879,2023-04-01,5856000.0,Annual
E100879,2024-04-01,5962000.0,Annual
E100879,2025-04-01,6341000.0,Annual
E100880,2022-04-01,446000.0,Hire
E100880,2022-04-01,513000.0,Annual
E100880,2023-04-01,553000.0,Annual
E100880,2024-04-01,595000.0,Annual
E100880,2025-04-01,634000.0,Annual
E100881,2020-04-01,704000.0,Opening
E100881,2021-04-01,786000.0,Annual
E100881,2022-04-01,871000.0,Annual
E100881,2023-04-01,933000.0,Annual
E100882,2020-04-01,4765000.0,Opening
E100882,2021-04-01,5146000.0,Annual
E100882,2022-04-01,5629000.0,Annual
E100882,2023-04-01,5966000.0,Annual
E100882,2024-04-01,6324000.0,Annual
E100882,2025-04-01,6689000.0,Annual
E100883,2020-04-01,2952000.0,Opening
E100883,2021-04-01,3188000.0,Annual
E100883,2022-04-01,3490000.0,Annual
E100883,2023-04-01,3717000.0,Annual
E100883,2024-04-01,3920000.0,Annual
E100883,2025-04-01,4009000.0,Annual
E100884,2020-04-01,1505000.0,Opening
E100884,2021-04-01,1680000.0,Annual
E100884,2022-04-01,1890000.0,Annual
E100884,2023-04-01,2020000.0,Annual
E100884,2024-04-01,2211000.0,Annual
E100884,2025-04-01,2436000.0,Annual
E100885,2021-04-01,451000.0,Opening
E100885,2022-04-01,499000.0,Annual
E100885,2023-04-01,531000.0,Annual
E100885,2024-04-01,564000.0,Annual
E100885,2025-04-01,674000.0,Promotion
E100886,2020-04-01,369000.0,Opening
E100886,2021-04-01,399000.0,Annual
E100886,2022-04-01,475000.0,Promotion
E100886,2023-04-01,510000.0,Annual
E100886,2024-04-01,538000.0,Annual
E100886,2025-04-01,587000.0,Annual
E100887,2021-04-01,485000.0,Opening
E100887,2022-04-01,534000.0,Annual
E100887,2023-04-01,546000.0,Annual
E100887,2024-04-01,574000.0,Annual
E100887,2025-04-01,682000.0,Promotion
E100888,2020-04-01,3526000.0,Opening
E100888,2021-04-01,3808000.0,Annual
E100888,2022-04-01,4192000.0,Annual
E100888,2023-04-01,4458000.0,Annual
E100888,2024-04-01,4746000.0,Annual
E100888,2025-04-01,5008000.0,Annual
E100889,2020-04-01,1350000.0,Opening
E100889,2021-04-01,1566000.0,Annual
E100889,2022-04-01,1781000.0,Annual
E100889,2023-04-01,1977000.0,Annual
E100889,2024-04-01,2234000.0,Annual
E100889,2025-04-01,2503000.0,Annual
E100890,2020-04-01,654000.0,Opening
E100890,2021-04-01,759000.0,Annual
E100890,2022-04-01,867000.0,Annual
E100890,2023-04-01,1016000.0,Promotion
E100890,2024-04-01,1125000.0,Annual
E100890,2025-04-01,1355000.0,Promotion
E100891,2020-04-01,1106000.0,Opening
E100891,2021-04-01,1137000.0,Annual
E100891,2022-04-01,1182000.0,Annual
E100891,2023-04-01,1212000.0,Annual
E100891,2024-04-01,1291000.0,Annual
E100892,2020-04-01,2125000.0,Opening
E100892,2021-04-01,2295000.0,Annual
E100892,2022-04-01,2711000.0,Promotion
E100892,2023-04-01,2915000.0,Annual
E100892,2024-04-01,3084000.0,Annual
E100892,2025-04-01,3523000.0,Annual
E100893,2020-04-01,361000.0,Opening
E100893,2021-04-01,403000.0,Annual
E100893,2022-04-01,458000.0,Annual
E100893,2023-04-01,492000.0,Annual
E100893,2024-04-01,521000.0,Annual
E100893,2025-04-01,576000.0,Annual
E100894,2020-04-01,2127000.0,Opening
E100894,2021-04-01,2297000.0,Annual
E100894,2022-04-01,2647000.0,Annual
E100894,2023-04-01,2834000.0,Annual
E100894,2024-04-01,3083000.0,Annual
E100894,2025-04-01,3293000.0,Annual
E100895,2022-04-01,391000.0,Hire
E100895,2022-04-01,429000.0,Annual
E100895,2023-04-01,502000.0,Promotion
E100895,2024-04-01,542000.0,Annual
E100895,2025-04-01,600000.0,Annual
E100896,2020-04-01,839000.0,Opening
E100896,2021-04-01,862000.0,Annual
E100896,2022-04-01,938000.0,Annual
E100896,2023-04-01,995000.0,Annual
E100896,2024-04-01,1018000.0,Annual
E100896,2025-04-01,1192000.0,Promotion
E100897,2020-04-01,386000.0,Opening
E100897,2021-04-01,448000.0,Annual
E100897,2022-04-01,537000.0,Annual
E100897,2023-04-01,621000.0,Annual
E100897,2024-04-01,722000.0,Promotion
E100897,2025-04-01,810000.0,Annual
E100898,2022-04-01,485000.0,Hire
E100898,2023-04-01,524000.0,Annual
E100898,2024-04-01,524000.0,Annual
E100898,2025-04-01,608000.0,Promotion
E100899,2020-04-01,707000.0,Opening
E100899,2021-04-01,764000.0,Annual
E100899,2022-04-01,834000.0,Annual
E100899,2023-04-01,1011000.0,Promotion
E100899,2024-04-01,1127000.0,Annual
E100899,2025-04-01,1374000.0,Promotion
E100900,2020-04-01,438000.0,Opening
E100900,2021-04-01,473000.0,Annual
E100900,2022-04-01,488000.0,Annual
E100901,2021-04-01,562000.0,Opening
E100901,2022-04-01,641000.0,Annual
E100902,2020-04-01,366000.0,Opening
E100902,2021-04-01,395000.0,Annual
E100902,2022-04-01,411000.0,Annual
E100902,2023-04-01,420000.0,Annual
E100902,2024-04-01,445000.0,Annual
E100902,2025-04-01,456000.0,Annual
E100903,2020-04-01,1114000.0,Opening
E100903,2021-04-01,1203000.0,Annual
E100903,2022-04-01,1414000.0,Annual
E100904,2020-04-01,499000.0,Opening
E100904,2021-04-01,557000.0,Annual
E100904,2022-04-01,626000.0,Annual
E100904,2023-04-01,680000.0,Annual
E100905,2021-04-01,570000.0,Opening
E100905,2022-04-01,641000.0,Annual
E100905,2023-04-01,746000.0,Promotion
E100905,2024-04-01,810000.0,Annual
E100905,2025-04-01,883000.0,Annual
E100906,2022-04-01,392000.0,Hire
E100906,2022-04-01,431000.0,Annual
E100907,2020-04-01,672000.0,Opening
E100907,2021-04-01,726000.0,Annual
E100907,2022-04-01,875000.0,Promotion
E100907,2023-04-01,945000.0,Annual
E100907,2024-04-01,999000.0,Annual
E100907,2025-04-01,1068000.0,Annual
E100908,2020-04-01,1216000.0,Opening
E100908,2021-04-01,1357000.0,Annual
E100908,2022-04-01,1505000.0,Annual
E100908,2023-04-01,1637000.0,Annual
E100908,2024-04-01,1859000.0,Annual
E100908,2025-04-01,2030000.0,Annual
E100909,2020-04-01,1084000.0,Opening
E100909,2021-04-01,1171000.0,Annual
E100909,2022-04-01,1305000.0,Annual
E100909,2023-04-01,1335000.0,Annual
E100910,2020-04-01,1328000.0,Opening
E100910,2021-04-01,1434000.0,Annual
E100910,2022-04-01,1592000.0,Annual
E100910,2023-04-01,1709000.0,Annual
E100910,2024-04-01,1878000.0,Annual
E100910,2025-04-01,1915000.0,Annual
E100911,2021-04-01,1269000.0,Opening
E100911,2022-04-01,1392000.0,Annual
E100911,2023-04-01,1421000.0,Annual
E100911,2024-04-01,1448000.0,Annual
E100912,2020-04-01,691000.0,Opening
E100912,2021-04-01,746000.0,Annual
E100912,2022-04-01,827000.0,Annual
E100913,2020-04-01,573000.0,Opening
E100913,2021-04-01,619000.0,Annual
E100913,2022-04-01,688000.0,Annual
E100913,2023-04-01,737000.0,Annual
E100913,2024-04-01,785000.0,Annual
E100913,2025-04-01,850000.0,Annual
E100914,2020-04-01,420000.0,Opening
E100914,2021-04-01,454000.0,Annual
E100914,2022-04-01,502000.0,Annual
E100914,2023-04-01,609000.0,Promotion
E100914,2024-04-01,621000.0,Annual
E100915,2020-04-01,1850000.0,Opening
E100915,2021-04-01,1998000.0,Annual
E100915,2022-04-01,1998000.0,Annual
E100915,2023-04-01,2149000.0,Annual
E100915,2024-04-01,2291000.0,Annual
E100915,2025-04-01,2291000.0,Annual
E100916,2021-04-01,726000.0,Opening
E100916,2022-04-01,795000.0,Annual
E100916,2023-04-01,854000.0,Annual
E100917,2020-04-01,1367000.0,Opening
E100917,2021-04-01,1476000.0,Annual
E100917,2022-04-01,1617000.0,Annual
E100917,2023-04-01,1950000.0,Promotion
E100917,2024-04-01,2122000.0,Annual
E100917,2025-04-01,2243000.0,Annual
E100918,2020-04-01,372000.0,Opening
E100918,2021-04-01,415000.0,Annual
E100918,2022-04-01,478000.0,Promotion
E100918,2023-04-01,536000.0,Annual
E100919,2022-04-01,1140000.0,Hire
E100919,2022-04-01,1261000.0,Annual
E100919,2023-04-01,1339000.0,Annual
E100919,2024-04-01,1426000.0,Annual
E100920,2020-04-01,348000.0,Opening
E100920,2021-04-01,376000.0,Annual
E100920,2022-04-01,415000.0,Annual
E100921,2020-04-01,713000.0,Opening
E100921,2021-04-01,733000.0,Annual
E100921,2022-04-01,795000.0,Annual
E100921,2023-04-01,858000.0,Annual
E100921,2024-04-01,876000.0,Annual
E100921,2025-04-01,941000.0,Annual
E100922,2020-04-01,1269000.0,Opening
E100922,2021-04-01,1416000.0,Annual
E100922,2022-04-01,1465000.0,Annual
E100923,2020-04-01,544000.0,Opening
E100923,2021-04-01,588000.0,Annual
E100923,2022-04-01,688000.0,Promotion
E100923,2023-04-01,734000.0,Annual
E100923,2024-04-01,861000.0,Promotion
E100924,2020-04-01,1182000.0,Opening
E100924,2021-04-01,1277000.0,Annual
E100924,2022-04-01,1464000.0,Annual
E100925,2020-04-01,378000.0,Opening
E100925,2021-04-01,378000.0,Annual
E100925,2022-04-01,416000.0,Annual
E100926,2020-04-01,618000.0,Opening
E100926,2021-04-01,690000.0,Annual
E100926,2022-04-01,761000.0,Annual
E100926,2023-04-01,840000.0,Annual
E100926,2024-04-01,884000.0,Annual
E100927,2020-04-01,809000.0,Opening
E100927,2021-04-01,874000.0,Annual
E100927,2022-04-01,966000.0,Annual
E100927,2023-04-01,1030000.0,Annual
E100928,2022-04-01,1072000.0,Hire
E100928,2022-04-01,1187000.0,Annual
E100928,2023-04-01,1270000.0,Annual
E100928,2024-04-01,1356000.0,Annual
E100928,2025-04-01,1488000.0,Annual
E100929,2022-04-01,558000.0,Hire
E100929,2023-04-01,623000.0,Annual
E100929,2024-04-01,726000.0,Promotion
E100930,2021-04-01,1238000.0,Opening
E100930,2022-04-01,1281000.0,Annual
E100930,2023-04-01,1317000.0,Annual
E100930,2024-04-01,1407000.0,Annual
E100931,2020-04-01,1970000.0,Opening
E100931,2021-04-01,2199000.0,Annual
E100931,2022-04-01,2199000.0,Annual
E100931,2023-04-01,2415000.0,Annual
E100931,2024-04-01,2544000.0,Annual
E100932,2020-04-01,1218000.0,Opening
E100932,2021-04-01,1315000.0,Annual
E100932,2022-04-01,1548000.0,Promotion
E100932,2023-04-01,1641000.0,Annual
E100933,2022-04-01,398000.0,Hire
E100933,2022-04-01,437000.0,Annual
E100934,2021-04-01,727000.0,Opening
E100934,2022-04-01,795000.0,Annual
E100934,2023-04-01,895000.0,Annual
E100934,2024-04-01,943000.0,Annual
E100934,2025-04-01,1032000.0,Annual
E100935,2021-04-01,826000.0,Opening
E100935,2022-04-01,918000.0,Annual
E100936,2020-04-01,693000.0,Opening
E100936,2021-04-01,712000.0,Annual
E100936,2022-04-01,815000.0,Annual
E100936,2023-04-01,874000.0,Annual
E100937,2020-04-01,400000.0,Opening
E100937,2021-04-01,411000.0,Annual
E100937,2022-04-01,457000.0,Annual
E100938,2020-04-01,1094000.0,Opening
E100938,2021-04-01,1221000.0,Annual
E100938,2022-04-01,1339000.0,Annual
E100939,2020-04-01,687000.0,Opening
E100939,2021-04-01,706000.0,Annual
E100939,2022-04-01,729000.0,Annual
E100940,2020-04-01,3122000.0,Opening
E100940,2021-04-01,3484000.0,Annual
E100940,2022-04-01,3867000.0,Annual
E100940,2023-04-01,4176000.0,Annual
E100940,2024-04-01,4451000.0,Annual
E100940,2025-04-01,4708000.0,Annual
E100941,2020-04-01,461000.0,Opening
E100941,2021-04-01,498000.0,Annual
E100941,2022-04-01,572000.0,Annual
E100942,2022-04-01,844000.0,Hire
E100942,2022-04-01,938000.0,Annual
E100942,2023-04-01,1004000.0,Annual
E100942,2024-04-01,1163000.0,Promotion
E100942,2025-04-01,1262000.0,Annual
E100943,2020-04-01,660000.0,Opening
E100943,2021-04-01,737000.0,Annual
E100943,2022-04-01,849000.0,Annual
E100943,2023-04-01,990000.0,Promotion
E100943,2024-04-01,1069000.0,Annual
E100943,2025-04-01,1183000.0,Annual
E100944,2020-04-01,1942000.0,Opening
E100944,2021-04-01,1996000.0,Annual
E100944,2022-04-01,2076000.0,Annual
E100944,2023-04-01,2241000.0,Annual
E100944,2024-04-01,2241000.0,Annual
E100944,2025-04-01,2401000.0,Annual
E100945,2020-04-01,1338000.0,Opening
E100945,2021-04-01,1493000.0,Annual
E100945,2022-04-01,1655000.0,Annual
E100945,2023-04-01,1762000.0,Annual
E100945,2024-04-01,1932000.0,Annual
E100945,2025-04-01,2113000.0,Annual
E100946,2022-04-01,515000.0,Hire
E100946,2022-04-01,559000.0,Annual
E100946,2023-04-01,601000.0,Annual
E100946,2024-04-01,639000.0,Annual
E100946,2025-04-01,654000.0,Annual
E100947,2022-04-01,713000.0,Hire
E100947,2022-04-01,737000.0,Annual
E100947,2023-04-01,790000.0,Annual
E100947,2024-04-01,805000.0,Annual
E100947,2025-04-01,928000.0,Promotion
E100948,2020-04-01,1248000.0,Opening
E100948,2021-04-01,1283000.0,Annual
E100948,2022-04-01,1332000.0,Annual
E100949,2021-04-01,790000.0,Opening
E100949,2022-04-01,865000.0,Annual
E100950,2020-04-01,351000.0,Opening
E100950,2021-04-01,379000.0,Annual
E100950,2022-04-01,419000.0,Annual
E100950,2023-04-01,450000.0,Annual
E100950,2024-04-01,450000.0,Annual
E100951,2020-04-01,3299000.0,Opening
E100951,2021-04-01,3682000.0,Annual
E100951,2022-04-01,4021000.0,Annual
E100952,2020-04-01,1726000.0,Opening
E100952,2021-04-01,1864000.0,Annual
E100952,2022-04-01,2063000.0,Annual
E100952,2023-04-01,2191000.0,Annual
E100952,2024-04-01,2236000.0,Annual
E100952,2025-04-01,2378000.0,Annual
E100953,2021-04-01,682000.0,Opening
E100953,2022-04-01,770000.0,Annual
E100954,2020-04-01,617000.0,Opening
E100954,2021-04-01,666000.0,Annual
E100954,2022-04-01,691000.0,Annual
E100954,2023-04-01,734000.0,Annual
E100954,2024-04-01,750000.0,Annual
E100954,2025-04-01,769000.0,Annual
E100955,2020-04-01,3533000.0,Opening
E100955,2021-04-01,3632000.0,Annual
E100955,2022-04-01,4393000.0,Promotion
E100955,2023-04-01,4512000.0,Annual
E100955,2024-04-01,4790000.0,Annual
E100955,2025-04-01,5107000.0,Annual
E100956,2021-04-01,320000.0,Opening
E100956,2022-04-01,383000.0,Promotion
E100957,2020-04-01,1901000.0,Opening
E100957,2021-04-01,2205000.0,Annual
E100957,2022-04-01,2496000.0,Annual
E100957,2023-04-01,2660000.0,Annual
E100957,2024-04-01,2906000.0,Annual
E100957,2025-04-01,3179000.0,Annual
E100958,2020-04-01,1924000.0,Opening
E100958,2021-04-01,2078000.0,Annual
E100958,2022-04-01,2448000.0,Promotion
E100958,2023-04-01,2643000.0,Annual
E100958,2024-04-01,2785000.0,Annual
E100958,2025-04-01,2980000.0,Annual
E100959,2020-04-01,1417000.0,Opening
E100959,2021-04-01,1581000.0,Annual
E100959,2022-04-01,1830000.0,Promotion
E100959,2023-04-01,2034000.0,Annual
E100959,2024-04-01,2083000.0,Annual
E100959,2025-04-01,2237000.0,Annual
E100960,2020-04-01,1071000.0,Opening
E100960,2021-04-01,1157000.0,Annual
E100960,2022-04-01,1347000.0,Annual
E100961,2020-04-01,1075000.0,Opening
E100961,2021-04-01,1161000.0,Annual
E100961,2022-04-01,1197000.0,Annual
E100962,2020-04-01,774000.0,Opening
E100962,2021-04-01,864000.0,Annual
E100962,2022-04-01,961000.0,Annual
E100962,2023-04-01,1038000.0,Annual
E100962,2024-04-01,1117000.0,Annual
E100962,2025-04-01,1180000.0,Annual
E100963,2022-04-01,895000.0,Hire
E100963,2022-04-01,986000.0,Annual
E100963,2023-04-01,1078000.0,Annual
E100964,2020-04-01,368000.0,Opening
E100964,2021-04-01,397000.0,Annual
E100964,2022-04-01,438000.0,Annual
E100965,2020-04-01,645000.0,Opening
E100965,2021-04-01,697000.0,Annual
E100965,2022-04-01,809000.0,Annual
E100965,2023-04-01,860000.0,Annual
E100965,2024-04-01,942000.0,Annual
E100965,2025-04-01,1052000.0,Annual
E100966,2020-04-01,1021000.0,Opening
E100966,2021-04-01,1050000.0,Annual
E100966,2022-04-01,1161000.0,Annual
E100966,2023-04-01,1232000.0,Annual
E100966,2024-04-01,1316000.0,Annual
E100966,2025-04-01,1345000.0,Annual
E100967,2021-04-01,634000.0,Opening
E100967,2022-04-01,689000.0,Annual
E100967,2023-04-01,704000.0,Annual
E100967,2024-04-01,765000.0,Annual
E100967,2025-04-01,810000.0,Annual
E100968,2020-04-01,1230000.0,Opening
E100968,2021-04-01,1328000.0,Annual
E100968,2022-04-01,1374000.0,Annual
E100969,2021-04-01,662000.0,Opening
E100969,2022-04-01,764000.0,Annual
E100969,2023-04-01,809000.0,Annual
E100969,2024-04-01,861000.0,Annual
E100969,2025-04-01,883000.0,Annual
E100970,2020-04-01,1405000.0,Opening
E100970,2021-04-01,1517000.0,Annual
E100970,2022-04-01,1666000.0,Annual
E100970,2023-04-01,1795000.0,Annual
E100970,2024-04-01,1899000.0,Annual
E100970,2025-04-01,2028000.0,Annual
E100971,2021-04-01,1146000.0,Opening
E100971,2022-04-01,1190000.0,Annual
E100971,2023-04-01,1280000.0,Annual
E100971,2024-04-01,1356000.0,Annual
E100971,2025-04-01,1387000.0,Annual
E100972,2021-04-01,467000.0,Opening
E100972,2022-04-01,484000.0,Annual
E100972,2023-04-01,496000.0,Annual
E100973,2020-04-01,1158000.0,Opening
E100973,2021-04-01,1251000.0,Annual
E100973,2022-04-01,1391000.0,Annual
E100974,2020-04-01,427000.0,Opening
E100974,2021-04-01,461000.0,Annual
E100974,2022-04-01,502000.0,Annual
E100974,2023-04-01,535000.0,Annual
E100974,2024-04-01,547000.0,Annual
E100974,2025-04-01,650000.0,Promotion
E100975,2020-04-01,384000.0,Opening
E100975,2021-04-01,415000.0,Annual
E100975,2022-04-01,475000.0,Annual
E100975,2023-04-01,513000.0,Annual
E100975,2024-04-01,544000.0,Annual
E100975,2025-04-01,579000.0,Annual
E100976,2022-04-01,426000.0,Hire
E100976,2022-04-01,484000.0,Annual
E100976,2023-04-01,558000.0,Annual
E100976,2024-04-01,673000.0,Promotion
E100976,2025-04-01,759000.0,Annual
E100977,2021-04-01,801000.0,Opening
E100977,2022-04-01,872000.0,Annual
E100977,2023-04-01,934000.0,Annual
E100977,2024-04-01,955000.0,Annual
E100977,2025-04-01,975000.0,Annual
E100978,2022-04-01,845000.0,Hire
E100978,2022-04-01,955000.0,Annual
E100978,2023-04-01,1016000.0,Annual
E100979,2020-04-01,599000.0,Opening
E100979,2021-04-01,599000.0,Annual
E100979,2022-04-01,623000.0,Annual
E100980,2022-04-01,426000.0,Hire
E100980,2022-04-01,469000.0,Annual
E100980,2023-04-01,501000.0,Annual
E100981,2021-04-01,1446000.0,Opening
E100981,2022-04-01,1586000.0,Annual
E100981,2023-04-01,1625000.0,Annual
E100981,2024-04-01,1714000.0,Annual
E100982,2020-04-01,570000.0,Opening
E100982,2021-04-01,616000.0,Annual
E100982,2022-04-01,637000.0,Annual
E100983,2020-04-01,1809000.0,Opening
E100983,2021-04-01,2098000.0,Annual
E100983,2022-04-01,2476000.0,Annual
E100983,2023-04-01,3012000.0,Promotion
E100983,2024-04-01,3281000.0,Annual
E100983,2025-04-01,3803000.0,Promotion
E100984,2022-04-01,425000.0,Hire
E100984,2022-04-01,484000.0,Annual
E100984,2023-04-01,531000.0,Annual
E100984,2024-04-01,571000.0,Annual
E100984,2025-04-01,650000.0,Annual
E100985,2020-04-01,1073000.0,Opening
E100985,2021-04-01,1103000.0,Annual
E100985,2022-04-01,1145000.0,Annual
E100986,2020-04-01,773000.0,Opening
E100986,2021-04-01,835000.0,Annual
E100986,2022-04-01,913000.0,Annual
E100987,2020-04-01,2065000.0,Opening
E100987,2021-04-01,2305000.0,Annual
E100987,2022-04-01,2561000.0,Annual
E100987,2023-04-01,2838000.0,Annual
E100987,2024-04-01,3160000.0,Annual
E100987,2025-04-01,3824000.0,Promotion
E100988,2020-04-01,1229000.0,Opening
E100988,2021-04-01,1327000.0,Annual
E100988,2022-04-01,1564000.0,Promotion
E100989,2020-04-01,1451000.0,Opening
E100989,2021-04-01,1619000.0,Annual
E100989,2022-04-01,1845000.0,Annual
E100989,2023-04-01,1958000.0,Annual
E100989,2024-04-01,2128000.0,Annual
E100989,2025-04-01,2435000.0,Annual
E100990,2020-04-01,340000.0,Opening
E100990,2021-04-01,367000.0,Annual
E100990,2022-04-01,402000.0,Annual
E100990,2023-04-01,427000.0,Annual
E100991,2020-04-01,1070000.0,Opening
E100991,2021-04-01,1156000.0,Annual
E100991,2022-04-01,1334000.0,Annual
E100991,2023-04-01,1364000.0,Annual
E100991,2024-04-01,1632000.0,Promotion
E100991,2025-04-01,1743000.0,Annual
E100992,2020-04-01,626000.0,Opening
E100992,2021-04-01,676000.0,Annual
E100992,2022-04-01,748000.0,Annual
E100992,2023-04-01,768000.0,Annual
E100993,2020-04-01,1124000.0,Opening
E100993,2021-04-01,1214000.0,Annual
E100993,2022-04-01,1324000.0,Annual
E100993,2023-04-01,1473000.0,Annual
E100993,2024-04-01,1567000.0,Annual
E100993,2025-04-01,1734000.0,Annual
E100994,2020-04-01,1807000.0,Opening
E100994,2021-04-01,1952000.0,Annual
E100994,2022-04-01,2022000.0,Annual
E100995,2021-04-01,503000.0,Opening
E100995,2022-04-01,521000.0,Annual
E100995,2023-04-01,559000.0,Annual
E100995,2024-04-01,594000.0,Annual
E100995,2025-04-01,632000.0,Annual
E100996,2022-04-01,495000.0,Hire
E100996,2022-04-01,591000.0,Annual
E100996,2023-04-01,605000.0,Annual
E100996,2024-04-01,644000.0,Annual
E100997,2020-04-01,927000.0,Opening
E100997,2021-04-01,1001000.0,Annual
E100997,2022-04-01,1040000.0,Annual
E100997,2023-04-01,1124000.0,Annual
E100998,2020-04-01,2974000.0,Opening
E100998,2021-04-01,3319000.0,Annual
E100998,2022-04-01,3868000.0,Annual
E100998,2023-04-01,4145000.0,Annual
E100998,2024-04-01,4461000.0,Annual
E100998,2025-04-01,4724000.0,Annual
E100999,2020-04-01,1606000.0,Opening
E100999,2021-04-01,1651000.0,Annual
E100999,2022-04-01,1830000.0,Annual
E101000,2020-04-01,680000.0,Opening
E101000,2021-04-01,789000.0,Annual
E101000,2022-04-01,894000.0,Annual
E101001,2020-04-01,1811000.0,Opening
E101001,2021-04-01,1956000.0,Annual
E101001,2022-04-01,2171000.0,Annual
E101001,2023-04-01,2362000.0,Annual
E101002,2020-04-01,394000.0,Opening
E101002,2021-04-01,426000.0,Annual
E101002,2022-04-01,483000.0,Annual
E101002,2023-04-01,516000.0,Annual
E101002,2024-04-01,620000.0,Promotion
E101003,2020-04-01,363000.0,Opening
E101003,2021-04-01,392000.0,Annual
E101003,2022-04-01,478000.0,Annual
E101003,2023-04-01,509000.0,Annual
E101003,2024-04-01,559000.0,Annual
E101003,2025-04-01,606000.0,Annual
E101004,2021-04-01,856000.0,Opening
E101004,2022-04-01,952000.0,Annual
E101004,2023-04-01,1027000.0,Annual
E101004,2024-04-01,1047000.0,Annual
E101004,2025-04-01,1047000.0,Annual
E101005,2022-04-01,812000.0,Hire
E101005,2022-04-01,914000.0,Annual
E101005,2023-04-01,1060000.0,Annual
E101005,2024-04-01,1177000.0,Annual
E101005,2025-04-01,1382000.0,Promotion
E101006,2020-04-01,1901000.0,Opening
E101006,2021-04-01,2053000.0,Annual
E101006,2022-04-01,2256000.0,Annual
E101006,2023-04-01,2417000.0,Annual
E101006,2024-04-01,2583000.0,Annual
E101006,2025-04-01,2753000.0,Annual
E101007,2020-04-01,356000.0,Opening
E101007,2021-04-01,384000.0,Annual
E101007,2022-04-01,453000.0,Promotion
E101007,2023-04-01,495000.0,Annual
E101008,2020-04-01,800000.0,Opening
E101008,2021-04-01,864000.0,Annual
E101008,2022-04-01,1025000.0,Promotion
E101008,2023-04-01,1025000.0,Annual
E101008,2024-04-01,1049000.0,Annual
E101008,2025-04-01,1124000.0,Annual
E101009,2020-04-01,4754000.0,Opening
E101009,2021-04-01,5305000.0,Annual
E101009,2022-04-01,6164000.0,Annual
E101009,2023-04-01,6560000.0,Annual
E101009,2024-04-01,6967000.0,Annual
E101009,2025-04-01,7613000.0,Annual
E101010,2020-04-01,722000.0,Opening
E101010,2021-04-01,780000.0,Annual
E101010,2022-04-01,862000.0,Annual
E101010,2023-04-01,931000.0,Annual
E101010,2024-04-01,994000.0,Annual
E101010,2025-04-01,1205000.0,Promotion
E101011,2020-04-01,637000.0,Opening
E101011,2021-04-01,688000.0,Annual
E101011,2022-04-01,775000.0,Annual
E101011,2023-04-01,854000.0,Annual
E101011,2024-04-01,904000.0,Annual
E101011,2025-04-01,1093000.0,Promotion
E101012,2020-04-01,635000.0,Opening
E101012,2021-04-01,686000.0,Annual
E101012,2022-04-01,752000.0,Annual
E101012,2023-04-01,768000.0,Annual
E101012,2024-04-01,932000.0,Promotion
E101012,2025-04-01,996000.0,Annual
E101013,2020-04-01,5295000.0,Opening
E101013,2021-04-01,5719000.0,Annual
E101013,2022-04-01,6618000.0,Annual
E101013,2023-04-01,7030000.0,Annual
E101013,2024-04-01,7469000.0,Annual
E101013,2025-04-01,8099000.0,Annual
E101014,2020-04-01,312000.0,Opening
E101014,2021-04-01,337000.0,Annual
E101014,2022-04-01,375000.0,Annual
E101014,2023-04-01,398000.0,Annual
E101014,2024-04-01,425000.0,Annual
E101014,2025-04-01,451000.0,Annual
E101015,2020-04-01,1149000.0,Opening
E101015,2021-04-01,1333000.0,Annual
E101015,2022-04-01,1538000.0,Annual
E101015,2023-04-01,1774000.0,Promotion
E101015,2024-04-01,1950000.0,Annual
E101015,2025-04-01,2347000.0,Promotion
E101016,2020-04-01,694000.0,Opening
E101016,2021-04-01,713000.0,Annual
E101016,2022-04-01,735000.0,Annual
E101017,2021-04-01,909000.0,Opening
E101017,2022-04-01,998000.0,Annual
E101017,2023-04-01,1096000.0,Annual
E101017,2024-04-01,1205000.0,Annual
E101017,2025-04-01,1396000.0,Promotion
E101018,2021-04-01,403000.0,Opening
E101018,2022-04-01,442000.0,Annual
E101019,2020-04-01,722000.0,Opening
E101019,2021-04-01,780000.0,Annual
E101019,2022-04-01,926000.0,Promotion
E101020,2020-04-01,782000.0,Opening
E101020,2021-04-01,873000.0,Annual
E101020,2022-04-01,962000.0,Annual
E101021,2020-04-01,621000.0,Opening
E101021,2021-04-01,671000.0,Annual
E101021,2022-04-01,779000.0,Annual
E101021,2023-04-01,830000.0,Annual
E101021,2024-04-01,894000.0,Annual
E101022,2021-04-01,856000.0,Opening
E101022,2022-04-01,856000.0,Annual
E101023,2020-04-01,1206000.0,Opening
E101023,2021-04-01,1302000.0,Annual
E101023,2022-04-01,1425000.0,Annual
E101023,2023-04-01,1516000.0,Annual
E101023,2024-04-01,1609000.0,Annual
E101023,2025-04-01,1718000.0,Annual
E101024,2020-04-01,2021000.0,Opening
E101024,2021-04-01,2255000.0,Annual
E101024,2022-04-01,2479000.0,Annual
E101024,2023-04-01,2640000.0,Annual
E101024,2024-04-01,2929000.0,Annual
E101024,2025-04-01,3107000.0,Annual
E101025,2020-04-01,700000.0,Opening
E101025,2021-04-01,781000.0,Annual
E101025,2022-04-01,892000.0,Annual
E101025,2023-04-01,948000.0,Annual
E101025,2024-04-01,967000.0,Annual
E101025,2025-04-01,1027000.0,Annual
E101026,2021-04-01,701000.0,Opening
E101026,2022-04-01,729000.0,Annual
E101027,2020-04-01,2552000.0,Opening
E101027,2021-04-01,2848000.0,Annual
E101027,2022-04-01,3091000.0,Annual
E101027,2023-04-01,3292000.0,Annual
E101027,2024-04-01,3604000.0,Annual
E101027,2025-04-01,3816000.0,Annual
E101028,2020-04-01,336000.0,Opening
E101028,2021-04-01,363000.0,Annual
E101028,2022-04-01,419000.0,Annual
E101028,2023-04-01,445000.0,Annual
E101028,2024-04-01,470000.0,Annual
E101028,2025-04-01,499000.0,Annual
E101029,2020-04-01,382000.0,Opening
E101029,2021-04-01,413000.0,Annual
E101029,2022-04-01,450000.0,Annual
E101029,2023-04-01,546000.0,Promotion
E101030,2020-04-01,2139000.0,Opening
E101030,2021-04-01,2199000.0,Annual
E101030,2022-04-01,2278000.0,Annual
E101030,2023-04-01,2418000.0,Annual
E101030,2024-04-01,2473000.0,Annual
E101030,2025-04-01,2537000.0,Annual
E101031,2020-04-01,426000.0,Opening
E101031,2021-04-01,426000.0,Annual
E101031,2022-04-01,440000.0,Annual
E101031,2023-04-01,451000.0,Annual
E101031,2024-04-01,461000.0,Annual
E101032,2021-04-01,391000.0,Opening
E101032,2022-04-01,426000.0,Annual
E101033,2020-04-01,666000.0,Opening
E101033,2021-04-01,685000.0,Annual
E101033,2022-04-01,749000.0,Annual
E101033,2023-04-01,768000.0,Annual
E101034,2021-04-01,772000.0,Opening
E101034,2022-04-01,872000.0,Annual
E101034,2023-04-01,995000.0,Annual
E101035,2020-04-01,791000.0,Opening
E101035,2021-04-01,883000.0,Annual
E101035,2022-04-01,971000.0,Annual
E101035,2023-04-01,998000.0,Annual
E101035,2024-04-01,1020000.0,Annual
E101035,2025-04-01,1119000.0,Annual
E101036,2020-04-01,2009000.0,Opening
E101036,2021-04-01,2170000.0,Annual
E101036,2022-04-01,2390000.0,Annual
E101036,2023-04-01,2561000.0,Annual
E101036,2024-04-01,2700000.0,Annual
E101036,2025-04-01,2758000.0,Annual
E101037,2022-04-01,321000.0,Hire
E101037,2023-04-01,365000.0,Annual
E101037,2024-04-01,400000.0,Annual
E101037,2025-04-01,427000.0,Annual
E101038,2020-04-01,314000.0,Opening
E101038,2021-04-01,339000.0,Annual
E101038,2022-04-01,374000.0,Annual
E101038,2023-04-01,397000.0,Annual
E101038,2024-04-01,405000.0,Annual
E101038,2025-04-01,434000.0,Annual
E101039,2022-04-01,374000.0,Hire
E101040,2020-04-01,3056000.0,Opening
E101040,2021-04-01,3300000.0,Annual
E101040,2022-04-01,3654000.0,Annual
E101040,2023-04-01,3901000.0,Annual
E101040,2024-04-01,3993000.0,Annual
E101040,2025-04-01,4229000.0,Annual
E101041,2020-04-01,645000.0,Opening
E101041,2021-04-01,663000.0,Annual
E101041,2022-04-01,776000.0,Annual
E101041,2023-04-01,845000.0,Annual
E101041,2024-04-01,902000.0,Annual
E101041,2025-04-01,1097000.0,Promotion
E101042,2020-04-01,625000.0,Opening
E101042,2021-04-01,675000.0,Annual
E101042,2022-04-01,747000.0,Annual
E101043,2020-04-01,1210000.0,Opening
E101043,2021-04-01,1307000.0,Annual
E101043,2022-04-01,1353000.0,Annual
E101044,2020-04-01,2481000.0,Opening
E101044,2021-04-01,2679000.0,Annual
E101044,2022-04-01,2774000.0,Annual
E101044,2023-04-01,2965000.0,Annual
E101045,2020-04-01,693000.0,Opening
E101045,2021-04-01,773000.0,Annual
E101045,2022-04-01,928000.0,Annual
E101045,2023-04-01,1023000.0,Annual
E101045,2024-04-01,1155000.0,Annual
E101045,2025-04-01,1373000.0,Promotion
E101046,2020-04-01,1372000.0,Opening
E101046,2021-04-01,1482000.0,Annual
E101046,2022-04-01,1626000.0,Annual
E101046,2023-04-01,1741000.0,Annual
E101046,2024-04-01,2078000.0,Promotion
E101046,2025-04-01,2218000.0,Annual
E101047,2021-04-01,331000.0,Opening
E101047,2022-04-01,331000.0,Annual
E101048,2020-04-01,659000.0,Opening
E101048,2021-04-01,764000.0,Annual
E101048,2022-04-01,883000.0,Annual
E101048,2023-04-01,941000.0,Annual
E101048,2024-04-01,1028000.0,Annual
E101048,2025-04-01,1148000.0,Annual
E101049,2020-04-01,667000.0,Opening
E101049,2021-04-01,744000.0,Annual
E101049,2022-04-01,812000.0,Annual
E101049,2023-04-01,877000.0,Annual
E101049,2024-04-01,924000.0,Annual
E101049,2025-04-01,986000.0,Annual
E101050,2020-04-01,446000.0,Opening
E101050,2021-04-01,482000.0,Annual
E101050,2022-04-01,532000.0,Annual
E101050,2023-04-01,614000.0,Annual
E101050,2024-04-01,649000.0,Annual
E101050,2025-04-01,690000.0,Annual
E101051,2020-04-01,336000.0,Opening
E101051,2021-04-01,363000.0,Annual
E101051,2022-04-01,445000.0,Annual
E101051,2023-04-01,505000.0,Annual
E101051,2024-04-01,531000.0,Annual
E101051,2025-04-01,566000.0,Annual
E101052,2020-04-01,466000.0,Opening
E101052,2021-04-01,503000.0,Annual
E101052,2022-04-01,522000.0,Annual
E101052,2023-04-01,561000.0,Annual
E101052,2024-04-01,591000.0,Annual
E101052,2025-04-01,633000.0,Annual
E101053,2020-04-01,394000.0,Opening
E101053,2021-04-01,440000.0,Annual
E101053,2022-04-01,485000.0,Annual
E101053,2023-04-01,514000.0,Annual
E101053,2024-04-01,554000.0,Annual
E101054,2020-04-01,1637000.0,Opening
E101054,2021-04-01,1768000.0,Annual
E101054,2022-04-01,1956000.0,Annual
E101055,2020-04-01,1359000.0,Opening
E101055,2021-04-01,1576000.0,Annual
E101055,2022-04-01,1916000.0,Promotion
E101056,2020-04-01,309000.0,Opening
E101056,2021-04-01,345000.0,Annual
E101056,2022-04-01,400000.0,Annual
E101057,2021-04-01,856000.0,Opening
E101057,2022-04-01,937000.0,Annual
E101057,2023-04-01,1000000.0,Annual
E101057,2024-04-01,1021000.0,Annual
E101058,2020-04-01,1249000.0,Opening
E101058,2021-04-01,1349000.0,Annual
E101058,2022-04-01,1542000.0,Annual
E101058,2023-04-01,1652000.0,Annual
E101059,2020-04-01,1767000.0,Opening
E101059,2021-04-01,1908000.0,Annual
E101059,2022-04-01,2196000.0,Annual
E101059,2023-04-01,2366000.0,Annual
E101059,2024-04-01,2592000.0,Annual
E101059,2025-04-01,3090000.0,Promotion
E101060,2020-04-01,610000.0,Opening
E101060,2021-04-01,681000.0,Annual
E101060,2022-04-01,753000.0,Annual
E101061,2020-04-01,1143000.0,Opening
E101061,2021-04-01,1276000.0,Annual
E101061,2022-04-01,1545000.0,Annual
E101062,2020-04-01,378000.0,Opening
E101062,2021-04-01,408000.0,Annual
E101062,2022-04-01,444000.0,Annual
E101062,2023-04-01,474000.0,Annual
E101063,2020-04-01,1323000.0,Opening
E101063,2021-04-01,1429000.0,Annual
E101063,2022-04-01,1589000.0,Annual
E101063,2023-04-01,1770000.0,Annual
E101063,2024-04-01,1880000.0,Annual
E101063,2025-04-01,2000000.0,Annual
E101064,2020-04-01,2188000.0,Opening
E101064,2021-04-01,2363000.0,Annual
E101064,2022-04-01,2585000.0,Annual
E101064,2023-04-01,2789000.0,Annual
E101065,2021-04-01,897000.0,Opening
E101065,2022-04-01,993000.0,Annual
E101065,2023-04-01,1063000.0,Annual
E101065,2024-04-01,1085000.0,Annual
E101065,2025-04-01,1110000.0,Annual
E101066,2020-04-01,436000.0,Opening
E101066,2021-04-01,471000.0,Annual
E101066,2022-04-01,517000.0,Annual
E101066,2023-04-01,558000.0,Annual
E101067,2021-04-01,404000.0,Opening
E101067,2022-04-01,419000.0,Annual
E101067,2023-04-01,419000.0,Annual
E101067,2024-04-01,419000.0,Annual
E101067,2025-04-01,419000.0,Annual
E101068,2020-04-01,1106000.0,Opening
E101068,2021-04-01,1194000.0,Annual
E101068,2022-04-01,1300000.0,Annual
E101068,2023-04-01,1393000.0,Annual
E101068,2024-04-01,1418000.0,Annual
E101068,2025-04-01,1707000.0,Promotion
E101069,2020-04-01,1189000.0,Opening
E101069,2021-04-01,1284000.0,Annual
E101069,2022-04-01,1415000.0,Annual
E101069,2023-04-01,1449000.0,Annual
E101069,2024-04-01,1481000.0,Annual
E101069,2025-04-01,1519000.0,Annual
E101070,2020-04-01,297000.0,Opening
E101070,2021-04-01,305000.0,Annual
E101070,2022-04-01,315000.0,Annual
E101070,2023-04-01,322000.0,Annual
E101070,2024-04-01,329000.0,Annual
E101070,2025-04-01,337000.0,Annual
E101071,2021-04-01,818000.0,Opening
E101071,2022-04-01,903000.0,Annual
E101072,2020-04-01,3552000.0,Opening
E101072,2021-04-01,3836000.0,Annual
E101072,2022-04-01,4196000.0,Annual
E101072,2023-04-01,4652000.0,Annual
E101072,2024-04-01,5556000.0,Promotion
E101072,2025-04-01,5664000.0,Annual
E101073,2022-04-01,387000.0,Hire
E101073,2023-04-01,417000.0,Annual
E101073,2024-04-01,452000.0,Annual
E101073,2025-04-01,462000.0,Annual
E101074,2020-04-01,432000.0,Opening
E101074,2021-04-01,467000.0,Annual
E101074,2022-04-01,543000.0,Annual
E101074,2023-04-01,586000.0,Annual
E101074,2024-04-01,663000.0,Annual
E101074,2025-04-01,702000.0,Annual
E101075,2022-04-01,469000.0,Hire
E101075,2022-04-01,519000.0,Annual
E101075,2023-04-01,551000.0,Annual
E101075,2024-04-01,648000.0,Promotion
E101075,2025-04-01,689000.0,Annual
E101076,2021-04-01,723000.0,Opening
E101076,2022-04-01,723000.0,Annual
E101076,2023-04-01,776000.0,Annual
E101076,2024-04-01,825000.0,Annual
E101077,2020-04-01,816000.0,Opening
E101077,2021-04-01,839000.0,Annual
E101077,2022-04-01,915000.0,Annual
E101077,2023-04-01,983000.0,Annual
E101077,2024-04-01,983000.0,Annual
E101078,2020-04-01,1840000.0,Opening
E101078,2021-04-01,1840000.0,Annual
E101078,2022-04-01,2012000.0,Annual
E101078,2023-04-01,2063000.0,Annual
E101078,2024-04-01,2110000.0,Annual
E101079,2022-04-01,480000.0,Hire
E101079,2022-04-01,521000.0,Annual
E101079,2023-04-01,533000.0,Annual
E101080,2021-04-01,386000.0,Opening
E101080,2022-04-01,434000.0,Annual
E101081,2020-04-01,2719000.0,Opening
E101081,2021-04-01,2937000.0,Annual
E101081,2022-04-01,3262000.0,Annual
E101082,2021-04-01,500000.0,Opening
E101082,2022-04-01,568000.0,Annual
E101083,2020-04-01,370000.0,Opening
E101083,2021-04-01,413000.0,Annual
E101083,2022-04-01,491000.0,Promotion
E101084,2020-04-01,698000.0,Opening
E101084,2021-04-01,754000.0,Annual
E101084,2022-04-01,836000.0,Annual
E101084,2023-04-01,1005000.0,Promotion
E101084,2024-04-01,1101000.0,Annual
E101084,2025-04-01,1128000.0,Annual
E101085,2021-04-01,434000.0,Opening
E101085,2022-04-01,503000.0,Annual
E101085,2023-04-01,542000.0,Annual
E101085,2024-04-01,577000.0,Annual
E101085,2025-04-01,611000.0,Annual
E101086,2020-04-01,408000.0,Opening
E101086,2021-04-01,455000.0,Annual
E101086,2022-04-01,530000.0,Annual
E101086,2023-04-01,602000.0,Annual
E101086,2024-04-01,674000.0,Annual
E101086,2025-04-01,721000.0,Annual
E101087,2020-04-01,718000.0,Opening
E101087,2021-04-01,775000.0,Annual
E101087,2022-04-01,871000.0,Annual
E101088,2020-04-01,690000.0,Opening
E101088,2021-04-01,745000.0,Annual
E101088,2022-04-01,816000.0,Annual
E101088,2023-04-01,836000.0,Annual
E101088,2024-04-01,853000.0,Annual
E101088,2025-04-01,914000.0,Annual
E101089,2020-04-01,532000.0,Opening
E101089,2021-04-01,575000.0,Annual
E101089,2022-04-01,635000.0,Annual
E101089,2023-04-01,698000.0,Annual
E101089,2024-04-01,762000.0,Annual
E101089,2025-04-01,817000.0,Annual
E101090,2020-04-01,883000.0,Opening
E101090,2021-04-01,954000.0,Annual
E101090,2022-04-01,992000.0,Annual
E101090,2023-04-01,1019000.0,Annual
E101090,2024-04-01,1078000.0,Annual
E101090,2025-04-01,1142000.0,Annual
E101091,2020-04-01,688000.0,Opening
E101091,2021-04-01,743000.0,Annual
E101091,2022-04-01,769000.0,Annual
E101092,2020-04-01,420000.0,Opening
E101092,2021-04-01,454000.0,Annual
E101092,2022-04-01,513000.0,Annual
E101092,2023-04-01,549000.0,Annual
E101092,2024-04-01,583000.0,Annual
E101092,2025-04-01,623000.0,Annual
E101093,2020-04-01,1347000.0,Opening
E101093,2021-04-01,1347000.0,Annual
E101093,2022-04-01,1390000.0,Annual
E101094,2022-04-01,735000.0,Hire
E101094,2022-04-01,802000.0,Annual
E101094,2023-04-01,881000.0,Annual
E101094,2024-04-01,898000.0,Annual
E101095,2020-04-01,403000.0,Opening
E101095,2021-04-01,435000.0,Annual
E101095,2022-04-01,475000.0,Annual
E101095,2023-04-01,508000.0,Annual
E101095,2024-04-01,618000.0,Promotion
E101095,2025-04-01,675000.0,Annual
E101096,2020-04-01,684000.0,Opening
E101096,2021-04-01,793000.0,Annual
E101096,2022-04-01,910000.0,Annual
E101097,2021-04-01,357000.0,Opening
E101097,2022-04-01,392000.0,Annual
E101097,2023-04-01,403000.0,Annual
E101097,2024-04-01,430000.0,Annual
E101097,2025-04-01,430000.0,Annual
E101098,2020-04-01,1725000.0,Opening
E101098,2021-04-01,1925000.0,Annual
E101098,2022-04-01,2269000.0,Promotion
E101098,2023-04-01,2412000.0,Annual
E101098,2024-04-01,2806000.0,Promotion
E101098,2025-04-01,3049000.0,Annual
E101099,2020-04-01,379000.0,Opening
E101099,2021-04-01,409000.0,Annual
E101099,2022-04-01,450000.0,Annual
E101100,2021-04-01,443000.0,Opening
E101100,2022-04-01,514000.0,Annual
E101100,2023-04-01,568000.0,Annual
E101100,2024-04-01,625000.0,Annual
E101100,2025-04-01,708000.0,Annual
E101101,2021-04-01,1338000.0,Opening
E101101,2022-04-01,1454000.0,Annual
E101101,2023-04-01,1621000.0,Annual
E101101,2024-04-01,1708000.0,Annual
E101101,2025-04-01,1987000.0,Promotion
E101102,2020-04-01,1138000.0,Opening
E101102,2021-04-01,1320000.0,Annual
E101102,2022-04-01,1581000.0,Promotion
E101102,2023-04-01,1778000.0,Annual
E101102,2024-04-01,1871000.0,Annual
E101102,2025-04-01,2037000.0,Annual
E101103,2020-04-01,1645000.0,Opening
E101103,2021-04-01,1777000.0,Annual
E101103,2022-04-01,1843000.0,Annual
E101103,2023-04-01,1968000.0,Annual
E101104,2020-04-01,1172000.0,Opening
E101104,2021-04-01,1266000.0,Annual
E101104,2022-04-01,1266000.0,Annual
E101105,2020-04-01,766000.0,Opening
E101105,2021-04-01,787000.0,Annual
E101105,2022-04-01,813000.0,Annual
E101105,2023-04-01,833000.0,Annual
E101105,2024-04-01,884000.0,Annual
E101105,2025-04-01,884000.0,Annual
E101106,2021-04-01,877000.0,Opening
E101106,2022-04-01,957000.0,Annual
E101106,2023-04-01,1057000.0,Annual
E101107,2020-04-01,642000.0,Opening
E101107,2021-04-01,716000.0,Annual
E101107,2022-04-01,830000.0,Annual
E101108,2020-04-01,748000.0,Opening
E101108,2021-04-01,748000.0,Annual
E101108,2022-04-01,771000.0,Annual
E101108,2023-04-01,788000.0,Annual
E101108,2024-04-01,961000.0,Promotion
E101108,2025-04-01,961000.0,Annual
E101109,2020-04-01,2889000.0,Opening
E101109,2021-04-01,3351000.0,Annual
E101109,2022-04-01,4009000.0,Annual
E101109,2023-04-01,4496000.0,Annual
E101109,2024-04-01,5405000.0,Promotion
E101109,2025-04-01,5856000.0,Annual
E101110,2020-04-01,428000.0,Opening
E101110,2021-04-01,462000.0,Annual
E101110,2022-04-01,508000.0,Annual
E101110,2023-04-01,546000.0,Annual
E101110,2024-04-01,583000.0,Annual
E101110,2025-04-01,619000.0,Annual
E101111,2020-04-01,1459000.0,Opening
E101111,2021-04-01,1576000.0,Annual
E101111,2022-04-01,1732000.0,Annual
E101111,2023-04-01,1862000.0,Annual
E101111,2024-04-01,1979000.0,Annual
E101111,2025-04-01,2105000.0,Annual
E101112,2020-04-01,287000.0,Opening
E101112,2021-04-01,310000.0,Annual
E101112,2022-04-01,342000.0,Annual
E101112,2023-04-01,364000.0,Annual
E101112,2024-04-01,388000.0,Annual
E101113,2021-04-01,463000.0,Opening
E101113,2022-04-01,538000.0,Promotion
E101113,2023-04-01,572000.0,Annual
E101113,2024-04-01,628000.0,Annual
E101113,2025-04-01,665000.0,Annual
E101114,2020-04-01,2558000.0,Opening
E101114,2021-04-01,2855000.0,Annual
E101114,2022-04-01,3372000.0,Annual
E101114,2023-04-01,4072000.0,Promotion
E101115,2021-04-01,411000.0,Opening
E101115,2022-04-01,450000.0,Annual
E101115,2023-04-01,460000.0,Annual
E101116,2021-04-01,769000.0,Opening
E101116,2022-04-01,848000.0,Annual
E101116,2023-04-01,907000.0,Annual
E101116,2024-04-01,967000.0,Annual
E101116,2025-04-01,1064000.0,Annual
E101117,2020-04-01,1819000.0,Opening
E101117,2021-04-01,1965000.0,Annual
E101117,2022-04-01,2165000.0,Annual
E101117,2023-04-01,2336000.0,Annual
E101117,2024-04-01,2565000.0,Annual
E101118,2020-04-01,1091000.0,Opening
E101118,2021-04-01,1178000.0,Annual
E101118,2022-04-01,1300000.0,Annual
E101118,2023-04-01,1402000.0,Annual
E101118,2024-04-01,1496000.0,Annual
E101118,2025-04-01,1760000.0,Promotion
E101119,2020-04-01,725000.0,Opening
E101119,2021-04-01,809000.0,Annual
E101119,2022-04-01,890000.0,Annual
E101119,2023-04-01,945000.0,Annual
E101119,2024-04-01,1005000.0,Annual
E101119,2025-04-01,1069000.0,Annual
E101120,2020-04-01,1366000.0,Opening
E101120,2021-04-01,1475000.0,Annual
E101120,2022-04-01,1701000.0,Annual
E101120,2023-04-01,1874000.0,Annual
E101120,2024-04-01,2051000.0,Annual
E101120,2025-04-01,2248000.0,Annual
E101121,2020-04-01,3192000.0,Opening
E101121,2021-04-01,3447000.0,Annual
E101121,2022-04-01,3785000.0,Annual
E101121,2023-04-01,4118000.0,Annual
E101121,2024-04-01,4378000.0,Annual
E101121,2025-04-01,5099000.0,Promotion
E101122,2020-04-01,2901000.0,Opening
E101122,2021-04-01,3133000.0,Annual
E101122,2022-04-01,3610000.0,Annual
E101123,2021-04-01,537000.0,Opening
E101123,2022-04-01,598000.0,Annual
E101123,2023-04-01,638000.0,Annual
E101124,2021-04-01,474000.0,Opening
E101124,2022-04-01,522000.0,Annual
E101124,2023-04-01,533000.0,Annual
E101124,2024-04-01,564000.0,Annual
E101124,2025-04-01,604000.0,Annual
E101125,2020-04-01,333000.0,Opening
E101125,2021-04-01,342000.0,Annual
E101125,2022-04-01,376000.0,Annual
E101125,2023-04-01,402000.0,Annual
E101125,2024-04-01,411000.0,Annual
E101125,2025-04-01,490000.0,Promotion
E101126,2022-04-01,404000.0,Hire
E101126,2022-04-01,443000.0,Annual
E101127,2021-04-01,1088000.0,Opening
E101127,2022-04-01,1260000.0,Annual
E101128,2020-04-01,1774000.0,Opening
E101128,2021-04-01,1980000.0,Annual
E101128,2022-04-01,2153000.0,Annual
E101128,2023-04-01,2307000.0,Annual
E101128,2024-04-01,2434000.0,Annual
E101128,2025-04-01,2663000.0,Annual
E101129,2020-04-01,365000.0,Opening
E101129,2021-04-01,394000.0,Annual
E101129,2022-04-01,430000.0,Annual
E101129,2023-04-01,479000.0,Annual
E101129,2024-04-01,506000.0,Annual
E101129,2025-04-01,519000.0,Annual
E101130,2020-04-01,370000.0,Opening
E101130,2021-04-01,400000.0,Annual
E101130,2022-04-01,434000.0,Annual
E101130,2023-04-01,444000.0,Annual
E101130,2024-04-01,468000.0,Annual
E101130,2025-04-01,501000.0,Annual
E101131,2020-04-01,855000.0,Opening
E101131,2021-04-01,923000.0,Annual
E101131,2022-04-01,1019000.0,Annual
E101131,2023-04-01,1042000.0,Annual
E101131,2024-04-01,1100000.0,Annual
E101131,2025-04-01,1165000.0,Annual
E101132,2020-04-01,1289000.0,Opening
E101132,2021-04-01,1325000.0,Annual
E101132,2022-04-01,1370000.0,Annual
E101132,2023-04-01,1477000.0,Annual
E101132,2024-04-01,1508000.0,Annual
E101132,2025-04-01,1508000.0,Annual
E101133,2020-04-01,1621000.0,Opening
E101133,2021-04-01,1751000.0,Annual
E101133,2022-04-01,1917000.0,Annual
E101133,2023-04-01,2052000.0,Annual
E101134,2022-04-01,721000.0,Hire
E101134,2022-04-01,817000.0,Annual
E101134,2023-04-01,871000.0,Annual
E101134,2024-04-01,949000.0,Annual
E101134,2025-04-01,1005000.0,Annual
E101135,2020-04-01,1072000.0,Opening
E101135,2021-04-01,1196000.0,Annual
E101135,2022-04-01,1344000.0,Annual
E101135,2023-04-01,1589000.0,Promotion
E101135,2024-04-01,1739000.0,Annual
E101135,2025-04-01,1907000.0,Annual
E101136,2020-04-01,1835000.0,Opening
E101136,2021-04-01,1982000.0,Annual
E101136,2022-04-01,2207000.0,Annual
E101136,2023-04-01,2411000.0,Annual
E101136,2024-04-01,2562000.0,Annual
E101136,2025-04-01,2744000.0,Annual
E101137,2020-04-01,2161000.0,Opening
E101137,2021-04-01,2334000.0,Annual
E101137,2022-04-01,2334000.0,Annual
E101137,2023-04-01,2497000.0,Annual
E101137,2024-04-01,3043000.0,Promotion
E101137,2025-04-01,3043000.0,Annual
E101138,2020-04-01,441000.0,Opening
E101138,2021-04-01,476000.0,Annual
E101138,2022-04-01,546000.0,Annual
E101138,2023-04-01,588000.0,Annual
E101138,2024-04-01,682000.0,Promotion
E101138,2025-04-01,727000.0,Annual
E101139,2020-04-01,1220000.0,Opening
E101139,2021-04-01,1318000.0,Annual
E101139,2022-04-01,1434000.0,Annual
E101139,2023-04-01,1532000.0,Annual
E101139,2024-04-01,1626000.0,Annual
E101139,2025-04-01,1730000.0,Annual
E101140,2020-04-01,1398000.0,Opening
E101140,2021-04-01,1560000.0,Annual
E101140,2022-04-01,1755000.0,Annual
E101140,2023-04-01,1924000.0,Annual
E101141,2020-04-01,1589000.0,Opening
E101141,2021-04-01,1773000.0,Annual
E101141,2022-04-01,1964000.0,Annual
E101141,2023-04-01,2019000.0,Annual
E101142,2020-04-01,804000.0,Opening
E101142,2021-04-01,868000.0,Annual
E101142,2022-04-01,947000.0,Annual
E101142,2023-04-01,1019000.0,Annual
E101142,2024-04-01,1082000.0,Annual
E101142,2025-04-01,1162000.0,Annual
E101143,2020-04-01,451000.0,Opening
E101143,2021-04-01,503000.0,Annual
E101143,2022-04-01,610000.0,Annual
E101143,2023-04-01,655000.0,Annual
E101144,2020-04-01,713000.0,Opening
E101144,2021-04-01,827000.0,Annual
E101144,2022-04-01,956000.0,Promotion
E101144,2023-04-01,1056000.0,Annual
E101144,2024-04-01,1160000.0,Annual
E101144,2025-04-01,1322000.0,Annual
E101145,2021-04-01,705000.0,Opening
E101145,2022-04-01,767000.0,Annual
E101145,2023-04-01,816000.0,Annual
E101146,2020-04-01,578000.0,Opening
E101146,2021-04-01,594000.0,Annual
E101146,2022-04-01,615000.0,Annual
E101146,2023-04-01,615000.0,Annual
E101147,2020-04-01,1031000.0,Opening
E101147,2021-04-01,1060000.0,Annual
E101147,2022-04-01,1102000.0,Annual
E101148,2020-04-01,1148000.0,Opening
E101148,2021-04-01,1240000.0,Annual
E101148,2022-04-01,1373000.0,Annual
E101149,2021-04-01,1404000.0,Opening
E101149,2022-04-01,1556000.0,Annual
E101149,2023-04-01,1714000.0,Annual
E101149,2024-04-01,1745000.0,Annual
E101149,2025-04-01,1852000.0,Annual
E101150,2020-04-01,1075000.0,Opening
E101150,2021-04-01,1200000.0,Annual
E101150,2022-04-01,1326000.0,Annual
E101151,2020-04-01,391000.0,Opening
E101151,2021-04-01,402000.0,Annual
E101151,2022-04-01,440000.0,Annual
E101151,2023-04-01,472000.0,Annual
E101151,2024-04-01,504000.0,Annual
E101151,2025-04-01,515000.0,Annual
E101152,2021-04-01,342000.0,Opening
E101152,2022-04-01,379000.0,Annual
E101152,2023-04-01,387000.0,Annual
E101152,2024-04-01,395000.0,Annual
E101153,2020-04-01,703000.0,Opening
E101153,2021-04-01,759000.0,Annual
E101153,2022-04-01,844000.0,Annual
E101153,2023-04-01,897000.0,Annual
E101153,2024-04-01,1071000.0,Promotion
E101153,2025-04-01,1140000.0,Annual
E101154,2020-04-01,2218000.0,Opening
E101154,2021-04-01,2395000.0,Annual
E101154,2022-04-01,2600000.0,Annual
E101154,2023-04-01,3145000.0,Promotion
E101154,2024-04-01,3393000.0,Annual
E101154,2025-04-01,3603000.0,Annual
E101155,2020-04-01,1250000.0,Opening
E101155,2021-04-01,1350000.0,Annual
E101155,2022-04-01,1564000.0,Promotion
E101155,2023-04-01,1703000.0,Annual
E101155,2024-04-01,1805000.0,Annual
E101155,2025-04-01,1922000.0,Annual
E101156,2020-04-01,1102000.0,Opening
E101156,2021-04-01,1190000.0,Annual
E101156,2022-04-01,1306000.0,Annual
E101156,2023-04-01,1389000.0,Annual
E101156,2024-04-01,1484000.0,Annual
E101156,2025-04-01,1574000.0,Annual
E101157,2020-04-01,1108000.0,Opening
E101157,2021-04-01,1197000.0,Annual
E101157,2022-04-01,1333000.0,Annual
E101157,2023-04-01,1594000.0,Promotion
E101157,2024-04-01,1736000.0,Annual
E101157,2025-04-01,1774000.0,Annual
E101158,2020-04-01,1254000.0,Opening
E101158,2021-04-01,1399000.0,Annual
E101158,2022-04-01,1539000.0,Annual
E101158,2023-04-01,1693000.0,Annual
E101158,2024-04-01,1886000.0,Annual
E101158,2025-04-01,2147000.0,Annual
E101159,2020-04-01,4707000.0,Opening
E101159,2021-04-01,5084000.0,Annual
E101159,2022-04-01,5930000.0,Annual
E101159,2023-04-01,6077000.0,Annual
E101159,2024-04-01,6392000.0,Annual
E101159,2025-04-01,6847000.0,Annual
E101160,2021-04-01,1047000.0,Opening
E101160,2022-04-01,1141000.0,Annual
E101160,2023-04-01,1214000.0,Annual
E101160,2024-04-01,1239000.0,Annual
E101160,2025-04-01,1322000.0,Annual
E101161,2020-04-01,2001000.0,Opening
E101161,2021-04-01,2161000.0,Annual
E101161,2022-04-01,2248000.0,Annual
E101162,2020-04-01,3437000.0,Opening
E101162,2021-04-01,3712000.0,Annual
E101162,2022-04-01,3856000.0,Annual
E101163,2020-04-01,1156000.0,Opening
E101163,2021-04-01,1290000.0,Annual
E101163,2022-04-01,1419000.0,Annual
E101163,2023-04-01,1457000.0,Annual
E101164,2020-04-01,1506000.0,Opening
E101164,2021-04-01,1626000.0,Annual
E101164,2022-04-01,1771000.0,Annual
E101165,2021-04-01,367000.0,Opening
E101165,2022-04-01,421000.0,Annual
E101166,2022-04-01,488000.0,Hire
E101166,2023-04-01,531000.0,Annual
E101166,2024-04-01,563000.0,Annual
E101166,2025-04-01,682000.0,Promotion
E101167,2020-04-01,3310000.0,Opening
E101167,2021-04-01,3575000.0,Annual
E101167,2022-04-01,3710000.0,Annual
E101168,2020-04-01,383000.0,Opening
E101168,2021-04-01,427000.0,Annual
E101168,2022-04-01,470000.0,Annual
E101168,2023-04-01,543000.0,Annual
E101168,2024-04-01,639000.0,Promotion
E101168,2025-04-01,678000.0,Annual
E101169,2020-04-01,641000.0,Opening
E101169,2021-04-01,692000.0,Annual
E101169,2022-04-01,835000.0,Promotion
E101169,2023-04-01,853000.0,Annual
E101169,2024-04-01,868000.0,Annual
E101169,2025-04-01,1024000.0,Promotion
E101170,2022-04-01,459000.0,Hire
E101170,2023-04-01,459000.0,Annual
E101171,2020-04-01,1442000.0,Opening
E101171,2021-04-01,1673000.0,Annual
E101171,2022-04-01,1980000.0,Promotion
E101171,2023-04-01,2228000.0,Annual
E101171,2024-04-01,2437000.0,Annual
E101171,2025-04-01,2790000.0,Annual
E101172,2020-04-01,377000.0,Opening
E101172,2021-04-01,421000.0,Annual
E101172,2022-04-01,437000.0,Annual
E101172,2023-04-01,447000.0,Annual
E101172,2024-04-01,473000.0,Annual
E101172,2025-04-01,501000.0,Annual
E101173,2021-04-01,960000.0,Opening
E101173,2022-04-01,1056000.0,Annual
E101173,2023-04-01,1123000.0,Annual
E101173,2024-04-01,1313000.0,Promotion
E101173,2025-04-01,1400000.0,Annual
E101174,2020-04-01,323000.0,Opening
E101174,2021-04-01,349000.0,Annual
E101174,2022-04-01,360000.0,Annual
E101175,2020-04-01,1430000.0,Opening
E101175,2021-04-01,1544000.0,Annual
E101175,2022-04-01,1763000.0,Annual
E101175,2023-04-01,1934000.0,Annual
E101175,2024-04-01,2079000.0,Annual
E101175,2025-04-01,2356000.0,Annual
E101176,2020-04-01,1971000.0,Opening
E101176,2021-04-01,2200000.0,Annual
E101176,2022-04-01,2553000.0,Annual
E101176,2023-04-01,2867000.0,Annual
E101176,2024-04-01,3302000.0,Promotion
E101176,2025-04-01,3646000.0,Annual
E101177,2020-04-01,1423000.0,Opening
E101177,2021-04-01,1463000.0,Annual
E101177,2022-04-01,1521000.0,Annual
E101177,2023-04-01,1562000.0,Annual
E101177,2024-04-01,1591000.0,Annual
E101177,2025-04-01,1632000.0,Annual
E101178,2021-04-01,748000.0,Opening
E101178,2022-04-01,821000.0,Annual
E101178,2023-04-01,884000.0,Annual
E101178,2024-04-01,935000.0,Annual
E101178,2025-04-01,1090000.0,Promotion
E101179,2020-04-01,968000.0,Opening
E101179,2021-04-01,1045000.0,Annual
E101179,2022-04-01,1156000.0,Annual
E101179,2023-04-01,1238000.0,Annual
E101179,2024-04-01,1506000.0,Promotion
E101179,2025-04-01,1605000.0,Annual
E101180,2020-04-01,1702000.0,Opening
E101180,2021-04-01,1750000.0,Annual
E101180,2022-04-01,1818000.0,Annual
E101180,2023-04-01,2166000.0,Promotion
E101180,2024-04-01,2166000.0,Annual
E101180,2025-04-01,2315000.0,Annual
E101181,2020-04-01,1667000.0,Opening
E101181,2021-04-01,1800000.0,Annual
E101181,2022-04-01,2007000.0,Annual
E101181,2023-04-01,2149000.0,Annual
E101181,2024-04-01,2280000.0,Annual
E101181,2025-04-01,2745000.0,Promotion
E101182,2022-04-01,589000.0,Hire
E101182,2022-04-01,612000.0,Annual
E101182,2023-04-01,652000.0,Annual
E101182,2024-04-01,774000.0,Promotion
E101182,2025-04-01,844000.0,Annual
E101183,2020-04-01,327000.0,Opening
E101183,2021-04-01,353000.0,Annual
E101183,2022-04-01,393000.0,Annual
E101183,2023-04-01,437000.0,Annual
E101183,2024-04-01,467000.0,Annual
E101183,2025-04-01,495000.0,Annual
E101184,2020-04-01,2298000.0,Opening
E101184,2021-04-01,2565000.0,Annual
E101184,2022-04-01,2838000.0,Annual
E101185,2020-04-01,1338000.0,Opening
E101185,2021-04-01,1445000.0,Annual
E101185,2022-04-01,1493000.0,Annual
E101186,2021-04-01,388000.0,Opening
E101186,2022-04-01,403000.0,Annual
E101187,2021-04-01,769000.0,Opening
E101187,2022-04-01,797000.0,Annual
E101187,2023-04-01,853000.0,Annual
E101187,2024-04-01,963000.0,Annual
E101187,2025-04-01,1061000.0,Annual
E101188,2021-04-01,772000.0,Opening
E101188,2022-04-01,897000.0,Annual
E101188,2023-04-01,961000.0,Annual
E101188,2024-04-01,1060000.0,Annual
E101188,2025-04-01,1181000.0,Annual
E101189,2022-04-01,420000.0,Hire
E101189,2023-04-01,431000.0,Annual
E101190,2020-04-01,1940000.0,Opening
E101190,2021-04-01,2095000.0,Annual
E101190,2022-04-01,2324000.0,Annual
E101190,2023-04-01,2617000.0,Annual
E101190,2024-04-01,2886000.0,Annual
E101190,2025-04-01,3504000.0,Promotion
E101191,2022-04-01,358000.0,Hire
E101191,2022-04-01,402000.0,Annual
E101191,2023-04-01,433000.0,Annual
E101191,2024-04-01,459000.0,Annual
E101191,2025-04-01,491000.0,Annual
E101192,2020-04-01,365000.0,Opening
E101192,2021-04-01,394000.0,Annual
E101192,2022-04-01,451000.0,Annual
E101192,2023-04-01,485000.0,Annual
E101192,2024-04-01,516000.0,Annual
E101192,2025-04-01,627000.0,Promotion
E101193,2020-04-01,849000.0,Opening
E101193,2021-04-01,917000.0,Annual
E101193,2022-04-01,1007000.0,Annual
E101193,2023-04-01,1067000.0,Annual
E101193,2024-04-01,1137000.0,Annual
E101193,2025-04-01,1222000.0,Annual
E101194,2020-04-01,742000.0,Opening
E101194,2021-04-01,742000.0,Annual
E101194,2022-04-01,765000.0,Annual
E101195,2020-04-01,1790000.0,Opening
E101195,2021-04-01,2076000.0,Annual
E101195,2022-04-01,2406000.0,Annual
E101195,2023-04-01,2684000.0,Annual
E101196,2021-04-01,1611000.0,Opening
E101196,2022-04-01,1776000.0,Annual
E101196,2023-04-01,1886000.0,Annual
E101196,2024-04-01,2186000.0,Promotion
E101196,2025-04-01,2468000.0,Annual
E101197,2021-04-01,425000.0,Opening
E101197,2022-04-01,462000.0,Annual
E101197,2023-04-01,497000.0,Annual
E101197,2024-04-01,509000.0,Annual
E101197,2025-04-01,539000.0,Annual
E101198,2020-04-01,693000.0,Opening
E101198,2021-04-01,773000.0,Annual
E101198,2022-04-01,859000.0,Annual
E101198,2023-04-01,947000.0,Annual
E101198,2024-04-01,1007000.0,Annual
E101198,2025-04-01,1091000.0,Annual
E101199,2020-04-01,377000.0,Opening
E101199,2021-04-01,388000.0,Annual
E101199,2022-04-01,403000.0,Annual
E101199,2023-04-01,403000.0,Annual
E101199,2024-04-01,403000.0,Annual
E101199,2025-04-01,426000.0,Annual
E101200,2021-04-01,1667000.0,Opening
E101200,2022-04-01,1926000.0,Annual
E101200,2023-04-01,2061000.0,Annual
E101200,2024-04-01,2248000.0,Annual
E101200,2025-04-01,2505000.0,Annual
E101201,2020-04-01,1463000.0,Opening
E101201,2021-04-01,1504000.0,Annual
E101201,2022-04-01,1559000.0,Annual
E101202,2020-04-01,408000.0,Opening
E101202,2021-04-01,441000.0,Annual
E101202,2022-04-01,490000.0,Annual
E101202,2023-04-01,525000.0,Annual
E101202,2024-04-01,535000.0,Annual
E101202,2025-04-01,567000.0,Annual
E101203,2020-04-01,780000.0,Opening
E101203,2021-04-01,842000.0,Annual
E101203,2022-04-01,915000.0,Annual
E101204,2020-04-01,434000.0,Opening
E101204,2021-04-01,469000.0,Annual
E101204,2022-04-01,483000.0,Annual
E101204,2023-04-01,520000.0,Annual
E101204,2024-04-01,552000.0,Annual
E101204,2025-04-01,585000.0,Annual
E101205,2020-04-01,352000.0,Opening
E101205,2021-04-01,380000.0,Annual
E101205,2022-04-01,394000.0,Annual
E101205,2023-04-01,419000.0,Annual
E101205,2024-04-01,419000.0,Annual
E101205,2025-04-01,446000.0,Annual
E101206,2020-04-01,1129000.0,Opening
E101206,2021-04-01,1310000.0,Annual
E101206,2022-04-01,1575000.0,Annual
E101206,2023-04-01,1752000.0,Annual
E101206,2024-04-01,2080000.0,Promotion
E101206,2025-04-01,2346000.0,Annual
E101207,2020-04-01,3911000.0,Opening
E101207,2021-04-01,4224000.0,Annual
E101207,2022-04-01,4622000.0,Annual
E101207,2023-04-01,4947000.0,Annual
E101207,2024-04-01,5780000.0,Promotion
E101207,2025-04-01,6275000.0,Annual
E101208,2022-04-01,451000.0,Hire
E101208,2023-04-01,481000.0,Annual
E101208,2024-04-01,520000.0,Annual
E101208,2025-04-01,573000.0,Annual
E101209,2022-04-01,747000.0,Hire
E101209,2022-04-01,867000.0,Annual
E101209,2023-04-01,967000.0,Annual
E101209,2024-04-01,1018000.0,Annual
E101209,2025-04-01,1039000.0,Annual
E101210,2020-04-01,697000.0,Opening
E101210,2021-04-01,778000.0,Annual
E101210,2022-04-01,857000.0,Annual
E101210,2023-04-01,1005000.0,Promotion
E101210,2024-04-01,1061000.0,Annual
E101210,2025-04-01,1132000.0,Annual
E101211,2020-04-01,402000.0,Opening
E101211,2021-04-01,434000.0,Annual
E101211,2022-04-01,510000.0,Promotion
E101211,2023-04-01,548000.0,Annual
E101211,2024-04-01,601000.0,Annual
E101211,2025-04-01,731000.0,Promotion
E101212,2021-04-01,810000.0,Opening
E101212,2022-04-01,883000.0,Annual
E101212,2023-04-01,954000.0,Annual
E101212,2024-04-01,1019000.0,Annual
E101212,2025-04-01,1116000.0,Annual
E101213,2020-04-01,396000.0,Opening
E101213,2021-04-01,428000.0,Annual
E101213,2022-04-01,469000.0,Annual
E101214,2020-04-01,1363000.0,Opening
E101214,2021-04-01,1401000.0,Annual
E101214,2022-04-01,1553000.0,Annual
E101214,2023-04-01,1594000.0,Annual
E101214,2024-04-01,1625000.0,Annual
E101214,2025-04-01,1940000.0,Promotion
E101215,2020-04-01,1204000.0,Opening
E101215,2021-04-01,1300000.0,Annual
E101215,2022-04-01,1436000.0,Annual
E101215,2023-04-01,1527000.0,Annual
E101215,2024-04-01,1648000.0,Annual
E101215,2025-04-01,1752000.0,Annual
E101216,2020-04-01,457000.0,Opening
E101216,2021-04-01,470000.0,Annual
E101216,2022-04-01,513000.0,Annual
E101216,2023-04-01,545000.0,Annual
E101216,2024-04-01,557000.0,Annual
E101216,2025-04-01,570000.0,Annual
E101217,2021-04-01,829000.0,Opening
E101217,2022-04-01,911000.0,Annual
E101217,2023-04-01,975000.0,Annual
E101217,2024-04-01,1064000.0,Annual
E101217,2025-04-01,1228000.0,Promotion
E101218,2022-04-01,425000.0,Hire
E101218,2023-04-01,452000.0,Annual
E101218,2024-04-01,477000.0,Annual
E101218,2025-04-01,511000.0,Annual
E101219,2020-04-01,1216000.0,Opening
E101219,2021-04-01,1313000.0,Annual
E101219,2022-04-01,1439000.0,Annual
E101219,2023-04-01,1594000.0,Annual
E101219,2024-04-01,1679000.0,Annual
E101219,2025-04-01,1854000.0,Annual
E101220,2021-04-01,364000.0,Opening
E101220,2022-04-01,404000.0,Annual
E101221,2020-04-01,1234000.0,Opening
E101221,2021-04-01,1333000.0,Annual
E101221,2022-04-01,1545000.0,Annual
E101221,2023-04-01,1653000.0,Annual
E101221,2024-04-01,1751000.0,Annual
E101221,2025-04-01,1876000.0,Annual
E101222,2020-04-01,1395000.0,Opening
E101222,2021-04-01,1507000.0,Annual
E101222,2022-04-01,1778000.0,Promotion
E101223,2020-04-01,686000.0,Opening
E101223,2021-04-01,741000.0,Annual
E101223,2022-04-01,819000.0,Annual
E101223,2023-04-01,840000.0,Annual
E101223,2024-04-01,859000.0,Annual
E101223,2025-04-01,920000.0,Annual
E101224,2020-04-01,376000.0,Opening
E101224,2021-04-01,406000.0,Annual
E101224,2022-04-01,472000.0,Annual
E101224,2023-04-01,482000.0,Annual
E101224,2024-04-01,567000.0,Promotion
E101224,2025-04-01,619000.0,Annual
E101225,2020-04-01,1860000.0,Opening
E101225,2021-04-01,2009000.0,Annual
E101225,2022-04-01,2186000.0,Annual
E101225,2023-04-01,2524000.0,Promotion
E101225,2024-04-01,2686000.0,Annual
E101225,2025-04-01,2848000.0,Annual
E101226,2020-04-01,702000.0,Opening
E101226,2021-04-01,722000.0,Annual
E101226,2022-04-01,750000.0,Annual
E101226,2023-04-01,771000.0,Annual
E101227,2020-04-01,1129000.0,Opening
E101227,2021-04-01,1310000.0,Annual
E101227,2022-04-01,1568000.0,Promotion
E101227,2023-04-01,1742000.0,Annual
E101227,2024-04-01,2112000.0,Promotion
E101227,2025-04-01,2324000.0,Annual
E101228,2020-04-01,716000.0,Opening
E101228,2021-04-01,773000.0,Annual
E101228,2022-04-01,854000.0,Annual
E101228,2023-04-01,1019000.0,Promotion
E101229,2020-04-01,785000.0,Opening
E101229,2021-04-01,785000.0,Annual
E101229,2022-04-01,874000.0,Annual
E101229,2023-04-01,874000.0,Annual
E101229,2024-04-01,890000.0,Annual
E101230,2020-04-01,1401000.0,Opening
E101230,2021-04-01,1440000.0,Annual
E101230,2022-04-01,1601000.0,Annual
E101230,2023-04-01,1708000.0,Annual
E101230,2024-04-01,1801000.0,Annual
E101231,2020-04-01,748000.0,Opening
E101231,2021-04-01,835000.0,Annual
E101231,2022-04-01,928000.0,Annual
E101231,2023-04-01,984000.0,Annual
E101231,2024-04-01,1068000.0,Annual
E101231,2025-04-01,1189000.0,Annual
E101232,2020-04-01,1435000.0,Opening
E101232,2021-04-01,1665000.0,Annual
E101232,2022-04-01,2009000.0,Annual
E101232,2023-04-01,2449000.0,Promotion
E101232,2024-04-01,2654000.0,Annual
E101232,2025-04-01,2925000.0,Annual
E101233,2020-04-01,688000.0,Opening
E101233,2021-04-01,768000.0,Annual
E101233,2022-04-01,881000.0,Annual
E101233,2023-04-01,978000.0,Annual
E101233,2024-04-01,1059000.0,Annual
E101233,2025-04-01,1145000.0,Annual
E101234,2020-04-01,1220000.0,Opening
E101234,2021-04-01,1415000.0,Annual
E101234,2022-04-01,1566000.0,Annual
E101234,2023-04-01,1741000.0,Annual
E101234,2024-04-01,1831000.0,Annual
E101234,2025-04-01,2009000.0,Annual
E101235,2020-04-01,1058000.0,Opening
E101235,2021-04-01,1143000.0,Annual
E101235,2022-04-01,1242000.0,Annual
E101235,2023-04-01,1320000.0,Annual
E101236,2020-04-01,3191000.0,Opening
E101236,2021-04-01,3446000.0,Annual
E101236,2022-04-01,3565000.0,Annual
E101236,2023-04-01,3784000.0,Annual
E101236,2024-04-01,3784000.0,Annual
E101236,2025-04-01,3868000.0,Annual
E101237,2020-04-01,617000.0,Opening
E101237,2021-04-01,689000.0,Annual
E101237,2022-04-01,796000.0,Annual
E101238,2021-04-01,785000.0,Opening
E101238,2022-04-01,867000.0,Annual
E101238,2023-04-01,928000.0,Annual
E101238,2024-04-01,928000.0,Annual
E101238,2025-04-01,948000.0,Annual
E101239,2020-04-01,4394000.0,Opening
E101239,2021-04-01,4746000.0,Annual
E101239,2022-04-01,4918000.0,Annual
E101239,2023-04-01,5347000.0,Annual
E101239,2024-04-01,5846000.0,Annual
E101239,2025-04-01,6268000.0,Annual
E101240,2020-04-01,636000.0,Opening
E101240,2021-04-01,687000.0,Annual
E101240,2022-04-01,822000.0,Promotion
E101240,2023-04-01,885000.0,Annual
E101241,2020-04-01,816000.0,Opening
E101241,2021-04-01,881000.0,Annual
E101241,2022-04-01,963000.0,Annual
E101241,2023-04-01,1152000.0,Promotion
E101241,2024-04-01,1231000.0,Annual
E101241,2025-04-01,1319000.0,Annual
E101242,2021-04-01,1419000.0,Opening
E101242,2022-04-01,1581000.0,Annual
E101242,2023-04-01,1751000.0,Annual
E101242,2024-04-01,1889000.0,Annual
E101242,2025-04-01,2004000.0,Annual
E101243,2020-04-01,426000.0,Opening
E101243,2021-04-01,438000.0,Annual
E101243,2022-04-01,476000.0,Annual
E101244,2020-04-01,2783000.0,Opening
E101244,2021-04-01,2861000.0,Annual
E101244,2022-04-01,3464000.0,Promotion
E101244,2023-04-01,3552000.0,Annual
E101244,2024-04-01,3769000.0,Annual
E101244,2025-04-01,3769000.0,Annual
E101245,2020-04-01,1338000.0,Opening
E101245,2021-04-01,1375000.0,Annual
E101245,2022-04-01,1417000.0,Annual
E101245,2023-04-01,1507000.0,Annual
E101246,2020-04-01,1296000.0,Opening
E101246,2021-04-01,1503000.0,Annual
E101246,2022-04-01,1697000.0,Annual
E101246,2023-04-01,1881000.0,Annual
E101246,2024-04-01,2269000.0,Promotion
E101246,2025-04-01,2438000.0,Annual
E101247,2020-04-01,358000.0,Opening
E101247,2021-04-01,400000.0,Annual
E101247,2022-04-01,487000.0,Promotion
E101248,2020-04-01,1316000.0,Opening
E101248,2021-04-01,1421000.0,Annual
E101248,2022-04-01,1421000.0,Annual
E101249,2020-04-01,1797000.0,Opening
E101249,2021-04-01,1941000.0,Annual
E101249,2022-04-01,2130000.0,Annual
E101249,2023-04-01,2478000.0,Promotion
E101249,2024-04-01,2612000.0,Annual
E101249,2025-04-01,2764000.0,Annual
E101250,2020-04-01,1215000.0,Opening
E101250,2021-04-01,1312000.0,Annual
E101250,2022-04-01,1361000.0,Annual
E101251,2020-04-01,1874000.0,Opening
E101251,2021-04-01,2024000.0,Annual
E101251,2022-04-01,2236000.0,Annual
E101251,2023-04-01,2470000.0,Annual
E101251,2024-04-01,2617000.0,Annual
E101252,2020-04-01,424000.0,Opening
E101252,2021-04-01,458000.0,Annual
E101252,2022-04-01,473000.0,Annual
E101252,2023-04-01,485000.0,Annual
E101253,2020-04-01,1262000.0,Opening
E101253,2021-04-01,1363000.0,Annual
E101253,2022-04-01,1482000.0,Annual
E101253,2023-04-01,1514000.0,Annual
E101253,2024-04-01,1543000.0,Annual
E101253,2025-04-01,1639000.0,Annual
E101254,2020-04-01,1876000.0,Opening
E101254,2021-04-01,2094000.0,Annual
E101254,2022-04-01,2399000.0,Annual
E101254,2023-04-01,2578000.0,Annual
E101254,2024-04-01,2736000.0,Annual
E101254,2025-04-01,2797000.0,Annual
E101255,2021-04-01,728000.0,Opening
E101255,2022-04-01,753000.0,Annual
E101256,2020-04-01,386000.0,Opening
E101256,2021-04-01,397000.0,Annual
E101256,2022-04-01,463000.0,Annual
E101256,2023-04-01,475000.0,Annual
E101256,2024-04-01,502000.0,Annual
E101256,2025-04-01,533000.0,Annual
E101257,2020-04-01,854000.0,Opening
E101257,2021-04-01,922000.0,Annual
E101257,2022-04-01,1129000.0,Annual
E101257,2023-04-01,1161000.0,Annual
E101257,2024-04-01,1237000.0,Annual
E101257,2025-04-01,1369000.0,Annual
E101258,2022-04-01,436000.0,Hire
E101258,2022-04-01,484000.0,Annual
E101259,2022-04-01,465000.0,Hire
E101259,2023-04-01,499000.0,Annual
E101259,2024-04-01,511000.0,Annual
E101259,2025-04-01,607000.0,Promotion
E101260,2020-04-01,2783000.0,Opening
E101260,2021-04-01,2783000.0,Annual
E101260,2022-04-01,2877000.0,Annual
E101260,2023-04-01,3075000.0,Annual
E101260,2024-04-01,3075000.0,Annual
E101260,2025-04-01,3149000.0,Annual
E101261,2020-04-01,2017000.0,Opening
E101261,2021-04-01,2178000.0,Annual
E101261,2022-04-01,2258000.0,Annual
E101261,2023-04-01,2412000.0,Annual
E101261,2024-04-01,2461000.0,Annual
E101261,2025-04-01,2637000.0,Annual
E101262,2020-04-01,1010000.0,Opening
E101262,2021-04-01,1091000.0,Annual
E101262,2022-04-01,1209000.0,Annual
E101262,2023-04-01,1235000.0,Annual
E101262,2024-04-01,1317000.0,Annual
E101262,2025-04-01,1349000.0,Annual
E101263,2020-04-01,1177000.0,Opening
E101263,2021-04-01,1271000.0,Annual
E101263,2022-04-01,1397000.0,Annual
E101263,2023-04-01,1494000.0,Annual
E101263,2024-04-01,1521000.0,Annual
E101263,2025-04-01,1628000.0,Annual
E101264,2020-04-01,1073000.0,Opening
E101264,2021-04-01,1197000.0,Annual
E101264,2022-04-01,1238000.0,Annual
E101264,2023-04-01,1314000.0,Annual
E101264,2024-04-01,1511000.0,Promotion
E101264,2025-04-01,1613000.0,Annual
E101265,2020-04-01,697000.0,Opening
E101265,2021-04-01,753000.0,Annual
E101265,2022-04-01,827000.0,Annual
E101265,2023-04-01,923000.0,Annual
E101265,2024-04-01,983000.0,Annual
E101265,2025-04-01,1055000.0,Annual
E101266,2022-04-01,425000.0,Hire
E101266,2022-04-01,472000.0,Annual
E101266,2023-04-01,502000.0,Annual
E101266,2024-04-01,597000.0,Promotion
E101266,2025-04-01,632000.0,Annual
E101267,2020-04-01,363000.0,Opening
E101267,2021-04-01,421000.0,Annual
E101267,2022-04-01,516000.0,Annual
E101268,2021-04-01,865000.0,Opening
E101268,2022-04-01,940000.0,Annual
E101268,2023-04-01,1026000.0,Annual
E101269,2021-04-01,668000.0,Opening
E101269,2022-04-01,769000.0,Annual
E101270,2020-04-01,734000.0,Opening
E101270,2021-04-01,793000.0,Annual
E101270,2022-04-01,863000.0,Annual
E101270,2023-04-01,926000.0,Annual
E101270,2024-04-01,978000.0,Annual
E101270,2025-04-01,1032000.0,Annual
E101271,2020-04-01,385000.0,Opening
E101271,2021-04-01,416000.0,Annual
E101271,2022-04-01,463000.0,Annual
E101271,2023-04-01,491000.0,Annual
E101271,2024-04-01,523000.0,Annual
E101271,2025-04-01,559000.0,Annual
E101272,2021-04-01,715000.0,Opening
E101272,2022-04-01,715000.0,Annual
E101273,2020-04-01,375000.0,Opening
E101273,2021-04-01,405000.0,Annual
E101273,2022-04-01,483000.0,Promotion
E101273,2023-04-01,526000.0,Annual
E101274,2020-04-01,2651000.0,Opening
E101274,2021-04-01,2863000.0,Annual
E101274,2022-04-01,3339000.0,Annual
E101274,2023-04-01,3606000.0,Annual
E101274,2024-04-01,3911000.0,Annual
E101274,2025-04-01,4161000.0,Annual
E101275,2022-04-01,600000.0,Hire
E101275,2022-04-01,667000.0,Annual
E101275,2023-04-01,717000.0,Annual
E101275,2024-04-01,867000.0,Promotion
E101275,2025-04-01,955000.0,Annual
E101276,2021-04-01,824000.0,Opening
E101276,2022-04-01,894000.0,Annual
E101277,2020-04-01,803000.0,Opening
E101277,2021-04-01,931000.0,Annual
E101277,2022-04-01,1076000.0,Promotion
E101277,2023-04-01,1185000.0,Annual
E101277,2024-04-01,1322000.0,Annual
E101277,2025-04-01,1435000.0,Annual
E101278,2022-04-01,376000.0,Hire
E101278,2022-04-01,409000.0,Annual
E101278,2023-04-01,441000.0,Annual
E101279,2020-04-01,676000.0,Opening
E101279,2021-04-01,754000.0,Annual
E101279,2022-04-01,780000.0,Annual
E101279,2023-04-01,801000.0,Annual
E101279,2024-04-01,846000.0,Annual
E101279,2025-04-01,904000.0,Annual
E101280,2020-04-01,775000.0,Opening
E101280,2021-04-01,899000.0,Annual
E101280,2022-04-01,1034000.0,Annual
E101280,2023-04-01,1129000.0,Annual
E101280,2024-04-01,1204000.0,Annual
E101280,2025-04-01,1315000.0,Annual
E101281,2021-04-01,460000.0,Opening
E101281,2022-04-01,535000.0,Annual
E101282,2020-04-01,2949000.0,Opening
E101282,2021-04-01,3421000.0,Annual
E101282,2022-04-01,3735000.0,Annual
E101282,2023-04-01,3982000.0,Annual
E101282,2024-04-01,4285000.0,Annual
E101282,2025-04-01,4822000.0,Annual
E101283,2020-04-01,700000.0,Opening
E101283,2021-04-01,781000.0,Annual
E101283,2022-04-01,909000.0,Annual
E101284,2020-04-01,339000.0,Opening
E101284,2021-04-01,366000.0,Annual
E101284,2022-04-01,418000.0,Annual
E101285,2020-04-01,5715000.0,Opening
E101285,2021-04-01,6378000.0,Annual
E101285,2022-04-01,6999000.0,Annual
E101286,2021-04-01,489000.0,Opening
E101286,2022-04-01,507000.0,Annual
E101286,2023-04-01,546000.0,Annual
E101286,2024-04-01,599000.0,Annual
E101287,2020-04-01,1178000.0,Opening
E101287,2021-04-01,1272000.0,Annual
E101287,2022-04-01,1481000.0,Annual
E101288,2020-04-01,673000.0,Opening
E101288,2021-04-01,727000.0,Annual
E101288,2022-04-01,798000.0,Annual
E101288,2023-04-01,855000.0,Annual
E101288,2024-04-01,912000.0,Annual
E101288,2025-04-01,912000.0,Annual
E101289,2022-04-01,468000.0,Hire
E101289,2022-04-01,511000.0,Annual
E101289,2023-04-01,547000.0,Annual
E101289,2024-04-01,579000.0,Annual
E101289,2025-04-01,617000.0,Annual
E101290,2020-04-01,754000.0,Opening
E101290,2021-04-01,814000.0,Annual
E101290,2022-04-01,997000.0,Annual
E101290,2023-04-01,1138000.0,Annual
E101290,2024-04-01,1213000.0,Annual
E101291,2021-04-01,653000.0,Opening
E101291,2022-04-01,676000.0,Annual
E101291,2023-04-01,676000.0,Annual
E101291,2024-04-01,676000.0,Annual
E101291,2025-04-01,692000.0,Annual
E101292,2020-04-01,567000.0,Opening
E101292,2021-04-01,612000.0,Annual
E101292,2022-04-01,702000.0,Annual
E101292,2023-04-01,748000.0,Annual
E101292,2024-04-01,889000.0,Promotion
E101292,2025-04-01,945000.0,Annual
E101293,2020-04-01,503000.0,Opening
E101293,2021-04-01,543000.0,Annual
E101293,2022-04-01,597000.0,Annual
E101293,2023-04-01,658000.0,Annual
E101293,2024-04-01,673000.0,Annual
E101293,2025-04-01,793000.0,Promotion
E101294,2020-04-01,770000.0,Opening
E101294,2021-04-01,893000.0,Annual
E101294,2022-04-01,981000.0,Annual
E101294,2023-04-01,1040000.0,Annual
E101294,2024-04-01,1105000.0,Annual
E101294,2025-04-01,1329000.0,Promotion
E101295,2021-04-01,758000.0,Opening
E101295,2022-04-01,781000.0,Annual
E101296,2020-04-01,1340000.0,Opening
E101296,2021-04-01,1495000.0,Annual
E101296,2022-04-01,1628000.0,Annual
E101296,2023-04-01,1780000.0,Annual
E101296,2024-04-01,1948000.0,Annual
E101296,2025-04-01,2354000.0,Promotion
E101297,2021-04-01,518000.0,Opening
E101297,2022-04-01,536000.0,Annual
E101297,2023-04-01,568000.0,Annual
E101297,2024-04-01,620000.0,Annual
E101297,2025-04-01,659000.0,Annual
E101298,2021-04-01,431000.0,Opening
E101298,2022-04-01,446000.0,Annual
E101299,2020-04-01,2077000.0,Opening
E101299,2021-04-01,2409000.0,Annual
E101299,2022-04-01,2823000.0,Annual
E101299,2023-04-01,3098000.0,Annual
E101299,2024-04-01,3465000.0,Annual
E101300,2020-04-01,424000.0,Opening
E101300,2021-04-01,473000.0,Annual
E101300,2022-04-01,516000.0,Annual
E101300,2023-04-01,567000.0,Annual
E101300,2024-04-01,680000.0,Promotion
E101300,2025-04-01,720000.0,Annual
E101301,2020-04-01,1198000.0,Opening
E101301,2021-04-01,1232000.0,Annual
E101301,2022-04-01,1368000.0,Annual
E101301,2023-04-01,1610000.0,Promotion
E101301,2024-04-01,1719000.0,Annual
E101301,2025-04-01,1839000.0,Annual
E101302,2020-04-01,682000.0,Opening
E101302,2021-04-01,737000.0,Annual
E101302,2022-04-01,802000.0,Annual
E101302,2023-04-01,863000.0,Annual
E101302,2024-04-01,949000.0,Annual
E101302,2025-04-01,1013000.0,Annual
E101303,2020-04-01,2797000.0,Opening
E101303,2021-04-01,3021000.0,Annual
E101303,2022-04-01,3130000.0,Annual
E101303,2023-04-01,3214000.0,Annual
E101303,2024-04-01,3429000.0,Annual
E101304,2021-04-01,443000.0,Opening
E101304,2022-04-01,543000.0,Annual
E101304,2023-04-01,623000.0,Annual
E101304,2024-04-01,749000.0,Promotion
E101304,2025-04-01,829000.0,Annual
E101305,2020-04-01,1942000.0,Opening
E101305,2021-04-01,2253000.0,Annual
E101305,2022-04-01,2578000.0,Annual
E101306,2022-04-01,414000.0,Hire
E101307,2020-04-01,363000.0,Opening
E101307,2021-04-01,405000.0,Annual
E101307,2022-04-01,418000.0,Annual
E101307,2023-04-01,505000.0,Promotion
E101307,2024-04-01,549000.0,Annual
E101307,2025-04-01,605000.0,Annual
E101308,2020-04-01,1216000.0,Opening
E101308,2021-04-01,1357000.0,Annual
E101308,2022-04-01,1547000.0,Annual
E101308,2023-04-01,1886000.0,Promotion
E101308,2024-04-01,2063000.0,Annual
E101308,2025-04-01,2437000.0,Promotion
E101309,2022-04-01,459000.0,Hire
E101309,2023-04-01,471000.0,Annual
E101309,2024-04-01,480000.0,Annual
E101309,2025-04-01,492000.0,Annual
E101310,2020-04-01,699000.0,Opening
E101310,2021-04-01,755000.0,Annual
E101310,2022-04-01,829000.0,Annual
E101310,2023-04-01,888000.0,Annual
E101310,2024-04-01,1069000.0,Promotion
E101310,2025-04-01,1175000.0,Annual
E101311,2020-04-01,1438000.0,Opening
E101311,2021-04-01,1668000.0,Annual
E101311,2022-04-01,1818000.0,Annual
E101311,2023-04-01,2048000.0,Annual
E101311,2024-04-01,2181000.0,Annual
E101311,2025-04-01,2337000.0,Annual
E101312,2022-04-01,456000.0,Hire
E101312,2023-04-01,486000.0,Annual
E101312,2024-04-01,514000.0,Annual
E101312,2025-04-01,550000.0,Annual
E101313,2020-04-01,1204000.0,Opening
E101313,2021-04-01,1344000.0,Annual
E101313,2022-04-01,1459000.0,Annual
E101313,2023-04-01,1603000.0,Annual
E101313,2024-04-01,1704000.0,Annual
E101313,2025-04-01,1859000.0,Annual
E101314,2021-04-01,801000.0,Opening
E101314,2022-04-01,889000.0,Annual
E101314,2023-04-01,956000.0,Annual
E101314,2024-04-01,1012000.0,Annual
E101314,2025-04-01,1033000.0,Annual
E101315,2020-04-01,3279000.0,Opening
E101315,2021-04-01,3659000.0,Annual
E101315,2022-04-01,4174000.0,Annual
E101315,2023-04-01,4480000.0,Annual
E101315,2024-04-01,4868000.0,Annual
E101315,2025-04-01,5393000.0,Annual
E101316,2022-04-01,468000.0,Hire
E101316,2022-04-01,515000.0,Annual
E101316,2023-04-01,549000.0,Annual
E101317,2020-04-01,433000.0,Opening
E101317,2021-04-01,468000.0,Annual
E101317,2022-04-01,543000.0,Annual
E101317,2023-04-01,578000.0,Annual
E101317,2024-04-01,634000.0,Annual
E101317,2025-04-01,675000.0,Annual
E101318,2021-04-01,1189000.0,Opening
E101318,2022-04-01,1310000.0,Annual
E101318,2023-04-01,1310000.0,Annual
E101318,2024-04-01,1339000.0,Annual
E101318,2025-04-01,1422000.0,Annual
E101319,2020-04-01,376000.0,Opening
E101319,2021-04-01,420000.0,Annual
E101319,2022-04-01,487000.0,Promotion
E101319,2023-04-01,519000.0,Annual
E101319,2024-04-01,588000.0,Annual
E101319,2025-04-01,648000.0,Annual
E101320,2020-04-01,760000.0,Opening
E101320,2021-04-01,848000.0,Annual
E101320,2022-04-01,926000.0,Annual
E101321,2020-04-01,1563000.0,Opening
E101321,2021-04-01,1607000.0,Annual
E101321,2022-04-01,1780000.0,Annual
E101321,2023-04-01,1913000.0,Annual
E101322,2020-04-01,626000.0,Opening
E101322,2021-04-01,676000.0,Annual
E101322,2022-04-01,737000.0,Annual
E101322,2023-04-01,787000.0,Annual
E101322,2024-04-01,837000.0,Annual
E101322,2025-04-01,914000.0,Annual
E101323,2020-04-01,447000.0,Opening
E101323,2021-04-01,460000.0,Annual
E101323,2022-04-01,460000.0,Annual
E101323,2023-04-01,460000.0,Annual
E101323,2024-04-01,470000.0,Annual
E101323,2025-04-01,503000.0,Annual
E101324,2020-04-01,429000.0,Opening
E101324,2021-04-01,441000.0,Annual
E101324,2022-04-01,441000.0,Annual
E101325,2021-04-01,808000.0,Opening
E101325,2022-04-01,884000.0,Annual
E101325,2023-04-01,954000.0,Annual
E101325,2024-04-01,1015000.0,Annual
E101325,2025-04-01,1186000.0,Promotion
E101326,2020-04-01,1269000.0,Opening
E101326,2021-04-01,1371000.0,Annual
E101326,2022-04-01,1426000.0,Annual
E101326,2023-04-01,1457000.0,Annual
E101327,2020-04-01,1168000.0,Opening
E101327,2021-04-01,1261000.0,Annual
E101327,2022-04-01,1406000.0,Annual
E101327,2023-04-01,1510000.0,Annual
E101327,2024-04-01,1610000.0,Annual
E101327,2025-04-01,1940000.0,Promotion
E101328,2020-04-01,501000.0,Opening
E101328,2021-04-01,581000.0,Annual
E101328,2022-04-01,632000.0,Annual
E101328,2023-04-01,679000.0,Annual
E101329,2021-04-01,419000.0,Opening
E101329,2022-04-01,436000.0,Annual
E101329,2023-04-01,448000.0,Annual
E101329,2024-04-01,478000.0,Annual
E101329,2025-04-01,488000.0,Annual
E101330,2020-04-01,377000.0,Opening
E101330,2021-04-01,407000.0,Annual
E101330,2022-04-01,469000.0,Annual
E101330,2023-04-01,501000.0,Annual
E101330,2024-04-01,512000.0,Annual
E101330,2025-04-01,546000.0,Annual
E101331,2022-04-01,412000.0,Hire
E101331,2022-04-01,459000.0,Annual
E101331,2023-04-01,495000.0,Annual
E101332,2021-04-01,512000.0,Opening
E101332,2022-04-01,580000.0,Annual
E101332,2023-04-01,623000.0,Annual
E101332,2024-04-01,661000.0,Annual
E101332,2025-04-01,731000.0,Annual
E101333,2020-04-01,1751000.0,Opening
E101333,2021-04-01,1891000.0,Annual
E101333,2022-04-01,2081000.0,Annual
E101333,2023-04-01,2388000.0,Annual
E101333,2024-04-01,2524000.0,Annual
E101333,2025-04-01,2836000.0,Annual
E101334,2021-04-01,646000.0,Opening
E101334,2022-04-01,712000.0,Annual
E101335,2022-04-01,441000.0,Hire
E101336,2020-04-01,1230000.0,Opening
E101336,2021-04-01,1373000.0,Annual
E101336,2022-04-01,1508000.0,Annual
E101336,2023-04-01,1603000.0,Annual
E101336,2024-04-01,1702000.0,Annual
E101336,2025-04-01,1818000.0,Annual
E101337,2022-04-01,896000.0,Hire
E101337,2022-04-01,1067000.0,Annual
E101337,2023-04-01,1183000.0,Annual
E101337,2024-04-01,1391000.0,Promotion
E101337,2025-04-01,1584000.0,Annual
E101338,2020-04-01,419000.0,Opening
E101338,2021-04-01,419000.0,Annual
E101338,2022-04-01,419000.0,Annual
E101338,2023-04-01,419000.0,Annual
E101339,2020-04-01,3222000.0,Opening
E101339,2021-04-01,3480000.0,Annual
E101339,2022-04-01,3864000.0,Annual
E101339,2023-04-01,4130000.0,Annual
E101339,2024-04-01,4649000.0,Annual
E101339,2025-04-01,4934000.0,Annual
E101340,2020-04-01,2943000.0,Opening
E101340,2021-04-01,3178000.0,Annual
E101340,2022-04-01,3290000.0,Annual
E101340,2023-04-01,3380000.0,Annual
E101340,2024-04-01,3455000.0,Annual
E101340,2025-04-01,3671000.0,Annual
E101341,2021-04-01,489000.0,Opening
E101341,2022-04-01,564000.0,Annual
E101341,2023-04-01,600000.0,Annual
E101341,2024-04-01,631000.0,Annual
E101341,2025-04-01,669000.0,Annual
E101342,2020-04-01,1867000.0,Opening
E101342,2021-04-01,2016000.0,Annual
E101342,2022-04-01,2238000.0,Annual
E101342,2023-04-01,2692000.0,Promotion
E101342,2024-04-01,2860000.0,Annual
E101342,2025-04-01,3072000.0,Annual
E101343,2020-04-01,633000.0,Opening
E101343,2021-04-01,684000.0,Annual
E101343,2022-04-01,760000.0,Annual
E101343,2023-04-01,878000.0,Promotion
E101343,2024-04-01,933000.0,Annual
E101343,2025-04-01,989000.0,Annual
E101344,2020-04-01,1478000.0,Opening
E101344,2021-04-01,1649000.0,Annual
E101344,2022-04-01,1813000.0,Annual
E101344,2023-04-01,1946000.0,Annual
E101344,2024-04-01,2057000.0,Annual
E101345,2020-04-01,1238000.0,Opening
E101345,2021-04-01,1337000.0,Annual
E101345,2022-04-01,1483000.0,Annual
E101346,2020-04-01,1077000.0,Opening
E101346,2021-04-01,1077000.0,Annual
E101346,2022-04-01,1115000.0,Annual
E101347,2020-04-01,715000.0,Opening
E101347,2021-04-01,735000.0,Annual
E101347,2022-04-01,882000.0,Promotion
E101348,2021-04-01,388000.0,Opening
E101348,2022-04-01,425000.0,Annual
E101349,2020-04-01,1162000.0,Opening
E101349,2021-04-01,1297000.0,Annual
E101349,2022-04-01,1412000.0,Annual
E101349,2023-04-01,1555000.0,Annual
E101349,2024-04-01,1588000.0,Annual
E101349,2025-04-01,1686000.0,Annual
E101350,2021-04-01,978000.0,Opening
E101350,2022-04-01,1199000.0,Annual
E101351,2020-04-01,773000.0,Opening
E101351,2021-04-01,863000.0,Annual
E101351,2022-04-01,1014000.0,Annual
E101352,2020-04-01,1097000.0,Opening
E101352,2021-04-01,1128000.0,Annual
E101352,2022-04-01,1255000.0,Annual
E101352,2023-04-01,1340000.0,Annual
E101352,2024-04-01,1409000.0,Annual
E101352,2025-04-01,1492000.0,Annual
E101353,2020-04-01,1218000.0,Opening
E101353,2021-04-01,1359000.0,Annual
E101353,2022-04-01,1624000.0,Annual
E101353,2023-04-01,1771000.0,Annual
E101353,2024-04-01,2061000.0,Promotion
E101353,2025-04-01,2256000.0,Annual
E101354,2020-04-01,5250000.0,Opening
E101354,2021-04-01,5859000.0,Annual
E101354,2022-04-01,6991000.0,Annual
E101354,2023-04-01,7708000.0,Annual
E101354,2024-04-01,8689000.0,Annual
E101354,2025-04-01,8877000.0,Annual
E101355,2021-04-01,670000.0,Opening
E101355,2022-04-01,696000.0,Annual
E101355,2023-04-01,741000.0,Annual
E101355,2024-04-01,783000.0,Annual
E101355,2025-04-01,803000.0,Annual
E101356,2021-04-01,1166000.0,Opening
E101356,2022-04-01,1321000.0,Annual
E101357,2020-04-01,381000.0,Opening
E101357,2021-04-01,425000.0,Annual
E101357,2022-04-01,496000.0,Promotion
E101357,2023-04-01,508000.0,Annual
E101357,2024-04-01,554000.0,Annual
E101357,2025-04-01,659000.0,Promotion
E101358,2021-04-01,488000.0,Opening
E101358,2022-04-01,539000.0,Annual
E101358,2023-04-01,599000.0,Annual
E101358,2024-04-01,612000.0,Annual
E101358,2025-04-01,626000.0,Annual
E101359,2020-04-01,346000.0,Opening
E101359,2021-04-01,374000.0,Annual
E101359,2022-04-01,386000.0,Annual
E101359,2023-04-01,386000.0,Annual
E101360,2020-04-01,401000.0,Opening
E101360,2021-04-01,433000.0,Annual
E101360,2022-04-01,448000.0,Annual
E101360,2023-04-01,459000.0,Annual
E101360,2024-04-01,467000.0,Annual
E101360,2025-04-01,498000.0,Annual
E101361,2020-04-01,611000.0,Opening
E101361,2021-04-01,709000.0,Annual
E101361,2022-04-01,770000.0,Annual
E101361,2023-04-01,823000.0,Annual
E101361,2024-04-01,889000.0,Annual
E101362,2020-04-01,286000.0,Opening
E101362,2021-04-01,309000.0,Annual
E101362,2022-04-01,347000.0,Annual
E101362,2023-04-01,411000.0,Promotion
E101362,2024-04-01,435000.0,Annual
E101362,2025-04-01,471000.0,Annual
E101363,2020-04-01,2996000.0,Opening
E101363,2021-04-01,3344000.0,Annual
E101363,2022-04-01,4071000.0,Promotion
E101363,2023-04-01,4437000.0,Annual
E101363,2024-04-01,4719000.0,Annual
E101363,2025-04-01,5018000.0,Annual
E101364,2020-04-01,531000.0,Opening
E101364,2021-04-01,616000.0,Annual
E101364,2022-04-01,742000.0,Promotion
E101364,2023-04-01,842000.0,Annual
E101364,2024-04-01,912000.0,Annual
E101364,2025-04-01,1064000.0,Promotion
E101365,2020-04-01,508000.0,Opening
E101365,2021-04-01,549000.0,Annual
E101365,2022-04-01,662000.0,Annual
E101365,2023-04-01,755000.0,Annual
E101366,2020-04-01,2196000.0,Opening
E101366,2021-04-01,2196000.0,Annual
E101366,2022-04-01,2421000.0,Annual
E101366,2023-04-01,2613000.0,Annual
E101366,2024-04-01,2752000.0,Annual
E101366,2025-04-01,2813000.0,Annual
E101367,2020-04-01,1182000.0,Opening
E101367,2021-04-01,1215000.0,Annual
E101367,2022-04-01,1396000.0,Annual
E101367,2023-04-01,1522000.0,Annual
E101367,2024-04-01,1652000.0,Annual
E101367,2025-04-01,1889000.0,Annual
E101368,2020-04-01,1350000.0,Opening
E101368,2021-04-01,1458000.0,Annual
E101368,2022-04-01,1511000.0,Annual
E101368,2023-04-01,1630000.0,Annual
E101368,2024-04-01,1630000.0,Annual
E101369,2020-04-01,2025000.0,Opening
E101369,2021-04-01,2025000.0,Annual
E101369,2022-04-01,2099000.0,Annual
E101369,2023-04-01,2236000.0,Annual
E101370,2020-04-01,1086000.0,Opening
E101370,2021-04-01,1116000.0,Annual
E101370,2022-04-01,1223000.0,Annual
E101370,2023-04-01,1319000.0,Annual
E101371,2020-04-01,756000.0,Opening
E101371,2021-04-01,844000.0,Annual
E101371,2022-04-01,992000.0,Annual
E101371,2023-04-01,1082000.0,Annual
E101371,2024-04-01,1148000.0,Annual
E101371,2025-04-01,1396000.0,Promotion
E101372,2020-04-01,2637000.0,Opening
E101372,2021-04-01,2943000.0,Annual
E101372,2022-04-01,3403000.0,Annual
E101372,2023-04-01,3619000.0,Annual
E101372,2024-04-01,4285000.0,Promotion
E101372,2025-04-01,4676000.0,Annual
E101373,2022-04-01,504000.0,Hire
E101373,2022-04-01,559000.0,Annual
E101373,2023-04-01,574000.0,Annual
E101374,2020-04-01,1873000.0,Opening
E101374,2021-04-01,2173000.0,Annual
E101374,2022-04-01,2494000.0,Annual
E101375,2021-04-01,672000.0,Opening
E101375,2022-04-01,672000.0,Annual
E101376,2021-04-01,774000.0,Opening
E101376,2022-04-01,897000.0,Annual
E101376,2023-04-01,1065000.0,Promotion
E101377,2020-04-01,795000.0,Opening
E101377,2021-04-01,922000.0,Annual
E101377,2022-04-01,1068000.0,Annual
E101378,2021-04-01,759000.0,Opening
E101378,2022-04-01,833000.0,Annual
E101379,2020-04-01,2352000.0,Opening
E101379,2021-04-01,2540000.0,Annual
E101379,2022-04-01,2801000.0,Annual
E101379,2023-04-01,3047000.0,Annual
E101379,2024-04-01,3247000.0,Annual
E101379,2025-04-01,3477000.0,Annual
E101380,2020-04-01,1124000.0,Opening
E101380,2021-04-01,1214000.0,Annual
E101380,2022-04-01,1337000.0,Annual
E101380,2023-04-01,1433000.0,Annual
E101380,2024-04-01,1516000.0,Annual
E101380,2025-04-01,1622000.0,Annual
E101381,2021-04-01,1303000.0,Opening
E101381,2022-04-01,1351000.0,Annual
E101382,2022-04-01,395000.0,Hire
E101382,2022-04-01,439000.0,Annual
E101382,2023-04-01,474000.0,Annual
E101382,2024-04-01,484000.0,Annual
E101382,2025-04-01,564000.0,Promotion
E101383,2020-04-01,748000.0,Opening
E101383,2021-04-01,769000.0,Annual
E101383,2022-04-01,853000.0,Annual
E101383,2023-04-01,875000.0,Annual
E101384,2021-04-01,340000.0,Opening
E101384,2022-04-01,370000.0,Annual
E101384,2023-04-01,397000.0,Annual
E101385,2020-04-01,1122000.0,Opening
E101385,2021-04-01,1212000.0,Annual
E101385,2022-04-01,1329000.0,Annual
E101385,2023-04-01,1362000.0,Annual
E101385,2024-04-01,1642000.0,Promotion
E101385,2025-04-01,1744000.0,Annual
E101386,2020-04-01,319000.0,Opening
E101386,2021-04-01,328000.0,Annual
E101386,2022-04-01,373000.0,Annual
E101386,2023-04-01,401000.0,Annual
E101386,2024-04-01,425000.0,Annual
E101386,2025-04-01,433000.0,Annual
E101387,2020-04-01,625000.0,Opening
E101387,2021-04-01,642000.0,Annual
E101387,2022-04-01,706000.0,Annual
E101388,2020-04-01,401000.0,Opening
E101388,2021-04-01,433000.0,Annual
E101388,2022-04-01,470000.0,Annual
E101389,2020-04-01,1937000.0,Opening
E101389,2021-04-01,2092000.0,Annual
E101389,2022-04-01,2298000.0,Annual
E101389,2023-04-01,2559000.0,Annual
E101389,2024-04-01,3115000.0,Promotion
E101389,2025-04-01,3334000.0,Annual
E101390,2020-04-01,1990000.0,Opening
E101390,2021-04-01,2046000.0,Annual
E101390,2022-04-01,2360000.0,Annual
E101390,2023-04-01,2514000.0,Annual
E101391,2022-04-01,441000.0,Hire
E101391,2023-04-01,509000.0,Annual
E101391,2024-04-01,541000.0,Annual
E101391,2025-04-01,621000.0,Annual
E101392,2020-04-01,2135000.0,Opening
E101392,2021-04-01,2306000.0,Annual
E101392,2022-04-01,2510000.0,Annual
E101392,2023-04-01,2698000.0,Annual
E101392,2024-04-01,3202000.0,Promotion
E101392,2025-04-01,3428000.0,Annual
E101393,2020-04-01,344000.0,Opening
E101393,2021-04-01,354000.0,Annual
E101393,2022-04-01,386000.0,Annual
E101393,2023-04-01,414000.0,Annual
E101393,2024-04-01,441000.0,Annual
E101393,2025-04-01,452000.0,Annual
E101394,2020-04-01,1453000.0,Opening
E101394,2021-04-01,1569000.0,Annual
E101394,2022-04-01,1714000.0,Annual
E101394,2023-04-01,1890000.0,Annual
E101394,2024-04-01,2045000.0,Annual
E101394,2025-04-01,2163000.0,Annual
E101395,2020-04-01,403000.0,Opening
E101395,2021-04-01,467000.0,Annual
E101395,2022-04-01,543000.0,Annual
E101395,2023-04-01,592000.0,Annual
E101396,2022-04-01,1020000.0,Hire
E101396,2022-04-01,1055000.0,Annual
E101396,2023-04-01,1055000.0,Annual
E101397,2020-04-01,852000.0,Opening
E101397,2021-04-01,920000.0,Annual
E101397,2022-04-01,1083000.0,Annual
E101397,2023-04-01,1155000.0,Annual
E101397,2024-04-01,1330000.0,Promotion
E101397,2025-04-01,1414000.0,Annual
E101398,2020-04-01,724000.0,Opening
E101398,2021-04-01,724000.0,Annual
E101398,2022-04-01,746000.0,Annual
E101398,2023-04-01,746000.0,Annual
E101399,2020-04-01,398000.0,Opening
E101399,2021-04-01,430000.0,Annual
E101399,2022-04-01,471000.0,Annual
E101399,2023-04-01,509000.0,Annual
E101399,2024-04-01,521000.0,Annual
E101399,2025-04-01,557000.0,Annual
E101400,2020-04-01,741000.0,Opening
E101400,2021-04-01,827000.0,Annual
E101400,2022-04-01,855000.0,Annual
E101401,2020-04-01,1067000.0,Opening
E101401,2021-04-01,1191000.0,Annual
E101401,2022-04-01,1361000.0,Annual
E101402,2020-04-01,5310000.0,Opening
E101402,2021-04-01,5735000.0,Annual
E101402,2022-04-01,6249000.0,Annual
E101402,2023-04-01,6887000.0,Annual
E101402,2024-04-01,7520000.0,Annual
E101402,2025-04-01,8491000.0,Annual
E101403,2021-04-01,780000.0,Opening
E101403,2022-04-01,946000.0,Annual
E101403,2023-04-01,1133000.0,Promotion
E101403,2024-04-01,1225000.0,Annual
E101404,2020-04-01,459000.0,Opening
E101404,2021-04-01,496000.0,Annual
E101404,2022-04-01,547000.0,Annual
E101404,2023-04-01,580000.0,Annual
E101405,2020-04-01,408000.0,Opening
E101405,2021-04-01,419000.0,Annual
E101405,2022-04-01,463000.0,Annual
E101405,2023-04-01,497000.0,Annual
E101405,2024-04-01,506000.0,Annual
E101405,2025-04-01,542000.0,Annual
E101406,2020-04-01,432000.0,Opening
E101406,2021-04-01,444000.0,Annual
E101406,2022-04-01,489000.0,Annual
E101407,2020-04-01,337000.0,Opening
E101407,2021-04-01,391000.0,Annual
E101407,2022-04-01,461000.0,Promotion
E101407,2023-04-01,501000.0,Annual
E101407,2024-04-01,560000.0,Annual
E101407,2025-04-01,657000.0,Promotion
E101408,2020-04-01,374000.0,Opening
E101408,2021-04-01,404000.0,Annual
E101408,2022-04-01,445000.0,Annual
E101408,2023-04-01,473000.0,Annual
E101408,2024-04-01,500000.0,Annual
E101409,2020-04-01,1166000.0,Opening
E101409,2021-04-01,1199000.0,Annual
E101409,2022-04-01,1199000.0,Annual
E101409,2023-04-01,1199000.0,Annual
E101410,2020-04-01,411000.0,Opening
E101410,2021-04-01,423000.0,Annual
E101410,2022-04-01,461000.0,Annual
E101410,2023-04-01,472000.0,Annual
E101411,2020-04-01,1457000.0,Opening
E101411,2021-04-01,1574000.0,Annual
E101411,2022-04-01,1729000.0,Annual
E101411,2023-04-01,1833000.0,Annual
E101411,2024-04-01,1978000.0,Annual
E101412,2021-04-01,528000.0,Opening
E101412,2022-04-01,575000.0,Annual
E101413,2020-04-01,316000.0,Opening
E101413,2021-04-01,367000.0,Annual
E101413,2022-04-01,430000.0,Annual
E101413,2023-04-01,498000.0,Annual
E101414,2020-04-01,623000.0,Opening
E101414,2021-04-01,723000.0,Annual
E101414,2022-04-01,885000.0,Annual
E101414,2023-04-01,1004000.0,Annual
E101414,2024-04-01,1211000.0,Promotion
E101414,2025-04-01,1333000.0,Annual
E101415,2022-04-01,684000.0,Hire
E101415,2022-04-01,750000.0,Annual
E101416,2020-04-01,777000.0,Opening
E101416,2021-04-01,867000.0,Annual
E101416,2022-04-01,999000.0,Annual
E101416,2023-04-01,1067000.0,Annual
E101416,2024-04-01,1260000.0,Promotion
E101416,2025-04-01,1385000.0,Annual
E101417,2020-04-01,409000.0,Opening
E101417,2021-04-01,442000.0,Annual
E101417,2022-04-01,488000.0,Annual
E101417,2023-04-01,520000.0,Annual
E101417,2024-04-01,549000.0,Annual
E101417,2025-04-01,589000.0,Annual
E101418,2020-04-01,715000.0,Opening
E101418,2021-04-01,798000.0,Annual
E101418,2022-04-01,921000.0,Promotion
E101418,2023-04-01,977000.0,Annual
E101418,2024-04-01,1034000.0,Annual
E101418,2025-04-01,1200000.0,Promotion
E101419,2020-04-01,2127000.0,Opening
E101419,2021-04-01,2297000.0,Annual
E101419,2022-04-01,2544000.0,Annual
E101419,2023-04-01,2745000.0,Annual
E101419,2024-04-01,3232000.0,Promotion
E101419,2025-04-01,3456000.0,Annual
E101420,2022-04-01,449000.0,Hire
E101420,2022-04-01,522000.0,Annual
E101420,2023-04-01,534000.0,Annual
E101421,2021-04-01,457000.0,Opening
E101421,2022-04-01,549000.0,Promotion
E101422,2021-04-01,783000.0,Opening
E101422,2022-04-01,894000.0,Annual
E101422,2023-04-01,1035000.0,Promotion
E101422,2024-04-01,1148000.0,Annual
E101422,2025-04-01,1256000.0,Annual
E101423,2021-04-01,883000.0,Opening
E101423,2022-04-01,1020000.0,Annual
E101423,2023-04-01,1102000.0,Annual
E101423,2024-04-01,1279000.0,Promotion
E101423,2025-04-01,1409000.0,Annual
E101424,2020-04-01,471000.0,Opening
E101424,2021-04-01,509000.0,Annual
E101424,2022-04-01,575000.0,Annual
E101424,2023-04-01,610000.0,Annual
E101424,2024-04-01,659000.0,Annual
E101424,2025-04-01,699000.0,Annual
E101425,2020-04-01,4833000.0,Opening
E101425,2021-04-01,5394000.0,Annual
E101425,2022-04-01,6414000.0,Annual
E101425,2023-04-01,7086000.0,Annual
E101425,2024-04-01,7505000.0,Annual
E101425,2025-04-01,8145000.0,Annual
E101426,2020-04-01,745000.0,Opening
E101426,2021-04-01,766000.0,Annual
E101426,2022-04-01,847000.0,Annual
E101426,2023-04-01,1029000.0,Promotion
E101426,2024-04-01,1082000.0,Annual
E101426,2025-04-01,1289000.0,Promotion
E101427,2020-04-01,2787000.0,Opening
E101427,2021-04-01,3110000.0,Annual
E101427,2022-04-01,3393000.0,Annual
E101427,2023-04-01,3934000.0,Annual
E101427,2024-04-01,4191000.0,Annual
E101427,2025-04-01,5030000.0,Promotion
E101428,2020-04-01,745000.0,Opening
E101428,2021-04-01,864000.0,Annual
E101428,2022-04-01,947000.0,Annual
E101428,2023-04-01,969000.0,Annual
E101429,2020-04-01,431000.0,Opening
E101429,2021-04-01,443000.0,Annual
E101429,2022-04-01,501000.0,Annual
E101430,2021-04-01,400000.0,Opening
E101430,2022-04-01,466000.0,Annual
E101430,2023-04-01,508000.0,Annual
E101430,2024-04-01,536000.0,Annual
E101430,2025-04-01,626000.0,Promotion
E101431,2022-04-01,462000.0,Hire
E101431,2022-04-01,514000.0,Annual
E101431,2023-04-01,552000.0,Annual
E101432,2020-04-01,786000.0,Opening
E101432,2021-04-01,849000.0,Annual
E101432,2022-04-01,930000.0,Annual
E101432,2023-04-01,992000.0,Annual
E101432,2024-04-01,1058000.0,Annual
E101432,2025-04-01,1167000.0,Annual
E101433,2020-04-01,2151000.0,Opening
E101433,2021-04-01,2151000.0,Annual
E101433,2022-04-01,2226000.0,Annual
E101433,2023-04-01,2382000.0,Annual
E101433,2024-04-01,2429000.0,Annual
E101433,2025-04-01,2429000.0,Annual
E101434,2022-04-01,463000.0,Hire
E101434,2022-04-01,528000.0,Annual
E101434,2023-04-01,579000.0,Annual
E101434,2024-04-01,609000.0,Annual
E101434,2025-04-01,669000.0,Annual
E101435,2021-04-01,454000.0,Opening
E101435,2022-04-01,503000.0,Annual
E101436,2022-04-01,414000.0,Hire
E101436,2022-04-01,461000.0,Annual
E101436,2023-04-01,489000.0,Annual
E101436,2024-04-01,537000.0,Annual
E101436,2025-04-01,577000.0,Annual
E101437,2022-04-01,542000.0,Hire
E101437,2023-04-01,583000.0,Annual
E101437,2024-04-01,613000.0,Annual
E101437,2025-04-01,653000.0,Annual
E101438,2020-04-01,516000.0,Opening
E101438,2021-04-01,576000.0,Annual
E101438,2022-04-01,651000.0,Annual
E101439,2020-04-01,3363000.0,Opening
E101439,2021-04-01,3632000.0,Annual
E101439,2022-04-01,3757000.0,Annual
E101440,2020-04-01,1255000.0,Opening
E101440,2021-04-01,1355000.0,Annual
E101440,2022-04-01,1405000.0,Annual
E101441,2020-04-01,3106000.0,Opening
E101441,2021-04-01,3603000.0,Annual
E101441,2022-04-01,4150000.0,Annual
E101441,2023-04-01,4908000.0,Promotion
E101441,2024-04-01,5282000.0,Annual
E101441,2025-04-01,5712000.0,Annual
E101442,2022-04-01,1003000.0,Hire
E101442,2022-04-01,1091000.0,Annual
E101442,2023-04-01,1166000.0,Annual
E101443,2020-04-01,2133000.0,Opening
E101443,2021-04-01,2380000.0,Annual
E101443,2022-04-01,2803000.0,Promotion
E101443,2023-04-01,2983000.0,Annual
E101443,2024-04-01,3495000.0,Promotion
E101443,2025-04-01,3713000.0,Annual
E101444,2020-04-01,1266000.0,Opening
E101444,2021-04-01,1413000.0,Annual
E101444,2022-04-01,1599000.0,Annual
E101444,2023-04-01,1748000.0,Annual
E101444,2024-04-01,1841000.0,Annual
E101444,2025-04-01,1963000.0,Annual
E101445,2021-04-01,328000.0,Opening
E101445,2022-04-01,358000.0,Annual
E101445,2023-04-01,367000.0,Annual
E101446,2020-04-01,1147000.0,Opening
E101446,2021-04-01,1239000.0,Annual
E101446,2022-04-01,1362000.0,Annual
E101446,2023-04-01,1399000.0,Annual
E101446,2024-04-01,1491000.0,Annual
E101446,2025-04-01,1593000.0,Annual
E101447,2020-04-01,320000.0,Opening
E101447,2021-04-01,346000.0,Annual
E101447,2022-04-01,358000.0,Annual
E101447,2023-04-01,367000.0,Annual
E101447,2024-04-01,391000.0,Annual
E101447,2025-04-01,418000.0,Annual
E101448,2020-04-01,707000.0,Opening
E101448,2021-04-01,820000.0,Annual
E101448,2022-04-01,979000.0,Annual
E101448,2023-04-01,1125000.0,Annual
E101448,2024-04-01,1260000.0,Annual
E101448,2025-04-01,1370000.0,Annual
E101449,2020-04-01,2116000.0,Opening
E101449,2021-04-01,2455000.0,Annual
E101449,2022-04-01,2987000.0,Annual
E101449,2023-04-01,3533000.0,Promotion
E101449,2024-04-01,3814000.0,Annual
E101449,2025-04-01,4345000.0,Annual
E101450,2020-04-01,349000.0,Opening
E101450,2021-04-01,389000.0,Annual
E101450,2022-04-01,431000.0,Annual
E101450,2023-04-01,476000.0,Annual
E101451,2020-04-01,382000.0,Opening
E101451,2021-04-01,393000.0,Annual
E101451,2022-04-01,434000.0,Annual
E101451,2023-04-01,446000.0,Annual
E101451,2024-04-01,482000.0,Annual
E101451,2025-04-01,512000.0,Annual
E101452,2020-04-01,1871000.0,Opening
E101452,2021-04-01,2021000.0,Annual
E101452,2022-04-01,2102000.0,Annual
E101452,2023-04-01,2157000.0,Annual
E101452,2024-04-01,2208000.0,Annual
E101452,2025-04-01,2208000.0,Annual
E101453,2022-04-01,894000.0,Hire
E101453,2022-04-01,972000.0,Annual
E101453,2023-04-01,1084000.0,Annual
E101453,2024-04-01,1149000.0,Annual
E101453,2025-04-01,1250000.0,Annual
E101454,2020-04-01,450000.0,Opening
E101454,2021-04-01,522000.0,Annual
E101454,2022-04-01,602000.0,Annual
E101454,2023-04-01,700000.0,Promotion
E101454,2024-04-01,785000.0,Annual
E101454,2025-04-01,900000.0,Annual
E101455,2020-04-01,845000.0,Opening
E101455,2021-04-01,913000.0,Annual
E101455,2022-04-01,994000.0,Annual
E101455,2023-04-01,1054000.0,Annual
E101455,2024-04-01,1276000.0,Promotion
E101455,2025-04-01,1347000.0,Annual
E101456,2020-04-01,323000.0,Opening
E101456,2021-04-01,349000.0,Annual
E101456,2022-04-01,387000.0,Annual
E101456,2023-04-01,411000.0,Annual
E101456,2024-04-01,438000.0,Annual
E101456,2025-04-01,448000.0,Annual
E101457,2020-04-01,2336000.0,Opening
E101457,2021-04-01,2607000.0,Annual
E101457,2022-04-01,3112000.0,Promotion
E101457,2023-04-01,3438000.0,Annual
E101457,2024-04-01,3885000.0,Annual
E101457,2025-04-01,4139000.0,Annual
E101458,2020-04-01,746000.0,Opening
E101458,2021-04-01,806000.0,Annual
E101458,2022-04-01,836000.0,Annual
E101458,2023-04-01,966000.0,Promotion
E101458,2024-04-01,1030000.0,Annual
E101458,2025-04-01,1106000.0,Annual
E101459,2020-04-01,3250000.0,Opening
E101459,2021-04-01,3510000.0,Annual
E101459,2022-04-01,3632000.0,Annual
E101460,2020-04-01,516000.0,Opening
E101460,2021-04-01,557000.0,Annual
E101460,2022-04-01,611000.0,Annual
E101460,2023-04-01,654000.0,Annual
E101461,2020-04-01,3235000.0,Opening
E101461,2021-04-01,3494000.0,Annual
E101461,2022-04-01,3868000.0,Annual
E101461,2023-04-01,4149000.0,Annual
E101461,2024-04-01,4373000.0,Annual
E101461,2025-04-01,4657000.0,Annual
E101462,2020-04-01,1951000.0,Opening
E101462,2021-04-01,2107000.0,Annual
E101462,2022-04-01,2409000.0,Annual
E101462,2023-04-01,2589000.0,Annual
E101462,2024-04-01,2810000.0,Annual
E101463,2020-04-01,676000.0,Opening
E101463,2021-04-01,730000.0,Annual
E101463,2022-04-01,821000.0,Annual
E101463,2023-04-01,838000.0,Annual
E101463,2024-04-01,853000.0,Annual
E101463,2025-04-01,935000.0,Annual
E101464,2020-04-01,1267000.0,Opening
E101464,2021-04-01,1368000.0,Annual
E101464,2022-04-01,1419000.0,Annual
E101465,2020-04-01,447000.0,Opening
E101465,2021-04-01,483000.0,Annual
E101465,2022-04-01,548000.0,Annual
E101466,2021-04-01,406000.0,Opening
E101466,2022-04-01,406000.0,Annual
E101467,2020-04-01,601000.0,Opening
E101467,2021-04-01,649000.0,Annual
E101467,2022-04-01,716000.0,Annual
E101468,2020-04-01,307000.0,Opening
E101468,2021-04-01,332000.0,Annual
E101468,2022-04-01,363000.0,Annual
E101468,2023-04-01,391000.0,Annual
E101468,2024-04-01,414000.0,Annual
E101468,2025-04-01,452000.0,Annual
E101469,2021-04-01,871000.0,Opening
E101469,2022-04-01,905000.0,Annual
E101469,2023-04-01,1004000.0,Annual
E101469,2024-04-01,1058000.0,Annual
E101470,2020-04-01,1247000.0,Opening
E101470,2021-04-01,1392000.0,Annual
E101470,2022-04-01,1571000.0,Annual
E101470,2023-04-01,1764000.0,Annual
E101471,2020-04-01,1363000.0,Opening
E101471,2021-04-01,1521000.0,Annual
E101471,2022-04-01,1730000.0,Annual
E101471,2023-04-01,1892000.0,Annual
E101471,2024-04-01,2054000.0,Annual
E101471,2025-04-01,2220000.0,Annual
E101472,2020-04-01,1961000.0,Opening
E101472,2021-04-01,2016000.0,Annual
E101472,2022-04-01,2202000.0,Annual
E101472,2023-04-01,2356000.0,Annual
E101472,2024-04-01,2495000.0,Annual
E101472,2025-04-01,2638000.0,Annual
E101473,2020-04-01,313000.0,Opening
E101473,2021-04-01,338000.0,Annual
E101473,2022-04-01,376000.0,Annual
E101473,2023-04-01,410000.0,Annual
E101473,2024-04-01,473000.0,Promotion
E101473,2025-04-01,503000.0,Annual
E101474,2020-04-01,2610000.0,Opening
E101474,2021-04-01,2913000.0,Annual
E101474,2022-04-01,3372000.0,Annual
E101474,2023-04-01,3590000.0,Annual
E101474,2024-04-01,3790000.0,Annual
E101474,2025-04-01,4587000.0,Promotion
E101475,2021-04-01,784000.0,Opening
E101475,2022-04-01,852000.0,Annual
E101475,2023-04-01,906000.0,Annual
E101475,2024-04-01,1070000.0,Promotion
E101475,2025-04-01,1179000.0,Annual
E101476,2020-04-01,1102000.0,Opening
E101476,2021-04-01,1190000.0,Annual
E101476,2022-04-01,1229000.0,Annual
E101477,2020-04-01,671000.0,Opening
E101477,2021-04-01,749000.0,Annual
E101477,2022-04-01,813000.0,Annual
E101477,2023-04-01,868000.0,Annual
E101477,2024-04-01,915000.0,Annual
E101477,2025-04-01,980000.0,Annual
E101478,2020-04-01,2388000.0,Opening
E101478,2021-04-01,2579000.0,Annual
E101478,2022-04-01,2870000.0,Annual
E101478,2023-04-01,2947000.0,Annual
E101478,2024-04-01,3137000.0,Annual
E101478,2025-04-01,3341000.0,Annual
E101479,2020-04-01,329000.0,Opening
E101479,2021-04-01,367000.0,Annual
E101479,2022-04-01,412000.0,Annual
E101480,2020-04-01,379000.0,Opening
E101480,2021-04-01,423000.0,Annual
E101480,2022-04-01,491000.0,Promotion
E101481,2020-04-01,1506000.0,Opening
E101481,2021-04-01,1548000.0,Annual
E101481,2022-04-01,1706000.0,Annual
E101481,2023-04-01,1838000.0,Annual
E101481,2024-04-01,1940000.0,Annual
E101481,2025-04-01,2116000.0,Annual
E101482,2020-04-01,1500000.0,Opening
E101482,2021-04-01,1500000.0,Annual
E101482,2022-04-01,1645000.0,Annual
E101482,2023-04-01,1761000.0,Annual
E101482,2024-04-01,1862000.0,Annual
E101482,2025-04-01,1990000.0,Annual
E101483,2020-04-01,1070000.0,Opening
E101483,2021-04-01,1194000.0,Annual
E101483,2022-04-01,1326000.0,Annual
E101483,2023-04-01,1356000.0,Annual
E101483,2024-04-01,1634000.0,Promotion
E101483,2025-04-01,1809000.0,Annual
E101484,2021-04-01,373000.0,Opening
E101484,2022-04-01,373000.0,Annual
E101485,2020-04-01,438000.0,Opening
E101485,2021-04-01,473000.0,Annual
E101485,2022-04-01,541000.0,Annual
E101485,2023-04-01,577000.0,Annual
E101485,2024-04-01,617000.0,Annual
E101485,2025-04-01,675000.0,Annual
E101486,2020-04-01,1106000.0,Opening
E101486,2021-04-01,1137000.0,Annual
E101486,2022-04-01,1179000.0,Annual
E101487,2020-04-01,1225000.0,Opening
E101487,2021-04-01,1259000.0,Annual
E101487,2022-04-01,1392000.0,Annual
E101487,2023-04-01,1392000.0,Annual
E101487,2024-04-01,1468000.0,Annual
E101487,2025-04-01,1499000.0,Annual
E101488,2020-04-01,1106000.0,Opening
E101488,2021-04-01,1234000.0,Annual
E101488,2022-04-01,1471000.0,Promotion
E101488,2023-04-01,1666000.0,Annual
E101488,2024-04-01,1924000.0,Promotion
E101489,2020-04-01,597000.0,Opening
E101489,2021-04-01,645000.0,Annual
E101489,2022-04-01,708000.0,Annual
E101489,2023-04-01,755000.0,Annual
E101489,2024-04-01,802000.0,Annual
E101489,2025-04-01,854000.0,Annual
E101490,2020-04-01,1182000.0,Opening
E101490,2021-04-01,1319000.0,Annual
E101490,2022-04-01,1462000.0,Annual
E101490,2023-04-01,1499000.0,Annual
E101490,2024-04-01,1623000.0,Annual
E101491,2022-04-01,494000.0,Hire
E101491,2023-04-01,564000.0,Annual
E101491,2024-04-01,602000.0,Annual
E101491,2025-04-01,636000.0,Annual
E101492,2020-04-01,698000.0,Opening
E101492,2021-04-01,779000.0,Annual
E101492,2022-04-01,882000.0,Annual
E101493,2020-04-01,741000.0,Opening
E101493,2021-04-01,827000.0,Annual
E101493,2022-04-01,968000.0,Annual
E101494,2020-04-01,1262000.0,Opening
E101494,2021-04-01,1363000.0,Annual
E101494,2022-04-01,1363000.0,Annual
E101494,2023-04-01,1452000.0,Annual
E101495,2022-04-01,798000.0,Hire
E101495,2022-04-01,897000.0,Annual
E101496,2021-04-01,1278000.0,Opening
E101496,2022-04-01,1398000.0,Annual
E101497,2020-04-01,1318000.0,Opening
E101497,2021-04-01,1423000.0,Annual
E101497,2022-04-01,1550000.0,Annual
E101497,2023-04-01,1712000.0,Annual
E101497,2024-04-01,1871000.0,Annual
E101497,2025-04-01,1995000.0,Annual
E101498,2020-04-01,1907000.0,Opening
E101498,2021-04-01,2128000.0,Annual
E101498,2022-04-01,2362000.0,Annual
E101498,2023-04-01,2834000.0,Promotion
E101498,2024-04-01,3069000.0,Annual
E101498,2025-04-01,3630000.0,Promotion
E101499,2020-04-01,1807000.0,Opening
E101499,2021-04-01,2017000.0,Annual
E101499,2022-04-01,2196000.0,Annual
E101499,2023-04-01,2242000.0,Annual
E101499,2024-04-01,2427000.0,Annual
E101499,2025-04-01,2608000.0,Annual
E101500,2020-04-01,478000.0,Opening
E101500,2021-04-01,533000.0,Annual
E101500,2022-04-01,600000.0,Annual
E101500,2023-04-01,652000.0,Annual
E101500,2024-04-01,686000.0,Annual
E101500,2025-04-01,729000.0,Annual
E101501,2020-04-01,1402000.0,Opening
E101501,2021-04-01,1565000.0,Annual
E101501,2022-04-01,1707000.0,Annual
E101501,2023-04-01,1844000.0,Annual
E101501,2024-04-01,1953000.0,Annual
E101502,2020-04-01,537000.0,Opening
E101502,2021-04-01,599000.0,Annual
E101502,2022-04-01,656000.0,Annual
E101502,2023-04-01,705000.0,Annual
E101502,2024-04-01,746000.0,Annual
E101502,2025-04-01,761000.0,Annual
E101503,2020-04-01,443000.0,Opening
E101503,2021-04-01,455000.0,Annual
E101503,2022-04-01,502000.0,Annual
E101503,2023-04-01,537000.0,Annual
E101503,2024-04-01,550000.0,Annual
E101503,2025-04-01,581000.0,Annual
E101504,2020-04-01,756000.0,Opening
E101504,2021-04-01,756000.0,Annual
E101504,2022-04-01,842000.0,Annual
E101504,2023-04-01,865000.0,Annual
E101504,2024-04-01,921000.0,Annual
E101504,2025-04-01,940000.0,Annual
E101505,2020-04-01,1751000.0,Opening
E101505,2021-04-01,1954000.0,Annual
E101505,2022-04-01,2152000.0,Annual
E101505,2023-04-01,2338000.0,Annual
E101505,2024-04-01,2637000.0,Annual
E101505,2025-04-01,2833000.0,Annual
E101506,2021-04-01,1243000.0,Opening
E101506,2022-04-01,1353000.0,Annual
E101506,2023-04-01,1454000.0,Annual
E101506,2024-04-01,1552000.0,Annual
E101506,2025-04-01,1658000.0,Annual
E101507,2020-04-01,381000.0,Opening
E101507,2021-04-01,411000.0,Annual
E101507,2022-04-01,478000.0,Promotion
E101508,2020-04-01,357000.0,Opening
E101508,2021-04-01,414000.0,Annual
E101508,2022-04-01,453000.0,Annual
E101508,2023-04-01,480000.0,Annual
E101508,2024-04-01,566000.0,Promotion
E101508,2025-04-01,626000.0,Annual
E101509,2020-04-01,1229000.0,Opening
E101509,2021-04-01,1327000.0,Annual
E101509,2022-04-01,1440000.0,Annual
E101509,2023-04-01,1478000.0,Annual
E101509,2024-04-01,1578000.0,Annual
E101510,2020-04-01,2900000.0,Opening
E101510,2021-04-01,3132000.0,Annual
E101510,2022-04-01,3619000.0,Annual
E101510,2023-04-01,3893000.0,Annual
E101510,2024-04-01,4133000.0,Annual
E101510,2025-04-01,4965000.0,Promotion
E101511,2020-04-01,393000.0,Opening
E101511,2021-04-01,439000.0,Annual
E101511,2022-04-01,478000.0,Annual
E101511,2023-04-01,530000.0,Annual
E101511,2024-04-01,641000.0,Promotion
E101511,2025-04-01,693000.0,Annual
E101512,2020-04-01,369000.0,Opening
E101512,2021-04-01,379000.0,Annual
E101512,2022-04-01,421000.0,Annual
E101512,2023-04-01,421000.0,Annual
E101513,2020-04-01,1128000.0,Opening
E101513,2021-04-01,1218000.0,Annual
E101513,2022-04-01,1429000.0,Promotion
E101513,2023-04-01,1532000.0,Annual
E101513,2024-04-01,1633000.0,Annual
E101513,2025-04-01,1672000.0,Annual
E101514,2021-04-01,784000.0,Opening
E101514,2022-04-01,862000.0,Annual
E101514,2023-04-01,929000.0,Annual
E101514,2024-04-01,979000.0,Annual
E101514,2025-04-01,1045000.0,Annual
E101515,2020-04-01,1080000.0,Opening
E101515,2021-04-01,1166000.0,Annual
E101515,2022-04-01,1209000.0,Annual
E101516,2022-04-01,447000.0,Hire
E101516,2022-04-01,494000.0,Annual
E101516,2023-04-01,532000.0,Annual
E101516,2024-04-01,566000.0,Annual
E101516,2025-04-01,668000.0,Promotion
E101517,2020-04-01,698000.0,Opening
E101517,2021-04-01,779000.0,Annual
E101517,2022-04-01,917000.0,Promotion
E101517,2023-04-01,1009000.0,Annual
E101517,2024-04-01,1126000.0,Annual
E101517,2025-04-01,1346000.0,Promotion
E101518,2021-04-01,1170000.0,Opening
E101518,2022-04-01,1356000.0,Annual
E101518,2023-04-01,1444000.0,Annual
E101518,2024-04-01,1684000.0,Promotion
E101518,2025-04-01,1820000.0,Annual
E101519,2020-04-01,673000.0,Opening
E101519,2021-04-01,727000.0,Annual
E101519,2022-04-01,750000.0,Annual
E101519,2023-04-01,808000.0,Annual
E101519,2024-04-01,863000.0,Annual
E101519,2025-04-01,913000.0,Annual
E101520,2020-04-01,639000.0,Opening
E101520,2021-04-01,713000.0,Annual
E101520,2022-04-01,871000.0,Annual
E101520,2023-04-01,954000.0,Annual
E101520,2024-04-01,1007000.0,Annual
E101520,2025-04-01,1081000.0,Annual
E101521,2020-04-01,429000.0,Opening
E101521,2021-04-01,463000.0,Annual
E101521,2022-04-01,513000.0,Annual
E101521,2023-04-01,544000.0,Annual
E101521,2024-04-01,578000.0,Annual
E101521,2025-04-01,611000.0,Annual
E101522,2020-04-01,1057000.0,Opening
E101522,2021-04-01,1226000.0,Annual
E101522,2022-04-01,1493000.0,Annual
E101522,2023-04-01,1582000.0,Annual
E101522,2024-04-01,1665000.0,Annual
E101522,2025-04-01,1814000.0,Annual
E101523,2021-04-01,688000.0,Opening
E101523,2022-04-01,786000.0,Annual
E101523,2023-04-01,836000.0,Annual
E101523,2024-04-01,854000.0,Annual
E101523,2025-04-01,910000.0,Annual
E101524,2020-04-01,740000.0,Opening
E101524,2021-04-01,761000.0,Annual
E101524,2022-04-01,828000.0,Annual
E101524,2023-04-01,883000.0,Annual
E101524,2024-04-01,934000.0,Annual
E101525,2020-04-01,951000.0,Opening
E101525,2021-04-01,1027000.0,Annual
E101525,2022-04-01,1124000.0,Annual
E101525,2023-04-01,1192000.0,Annual
E101525,2024-04-01,1217000.0,Annual
E101525,2025-04-01,1442000.0,Promotion
E101526,2020-04-01,1965000.0,Opening
E101526,2021-04-01,2193000.0,Annual
E101526,2022-04-01,2390000.0,Annual
E101526,2023-04-01,2440000.0,Annual
E101526,2024-04-01,2594000.0,Annual
E101526,2025-04-01,2832000.0,Annual
E101527,2020-04-01,2018000.0,Opening
E101527,2021-04-01,2252000.0,Annual
E101527,2022-04-01,2627000.0,Annual
E101527,2023-04-01,3186000.0,Promotion
E101527,2024-04-01,3356000.0,Annual
E101527,2025-04-01,3821000.0,Annual
E101528,2020-04-01,684000.0,Opening
E101528,2021-04-01,703000.0,Annual
E101528,2022-04-01,774000.0,Annual
E101528,2023-04-01,794000.0,Annual
E101528,2024-04-01,839000.0,Annual
E101528,2025-04-01,886000.0,Annual
E101529,2022-04-01,736000.0,Hire
E101529,2022-04-01,811000.0,Annual
E101529,2023-04-01,869000.0,Annual
E101529,2024-04-01,923000.0,Annual
E101529,2025-04-01,1116000.0,Promotion
E101530,2021-04-01,773000.0,Opening
E101530,2022-04-01,849000.0,Annual
E101530,2023-04-01,900000.0,Annual
E101530,2024-04-01,1096000.0,Promotion
E101530,2025-04-01,1164000.0,Annual
E101531,2020-04-01,1955000.0,Opening
E101531,2021-04-01,2182000.0,Annual
E101531,2022-04-01,2672000.0,Annual
E101531,2023-04-01,3063000.0,Annual
E101531,2024-04-01,3729000.0,Promotion
E101531,2025-04-01,4232000.0,Annual
E101532,2020-04-01,1109000.0,Opening
E101532,2021-04-01,1198000.0,Annual
E101532,2022-04-01,1234000.0,Annual
E101532,2023-04-01,1269000.0,Annual
E101532,2024-04-01,1293000.0,Annual
E101532,2025-04-01,1365000.0,Annual
E101533,2020-04-01,1311000.0,Opening
E101533,2021-04-01,1416000.0,Annual
E101533,2022-04-01,1565000.0,Annual
E101533,2023-04-01,1744000.0,Annual
E101533,2024-04-01,1846000.0,Annual
E101533,2025-04-01,1953000.0,Annual
E101534,2020-04-01,1912000.0,Opening
E101534,2021-04-01,2065000.0,Annual
E101534,2022-04-01,2136000.0,Annual
E101535,2022-04-01,668000.0,Hire
E101535,2022-04-01,773000.0,Annual
E101535,2023-04-01,824000.0,Annual
E101535,2024-04-01,901000.0,Annual
E101535,2025-04-01,951000.0,Annual
E101536,2020-04-01,777000.0,Opening
E101536,2021-04-01,777000.0,Annual
E101536,2022-04-01,804000.0,Annual
E101536,2023-04-01,859000.0,Annual
E101536,2024-04-01,875000.0,Annual
E101536,2025-04-01,935000.0,Annual
E101537,2022-04-01,385000.0,Hire
E101537,2023-04-01,412000.0,Annual
E101537,2024-04-01,436000.0,Annual
E101537,2025-04-01,515000.0,Promotion
E101538,2020-04-01,1354000.0,Opening
E101538,2021-04-01,1462000.0,Annual
E101538,2022-04-01,1609000.0,Annual
E101538,2023-04-01,1729000.0,Annual
E101538,2024-04-01,1818000.0,Annual
E101538,2025-04-01,1945000.0,Annual
E101539,2020-04-01,423000.0,Opening
E101539,2021-04-01,472000.0,Annual
E101539,2022-04-01,516000.0,Annual
E101539,2023-04-01,570000.0,Annual
E101539,2024-04-01,678000.0,Promotion
E101539,2025-04-01,719000.0,Annual
E101540,2021-04-01,770000.0,Opening
E101540,2022-04-01,844000.0,Annual
E101541,2020-04-01,382000.0,Opening
E101541,2021-04-01,443000.0,Annual
E101541,2022-04-01,532000.0,Annual
E101542,2020-04-01,899000.0,Opening
E101542,2021-04-01,971000.0,Annual
E101542,2022-04-01,1124000.0,Annual
E101543,2021-04-01,781000.0,Opening
E101543,2022-04-01,895000.0,Annual
E101543,2023-04-01,951000.0,Annual
E101543,2024-04-01,1120000.0,Promotion
E101543,2025-04-01,1212000.0,Annual
E101544,2020-04-01,1358000.0,Opening
E101544,2021-04-01,1516000.0,Annual
E101544,2022-04-01,1648000.0,Annual
E101544,2023-04-01,1749000.0,Annual
E101544,2024-04-01,1864000.0,Annual
E101544,2025-04-01,2169000.0,Promotion
E101545,2022-04-01,957000.0,Hire
E101545,2022-04-01,1040000.0,Annual
E101545,2023-04-01,1105000.0,Annual
E101545,2024-04-01,1179000.0,Annual
E101545,2025-04-01,1209000.0,Annual
E101546,2020-04-01,395000.0,Opening
E101546,2021-04-01,427000.0,Annual
E101546,2022-04-01,495000.0,Annual
E101546,2023-04-01,533000.0,Annual
E101547,2020-04-01,1020000.0,Opening
E101547,2021-04-01,1102000.0,Annual
E101547,2022-04-01,1142000.0,Annual
E101547,2023-04-01,1167000.0,Annual
E101548,2020-04-01,1430000.0,Opening
E101548,2021-04-01,1544000.0,Annual
E101548,2022-04-01,1687000.0,Annual
E101548,2023-04-01,1793000.0,Annual
E101549,2021-04-01,824000.0,Opening
E101549,2022-04-01,914000.0,Annual
E101550,2020-04-01,735000.0,Opening
E101550,2021-04-01,756000.0,Annual
E101550,2022-04-01,823000.0,Annual
E101550,2023-04-01,840000.0,Annual
E101551,2020-04-01,411000.0,Opening
E101551,2021-04-01,444000.0,Annual
E101551,2022-04-01,487000.0,Annual
E101551,2023-04-01,523000.0,Annual
E101551,2024-04-01,554000.0,Annual
E101551,2025-04-01,588000.0,Annual
E101552,2020-04-01,603000.0,Opening
E101552,2021-04-01,620000.0,Annual
E101552,2022-04-01,620000.0,Annual
E101552,2023-04-01,634000.0,Annual
E101552,2024-04-01,668000.0,Annual
E101552,2025-04-01,668000.0,Annual
E101553,2021-04-01,382000.0,Opening
E101553,2022-04-01,382000.0,Annual
E101554,2020-04-01,1701000.0,Opening
E101554,2021-04-01,1898000.0,Annual
E101554,2022-04-01,2178000.0,Annual
E101555,2020-04-01,714000.0,Opening
E101555,2021-04-01,771000.0,Annual
E101555,2022-04-01,928000.0,Promotion
E101556,2020-04-01,417000.0,Opening
E101556,2021-04-01,450000.0,Annual
E101556,2022-04-01,530000.0,Promotion
E101556,2023-04-01,566000.0,Annual
E101556,2024-04-01,614000.0,Annual
E101556,2025-04-01,666000.0,Annual
E101557,2020-04-01,787000.0,Opening
E101557,2021-04-01,850000.0,Annual
E101557,2022-04-01,1042000.0,Annual
E101557,2023-04-01,1132000.0,Annual
E101557,2024-04-01,1201000.0,Annual
E101557,2025-04-01,1346000.0,Annual
E101558,2020-04-01,380000.0,Opening
E101558,2021-04-01,424000.0,Annual
E101558,2022-04-01,501000.0,Annual
E101558,2023-04-01,603000.0,Promotion
E101559,2020-04-01,1825000.0,Opening
E101559,2021-04-01,1971000.0,Annual
E101559,2022-04-01,2143000.0,Annual
E101559,2023-04-01,2309000.0,Annual
E101559,2024-04-01,2361000.0,Annual
E101559,2025-04-01,2596000.0,Annual
E101560,2020-04-01,2574000.0,Opening
E101560,2021-04-01,2780000.0,Annual
E101560,2022-04-01,3135000.0,Annual
E101560,2023-04-01,3329000.0,Annual
E101560,2024-04-01,3507000.0,Annual
E101560,2025-04-01,3759000.0,Annual
E101561,2020-04-01,2131000.0,Opening
E101561,2021-04-01,2131000.0,Annual
E101561,2022-04-01,2201000.0,Annual
E101562,2021-04-01,798000.0,Opening
E101562,2022-04-01,903000.0,Annual
E101562,2023-04-01,1068000.0,Promotion
E101562,2024-04-01,1148000.0,Annual
E101562,2025-04-01,1334000.0,Promotion
E101563,2020-04-01,3040000.0,Opening
E101563,2021-04-01,3393000.0,Annual
E101563,2022-04-01,3778000.0,Annual
E101564,2020-04-01,561000.0,Opening
E101564,2021-04-01,606000.0,Annual
E101564,2022-04-01,669000.0,Annual
E101564,2023-04-01,815000.0,Promotion
E101564,2024-04-01,864000.0,Annual
E101564,2025-04-01,928000.0,Annual
E101565,2020-04-01,811000.0,Opening
E101565,2021-04-01,876000.0,Annual
E101565,2022-04-01,908000.0,Annual
E101566,2020-04-01,404000.0,Opening
E101566,2021-04-01,436000.0,Annual
E101566,2022-04-01,498000.0,Annual
E101566,2023-04-01,558000.0,Annual
E101566,2024-04-01,605000.0,Annual
E101566,2025-04-01,648000.0,Annual
E101567,2020-04-01,602000.0,Opening
E101567,2021-04-01,650000.0,Annual
E101567,2022-04-01,717000.0,Annual
E101567,2023-04-01,761000.0,Annual
E101567,2024-04-01,807000.0,Annual
E101568,2020-04-01,2862000.0,Opening
E101568,2021-04-01,3091000.0,Annual
E101568,2022-04-01,3394000.0,Annual
E101568,2023-04-01,3596000.0,Annual
E101568,2024-04-01,3862000.0,Annual
E101568,2025-04-01,4080000.0,Annual
E101569,2020-04-01,1055000.0,Opening
E101569,2021-04-01,1139000.0,Annual
E101569,2022-04-01,1325000.0,Annual
E101569,2023-04-01,1568000.0,Promotion
E101569,2024-04-01,1696000.0,Annual
E101569,2025-04-01,1953000.0,Promotion
E101570,2021-04-01,704000.0,Opening
E101570,2022-04-01,781000.0,Annual
E101570,2023-04-01,798000.0,Annual
E101570,2024-04-01,954000.0,Promotion
E101570,2025-04-01,974000.0,Annual
E101571,2020-04-01,807000.0,Opening
E101571,2021-04-01,872000.0,Annual
E101571,2022-04-01,969000.0,Annual
E101571,2023-04-01,1030000.0,Annual
E101571,2024-04-01,1050000.0,Annual
E101571,2025-04-01,1116000.0,Annual
E101572,2020-04-01,1266000.0,Opening
E101572,2021-04-01,1413000.0,Annual
E101572,2022-04-01,1562000.0,Annual
E101572,2023-04-01,1707000.0,Annual
E101572,2024-04-01,1865000.0,Annual
E101572,2025-04-01,1976000.0,Annual
E101573,2020-04-01,694000.0,Opening
E101573,2021-04-01,713000.0,Annual
E101573,2022-04-01,713000.0,Annual
E101574,2020-04-01,781000.0,Opening
E101574,2021-04-01,843000.0,Annual
E101574,2022-04-01,874000.0,Annual
E101574,2023-04-01,1037000.0,Promotion
E101574,2024-04-01,1093000.0,Annual
E101574,2025-04-01,1155000.0,Annual
E101575,2020-04-01,560000.0,Opening
E101575,2021-04-01,605000.0,Annual
E101575,2022-04-01,742000.0,Annual
E101575,2023-04-01,817000.0,Annual
E101575,2024-04-01,872000.0,Annual
E101575,2025-04-01,936000.0,Annual
E101576,2020-04-01,345000.0,Opening
E101576,2021-04-01,355000.0,Annual
E101576,2022-04-01,390000.0,Annual
E101576,2023-04-01,400000.0,Annual
E101576,2024-04-01,482000.0,Promotion
E101577,2021-04-01,875000.0,Opening
E101577,2022-04-01,968000.0,Annual
E101578,2021-04-01,1221000.0,Opening
E101578,2022-04-01,1345000.0,Annual
E101578,2023-04-01,1446000.0,Annual
E101578,2024-04-01,1746000.0,Promotion
E101578,2025-04-01,1862000.0,Annual
E101579,2020-04-01,352000.0,Opening
E101579,2021-04-01,380000.0,Annual
E101579,2022-04-01,438000.0,Annual
E101579,2023-04-01,449000.0,Annual
E101580,2021-04-01,389000.0,Opening
E101580,2022-04-01,428000.0,Annual
E101580,2023-04-01,461000.0,Annual
E101580,2024-04-01,486000.0,Annual
E101580,2025-04-01,516000.0,Annual
E101581,2020-04-01,1176000.0,Opening
E101581,2021-04-01,1270000.0,Annual
E101581,2022-04-01,1382000.0,Annual
E101581,2023-04-01,1488000.0,Annual
E101581,2024-04-01,1775000.0,Promotion
E101581,2025-04-01,1981000.0,Annual
E101582,2021-04-01,505000.0,Opening
E101582,2022-04-01,558000.0,Annual
E101582,2023-04-01,601000.0,Annual
E101582,2024-04-01,642000.0,Annual
E101582,2025-04-01,684000.0,Annual
E101583,2021-04-01,503000.0,Opening
E101583,2022-04-01,551000.0,Annual
E101583,2023-04-01,641000.0,Promotion
E101583,2024-04-01,676000.0,Annual
E101583,2025-04-01,717000.0,Annual
E101584,2021-04-01,1245000.0,Opening
E101584,2022-04-01,1382000.0,Annual
E101585,2022-04-01,408000.0,Hire
E101585,2022-04-01,447000.0,Annual
E101586,2020-04-01,852000.0,Opening
E101586,2021-04-01,920000.0,Annual
E101586,2022-04-01,953000.0,Annual
E101587,2020-04-01,1872000.0,Opening
E101587,2021-04-01,2172000.0,Annual
E101587,2022-04-01,2257000.0,Annual
E101587,2023-04-01,2404000.0,Annual
E101587,2024-04-01,2568000.0,Annual
E101588,2021-04-01,648000.0,Opening
E101588,2022-04-01,754000.0,Annual
E101589,2020-04-01,1561000.0,Opening
E101589,2021-04-01,1686000.0,Annual
E101589,2022-04-01,1939000.0,Annual
E101589,2023-04-01,2107000.0,Annual
E101589,2024-04-01,2233000.0,Annual
E101589,2025-04-01,2723000.0,Promotion
E101590,2020-04-01,1492000.0,Opening
E101590,2021-04-01,1611000.0,Annual
E101590,2022-04-01,1766000.0,Annual
E101590,2023-04-01,2126000.0,Promotion
E101590,2024-04-01,2242000.0,Annual
E101591,2020-04-01,394000.0,Opening
E101591,2021-04-01,394000.0,Annual
E101591,2022-04-01,408000.0,Annual
E101591,2023-04-01,408000.0,Annual
E101592,2020-04-01,385000.0,Opening
E101592,2021-04-01,396000.0,Annual
E101592,2022-04-01,441000.0,Annual
E101592,2023-04-01,451000.0,Annual
E101592,2024-04-01,476000.0,Annual
E101592,2025-04-01,506000.0,Annual
E101593,2020-04-01,2164000.0,Opening
E101593,2021-04-01,2225000.0,Annual
E101593,2022-04-01,2298000.0,Annual
E101593,2023-04-01,2350000.0,Annual
E101593,2024-04-01,2392000.0,Annual
E101593,2025-04-01,2445000.0,Annual
E101594,2020-04-01,724000.0,Opening
E101594,2021-04-01,808000.0,Annual
E101594,2022-04-01,838000.0,Annual
E101594,2023-04-01,856000.0,Annual
E101594,2024-04-01,856000.0,Annual
E101595,2021-04-01,803000.0,Opening
E101595,2022-04-01,872000.0,Annual
E101595,2023-04-01,896000.0,Annual
E101595,2024-04-01,1039000.0,Promotion
E101595,2025-04-01,1109000.0,Annual
E101596,2020-04-01,3304000.0,Opening
E101596,2021-04-01,3397000.0,Annual
E101596,2022-04-01,3498000.0,Annual
E101596,2023-04-01,4051000.0,Promotion
E101596,2024-04-01,4051000.0,Annual
E101597,2020-04-01,279000.0,Opening
E101597,2021-04-01,311000.0,Annual
E101597,2022-04-01,341000.0,Annual
E101597,2023-04-01,375000.0,Annual
E101597,2024-04-01,419000.0,Annual
E101597,2025-04-01,494000.0,Promotion
E101598,2020-04-01,2735000.0,Opening
E101598,2021-04-01,2954000.0,Annual
E101598,2022-04-01,3239000.0,Annual
E101598,2023-04-01,3318000.0,Annual
E101598,2024-04-01,3385000.0,Annual
E101598,2025-04-01,3460000.0,Annual
E101599,2020-04-01,1293000.0,Opening
E101599,2021-04-01,1443000.0,Annual
E101599,2022-04-01,1652000.0,Annual
E101599,2023-04-01,1837000.0,Annual
E101599,2024-04-01,2167000.0,Promotion
E101599,2025-04-01,2349000.0,Annual
E101600,2020-04-01,1440000.0,Opening
E101600,2021-04-01,1480000.0,Annual
E101600,2022-04-01,1530000.0,Annual
E101601,2020-04-01,419000.0,Opening
E101601,2021-04-01,453000.0,Annual
E101601,2022-04-01,496000.0,Annual
E101601,2023-04-01,549000.0,Annual
E101601,2024-04-01,636000.0,Promotion
E101601,2025-04-01,676000.0,Annual
E101602,2021-04-01,1370000.0,Opening
E101602,2022-04-01,1554000.0,Annual
E101602,2023-04-01,1853000.0,Promotion
E101602,2024-04-01,2003000.0,Annual
E101602,2025-04-01,2210000.0,Annual
E101603,2020-04-01,2305000.0,Opening
E101603,2021-04-01,2489000.0,Annual
E101603,2022-04-01,2731000.0,Annual
E101603,2023-04-01,3015000.0,Annual
E101603,2024-04-01,3206000.0,Annual
E101603,2025-04-01,3385000.0,Annual
E101604,2020-04-01,679000.0,Opening
E101604,2021-04-01,733000.0,Annual
E101604,2022-04-01,796000.0,Annual
E101605,2020-04-01,400000.0,Opening
E101605,2021-04-01,432000.0,Annual
E101605,2022-04-01,448000.0,Annual
E101606,2021-04-01,322000.0,Opening
E101606,2022-04-01,358000.0,Annual
E101606,2023-04-01,380000.0,Annual
E101606,2024-04-01,402000.0,Annual
E101606,2025-04-01,444000.0,Annual
E101607,2020-04-01,366000.0,Opening
E101607,2021-04-01,395000.0,Annual
E101607,2022-04-01,445000.0,Annual
E101608,2020-04-01,721000.0,Opening
E101608,2021-04-01,741000.0,Annual
E101608,2022-04-01,768000.0,Annual
E101608,2023-04-01,788000.0,Annual
E101609,2020-04-01,1141000.0,Opening
E101609,2021-04-01,1232000.0,Annual
E101609,2022-04-01,1391000.0,Annual
E101610,2020-04-01,304000.0,Opening
E101610,2021-04-01,339000.0,Annual
E101610,2022-04-01,369000.0,Annual
E101610,2023-04-01,393000.0,Annual
E101610,2024-04-01,418000.0,Annual
E101610,2025-04-01,461000.0,Annual
E101611,2020-04-01,807000.0,Opening
E101611,2021-04-01,872000.0,Annual
E101611,2022-04-01,902000.0,Annual
E101612,2021-04-01,800000.0,Opening
E101612,2022-04-01,800000.0,Annual
E101613,2022-04-01,837000.0,Hire
E101613,2022-04-01,868000.0,Annual
E101613,2023-04-01,929000.0,Annual
E101614,2020-04-01,669000.0,Opening
E101614,2021-04-01,723000.0,Annual
E101614,2022-04-01,746000.0,Annual
E101615,2020-04-01,687000.0,Opening
E101615,2021-04-01,742000.0,Annual
E101615,2022-04-01,813000.0,Annual
E101616,2020-04-01,386000.0,Opening
E101616,2021-04-01,417000.0,Annual
E101616,2022-04-01,431000.0,Annual
E101617,2020-04-01,1591000.0,Opening
E101617,2021-04-01,1718000.0,Annual
E101617,2022-04-01,1903000.0,Annual
E101617,2023-04-01,2047000.0,Annual
E101617,2024-04-01,2175000.0,Annual
E101617,2025-04-01,2299000.0,Annual
E101618,2020-04-01,750000.0,Opening
E101618,2021-04-01,837000.0,Annual
E101618,2022-04-01,980000.0,Promotion
E101618,2023-04-01,1046000.0,Annual
E101618,2024-04-01,1212000.0,Promotion
E101618,2025-04-01,1356000.0,Annual
E101619,2021-04-01,687000.0,Opening
E101619,2022-04-01,753000.0,Annual
E101619,2023-04-01,774000.0,Annual
E101619,2024-04-01,817000.0,Annual
E101620,2020-04-01,3139000.0,Opening
E101620,2021-04-01,3390000.0,Annual
E101620,2022-04-01,3762000.0,Annual
E101620,2023-04-01,4573000.0,Promotion
E101620,2024-04-01,5026000.0,Annual
E101620,2025-04-01,5456000.0,Annual
E101621,2021-04-01,1275000.0,Opening
E101621,2022-04-01,1314000.0,Annual
E101622,2022-04-01,437000.0,Hire
E101622,2022-04-01,479000.0,Annual
E101623,2020-04-01,2637000.0,Opening
E101623,2021-04-01,2848000.0,Annual
E101623,2022-04-01,3267000.0,Annual
E101623,2023-04-01,3338000.0,Annual
E101623,2024-04-01,3418000.0,Annual
E101623,2025-04-01,3625000.0,Annual
E101624,2022-04-01,717000.0,Hire
E101624,2022-04-01,790000.0,Annual
E101624,2023-04-01,862000.0,Annual
E101625,2020-04-01,648000.0,Opening
E101625,2021-04-01,666000.0,Annual
E101625,2022-04-01,687000.0,Annual
E101625,2023-04-01,729000.0,Annual
E101625,2024-04-01,745000.0,Annual
E101625,2025-04-01,763000.0,Annual
E101626,2020-04-01,328000.0,Opening
E101626,2021-04-01,328000.0,Annual
E101626,2022-04-01,364000.0,Annual
E101626,2023-04-01,374000.0,Annual
E101627,2020-04-01,362000.0,Opening
E101627,2021-04-01,420000.0,Annual
E101627,2022-04-01,475000.0,Annual
E101628,2021-04-01,415000.0,Opening
E101628,2022-04-01,467000.0,Annual
E101628,2023-04-01,520000.0,Annual
E101628,2024-04-01,569000.0,Annual
E101628,2025-04-01,610000.0,Annual
E101629,2021-04-01,417000.0,Opening
E101629,2022-04-01,465000.0,Annual
E101629,2023-04-01,499000.0,Annual
E101629,2024-04-01,527000.0,Annual
E101629,2025-04-01,597000.0,Annual
E101630,2020-04-01,761000.0,Opening
E101630,2021-04-01,782000.0,Annual
E101630,2022-04-01,860000.0,Annual
E101631,2020-04-01,4214000.0,Opening
E101631,2021-04-01,4888000.0,Annual
E101631,2022-04-01,5359000.0,Annual
E101632,2022-04-01,637000.0,Hire
E101632,2022-04-01,701000.0,Annual
E101632,2023-04-01,717000.0,Annual
E101633,2022-04-01,390000.0,Hire
E101634,2020-04-01,674000.0,Opening
E101634,2021-04-01,752000.0,Annual
E101634,2022-04-01,838000.0,Annual
E101635,2020-04-01,643000.0,Opening
E101635,2021-04-01,694000.0,Annual
E101635,2022-04-01,785000.0,Annual
E101635,2023-04-01,845000.0,Annual
E101635,2024-04-01,902000.0,Annual
E101635,2025-04-01,1073000.0,Promotion
E101636,2020-04-01,320000.0,Opening
E101636,2021-04-01,346000.0,Annual
E101636,2022-04-01,378000.0,Annual
E101636,2023-04-01,404000.0,Annual
E101637,2021-04-01,708000.0,Opening
E101637,2022-04-01,819000.0,Annual
E101637,2023-04-01,901000.0,Annual
E101637,2024-04-01,1040000.0,Promotion
E101637,2025-04-01,1195000.0,Annual
E101638,2020-04-01,714000.0,Opening
E101638,2021-04-01,734000.0,Annual
E101638,2022-04-01,810000.0,Annual
E101638,2023-04-01,832000.0,Annual
E101639,2020-04-01,2547000.0,Opening
E101639,2021-04-01,2618000.0,Annual
E101639,2022-04-01,2878000.0,Annual
E101639,2023-04-01,3092000.0,Annual
E101639,2024-04-01,3284000.0,Annual
E101639,2025-04-01,3505000.0,Annual
E101640,2020-04-01,552000.0,Opening
E101640,2021-04-01,596000.0,Annual
E101640,2022-04-01,651000.0,Annual
E101641,2020-04-01,1343000.0,Opening
E101641,2021-04-01,1450000.0,Annual
E101641,2022-04-01,1598000.0,Annual
E101641,2023-04-01,1698000.0,Annual
E101641,2024-04-01,1729000.0,Annual
E101641,2025-04-01,1848000.0,Annual
E101642,2020-04-01,1116000.0,Opening
E101642,2021-04-01,1205000.0,Annual
E101642,2022-04-01,1321000.0,Annual
E101642,2023-04-01,1522000.0,Promotion
E101643,2020-04-01,431000.0,Opening
E101643,2021-04-01,481000.0,Annual
E101643,2022-04-01,553000.0,Annual
E101643,2023-04-01,596000.0,Annual
E101643,2024-04-01,635000.0,Annual
E101643,2025-04-01,679000.0,Annual
E101644,2020-04-01,734000.0,Opening
E101644,2021-04-01,755000.0,Annual
E101644,2022-04-01,755000.0,Annual
E101644,2023-04-01,775000.0,Annual
E101645,2022-04-01,782000.0,Hire
E101645,2022-04-01,782000.0,Annual
E101645,2023-04-01,782000.0,Annual
E101646,2020-04-01,388000.0,Opening
E101646,2021-04-01,433000.0,Annual
E101646,2022-04-01,488000.0,Annual
E101646,2023-04-01,523000.0,Annual
E101646,2024-04-01,565000.0,Annual
E101646,2025-04-01,604000.0,Annual
E101647,2020-04-01,463000.0,Opening
E101647,2021-04-01,517000.0,Annual
E101647,2022-04-01,566000.0,Annual
E101647,2023-04-01,644000.0,Annual
E101647,2024-04-01,696000.0,Annual
E101647,2025-04-01,842000.0,Promotion
E101648,2020-04-01,3908000.0,Opening
E101648,2021-04-01,4533000.0,Annual
E101648,2022-04-01,5357000.0,Annual
E101648,2023-04-01,5865000.0,Annual
E101648,2024-04-01,6473000.0,Annual
E101648,2025-04-01,7387000.0,Annual
E101649,2022-04-01,433000.0,Hire
E101649,2023-04-01,465000.0,Annual
E101649,2024-04-01,493000.0,Annual
E101649,2025-04-01,576000.0,Promotion
E101650,2020-04-01,2167000.0,Opening
E101650,2021-04-01,2418000.0,Annual
E101650,2022-04-01,2966000.0,Annual
E101650,2023-04-01,3419000.0,Promotion
E101651,2021-04-01,844000.0,Opening
E101651,2022-04-01,936000.0,Annual
E101651,2023-04-01,1003000.0,Annual
E101652,2020-04-01,409000.0,Opening
E101652,2021-04-01,442000.0,Annual
E101652,2022-04-01,493000.0,Annual
E101652,2023-04-01,531000.0,Annual
E101652,2024-04-01,560000.0,Annual
E101652,2025-04-01,610000.0,Annual
E101653,2020-04-01,3252000.0,Opening
E101653,2021-04-01,3512000.0,Annual
E101653,2022-04-01,3866000.0,Annual
E101653,2023-04-01,4135000.0,Annual
E101653,2024-04-01,4355000.0,Annual
E101654,2021-04-01,1526000.0,Opening
E101654,2022-04-01,1687000.0,Annual
E101654,2023-04-01,1727000.0,Annual
E101654,2024-04-01,2026000.0,Promotion
E101654,2025-04-01,2162000.0,Annual
E101655,2022-04-01,815000.0,Hire
E101655,2022-04-01,891000.0,Annual
E101655,2023-04-01,993000.0,Annual
E101655,2024-04-01,1051000.0,Annual
E101655,2025-04-01,1164000.0,Annual
E101656,2020-04-01,2170000.0,Opening
E101656,2021-04-01,2231000.0,Annual
E101656,2022-04-01,2318000.0,Annual
E101657,2020-04-01,1320000.0,Opening
E101657,2021-04-01,1531000.0,Annual
E101657,2022-04-01,1736000.0,Annual
E101657,2023-04-01,1969000.0,Annual
E101657,2024-04-01,2146000.0,Annual
E101658,2020-04-01,723000.0,Opening
E101658,2021-04-01,781000.0,Annual
E101658,2022-04-01,864000.0,Annual
E101658,2023-04-01,885000.0,Annual
E101658,2024-04-01,941000.0,Annual
E101658,2025-04-01,997000.0,Annual
E101659,2020-04-01,1295000.0,Opening
E101659,2021-04-01,1502000.0,Annual
E101659,2022-04-01,1783000.0,Promotion
E101659,2023-04-01,1903000.0,Annual
E101659,2024-04-01,2026000.0,Annual
E101660,2020-04-01,1244000.0,Opening
E101660,2021-04-01,1388000.0,Annual
E101660,2022-04-01,1614000.0,Annual
E101661,2020-04-01,364000.0,Opening
E101661,2021-04-01,393000.0,Annual
E101661,2022-04-01,442000.0,Annual
E101661,2023-04-01,538000.0,Promotion
E101661,2024-04-01,585000.0,Annual
E101661,2025-04-01,686000.0,Promotion
E101662,2021-04-01,1479000.0,Opening
E101662,2022-04-01,1637000.0,Annual
E101662,2023-04-01,1755000.0,Annual
E101662,2024-04-01,1845000.0,Annual
E101662,2025-04-01,2168000.0,Promotion
E101663,2020-04-01,1675000.0,Opening
E101663,2021-04-01,1809000.0,Annual
E101663,2022-04-01,1988000.0,Annual
E101664,2020-04-01,1286000.0,Opening
E101664,2021-04-01,1389000.0,Annual
E101664,2022-04-01,1437000.0,Annual
E101665,2020-04-01,1074000.0,Opening
E101665,2021-04-01,1104000.0,Annual
E101665,2022-04-01,1223000.0,Annual
E101666,2020-04-01,4984000.0,Opening
E101666,2021-04-01,5383000.0,Annual
E101666,2022-04-01,5997000.0,Annual
E101666,2023-04-01,6479000.0,Annual
E101666,2024-04-01,6855000.0,Annual
E101666,2025-04-01,7023000.0,Annual
E101667,2021-04-01,1460000.0,Opening
E101667,2022-04-01,1612000.0,Annual
E101668,2020-04-01,608000.0,Opening
E101668,2021-04-01,625000.0,Annual
E101668,2022-04-01,625000.0,Annual
E101669,2020-04-01,627000.0,Opening
E101669,2021-04-01,627000.0,Annual
E101669,2022-04-01,651000.0,Annual
E101669,2023-04-01,651000.0,Annual
E101670,2020-04-01,1366000.0,Opening
E101670,2021-04-01,1404000.0,Annual
E101670,2022-04-01,1404000.0,Annual
E101671,2020-04-01,1277000.0,Opening
E101671,2021-04-01,1379000.0,Annual
E101671,2022-04-01,1574000.0,Annual
E101671,2023-04-01,1694000.0,Annual
E101671,2024-04-01,1857000.0,Annual
E101671,2025-04-01,1905000.0,Annual
E101672,2020-04-01,411000.0,Opening
E101672,2021-04-01,444000.0,Annual
E101672,2022-04-01,491000.0,Annual
E101672,2023-04-01,525000.0,Annual
E101672,2024-04-01,569000.0,Annual
E101672,2025-04-01,616000.0,Annual
E101673,2021-04-01,453000.0,Opening
E101673,2022-04-01,453000.0,Annual
E101673,2023-04-01,453000.0,Annual
E101673,2024-04-01,453000.0,Annual
E101673,2025-04-01,453000.0,Annual
E101674,2020-04-01,409000.0,Opening
E101674,2021-04-01,442000.0,Annual
E101674,2022-04-01,456000.0,Annual
E101674,2023-04-01,456000.0,Annual
E101674,2024-04-01,482000.0,Annual
E101674,2025-04-01,511000.0,Annual
E101675,2020-04-01,1104000.0,Opening
E101675,2021-04-01,1192000.0,Annual
E101675,2022-04-01,1323000.0,Annual
E101675,2023-04-01,1417000.0,Annual
E101676,2021-04-01,427000.0,Opening
E101676,2022-04-01,475000.0,Annual
E101676,2023-04-01,508000.0,Annual
E101676,2024-04-01,541000.0,Annual
E101676,2025-04-01,575000.0,Annual
E101677,2020-04-01,624000.0,Opening
E101677,2021-04-01,696000.0,Annual
E101677,2022-04-01,835000.0,Promotion
E101678,2020-04-01,1655000.0,Opening
E101678,2021-04-01,1847000.0,Annual
E101678,2022-04-01,2148000.0,Annual
E101679,2020-04-01,420000.0,Opening
E101679,2021-04-01,469000.0,Annual
E101679,2022-04-01,512000.0,Annual
E101679,2023-04-01,569000.0,Annual
E101679,2024-04-01,617000.0,Annual
E101680,2021-04-01,448000.0,Opening
E101680,2022-04-01,504000.0,Annual
E101680,2023-04-01,536000.0,Annual
E101680,2024-04-01,639000.0,Promotion
E101680,2025-04-01,655000.0,Annual
E101681,2022-04-01,630000.0,Hire
E101681,2022-04-01,699000.0,Annual
E101681,2023-04-01,741000.0,Annual
E101681,2024-04-01,784000.0,Annual
E101681,2025-04-01,836000.0,Annual
E101682,2022-04-01,409000.0,Hire
E101682,2022-04-01,450000.0,Annual
E101682,2023-04-01,478000.0,Annual
E101682,2024-04-01,538000.0,Annual
E101682,2025-04-01,573000.0,Annual
E101683,2020-04-01,1248000.0,Opening
E101683,2021-04-01,1393000.0,Annual
E101683,2022-04-01,1592000.0,Annual
E101684,2020-04-01,701000.0,Opening
E101684,2021-04-01,757000.0,Annual
E101684,2022-04-01,787000.0,Annual
E101684,2023-04-01,844000.0,Annual
E101684,2024-04-01,892000.0,Annual
E101684,2025-04-01,948000.0,Annual
E101685,2021-04-01,630000.0,Opening
E101685,2022-04-01,720000.0,Annual
E101685,2023-04-01,818000.0,Annual
E101685,2024-04-01,904000.0,Annual
E101685,2025-04-01,1016000.0,Annual
E101686,2020-04-01,772000.0,Opening
E101686,2021-04-01,772000.0,Annual
E101686,2022-04-01,860000.0,Annual
E101686,2023-04-01,923000.0,Annual
E101686,2024-04-01,984000.0,Annual
E101686,2025-04-01,1007000.0,Annual
E101687,2020-04-01,485000.0,Opening
E101687,2021-04-01,485000.0,Annual
E101687,2022-04-01,500000.0,Annual
E101687,2023-04-01,500000.0,Annual
E101687,2024-04-01,500000.0,Annual
E101687,2025-04-01,500000.0,Annual
E101688,2020-04-01,1822000.0,Opening
E101688,2021-04-01,1968000.0,Annual
E101688,2022-04-01,2037000.0,Annual
E101688,2023-04-01,2181000.0,Annual
E101688,2024-04-01,2303000.0,Annual
E101688,2025-04-01,2434000.0,Annual
E101689,2021-04-01,370000.0,Opening
E101689,2022-04-01,438000.0,Annual
E101689,2023-04-01,530000.0,Promotion
E101689,2024-04-01,575000.0,Annual
E101689,2025-04-01,679000.0,Promotion
E101690,2021-04-01,437000.0,Opening
E101690,2022-04-01,485000.0,Annual
E101690,2023-04-01,522000.0,Annual
E101690,2024-04-01,549000.0,Annual
E101690,2025-04-01,560000.0,Annual
E101691,2021-04-01,1247000.0,Opening
E101691,2022-04-01,1380000.0,Annual
E101691,2023-04-01,1513000.0,Annual
E101691,2024-04-01,1626000.0,Annual
E101691,2025-04-01,1728000.0,Annual
E101692,2021-04-01,710000.0,Opening
E101692,2022-04-01,807000.0,Annual
E101693,2020-04-01,830000.0,Opening
E101693,2021-04-01,896000.0,Annual
E101693,2022-04-01,1044000.0,Annual
E101693,2023-04-01,1073000.0,Annual
E101693,2024-04-01,1268000.0,Promotion
E101694,2020-04-01,672000.0,Opening
E101694,2021-04-01,672000.0,Annual
E101694,2022-04-01,744000.0,Annual
E101694,2023-04-01,792000.0,Annual
E101694,2024-04-01,835000.0,Annual
E101694,2025-04-01,897000.0,Annual
E101695,2020-04-01,726000.0,Opening
E101695,2021-04-01,842000.0,Annual
E101695,2022-04-01,947000.0,Annual
E101695,2023-04-01,1015000.0,Annual
E101695,2024-04-01,1110000.0,Annual
E101695,2025-04-01,1205000.0,Annual
E101696,2020-04-01,764000.0,Opening
E101696,2021-04-01,825000.0,Annual
E101696,2022-04-01,850000.0,Annual
E101697,2021-04-01,582000.0,Opening
E101697,2022-04-01,639000.0,Annual
E101697,2023-04-01,685000.0,Annual
E101697,2024-04-01,701000.0,Annual
E101697,2025-04-01,766000.0,Annual
E101698,2022-04-01,368000.0,Hire
E101698,2022-04-01,401000.0,Annual
E101698,2023-04-01,430000.0,Annual
E101698,2024-04-01,452000.0,Annual
E101698,2025-04-01,496000.0,Annual
E101699,2020-04-01,324000.0,Opening
E101699,2021-04-01,376000.0,Annual
E101699,2022-04-01,423000.0,Annual
E101699,2023-04-01,513000.0,Promotion
E101699,2024-04-01,557000.0,Annual
E101699,2025-04-01,666000.0,Promotion
E101700,2020-04-01,685000.0,Opening
E101700,2021-04-01,704000.0,Annual
E101700,2022-04-01,725000.0,Annual
E101701,2020-04-01,1510000.0,Opening
E101701,2021-04-01,1685000.0,Annual
E101701,2022-04-01,2035000.0,Promotion
E101701,2023-04-01,2306000.0,Annual
E101701,2024-04-01,2748000.0,Promotion
E101701,2025-04-01,2983000.0,Annual
E101702,2020-04-01,3955000.0,Opening
E101702,2021-04-01,4271000.0,Annual
E101702,2022-04-01,4708000.0,Annual
E101702,2023-04-01,5427000.0,Annual
E101702,2024-04-01,5943000.0,Annual
E101702,2025-04-01,6548000.0,Annual
E101703,2020-04-01,1674000.0,Opening
E101703,2021-04-01,1868000.0,Annual
E101703,2022-04-01,2145000.0,Annual
E101703,2023-04-01,2356000.0,Annual
E101703,2024-04-01,2804000.0,Promotion
E101703,2025-04-01,3071000.0,Annual
E101704,2020-04-01,748000.0,Opening
E101704,2021-04-01,835000.0,Annual
E101704,2022-04-01,924000.0,Annual
E101704,2023-04-01,1052000.0,Annual
E101704,2024-04-01,1111000.0,Annual
E101704,2025-04-01,1185000.0,Annual
E101705,2020-04-01,1001000.0,Opening
E101705,2021-04-01,1117000.0,Annual
E101705,2022-04-01,1363000.0,Annual
E101706,2021-04-01,1093000.0,Opening
E101706,2022-04-01,1188000.0,Annual
E101707,2020-04-01,1012000.0,Opening
E101707,2021-04-01,1093000.0,Annual
E101707,2022-04-01,1130000.0,Annual
E101707,2023-04-01,1211000.0,Annual
E101707,2024-04-01,1290000.0,Annual
E101707,2025-04-01,1504000.0,Promotion
E101708,2020-04-01,4531000.0,Opening
E101708,2021-04-01,4893000.0,Annual
E101708,2022-04-01,5334000.0,Annual
E101708,2023-04-01,5657000.0,Annual
E101708,2024-04-01,6045000.0,Annual
E101708,2025-04-01,6454000.0,Annual
E101709,2020-04-01,861000.0,Opening
E101709,2021-04-01,961000.0,Annual
E101709,2022-04-01,1178000.0,Annual
E101709,2023-04-01,1268000.0,Annual
E101709,2024-04-01,1344000.0,Annual
E101709,2025-04-01,1434000.0,Annual
E101710,2022-04-01,876000.0,Hire
E101710,2022-04-01,975000.0,Annual
E101710,2023-04-01,1033000.0,Annual
E101710,2024-04-01,1102000.0,Annual
E101710,2025-04-01,1184000.0,Annual
E101711,2020-04-01,1244000.0,Opening
E101711,2021-04-01,1443000.0,Annual
E101711,2022-04-01,1727000.0,Annual
E101711,2023-04-01,1962000.0,Annual
E101711,2024-04-01,2278000.0,Promotion
E101712,2020-04-01,420000.0,Opening
E101712,2021-04-01,454000.0,Annual
E101712,2022-04-01,472000.0,Annual
E101712,2023-04-01,484000.0,Annual
E101712,2024-04-01,495000.0,Annual
E101712,2025-04-01,495000.0,Annual
E101713,2020-04-01,463000.0,Opening
E101713,2021-04-01,500000.0,Annual
E101713,2022-04-01,553000.0,Annual
E101713,2023-04-01,590000.0,Annual
E101713,2024-04-01,626000.0,Annual
E101713,2025-04-01,664000.0,Annual
E101714,2020-04-01,1723000.0,Opening
E101714,2021-04-01,1861000.0,Annual
E101714,2022-04-01,2023000.0,Annual
E101714,2023-04-01,2023000.0,Annual
E101714,2024-04-01,2060000.0,Annual
E101714,2025-04-01,2210000.0,Annual
E101715,2020-04-01,416000.0,Opening
E101715,2021-04-01,428000.0,Annual
E101715,2022-04-01,469000.0,Annual
E101715,2023-04-01,499000.0,Annual
E101715,2024-04-01,525000.0,Annual
E101715,2025-04-01,581000.0,Annual
E101716,2020-04-01,1955000.0,Opening
E101716,2021-04-01,2010000.0,Annual
E101716,2022-04-01,2184000.0,Annual
E101716,2023-04-01,2426000.0,Annual
E101716,2024-04-01,2572000.0,Annual
E101716,2025-04-01,2814000.0,Annual
E101717,2020-04-01,1533000.0,Opening
E101717,2021-04-01,1576000.0,Annual
E101717,2022-04-01,1638000.0,Annual
E101717,2023-04-01,1926000.0,Promotion
E101717,2024-04-01,2043000.0,Annual
E101717,2025-04-01,2387000.0,Promotion
E101718,2021-04-01,358000.0,Opening
E101718,2022-04-01,397000.0,Annual
E101718,2023-04-01,407000.0,Annual
E101718,2024-04-01,434000.0,Annual
E101718,2025-04-01,459000.0,Annual
E101719,2020-04-01,1342000.0,Opening
E101719,2021-04-01,1380000.0,Annual
E101719,2022-04-01,1681000.0,Promotion
E101720,2021-04-01,400000.0,Opening
E101720,2022-04-01,484000.0,Annual
E101720,2023-04-01,544000.0,Annual
E101720,2024-04-01,602000.0,Annual
E101720,2025-04-01,677000.0,Annual
E101721,2020-04-01,492000.0,Opening
E101721,2021-04-01,531000.0,Annual
E101721,2022-04-01,621000.0,Promotion
E101722,2020-04-01,5314000.0,Opening
E101722,2021-04-01,5930000.0,Annual
E101722,2022-04-01,7062000.0,Annual
E101722,2023-04-01,8155000.0,Annual
E101722,2024-04-01,9034000.0,Annual
E101722,2025-04-01,9939000.0,Annual
E101723,2020-04-01,1632000.0,Opening
E101723,2021-04-01,1763000.0,Annual
E101723,2022-04-01,1818000.0,Annual
E101723,2023-04-01,1864000.0,Annual
E101723,2024-04-01,1864000.0,Annual
E101723,2025-04-01,1983000.0,Annual
E101724,2020-04-01,1106000.0,Opening
E101724,2021-04-01,1194000.0,Annual
E101724,2022-04-01,1297000.0,Annual
E101724,2023-04-01,1419000.0,Annual
E101724,2024-04-01,1503000.0,Annual
E101724,2025-04-01,1654000.0,Annual
E101725,2021-04-01,824000.0,Opening
E101725,2022-04-01,824000.0,Annual
E101725,2023-04-01,847000.0,Annual
E101726,2020-04-01,4630000.0,Opening
E101726,2021-04-01,5000000.0,Annual
E101726,2022-04-01,5477000.0,Annual
E101726,2023-04-01,5842000.0,Annual
E101726,2024-04-01,5967000.0,Annual
E101726,2025-04-01,6097000.0,Annual
E101727,2021-04-01,696000.0,Opening
E101727,2022-04-01,719000.0,Annual
E101727,2023-04-01,844000.0,Promotion
E101727,2024-04-01,899000.0,Annual
E101727,2025-04-01,955000.0,Annual
E101728,2020-04-01,4400000.0,Opening
E101728,2021-04-01,4752000.0,Annual
E101728,2022-04-01,5217000.0,Annual
E101728,2023-04-01,5553000.0,Annual
E101728,2024-04-01,5672000.0,Annual
E101728,2025-04-01,5999000.0,Annual
E101729,2020-04-01,1306000.0,Opening
E101729,2021-04-01,1410000.0,Annual
E101729,2022-04-01,1632000.0,Promotion
E101730,2020-04-01,417000.0,Opening
E101730,2021-04-01,465000.0,Annual
E101730,2022-04-01,563000.0,Promotion
E101730,2023-04-01,618000.0,Annual
E101730,2024-04-01,666000.0,Annual
E101730,2025-04-01,710000.0,Annual
E101731,2020-04-01,1140000.0,Opening
E101731,2021-04-01,1272000.0,Annual
E101731,2022-04-01,1393000.0,Annual
E101731,2023-04-01,1478000.0,Annual
E101731,2024-04-01,1595000.0,Annual
E101731,2025-04-01,1627000.0,Annual
E101732,2020-04-01,2105000.0,Opening
E101732,2021-04-01,2349000.0,Annual
E101732,2022-04-01,2687000.0,Annual
E101732,2023-04-01,2985000.0,Annual
E101732,2024-04-01,3511000.0,Promotion
E101732,2025-04-01,3770000.0,Annual
E101733,2020-04-01,1835000.0,Opening
E101733,2021-04-01,1982000.0,Annual
E101733,2022-04-01,2157000.0,Annual
E101734,2020-04-01,1187000.0,Opening
E101734,2021-04-01,1325000.0,Annual
E101734,2022-04-01,1466000.0,Annual
E101735,2020-04-01,383000.0,Opening
E101735,2021-04-01,414000.0,Annual
E101735,2022-04-01,458000.0,Annual
E101735,2023-04-01,490000.0,Annual
E101735,2024-04-01,518000.0,Annual
E101735,2025-04-01,556000.0,Annual
E101736,2020-04-01,1796000.0,Opening
E101736,2021-04-01,2004000.0,Annual
E101736,2022-04-01,2313000.0,Annual
E101736,2023-04-01,2483000.0,Annual
E101736,2024-04-01,2986000.0,Promotion
E101736,2025-04-01,3170000.0,Annual
E101737,2020-04-01,700000.0,Opening
E101737,2021-04-01,756000.0,Annual
E101737,2022-04-01,838000.0,Annual
E101737,2023-04-01,893000.0,Annual
E101737,2024-04-01,1083000.0,Promotion
E101737,2025-04-01,1148000.0,Annual
E101738,2020-04-01,391000.0,Opening
E101738,2021-04-01,436000.0,Annual
E101738,2022-04-01,483000.0,Annual
E101738,2023-04-01,539000.0,Annual
E101738,2024-04-01,576000.0,Annual
E101738,2025-04-01,630000.0,Annual
E101739,2022-04-01,493000.0,Hire
E101739,2022-04-01,547000.0,Annual
E101739,2023-04-01,562000.0,Annual
E101739,2024-04-01,617000.0,Annual
E101739,2025-04-01,654000.0,Annual
E101740,2022-04-01,475000.0,Hire
E101740,2023-04-01,475000.0,Annual
E101741,2020-04-01,1499000.0,Opening
E101741,2021-04-01,1541000.0,Annual
E101741,2022-04-01,1602000.0,Annual
E101741,2023-04-01,1642000.0,Annual
E101741,2024-04-01,1673000.0,Annual
E101741,2025-04-01,1673000.0,Annual
E101742,2020-04-01,364000.0,Opening
E101742,2021-04-01,393000.0,Annual
E101742,2022-04-01,444000.0,Annual
E101742,2023-04-01,515000.0,Promotion
E101743,2020-04-01,1994000.0,Opening
E101743,2021-04-01,2225000.0,Annual
E101743,2022-04-01,2538000.0,Annual
E101743,2023-04-01,2832000.0,Annual
E101743,2024-04-01,2980000.0,Annual
E101743,2025-04-01,3183000.0,Annual
E101744,2020-04-01,335000.0,Opening
E101744,2021-04-01,374000.0,Annual
E101744,2022-04-01,417000.0,Annual
E101745,2020-04-01,1004000.0,Opening
E101745,2021-04-01,1032000.0,Annual
E101745,2022-04-01,1120000.0,Annual
E101745,2023-04-01,1120000.0,Annual
E101746,2021-04-01,361000.0,Opening
E101746,2022-04-01,408000.0,Annual
E101747,2020-04-01,651000.0,Opening
E101747,2021-04-01,703000.0,Annual
E101747,2022-04-01,779000.0,Annual
E101747,2023-04-01,825000.0,Annual
E101747,2024-04-01,877000.0,Annual
E101747,2025-04-01,935000.0,Annual
E101748,2020-04-01,306000.0,Opening
E101748,2021-04-01,355000.0,Annual
E101748,2022-04-01,403000.0,Annual
E101749,2020-04-01,1668000.0,Opening
E101749,2021-04-01,1801000.0,Annual
E101749,2022-04-01,1980000.0,Annual
E101749,2023-04-01,1980000.0,Annual
E101750,2020-04-01,466000.0,Opening
E101750,2021-04-01,503000.0,Annual
E101750,2022-04-01,522000.0,Annual
E101751,2021-04-01,719000.0,Opening
E101751,2022-04-01,801000.0,Annual
E101751,2023-04-01,862000.0,Annual
E101751,2024-04-01,910000.0,Annual
E101751,2025-04-01,977000.0,Annual
E101752,2021-04-01,1020000.0,Opening
E101752,2022-04-01,1238000.0,Annual
E101752,2023-04-01,1333000.0,Annual
E101752,2024-04-01,1409000.0,Annual
E101752,2025-04-01,1493000.0,Annual
E101753,2021-04-01,800000.0,Opening
E101753,2022-04-01,928000.0,Annual
E101753,2023-04-01,1076000.0,Promotion
E101753,2024-04-01,1180000.0,Annual
E101754,2022-04-01,431000.0,Hire
E101755,2020-04-01,378000.0,Opening
E101755,2021-04-01,422000.0,Annual
E101755,2022-04-01,492000.0,Annual
E101755,2023-04-01,531000.0,Annual
E101755,2024-04-01,576000.0,Annual
E101755,2025-04-01,610000.0,Annual
E101756,2020-04-01,2441000.0,Opening
E101756,2021-04-01,2636000.0,Annual
E101756,2022-04-01,2933000.0,Annual
E101756,2023-04-01,3511000.0,Promotion
E101756,2024-04-01,3744000.0,Annual
E101757,2020-04-01,336000.0,Opening
E101757,2021-04-01,375000.0,Annual
E101757,2022-04-01,408000.0,Annual
E101758,2020-04-01,429000.0,Opening
E101758,2021-04-01,441000.0,Annual
E101758,2022-04-01,492000.0,Annual
E101758,2023-04-01,492000.0,Annual
E101758,2024-04-01,587000.0,Promotion
E101758,2025-04-01,599000.0,Annual
E101759,2020-04-01,2135000.0,Opening
E101759,2021-04-01,2383000.0,Annual
E101759,2022-04-01,2765000.0,Annual
E101759,2023-04-01,3077000.0,Annual
E101759,2024-04-01,3364000.0,Annual
E101759,2025-04-01,3552000.0,Annual
E101760,2020-04-01,1979000.0,Opening
E101760,2021-04-01,2034000.0,Annual
E101760,2022-04-01,2110000.0,Annual
E101761,2020-04-01,1274000.0,Opening
E101761,2021-04-01,1478000.0,Annual
E101761,2022-04-01,1724000.0,Annual
E101761,2023-04-01,1908000.0,Annual
E101761,2024-04-01,2079000.0,Annual
E101761,2025-04-01,2253000.0,Annual
E101762,2020-04-01,620000.0,Opening
E101762,2021-04-01,637000.0,Annual
E101762,2022-04-01,637000.0,Annual
E101763,2020-04-01,3256000.0,Opening
E101763,2021-04-01,3347000.0,Annual
E101763,2022-04-01,3704000.0,Annual
E101763,2023-04-01,3937000.0,Annual
E101763,2024-04-01,4205000.0,Annual
E101763,2025-04-01,4292000.0,Annual
E101764,2020-04-01,543000.0,Opening
E101764,2021-04-01,558000.0,Annual
E101764,2022-04-01,611000.0,Annual
E101765,2020-04-01,387000.0,Opening
E101765,2021-04-01,418000.0,Annual
E101765,2022-04-01,459000.0,Annual
E101765,2023-04-01,510000.0,Annual
E101765,2024-04-01,545000.0,Annual
E101766,2021-04-01,943000.0,Opening
E101766,2022-04-01,1131000.0,Annual
E101766,2023-04-01,1229000.0,Annual
E101766,2024-04-01,1432000.0,Promotion
E101766,2025-04-01,1533000.0,Annual
E101767,2020-04-01,674000.0,Opening
E101767,2021-04-01,728000.0,Annual
E101767,2022-04-01,836000.0,Annual
E101767,2023-04-01,858000.0,Annual
E101767,2024-04-01,917000.0,Annual
E101767,2025-04-01,935000.0,Annual
E101768,2021-04-01,771000.0,Opening
E101768,2022-04-01,852000.0,Annual
E101768,2023-04-01,914000.0,Annual
E101768,2024-04-01,968000.0,Annual
E101768,2025-04-01,987000.0,Annual
E101769,2020-04-01,2250000.0,Opening
E101769,2021-04-01,2430000.0,Annual
E101769,2022-04-01,2430000.0,Annual
E101770,2020-04-01,370000.0,Opening
E101770,2021-04-01,400000.0,Annual
E101770,2022-04-01,438000.0,Annual
E101770,2023-04-01,468000.0,Annual
E101770,2024-04-01,479000.0,Annual
E101771,2020-04-01,1929000.0,Opening
E101771,2021-04-01,2238000.0,Annual
E101771,2022-04-01,2449000.0,Annual
E101771,2023-04-01,2640000.0,Annual
E101771,2024-04-01,2809000.0,Annual
E101771,2025-04-01,3382000.0,Promotion
E101772,2020-04-01,714000.0,Opening
E101772,2021-04-01,734000.0,Annual
E101772,2022-04-01,806000.0,Annual
E101772,2023-04-01,824000.0,Annual
E101772,2024-04-01,870000.0,Annual
E101773,2020-04-01,1126000.0,Opening
E101773,2021-04-01,1306000.0,Annual
E101773,2022-04-01,1442000.0,Annual
E101773,2023-04-01,1545000.0,Annual
E101774,2021-04-01,722000.0,Opening
E101774,2022-04-01,838000.0,Annual
E101774,2023-04-01,904000.0,Annual
E101774,2024-04-01,972000.0,Annual
E101774,2025-04-01,1170000.0,Promotion
E101775,2020-04-01,351000.0,Opening
E101775,2021-04-01,379000.0,Annual
E101775,2022-04-01,413000.0,Annual
E101775,2023-04-01,450000.0,Annual
E101775,2024-04-01,478000.0,Annual
E101775,2025-04-01,506000.0,Annual
E101776,2020-04-01,780000.0,Opening
E101776,2021-04-01,870000.0,Annual
E101776,2022-04-01,1054000.0,Annual
E101776,2023-04-01,1273000.0,Promotion
E101777,2020-04-01,355000.0,Opening
E101777,2021-04-01,396000.0,Annual
E101777,2022-04-01,447000.0,Annual
E101777,2023-04-01,493000.0,Annual
E101777,2024-04-01,550000.0,Annual
E101777,2025-04-01,617000.0,Annual
E101778,2020-04-01,696000.0,Opening
E101778,2021-04-01,696000.0,Annual
E101778,2022-04-01,717000.0,Annual
E101778,2023-04-01,736000.0,Annual
E101779,2021-04-01,765000.0,Opening
E101779,2022-04-01,872000.0,Annual
E101779,2023-04-01,957000.0,Annual
E101779,2024-04-01,1014000.0,Annual
E101780,2020-04-01,2223000.0,Opening
E101780,2021-04-01,2481000.0,Annual
E101780,2022-04-01,2794000.0,Annual
E101781,2020-04-01,504000.0,Opening
E101781,2021-04-01,562000.0,Annual
E101781,2022-04-01,669000.0,Annual
E101782,2020-04-01,671000.0,Opening
E101782,2021-04-01,690000.0,Annual
E101782,2022-04-01,750000.0,Annual
E101782,2023-04-01,770000.0,Annual
E101782,2024-04-01,770000.0,Annual
E101783,2021-04-01,715000.0,Opening
E101783,2022-04-01,741000.0,Annual
E101783,2023-04-01,792000.0,Annual
E101784,2020-04-01,1254000.0,Opening
E101784,2021-04-01,1399000.0,Annual
E101784,2022-04-01,1543000.0,Annual
E101785,2021-04-01,1276000.0,Opening
E101785,2022-04-01,1326000.0,Annual
E101785,2023-04-01,1361000.0,Annual
E101785,2024-04-01,1392000.0,Annual
E101785,2025-04-01,1392000.0,Annual
E101786,2020-04-01,1164000.0,Opening
E101786,2021-04-01,1257000.0,Annual
E101786,2022-04-01,1429000.0,Annual
E101786,2023-04-01,1570000.0,Annual
E101786,2024-04-01,1871000.0,Promotion
E101786,2025-04-01,1980000.0,Annual
E101787,2020-04-01,1351000.0,Opening
E101787,2021-04-01,1508000.0,Annual
E101787,2022-04-01,1652000.0,Annual
E101788,2020-04-01,661000.0,Opening
E101788,2021-04-01,680000.0,Annual
E101788,2022-04-01,756000.0,Annual
E101788,2023-04-01,804000.0,Annual
E101789,2021-04-01,1263000.0,Opening
E101789,2022-04-01,1304000.0,Annual
E101789,2023-04-01,1398000.0,Annual
E101790,2020-04-01,2102000.0,Opening
E101790,2021-04-01,2161000.0,Annual
E101790,2022-04-01,2236000.0,Annual
E101791,2021-04-01,556000.0,Opening
E101791,2022-04-01,633000.0,Annual
E101791,2023-04-01,648000.0,Annual
E101791,2024-04-01,712000.0,Annual
E101791,2025-04-01,772000.0,Annual
E101792,2022-04-01,499000.0,Hire
E101792,2023-04-01,533000.0,Annual
E101792,2024-04-01,567000.0,Annual
E101792,2025-04-01,601000.0,Annual
E101793,2021-04-01,700000.0,Opening
E101793,2022-04-01,700000.0,Annual
E101793,2023-04-01,744000.0,Annual
E101793,2024-04-01,758000.0,Annual
E101793,2025-04-01,758000.0,Annual
E101794,2022-04-01,486000.0,Hire
E101795,2021-04-01,472000.0,Opening
E101795,2022-04-01,520000.0,Annual
E101795,2023-04-01,576000.0,Annual
E101795,2024-04-01,610000.0,Annual
E101795,2025-04-01,645000.0,Annual
E101796,2020-04-01,404000.0,Opening
E101796,2021-04-01,436000.0,Annual
E101796,2022-04-01,485000.0,Annual
E101796,2023-04-01,518000.0,Annual
E101796,2024-04-01,518000.0,Annual
E101797,2021-04-01,1141000.0,Opening
E101797,2022-04-01,1285000.0,Annual
E101797,2023-04-01,1365000.0,Annual
E101797,2024-04-01,1449000.0,Annual
E101798,2021-04-01,782000.0,Opening
E101798,2022-04-01,869000.0,Annual
E101799,2020-04-01,707000.0,Opening
E101799,2021-04-01,764000.0,Annual
E101799,2022-04-01,864000.0,Annual
E101799,2023-04-01,942000.0,Annual
E101799,2024-04-01,960000.0,Annual
E101799,2025-04-01,1029000.0,Annual
E101800,2020-04-01,620000.0,Opening
E101800,2021-04-01,670000.0,Annual
E101800,2022-04-01,773000.0,Promotion
E101800,2023-04-01,885000.0,Annual
E101800,2024-04-01,954000.0,Annual
E101800,2025-04-01,1049000.0,Annual
E101801,2022-04-01,557000.0,Hire
E101801,2023-04-01,572000.0,Annual
E101801,2024-04-01,610000.0,Annual
E101801,2025-04-01,654000.0,Annual
E101802,2021-04-01,818000.0,Opening
E101802,2022-04-01,905000.0,Annual
E101802,2023-04-01,985000.0,Annual
E101802,2024-04-01,1169000.0,Promotion
E101802,2025-04-01,1238000.0,Annual
E101803,2021-04-01,894000.0,Opening
E101803,2022-04-01,984000.0,Annual
E101803,2023-04-01,1063000.0,Annual
E101803,2024-04-01,1122000.0,Annual
E101803,2025-04-01,1243000.0,Annual
E101804,2020-04-01,2855000.0,Opening
E101804,2021-04-01,3083000.0,Annual
E101804,2022-04-01,3374000.0,Annual
E101804,2023-04-01,3606000.0,Annual
E101804,2024-04-01,3792000.0,Annual
E101804,2025-04-01,4545000.0,Promotion
E101805,2021-04-01,642000.0,Opening
E101805,2022-04-01,662000.0,Annual
E101805,2023-04-01,709000.0,Annual
E101805,2024-04-01,726000.0,Annual
E101805,2025-04-01,770000.0,Annual
E101806,2020-04-01,3336000.0,Opening
E101806,2021-04-01,3870000.0,Annual
E101806,2022-04-01,4362000.0,Annual
E101806,2023-04-01,4816000.0,Annual
E101806,2024-04-01,5084000.0,Annual
E101806,2025-04-01,5592000.0,Annual
E101807,2020-04-01,1617000.0,Opening
E101807,2021-04-01,1662000.0,Annual
E101807,2022-04-01,1662000.0,Annual
E101807,2023-04-01,1784000.0,Annual
E101808,2020-04-01,612000.0,Opening
E101808,2021-04-01,661000.0,Annual
E101808,2022-04-01,721000.0,Annual
E101808,2023-04-01,775000.0,Annual
E101808,2024-04-01,815000.0,Annual
E101808,2025-04-01,983000.0,Promotion
E101809,2021-04-01,400000.0,Opening
E101809,2022-04-01,413000.0,Annual
E101809,2023-04-01,422000.0,Annual
E101810,2021-04-01,457000.0,Opening
E101810,2022-04-01,508000.0,Annual
E101810,2023-04-01,547000.0,Annual
E101810,2024-04-01,584000.0,Annual
E101810,2025-04-01,644000.0,Annual
E101811,2022-04-01,431000.0,Hire
E101811,2022-04-01,473000.0,Annual
E101812,2020-04-01,1129000.0,Opening
E101812,2021-04-01,1219000.0,Annual
E101812,2022-04-01,1391000.0,Annual
E101812,2023-04-01,1527000.0,Annual
E101812,2024-04-01,1632000.0,Annual
E101812,2025-04-01,1729000.0,Annual
E101813,2022-04-01,552000.0,Hire
E101813,2022-04-01,608000.0,Annual
E101814,2020-04-01,1038000.0,Opening
E101814,2021-04-01,1121000.0,Annual
E101814,2022-04-01,1155000.0,Annual
E101815,2021-04-01,649000.0,Opening
E101815,2022-04-01,791000.0,Annual
E101815,2023-04-01,846000.0,Annual
E101815,2024-04-01,894000.0,Annual
E101815,2025-04-01,979000.0,Annual
E101816,2021-04-01,674000.0,Opening
E101816,2022-04-01,732000.0,Annual
E101816,2023-04-01,782000.0,Annual
E101816,2024-04-01,901000.0,Promotion
E101816,2025-04-01,920000.0,Annual
E101817,2020-04-01,1314000.0,Opening
E101817,2021-04-01,1466000.0,Annual
E101817,2022-04-01,1707000.0,Annual
E101817,2023-04-01,1753000.0,Annual
E101817,2024-04-01,1889000.0,Annual
E101817,2025-04-01,2300000.0,Promotion
E101818,2020-04-01,319000.0,Opening
E101818,2021-04-01,345000.0,Annual
E101818,2022-04-01,356000.0,Annual
E101818,2023-04-01,384000.0,Annual
E101818,2024-04-01,404000.0,Annual
E101818,2025-04-01,413000.0,Annual
E101819,2020-04-01,367000.0,Opening
E101819,2021-04-01,410000.0,Annual
E101819,2022-04-01,493000.0,Annual
E101819,2023-04-01,542000.0,Annual
E101819,2024-04-01,651000.0,Promotion
E101819,2025-04-01,710000.0,Annual
E101820,2020-04-01,513000.0,Opening
E101820,2021-04-01,527000.0,Annual
E101820,2022-04-01,527000.0,Annual
E101821,2020-04-01,2674000.0,Opening
E101821,2021-04-01,2984000.0,Annual
E101821,2022-04-01,3508000.0,Promotion
E101821,2023-04-01,3914000.0,Annual
E101821,2024-04-01,4272000.0,Annual
E101821,2025-04-01,4707000.0,Annual
E101822,2020-04-01,763000.0,Opening
E101822,2021-04-01,763000.0,Annual
E101822,2022-04-01,840000.0,Annual
E101823,2022-04-01,428000.0,Hire
E101823,2023-04-01,428000.0,Annual
E101823,2024-04-01,455000.0,Annual
E101823,2025-04-01,465000.0,Annual
E101824,2021-04-01,415000.0,Opening
E101824,2022-04-01,462000.0,Annual
E101825,2020-04-01,387000.0,Opening
E101825,2021-04-01,418000.0,Annual
E101825,2022-04-01,473000.0,Annual
E101825,2023-04-01,503000.0,Annual
E101825,2024-04-01,531000.0,Annual
E101825,2025-04-01,567000.0,Annual
E101826,2021-04-01,668000.0,Opening
E101826,2022-04-01,725000.0,Annual
E101826,2023-04-01,781000.0,Annual
E101826,2024-04-01,857000.0,Annual
E101826,2025-04-01,987000.0,Promotion
E101827,2020-04-01,646000.0,Opening
E101827,2021-04-01,698000.0,Annual
E101827,2022-04-01,761000.0,Annual
E101827,2023-04-01,815000.0,Annual
E101827,2024-04-01,865000.0,Annual
E101827,2025-04-01,916000.0,Annual
E101828,2020-04-01,764000.0,Opening
E101828,2021-04-01,853000.0,Annual
E101828,2022-04-01,983000.0,Annual
E101828,2023-04-01,1052000.0,Annual
E101829,2020-04-01,1334000.0,Opening
E101829,2021-04-01,1547000.0,Annual
E101829,2022-04-01,1799000.0,Annual
E101829,2023-04-01,2007000.0,Annual
E101829,2024-04-01,2160000.0,Annual
E101829,2025-04-01,2416000.0,Annual
E101830,2020-04-01,4147000.0,Opening
E101830,2021-04-01,4479000.0,Annual
E101830,2022-04-01,4955000.0,Annual
E101830,2023-04-01,5082000.0,Annual
E101831,2020-04-01,607000.0,Opening
E101831,2021-04-01,607000.0,Annual
E101831,2022-04-01,664000.0,Annual
E101831,2023-04-01,681000.0,Annual
E101832,2020-04-01,633000.0,Opening
E101832,2021-04-01,684000.0,Annual
E101832,2022-04-01,756000.0,Annual
E101832,2023-04-01,807000.0,Annual
E101832,2024-04-01,882000.0,Annual
E101832,2025-04-01,1059000.0,Promotion
E101833,2020-04-01,1161000.0,Opening
E101833,2021-04-01,1296000.0,Annual
E101833,2022-04-01,1407000.0,Annual
E101833,2023-04-01,1514000.0,Annual
E101833,2024-04-01,1749000.0,Promotion
E101833,2025-04-01,1855000.0,Annual
E101834,2020-04-01,473000.0,Opening
E101834,2021-04-01,511000.0,Annual
E101834,2022-04-01,567000.0,Annual
E101834,2023-04-01,603000.0,Annual
E101834,2024-04-01,638000.0,Annual
E101834,2025-04-01,674000.0,Annual
E101835,2020-04-01,1360000.0,Opening
E101835,2021-04-01,1469000.0,Annual
E101835,2022-04-01,1600000.0,Annual
E101835,2023-04-01,1643000.0,Annual
E101835,2024-04-01,1798000.0,Annual
E101835,2025-04-01,1907000.0,Annual
E101836,2020-04-01,1934000.0,Opening
E101836,2021-04-01,2089000.0,Annual
E101836,2022-04-01,2373000.0,Annual
E101836,2023-04-01,2723000.0,Annual
E101836,2024-04-01,3243000.0,Promotion
E101836,2025-04-01,3475000.0,Annual
E101837,2020-04-01,998000.0,Opening
E101837,2021-04-01,1026000.0,Annual
E101837,2022-04-01,1136000.0,Annual
E101838,2020-04-01,459000.0,Opening
E101838,2021-04-01,496000.0,Annual
E101838,2022-04-01,543000.0,Annual
E101838,2023-04-01,578000.0,Annual
E101838,2024-04-01,611000.0,Annual
E101838,2025-04-01,645000.0,Annual
E101839,2022-04-01,697000.0,Hire
E101839,2022-04-01,770000.0,Annual
E101839,2023-04-01,939000.0,Promotion
E101839,2024-04-01,991000.0,Annual
E101840,2020-04-01,1050000.0,Opening
E101840,2021-04-01,1050000.0,Annual
E101840,2022-04-01,1156000.0,Annual
E101840,2023-04-01,1333000.0,Promotion
E101840,2024-04-01,1403000.0,Annual
E101840,2025-04-01,1494000.0,Annual
E101841,2020-04-01,676000.0,Opening
E101841,2021-04-01,730000.0,Annual
E101841,2022-04-01,806000.0,Annual
E101841,2023-04-01,928000.0,Promotion
E101841,2024-04-01,977000.0,Annual
E101842,2020-04-01,2204000.0,Opening
E101842,2021-04-01,2460000.0,Annual
E101842,2022-04-01,2717000.0,Annual
E101842,2023-04-01,2925000.0,Annual
E101842,2024-04-01,3158000.0,Annual
E101842,2025-04-01,3373000.0,Annual
E101843,2021-04-01,439000.0,Opening
E101843,2022-04-01,496000.0,Annual
E101844,2020-04-01,655000.0,Opening
E101844,2021-04-01,707000.0,Annual
E101844,2022-04-01,732000.0,Annual
E101845,2020-04-01,648000.0,Opening
E101845,2021-04-01,700000.0,Annual
E101845,2022-04-01,769000.0,Annual
E101845,2023-04-01,828000.0,Annual
E101846,2020-04-01,1480000.0,Opening
E101846,2021-04-01,1652000.0,Annual
E101846,2022-04-01,1808000.0,Annual
E101846,2023-04-01,1944000.0,Annual
E101847,2020-04-01,730000.0,Opening
E101847,2021-04-01,788000.0,Annual
E101847,2022-04-01,877000.0,Annual
E101847,2023-04-01,1012000.0,Annual
E101847,2024-04-01,1109000.0,Annual
E101848,2020-04-01,400000.0,Opening
E101848,2021-04-01,446000.0,Annual
E101848,2022-04-01,495000.0,Annual
E101848,2023-04-01,532000.0,Annual
E101848,2024-04-01,566000.0,Annual
E101848,2025-04-01,616000.0,Annual
E101849,2021-04-01,1317000.0,Opening
E101849,2022-04-01,1464000.0,Annual
E101850,2020-04-01,353000.0,Opening
E101850,2021-04-01,381000.0,Annual
E101850,2022-04-01,418000.0,Annual
E101850,2023-04-01,446000.0,Annual
E101850,2024-04-01,455000.0,Annual
E101850,2025-04-01,467000.0,Annual
E101851,2020-04-01,656000.0,Opening
E101851,2021-04-01,761000.0,Annual
E101851,2022-04-01,909000.0,Promotion
E101851,2023-04-01,1000000.0,Annual
E101852,2021-04-01,784000.0,Opening
E101852,2022-04-01,890000.0,Annual
E101853,2020-04-01,1280000.0,Opening
E101853,2021-04-01,1382000.0,Annual
E101853,2022-04-01,1517000.0,Annual
E101853,2023-04-01,1846000.0,Promotion
E101853,2024-04-01,1966000.0,Annual
E101853,2025-04-01,2076000.0,Annual
E101854,2020-04-01,720000.0,Opening
E101854,2021-04-01,740000.0,Annual
E101854,2022-04-01,766000.0,Annual
E101854,2023-04-01,820000.0,Annual
E101854,2024-04-01,866000.0,Annual
E101854,2025-04-01,884000.0,Annual
E101855,2020-04-01,720000.0,Opening
E101855,2021-04-01,804000.0,Annual
E101855,2022-04-01,880000.0,Annual
E101855,2023-04-01,950000.0,Annual
E101855,2024-04-01,1093000.0,Promotion
E101855,2025-04-01,1183000.0,Annual
E101856,2020-04-01,1305000.0,Opening
E101856,2021-04-01,1409000.0,Annual
E101856,2022-04-01,1535000.0,Annual
E101856,2023-04-01,1698000.0,Annual
E101856,2024-04-01,1922000.0,Annual
E101856,2025-04-01,2029000.0,Annual
E101857,2020-04-01,1334000.0,Opening
E101857,2021-04-01,1489000.0,Annual
E101857,2022-04-01,1719000.0,Promotion
E101857,2023-04-01,1833000.0,Annual
E101857,2024-04-01,1976000.0,Annual
E101857,2025-04-01,2185000.0,Annual
E101858,2020-04-01,2898000.0,Opening
E101858,2021-04-01,3130000.0,Annual
E101858,2022-04-01,3433000.0,Annual
E101858,2023-04-01,3433000.0,Annual
E101858,2024-04-01,3667000.0,Annual
E101859,2021-04-01,622000.0,Opening
E101859,2022-04-01,645000.0,Annual
E101860,2020-04-01,625000.0,Opening
E101860,2021-04-01,698000.0,Annual
E101860,2022-04-01,767000.0,Annual
E101860,2023-04-01,856000.0,Annual
E101861,2022-04-01,409000.0,Hire
E101862,2022-04-01,481000.0,Hire
E101862,2022-04-01,551000.0,Annual
E101862,2023-04-01,595000.0,Annual
E101862,2024-04-01,643000.0,Annual
E101862,2025-04-01,681000.0,Annual
E101863,2021-04-01,500000.0,Opening
E101863,2022-04-01,609000.0,Annual
E101863,2023-04-01,657000.0,Annual
E101863,2024-04-01,695000.0,Annual
E101863,2025-04-01,739000.0,Annual
E101864,2022-04-01,443000.0,Hire
E101864,2022-04-01,505000.0,Annual
E101864,2023-04-01,549000.0,Annual
E101864,2024-04-01,584000.0,Annual
E101864,2025-04-01,649000.0,Annual
E101865,2021-04-01,830000.0,Opening
E101865,2022-04-01,919000.0,Annual
E101865,2023-04-01,985000.0,Annual
E101865,2024-04-01,1076000.0,Annual
E101865,2025-04-01,1154000.0,Annual
E101866,2020-04-01,426000.0,Opening
E101866,2021-04-01,460000.0,Annual
E101866,2022-04-01,504000.0,Annual
E101866,2023-04-01,544000.0,Annual
E101866,2024-04-01,577000.0,Annual
E101866,2025-04-01,620000.0,Annual
E101867,2021-04-01,814000.0,Opening
E101867,2022-04-01,842000.0,Annual
E101867,2023-04-01,862000.0,Annual
E101867,2024-04-01,882000.0,Annual
E101867,2025-04-01,941000.0,Annual
E101868,2020-04-01,2260000.0,Opening
E101868,2021-04-01,2260000.0,Annual
E101868,2022-04-01,2260000.0,Annual
E101868,2023-04-01,2260000.0,Annual
E101868,2024-04-01,2260000.0,Annual
E101868,2025-04-01,2307000.0,Annual
E101869,2022-04-01,458000.0,Hire
E101870,2020-04-01,379000.0,Opening
E101870,2021-04-01,409000.0,Annual
E101870,2022-04-01,448000.0,Annual
E101870,2023-04-01,458000.0,Annual
E101871,2020-04-01,877000.0,Opening
E101871,2021-04-01,979000.0,Annual
E101871,2022-04-01,1089000.0,Annual
E101871,2023-04-01,1174000.0,Annual
E101871,2024-04-01,1391000.0,Promotion
E101872,2021-04-01,449000.0,Opening
E101872,2022-04-01,492000.0,Annual
E101873,2021-04-01,391000.0,Opening
E101873,2022-04-01,434000.0,Annual
E101874,2020-04-01,565000.0,Opening
E101874,2021-04-01,565000.0,Annual
E101874,2022-04-01,565000.0,Annual
E101875,2020-04-01,518000.0,Opening
E101875,2021-04-01,559000.0,Annual
E101875,2022-04-01,610000.0,Annual
E101875,2023-04-01,681000.0,Annual
E101875,2024-04-01,721000.0,Annual
E101875,2025-04-01,775000.0,Annual
E101876,2020-04-01,2073000.0,Opening
E101876,2021-04-01,2239000.0,Annual
E101876,2022-04-01,2239000.0,Annual
E101877,2021-04-01,760000.0,Opening
E101877,2022-04-01,837000.0,Annual
E101877,2023-04-01,917000.0,Annual
E101877,2024-04-01,1016000.0,Annual
E101877,2025-04-01,1123000.0,Annual
E101878,2021-04-01,1213000.0,Opening
E101878,2022-04-01,1399000.0,Annual
E101878,2023-04-01,1506000.0,Annual
E101878,2024-04-01,1635000.0,Annual
E101878,2025-04-01,1865000.0,Annual
E101879,2020-04-01,634000.0,Opening
E101879,2021-04-01,685000.0,Annual
E101879,2022-04-01,797000.0,Annual
E101879,2023-04-01,887000.0,Annual
E101879,2024-04-01,933000.0,Annual
E101879,2025-04-01,991000.0,Annual
E101880,2020-04-01,684000.0,Opening
E101880,2021-04-01,793000.0,Annual
E101880,2022-04-01,963000.0,Annual
E101881,2020-04-01,1949000.0,Opening
E101881,2021-04-01,2105000.0,Annual
E101881,2022-04-01,2332000.0,Annual
E101882,2021-04-01,693000.0,Opening
E101882,2022-04-01,805000.0,Annual
E101882,2023-04-01,867000.0,Annual
E101883,2020-04-01,1823000.0,Opening
E101883,2021-04-01,1874000.0,Annual
E101883,2022-04-01,2053000.0,Annual
E101884,2021-04-01,405000.0,Opening
E101884,2022-04-01,442000.0,Annual
E101884,2023-04-01,454000.0,Annual
E101884,2024-04-01,483000.0,Annual
E101884,2025-04-01,516000.0,Annual
E101885,2021-04-01,365000.0,Opening
E101885,2022-04-01,413000.0,Annual
E101885,2023-04-01,446000.0,Annual
E101885,2024-04-01,540000.0,Promotion
E101885,2025-04-01,577000.0,Annual
E101886,2020-04-01,1195000.0,Opening
E101886,2021-04-01,1291000.0,Annual
E101886,2022-04-01,1499000.0,Annual
E101886,2023-04-01,1700000.0,Annual
E101886,2024-04-01,1998000.0,Promotion
E101886,2025-04-01,2160000.0,Annual
E101887,2021-04-01,434000.0,Opening
E101887,2022-04-01,448000.0,Annual
E101887,2023-04-01,460000.0,Annual
E101888,2020-04-01,434000.0,Opening
E101888,2021-04-01,484000.0,Annual
E101888,2022-04-01,548000.0,Annual
E101888,2023-04-01,606000.0,Annual
E101888,2024-04-01,643000.0,Annual
E101888,2025-04-01,682000.0,Annual
E101889,2020-04-01,733000.0,Opening
E101889,2021-04-01,850000.0,Annual
E101889,2022-04-01,990000.0,Annual
E101889,2023-04-01,1068000.0,Annual
E101889,2024-04-01,1151000.0,Annual
E101889,2025-04-01,1245000.0,Annual
E101890,2021-04-01,1293000.0,Opening
E101890,2022-04-01,1413000.0,Annual
E101890,2023-04-01,1569000.0,Annual
E101891,2020-04-01,672000.0,Opening
E101891,2021-04-01,750000.0,Annual
E101891,2022-04-01,895000.0,Promotion
E101892,2020-04-01,1255000.0,Opening
E101892,2021-04-01,1355000.0,Annual
E101892,2022-04-01,1474000.0,Annual
E101892,2023-04-01,1569000.0,Annual
E101892,2024-04-01,1671000.0,Annual
E101892,2025-04-01,1765000.0,Annual
E101893,2021-04-01,633000.0,Opening
E101893,2022-04-01,701000.0,Annual
E101894,2022-04-01,501000.0,Hire
E101894,2022-04-01,550000.0,Annual
E101894,2023-04-01,588000.0,Annual
E101894,2024-04-01,625000.0,Annual
E101894,2025-04-01,667000.0,Annual
E101895,2020-04-01,789000.0,Opening
E101895,2021-04-01,852000.0,Annual
E101895,2022-04-01,941000.0,Annual
E101895,2023-04-01,1104000.0,Promotion
E101895,2024-04-01,1209000.0,Annual
E101895,2025-04-01,1278000.0,Annual
E101896,2021-04-01,910000.0,Opening
E101896,2022-04-01,1076000.0,Annual
E101896,2023-04-01,1252000.0,Promotion
E101896,2024-04-01,1337000.0,Annual
E101896,2025-04-01,1516000.0,Annual
E101897,2021-04-01,386000.0,Opening
E101897,2022-04-01,425000.0,Annual
E101898,2020-04-01,787000.0,Opening
E101898,2021-04-01,809000.0,Annual
E101898,2022-04-01,887000.0,Annual
E101898,2023-04-01,942000.0,Annual
E101898,2024-04-01,1095000.0,Promotion
E101899,2020-04-01,422000.0,Opening
E101899,2021-04-01,456000.0,Annual
E101899,2022-04-01,456000.0,Annual
E101899,2023-04-01,492000.0,Annual
E101899,2024-04-01,502000.0,Annual
E101900,2020-04-01,3036000.0,Opening
E101900,2021-04-01,3279000.0,Annual
E101900,2022-04-01,3812000.0,Annual
E101900,2023-04-01,4610000.0,Promotion
E101900,2024-04-01,4919000.0,Annual
E101900,2025-04-01,5434000.0,Annual
E101901,2020-04-01,877000.0,Opening
E101901,2021-04-01,947000.0,Annual
E101901,2022-04-01,1142000.0,Promotion
E101901,2023-04-01,1216000.0,Annual
E101901,2024-04-01,1297000.0,Annual
E101901,2025-04-01,1373000.0,Annual
E101902,2021-04-01,408000.0,Opening
E101902,2022-04-01,489000.0,Annual
E101902,2023-04-01,540000.0,Annual
E101902,2024-04-01,576000.0,Annual
E101902,2025-04-01,618000.0,Annual
E101903,2020-04-01,407000.0,Opening
E101903,2021-04-01,418000.0,Annual
E101903,2022-04-01,418000.0,Annual
E101904,2020-04-01,436000.0,Opening
E101904,2021-04-01,471000.0,Annual
E101904,2022-04-01,513000.0,Annual
E101904,2023-04-01,524000.0,Annual
E101904,2024-04-01,536000.0,Annual
E101904,2025-04-01,576000.0,Annual
E101905,2020-04-01,704000.0,Opening
E101905,2021-04-01,760000.0,Annual
E101905,2022-04-01,783000.0,Annual
E101905,2023-04-01,931000.0,Promotion
E101905,2024-04-01,991000.0,Annual
E101905,2025-04-01,1016000.0,Annual
E101906,2020-04-01,642000.0,Opening
E101906,2021-04-01,716000.0,Annual
E101906,2022-04-01,823000.0,Annual
E101907,2020-04-01,1271000.0,Opening
E101907,2021-04-01,1373000.0,Annual
E101907,2022-04-01,1674000.0,Annual
E101907,2023-04-01,1820000.0,Annual
E101907,2024-04-01,1956000.0,Annual
E101907,2025-04-01,2165000.0,Annual
E101908,2020-04-01,1278000.0,Opening
E101908,2021-04-01,1380000.0,Annual
E101908,2022-04-01,1636000.0,Annual
E101908,2023-04-01,1738000.0,Annual
E101908,2024-04-01,1879000.0,Annual
E101908,2025-04-01,2104000.0,Annual
E101909,2021-04-01,690000.0,Opening
E101909,2022-04-01,822000.0,Annual
E101909,2023-04-01,913000.0,Annual
E101909,2024-04-01,1100000.0,Promotion
E101910,2020-04-01,1439000.0,Opening
E101910,2021-04-01,1554000.0,Annual
E101910,2022-04-01,1783000.0,Annual
E101910,2023-04-01,1895000.0,Annual
E101910,2024-04-01,1940000.0,Annual
E101910,2025-04-01,2079000.0,Annual
E101911,2021-04-01,776000.0,Opening
E101911,2022-04-01,864000.0,Annual
E101911,2023-04-01,971000.0,Annual
E101911,2024-04-01,1163000.0,Promotion
E101911,2025-04-01,1240000.0,Annual
E101912,2022-04-01,419000.0,Hire
E101912,2022-04-01,419000.0,Annual
E101913,2020-04-01,322000.0,Opening
E101913,2021-04-01,322000.0,Annual
E101913,2022-04-01,355000.0,Annual
E101913,2023-04-01,381000.0,Annual
E101913,2024-04-01,405000.0,Annual
E101913,2025-04-01,435000.0,Annual
E101914,2020-04-01,816000.0,Opening
E101914,2021-04-01,816000.0,Annual
E101914,2022-04-01,843000.0,Annual
E101915,2020-04-01,982000.0,Opening
E101915,2021-04-01,1061000.0,Annual
E101915,2022-04-01,1182000.0,Annual
E101915,2023-04-01,1257000.0,Annual
E101915,2024-04-01,1339000.0,Annual
E101915,2025-04-01,1415000.0,Annual
E101916,2021-04-01,416000.0,Opening
E101916,2022-04-01,463000.0,Annual
E101916,2023-04-01,492000.0,Annual
E101916,2024-04-01,536000.0,Annual
E101916,2025-04-01,547000.0,Annual
E101917,2020-04-01,1311000.0,Opening
E101917,2021-04-01,1416000.0,Annual
E101917,2022-04-01,1577000.0,Annual
E101917,2023-04-01,1686000.0,Annual
E101917,2024-04-01,1793000.0,Annual
E101917,2025-04-01,1919000.0,Annual
E101918,2020-04-01,403000.0,Opening
E101918,2021-04-01,435000.0,Annual
E101918,2022-04-01,514000.0,Promotion
E101918,2023-04-01,571000.0,Annual
E101918,2024-04-01,608000.0,Annual
E101918,2025-04-01,645000.0,Annual
E101919,2020-04-01,409000.0,Opening
E101919,2021-04-01,474000.0,Annual
E101919,2022-04-01,538000.0,Annual
E101919,2023-04-01,591000.0,Annual
E101919,2024-04-01,627000.0,Annual
E101919,2025-04-01,665000.0,Annual
E101920,2020-04-01,1099000.0,Opening
E101920,2021-04-01,1187000.0,Annual
E101920,2022-04-01,1316000.0,Annual
E101921,2020-04-01,1098000.0,Opening
E101921,2021-04-01,1225000.0,Annual
E101921,2022-04-01,1393000.0,Annual
E101921,2023-04-01,1545000.0,Annual
E101922,2020-04-01,1289000.0,Opening
E101922,2021-04-01,1392000.0,Annual
E101922,2022-04-01,1579000.0,Annual
E101922,2023-04-01,1699000.0,Annual
E101922,2024-04-01,1804000.0,Annual
E101922,2025-04-01,2168000.0,Promotion
E101923,2020-04-01,1095000.0,Opening
E101923,2021-04-01,1183000.0,Annual
E101923,2022-04-01,1306000.0,Annual
E101923,2023-04-01,1403000.0,Annual
E101923,2024-04-01,1649000.0,Promotion
E101923,2025-04-01,1743000.0,Annual
E101924,2020-04-01,370000.0,Opening
E101924,2021-04-01,413000.0,Annual
E101924,2022-04-01,427000.0,Annual
E101924,2023-04-01,455000.0,Annual
E101925,2020-04-01,4960000.0,Opening
E101925,2021-04-01,5357000.0,Annual
E101925,2022-04-01,5536000.0,Annual
E101925,2023-04-01,5652000.0,Annual
E101925,2024-04-01,6142000.0,Annual
E101926,2020-04-01,707000.0,Opening
E101926,2021-04-01,820000.0,Annual
E101926,2022-04-01,937000.0,Annual
E101926,2023-04-01,1087000.0,Annual
E101926,2024-04-01,1182000.0,Annual
E101926,2025-04-01,1291000.0,Annual
E101927,2020-04-01,2276000.0,Opening
E101927,2021-04-01,2340000.0,Annual
E101927,2022-04-01,2416000.0,Annual
E101928,2020-04-01,2545000.0,Opening
E101928,2021-04-01,2749000.0,Annual
E101928,2022-04-01,3059000.0,Annual
E101928,2023-04-01,3133000.0,Annual
E101928,2024-04-01,3317000.0,Annual
E101928,2025-04-01,3402000.0,Annual
E101929,2021-04-01,476000.0,Opening
E101929,2022-04-01,574000.0,Annual
E101929,2023-04-01,627000.0,Annual
E101929,2024-04-01,694000.0,Annual
E101929,2025-04-01,761000.0,Annual
E101930,2020-04-01,2784000.0,Opening
E101930,2021-04-01,3007000.0,Annual
E101930,2022-04-01,3630000.0,Promotion
E101931,2020-04-01,400000.0,Opening
E101931,2021-04-01,411000.0,Annual
E101931,2022-04-01,427000.0,Annual
E101932,2020-04-01,1468000.0,Opening
E101932,2021-04-01,1509000.0,Annual
E101932,2022-04-01,1563000.0,Annual
E101932,2023-04-01,1604000.0,Annual
E101932,2024-04-01,1642000.0,Annual
E101932,2025-04-01,1680000.0,Annual
E101933,2020-04-01,412000.0,Opening
E101933,2021-04-01,460000.0,Annual
E101933,2022-04-01,499000.0,Annual
E101933,2023-04-01,582000.0,Promotion
E101933,2024-04-01,617000.0,Annual
E101933,2025-04-01,662000.0,Annual
E101934,2021-04-01,542000.0,Opening
E101934,2022-04-01,599000.0,Annual
E101934,2023-04-01,647000.0,Annual
E101934,2024-04-01,662000.0,Annual
E101935,2020-04-01,700000.0,Opening
E101935,2021-04-01,720000.0,Annual
E101935,2022-04-01,720000.0,Annual
E101936,2020-04-01,410000.0,Opening
E101936,2021-04-01,410000.0,Annual
E101936,2022-04-01,410000.0,Annual
E101936,2023-04-01,442000.0,Annual
E101937,2020-04-01,1165000.0,Opening
E101937,2021-04-01,1258000.0,Annual
E101937,2022-04-01,1483000.0,Promotion
E101937,2023-04-01,1594000.0,Annual
E101937,2024-04-01,1856000.0,Promotion
E101937,2025-04-01,1989000.0,Annual
E101938,2020-04-01,630000.0,Opening
E101938,2021-04-01,680000.0,Annual
E101938,2022-04-01,755000.0,Annual
E101939,2020-04-01,335000.0,Opening
E101939,2021-04-01,362000.0,Annual
E101939,2022-04-01,399000.0,Annual
E101939,2023-04-01,424000.0,Annual
E101939,2024-04-01,447000.0,Annual
E101939,2025-04-01,474000.0,Annual
E101940,2022-04-01,482000.0,Hire
E101940,2022-04-01,561000.0,Annual
E101941,2020-04-01,1435000.0,Opening
E101941,2021-04-01,1550000.0,Annual
E101941,2022-04-01,1603000.0,Annual
E101941,2023-04-01,1711000.0,Annual
E101941,2024-04-01,1880000.0,Annual
E101942,2021-04-01,1680000.0,Opening
E101942,2022-04-01,1839000.0,Annual
E101943,2020-04-01,1084000.0,Opening
E101943,2021-04-01,1084000.0,Annual
E101943,2022-04-01,1178000.0,Annual
E101944,2020-04-01,596000.0,Opening
E101944,2021-04-01,665000.0,Annual
E101944,2022-04-01,730000.0,Annual
E101944,2023-04-01,777000.0,Annual
E101944,2024-04-01,817000.0,Annual
E101944,2025-04-01,894000.0,Annual
E101945,2020-04-01,1941000.0,Opening
E101945,2021-04-01,2096000.0,Annual
E101945,2022-04-01,2169000.0,Annual
E101946,2021-04-01,342000.0,Opening
E101946,2022-04-01,398000.0,Annual
E101947,2020-04-01,1913000.0,Opening
E101947,2021-04-01,2066000.0,Annual
E101947,2022-04-01,2385000.0,Annual
E101947,2023-04-01,2542000.0,Annual
E101947,2024-04-01,2677000.0,Annual
E101947,2025-04-01,2896000.0,Annual
E101948,2021-04-01,1473000.0,Opening
E101948,2022-04-01,1810000.0,Annual
E101948,2023-04-01,1998000.0,Annual
E101949,2020-04-01,364000.0,Opening
E101949,2021-04-01,393000.0,Annual
E101949,2022-04-01,406000.0,Annual
E101949,2023-04-01,438000.0,Annual
E101949,2024-04-01,446000.0,Annual
E101949,2025-04-01,476000.0,Annual
E101950,2020-04-01,4198000.0,Opening
E101950,2021-04-01,4316000.0,Annual
E101950,2022-04-01,4316000.0,Annual
E101950,2023-04-01,4661000.0,Annual
E101950,2024-04-01,4761000.0,Annual
E101950,2025-04-01,4761000.0,Annual
E101951,2020-04-01,447000.0,Opening
E101951,2021-04-01,460000.0,Annual
E101951,2022-04-01,499000.0,Annual
E101952,2020-04-01,1405000.0,Opening
E101952,2021-04-01,1517000.0,Annual
E101952,2022-04-01,1805000.0,Promotion
E101953,2022-04-01,459000.0,Hire
E101953,2022-04-01,508000.0,Annual
E101953,2023-04-01,548000.0,Annual
E101953,2024-04-01,581000.0,Annual
E101953,2025-04-01,624000.0,Annual
E101954,2021-04-01,1473000.0,Opening
E101954,2022-04-01,1802000.0,Annual
E101954,2023-04-01,2019000.0,Annual
E101954,2024-04-01,2274000.0,Annual
E101954,2025-04-01,2611000.0,Annual
E101955,2020-04-01,1856000.0,Opening
E101955,2021-04-01,2071000.0,Annual
E101955,2022-04-01,2257000.0,Annual
E101956,2021-04-01,438000.0,Opening
E101956,2022-04-01,454000.0,Annual
E101956,2023-04-01,454000.0,Annual
E101957,2020-04-01,653000.0,Opening
E101957,2021-04-01,757000.0,Annual
E101957,2022-04-01,838000.0,Annual
E101957,2023-04-01,915000.0,Annual
E101957,2024-04-01,965000.0,Annual
E101957,2025-04-01,1166000.0,Promotion
E101958,2020-04-01,1778000.0,Opening
E101958,2021-04-01,1920000.0,Annual
E101958,2022-04-01,2121000.0,Annual
E101958,2023-04-01,2179000.0,Annual
E101958,2024-04-01,2309000.0,Annual
E101958,2025-04-01,2519000.0,Annual
E101959,2020-04-01,715000.0,Opening
E101959,2021-04-01,798000.0,Annual
E101959,2022-04-01,869000.0,Annual
E101959,2023-04-01,1031000.0,Promotion
E101959,2024-04-01,1126000.0,Annual
E101960,2020-04-01,365000.0,Opening
E101960,2021-04-01,423000.0,Annual
E101960,2022-04-01,510000.0,Annual
E101960,2023-04-01,589000.0,Annual
E101960,2024-04-01,669000.0,Annual
E101961,2020-04-01,395000.0,Opening
E101961,2021-04-01,406000.0,Annual
E101961,2022-04-01,406000.0,Annual
E101961,2023-04-01,406000.0,Annual
E101961,2024-04-01,406000.0,Annual
E101961,2025-04-01,414000.0,Annual
E101962,2020-04-01,368000.0,Opening
E101962,2021-04-01,411000.0,Annual
E101962,2022-04-01,466000.0,Annual
E101962,2023-04-01,516000.0,Annual
E101962,2024-04-01,616000.0,Promotion
E101962,2025-04-01,672000.0,Annual
E101963,2020-04-01,378000.0,Opening
E101963,2021-04-01,408000.0,Annual
E101963,2022-04-01,473000.0,Promotion
E101963,2023-04-01,504000.0,Annual
E101964,2022-04-01,796000.0,Hire
E101964,2022-04-01,873000.0,Annual
E101965,2020-04-01,1134000.0,Opening
E101965,2021-04-01,1225000.0,Annual
E101965,2022-04-01,1267000.0,Annual
E101965,2023-04-01,1345000.0,Annual
E101965,2024-04-01,1581000.0,Promotion
E101965,2025-04-01,1685000.0,Annual
E101966,2021-04-01,806000.0,Opening
E101966,2022-04-01,955000.0,Annual
E101966,2023-04-01,1020000.0,Annual
E101966,2024-04-01,1102000.0,Annual
E101967,2022-04-01,408000.0,Hire
E101967,2023-04-01,434000.0,Annual
E101967,2024-04-01,509000.0,Promotion
E101968,2022-04-01,762000.0,Hire
E101968,2022-04-01,929000.0,Annual
E101968,2023-04-01,1031000.0,Annual
E101968,2024-04-01,1123000.0,Annual
E101969,2020-04-01,699000.0,Opening
E101969,2021-04-01,755000.0,Annual
E101969,2022-04-01,782000.0,Annual
E101970,2021-04-01,702000.0,Opening
E101970,2022-04-01,775000.0,Annual
E101970,2023-04-01,831000.0,Annual
E101970,2024-04-01,882000.0,Annual
E101970,2025-04-01,904000.0,Annual
E101971,2020-04-01,1164000.0,Opening
E101971,2021-04-01,1197000.0,Annual
E101971,2022-04-01,1301000.0,Annual
E101972,2020-04-01,1260000.0,Opening
E101972,2021-04-01,1361000.0,Annual
E101972,2022-04-01,1636000.0,Annual
E101972,2023-04-01,1868000.0,Annual
E101972,2024-04-01,2252000.0,Promotion
E101972,2025-04-01,2574000.0,Annual
E101973,2021-04-01,1283000.0,Opening
E101973,2022-04-01,1407000.0,Annual
E101973,2023-04-01,1407000.0,Annual
E101974,2020-04-01,676000.0,Opening
E101974,2021-04-01,730000.0,Annual
E101974,2022-04-01,754000.0,Annual
E101975,2020-04-01,373000.0,Opening
E101975,2021-04-01,403000.0,Annual
E101975,2022-04-01,440000.0,Annual
E101975,2023-04-01,475000.0,Annual
E101975,2024-04-01,506000.0,Annual
E101975,2025-04-01,535000.0,Annual
E101976,2021-04-01,1263000.0,Opening
E101976,2022-04-01,1430000.0,Annual
E101976,2023-04-01,1465000.0,Annual
E101976,2024-04-01,1565000.0,Annual
E101976,2025-04-01,1664000.0,Annual
E101977,2020-04-01,1385000.0,Opening
E101977,2021-04-01,1424000.0,Annual
E101977,2022-04-01,1564000.0,Annual
E101977,2023-04-01,1600000.0,Annual
E101977,2024-04-01,1631000.0,Annual
E101978,2020-04-01,1236000.0,Opening
E101978,2021-04-01,1271000.0,Annual
E101978,2022-04-01,1317000.0,Annual
E101979,2020-04-01,567000.0,Opening
E101979,2021-04-01,612000.0,Annual
E101979,2022-04-01,669000.0,Annual
E101979,2023-04-01,719000.0,Annual
E101979,2024-04-01,764000.0,Annual
E101979,2025-04-01,820000.0,Annual
E101980,2020-04-01,2114000.0,Opening
E101980,2021-04-01,2283000.0,Annual
E101980,2022-04-01,2481000.0,Annual
E101980,2023-04-01,2765000.0,Annual
E101980,2024-04-01,3007000.0,Annual
E101980,2025-04-01,3353000.0,Annual
E101981,2020-04-01,403000.0,Opening
E101981,2021-04-01,435000.0,Annual
E101981,2022-04-01,477000.0,Annual
E101982,2020-04-01,1495000.0,Opening
E101982,2021-04-01,1615000.0,Annual
E101982,2022-04-01,1675000.0,Annual
E101982,2023-04-01,1716000.0,Annual
E101983,2020-04-01,638000.0,Opening
E101983,2021-04-01,740000.0,Annual
E101983,2022-04-01,816000.0,Annual
E101983,2023-04-01,957000.0,Promotion
E101983,2024-04-01,1045000.0,Annual
E101983,2025-04-01,1103000.0,Annual
E101984,2020-04-01,1249000.0,Opening
E101984,2021-04-01,1349000.0,Annual
E101984,2022-04-01,1486000.0,Annual
E101985,2022-04-01,473000.0,Hire
E101985,2023-04-01,510000.0,Annual
E101985,2024-04-01,608000.0,Promotion
E101986,2020-04-01,3673000.0,Opening
E101986,2021-04-01,3776000.0,Annual
E101986,2022-04-01,3776000.0,Annual
E101986,2023-04-01,3776000.0,Annual
E101986,2024-04-01,3776000.0,Annual
E101986,2025-04-01,3776000.0,Annual
E101987,2021-04-01,521000.0,Opening
E101987,2022-04-01,575000.0,Annual
E101987,2023-04-01,616000.0,Annual
E101987,2024-04-01,673000.0,Annual
E101987,2025-04-01,744000.0,Annual
E101988,2022-04-01,440000.0,Hire
E101988,2022-04-01,482000.0,Annual
E101988,2023-04-01,535000.0,Annual
E101988,2024-04-01,571000.0,Annual
E101988,2025-04-01,666000.0,Promotion
E101989,2020-04-01,642000.0,Opening
E101989,2021-04-01,693000.0,Annual
E101989,2022-04-01,764000.0,Annual
E101989,2023-04-01,812000.0,Annual
E101989,2024-04-01,830000.0,Annual
E101989,2025-04-01,883000.0,Annual
E101990,2021-04-01,694000.0,Opening
E101990,2022-04-01,786000.0,Annual
E101990,2023-04-01,885000.0,Annual
E101990,2024-04-01,970000.0,Annual
E101990,2025-04-01,1058000.0,Annual
E101991,2022-04-01,494000.0,Hire
E101991,2023-04-01,532000.0,Annual
E101991,2024-04-01,542000.0,Annual
E101991,2025-04-01,626000.0,Promotion
E101992,2020-04-01,331000.0,Opening
E101992,2021-04-01,369000.0,Annual
E101992,2022-04-01,401000.0,Annual
E101993,2020-04-01,1972000.0,Opening
E101993,2021-04-01,2027000.0,Annual
E101993,2022-04-01,2217000.0,Annual
E101993,2023-04-01,2549000.0,Annual
E101993,2024-04-01,2937000.0,Promotion
E101993,2025-04-01,3127000.0,Annual
E101994,2021-04-01,753000.0,Opening
E101994,2022-04-01,825000.0,Annual
E101995,2022-04-01,712000.0,Hire
E101995,2022-04-01,779000.0,Annual
E101995,2023-04-01,858000.0,Annual
E101995,2024-04-01,912000.0,Annual
E101995,2025-04-01,1026000.0,Annual
E101996,2021-04-01,485000.0,Opening
E101996,2022-04-01,528000.0,Annual
E101996,2023-04-01,597000.0,Annual
E101996,2024-04-01,666000.0,Annual
E101996,2025-04-01,806000.0,Promotion
E101997,2020-04-01,711000.0,Opening
E101997,2021-04-01,731000.0,Annual
E101997,2022-04-01,799000.0,Annual
E101997,2023-04-01,818000.0,Annual
E101997,2024-04-01,867000.0,Annual
E101997,2025-04-01,920000.0,Annual
E101998,2020-04-01,1243000.0,Opening
E101998,2021-04-01,1442000.0,Annual
E101998,2022-04-01,1664000.0,Annual
E101998,2023-04-01,1982000.0,Promotion
E101998,2024-04-01,2148000.0,Annual
E101998,2025-04-01,2352000.0,Annual
E101999,2021-04-01,1704000.0,Opening
E101999,2022-04-01,1899000.0,Annual
E101999,2023-04-01,2227000.0,Promotion
E101999,2024-04-01,2357000.0,Annual
E101999,2025-04-01,2503000.0,Annual
E102000,2020-04-01,357000.0,Opening
E102000,2021-04-01,386000.0,Annual
E102000,2022-04-01,420000.0,Annual
E102000,2023-04-01,452000.0,Annual
E102000,2024-04-01,477000.0,Annual
E102000,2025-04-01,503000.0,Annual
E102001,2020-04-01,649000.0,Opening
E102001,2021-04-01,701000.0,Annual
E102001,2022-04-01,777000.0,Annual
E102002,2020-04-01,1384000.0,Opening
E102002,2021-04-01,1545000.0,Annual
E102002,2022-04-01,1823000.0,Promotion
E102003,2020-04-01,2691000.0,Opening
E102003,2021-04-01,2906000.0,Annual
E102003,2022-04-01,3442000.0,Annual
E102003,2023-04-01,3742000.0,Annual
E102003,2024-04-01,4330000.0,Promotion
E102003,2025-04-01,4853000.0,Annual
E102004,2021-04-01,1384000.0,Opening
E102004,2022-04-01,1579000.0,Annual
E102004,2023-04-01,1703000.0,Annual
E102004,2024-04-01,1799000.0,Annual
E102004,2025-04-01,1915000.0,Annual
E102005,2020-04-01,357000.0,Opening
E102005,2021-04-01,386000.0,Annual
E102005,2022-04-01,443000.0,Annual
E102005,2023-04-01,473000.0,Annual
E102005,2024-04-01,514000.0,Annual
E102005,2025-04-01,558000.0,Annual
E102006,2020-04-01,402000.0,Opening
E102006,2021-04-01,434000.0,Annual
E102006,2022-04-01,474000.0,Annual
E102006,2023-04-01,485000.0,Annual
E102006,2024-04-01,494000.0,Annual
E102007,2021-04-01,678000.0,Opening
E102007,2022-04-01,746000.0,Annual
E102008,2021-04-01,841000.0,Opening
E102008,2022-04-01,930000.0,Annual
E102008,2023-04-01,1017000.0,Annual
E102009,2021-04-01,406000.0,Opening
E102009,2022-04-01,421000.0,Annual
E102009,2023-04-01,449000.0,Annual
E102010,2020-04-01,1233000.0,Opening
E102010,2021-04-01,1332000.0,Annual
E102010,2022-04-01,1475000.0,Annual
E102011,2021-04-01,458000.0,Opening
E102011,2022-04-01,548000.0,Annual
E102011,2023-04-01,651000.0,Promotion
E102012,2020-04-01,400000.0,Opening
E102012,2021-04-01,464000.0,Annual
E102012,2022-04-01,512000.0,Annual
E102012,2023-04-01,571000.0,Annual
E102012,2024-04-01,606000.0,Annual
E102012,2025-04-01,645000.0,Annual
E102013,2020-04-01,677000.0,Opening
E102013,2021-04-01,731000.0,Annual
E102013,2022-04-01,813000.0,Annual
E102013,2023-04-01,894000.0,Annual
E102013,2024-04-01,912000.0,Annual
E102014,2020-04-01,1109000.0,Opening
E102014,2021-04-01,1140000.0,Annual
E102014,2022-04-01,1183000.0,Annual
E102014,2023-04-01,1213000.0,Annual
E102014,2024-04-01,1213000.0,Annual
E102015,2021-04-01,555000.0,Opening
E102015,2022-04-01,604000.0,Annual
E102015,2023-04-01,651000.0,Annual
E102015,2024-04-01,790000.0,Promotion
E102015,2025-04-01,868000.0,Annual
E102016,2021-04-01,766000.0,Opening
E102016,2022-04-01,909000.0,Annual
E102016,2023-04-01,930000.0,Annual
E102017,2020-04-01,445000.0,Opening
E102017,2021-04-01,481000.0,Annual
E102017,2022-04-01,527000.0,Annual
E102017,2023-04-01,540000.0,Annual
E102017,2024-04-01,570000.0,Annual
E102017,2025-04-01,605000.0,Annual
E102018,2020-04-01,411000.0,Opening
E102018,2021-04-01,444000.0,Annual
E102018,2022-04-01,490000.0,Annual
E102018,2023-04-01,521000.0,Annual
E102018,2024-04-01,550000.0,Annual
E102018,2025-04-01,590000.0,Annual
E102019,2020-04-01,1198000.0,Opening
E102019,2021-04-01,1337000.0,Annual
E102019,2022-04-01,1461000.0,Annual
E102019,2023-04-01,1572000.0,Annual
E102019,2024-04-01,1704000.0,Annual
E102019,2025-04-01,1740000.0,Annual
E102020,2020-04-01,411000.0,Opening
E102020,2021-04-01,423000.0,Annual
E102020,2022-04-01,460000.0,Annual
E102021,2020-04-01,787000.0,Opening
E102021,2021-04-01,850000.0,Annual
E102021,2022-04-01,884000.0,Annual
E102022,2020-04-01,1314000.0,Opening
E102022,2021-04-01,1351000.0,Annual
E102022,2022-04-01,1518000.0,Annual
E102022,2023-04-01,1615000.0,Annual
E102022,2024-04-01,1931000.0,Promotion
E102022,2025-04-01,2052000.0,Annual
E102023,2021-04-01,693000.0,Opening
E102023,2022-04-01,827000.0,Annual
E102023,2023-04-01,904000.0,Annual
E102023,2024-04-01,1075000.0,Promotion
E102023,2025-04-01,1135000.0,Annual
E102024,2022-04-01,371000.0,Hire
E102024,2023-04-01,404000.0,Annual
E102025,2020-04-01,391000.0,Opening
E102025,2021-04-01,422000.0,Annual
E102025,2022-04-01,467000.0,Annual
E102025,2023-04-01,509000.0,Annual
E102025,2024-04-01,539000.0,Annual
E102025,2025-04-01,571000.0,Annual
E102026,2022-04-01,652000.0,Hire
E102026,2022-04-01,726000.0,Annual
E102026,2023-04-01,774000.0,Annual
E102027,2020-04-01,623000.0,Opening
E102027,2021-04-01,673000.0,Annual
E102027,2022-04-01,732000.0,Annual
E102027,2023-04-01,791000.0,Annual
E102027,2024-04-01,841000.0,Annual
E102027,2025-04-01,900000.0,Annual
E102028,2021-04-01,538000.0,Opening
E102028,2022-04-01,589000.0,Annual
E102028,2023-04-01,628000.0,Annual
E102028,2024-04-01,665000.0,Annual
E102028,2025-04-01,724000.0,Annual
E102029,2022-04-01,485000.0,Hire
E102029,2022-04-01,530000.0,Annual
E102029,2023-04-01,566000.0,Annual
E102029,2024-04-01,604000.0,Annual
E102029,2025-04-01,735000.0,Promotion
E102030,2020-04-01,1288000.0,Opening
E102030,2021-04-01,1494000.0,Annual
E102030,2022-04-01,1633000.0,Annual
E102030,2023-04-01,1743000.0,Annual
E102030,2024-04-01,1838000.0,Annual
E102030,2025-04-01,2029000.0,Annual
E102031,2020-04-01,729000.0,Opening
E102031,2021-04-01,814000.0,Annual
E102031,2022-04-01,984000.0,Promotion
E102032,2020-04-01,1171000.0,Opening
E102032,2021-04-01,1204000.0,Annual
E102032,2022-04-01,1316000.0,Annual
E102032,2023-04-01,1416000.0,Annual
E102032,2024-04-01,1513000.0,Annual
E102032,2025-04-01,1602000.0,Annual
E102033,2021-04-01,409000.0,Opening
E102033,2022-04-01,474000.0,Annual
E102033,2023-04-01,512000.0,Annual
E102033,2024-04-01,569000.0,Annual
E102033,2025-04-01,635000.0,Annual
E102034,2020-04-01,382000.0,Opening
E102034,2021-04-01,426000.0,Annual
E102034,2022-04-01,511000.0,Promotion
E102034,2023-04-01,549000.0,Annual
E102034,2024-04-01,585000.0,Annual
E102034,2025-04-01,622000.0,Annual
E102035,2020-04-01,2129000.0,Opening
E102035,2021-04-01,2299000.0,Annual
E102035,2022-04-01,2551000.0,Annual
E102035,2023-04-01,3022000.0,Promotion
E102035,2024-04-01,3213000.0,Annual
E102035,2025-04-01,3290000.0,Annual
E102036,2022-04-01,401000.0,Hire
E102036,2022-04-01,462000.0,Annual
E102037,2021-04-01,740000.0,Opening
E102037,2022-04-01,766000.0,Annual
E102038,2020-04-01,536000.0,Opening
E102038,2021-04-01,536000.0,Annual
E102038,2022-04-01,553000.0,Annual
E102039,2020-04-01,1032000.0,Opening
E102039,2021-04-01,1032000.0,Annual
E102039,2022-04-01,1073000.0,Annual
E102039,2023-04-01,1073000.0,Annual
E102039,2024-04-01,1073000.0,Annual
E102039,2025-04-01,1096000.0,Annual
E102040,2020-04-01,656000.0,Opening
E102040,2021-04-01,708000.0,Annual
E102040,2022-04-01,781000.0,Annual
E102040,2023-04-01,838000.0,Annual
E102040,2024-04-01,838000.0,Annual
E102041,2020-04-01,1162000.0,Opening
E102041,2021-04-01,1255000.0,Annual
E102041,2022-04-01,1298000.0,Annual
E102042,2020-04-01,439000.0,Opening
E102042,2021-04-01,439000.0,Annual
E102042,2022-04-01,453000.0,Annual
E102043,2020-04-01,1281000.0,Opening
E102043,2021-04-01,1383000.0,Annual
E102043,2022-04-01,1571000.0,Annual
E102043,2023-04-01,1892000.0,Promotion
E102044,2022-04-01,543000.0,Hire
E102044,2022-04-01,605000.0,Annual
E102044,2023-04-01,642000.0,Annual
E102044,2024-04-01,684000.0,Annual
E102044,2025-04-01,701000.0,Annual
E102045,2020-04-01,344000.0,Opening
E102045,2021-04-01,372000.0,Annual
E102045,2022-04-01,433000.0,Annual
E102045,2023-04-01,464000.0,Annual
E102045,2024-04-01,507000.0,Annual
E102045,2025-04-01,536000.0,Annual
E102046,2020-04-01,355000.0,Opening
E102046,2021-04-01,383000.0,Annual
E102046,2022-04-01,397000.0,Annual
E102047,2020-04-01,373000.0,Opening
E102047,2021-04-01,403000.0,Annual
E102047,2022-04-01,448000.0,Annual
E102047,2023-04-01,483000.0,Annual
E102047,2024-04-01,523000.0,Annual
E102048,2020-04-01,1252000.0,Opening
E102048,2021-04-01,1352000.0,Annual
E102048,2022-04-01,1473000.0,Annual
E102048,2023-04-01,1564000.0,Annual
E102048,2024-04-01,1667000.0,Annual
E102048,2025-04-01,1771000.0,Annual
E102049,2020-04-01,717000.0,Opening
E102049,2021-04-01,737000.0,Annual
E102049,2022-04-01,810000.0,Annual
E102049,2023-04-01,863000.0,Annual
E102049,2024-04-01,881000.0,Annual
E102049,2025-04-01,902000.0,Annual
E102050,2020-04-01,1110000.0,Opening
E102050,2021-04-01,1141000.0,Annual
E102050,2022-04-01,1357000.0,Promotion
E102050,2023-04-01,1441000.0,Annual
E102050,2024-04-01,1517000.0,Annual
E102050,2025-04-01,1556000.0,Annual
E102051,2020-04-01,2737000.0,Opening
E102051,2021-04-01,2956000.0,Annual
E102051,2022-04-01,3224000.0,Annual
E102051,2023-04-01,3927000.0,Promotion
E102051,2024-04-01,4167000.0,Annual
E102051,2025-04-01,4426000.0,Annual
E102052,2020-04-01,304000.0,Opening
E102052,2021-04-01,353000.0,Annual
E102052,2022-04-01,410000.0,Annual
E102053,2021-04-01,1329000.0,Opening
E102053,2022-04-01,1472000.0,Annual
E102054,2020-04-01,3212000.0,Opening
E102054,2021-04-01,3469000.0,Annual
E102054,2022-04-01,3469000.0,Annual
E102055,2020-04-01,701000.0,Opening
E102055,2021-04-01,721000.0,Annual
E102055,2022-04-01,721000.0,Annual
E102055,2023-04-01,721000.0,Annual
E102055,2024-04-01,734000.0,Annual
E102056,2021-04-01,382000.0,Opening
E102056,2022-04-01,444000.0,Annual
E102056,2023-04-01,478000.0,Annual
E102056,2024-04-01,569000.0,Promotion
E102057,2020-04-01,722000.0,Opening
E102057,2021-04-01,780000.0,Annual
E102057,2022-04-01,892000.0,Annual
E102057,2023-04-01,947000.0,Annual
E102057,2024-04-01,1062000.0,Annual
E102057,2025-04-01,1141000.0,Annual
E102058,2021-04-01,893000.0,Opening
E102058,2022-04-01,995000.0,Annual
E102058,2023-04-01,1109000.0,Annual
E102058,2024-04-01,1177000.0,Annual
E102059,2020-04-01,1159000.0,Opening
E102059,2021-04-01,1252000.0,Annual
E102059,2022-04-01,1298000.0,Annual
E102059,2023-04-01,1399000.0,Annual
E102059,2024-04-01,1492000.0,Annual
E102059,2025-04-01,1529000.0,Annual
E102060,2020-04-01,740000.0,Opening
E102060,2021-04-01,799000.0,Annual
E102060,2022-04-01,877000.0,Annual
E102060,2023-04-01,932000.0,Annual
E102060,2024-04-01,983000.0,Annual
E102060,2025-04-01,1043000.0,Annual
E102061,2020-04-01,740000.0,Opening
E102061,2021-04-01,799000.0,Annual
E102061,2022-04-01,872000.0,Annual
E102061,2023-04-01,966000.0,Annual
E102061,2024-04-01,1172000.0,Promotion
E102062,2022-04-01,510000.0,Hire
E102062,2022-04-01,575000.0,Annual
E102062,2023-04-01,589000.0,Annual
E102062,2024-04-01,621000.0,Annual
E102062,2025-04-01,637000.0,Annual
E102063,2020-04-01,783000.0,Opening
E102063,2021-04-01,846000.0,Annual
E102063,2022-04-01,939000.0,Annual
E102063,2023-04-01,1010000.0,Annual
E102064,2021-04-01,787000.0,Opening
E102064,2022-04-01,966000.0,Annual
E102064,2023-04-01,1032000.0,Annual
E102064,2024-04-01,1123000.0,Annual
E102064,2025-04-01,1198000.0,Annual
E102065,2020-04-01,285000.0,Opening
E102065,2021-04-01,308000.0,Annual
E102065,2022-04-01,336000.0,Annual
E102066,2022-04-01,469000.0,Hire
E102066,2023-04-01,480000.0,Annual
E102066,2024-04-01,511000.0,Annual
E102067,2020-04-01,1521000.0,Opening
E102067,2021-04-01,1643000.0,Annual
E102067,2022-04-01,1794000.0,Annual
E102067,2023-04-01,1922000.0,Annual
E102068,2021-04-01,774000.0,Opening
E102068,2022-04-01,848000.0,Annual
E102068,2023-04-01,1009000.0,Promotion
E102068,2024-04-01,1090000.0,Annual
E102069,2022-04-01,428000.0,Hire
E102069,2023-04-01,493000.0,Annual
E102069,2024-04-01,560000.0,Annual
E102069,2025-04-01,671000.0,Promotion
E102070,2020-04-01,1490000.0,Opening
E102070,2021-04-01,1609000.0,Annual
E102070,2022-04-01,1951000.0,Promotion
E102071,2020-04-01,689000.0,Opening
E102071,2021-04-01,708000.0,Annual
E102071,2022-04-01,782000.0,Annual
E102072,2020-04-01,827000.0,Opening
E102072,2021-04-01,959000.0,Annual
E102072,2022-04-01,1042000.0,Annual
E102072,2023-04-01,1105000.0,Annual
E102072,2024-04-01,1180000.0,Annual
E102072,2025-04-01,1208000.0,Annual
E102073,2021-04-01,713000.0,Opening
E102073,2022-04-01,794000.0,Annual
E102073,2023-04-01,850000.0,Annual
E102073,2024-04-01,866000.0,Annual
E102073,2025-04-01,922000.0,Annual
E102074,2020-04-01,397000.0,Opening
E102074,2021-04-01,408000.0,Annual
E102074,2022-04-01,408000.0,Annual
E102075,2020-04-01,1021000.0,Opening
E102075,2021-04-01,1103000.0,Annual
E102075,2022-04-01,1322000.0,Promotion
E102075,2023-04-01,1535000.0,Annual
E102075,2024-04-01,1682000.0,Annual
E102075,2025-04-01,1879000.0,Annual
E102076,2021-04-01,680000.0,Opening
E102076,2022-04-01,819000.0,Annual
E102077,2020-04-01,4957000.0,Opening
E102077,2021-04-01,5354000.0,Annual
E102077,2022-04-01,5903000.0,Annual
E102077,2023-04-01,6367000.0,Annual
E102077,2024-04-01,6773000.0,Annual
E102077,2025-04-01,7247000.0,Annual
E102078,2020-04-01,434000.0,Opening
E102078,2021-04-01,484000.0,Annual
E102078,2022-04-01,577000.0,Promotion
E102078,2023-04-01,615000.0,Annual
E102078,2024-04-01,674000.0,Annual
E102078,2025-04-01,733000.0,Annual
E102079,2021-04-01,744000.0,Opening
E102079,2022-04-01,849000.0,Annual
E102079,2023-04-01,868000.0,Annual
E102079,2024-04-01,921000.0,Annual
E102079,2025-04-01,1115000.0,Promotion
E102080,2020-04-01,620000.0,Opening
E102080,2021-04-01,670000.0,Annual
E102080,2022-04-01,695000.0,Annual
E102080,2023-04-01,741000.0,Annual
E102080,2024-04-01,754000.0,Annual
E102080,2025-04-01,771000.0,Annual
E102081,2022-04-01,709000.0,Hire
E102081,2022-04-01,770000.0,Annual
E102081,2023-04-01,787000.0,Annual
E102081,2024-04-01,830000.0,Annual
E102082,2020-04-01,1604000.0,Opening
E102082,2021-04-01,1861000.0,Annual
E102082,2022-04-01,2276000.0,Annual
E102082,2023-04-01,2520000.0,Annual
E102082,2024-04-01,3060000.0,Promotion
E102082,2025-04-01,3478000.0,Annual
E102083,2021-04-01,413000.0,Opening
E102083,2022-04-01,456000.0,Annual
E102083,2023-04-01,530000.0,Promotion
E102083,2024-04-01,575000.0,Annual
E102083,2025-04-01,625000.0,Annual
E102084,2021-04-01,570000.0,Opening
E102084,2022-04-01,592000.0,Annual
E102084,2023-04-01,649000.0,Annual
E102085,2022-04-01,433000.0,Hire
E102085,2023-04-01,464000.0,Annual
E102085,2024-04-01,506000.0,Annual
E102085,2025-04-01,553000.0,Annual
E102086,2020-04-01,655000.0,Opening
E102086,2021-04-01,731000.0,Annual
E102086,2022-04-01,759000.0,Annual
E102086,2023-04-01,812000.0,Annual
E102087,2020-04-01,946000.0,Opening
E102087,2021-04-01,1022000.0,Annual
E102087,2022-04-01,1124000.0,Annual
E102087,2023-04-01,1209000.0,Annual
E102088,2022-04-01,520000.0,Hire
E102088,2023-04-01,590000.0,Annual
E102088,2024-04-01,646000.0,Annual
E102088,2025-04-01,689000.0,Annual
E102089,2022-04-01,454000.0,Hire
E102089,2022-04-01,493000.0,Annual
E102089,2023-04-01,506000.0,Annual
E102089,2024-04-01,517000.0,Annual
E102089,2025-04-01,554000.0,Annual
E102090,2020-04-01,624000.0,Opening
E102090,2021-04-01,674000.0,Annual
E102090,2022-04-01,741000.0,Annual
E102090,2023-04-01,860000.0,Promotion
E102090,2024-04-01,906000.0,Annual
E102090,2025-04-01,1103000.0,Promotion
E102091,2020-04-01,671000.0,Opening
E102091,2021-04-01,690000.0,Annual
E102091,2022-04-01,787000.0,Annual
E102092,2021-04-01,363000.0,Opening
E102092,2022-04-01,421000.0,Annual
E102093,2020-04-01,769000.0,Opening
E102093,2021-04-01,791000.0,Annual
E102093,2022-04-01,891000.0,Annual
E102093,2023-04-01,962000.0,Annual
E102093,2024-04-01,1054000.0,Annual
E102093,2025-04-01,1131000.0,Annual
E102094,2020-04-01,1512000.0,Opening
E102094,2021-04-01,1633000.0,Annual
E102094,2022-04-01,1787000.0,Annual
E102095,2020-04-01,802000.0,Opening
E102095,2021-04-01,895000.0,Annual
E102095,2022-04-01,924000.0,Annual
E102095,2023-04-01,1007000.0,Annual
E102095,2024-04-01,1111000.0,Annual
E102095,2025-04-01,1193000.0,Annual
E102096,2020-04-01,459000.0,Opening
E102096,2021-04-01,459000.0,Annual
E102096,2022-04-01,477000.0,Annual
E102097,2020-04-01,446000.0,Opening
E102097,2021-04-01,482000.0,Annual
E102097,2022-04-01,558000.0,Annual
E102097,2023-04-01,594000.0,Annual
E102097,2024-04-01,642000.0,Annual
E102097,2025-04-01,736000.0,Annual
E102098,2020-04-01,1272000.0,Opening
E102098,2021-04-01,1374000.0,Annual
E102098,2022-04-01,1589000.0,Annual
E102098,2023-04-01,1908000.0,Promotion
E102098,2024-04-01,2009000.0,Annual
E102098,2025-04-01,2131000.0,Annual
E102099,2022-04-01,800000.0,Hire
E102099,2022-04-01,909000.0,Annual
E102099,2023-04-01,1061000.0,Promotion
E102100,2022-04-01,524000.0,Hire
E102100,2022-04-01,574000.0,Annual
E102101,2020-04-01,336000.0,Opening
E102101,2021-04-01,375000.0,Annual
E102101,2022-04-01,440000.0,Promotion
E102102,2020-04-01,1981000.0,Opening
E102102,2021-04-01,2211000.0,Annual
E102102,2022-04-01,2603000.0,Annual
E102102,2023-04-01,2853000.0,Annual
E102102,2024-04-01,3213000.0,Annual
E102102,2025-04-01,3528000.0,Annual
E102103,2020-04-01,1115000.0,Opening
E102103,2021-04-01,1115000.0,Annual
E102103,2022-04-01,1154000.0,Annual
E102104,2020-04-01,1030000.0,Opening
E102104,2021-04-01,1030000.0,Annual
E102104,2022-04-01,1030000.0,Annual
E102104,2023-04-01,1056000.0,Annual
E102104,2024-04-01,1056000.0,Annual
E102104,2025-04-01,1081000.0,Annual
E102105,2020-04-01,312000.0,Opening
E102105,2021-04-01,348000.0,Annual
E102105,2022-04-01,381000.0,Annual
E102106,2020-04-01,4169000.0,Opening
E102106,2021-04-01,4653000.0,Annual
E102106,2022-04-01,5295000.0,Annual
E102106,2023-04-01,5435000.0,Annual
E102106,2024-04-01,5913000.0,Annual
E102106,2025-04-01,6767000.0,Annual
E102107,2022-04-01,462000.0,Hire
E102107,2023-04-01,490000.0,Annual
E102107,2024-04-01,517000.0,Annual
E102108,2022-04-01,896000.0,Hire
E102108,2022-04-01,928000.0,Annual
E102108,2023-04-01,950000.0,Annual
E102108,2024-04-01,970000.0,Annual
E102108,2025-04-01,970000.0,Annual
E102109,2020-04-01,380000.0,Opening
E102109,2021-04-01,410000.0,Annual
E102109,2022-04-01,499000.0,Annual
E102109,2023-04-01,579000.0,Promotion
E102109,2024-04-01,616000.0,Annual
E102109,2025-04-01,650000.0,Annual
E102110,2020-04-01,2618000.0,Opening
E102110,2021-04-01,3037000.0,Annual
E102110,2022-04-01,3438000.0,Annual
E102110,2023-04-01,4013000.0,Promotion
E102110,2024-04-01,4485000.0,Annual
E102110,2025-04-01,4744000.0,Annual
E102111,2020-04-01,1192000.0,Opening
E102111,2021-04-01,1287000.0,Annual
E102111,2022-04-01,1402000.0,Annual
E102111,2023-04-01,1402000.0,Annual
E102111,2024-04-01,1431000.0,Annual
E102111,2025-04-01,1465000.0,Annual
E102112,2020-04-01,772000.0,Opening
E102112,2021-04-01,834000.0,Annual
E102112,2022-04-01,994000.0,Promotion
E102112,2023-04-01,1069000.0,Annual
E102112,2024-04-01,1131000.0,Annual
E102112,2025-04-01,1160000.0,Annual
E102113,2020-04-01,768000.0,Opening
E102113,2021-04-01,857000.0,Annual
E102113,2022-04-01,949000.0,Annual
E102113,2023-04-01,1047000.0,Annual
E102113,2024-04-01,1126000.0,Annual
E102113,2025-04-01,1273000.0,Annual
E102114,2020-04-01,1128000.0,Opening
E102114,2021-04-01,1259000.0,Annual
E102114,2022-04-01,1541000.0,Annual
E102114,2023-04-01,1838000.0,Promotion
E102114,2024-04-01,2013000.0,Annual
E102114,2025-04-01,2386000.0,Promotion
E102115,2021-04-01,819000.0,Opening
E102115,2022-04-01,910000.0,Annual
E102115,2023-04-01,990000.0,Annual
E102115,2024-04-01,1172000.0,Promotion
E102115,2025-04-01,1257000.0,Annual
E102116,2020-04-01,698000.0,Opening
E102116,2021-04-01,754000.0,Annual
E102116,2022-04-01,893000.0,Promotion
E102116,2023-04-01,954000.0,Annual
E102116,2024-04-01,1013000.0,Annual
E102116,2025-04-01,1069000.0,Annual
E102117,2020-04-01,376000.0,Opening
E102117,2021-04-01,436000.0,Annual
E102117,2022-04-01,493000.0,Annual
E102117,2023-04-01,548000.0,Annual
E102117,2024-04-01,649000.0,Promotion
E102118,2020-04-01,2136000.0,Opening
E102118,2021-04-01,2307000.0,Annual
E102118,2022-04-01,2520000.0,Annual
E102118,2023-04-01,2586000.0,Annual
E102118,2024-04-01,2745000.0,Annual
E102118,2025-04-01,2911000.0,Annual
E102119,2020-04-01,539000.0,Opening
E102119,2021-04-01,602000.0,Annual
E102119,2022-04-01,725000.0,Annual
E102119,2023-04-01,851000.0,Promotion
E102120,2020-04-01,1593000.0,Opening
E102120,2021-04-01,1720000.0,Annual
E102120,2022-04-01,1985000.0,Annual
E102121,2020-04-01,1813000.0,Opening
E102121,2021-04-01,1958000.0,Annual
E102121,2022-04-01,2033000.0,Annual
E102121,2023-04-01,2176000.0,Annual
E102121,2024-04-01,2219000.0,Annual
E102122,2020-04-01,624000.0,Opening
E102122,2021-04-01,724000.0,Annual
E102122,2022-04-01,860000.0,Promotion
E102123,2021-04-01,463000.0,Opening
E102123,2022-04-01,512000.0,Annual
E102123,2023-04-01,552000.0,Annual
E102123,2024-04-01,658000.0,Promotion
E102123,2025-04-01,723000.0,Annual
E102124,2021-04-01,369000.0,Opening
E102124,2022-04-01,402000.0,Annual
E102125,2020-04-01,282000.0,Opening
E102125,2021-04-01,315000.0,Annual
E102125,2022-04-01,370000.0,Promotion
E102125,2023-04-01,396000.0,Annual
E102126,2020-04-01,1362000.0,Opening
E102126,2021-04-01,1520000.0,Annual
E102126,2022-04-01,1577000.0,Annual
E102126,2023-04-01,1681000.0,Annual
E102126,2024-04-01,1813000.0,Annual
E102126,2025-04-01,1977000.0,Annual
E102127,2020-04-01,856000.0,Opening
E102127,2021-04-01,955000.0,Annual
E102127,2022-04-01,1104000.0,Annual
E102127,2023-04-01,1273000.0,Annual
E102127,2024-04-01,1344000.0,Annual
E102127,2025-04-01,1469000.0,Annual
E102128,2020-04-01,5908000.0,Opening
E102128,2021-04-01,6593000.0,Annual
E102128,2022-04-01,7462000.0,Annual
E102128,2023-04-01,8160000.0,Annual
E102128,2024-04-01,8939000.0,Annual
E102128,2025-04-01,9470000.0,Annual
E102129,2021-04-01,695000.0,Opening
E102129,2022-04-01,765000.0,Annual
E102130,2021-04-01,712000.0,Opening
E102130,2022-04-01,838000.0,Annual
E102131,2020-04-01,1135000.0,Opening
E102131,2021-04-01,1226000.0,Annual
E102131,2022-04-01,1270000.0,Annual
E102132,2020-04-01,1777000.0,Opening
E102132,2021-04-01,2061000.0,Annual
E102132,2022-04-01,2437000.0,Promotion
E102132,2023-04-01,2604000.0,Annual
E102132,2024-04-01,2780000.0,Annual
E102132,2025-04-01,3061000.0,Annual
E102133,2021-04-01,833000.0,Opening
E102133,2022-04-01,860000.0,Annual
E102134,2022-04-01,517000.0,Hire
E102134,2022-04-01,517000.0,Annual
E102135,2020-04-01,336000.0,Opening
E102135,2021-04-01,363000.0,Annual
E102135,2022-04-01,397000.0,Annual
E102136,2020-04-01,1166000.0,Opening
E102136,2021-04-01,1199000.0,Annual
E102136,2022-04-01,1303000.0,Annual
E102136,2023-04-01,1397000.0,Annual
E102136,2024-04-01,1428000.0,Annual
E102136,2025-04-01,1740000.0,Promotion
E102137,2020-04-01,1007000.0,Opening
E102137,2021-04-01,1088000.0,Annual
E102137,2022-04-01,1198000.0,Annual
E102137,2023-04-01,1273000.0,Annual
E102137,2024-04-01,1377000.0,Annual
E102137,2025-04-01,1479000.0,Annual
E102138,2020-04-01,4684000.0,Opening
E102138,2021-04-01,5059000.0,Annual
E102138,2022-04-01,5567000.0,Annual
E102139,2020-04-01,790000.0,Opening
E102139,2021-04-01,853000.0,Annual
E102139,2022-04-01,884000.0,Annual
E102139,2023-04-01,908000.0,Annual
E102139,2024-04-01,929000.0,Annual
E102139,2025-04-01,985000.0,Annual
E102140,2020-04-01,1118000.0,Opening
E102140,2021-04-01,1207000.0,Annual
E102140,2022-04-01,1313000.0,Annual
E102141,2020-04-01,1235000.0,Opening
E102141,2021-04-01,1334000.0,Annual
E102141,2022-04-01,1501000.0,Annual
E102141,2023-04-01,1595000.0,Annual
E102141,2024-04-01,1845000.0,Promotion
E102141,2025-04-01,1948000.0,Annual
E102142,2020-04-01,707000.0,Opening
E102142,2021-04-01,764000.0,Annual
E102142,2022-04-01,846000.0,Annual
E102143,2020-04-01,994000.0,Opening
E102143,2021-04-01,1109000.0,Annual
E102143,2022-04-01,1204000.0,Annual
E102143,2023-04-01,1292000.0,Annual
E102143,2024-04-01,1380000.0,Annual
E102144,2022-04-01,502000.0,Hire
E102144,2023-04-01,502000.0,Annual
E102144,2024-04-01,513000.0,Annual
E102145,2020-04-01,429000.0,Opening
E102145,2021-04-01,498000.0,Annual
E102145,2022-04-01,541000.0,Annual
E102145,2023-04-01,580000.0,Annual
E102145,2024-04-01,615000.0,Annual
E102145,2025-04-01,659000.0,Annual
E102146,2020-04-01,638000.0,Opening
E102146,2021-04-01,712000.0,Annual
E102146,2022-04-01,874000.0,Annual
E102146,2023-04-01,1006000.0,Promotion
E102146,2024-04-01,1125000.0,Annual
E102146,2025-04-01,1187000.0,Annual
E102147,2020-04-01,679000.0,Opening
E102147,2021-04-01,733000.0,Annual
E102147,2022-04-01,733000.0,Annual
E102147,2023-04-01,782000.0,Annual
E102147,2024-04-01,799000.0,Annual
E102148,2020-04-01,2851000.0,Opening
E102148,2021-04-01,3079000.0,Annual
E102148,2022-04-01,3549000.0,Annual
E102148,2023-04-01,3920000.0,Annual
E102149,2020-04-01,1833000.0,Opening
E102149,2021-04-01,1980000.0,Annual
E102149,2022-04-01,2177000.0,Annual
E102149,2023-04-01,2335000.0,Annual
E102149,2024-04-01,2717000.0,Promotion
E102149,2025-04-01,2957000.0,Annual
E102150,2020-04-01,1086000.0,Opening
E102150,2021-04-01,1173000.0,Annual
E102150,2022-04-01,1384000.0,Annual
E102151,2022-05-23,424000.0,Hire
E102151,2023-04-01,454000.0,Annual
E102151,2024-04-01,480000.0,Annual
E102151,2025-04-01,553000.0,Promotion
E102152,2022-06-28,463000.0,Hire
E102152,2023-04-01,498000.0,Annual
E102152,2024-04-01,508000.0,Annual
E102153,2022-06-30,926000.0,Hire
E102153,2023-04-01,1043000.0,Annual
E102153,2024-04-01,1099000.0,Annual
E102153,2025-04-01,1287000.0,Promotion
E102154,2022-06-10,977000.0,Hire
E102154,2023-04-01,1038000.0,Annual
E102155,2022-06-12,869000.0,Hire
E102155,2023-04-01,944000.0,Annual
E102155,2024-04-01,1037000.0,Annual
E102155,2025-04-01,1141000.0,Annual
E102156,2022-06-26,1712000.0,Hire
E102156,2023-04-01,1923000.0,Annual
E102157,2022-06-28,1424000.0,Hire
E102157,2023-04-01,1529000.0,Annual
E102157,2024-04-01,1681000.0,Annual
E102157,2025-04-01,1790000.0,Annual
E102158,2022-06-28,475000.0,Hire
E102158,2023-04-01,510000.0,Annual
E102158,2024-04-01,510000.0,Annual
E102159,2022-06-09,1526000.0,Hire
E102159,2023-04-01,1648000.0,Annual
E102159,2024-04-01,1737000.0,Annual
E102159,2025-04-01,1848000.0,Annual
E102160,2022-06-14,1091000.0,Hire
E102160,2023-04-01,1232000.0,Annual
E102160,2024-04-01,1338000.0,Annual
E102160,2025-04-01,1420000.0,Annual
E102161,2022-07-17,785000.0,Hire
E102161,2023-04-01,834000.0,Annual
E102161,2024-04-01,882000.0,Annual
E102162,2022-07-28,779000.0,Hire
E102162,2023-04-01,829000.0,Annual
E102163,2022-07-06,573000.0,Hire
E102163,2023-04-01,618000.0,Annual
E102163,2024-04-01,658000.0,Annual
E102163,2025-04-01,783000.0,Promotion
E102164,2022-07-13,1421000.0,Hire
E102164,2023-04-01,1518000.0,Annual
E102165,2022-07-09,782000.0,Hire
E102165,2023-04-01,860000.0,Annual
E102165,2024-04-01,918000.0,Annual
E102166,2022-07-16,589000.0,Hire
E102166,2023-04-01,602000.0,Annual
E102166,2024-04-01,635000.0,Annual
E102167,2022-07-31,469000.0,Hire
E102167,2023-04-01,501000.0,Annual
E102168,2022-07-11,553000.0,Hire
E102168,2023-04-01,592000.0,Annual
E102169,2022-07-11,539000.0,Hire
E102169,2023-04-01,572000.0,Annual
E102169,2024-04-01,602000.0,Annual
E102169,2025-04-01,615000.0,Annual
E102170,2022-07-05,1215000.0,Hire
E102170,2023-04-01,1215000.0,Annual
E102170,2024-04-01,1215000.0,Annual
E102170,2025-04-01,1215000.0,Annual
E102171,2022-07-15,1426000.0,Hire
E102171,2023-04-01,1585000.0,Annual
E102171,2024-04-01,1691000.0,Annual
E102171,2025-04-01,1809000.0,Annual
E102172,2022-07-29,512000.0,Hire
E102172,2023-04-01,558000.0,Annual
E102173,2022-07-26,1011000.0,Hire
E102173,2023-04-01,1099000.0,Annual
E102173,2024-04-01,1171000.0,Annual
E102174,2022-07-17,764000.0,Hire
E102175,2022-07-13,934000.0,Hire
E102176,2022-07-08,1146000.0,Hire
E102176,2023-04-01,1233000.0,Annual
E102176,2024-04-01,1343000.0,Annual
E102176,2025-04-01,1535000.0,Annual
E102177,2022-07-25,937000.0,Hire
E102177,2023-04-01,996000.0,Annual
E102177,2024-04-01,1092000.0,Annual
E102177,2025-04-01,1240000.0,Annual
E102178,2022-07-21,2457000.0,Hire
E102178,2023-04-01,2646000.0,Annual
E102178,2024-04-01,2696000.0,Annual
E102178,2025-04-01,2760000.0,Annual
E102179,2022-07-27,906000.0,Hire
E102179,2023-04-01,966000.0,Annual
E102179,2024-04-01,1051000.0,Annual
E102179,2025-04-01,1074000.0,Annual
E102180,2022-07-23,397000.0,Hire
E102180,2023-04-01,448000.0,Annual
E102180,2024-04-01,486000.0,Annual
E102180,2025-04-01,526000.0,Annual
E102181,2022-07-22,486000.0,Hire
E102181,2023-04-01,523000.0,Annual
E102181,2024-04-01,566000.0,Annual
E102181,2025-04-01,606000.0,Annual
E102182,2022-07-26,2304000.0,Hire
E102182,2023-04-01,2452000.0,Annual
E102182,2024-04-01,2655000.0,Annual
E102182,2025-04-01,3050000.0,Annual
E102183,2022-07-10,877000.0,Hire
E102183,2023-04-01,955000.0,Annual
E102183,2024-04-01,1019000.0,Annual
E102183,2025-04-01,1082000.0,Annual
E102184,2022-07-20,448000.0,Hire
E102184,2023-04-01,478000.0,Annual
E102184,2024-04-01,503000.0,Annual
E102184,2025-04-01,555000.0,Annual
E102185,2022-07-24,505000.0,Hire
E102185,2023-04-01,545000.0,Annual
E102185,2024-04-01,576000.0,Annual
E102185,2025-04-01,613000.0,Annual
E102186,2022-07-28,494000.0,Hire
E102186,2023-04-01,494000.0,Annual
E102186,2024-04-01,504000.0,Annual
E102187,2022-07-30,830000.0,Hire
E102187,2023-04-01,830000.0,Annual
E102187,2024-04-01,846000.0,Annual
E102188,2022-07-03,1047000.0,Hire
E102188,2023-04-01,1114000.0,Annual
E102188,2024-04-01,1189000.0,Annual
E102188,2025-04-01,1273000.0,Annual
E102189,2022-07-19,807000.0,Hire
E102189,2023-04-01,868000.0,Annual
E102190,2022-07-29,1501000.0,Hire
E102190,2023-04-01,1592000.0,Annual
E102190,2024-04-01,1910000.0,Promotion
E102191,2022-07-30,508000.0,Hire
E102191,2023-04-01,540000.0,Annual
E102192,2022-07-27,487000.0,Hire
E102192,2023-04-01,518000.0,Annual
E102192,2024-04-01,552000.0,Annual
E102192,2025-04-01,565000.0,Annual
E102193,2022-08-11,959000.0,Hire
E102193,2023-04-01,1046000.0,Annual
E102193,2024-04-01,1179000.0,Annual
E102193,2025-04-01,1267000.0,Annual
E102194,2022-08-13,465000.0,Hire
E102194,2023-04-01,477000.0,Annual
E102195,2022-08-27,2157000.0,Hire
E102195,2023-04-01,2323000.0,Annual
E102195,2024-04-01,2468000.0,Annual
E102195,2025-04-01,2635000.0,Annual
E102196,2022-08-10,1776000.0,Hire
E102197,2022-08-04,972000.0,Hire
E102197,2023-04-01,1047000.0,Annual
E102197,2024-04-01,1117000.0,Annual
E102197,2025-04-01,1338000.0,Promotion
E102198,2022-08-15,1060000.0,Hire
E102199,2022-08-30,457000.0,Hire
E102199,2023-04-01,486000.0,Annual
E102199,2024-04-01,581000.0,Promotion
E102199,2025-04-01,623000.0,Annual
E102200,2022-08-16,830000.0,Hire
E102200,2023-04-01,830000.0,Annual
E102201,2022-08-17,1471000.0,Hire
E102201,2023-04-01,1568000.0,Annual
E102201,2024-04-01,1813000.0,Promotion
E102202,2022-08-06,423000.0,Hire
E102202,2023-04-01,435000.0,Annual
E102202,2024-04-01,444000.0,Annual
E102202,2025-04-01,455000.0,Annual
E102203,2022-08-10,792000.0,Hire
E102203,2023-04-01,864000.0,Annual
E102204,2022-08-16,3284000.0,Hire
E102204,2023-04-01,3507000.0,Annual
E102204,2024-04-01,3708000.0,Annual
E102204,2025-04-01,3802000.0,Annual
E102205,2022-08-12,853000.0,Hire
E102205,2023-04-01,945000.0,Annual
E102205,2024-04-01,1002000.0,Annual
E102206,2022-08-27,1545000.0,Hire
E102206,2023-04-01,1580000.0,Annual
E102207,2022-08-30,448000.0,Hire
E102207,2023-04-01,484000.0,Annual
E102207,2024-04-01,513000.0,Annual
E102207,2025-04-01,546000.0,Annual
E102208,2022-08-04,497000.0,Hire
E102208,2023-04-01,527000.0,Annual
E102208,2024-04-01,562000.0,Annual
E102208,2025-04-01,660000.0,Promotion
E102209,2022-08-22,857000.0,Hire
E102209,2023-04-01,939000.0,Annual
E102209,2024-04-01,1003000.0,Annual
E102209,2025-04-01,1209000.0,Promotion
E102210,2022-08-01,525000.0,Hire
E102210,2023-04-01,565000.0,Annual
E102211,2022-08-04,487000.0,Hire
E102211,2023-04-01,523000.0,Annual
E102211,2024-04-01,533000.0,Annual
E102212,2022-08-25,821000.0,Hire
E102212,2023-04-01,877000.0,Annual
E102212,2024-04-01,967000.0,Annual
E102212,2025-04-01,1096000.0,Annual
E102213,2022-08-30,2040000.0,Hire
E102213,2023-04-01,2166000.0,Annual
E102213,2024-04-01,2278000.0,Annual
E102213,2025-04-01,2423000.0,Annual
E102214,2022-08-26,855000.0,Hire
E102214,2023-04-01,908000.0,Annual
E102215,2022-08-08,803000.0,Hire
E102215,2023-04-01,820000.0,Annual
E102215,2024-04-01,838000.0,Annual
E102215,2025-04-01,838000.0,Annual
E102216,2022-08-25,3331000.0,Hire
E102216,2023-04-01,3407000.0,Annual
E102216,2024-04-01,3486000.0,Annual
E102217,2022-08-11,838000.0,Hire
E102217,2023-04-01,893000.0,Annual
E102217,2024-04-01,1077000.0,Promotion
E102217,2025-04-01,1231000.0,Annual
E102218,2022-08-05,477000.0,Hire
E102219,2022-08-15,755000.0,Hire
E102219,2023-04-01,806000.0,Annual
E102219,2024-04-01,806000.0,Annual
E102219,2025-04-01,854000.0,Annual
E102220,2022-08-12,938000.0,Hire
E102220,2023-04-01,1004000.0,Annual
E102220,2024-04-01,1025000.0,Annual
E102220,2025-04-01,1049000.0,Annual
E102221,2022-08-09,749000.0,Hire
E102221,2023-04-01,809000.0,Annual
E102221,2024-04-01,887000.0,Annual
E102221,2025-04-01,907000.0,Annual
E102222,2022-08-28,1413000.0,Hire
E102222,2023-04-01,1513000.0,Annual
E102222,2024-04-01,1599000.0,Annual
E102222,2025-04-01,1696000.0,Annual
E102223,2022-08-26,413000.0,Hire
E102223,2023-04-01,422000.0,Annual
E102224,2022-08-19,784000.0,Hire
E102224,2023-04-01,836000.0,Annual
E102225,2022-08-16,860000.0,Hire
E102225,2023-04-01,926000.0,Annual
E102225,2024-04-01,946000.0,Annual
E102226,2022-08-18,512000.0,Hire
E102226,2023-04-01,543000.0,Annual
E102226,2024-04-01,574000.0,Annual
E102226,2025-04-01,613000.0,Annual
E102227,2022-08-03,1034000.0,Hire
E102227,2023-04-01,1034000.0,Annual
E102227,2024-04-01,1104000.0,Annual
E102227,2025-04-01,1130000.0,Annual
E102228,2022-08-19,2143000.0,Hire
E102229,2022-08-28,875000.0,Hire
E102229,2023-04-01,967000.0,Annual
E102229,2024-04-01,1043000.0,Annual
E102229,2025-04-01,1127000.0,Annual
E102230,2022-08-08,769000.0,Hire
E102230,2023-04-01,769000.0,Annual
E102230,2024-04-01,820000.0,Annual
E102230,2025-04-01,840000.0,Annual
E102231,2022-08-26,453000.0,Hire
E102231,2023-04-01,463000.0,Annual
E102231,2024-04-01,494000.0,Annual
E102232,2022-08-14,868000.0,Hire
E102233,2022-08-03,565000.0,Hire
E102233,2023-04-01,606000.0,Annual
E102233,2024-04-01,638000.0,Annual
E102233,2025-04-01,681000.0,Annual
E102234,2022-08-02,1568000.0,Hire
E102234,2023-04-01,1681000.0,Annual
E102234,2024-04-01,1785000.0,Annual
E102234,2025-04-01,1910000.0,Annual
E102235,2022-08-30,729000.0,Hire
E102235,2023-04-01,744000.0,Annual
E102235,2024-04-01,758000.0,Annual
E102235,2025-04-01,775000.0,Annual
E102236,2022-08-18,501000.0,Hire
E102236,2023-04-01,550000.0,Annual
E102236,2024-04-01,594000.0,Annual
E102236,2025-04-01,686000.0,Promotion
E102237,2022-08-28,512000.0,Hire
E102237,2023-04-01,545000.0,Annual
E102237,2024-04-01,593000.0,Annual
E102237,2025-04-01,656000.0,Annual
E102238,2022-08-26,1376000.0,Hire
E102238,2023-04-01,1565000.0,Annual
E102239,2022-08-30,548000.0,Hire
E102239,2023-04-01,586000.0,Annual
E102239,2024-04-01,624000.0,Annual
E102239,2025-04-01,637000.0,Annual
E102240,2022-09-08,870000.0,Hire
E102240,2023-04-01,965000.0,Annual
E102240,2024-04-01,1017000.0,Annual
E102240,2025-04-01,1075000.0,Annual
E102241,2022-09-15,521000.0,Hire
E102241,2023-04-01,536000.0,Annual
E102241,2024-04-01,570000.0,Annual
E102241,2025-04-01,655000.0,Annual
E102242,2022-09-06,2578000.0,Hire
E102242,2023-04-01,2740000.0,Annual
E102242,2024-04-01,2886000.0,Annual
E102242,2025-04-01,3092000.0,Annual
E102243,2022-09-10,1608000.0,Hire
E102244,2022-09-06,694000.0,Hire
E102244,2023-04-01,770000.0,Annual
E102245,2022-09-02,1853000.0,Hire
E102245,2023-04-01,2065000.0,Annual
E102245,2024-04-01,2243000.0,Annual
E102245,2025-04-01,2373000.0,Annual
E102246,2022-09-11,586000.0,Hire
E102246,2023-04-01,623000.0,Annual
E102246,2024-04-01,634000.0,Annual
E102246,2025-04-01,744000.0,Promotion
E102247,2022-09-21,2252000.0,Hire
E102247,2023-04-01,2541000.0,Annual
E102247,2024-04-01,3085000.0,Promotion
E102247,2025-04-01,3375000.0,Annual
E102248,2022-09-26,876000.0,Hire
E102248,2023-04-01,876000.0,Annual
E102249,2022-09-01,852000.0,Hire
E102249,2023-04-01,909000.0,Annual
E102249,2024-04-01,1023000.0,Annual
E102249,2025-04-01,1080000.0,Annual
E102250,2022-09-22,821000.0,Hire
E102250,2023-04-01,885000.0,Annual
E102250,2024-04-01,940000.0,Annual
E102250,2025-04-01,1112000.0,Promotion
E102251,2022-09-02,894000.0,Hire
E102251,2023-04-01,957000.0,Annual
E102251,2024-04-01,978000.0,Annual
E102252,2022-09-03,807000.0,Hire
E102252,2023-04-01,869000.0,Annual
E102252,2024-04-01,1044000.0,Promotion
E102253,2022-09-22,707000.0,Hire
E102253,2023-04-01,753000.0,Annual
E102254,2022-09-13,784000.0,Hire
E102254,2023-04-01,834000.0,Annual
E102254,2024-04-01,1004000.0,Promotion
E102254,2025-04-01,1062000.0,Annual
E102255,2022-09-28,3630000.0,Hire
E102255,2023-04-01,3859000.0,Annual
E102255,2024-04-01,4083000.0,Annual
E102255,2025-04-01,4376000.0,Annual
E102256,2022-09-23,692000.0,Hire
E102256,2023-04-01,744000.0,Annual
E102257,2022-09-11,521000.0,Hire
E102257,2023-04-01,521000.0,Annual
E102257,2024-04-01,633000.0,Promotion
E102257,2025-04-01,648000.0,Annual
E102258,2022-09-06,425000.0,Hire
E102258,2023-04-01,452000.0,Annual
E102258,2024-04-01,462000.0,Annual
E102259,2022-09-06,1594000.0,Hire
E102260,2022-09-02,1601000.0,Hire
E102260,2023-04-01,1697000.0,Annual
E102260,2024-04-01,1918000.0,Annual
E102260,2025-04-01,2054000.0,Annual
E102261,2022-09-11,797000.0,Hire
E102261,2023-04-01,870000.0,Annual
E102261,2024-04-01,928000.0,Annual
E102261,2025-04-01,1074000.0,Promotion
E102262,2022-09-22,931000.0,Hire
E102262,2023-04-01,992000.0,Annual
E102262,2024-04-01,1080000.0,Annual
E102262,2025-04-01,1143000.0,Annual
E102263,2022-09-23,973000.0,Hire
E102263,2023-04-01,994000.0,Annual
E102263,2024-04-01,1056000.0,Annual
E102263,2025-04-01,1056000.0,Annual
E102264,2022-09-05,470000.0,Hire
E102264,2023-04-01,498000.0,Annual
E102264,2024-04-01,531000.0,Annual
E102265,2022-09-03,715000.0,Hire
E102265,2023-04-01,733000.0,Annual
E102265,2024-04-01,750000.0,Annual
E102265,2025-04-01,766000.0,Annual
E102266,2022-09-02,364000.0,Hire
E102266,2023-04-01,374000.0,Annual
E102267,2022-09-17,417000.0,Hire
E102268,2022-09-24,1648000.0,Hire
E102268,2023-04-01,1763000.0,Annual
E102268,2024-04-01,1878000.0,Annual
E102268,2025-04-01,1991000.0,Annual
E102269,2022-09-30,633000.0,Hire
E102269,2023-04-01,671000.0,Annual
E102269,2024-04-01,716000.0,Annual
E102269,2025-04-01,734000.0,Annual
E102270,2022-09-25,1541000.0,Hire
E102270,2023-04-01,1678000.0,Annual
E102270,2024-04-01,1864000.0,Annual
E102271,2022-09-13,3366000.0,Hire
E102271,2023-04-01,3366000.0,Annual
E102271,2024-04-01,3589000.0,Annual
E102271,2025-04-01,3673000.0,Annual
E102272,2022-09-25,755000.0,Hire
E102272,2023-04-01,776000.0,Annual
E102272,2024-04-01,776000.0,Annual
E102272,2025-04-01,776000.0,Annual
E102273,2022-09-28,997000.0,Hire
E102273,2023-04-01,1074000.0,Annual
E102273,2024-04-01,1308000.0,Promotion
E102273,2025-04-01,1444000.0,Annual
E102274,2022-09-09,383000.0,Hire
E102274,2023-04-01,406000.0,Annual
E102275,2022-09-19,657000.0,Hire
E102275,2023-04-01,718000.0,Annual
E102275,2024-04-01,764000.0,Annual
E102275,2025-04-01,917000.0,Promotion
E102276,2022-09-15,1334000.0,Hire
E102276,2023-04-01,1431000.0,Annual
E102276,2024-04-01,1622000.0,Annual
E102276,2025-04-01,1771000.0,Annual
E102277,2022-09-27,523000.0,Hire
E102277,2023-04-01,563000.0,Annual
E102277,2024-04-01,601000.0,Annual
E102277,2025-04-01,616000.0,Annual
E102278,2022-09-22,433000.0,Hire
E102278,2023-04-01,445000.0,Annual
E102278,2024-04-01,475000.0,Annual
E102278,2025-04-01,504000.0,Annual
E102279,2022-09-12,1125000.0,Hire
E102279,2023-04-01,1157000.0,Annual
E102279,2024-04-01,1217000.0,Annual
E102279,2025-04-01,1299000.0,Annual
E102280,2022-09-24,1497000.0,Hire
E102280,2023-04-01,1595000.0,Annual
E102280,2024-04-01,1629000.0,Annual
E102280,2025-04-01,1904000.0,Promotion
E102281,2022-09-17,1049000.0,Hire
E102281,2023-04-01,1167000.0,Annual
E102281,2024-04-01,1240000.0,Annual
E102281,2025-04-01,1331000.0,Annual
E102282,2022-10-12,4908000.0,Hire
E102283,2022-10-03,549000.0,Hire
E102283,2024-04-01,577000.0,Annual
E102284,2022-10-16,1488000.0,Hire
E102284,2024-04-01,1575000.0,Annual
E102284,2025-04-01,1678000.0,Annual
E102285,2022-10-04,1582000.0,Hire
E102285,2024-04-01,1683000.0,Annual
E102285,2025-04-01,2002000.0,Promotion
E102286,2022-10-19,797000.0,Hire
E102286,2024-04-01,849000.0,Annual
E102286,2025-04-01,903000.0,Annual
E102287,2022-10-03,509000.0,Hire
E102287,2024-04-01,543000.0,Annual
E102287,2025-04-01,554000.0,Annual
E102288,2022-10-21,526000.0,Hire
E102288,2024-04-01,567000.0,Annual
E102288,2025-04-01,672000.0,Promotion
E102289,2022-10-27,2234000.0,Hire
E102289,2024-04-01,2367000.0,Annual
E102290,2022-10-12,486000.0,Hire
E102290,2024-04-01,538000.0,Annual
E102290,2025-04-01,568000.0,Annual
E102291,2022-10-09,2360000.0,Hire
E102291,2024-04-01,2407000.0,Annual
E102292,2022-10-03,1944000.0,Hire
E102292,2024-04-01,2372000.0,Promotion
E102292,2025-04-01,2530000.0,Annual
E102293,2022-10-21,505000.0,Hire
E102293,2024-04-01,553000.0,Annual
E102293,2025-04-01,599000.0,Annual
E102294,2022-10-18,1388000.0,Hire
E102294,2024-04-01,1460000.0,Annual
E102294,2025-04-01,1592000.0,Annual
E102295,2022-10-28,755000.0,Hire
E102296,2022-10-17,2264000.0,Hire
E102296,2024-04-01,2405000.0,Annual
E102296,2025-04-01,2600000.0,Annual
E102297,2022-10-20,2249000.0,Hire
E102297,2024-04-01,2552000.0,Annual
E102297,2025-04-01,2892000.0,Annual
E102298,2022-10-06,936000.0,Hire
E102299,2022-10-17,438000.0,Hire
E102299,2024-04-01,467000.0,Annual
E102299,2025-04-01,519000.0,Annual
E102300,2022-10-21,2128000.0,Hire
E102301,2022-10-06,375000.0,Hire
E102301,2024-04-01,400000.0,Annual
E102302,2022-10-08,1084000.0,Hire
E102302,2024-04-01,1145000.0,Annual
E102303,2022-10-17,450000.0,Hire
E102303,2024-04-01,495000.0,Annual
E102303,2025-04-01,558000.0,Annual
E102304,2022-10-16,944000.0,Hire
E102305,2022-10-28,734000.0,Hire
E102305,2024-04-01,801000.0,Annual
E102305,2025-04-01,848000.0,Annual
E102306,2022-10-26,853000.0,Hire
E102306,2024-04-01,906000.0,Annual
E102306,2025-04-01,961000.0,Annual
E102307,2022-10-20,1020000.0,Hire
E102307,2024-04-01,1075000.0,Annual
E102307,2025-04-01,1137000.0,Annual
E102308,2022-10-31,877000.0,Hire
E102309,2022-10-31,655000.0,Hire
E102309,2024-04-01,655000.0,Annual
E102310,2022-10-30,498000.0,Hire
E102310,2024-04-01,545000.0,Annual
E102311,2022-10-23,1512000.0,Hire
E102311,2024-04-01,1602000.0,Annual
E102311,2025-04-01,1697000.0,Annual
E102312,2022-10-17,482000.0,Hire
E102312,2024-04-01,527000.0,Annual
E102313,2022-10-26,1034000.0,Hire
E102313,2024-04-01,1131000.0,Annual
E102313,2025-04-01,1237000.0,Annual
E102314,2022-10-29,537000.0,Hire
E102314,2024-04-01,569000.0,Annual
E102314,2025-04-01,625000.0,Annual
E102315,2022-10-05,564000.0,Hire
E102315,2024-04-01,620000.0,Annual
E102316,2022-10-31,2788000.0,Hire
E102316,2024-04-01,2853000.0,Annual
E102316,2025-04-01,2910000.0,Annual
E102317,2022-10-04,449000.0,Hire
E102317,2024-04-01,532000.0,Promotion
E102318,2022-10-06,697000.0,Hire
E102318,2024-04-01,745000.0,Annual
E102319,2022-10-10,449000.0,Hire
E102319,2024-04-01,458000.0,Annual
E102319,2025-04-01,458000.0,Annual
E102320,2022-10-27,822000.0,Hire
E102320,2024-04-01,901000.0,Annual
E102320,2025-04-01,1016000.0,Annual
E102321,2022-10-03,472000.0,Hire
E102321,2024-04-01,496000.0,Annual
E102321,2025-04-01,581000.0,Promotion
E102322,2022-10-02,468000.0,Hire
E102322,2023-04-01,536000.0,Annual
E102322,2024-04-01,572000.0,Annual
E102322,2025-04-01,673000.0,Promotion
E102323,2022-10-12,1467000.0,Hire
E102323,2024-04-01,1498000.0,Annual
E102323,2025-04-01,1533000.0,Annual
E102324,2022-10-23,663000.0,Hire
E102325,2022-10-14,482000.0,Hire
E102326,2022-10-26,4144000.0,Hire
E102326,2024-04-01,4425000.0,Annual
E102326,2025-04-01,4730000.0,Annual
E102327,2022-10-10,508000.0,Hire
E102327,2024-04-01,556000.0,Annual
E102328,2022-10-29,1020000.0,Hire
E102328,2024-04-01,1083000.0,Annual
E102328,2025-04-01,1083000.0,Annual
E102329,2022-10-22,777000.0,Hire
E102329,2024-04-01,829000.0,Annual
E102329,2025-04-01,908000.0,Annual
E102330,2022-10-23,522000.0,Hire
E102330,2024-04-01,570000.0,Annual
E102330,2025-04-01,602000.0,Annual
E102331,2022-10-18,2169000.0,Hire
E102331,2024-04-01,2169000.0,Annual
E102331,2025-04-01,2307000.0,Annual
E102332,2022-10-04,1827000.0,Hire
E102332,2024-04-01,1947000.0,Annual
E102333,2022-10-28,532000.0,Hire
E102333,2024-04-01,563000.0,Annual
E102333,2025-04-01,602000.0,Annual
E102334,2022-10-25,1155000.0,Hire
E102334,2024-04-01,1220000.0,Annual
E102335,2022-10-26,1344000.0,Hire
E102335,2024-04-01,1370000.0,Annual
E102336,2022-11-07,873000.0,Hire
E102337,2022-11-05,2186000.0,Hire
E102337,2024-04-01,2390000.0,Annual
E102337,2025-04-01,2557000.0,Annual
E102338,2022-11-08,3835000.0,Hire
E102338,2024-04-01,4035000.0,Annual
E102339,2022-11-01,472000.0,Hire
E102340,2022-11-17,1316000.0,Hire
E102340,2024-04-01,1386000.0,Annual
E102340,2025-04-01,1468000.0,Annual
E102341,2022-11-19,1596000.0,Hire
E102341,2024-04-01,1634000.0,Annual
E102341,2025-04-01,1754000.0,Annual
E102342,2022-11-14,1904000.0,Hire
E102342,2024-04-01,2004000.0,Annual
E102343,2022-11-12,374000.0,Hire
E102343,2024-04-01,383000.0,Annual
E102344,2022-11-20,1539000.0,Hire
E102344,2024-04-01,1621000.0,Annual
E102344,2025-04-01,1716000.0,Annual
E102345,2022-11-11,507000.0,Hire
E102345,2024-04-01,548000.0,Annual
E102345,2025-04-01,583000.0,Annual
E102346,2022-11-16,2625000.0,Hire
E102346,2024-04-01,2682000.0,Annual
E102346,2025-04-01,2845000.0,Annual
E102347,2022-11-27,776000.0,Hire
E102347,2024-04-01,838000.0,Annual
E102347,2025-04-01,939000.0,Annual
E102348,2022-11-24,950000.0,Hire
E102349,2022-11-24,1033000.0,Hire
E102349,2024-04-01,1130000.0,Annual
E102349,2025-04-01,1193000.0,Annual
E102350,2022-11-28,1227000.0,Hire
E102350,2024-04-01,1227000.0,Annual
E102350,2025-04-01,1257000.0,Annual
E102351,2022-11-03,532000.0,Hire
E102351,2024-04-01,542000.0,Annual
E102351,2025-04-01,572000.0,Annual
E102352,2022-11-08,581000.0,Hire
E102352,2024-04-01,592000.0,Annual
E102352,2025-04-01,592000.0,Annual
E102353,2022-11-08,1685000.0,Hire
E102353,2024-04-01,1793000.0,Annual
E102353,2025-04-01,2114000.0,Promotion
E102354,2022-11-05,426000.0,Hire
E102354,2024-04-01,451000.0,Annual
E102355,2022-11-28,776000.0,Hire
E102355,2024-04-01,776000.0,Annual
E102356,2022-11-04,1966000.0,Hire
E102356,2024-04-01,2006000.0,Annual
E102357,2022-11-03,996000.0,Hire
E102358,2022-11-04,1591000.0,Hire
E102358,2024-04-01,1694000.0,Annual
E102359,2022-11-21,2362000.0,Hire
E102359,2024-04-01,2604000.0,Annual
E102360,2022-11-16,501000.0,Hire
E102361,2022-11-27,1566000.0,Hire
E102362,2022-11-01,712000.0,Hire
E102363,2022-11-22,959000.0,Hire
E102363,2024-04-01,1014000.0,Annual
E102364,2022-11-13,2175000.0,Hire
E102364,2024-04-01,2371000.0,Annual
E102364,2025-04-01,2843000.0,Promotion
E102365,2022-11-16,1031000.0,Hire
E102365,2024-04-01,1097000.0,Annual
E102365,2025-04-01,1175000.0,Annual
E102366,2022-11-03,924000.0,Hire
E102366,2024-04-01,942000.0,Annual
E102366,2025-04-01,942000.0,Annual
E102367,2022-11-10,1022000.0,Hire
E102367,2024-04-01,1123000.0,Annual
E102367,2025-04-01,1200000.0,Annual
E102368,2022-11-14,824000.0,Hire
E102369,2022-11-03,697000.0,Hire
E102370,2022-11-09,698000.0,Hire
E102371,2022-11-03,561000.0,Hire
E102371,2024-04-01,594000.0,Annual
E102371,2025-04-01,636000.0,Annual
E102372,2022-11-24,784000.0,Hire
E102372,2024-04-01,829000.0,Annual
E102372,2025-04-01,879000.0,Annual
E102373,2022-11-21,3947000.0,Hire
E102373,2024-04-01,4190000.0,Annual
E102374,2022-11-28,829000.0,Hire
E102374,2024-04-01,875000.0,Annual
E102374,2025-04-01,936000.0,Annual
E102375,2022-11-23,887000.0,Hire
E102375,2024-04-01,962000.0,Annual
E102375,2025-04-01,1053000.0,Annual
E102376,2022-11-17,774000.0,Hire
E102376,2024-04-01,820000.0,Annual
E102377,2022-11-21,1631000.0,Hire
E102377,2024-04-01,1716000.0,Annual
E102378,2022-11-07,934000.0,Hire
E102378,2024-04-01,1005000.0,Annual
E102379,2022-11-19,568000.0,Hire
E102379,2024-04-01,600000.0,Annual
E102379,2025-04-01,639000.0,Annual
E102380,2022-11-11,496000.0,Hire
E102380,2024-04-01,523000.0,Annual
E102380,2025-04-01,554000.0,Annual
E102381,2022-11-11,352000.0,Hire
E102381,2024-04-01,389000.0,Annual
E102381,2025-04-01,442000.0,Annual
E102382,2022-11-20,496000.0,Hire
E102382,2024-04-01,528000.0,Annual
E102382,2025-04-01,560000.0,Annual
E102383,2022-12-03,3476000.0,Hire
E102383,2024-04-01,3698000.0,Annual
E102383,2025-04-01,3923000.0,Annual
E102384,2022-12-31,1373000.0,Hire
E102384,2024-04-01,1457000.0,Annual
E102384,2025-04-01,1547000.0,Annual
E102385,2022-12-22,745000.0,Hire
E102386,2022-12-08,1554000.0,Hire
E102386,2024-04-01,1590000.0,Annual
E102386,2025-04-01,1747000.0,Annual
E102387,2022-12-22,2541000.0,Hire
E102387,2024-04-01,2681000.0,Annual
E102387,2025-04-01,2872000.0,Annual
E102388,2022-12-16,4241000.0,Hire
E102388,2024-04-01,4461000.0,Annual
E102388,2025-04-01,4875000.0,Annual
E102389,2022-12-29,722000.0,Hire
E102390,2022-12-16,403000.0,Hire
E102390,2024-04-01,431000.0,Annual
E102390,2025-04-01,466000.0,Annual
E102391,2022-12-10,903000.0,Hire
E102392,2022-12-06,897000.0,Hire
E102392,2024-04-01,967000.0,Annual
E102393,2022-12-05,521000.0,Hire
E102394,2022-12-28,556000.0,Hire
E102394,2024-04-01,601000.0,Annual
E102394,2025-04-01,638000.0,Annual
E102395,2022-12-02,436000.0,Hire
E102395,2024-04-01,462000.0,Annual
E102395,2025-04-01,495000.0,Annual
E102396,2022-12-30,2411000.0,Hire
E102396,2024-04-01,2612000.0,Annual
E102397,2022-12-31,1417000.0,Hire
E102397,2024-04-01,1447000.0,Annual
E102397,2025-04-01,1536000.0,Annual
E102398,2022-12-25,2419000.0,Hire
E102398,2024-04-01,2562000.0,Annual
E102398,2025-04-01,2734000.0,Annual
E102399,2022-12-21,1323000.0,Hire
E102399,2024-04-01,1396000.0,Annual
E102399,2025-04-01,1532000.0,Annual
E102400,2022-12-26,703000.0,Hire
E102400,2024-04-01,773000.0,Annual
E102401,2022-12-05,3949000.0,Hire
E102402,2022-12-04,923000.0,Hire
E102402,2024-04-01,1004000.0,Annual
E102402,2025-04-01,1070000.0,Annual
E102403,2022-12-19,1390000.0,Hire
E102403,2024-04-01,1390000.0,Annual
E102404,2022-12-28,585000.0,Hire
E102404,2024-04-01,596000.0,Annual
E102404,2025-04-01,629000.0,Annual
E102405,2022-12-19,1519000.0,Hire
E102405,2024-04-01,1715000.0,Annual
E102405,2025-04-01,1914000.0,Annual
E102406,2022-12-01,831000.0,Hire
E102406,2024-04-01,884000.0,Annual
E102407,2022-12-08,816000.0,Hire
E102407,2024-04-01,859000.0,Annual
E102407,2025-04-01,907000.0,Annual
E102408,2022-12-20,1248000.0,Hire
E102408,2024-04-01,1322000.0,Annual
E102409,2022-12-25,2501000.0,Hire
E102409,2024-04-01,2501000.0,Annual
E102409,2025-04-01,2653000.0,Annual
E102410,2022-12-22,1356000.0,Hire
E102410,2024-04-01,1382000.0,Annual
E102411,2022-12-14,1016000.0,Hire
E102411,2024-04-01,1071000.0,Annual
E102411,2025-04-01,1138000.0,Annual
E102412,2022-12-10,1449000.0,Hire
E102412,2024-04-01,1483000.0,Annual
E102412,2025-04-01,1571000.0,Annual
E102413,2022-12-06,477000.0,Hire
E102413,2024-04-01,504000.0,Annual
E102413,2025-04-01,538000.0,Annual
E102414,2022-12-05,1110000.0,Hire
E102414,2024-04-01,1185000.0,Annual
E102414,2025-04-01,1215000.0,Annual
E102415,2022-12-26,1330000.0,Hire
E102416,2022-12-19,790000.0,Hire
E102416,2024-04-01,849000.0,Annual
E102417,2022-12-18,1612000.0,Hire
E102417,2024-04-01,1752000.0,Annual
E102418,2022-12-12,467000.0,Hire
E102418,2024-04-01,499000.0,Annual
E102418,2025-04-01,511000.0,Annual
E102419,2022-12-27,2577000.0,Hire
E102419,2024-04-01,2916000.0,Annual
E102419,2025-04-01,3376000.0,Promotion
E102420,2022-12-18,1331000.0,Hire
E102420,2024-04-01,1362000.0,Annual
E102420,2025-04-01,1500000.0,Annual
E102421,2022-12-16,1373000.0,Hire
E102421,2024-04-01,1461000.0,Annual
E102421,2025-04-01,1559000.0,Annual
E102422,2022-12-19,849000.0,Hire
E102422,2024-04-01,893000.0,Annual
E102422,2025-04-01,947000.0,Annual
E102423,2023-01-15,2560000.0,Hire
E102423,2024-04-01,2696000.0,Annual
E102423,2025-04-01,2881000.0,Annual
E102424,2023-01-03,2206000.0,Hire
E102424,2024-04-01,2332000.0,Annual
E102425,2023-01-01,1980000.0,Hire
E102425,2024-04-01,2024000.0,Annual
E102426,2023-01-03,1595000.0,Hire
E102426,2024-04-01,1746000.0,Annual
E102426,2025-04-01,1955000.0,Annual
E102427,2023-01-15,499000.0,Hire
E102427,2024-04-01,545000.0,Annual
E102427,2025-04-01,584000.0,Annual
E102428,2023-01-14,786000.0,Hire
E102428,2024-04-01,832000.0,Annual
E102428,2025-04-01,902000.0,Annual
E102429,2023-01-01,439000.0,Hire
E102430,2023-01-25,1267000.0,Hire
E102430,2024-04-01,1364000.0,Annual
E102430,2025-04-01,1442000.0,Annual
E102431,2023-01-25,1477000.0,Hire
E102431,2024-04-01,1509000.0,Annual
E102432,2023-01-08,1457000.0,Hire
E102432,2024-04-01,1484000.0,Annual
E102433,2023-01-16,853000.0,Hire
E102434,2023-01-28,2089000.0,Hire
E102434,2024-04-01,2209000.0,Annual
E102435,2023-01-25,402000.0,Hire
E102435,2024-04-01,456000.0,Annual
E102435,2025-04-01,549000.0,Promotion
E102436,2023-01-03,1499000.0,Hire
E102437,2023-01-01,1415000.0,Hire
E102438,2023-01-22,473000.0,Hire
E102438,2024-04-01,505000.0,Annual
E102438,2025-04-01,542000.0,Annual
E102439,2023-01-06,1395000.0,Hire
E102439,2024-04-01,1580000.0,Annual
E102439,2025-04-01,1815000.0,Annual
E102440,2023-01-22,380000.0,Hire
E102441,2023-01-06,755000.0,Hire
E102442,2023-01-11,1063000.0,Hire
E102443,2023-01-12,928000.0,Hire
E102443,2024-04-01,980000.0,Annual
E102443,2025-04-01,1189000.0,Promotion
E102444,2023-01-01,466000.0,Hire
E102444,2024-04-01,477000.0,Annual
E102444,2025-04-01,477000.0,Annual
E102445,2023-01-07,709000.0,Hire
E102445,2024-04-01,778000.0,Annual
E102445,2025-04-01,916000.0,Promotion
E102446,2023-01-23,3993000.0,Hire
E102446,2024-04-01,4256000.0,Annual
E102446,2025-04-01,4506000.0,Annual
E102447,2023-01-23,1644000.0,Hire
E102447,2024-04-01,1748000.0,Annual
E102447,2025-04-01,1867000.0,Annual
E102448,2023-01-07,548000.0,Hire
E102448,2024-04-01,578000.0,Annual
E102448,2025-04-01,683000.0,Promotion
E102449,2023-01-01,1371000.0,Hire
E102449,2024-04-01,1460000.0,Annual
E102450,2023-01-24,833000.0,Hire
E102450,2024-04-01,883000.0,Annual
E102450,2025-04-01,942000.0,Annual
E102451,2023-01-09,787000.0,Hire
E102451,2024-04-01,833000.0,Annual
E102452,2023-01-11,384000.0,Hire
E102453,2023-01-23,1492000.0,Hire
E102454,2023-01-05,900000.0,Hire
E102454,2024-04-01,917000.0,Annual
E102454,2025-04-01,936000.0,Annual
E102455,2023-01-12,728000.0,Hire
E102455,2024-04-01,777000.0,Annual
E102455,2025-04-01,821000.0,Annual
E102456,2023-01-21,1436000.0,Hire
E102456,2024-04-01,1512000.0,Annual
E102456,2025-04-01,1659000.0,Annual
E102457,2023-01-25,1490000.0,Hire
E102457,2024-04-01,1586000.0,Annual
E102458,2023-01-26,534000.0,Hire
E102458,2024-04-01,534000.0,Annual
E102459,2023-01-20,473000.0,Hire
E102459,2024-04-01,508000.0,Annual
E102459,2025-04-01,600000.0,Promotion
E102460,2023-01-03,873000.0,Hire
E102460,2024-04-01,948000.0,Annual
E102460,2025-04-01,1003000.0,Annual
E102461,2023-01-27,459000.0,Hire
E102461,2024-04-01,485000.0,Annual
E102461,2025-04-01,580000.0,Promotion
E102462,2023-01-02,1457000.0,Hire
E102463,2023-01-19,1285000.0,Hire
E102463,2024-04-01,1413000.0,Annual
E102464,2023-01-29,885000.0,Hire
E102464,2024-04-01,964000.0,Annual
E102464,2025-04-01,1155000.0,Promotion
E102465,2023-01-28,1563000.0,Hire
E102465,2024-04-01,1686000.0,Annual
E102466,2023-02-08,2055000.0,Hire
E102466,2024-04-01,2173000.0,Annual
E102466,2025-04-01,2565000.0,Promotion
E102467,2023-02-03,926000.0,Hire
E102467,2024-04-01,945000.0,Annual
E102467,2025-04-01,966000.0,Annual
E102468,2023-02-05,550000.0,Hire
E102468,2024-04-01,621000.0,Annual
E102468,2025-04-01,695000.0,Annual
E102469,2023-02-08,432000.0,Hire
E102470,2023-02-08,1010000.0,Hire
E102470,2024-04-01,1106000.0,Annual
E102471,2023-02-02,655000.0,Hire
E102472,2023-02-01,403000.0,Hire
E102472,2024-04-01,440000.0,Annual
E102472,2025-04-01,467000.0,Annual
E102473,2023-02-06,871000.0,Hire
E102473,2024-04-01,953000.0,Annual
E102473,2025-04-01,1125000.0,Promotion
E102474,2023-02-24,764000.0,Hire
E102474,2024-04-01,782000.0,Annual
E102474,2025-04-01,782000.0,Annual
E102475,2023-02-12,897000.0,Hire
E102476,2023-02-18,898000.0,Hire
E102476,2024-04-01,988000.0,Annual
E102476,2025-04-01,1057000.0,Annual
E102477,2023-02-20,789000.0,Hire
E102478,2023-02-19,362000.0,Hire
E102478,2024-04-01,385000.0,Annual
E102478,2025-04-01,463000.0,Promotion
E102479,2023-02-25,2493000.0,Hire
E102479,2024-04-01,2624000.0,Annual
E102479,2025-04-01,2782000.0,Annual
E102480,2023-02-13,622000.0,Hire
E102480,2024-04-01,634000.0,Annual
E102480,2025-04-01,648000.0,Annual
E102481,2023-02-28,556000.0,Hire
E102481,2024-04-01,605000.0,Annual
E102481,2025-04-01,650000.0,Annual
E102482,2023-02-23,814000.0,Hire
E102482,2024-04-01,878000.0,Annual
E102483,2023-02-04,934000.0,Hire
E102483,2024-04-01,988000.0,Annual
E102483,2025-04-01,1014000.0,Annual
E102484,2023-02-23,456000.0,Hire
E102484,2024-04-01,486000.0,Annual
E102484,2025-04-01,572000.0,Promotion
E102485,2023-02-23,951000.0,Hire
E102485,2024-04-01,1016000.0,Annual
E102485,2025-04-01,1078000.0,Annual
E102486,2023-02-24,695000.0,Hire
E102486,2024-04-01,708000.0,Annual
E102486,2025-04-01,724000.0,Annual
E102487,2023-02-22,562000.0,Hire
E102487,2024-04-01,607000.0,Annual
E102487,2025-04-01,703000.0,Promotion
E102488,2023-02-13,580000.0,Hire
E102488,2024-04-01,620000.0,Annual
E102488,2025-04-01,729000.0,Promotion
E102489,2023-02-18,2570000.0,Hire
E102489,2024-04-01,2791000.0,Annual
E102490,2023-02-08,2705000.0,Hire
E102490,2024-04-01,3023000.0,Annual
E102490,2025-04-01,3629000.0,Promotion
E102491,2023-02-26,898000.0,Hire
E102491,2024-04-01,952000.0,Annual
E102491,2025-04-01,1035000.0,Annual
E102492,2023-02-25,979000.0,Hire
E102492,2024-04-01,1068000.0,Annual
E102492,2025-04-01,1132000.0,Annual
E102493,2023-02-20,442000.0,Hire
E102494,2023-03-29,1902000.0,Hire
E102494,2024-04-01,2023000.0,Annual
E102494,2025-04-01,2148000.0,Annual
E102495,2023-03-06,1014000.0,Hire
E102495,2024-04-01,1071000.0,Annual
E102495,2025-04-01,1142000.0,Annual
E102496,2023-03-01,1330000.0,Hire
E102496,2024-04-01,1413000.0,Annual
E102496,2025-04-01,1505000.0,Annual
E102497,2023-03-30,1425000.0,Hire
E102497,2024-04-01,1510000.0,Annual
E102497,2025-04-01,1607000.0,Annual
E102498,2023-03-19,2258000.0,Hire
E102498,2024-04-01,2310000.0,Annual
E102498,2025-04-01,2460000.0,Annual
E102499,2023-03-02,928000.0,Hire
E102499,2024-04-01,991000.0,Annual
E102500,2023-03-04,901000.0,Hire
E102500,2024-04-01,954000.0,Annual
E102500,2025-04-01,1012000.0,Annual
E102501,2023-03-02,2186000.0,Hire
E102501,2024-04-01,2392000.0,Annual
E102501,2025-04-01,2818000.0,Promotion
E102502,2023-03-28,1528000.0,Hire
E102503,2023-03-29,1371000.0,Hire
E102503,2024-04-01,1519000.0,Annual
E102503,2025-04-01,1552000.0,Annual
E102504,2023-03-10,453000.0,Hire
E102504,2024-04-01,483000.0,Annual
E102504,2025-04-01,517000.0,Annual
E102505,2023-03-17,2739000.0,Hire
E102505,2024-04-01,2986000.0,Annual
E102505,2025-04-01,3169000.0,Annual
E102506,2023-03-21,6819000.0,Hire
E102506,2024-04-01,7443000.0,Annual
E102506,2025-04-01,7898000.0,Annual
E102507,2023-03-22,525000.0,Hire
E102507,2024-04-01,568000.0,Annual
E102507,2025-04-01,637000.0,Annual
E102508,2023-03-31,1336000.0,Hire
E102509,2023-03-28,830000.0,Hire
E102509,2024-04-01,885000.0,Annual
E102509,2025-04-01,1066000.0,Promotion
E102510,2023-03-19,5969000.0,Hire
E102510,2024-04-01,6377000.0,Annual
E102510,2025-04-01,6823000.0,Annual
E102511,2023-03-03,738000.0,Hire
E102511,2024-04-01,778000.0,Annual
E102511,2025-04-01,861000.0,Annual
E102512,2023-03-14,886000.0,Hire
E102512,2024-04-01,965000.0,Annual
E102512,2025-04-01,1029000.0,Annual
E102513,2023-03-02,569000.0,Hire
E102514,2023-03-17,724000.0,Hire
E102514,2024-04-01,767000.0,Annual
E102514,2025-04-01,813000.0,Annual
E102515,2023-03-13,5190000.0,Hire
E102515,2024-04-01,5541000.0,Annual
E102515,2025-04-01,5896000.0,Annual
E102516,2023-03-25,1794000.0,Hire
E102516,2024-04-01,1893000.0,Annual
E102516,2025-04-01,2014000.0,Annual
E102517,2023-03-02,471000.0,Hire
E102518,2023-03-16,1224000.0,Hire
E102518,2024-04-01,1339000.0,Annual
E102518,2025-04-01,1417000.0,Annual
E102519,2023-03-01,571000.0,Hire
E102519,2024-04-01,604000.0,Annual
E102519,2025-04-01,643000.0,Annual
E102520,2023-03-11,1093000.0,Hire
E102520,2024-04-01,1189000.0,Annual
E102520,2025-04-01,1255000.0,Annual
E102521,2023-03-29,781000.0,Hire
E102521,2024-04-01,856000.0,Annual
E102521,2025-04-01,1009000.0,Promotion
E102522,2023-03-28,630000.0,Hire
E102522,2024-04-01,691000.0,Annual
E102523,2023-03-09,1464000.0,Hire
E102524,2023-03-18,415000.0,Hire
E102524,2024-04-01,438000.0,Annual
E102525,2023-03-25,968000.0,Hire
E102526,2023-03-21,403000.0,Hire
E102527,2023-03-03,742000.0,Hire
E102527,2024-04-01,783000.0,Annual
E102527,2025-04-01,867000.0,Annual
E102528,2023-03-21,956000.0,Hire
E102528,2024-04-01,973000.0,Annual
E102528,2025-04-01,1034000.0,Annual
E102529,2023-03-11,1382000.0,Hire
E102529,2024-04-01,1413000.0,Annual
E102530,2023-03-21,3188000.0,Hire
E102530,2024-04-01,3424000.0,Annual
E102530,2025-04-01,3755000.0,Annual
E102531,2023-03-23,871000.0,Hire
E102531,2024-04-01,918000.0,Annual
E102532,2023-03-28,847000.0,Hire
E102532,2024-04-01,900000.0,Annual
E102532,2025-04-01,900000.0,Annual
E102533,2023-03-12,878000.0,Hire
E102533,2024-04-01,878000.0,Annual
E102534,2023-03-19,1528000.0,Hire
E102535,2023-03-31,749000.0,Hire
E102535,2024-04-01,796000.0,Annual
E102535,2025-04-01,854000.0,Annual
E102536,2023-03-30,502000.0,Hire
E102536,2024-04-01,512000.0,Annual
E102536,2025-04-01,543000.0,Annual
E102537,2023-03-31,880000.0,Hire
E102537,2024-04-01,880000.0,Annual
E102537,2025-04-01,898000.0,Annual
E102538,2023-03-17,865000.0,Hire
E102538,2024-04-01,921000.0,Annual
E102538,2025-04-01,1020000.0,Annual
E102539,2023-03-24,897000.0,Hire
E102539,2024-04-01,964000.0,Annual
E102539,2025-04-01,1093000.0,Annual
E102540,2023-04-26,3540000.0,Hire
E102540,2024-04-01,3776000.0,Annual
E102541,2023-04-16,2046000.0,Hire
E102541,2024-04-01,2094000.0,Annual
E102541,2025-04-01,2247000.0,Annual
E102542,2023-04-04,2394000.0,Hire
E102543,2023-04-06,1075000.0,Hire
E102543,2024-04-01,1142000.0,Annual
E102543,2025-04-01,1171000.0,Annual
E102544,2023-04-30,1578000.0,Hire
E102544,2024-04-01,1752000.0,Annual
E102544,2025-04-01,1935000.0,Annual
E102545,2023-04-23,387000.0,Hire
E102545,2024-04-01,418000.0,Annual
E102545,2025-04-01,461000.0,Annual
E102546,2023-04-23,6286000.0,Hire
E102546,2024-04-01,6889000.0,Annual
E102547,2023-04-07,881000.0,Hire
E102547,2024-04-01,991000.0,Annual
E102547,2025-04-01,1080000.0,Annual
E102548,2023-04-10,1648000.0,Hire
E102548,2024-04-01,1839000.0,Annual
E102548,2025-04-01,1973000.0,Annual
E102549,2023-04-29,748000.0,Hire
E102549,2024-04-01,805000.0,Annual
E102549,2025-04-01,854000.0,Annual
E102550,2023-04-01,1495000.0,Hire
E102550,2024-04-01,1526000.0,Annual
E102550,2025-04-01,1618000.0,Annual
E102551,2023-04-14,1568000.0,Hire
E102551,2024-04-01,1661000.0,Annual
E102551,2025-04-01,1661000.0,Annual
E102552,2023-04-18,576000.0,Hire
E102552,2024-04-01,606000.0,Annual
E102553,2023-04-03,564000.0,Hire
E102553,2024-04-01,577000.0,Annual
E102553,2025-04-01,591000.0,Annual
E102554,2023-04-23,1676000.0,Hire
E102555,2023-04-29,1718000.0,Hire
E102555,2024-04-01,1836000.0,Annual
E102555,2025-04-01,1876000.0,Annual
E102556,2023-04-09,817000.0,Hire
E102556,2024-04-01,832000.0,Annual
E102556,2025-04-01,832000.0,Annual
E102557,2023-04-27,491000.0,Hire
E102557,2024-04-01,503000.0,Annual
E102557,2025-04-01,515000.0,Annual
E102558,2023-04-13,790000.0,Hire
E102558,2024-04-01,849000.0,Annual
E102558,2025-04-01,952000.0,Annual
E102559,2023-04-13,860000.0,Hire
E102559,2024-04-01,919000.0,Annual
E102559,2025-04-01,1004000.0,Annual
E102560,2023-04-30,7438000.0,Hire
E102560,2024-04-01,7833000.0,Annual
E102560,2025-04-01,8540000.0,Annual
E102561,2023-04-24,1922000.0,Hire
E102561,2024-04-01,2044000.0,Annual
E102561,2025-04-01,2264000.0,Annual
E102562,2023-04-04,802000.0,Hire
E102562,2024-04-01,846000.0,Annual
E102562,2025-04-01,898000.0,Annual
E102563,2023-04-14,759000.0,Hire
E102563,2024-04-01,822000.0,Annual
E102563,2025-04-01,902000.0,Annual
E102564,2023-04-18,904000.0,Hire
E102564,2024-04-01,973000.0,Annual
E102565,2023-04-21,2438000.0,Hire
E102565,2024-04-01,2484000.0,Annual
E102565,2025-04-01,2654000.0,Annual
E102566,2023-04-15,2251000.0,Hire
E102566,2024-04-01,2389000.0,Annual
E102566,2025-04-01,2549000.0,Annual
E102567,2023-04-04,476000.0,Hire
E102567,2024-04-01,503000.0,Annual
E102567,2025-04-01,537000.0,Annual
E102568,2023-04-28,846000.0,Hire
E102568,2024-04-01,894000.0,Annual
E102568,2025-04-01,949000.0,Annual
E102569,2023-04-09,511000.0,Hire
E102569,2024-04-01,553000.0,Annual
E102569,2025-04-01,594000.0,Annual
E102570,2023-04-13,2592000.0,Hire
E102570,2024-04-01,2767000.0,Annual
E102570,2025-04-01,3223000.0,Promotion
E102571,2023-04-11,1144000.0,Hire
E102571,2024-04-01,1268000.0,Annual
E102572,2023-04-14,823000.0,Hire
E102572,2024-04-01,900000.0,Annual
E102572,2025-04-01,955000.0,Annual
E102573,2023-04-10,3994000.0,Hire
E102573,2024-04-01,4370000.0,Annual
E102573,2025-04-01,4683000.0,Annual
E102574,2023-04-16,6982000.0,Hire
E102574,2024-04-01,7388000.0,Annual
E102574,2025-04-01,7873000.0,Annual
E102575,2023-04-12,1646000.0,Hire
E102575,2024-04-01,1684000.0,Annual
E102575,2025-04-01,1791000.0,Annual
E102576,2023-04-26,1811000.0,Hire
E102576,2024-04-01,1933000.0,Annual
E102576,2025-04-01,2057000.0,Annual
E102577,2023-05-23,2260000.0,Hire
E102577,2024-04-01,2260000.0,Annual
E102578,2023-05-13,1629000.0,Hire
E102578,2024-04-01,1664000.0,Annual
E102578,2025-04-01,1664000.0,Annual
E102579,2023-05-13,3012000.0,Hire
E102579,2024-04-01,3276000.0,Annual
E102579,2025-04-01,3458000.0,Annual
E102580,2023-05-04,467000.0,Hire
E102580,2024-04-01,502000.0,Annual
E102580,2025-04-01,538000.0,Annual
E102581,2023-05-18,3972000.0,Hire
E102581,2024-04-01,4233000.0,Annual
E102581,2025-04-01,4532000.0,Annual
E102582,2023-05-11,548000.0,Hire
E102583,2023-05-12,640000.0,Hire
E102584,2023-05-26,2143000.0,Hire
E102584,2024-04-01,2258000.0,Annual
E102585,2023-05-23,1032000.0,Hire
E102585,2024-04-01,1116000.0,Annual
E102585,2025-04-01,1338000.0,Promotion
E102586,2023-05-25,1758000.0,Hire
E102587,2023-05-22,1836000.0,Hire
E102587,2024-04-01,2086000.0,Annual
E102587,2025-04-01,2477000.0,Promotion
E102588,2023-05-22,492000.0,Hire
E102588,2024-04-01,520000.0,Annual
E102588,2025-04-01,563000.0,Annual
E102589,2023-05-01,1805000.0,Hire
E102589,2024-04-01,1805000.0,Annual
E102589,2025-04-01,1842000.0,Annual
E102590,2023-05-23,2679000.0,Hire
E102590,2024-04-01,2739000.0,Annual
E102590,2025-04-01,2937000.0,Annual
E102591,2023-05-18,1412000.0,Hire
E102591,2024-04-01,1412000.0,Annual
E102591,2025-04-01,1412000.0,Annual
E102592,2023-05-15,391000.0,Hire
E102592,2024-04-01,428000.0,Annual
E102593,2023-05-12,992000.0,Hire
E102593,2024-04-01,1049000.0,Annual
E102593,2025-04-01,1115000.0,Annual
E102594,2023-05-01,1572000.0,Hire
E102594,2024-04-01,1605000.0,Annual
E102594,2025-04-01,1717000.0,Annual
E102595,2023-05-20,1285000.0,Hire
E102596,2023-05-11,1814000.0,Hire
E102596,2024-04-01,1952000.0,Annual
E102596,2025-04-01,2069000.0,Annual
E102597,2023-05-06,459000.0,Hire
E102597,2024-04-01,483000.0,Annual
E102598,2023-05-21,1669000.0,Hire
E102598,2024-04-01,1853000.0,Annual
E102599,2023-05-20,2116000.0,Hire
E102599,2024-04-01,2254000.0,Annual
E102599,2025-04-01,2254000.0,Annual
E102600,2023-05-05,782000.0,Hire
E102600,2024-04-01,825000.0,Annual
E102600,2025-04-01,919000.0,Annual
E102601,2023-05-13,1279000.0,Hire
E102601,2024-04-01,1360000.0,Annual
E102601,2025-04-01,1444000.0,Annual
E102602,2023-05-10,2576000.0,Hire
E102602,2024-04-01,2717000.0,Annual
E102602,2025-04-01,2781000.0,Annual
E102603,2023-05-12,547000.0,Hire
E102603,2024-04-01,601000.0,Annual
E102603,2025-04-01,640000.0,Annual
E102604,2023-05-18,1040000.0,Hire
E102604,2024-04-01,1065000.0,Annual
E102604,2025-04-01,1129000.0,Annual
E102605,2023-05-31,1462000.0,Hire
E102605,2024-04-01,1571000.0,Annual
E102605,2025-04-01,1666000.0,Annual
E102606,2023-05-08,1269000.0,Hire
E102606,2024-04-01,1352000.0,Annual
E102606,2025-04-01,1438000.0,Annual
E102607,2023-05-12,843000.0,Hire
E102607,2024-04-01,862000.0,Annual
E102607,2025-04-01,1019000.0,Promotion
E102608,2023-05-03,1072000.0,Hire
E102608,2024-04-01,1094000.0,Annual
E102608,2025-04-01,1167000.0,Annual
E102609,2023-05-29,888000.0,Hire
E102609,2024-04-01,969000.0,Annual
E102609,2025-04-01,1086000.0,Annual
E102610,2023-05-30,922000.0,Hire
E102610,2024-04-01,974000.0,Annual
E102610,2025-04-01,1121000.0,Promotion
E102611,2023-05-24,484000.0,Hire
E102612,2023-05-27,506000.0,Hire
E102612,2024-04-01,516000.0,Annual
E102612,2025-04-01,546000.0,Annual
E102613,2023-05-12,544000.0,Hire
E102613,2024-04-01,556000.0,Annual
E102613,2025-04-01,596000.0,Annual
E102614,2023-05-31,1763000.0,Hire
E102614,2024-04-01,1874000.0,Annual
E102614,2025-04-01,1912000.0,Annual
E102615,2023-05-22,872000.0,Hire
E102615,2024-04-01,922000.0,Annual
E102615,2025-04-01,1112000.0,Promotion
E102616,2023-06-14,2540000.0,Hire
E102616,2024-04-01,2686000.0,Annual
E102617,2023-06-19,2090000.0,Hire
E102617,2024-04-01,2378000.0,Annual
E102617,2025-04-01,2781000.0,Promotion
E102618,2023-06-29,3576000.0,Hire
E102618,2024-04-01,3789000.0,Annual
E102618,2025-04-01,4028000.0,Annual
E102619,2023-06-13,1680000.0,Hire
E102619,2024-04-01,1871000.0,Annual
E102619,2025-04-01,2280000.0,Promotion
E102620,2023-06-10,835000.0,Hire
E102620,2024-04-01,878000.0,Annual
E102620,2025-04-01,927000.0,Annual
E102621,2023-06-03,839000.0,Hire
E102621,2024-04-01,930000.0,Annual
E102621,2025-04-01,1026000.0,Annual
E102622,2023-06-09,1137000.0,Hire
E102622,2024-04-01,1137000.0,Annual
E102622,2025-04-01,1203000.0,Annual
E102623,2023-06-19,2764000.0,Hire
E102623,2024-04-01,3016000.0,Annual
E102623,2025-04-01,3299000.0,Annual
E102624,2023-06-23,488000.0,Hire
E102624,2024-04-01,536000.0,Annual
E102624,2025-04-01,570000.0,Annual
E102625,2023-06-26,730000.0,Hire
E102625,2024-04-01,743000.0,Annual
E102625,2025-04-01,759000.0,Annual
E102626,2023-06-15,511000.0,Hire
E102626,2024-04-01,555000.0,Annual
E102626,2025-04-01,656000.0,Promotion
E102627,2023-06-04,572000.0,Hire
E102627,2024-04-01,585000.0,Annual
E102627,2025-04-01,625000.0,Annual
E102628,2023-06-17,870000.0,Hire
E102629,2023-06-18,917000.0,Hire
E102630,2023-06-11,992000.0,Hire
E102630,2024-04-01,1060000.0,Annual
E102631,2023-06-29,1437000.0,Hire
E102631,2024-04-01,1523000.0,Annual
E102631,2025-04-01,1713000.0,Annual
E102632,2023-06-01,934000.0,Hire
E102632,2024-04-01,952000.0,Annual
E102632,2025-04-01,1009000.0,Annual
E102633,2023-06-29,1493000.0,Hire
E102633,2024-04-01,1624000.0,Annual
E102633,2025-04-01,1743000.0,Annual
E102634,2023-06-06,1623000.0,Hire
E102634,2024-04-01,1774000.0,Annual
E102635,2023-06-03,597000.0,Hire
E102635,2024-04-01,668000.0,Annual
E102635,2025-04-01,734000.0,Annual
E102636,2023-06-23,1671000.0,Hire
E102636,2024-04-01,1762000.0,Annual
E102636,2025-04-01,1889000.0,Annual
E102637,2023-06-11,967000.0,Hire
E102637,2024-04-01,1059000.0,Annual
E102638,2023-06-14,885000.0,Hire
E102639,2023-06-02,1041000.0,Hire
E102639,2024-04-01,1106000.0,Annual
E102639,2025-04-01,1221000.0,Annual
E102640,2023-06-29,608000.0,Hire
E102641,2023-06-23,1005000.0,Hire
E102641,2024-04-01,1072000.0,Annual
E102641,2025-04-01,1140000.0,Annual
E102642,2023-06-23,1413000.0,Hire
E102642,2024-04-01,1529000.0,Annual
E102642,2025-04-01,1626000.0,Annual
E102643,2023-06-16,834000.0,Hire
E102643,2024-04-01,834000.0,Annual
E102644,2023-06-29,526000.0,Hire
E102644,2024-04-01,562000.0,Annual
E102644,2025-04-01,685000.0,Promotion
E102645,2023-07-30,2701000.0,Hire
E102645,2024-04-01,2947000.0,Annual
E102645,2025-04-01,3217000.0,Annual
E102646,2023-07-16,1892000.0,Hire
E102646,2024-04-01,2016000.0,Annual
E102646,2025-04-01,2218000.0,Annual
E102647,2023-07-07,1834000.0,Hire
E102647,2024-04-01,2008000.0,Annual
E102647,2025-04-01,2175000.0,Annual
E102648,2023-07-15,2979000.0,Hire
E102648,2024-04-01,3156000.0,Annual
E102648,2025-04-01,3156000.0,Annual
E102649,2023-07-27,793000.0,Hire
E102649,2024-04-01,871000.0,Annual
E102650,2023-07-18,1746000.0,Hire
E102650,2024-04-01,1879000.0,Annual
E102650,2025-04-01,2194000.0,Promotion
E102651,2023-07-02,786000.0,Hire
E102652,2023-07-14,775000.0,Hire
E102652,2024-04-01,828000.0,Annual
E102653,2023-07-06,2712000.0,Hire
E102653,2024-04-01,2854000.0,Annual
E102653,2025-04-01,3057000.0,Annual
E102654,2023-07-17,1042000.0,Hire
E102655,2023-07-10,2599000.0,Hire
E102655,2024-04-01,2773000.0,Annual
E102655,2025-04-01,2944000.0,Annual
E102656,2023-07-03,976000.0,Hire
E102656,2024-04-01,1094000.0,Annual
E102657,2023-07-09,1013000.0,Hire
E102657,2024-04-01,1080000.0,Annual
E102657,2025-04-01,1150000.0,Annual
E102658,2023-07-25,1541000.0,Hire
E102658,2024-04-01,1686000.0,Annual
E102658,2025-04-01,1976000.0,Promotion
E102659,2023-07-11,1491000.0,Hire
E102659,2024-04-01,1583000.0,Annual
E102659,2025-04-01,1727000.0,Annual
E102660,2023-07-05,809000.0,Hire
E102660,2024-04-01,827000.0,Annual
E102660,2025-04-01,873000.0,Annual
E102661,2023-07-17,789000.0,Hire
E102661,2024-04-01,806000.0,Annual
E102661,2025-04-01,826000.0,Annual
E102662,2023-07-07,998000.0,Hire
E102662,2024-04-01,1065000.0,Annual
E102662,2025-04-01,1139000.0,Annual
E102663,2023-07-29,940000.0,Hire
E102663,2024-04-01,1029000.0,Annual
E102663,2025-04-01,1101000.0,Annual
E102664,2023-07-06,1021000.0,Hire
E102664,2024-04-01,1105000.0,Annual
E102664,2025-04-01,1211000.0,Annual
E102665,2023-07-11,881000.0,Hire
E102665,2024-04-01,956000.0,Annual
E102666,2023-07-31,1634000.0,Hire
E102666,2024-04-01,1743000.0,Annual
E102666,2025-04-01,1841000.0,Annual
E102667,2023-07-24,471000.0,Hire
E102667,2024-04-01,497000.0,Annual
E102667,2025-04-01,541000.0,Annual
E102668,2023-07-03,608000.0,Hire
E102668,2024-04-01,608000.0,Annual
E102668,2025-04-01,652000.0,Annual
E102669,2023-07-06,827000.0,Hire
E102669,2024-04-01,884000.0,Annual
E102669,2025-04-01,884000.0,Annual
E102670,2023-07-10,2268000.0,Hire
E102670,2024-04-01,2385000.0,Annual
E102670,2025-04-01,2553000.0,Annual
E102671,2023-07-20,560000.0,Hire
E102671,2024-04-01,595000.0,Annual
E102671,2025-04-01,634000.0,Annual
E102672,2023-07-14,1645000.0,Hire
E102672,2024-04-01,1804000.0,Annual
E102672,2025-04-01,1907000.0,Annual
E102673,2023-07-27,538000.0,Hire
E102673,2024-04-01,538000.0,Annual
E102673,2025-04-01,552000.0,Annual
E102674,2023-07-31,935000.0,Hire
E102674,2024-04-01,992000.0,Annual
E102674,2025-04-01,1157000.0,Promotion
E102675,2023-07-25,1044000.0,Hire
E102675,2024-04-01,1069000.0,Annual
E102675,2025-04-01,1265000.0,Promotion
E102676,2023-08-09,1353000.0,Hire
E102676,2024-04-01,1482000.0,Annual
E102676,2025-04-01,1582000.0,Annual
E102677,2023-08-05,490000.0,Hire
E102677,2024-04-01,523000.0,Annual
E102677,2025-04-01,554000.0,Annual
E102678,2023-08-10,461000.0,Hire
E102678,2024-04-01,499000.0,Annual
E102678,2025-04-01,565000.0,Annual
E102679,2023-08-04,629000.0,Hire
E102679,2024-04-01,665000.0,Annual
E102679,2025-04-01,708000.0,Annual
E102680,2023-08-15,518000.0,Hire
E102680,2024-04-01,582000.0,Annual
E102680,2025-04-01,679000.0,Promotion
E102681,2023-08-07,649000.0,Hire
E102681,2024-04-01,704000.0,Annual
E102681,2025-04-01,743000.0,Annual
E102682,2023-08-16,508000.0,Hire
E102682,2024-04-01,518000.0,Annual
E102683,2023-08-03,521000.0,Hire
E102683,2024-04-01,532000.0,Annual
E102683,2025-04-01,544000.0,Annual
E102684,2023-08-20,454000.0,Hire
E102684,2024-04-01,485000.0,Annual
E102685,2023-08-03,492000.0,Hire
E102685,2024-04-01,503000.0,Annual
E102685,2025-04-01,531000.0,Annual
E102686,2023-08-13,442000.0,Hire
E102686,2024-04-01,499000.0,Annual
E102686,2025-04-01,543000.0,Annual
E102687,2023-08-16,394000.0,Hire
E102687,2024-04-01,403000.0,Annual
E102687,2025-04-01,482000.0,Promotion
E102688,2023-08-19,577000.0,Hire
E102689,2023-08-20,564000.0,Hire
E102689,2024-04-01,594000.0,Annual
E102689,2025-04-01,628000.0,Annual
E102690,2023-08-15,527000.0,Hire
E102690,2024-04-01,538000.0,Annual
E102691,2023-08-06,481000.0,Hire
E102691,2024-04-01,514000.0,Annual
E102691,2025-04-01,546000.0,Annual
E102692,2023-08-16,428000.0,Hire
E102692,2024-04-01,460000.0,Annual
E102693,2023-08-06,624000.0,Hire
E102693,2024-04-01,666000.0,Annual
E102693,2025-04-01,666000.0,Annual
E102694,2023-08-05,413000.0,Hire
E102694,2024-04-01,437000.0,Annual
E102694,2025-04-01,465000.0,Annual
E102695,2023-08-05,508000.0,Hire
E102695,2024-04-01,543000.0,Annual
E102695,2025-04-01,543000.0,Annual
E102696,2023-08-01,496000.0,Hire
E102696,2024-04-01,506000.0,Annual
E102697,2023-08-17,499000.0,Hire
E102697,2024-04-01,525000.0,Annual
E102697,2025-04-01,626000.0,Promotion
E102698,2023-08-20,515000.0,Hire
E102698,2024-04-01,560000.0,Annual
E102698,2025-04-01,573000.0,Annual
E102699,2023-08-04,546000.0,Hire
E102699,2024-04-01,579000.0,Annual
E102699,2025-04-01,619000.0,Annual
E102700,2023-08-03,477000.0,Hire
E102700,2024-04-01,509000.0,Annual
E102700,2025-04-01,547000.0,Annual
E102701,2023-08-19,565000.0,Hire
E102701,2024-04-01,635000.0,Annual
E102701,2025-04-01,650000.0,Annual
E102702,2023-08-02,613000.0,Hire
E102702,2024-04-01,655000.0,Annual
E102702,2025-04-01,668000.0,Annual
E102703,2023-08-04,394000.0,Hire
E102703,2024-04-01,415000.0,Annual
E102703,2025-04-01,438000.0,Annual
E102704,2023-08-03,493000.0,Hire
E102704,2024-04-01,527000.0,Annual
E102704,2025-04-01,623000.0,Promotion
E102705,2023-08-02,478000.0,Hire
E102705,2024-04-01,510000.0,Annual
E102705,2025-04-01,521000.0,Annual
E102706,2023-08-11,480000.0,Hire
E102706,2024-04-01,506000.0,Annual
E102707,2023-08-05,499000.0,Hire
E102707,2024-04-01,509000.0,Annual
E102707,2025-04-01,519000.0,Annual
E102708,2023-08-17,521000.0,Hire
E102708,2024-04-01,549000.0,Annual
E102708,2025-04-01,587000.0,Annual
E102709,2023-08-18,603000.0,Hire
E102709,2024-04-01,616000.0,Annual
E102709,2025-04-01,630000.0,Annual
E102710,2023-08-12,431000.0,Hire
E102710,2024-04-01,458000.0,Annual
E102710,2025-04-01,504000.0,Annual
E102711,2023-08-02,384000.0,Hire
E102711,2024-04-01,409000.0,Annual
E102711,2025-04-01,439000.0,Annual
E102712,2023-08-06,500000.0,Hire
E102712,2024-04-01,532000.0,Annual
E102712,2025-04-01,563000.0,Annual
E102713,2023-08-07,456000.0,Hire
E102713,2024-04-01,466000.0,Annual
E102714,2023-08-16,478000.0,Hire
E102714,2024-04-01,511000.0,Annual
E102714,2025-04-01,522000.0,Annual
E102715,2023-08-11,496000.0,Hire
E102715,2024-04-01,523000.0,Annual
E102715,2025-04-01,533000.0,Annual
E102716,2023-08-03,528000.0,Hire
E102716,2024-04-01,571000.0,Annual
E102716,2025-04-01,651000.0,Annual
E102717,2023-08-06,461000.0,Hire
E102717,2024-04-01,471000.0,Annual
E102717,2025-04-01,483000.0,Annual
E102718,2023-08-06,486000.0,Hire
E102718,2024-04-01,533000.0,Annual
E102718,2025-04-01,604000.0,Annual
E102719,2023-08-17,526000.0,Hire
E102719,2024-04-01,555000.0,Annual
E102719,2025-04-01,588000.0,Annual
E102720,2023-08-05,454000.0,Hire
E102720,2024-04-01,484000.0,Annual
E102720,2025-04-01,520000.0,Annual
E102721,2023-08-13,444000.0,Hire
E102722,2023-08-16,521000.0,Hire
E102723,2023-08-10,477000.0,Hire
E102723,2024-04-01,486000.0,Annual
E102723,2025-04-01,518000.0,Annual
E102724,2023-08-16,526000.0,Hire
E102725,2023-08-10,431000.0,Hire
E102725,2024-04-01,460000.0,Annual
E102725,2025-04-01,489000.0,Annual
E102726,2023-08-15,580000.0,Hire
E102726,2024-04-01,593000.0,Annual
E102726,2025-04-01,643000.0,Annual
E102727,2023-08-05,575000.0,Hire
E102727,2024-04-01,651000.0,Annual
E102727,2025-04-01,692000.0,Annual
E102728,2023-08-03,585000.0,Hire
E102728,2024-04-01,620000.0,Annual
E102728,2025-04-01,756000.0,Promotion
E102729,2023-08-17,463000.0,Hire
E102729,2024-04-01,463000.0,Annual
E102730,2023-08-12,513000.0,Hire
E102730,2024-04-01,557000.0,Annual
E102731,2023-08-07,477000.0,Hire
E102731,2024-04-01,486000.0,Annual
E102731,2025-04-01,496000.0,Annual
E102732,2023-08-06,494000.0,Hire
E102732,2024-04-01,521000.0,Annual
E102732,2025-04-01,553000.0,Annual
E102733,2023-08-06,489000.0,Hire
E102733,2024-04-01,519000.0,Annual
E102733,2025-04-01,550000.0,Annual
E102734,2023-08-03,455000.0,Hire
E102734,2024-04-01,465000.0,Annual
E102734,2025-04-01,498000.0,Annual
E102735,2023-08-01,508000.0,Hire
E102735,2024-04-01,539000.0,Annual
E102735,2025-04-01,539000.0,Annual
E102736,2023-08-01,524000.0,Hire
E102736,2024-04-01,568000.0,Annual
E102737,2023-08-19,440000.0,Hire
E102737,2024-04-01,450000.0,Annual
E102737,2025-04-01,459000.0,Annual
E102738,2023-08-04,618000.0,Hire
E102738,2024-04-01,653000.0,Annual
E102738,2025-04-01,666000.0,Annual
E102739,2023-08-16,520000.0,Hire
E102739,2024-04-01,554000.0,Annual
E102739,2025-04-01,593000.0,Annual
E102740,2023-08-10,509000.0,Hire
E102740,2024-04-01,518000.0,Annual
E102740,2025-04-01,530000.0,Annual
E102741,2023-08-18,470000.0,Hire
E102741,2024-04-01,480000.0,Annual
E102741,2025-04-01,582000.0,Promotion
E102742,2023-08-17,522000.0,Hire
E102742,2024-04-01,557000.0,Annual
E102742,2025-04-01,569000.0,Annual
E102743,2023-08-18,500000.0,Hire
E102743,2024-04-01,530000.0,Annual
E102743,2025-04-01,541000.0,Annual
E102744,2023-08-17,412000.0,Hire
E102744,2024-04-01,459000.0,Annual
E102744,2025-04-01,540000.0,Promotion
E102745,2023-08-17,457000.0,Hire
E102745,2024-04-01,485000.0,Annual
E102745,2025-04-01,516000.0,Annual
E102746,2023-08-04,441000.0,Hire
E102746,2024-04-01,469000.0,Annual
E102746,2025-04-01,507000.0,Annual
E102747,2023-08-17,547000.0,Hire
E102747,2024-04-01,605000.0,Annual
E102747,2025-04-01,641000.0,Annual
E102748,2023-08-18,464000.0,Hire
E102748,2024-04-01,500000.0,Annual
E102749,2023-08-15,386000.0,Hire
E102749,2024-04-01,430000.0,Annual
E102749,2025-04-01,507000.0,Promotion
E102750,2023-08-10,427000.0,Hire
E102750,2024-04-01,435000.0,Annual
E102750,2025-04-01,463000.0,Annual
E102751,2023-08-07,469000.0,Hire
E102751,2024-04-01,493000.0,Annual
E102751,2025-04-01,529000.0,Annual
E102752,2023-08-20,448000.0,Hire
E102752,2024-04-01,474000.0,Annual
E102752,2025-04-01,486000.0,Annual
E102753,2023-08-02,475000.0,Hire
E102753,2024-04-01,501000.0,Annual
E102753,2025-04-01,511000.0,Annual
E102754,2023-08-11,564000.0,Hire
E102754,2024-04-01,631000.0,Annual
E102754,2025-04-01,755000.0,Promotion
E102755,2023-08-18,512000.0,Hire
E102755,2024-04-01,547000.0,Annual
E102756,2023-08-01,508000.0,Hire
E102756,2024-04-01,558000.0,Annual
E102757,2023-08-18,508000.0,Hire
E102757,2024-04-01,560000.0,Annual
E102757,2025-04-01,597000.0,Annual
E102758,2023-08-06,484000.0,Hire
E102758,2024-04-01,511000.0,Annual
E102758,2025-04-01,602000.0,Promotion
E102759,2023-08-06,548000.0,Hire
E102759,2024-04-01,613000.0,Annual
E102759,2025-04-01,697000.0,Annual
E102760,2023-08-03,459000.0,Hire
E102760,2024-04-01,482000.0,Annual
E102760,2025-04-01,573000.0,Promotion
E102761,2023-08-10,530000.0,Hire
E102761,2024-04-01,571000.0,Annual
E102761,2025-04-01,605000.0,Annual
E102762,2023-08-09,491000.0,Hire
E102762,2024-04-01,524000.0,Annual
E102762,2025-04-01,613000.0,Promotion
E102763,2023-08-04,602000.0,Hire
E102763,2024-04-01,642000.0,Annual
E102763,2025-04-01,679000.0,Annual
E102764,2023-08-13,362000.0,Hire
E102764,2024-04-01,370000.0,Annual
E102764,2025-04-01,395000.0,Annual
E102765,2023-08-11,563000.0,Hire
E102765,2024-04-01,612000.0,Annual
E102765,2025-04-01,655000.0,Annual
E102766,2023-08-05,456000.0,Hire
E102766,2024-04-01,482000.0,Annual
E102766,2025-04-01,492000.0,Annual
E102767,2023-08-20,424000.0,Hire
E102767,2024-04-01,469000.0,Annual
E102767,2025-04-01,546000.0,Promotion
E102768,2023-08-20,434000.0,Hire
E102768,2024-04-01,485000.0,Annual
E102768,2025-04-01,562000.0,Promotion
E102769,2023-08-02,434000.0,Hire
E102769,2024-04-01,487000.0,Annual
E102769,2025-04-01,589000.0,Promotion
E102770,2023-08-09,433000.0,Hire
E102770,2024-04-01,462000.0,Annual
E102770,2025-04-01,489000.0,Annual
E102771,2023-08-18,500000.0,Hire
E102771,2024-04-01,500000.0,Annual
E102771,2025-04-01,536000.0,Annual
E102772,2023-08-16,484000.0,Hire
E102772,2024-04-01,493000.0,Annual
E102772,2025-04-01,505000.0,Annual
E102773,2023-08-16,401000.0,Hire
E102773,2024-04-01,422000.0,Annual
E102773,2025-04-01,447000.0,Annual
E102774,2023-08-17,550000.0,Hire
E102774,2024-04-01,561000.0,Annual
E102774,2025-04-01,593000.0,Annual
E102775,2023-08-08,457000.0,Hire
E102775,2024-04-01,484000.0,Annual
E102775,2025-04-01,495000.0,Annual
E102776,2023-08-08,450000.0,Hire
E102776,2024-04-01,474000.0,Annual
E102776,2025-04-01,562000.0,Promotion
E102777,2023-08-14,452000.0,Hire
E102777,2024-04-01,461000.0,Annual
E102777,2025-04-01,461000.0,Annual
E102778,2023-08-20,493000.0,Hire
E102778,2024-04-01,493000.0,Annual
E102778,2025-04-01,493000.0,Annual
E102779,2023-08-20,479000.0,Hire
E102779,2024-04-01,506000.0,Annual
E102779,2025-04-01,535000.0,Annual
E102780,2023-08-04,507000.0,Hire
E102781,2023-08-02,429000.0,Hire
E102781,2024-04-01,452000.0,Annual
E102781,2025-04-01,479000.0,Annual
E102782,2023-08-13,482000.0,Hire
E102782,2024-04-01,513000.0,Annual
E102782,2025-04-01,625000.0,Promotion
E102783,2023-08-05,398000.0,Hire
E102783,2024-04-01,428000.0,Annual
E102784,2023-08-16,571000.0,Hire
E102784,2024-04-01,610000.0,Annual
E102784,2025-04-01,673000.0,Annual
E102785,2023-08-03,455000.0,Hire
E102785,2024-04-01,482000.0,Annual
E102785,2025-04-01,511000.0,Annual
E102786,2023-08-17,504000.0,Hire
E102786,2024-04-01,504000.0,Annual
E102786,2025-04-01,596000.0,Promotion
E102787,2023-08-10,525000.0,Hire
E102787,2024-04-01,560000.0,Annual
E102787,2025-04-01,594000.0,Annual
E102788,2023-08-05,550000.0,Hire
E102788,2024-04-01,586000.0,Annual
E102788,2025-04-01,628000.0,Annual
E102789,2023-08-14,552000.0,Hire
E102789,2024-04-01,586000.0,Annual
E102790,2023-08-20,503000.0,Hire
E102790,2024-04-01,536000.0,Annual
E102791,2023-08-12,533000.0,Hire
E102791,2024-04-01,582000.0,Annual
E102791,2025-04-01,594000.0,Annual
E102792,2023-08-19,613000.0,Hire
E102792,2024-04-01,648000.0,Annual
E102792,2025-04-01,752000.0,Promotion
E102793,2023-08-09,575000.0,Hire
E102794,2023-08-18,423000.0,Hire
E102794,2024-04-01,431000.0,Annual
E102794,2025-04-01,442000.0,Annual
E102795,2023-08-15,569000.0,Hire
E102795,2024-04-01,598000.0,Annual
E102795,2025-04-01,650000.0,Annual
E102796,2023-08-20,472000.0,Hire
E102796,2024-04-01,499000.0,Annual
E102796,2025-04-01,600000.0,Promotion
E102797,2023-08-10,525000.0,Hire
E102797,2024-04-01,558000.0,Annual
E102797,2025-04-01,604000.0,Annual
E102798,2023-08-01,444000.0,Hire
E102798,2024-04-01,455000.0,Annual
E102799,2023-08-14,580000.0,Hire
E102799,2024-04-01,616000.0,Annual
E102800,2023-08-01,428000.0,Hire
E102800,2024-04-01,453000.0,Annual
E102800,2025-04-01,479000.0,Annual
E102801,2023-08-08,434000.0,Hire
E102801,2024-04-01,471000.0,Annual
E102801,2025-04-01,498000.0,Annual
E102802,2023-08-10,444000.0,Hire
E102802,2024-04-01,474000.0,Annual
E102802,2025-04-01,507000.0,Annual
E102803,2023-08-14,529000.0,Hire
E102804,2023-08-11,478000.0,Hire
E102804,2024-04-01,504000.0,Annual
E102804,2025-04-01,534000.0,Annual
E102805,2023-08-17,556000.0,Hire
E102805,2024-04-01,610000.0,Annual
E102805,2025-04-01,703000.0,Promotion
E102806,2023-08-12,693000.0,Hire
E102806,2024-04-01,709000.0,Annual
E102806,2025-04-01,762000.0,Annual
E102807,2023-08-16,485000.0,Hire
E102807,2024-04-01,495000.0,Annual
E102807,2025-04-01,529000.0,Annual
E102808,2023-08-16,524000.0,Hire
E102808,2024-04-01,569000.0,Annual
E102808,2025-04-01,663000.0,Promotion
E102809,2023-08-13,557000.0,Hire
E102809,2024-04-01,593000.0,Annual
E102810,2023-08-07,534000.0,Hire
E102811,2023-08-20,605000.0,Hire
E102811,2024-04-01,654000.0,Annual
E102811,2025-04-01,696000.0,Annual
E102812,2023-08-01,570000.0,Hire
E102812,2024-04-01,608000.0,Annual
E102812,2025-04-01,647000.0,Annual
E102813,2023-08-09,402000.0,Hire
E102813,2024-04-01,440000.0,Annual
E102814,2023-08-12,554000.0,Hire
E102814,2024-04-01,584000.0,Annual
E102814,2025-04-01,596000.0,Annual
E102815,2023-08-02,614000.0,Hire
E102815,2024-04-01,652000.0,Annual
E102815,2025-04-01,699000.0,Annual
E102816,2023-08-17,587000.0,Hire
E102816,2024-04-01,634000.0,Annual
E102816,2025-04-01,766000.0,Promotion
E102817,2023-08-10,542000.0,Hire
E102817,2024-04-01,577000.0,Annual
E102817,2025-04-01,613000.0,Annual
E102818,2023-08-02,601000.0,Hire
E102818,2024-04-01,642000.0,Annual
E102818,2025-04-01,658000.0,Annual
E102819,2023-08-12,468000.0,Hire
E102819,2024-04-01,478000.0,Annual
E102819,2025-04-01,580000.0,Promotion
E102820,2023-08-02,545000.0,Hire
E102820,2024-04-01,545000.0,Annual
E102820,2025-04-01,557000.0,Annual
E102821,2023-08-12,481000.0,Hire
E102821,2024-04-01,522000.0,Annual
E102821,2025-04-01,614000.0,Promotion
E102822,2023-08-12,458000.0,Hire
E102822,2024-04-01,487000.0,Annual
E102822,2025-04-01,515000.0,Annual
E102823,2023-08-19,419000.0,Hire
E102823,2024-04-01,428000.0,Annual
E102824,2023-08-15,554000.0,Hire
E102824,2024-04-01,602000.0,Annual
E102824,2025-04-01,641000.0,Annual
E102825,2023-08-20,606000.0,Hire
E102825,2024-04-01,640000.0,Annual
E102825,2025-04-01,680000.0,Annual
E102826,2023-08-18,435000.0,Hire
E102826,2024-04-01,462000.0,Annual
E102826,2025-04-01,496000.0,Annual
E102827,2023-08-06,455000.0,Hire
E102828,2023-08-08,612000.0,Hire
E102828,2024-04-01,651000.0,Annual
E102828,2025-04-01,688000.0,Annual
E102829,2023-08-03,561000.0,Hire
E102830,2023-08-08,470000.0,Hire
E102830,2024-04-01,495000.0,Annual
E102830,2025-04-01,529000.0,Annual
E102831,2023-08-17,470000.0,Hire
E102831,2024-04-01,479000.0,Annual
E102832,2023-08-13,498000.0,Hire
E102832,2024-04-01,509000.0,Annual
E102832,2025-04-01,520000.0,Annual
E102833,2023-08-15,405000.0,Hire
E102833,2024-04-01,414000.0,Annual
E102834,2023-08-14,470000.0,Hire
E102834,2024-04-01,502000.0,Annual
E102834,2025-04-01,533000.0,Annual
E102835,2023-08-13,468000.0,Hire
E102835,2024-04-01,499000.0,Annual
E102836,2023-08-14,480000.0,Hire
E102836,2024-04-01,537000.0,Annual
E102836,2025-04-01,593000.0,Annual
E102837,2023-08-01,416000.0,Hire
E102837,2024-04-01,444000.0,Annual
E102837,2025-04-01,512000.0,Promotion
E102838,2023-08-09,409000.0,Hire
E102838,2024-04-01,441000.0,Annual
E102838,2025-04-01,481000.0,Annual
E102839,2023-08-12,580000.0,Hire
E102839,2024-04-01,613000.0,Annual
E102839,2025-04-01,655000.0,Annual
E102840,2023-08-01,477000.0,Hire
E102840,2024-04-01,537000.0,Annual
E102840,2025-04-01,612000.0,Annual
E102841,2023-08-08,460000.0,Hire
E102841,2024-04-01,460000.0,Annual
E102842,2023-08-17,444000.0,Hire
E102842,2024-04-01,478000.0,Annual
E102843,2023-08-14,455000.0,Hire
E102843,2024-04-01,465000.0,Annual
E102843,2025-04-01,497000.0,Annual
E102844,2023-08-09,454000.0,Hire
E102844,2024-04-01,463000.0,Annual
E102845,2023-08-18,406000.0,Hire
E102846,2023-08-05,444000.0,Hire
E102846,2024-04-01,472000.0,Annual
E102847,2023-08-18,457000.0,Hire
E102847,2024-04-01,498000.0,Annual
E102847,2025-04-01,593000.0,Promotion
E102848,2023-08-06,552000.0,Hire
E102848,2024-04-01,564000.0,Annual
E102848,2025-04-01,576000.0,Annual
E102849,2023-08-02,546000.0,Hire
E102850,2023-08-09,412000.0,Hire
E102850,2024-04-01,439000.0,Annual
E102851,2023-08-05,475000.0,Hire
E102851,2024-04-01,506000.0,Annual
E102851,2025-04-01,516000.0,Annual
E102852,2023-08-09,505000.0,Hire
E102853,2023-08-08,508000.0,Hire
E102853,2024-04-01,547000.0,Annual
E102853,2025-04-01,635000.0,Promotion
E102854,2023-08-12,523000.0,Hire
E102854,2024-04-01,556000.0,Annual
E102854,2025-04-01,570000.0,Annual
E102855,2023-08-05,472000.0,Hire
E102855,2024-04-01,515000.0,Annual
E102855,2025-04-01,557000.0,Annual
E102856,2023-08-17,572000.0,Hire
E102856,2024-04-01,603000.0,Annual
E102857,2023-08-12,434000.0,Hire
E102857,2024-04-01,469000.0,Annual
E102857,2025-04-01,500000.0,Annual
E102858,2023-08-14,485000.0,Hire
E102858,2024-04-01,516000.0,Annual
E102858,2025-04-01,548000.0,Annual
E102859,2023-08-09,525000.0,Hire
E102860,2023-08-04,407000.0,Hire
E102860,2024-04-01,434000.0,Annual
E102861,2023-08-03,6310000.0,Hire
E102861,2024-04-01,6788000.0,Annual
E102861,2025-04-01,7648000.0,Annual
E102862,2023-08-20,940000.0,Hire
E102862,2024-04-01,992000.0,Annual
E102862,2025-04-01,1159000.0,Promotion
E102863,2023-08-02,990000.0,Hire
E102863,2024-04-01,1048000.0,Annual
E102863,2025-04-01,1075000.0,Annual
E102864,2023-08-17,1580000.0,Hire
E102864,2024-04-01,1616000.0,Annual
E102864,2025-04-01,1720000.0,Annual
E102865,2023-08-17,1433000.0,Hire
E102865,2024-04-01,1462000.0,Annual
E102865,2025-04-01,1566000.0,Annual
E102866,2023-08-11,2930000.0,Hire
E102866,2024-04-01,3126000.0,Annual
E102866,2025-04-01,3355000.0,Annual
E102867,2023-08-13,2973000.0,Hire
E102867,2024-04-01,3154000.0,Annual
E102867,2025-04-01,3389000.0,Annual
E102868,2023-08-31,2140000.0,Hire
E102868,2024-04-01,2312000.0,Annual
E102868,2025-04-01,2482000.0,Annual
E102869,2023-08-31,2822000.0,Hire
E102869,2024-04-01,2994000.0,Annual
E102869,2025-04-01,3198000.0,Annual
E102870,2023-08-18,1084000.0,Hire
E102870,2024-04-01,1182000.0,Annual
E102870,2025-04-01,1211000.0,Annual
E102871,2023-08-30,3075000.0,Hire
E102871,2024-04-01,3328000.0,Annual
E102871,2025-04-01,3529000.0,Annual
E102872,2023-08-11,1395000.0,Hire
E102872,2024-04-01,1467000.0,Annual
E102872,2025-04-01,1555000.0,Annual
E102873,2023-08-05,1643000.0,Hire
E102873,2024-04-01,1801000.0,Annual
E102873,2025-04-01,2140000.0,Promotion
E102874,2023-08-09,834000.0,Hire
E102874,2024-04-01,889000.0,Annual
E102874,2025-04-01,960000.0,Annual
E102875,2023-08-20,1911000.0,Hire
E102875,2024-04-01,2143000.0,Annual
E102875,2025-04-01,2324000.0,Annual
E102876,2023-08-15,1494000.0,Hire
E102876,2024-04-01,1594000.0,Annual
E102876,2025-04-01,1700000.0,Annual
E102877,2023-08-24,996000.0,Hire
E102877,2024-04-01,1049000.0,Annual
E102877,2025-04-01,1212000.0,Promotion
E102878,2023-08-19,527000.0,Hire
E102878,2024-04-01,554000.0,Annual
E102878,2025-04-01,603000.0,Annual
E102879,2023-08-21,2490000.0,Hire
E102879,2024-04-01,2793000.0,Annual
E102879,2025-04-01,3140000.0,Annual
E102880,2023-08-06,1633000.0,Hire
E102880,2024-04-01,1815000.0,Annual
E102880,2025-04-01,1857000.0,Annual
E102881,2023-08-30,520000.0,Hire
E102881,2024-04-01,555000.0,Annual
E102881,2025-04-01,612000.0,Annual
E102882,2023-08-15,1006000.0,Hire
E102882,2024-04-01,1029000.0,Annual
E102882,2025-04-01,1089000.0,Annual
E102883,2023-08-06,931000.0,Hire
E102883,2024-04-01,982000.0,Annual
E102883,2025-04-01,1078000.0,Annual
E102884,2023-08-26,1513000.0,Hire
E102884,2024-04-01,1651000.0,Annual
E102884,2025-04-01,1950000.0,Promotion
E102885,2023-08-14,2149000.0,Hire
E102885,2024-04-01,2274000.0,Annual
E102885,2025-04-01,2652000.0,Promotion
E102886,2023-08-22,1989000.0,Hire
E102886,2024-04-01,2171000.0,Annual
E102887,2023-08-01,1996000.0,Hire
E102887,2024-04-01,2121000.0,Annual
E102887,2025-04-01,2266000.0,Annual
E102888,2023-08-14,507000.0,Hire
E102888,2024-04-01,545000.0,Annual
E102888,2025-04-01,655000.0,Promotion
E102889,2023-08-27,504000.0,Hire
E102889,2024-04-01,534000.0,Annual
E102889,2025-04-01,568000.0,Annual
E102890,2023-08-04,550000.0,Hire
E102890,2024-04-01,592000.0,Annual
E102891,2023-08-18,1427000.0,Hire
E102891,2024-04-01,1501000.0,Annual
E102891,2025-04-01,1764000.0,Promotion
E102892,2023-08-14,1043000.0,Hire
E102892,2024-04-01,1109000.0,Annual
E102892,2025-04-01,1174000.0,Annual
E102893,2023-08-24,2237000.0,Hire
E102893,2024-04-01,2428000.0,Annual
E102893,2025-04-01,2706000.0,Annual
E102894,2023-08-30,531000.0,Hire
E102894,2024-04-01,564000.0,Annual
E102894,2025-04-01,602000.0,Annual
E102895,2023-08-18,1419000.0,Hire
E102895,2024-04-01,1419000.0,Annual
E102896,2023-09-24,6400000.0,Hire
E102896,2024-04-01,6823000.0,Annual
E102896,2025-04-01,7530000.0,Annual
E102897,2023-09-03,3235000.0,Hire
E102897,2024-04-01,3454000.0,Annual
E102897,2025-04-01,3652000.0,Annual
E102898,2023-09-08,1543000.0,Hire
E102898,2024-04-01,1630000.0,Annual
E102898,2025-04-01,1735000.0,Annual
E102899,2023-09-27,1474000.0,Hire
E102899,2024-04-01,1568000.0,Annual
E102900,2023-09-28,6455000.0,Hire
E102900,2024-04-01,6609000.0,Annual
E102900,2025-04-01,7026000.0,Annual
E102901,2023-09-27,1535000.0,Hire
E102901,2024-04-01,1652000.0,Annual
E102901,2025-04-01,1768000.0,Annual
E102902,2023-09-24,2123000.0,Hire
E102902,2024-04-01,2161000.0,Annual
E102902,2025-04-01,2213000.0,Annual
E102903,2023-09-03,1554000.0,Hire
E102903,2024-04-01,1648000.0,Annual
E102903,2025-04-01,1756000.0,Annual
E102904,2023-09-14,796000.0,Hire
E102904,2024-04-01,838000.0,Annual
E102904,2025-04-01,858000.0,Annual
E102905,2023-09-04,940000.0,Hire
E102906,2023-09-12,2647000.0,Hire
E102906,2024-04-01,2815000.0,Annual
E102906,2025-04-01,2986000.0,Annual
E102907,2023-09-05,4475000.0,Hire
E102907,2024-04-01,4475000.0,Annual
E102908,2023-09-30,1555000.0,Hire
E102908,2024-04-01,1686000.0,Annual
E102909,2023-09-11,510000.0,Hire
E102909,2024-04-01,522000.0,Annual
E102909,2025-04-01,522000.0,Annual
E102910,2023-09-09,2406000.0,Hire
E102910,2024-04-01,2713000.0,Annual
E102910,2025-04-01,2980000.0,Annual
E102911,2023-09-06,535000.0,Hire
E102911,2024-04-01,565000.0,Annual
E102911,2025-04-01,579000.0,Annual
E102912,2023-09-28,408000.0,Hire
E102912,2024-04-01,436000.0,Annual
E102912,2025-04-01,445000.0,Annual
E102913,2023-09-03,488000.0,Hire
E102913,2024-04-01,518000.0,Annual
E102913,2025-04-01,557000.0,Annual
E102914,2023-09-07,853000.0,Hire
E102914,2024-04-01,897000.0,Annual
E102914,2025-04-01,920000.0,Annual
E102915,2023-09-21,903000.0,Hire
E102915,2024-04-01,921000.0,Annual
E102915,2025-04-01,945000.0,Annual
E102916,2023-09-28,382000.0,Hire
E102916,2024-04-01,417000.0,Annual
E102916,2025-04-01,446000.0,Annual
E102917,2023-09-13,1726000.0,Hire
E102917,2024-04-01,1873000.0,Annual
E102917,2025-04-01,1995000.0,Annual
E102918,2023-09-27,1568000.0,Hire
E102918,2024-04-01,1700000.0,Annual
E102918,2025-04-01,1851000.0,Annual
E102919,2023-09-11,856000.0,Hire
E102919,2024-04-01,912000.0,Annual
E102919,2025-04-01,969000.0,Annual
E102920,2023-09-24,924000.0,Hire
E102920,2024-04-01,972000.0,Annual
E102920,2025-04-01,1040000.0,Annual
E102921,2023-09-01,513000.0,Hire
E102921,2024-04-01,544000.0,Annual
E102921,2025-04-01,592000.0,Annual
E102922,2023-09-26,780000.0,Hire
E102922,2024-04-01,869000.0,Annual
E102922,2025-04-01,981000.0,Annual
E102923,2023-09-25,886000.0,Hire
E102923,2024-04-01,959000.0,Annual
E102924,2023-09-30,953000.0,Hire
E102925,2023-10-07,820000.0,Hire
E102925,2025-04-01,837000.0,Annual
E102926,2023-10-03,1487000.0,Hire
E102927,2023-10-07,835000.0,Hire
E102927,2025-04-01,856000.0,Annual
E102928,2023-10-24,1523000.0,Hire
E102929,2023-10-14,4093000.0,Hire
E102929,2025-04-01,4398000.0,Annual
E102930,2023-10-10,881000.0,Hire
E102930,2025-04-01,945000.0,Annual
E102931,2023-10-04,1717000.0,Hire
E102931,2025-04-01,1833000.0,Annual
E102932,2023-10-13,946000.0,Hire
E102932,2025-04-01,1002000.0,Annual
E102933,2023-10-02,727000.0,Hire
E102934,2023-10-21,746000.0,Hire
E102934,2025-04-01,792000.0,Annual
E102935,2023-10-23,514000.0,Hire
E102935,2025-04-01,585000.0,Annual
E102936,2023-10-13,3454000.0,Hire
E102936,2025-04-01,3704000.0,Annual
E102937,2023-10-01,459000.0,Hire
E102937,2024-04-01,489000.0,Annual
E102937,2025-04-01,523000.0,Annual
E102938,2023-10-10,796000.0,Hire
E102938,2025-04-01,849000.0,Annual
E102939,2023-10-18,1372000.0,Hire
E102940,2023-10-03,1110000.0,Hire
E102940,2024-04-01,1174000.0,Annual
E102940,2025-04-01,1427000.0,Promotion
E102941,2023-10-25,957000.0,Hire
E102941,2025-04-01,1015000.0,Annual
E102942,2023-10-12,509000.0,Hire
E102942,2025-04-01,545000.0,Annual
E102943,2023-10-07,868000.0,Hire
E102943,2025-04-01,932000.0,Annual
E102944,2023-10-02,474000.0,Hire
E102945,2023-10-12,1097000.0,Hire
E102945,2025-04-01,1173000.0,Annual
E102946,2023-10-02,474000.0,Hire
E102946,2024-04-01,474000.0,Annual
E102947,2023-10-11,1289000.0,Hire
E102947,2025-04-01,1374000.0,Annual
E102948,2023-10-02,955000.0,Hire
E102948,2024-04-01,1027000.0,Annual
E102948,2025-04-01,1229000.0,Promotion
E102949,2023-10-22,802000.0,Hire
E102950,2023-10-17,441000.0,Hire
E102950,2025-04-01,470000.0,Annual
E102951,2023-10-06,532000.0,Hire
E102951,2025-04-01,566000.0,Annual
E102952,2023-10-11,376000.0,Hire
E102952,2025-04-01,399000.0,Annual
E102953,2023-10-24,1301000.0,Hire
E102953,2025-04-01,1386000.0,Annual
E102954,2023-10-15,946000.0,Hire
E102954,2025-04-01,968000.0,Annual
E102955,2023-10-30,956000.0,Hire
E102955,2025-04-01,1055000.0,Annual
E102956,2023-11-03,2123000.0,Hire
E102956,2025-04-01,2242000.0,Annual
E102957,2023-11-15,746000.0,Hire
E102957,2025-04-01,816000.0,Annual
E102958,2023-11-21,1447000.0,Hire
E102958,2025-04-01,1548000.0,Annual
E102959,2023-11-04,915000.0,Hire
E102959,2025-04-01,966000.0,Annual
E102960,2023-11-17,2216000.0,Hire
E102961,2023-11-12,778000.0,Hire
E102961,2025-04-01,879000.0,Annual
E102962,2023-11-11,1562000.0,Hire
E102962,2025-04-01,1650000.0,Annual
E102963,2023-11-14,1199000.0,Hire
E102963,2025-04-01,1199000.0,Annual
E102964,2023-11-11,1344000.0,Hire
E102964,2025-04-01,1420000.0,Annual
E102965,2023-11-04,2005000.0,Hire
E102965,2025-04-01,2137000.0,Annual
E102966,2023-11-18,1254000.0,Hire
E102966,2025-04-01,1336000.0,Annual
E102967,2023-11-16,2696000.0,Hire
E102967,2025-04-01,3001000.0,Annual
E102968,2023-11-13,543000.0,Hire
E102968,2025-04-01,543000.0,Annual
E102969,2023-11-19,978000.0,Hire
E102969,2025-04-01,1041000.0,Annual
E102970,2023-11-18,1397000.0,Hire
E102970,2025-04-01,1570000.0,Annual
E102971,2023-11-07,1119000.0,Hire
E102971,2025-04-01,1188000.0,Annual
E102972,2023-11-03,458000.0,Hire
E102972,2025-04-01,496000.0,Annual
E102973,2023-11-14,1166000.0,Hire
E102973,2025-04-01,1166000.0,Annual
E102974,2023-11-12,868000.0,Hire
E102974,2025-04-01,916000.0,Annual
E102975,2023-11-16,897000.0,Hire
E102976,2023-11-09,797000.0,Hire
E102976,2025-04-01,863000.0,Annual
E102977,2023-11-12,548000.0,Hire
E102977,2025-04-01,588000.0,Annual
E102978,2023-11-11,1505000.0,Hire
E102978,2025-04-01,1608000.0,Annual
E102979,2023-11-18,805000.0,Hire
E102979,2025-04-01,877000.0,Annual
E102980,2023-11-13,764000.0,Hire
E102980,2025-04-01,869000.0,Annual
E102981,2023-11-27,980000.0,Hire
E102981,2025-04-01,1036000.0,Annual
E102982,2023-11-14,507000.0,Hire
E102982,2025-04-01,551000.0,Annual
E102983,2023-11-20,1387000.0,Hire
E102983,2025-04-01,1422000.0,Annual
E102984,2023-11-17,612000.0,Hire
E102984,2025-04-01,612000.0,Annual
E102985,2023-11-17,1332000.0,Hire
E102985,2025-04-01,1427000.0,Annual
E102986,2023-11-25,515000.0,Hire
E102986,2025-04-01,578000.0,Annual
E102987,2023-11-30,555000.0,Hire
E102988,2023-11-18,950000.0,Hire
E102988,2025-04-01,1036000.0,Annual
E102989,2023-11-16,622000.0,Hire
E102989,2025-04-01,663000.0,Annual
E102990,2023-11-17,496000.0,Hire
E102990,2025-04-01,529000.0,Annual
E102991,2023-11-26,1426000.0,Hire
E102991,2025-04-01,1516000.0,Annual
E102992,2023-11-24,765000.0,Hire
E102992,2025-04-01,765000.0,Annual
E102993,2023-11-20,949000.0,Hire
E102993,2025-04-01,1084000.0,Annual
E102994,2023-12-14,480000.0,Hire
E102994,2025-04-01,492000.0,Annual
E102995,2023-12-11,480000.0,Hire
E102995,2025-04-01,512000.0,Annual
E102996,2023-12-20,980000.0,Hire
E102996,2025-04-01,1066000.0,Annual
E102997,2023-12-11,1007000.0,Hire
E102998,2023-12-31,1030000.0,Hire
E102998,2025-04-01,1097000.0,Annual
E102999,2023-12-11,905000.0,Hire
E102999,2025-04-01,1014000.0,Annual
E103000,2023-12-13,1047000.0,Hire
E103000,2025-04-01,1154000.0,Annual
E103001,2023-12-16,4308000.0,Hire
E103001,2025-04-01,4549000.0,Annual
E103002,2023-12-05,882000.0,Hire
E103002,2025-04-01,955000.0,Annual
E103003,2023-12-19,575000.0,Hire
E103003,2025-04-01,628000.0,Annual
E103004,2023-12-07,1050000.0,Hire
E103004,2025-04-01,1110000.0,Annual
E103005,2023-12-19,1435000.0,Hire
E103005,2025-04-01,1580000.0,Annual
E103006,2023-12-23,474000.0,Hire
E103007,2023-12-03,658000.0,Hire
E103007,2025-04-01,706000.0,Annual
E103008,2023-12-05,738000.0,Hire
E103008,2025-04-01,786000.0,Annual
E103009,2023-12-08,858000.0,Hire
E103009,2025-04-01,962000.0,Annual
E103010,2023-12-31,2741000.0,Hire
E103010,2025-04-01,2939000.0,Annual
E103011,2023-12-12,1690000.0,Hire
E103011,2025-04-01,1798000.0,Annual
E103012,2023-12-22,1468000.0,Hire
E103012,2025-04-01,1567000.0,Annual
E103013,2023-12-24,1610000.0,Hire
E103013,2025-04-01,1723000.0,Annual
E103014,2023-12-03,1039000.0,Hire
E103014,2025-04-01,1126000.0,Annual
E103015,2023-12-17,521000.0,Hire
E103016,2023-12-30,1527000.0,Hire
E103016,2025-04-01,1623000.0,Annual
E103017,2023-12-05,520000.0,Hire
E103017,2025-04-01,569000.0,Annual
E103018,2023-12-06,1163000.0,Hire
E103018,2025-04-01,1240000.0,Annual
E103019,2023-12-06,622000.0,Hire
E103019,2025-04-01,634000.0,Annual
E103020,2023-12-28,512000.0,Hire
E103020,2025-04-01,564000.0,Annual
E103021,2023-12-24,541000.0,Hire
E103021,2025-04-01,555000.0,Annual
E103022,2023-12-05,512000.0,Hire
E103022,2025-04-01,549000.0,Annual
E103023,2023-12-30,467000.0,Hire
E103024,2023-12-07,1541000.0,Hire
E103025,2023-12-28,973000.0,Hire
E103026,2023-12-29,508000.0,Hire
E103026,2025-04-01,562000.0,Annual
E103027,2023-12-28,469000.0,Hire
E103028,2023-12-29,1473000.0,Hire
E103028,2025-04-01,1574000.0,Annual
E103029,2024-01-17,5661000.0,Hire
E103029,2025-04-01,6074000.0,Annual
E103030,2024-01-03,1782000.0,Hire
E103030,2025-04-01,1886000.0,Annual
E103031,2024-01-11,711000.0,Hire
E103031,2025-04-01,757000.0,Annual
E103032,2024-01-16,4450000.0,Hire
E103032,2025-04-01,4771000.0,Annual
E103033,2024-01-11,467000.0,Hire
E103033,2025-04-01,477000.0,Annual
E103034,2024-01-04,611000.0,Hire
E103035,2024-01-09,899000.0,Hire
E103036,2024-01-12,802000.0,Hire
E103036,2025-04-01,882000.0,Annual
E103037,2024-01-10,459000.0,Hire
E103037,2025-04-01,490000.0,Annual
E103038,2024-01-27,872000.0,Hire
E103038,2025-04-01,889000.0,Annual
E103039,2024-01-26,1539000.0,Hire
E103039,2025-04-01,1683000.0,Annual
E103040,2024-01-29,1127000.0,Hire
E103040,2025-04-01,1246000.0,Annual
E103041,2024-01-15,1705000.0,Hire
E103042,2024-01-18,795000.0,Hire
E103042,2025-04-01,813000.0,Annual
E103043,2024-01-11,553000.0,Hire
E103043,2025-04-01,584000.0,Annual
E103044,2024-01-12,666000.0,Hire
E103044,2025-04-01,756000.0,Annual
E103045,2024-01-16,4340000.0,Hire
E103045,2025-04-01,4767000.0,Annual
E103046,2024-01-17,810000.0,Hire
E103047,2024-01-11,1458000.0,Hire
E103047,2025-04-01,1613000.0,Annual
E103048,2024-01-01,515000.0,Hire
E103048,2025-04-01,567000.0,Annual
E103049,2024-01-16,1694000.0,Hire
E103050,2024-01-01,452000.0,Hire
E103051,2024-01-21,1725000.0,Hire
E103051,2025-04-01,1830000.0,Annual
E103052,2024-01-21,515000.0,Hire
E103052,2025-04-01,546000.0,Annual
E103053,2024-01-07,935000.0,Hire
E103053,2025-04-01,1066000.0,Annual
E103054,2024-01-30,440000.0,Hire
E103055,2024-01-06,513000.0,Hire
E103055,2025-04-01,560000.0,Annual
E103056,2024-01-22,465000.0,Hire
E103056,2025-04-01,494000.0,Annual
E103057,2024-01-18,439000.0,Hire
E103058,2024-01-13,1141000.0,Hire
E103058,2025-04-01,1214000.0,Annual
E103059,2024-01-07,829000.0,Hire
E103059,2025-04-01,829000.0,Annual
E103060,2024-01-25,832000.0,Hire
E103060,2025-04-01,908000.0,Annual
E103061,2024-01-18,1010000.0,Hire
E103061,2025-04-01,1107000.0,Annual
E103062,2024-01-17,689000.0,Hire
E103062,2025-04-01,733000.0,Annual
E103063,2024-01-24,1082000.0,Hire
E103063,2025-04-01,1109000.0,Annual
E103064,2024-01-28,513000.0,Hire
E103064,2025-04-01,551000.0,Annual
E103065,2024-01-15,837000.0,Hire
E103065,2025-04-01,885000.0,Annual
E103066,2024-02-10,1696000.0,Hire
E103066,2025-04-01,1794000.0,Annual
E103067,2024-02-05,5220000.0,Hire
E103067,2025-04-01,5516000.0,Annual
E103068,2024-02-22,3700000.0,Hire
E103068,2025-04-01,4235000.0,Annual
E103069,2024-02-14,1511000.0,Hire
E103069,2025-04-01,1612000.0,Annual
E103070,2024-02-05,842000.0,Hire
E103070,2025-04-01,904000.0,Annual
E103071,2024-02-20,597000.0,Hire
E103071,2025-04-01,647000.0,Annual
E103072,2024-02-10,500000.0,Hire
E103072,2025-04-01,512000.0,Annual
E103073,2024-02-10,571000.0,Hire
E103073,2025-04-01,611000.0,Annual
E103074,2024-02-25,966000.0,Hire
E103074,2025-04-01,966000.0,Annual
E103075,2024-02-22,536000.0,Hire
E103076,2024-02-08,1010000.0,Hire
E103076,2025-04-01,1116000.0,Annual
E103077,2024-02-19,579000.0,Hire
E103078,2024-02-20,564000.0,Hire
E103078,2025-04-01,601000.0,Annual
E103079,2024-02-29,2719000.0,Hire
E103079,2025-04-01,2908000.0,Annual
E103080,2024-02-28,2235000.0,Hire
E103080,2025-04-01,2279000.0,Annual
E103081,2024-02-14,467000.0,Hire
E103081,2025-04-01,499000.0,Annual
E103082,2024-02-24,453000.0,Hire
E103082,2025-04-01,485000.0,Annual
E103083,2024-02-14,3404000.0,Hire
E103083,2025-04-01,3617000.0,Annual
E103084,2024-02-23,407000.0,Hire
E103084,2025-04-01,448000.0,Annual
E103085,2024-02-25,1869000.0,Hire
E103085,2025-04-01,1915000.0,Annual
E103086,2024-02-23,2980000.0,Hire
E103086,2025-04-01,3190000.0,Annual
E103087,2024-02-19,1527000.0,Hire
E103088,2024-02-21,527000.0,Hire
E103089,2024-02-26,954000.0,Hire
E103089,2025-04-01,977000.0,Annual
E103090,2024-02-28,888000.0,Hire
E103090,2025-04-01,906000.0,Annual
E103091,2024-03-22,772000.0,Hire
E103092,2024-03-18,2225000.0,Hire
E103092,2025-04-01,2517000.0,Annual
E103093,2024-03-01,2634000.0,Hire
E103093,2025-04-01,2688000.0,Annual
E103094,2024-03-09,955000.0,Hire
E103094,2025-04-01,975000.0,Annual
E103095,2024-03-16,584000.0,Hire
E103095,2025-04-01,624000.0,Annual
E103096,2024-03-01,825000.0,Hire
E103096,2025-04-01,892000.0,Annual
E103097,2024-03-30,2137000.0,Hire
E103097,2025-04-01,2272000.0,Annual
E103098,2024-03-27,1539000.0,Hire
E103098,2025-04-01,1642000.0,Annual
E103099,2024-03-07,1069000.0,Hire
E103100,2024-03-17,812000.0,Hire
E103100,2025-04-01,870000.0,Annual
E103101,2024-03-01,723000.0,Hire
E103101,2025-04-01,740000.0,Annual
E103102,2024-03-26,5004000.0,Hire
E103102,2025-04-01,5361000.0,Annual
E103103,2024-03-23,525000.0,Hire
E103103,2025-04-01,536000.0,Annual
E103104,2024-03-03,1055000.0,Hire
E103105,2024-03-25,986000.0,Hire
E103105,2025-04-01,1083000.0,Annual
E103106,2024-03-23,858000.0,Hire
E103106,2025-04-01,907000.0,Annual
E103107,2024-03-18,597000.0,Hire
E103107,2025-04-01,612000.0,Annual
E103108,2024-03-23,493000.0,Hire
E103108,2025-04-01,523000.0,Annual
E103109,2024-03-20,903000.0,Hire
E103109,2025-04-01,961000.0,Annual
E103110,2024-03-16,445000.0,Hire
E103110,2025-04-01,499000.0,Annual
E103111,2024-03-08,929000.0,Hire
E103111,2025-04-01,998000.0,Annual
E103112,2024-03-22,479000.0,Hire
E103112,2025-04-01,489000.0,Annual
E103113,2024-03-21,953000.0,Hire
E103113,2025-04-01,1016000.0,Annual
E103114,2024-03-24,1738000.0,Hire
E103115,2024-03-23,1536000.0,Hire
E103115,2025-04-01,1643000.0,Annual
E103116,2024-03-16,1477000.0,Hire
E103116,2025-04-01,1511000.0,Annual
E103117,2024-03-20,855000.0,Hire
E103117,2025-04-01,876000.0,Annual
E103118,2024-03-06,820000.0,Hire
E103118,2025-04-01,877000.0,Annual
E103119,2024-03-15,509000.0,Hire
E103119,2025-04-01,541000.0,Annual
E103120,2024-03-04,793000.0,Hire
E103120,2025-04-01,843000.0,Annual
E103121,2024-03-19,496000.0,Hire
E103121,2025-04-01,508000.0,Annual
E103122,2024-04-10,1936000.0,Hire
E103122,2025-04-01,2091000.0,Annual
E103123,2024-04-01,2712000.0,Hire
E103123,2025-04-01,2869000.0,Annual
E103124,2024-04-14,1188000.0,Hire
E103124,2025-04-01,1268000.0,Annual
E103125,2024-04-11,1820000.0,Hire
E103125,2025-04-01,1950000.0,Annual
E103126,2024-04-10,823000.0,Hire
E103126,2025-04-01,878000.0,Annual
E103127,2024-04-22,826000.0,Hire
E103127,2025-04-01,872000.0,Annual
E103128,2024-04-06,634000.0,Hire
E103128,2025-04-01,634000.0,Annual
E103129,2024-04-27,653000.0,Hire
E103129,2025-04-01,653000.0,Annual
E103130,2024-04-26,512000.0,Hire
E103130,2025-04-01,545000.0,Annual
E103131,2024-04-20,857000.0,Hire
E103131,2025-04-01,915000.0,Annual
E103132,2024-04-08,982000.0,Hire
E103132,2025-04-01,1005000.0,Annual
E103133,2024-04-28,1830000.0,Hire
E103133,2025-04-01,1937000.0,Annual
E103134,2024-04-02,1044000.0,Hire
E103134,2025-04-01,1129000.0,Annual
E103135,2024-04-30,1720000.0,Hire
E103135,2025-04-01,1831000.0,Annual
E103136,2024-04-15,982000.0,Hire
E103136,2025-04-01,1048000.0,Annual
E103137,2024-04-29,835000.0,Hire
E103137,2025-04-01,888000.0,Annual
E103138,2024-04-02,858000.0,Hire
E103138,2025-04-01,912000.0,Annual
E103139,2024-04-08,1412000.0,Hire
E103139,2025-04-01,1517000.0,Annual
E103140,2024-04-20,2260000.0,Hire
E103140,2025-04-01,2260000.0,Annual
E103141,2024-04-20,1282000.0,Hire
E103141,2025-04-01,1400000.0,Annual
E103142,2024-04-01,637000.0,Hire
E103142,2025-04-01,679000.0,Annual
E103143,2024-04-16,1674000.0,Hire
E103143,2025-04-01,1834000.0,Annual
E103144,2024-04-17,940000.0,Hire
E103144,2025-04-01,1025000.0,Annual
E103145,2024-04-20,6000000.0,Hire
E103145,2025-04-01,6000000.0,Annual
E103146,2024-04-17,869000.0,Hire
E103146,2025-04-01,947000.0,Annual
E103147,2024-04-03,526000.0,Hire
E103147,2025-04-01,540000.0,Annual
E103148,2024-04-22,1118000.0,Hire
E103148,2025-04-01,1225000.0,Annual
E103149,2024-04-28,1435000.0,Hire
E103149,2025-04-01,1538000.0,Annual
E103150,2024-04-17,1460000.0,Hire
E103150,2025-04-01,1561000.0,Annual
E103151,2024-04-19,904000.0,Hire
E103151,2025-04-01,962000.0,Annual
E103152,2024-04-13,531000.0,Hire
E103152,2025-04-01,564000.0,Annual
E103153,2024-04-06,2729000.0,Hire
E103153,2025-04-01,2883000.0,Annual
E103154,2024-04-30,2178000.0,Hire
E103154,2025-04-01,2364000.0,Annual
E103155,2024-04-22,1051000.0,Hire
E103156,2024-04-22,782000.0,Hire
E103156,2025-04-01,782000.0,Annual
E103157,2024-05-04,1952000.0,Hire
E103157,2025-04-01,2145000.0,Annual
E103158,2024-05-09,2616000.0,Hire
E103158,2025-04-01,2839000.0,Annual
E103159,2024-05-09,559000.0,Hire
E103159,2025-04-01,611000.0,Annual
E103160,2024-05-15,864000.0,Hire
E103160,2025-04-01,917000.0,Annual
E103161,2024-05-14,2593000.0,Hire
E103161,2025-04-01,2850000.0,Annual
E103162,2024-05-02,4185000.0,Hire
E103162,2025-04-01,4557000.0,Annual
E103163,2024-05-20,1028000.0,Hire
E103163,2025-04-01,1088000.0,Annual
E103164,2024-05-07,1129000.0,Hire
E103164,2025-04-01,1156000.0,Annual
E103165,2024-05-06,1557000.0,Hire
E103165,2025-04-01,1724000.0,Annual
E103166,2024-05-08,1171000.0,Hire
E103166,2025-04-01,1293000.0,Annual
E103167,2024-05-08,3976000.0,Hire
E103167,2025-04-01,4229000.0,Annual
E103168,2024-05-21,528000.0,Hire
E103168,2025-04-01,563000.0,Annual
E103169,2024-05-08,586000.0,Hire
E103169,2025-04-01,646000.0,Annual
E103170,2024-05-10,1050000.0,Hire
E103170,2025-04-01,1127000.0,Annual
E103171,2024-05-04,523000.0,Hire
E103171,2025-04-01,560000.0,Annual
E103172,2024-05-28,1041000.0,Hire
E103172,2025-04-01,1127000.0,Annual
E103173,2024-05-23,1298000.0,Hire
E103173,2025-04-01,1425000.0,Annual
E103174,2024-05-29,761000.0,Hire
E103174,2025-04-01,761000.0,Annual
E103175,2024-05-15,634000.0,Hire
E103175,2025-04-01,702000.0,Annual
E103176,2024-05-09,537000.0,Hire
E103176,2025-04-01,574000.0,Annual
E103177,2024-05-22,1866000.0,Hire
E103177,2025-04-01,1975000.0,Annual
E103178,2024-05-15,519000.0,Hire
E103178,2025-04-01,565000.0,Annual
E103179,2024-05-09,3023000.0,Hire
E103179,2025-04-01,3302000.0,Annual
E103180,2024-05-06,803000.0,Hire
E103180,2025-04-01,858000.0,Annual
E103181,2024-05-26,1055000.0,Hire
E103181,2025-04-01,1115000.0,Annual
E103182,2024-05-03,1614000.0,Hire
E103182,2025-04-01,1654000.0,Annual
E103183,2024-05-06,581000.0,Hire
E103183,2025-04-01,614000.0,Annual
E103184,2024-06-20,610000.0,Hire
E103184,2025-04-01,660000.0,Annual
E103185,2024-06-10,1890000.0,Hire
E103185,2025-04-01,2000000.0,Annual
E103186,2024-06-21,1139000.0,Hire
E103186,2025-04-01,1139000.0,Annual
E103187,2024-06-13,511000.0,Hire
E103187,2025-04-01,553000.0,Annual
E103188,2024-06-22,3231000.0,Hire
E103188,2025-04-01,3300000.0,Annual
E103189,2024-06-03,1795000.0,Hire
E103189,2025-04-01,1842000.0,Annual
E103190,2024-06-01,604000.0,Hire
E103190,2025-04-01,656000.0,Annual
E103191,2024-06-21,946000.0,Hire
E103191,2025-04-01,966000.0,Annual
E103192,2024-06-07,967000.0,Hire
E103192,2025-04-01,1028000.0,Annual
E103193,2024-06-24,2729000.0,Hire
E103193,2025-04-01,2925000.0,Annual
E103194,2024-06-09,985000.0,Hire
E103194,2025-04-01,1066000.0,Annual
E103195,2024-06-08,2189000.0,Hire
E103195,2025-04-01,2448000.0,Annual
E103196,2024-06-01,1556000.0,Hire
E103196,2025-04-01,1593000.0,Annual
E103197,2024-06-21,866000.0,Hire
E103197,2025-04-01,920000.0,Annual
E103198,2024-06-10,2645000.0,Hire
E103198,2025-04-01,2892000.0,Annual
E103199,2024-06-02,613000.0,Hire
E103199,2025-04-01,654000.0,Annual
E103200,2024-06-30,580000.0,Hire
E103200,2025-04-01,622000.0,Annual
E103201,2024-06-22,1083000.0,Hire
E103201,2025-04-01,1104000.0,Annual
E103202,2024-06-13,564000.0,Hire
E103202,2025-04-01,619000.0,Annual
E103203,2024-06-10,1629000.0,Hire
E103203,2025-04-01,1736000.0,Annual
E103204,2024-06-23,1048000.0,Hire
E103204,2025-04-01,1112000.0,Annual
E103205,2024-06-01,741000.0,Hire
E103205,2025-04-01,833000.0,Annual
E103206,2024-06-27,1017000.0,Hire
E103206,2025-04-01,1082000.0,Annual
E103207,2024-06-01,1771000.0,Hire
E103207,2025-04-01,1871000.0,Annual
E103208,2024-06-30,1568000.0,Hire
E103208,2025-04-01,1723000.0,Annual
E103209,2024-06-14,3194000.0,Hire
E103209,2025-04-01,3389000.0,Annual
E103210,2024-06-10,1807000.0,Hire
E103210,2025-04-01,1926000.0,Annual
E103211,2024-06-27,1655000.0,Hire
E103211,2025-04-01,1777000.0,Annual
E103212,2024-06-22,1766000.0,Hire
E103212,2025-04-01,1872000.0,Annual
E103213,2024-06-23,1060000.0,Hire
E103213,2025-04-01,1087000.0,Annual
E103214,2024-06-28,2498000.0,Hire
E103214,2025-04-01,2638000.0,Annual
E103215,2024-07-01,1863000.0,Hire
E103215,2025-04-01,1995000.0,Annual
E103216,2024-07-16,1766000.0,Hire
E103216,2025-04-01,1893000.0,Annual
E103217,2024-07-05,1976000.0,Hire
E103217,2025-04-01,2028000.0,Annual
E103218,2024-07-14,1016000.0,Hire
E103218,2025-04-01,1079000.0,Annual
E103219,2024-07-26,761000.0,Hire
E103219,2025-04-01,813000.0,Annual
E103220,2024-07-05,1037000.0,Hire
E103220,2025-04-01,1114000.0,Annual
E103221,2024-07-14,650000.0,Hire
E103221,2025-04-01,663000.0,Annual
E103222,2024-07-30,509000.0,Hire
E103222,2025-04-01,545000.0,Annual
E103223,2024-07-17,2106000.0,Hire
E103223,2025-04-01,2228000.0,Annual
E103224,2024-07-31,1629000.0,Hire
E103224,2025-04-01,1719000.0,Annual
E103225,2024-07-30,1275000.0,Hire
E103225,2025-04-01,1362000.0,Annual
E103226,2024-07-18,618000.0,Hire
E103226,2025-04-01,675000.0,Annual
E103227,2024-07-14,1350000.0,Hire
E103227,2025-04-01,1528000.0,Annual
E103228,2024-07-29,572000.0,Hire
E103229,2024-07-22,601000.0,Hire
E103229,2025-04-01,654000.0,Annual
E103230,2024-07-15,4052000.0,Hire
E103230,2025-04-01,4303000.0,Annual
E103231,2024-07-07,522000.0,Hire
E103231,2025-04-01,551000.0,Annual
E103232,2024-07-03,2909000.0,Hire
E103232,2025-04-01,3193000.0,Annual
E103233,2024-07-15,842000.0,Hire
E103233,2025-04-01,952000.0,Annual
E103234,2024-07-04,865000.0,Hire
E103235,2024-07-26,2500000.0,Hire
E103235,2025-04-01,2785000.0,Annual
E103236,2024-08-09,602000.0,Hire
E103236,2025-04-01,636000.0,Annual
E103237,2024-08-10,517000.0,Hire
E103237,2025-04-01,579000.0,Annual
E103238,2024-08-01,524000.0,Hire
E103238,2025-04-01,578000.0,Annual
E103239,2024-08-12,463000.0,Hire
E103239,2025-04-01,517000.0,Annual
E103240,2024-08-17,686000.0,Hire
E103241,2024-08-02,492000.0,Hire
E103241,2025-04-01,543000.0,Annual
E103242,2024-08-15,643000.0,Hire
E103242,2025-04-01,720000.0,Annual
E103243,2024-08-20,609000.0,Hire
E103243,2025-04-01,651000.0,Annual
E103244,2024-08-18,477000.0,Hire
E103244,2025-04-01,504000.0,Annual
E103245,2024-08-07,639000.0,Hire
E103245,2025-04-01,651000.0,Annual
E103246,2024-08-19,542000.0,Hire
E103246,2025-04-01,578000.0,Annual
E103247,2024-08-08,596000.0,Hire
E103247,2025-04-01,637000.0,Annual
E103248,2024-08-02,505000.0,Hire
E103248,2025-04-01,551000.0,Annual
E103249,2024-08-20,502000.0,Hire
E103249,2025-04-01,536000.0,Annual
E103250,2024-08-09,570000.0,Hire
E103250,2025-04-01,603000.0,Annual
E103251,2024-08-20,632000.0,Hire
E103251,2025-04-01,684000.0,Annual
E103252,2024-08-15,533000.0,Hire
E103252,2025-04-01,565000.0,Annual
E103253,2024-08-10,542000.0,Hire
E103253,2025-04-01,556000.0,Annual
E103254,2024-08-10,607000.0,Hire
E103254,2025-04-01,619000.0,Annual
E103255,2024-08-09,528000.0,Hire
E103255,2025-04-01,540000.0,Annual
E103256,2024-08-01,560000.0,Hire
E103256,2025-04-01,596000.0,Annual
E103257,2024-08-03,597000.0,Hire
E103257,2025-04-01,647000.0,Annual
E103258,2024-08-11,475000.0,Hire
E103258,2025-04-01,545000.0,Annual
E103259,2024-08-07,542000.0,Hire
E103259,2025-04-01,574000.0,Annual
E103260,2024-08-08,713000.0,Hire
E103260,2025-04-01,730000.0,Annual
E103261,2024-08-16,527000.0,Hire
E103261,2025-04-01,557000.0,Annual
E103262,2024-08-12,526000.0,Hire
E103262,2025-04-01,581000.0,Annual
E103263,2024-08-05,442000.0,Hire
E103263,2025-04-01,473000.0,Annual
E103264,2024-08-03,513000.0,Hire
E103265,2024-08-13,417000.0,Hire
E103265,2025-04-01,451000.0,Annual
E103266,2024-08-10,505000.0,Hire
E103266,2025-04-01,541000.0,Annual
E103267,2024-08-10,720000.0,Hire
E103267,2025-04-01,763000.0,Annual
E103268,2024-08-17,461000.0,Hire
E103268,2025-04-01,461000.0,Annual
E103269,2024-08-01,529000.0,Hire
E103269,2025-04-01,563000.0,Annual
E103270,2024-08-06,552000.0,Hire
E103270,2025-04-01,591000.0,Annual
E103271,2024-08-10,468000.0,Hire
E103271,2025-04-01,499000.0,Annual
E103272,2024-08-10,512000.0,Hire
E103272,2025-04-01,542000.0,Annual
E103273,2024-08-20,549000.0,Hire
E103273,2025-04-01,595000.0,Annual
E103274,2024-08-13,531000.0,Hire
E103274,2025-04-01,560000.0,Annual
E103275,2024-08-20,624000.0,Hire
E103275,2025-04-01,693000.0,Annual
E103276,2024-08-08,543000.0,Hire
E103276,2025-04-01,577000.0,Annual
E103277,2024-08-16,532000.0,Hire
E103277,2025-04-01,565000.0,Annual
E103278,2024-08-19,543000.0,Hire
E103278,2025-04-01,587000.0,Annual
E103279,2024-08-06,535000.0,Hire
E103279,2025-04-01,587000.0,Annual
E103280,2024-08-16,515000.0,Hire
E103280,2025-04-01,550000.0,Annual
E103281,2024-08-10,538000.0,Hire
E103281,2025-04-01,605000.0,Annual
E103282,2024-08-08,469000.0,Hire
E103282,2025-04-01,516000.0,Annual
E103283,2024-08-04,552000.0,Hire
E103283,2025-04-01,589000.0,Annual
E103284,2024-08-08,549000.0,Hire
E103284,2025-04-01,560000.0,Annual
E103285,2024-08-17,560000.0,Hire
E103285,2025-04-01,560000.0,Annual
E103286,2024-08-01,541000.0,Hire
E103286,2025-04-01,576000.0,Annual
E103287,2024-08-04,552000.0,Hire
E103287,2025-04-01,620000.0,Annual
E103288,2024-08-07,654000.0,Hire
E103288,2025-04-01,722000.0,Annual
E103289,2024-08-07,589000.0,Hire
E103289,2025-04-01,622000.0,Annual
E103290,2024-08-07,577000.0,Hire
E103290,2025-04-01,642000.0,Annual
E103291,2024-08-17,595000.0,Hire
E103291,2025-04-01,607000.0,Annual
E103292,2024-08-02,460000.0,Hire
E103292,2025-04-01,490000.0,Annual
E103293,2024-08-13,457000.0,Hire
E103293,2025-04-01,485000.0,Annual
E103294,2024-08-08,467000.0,Hire
E103294,2025-04-01,496000.0,Annual
E103295,2024-08-01,492000.0,Hire
E103295,2025-04-01,537000.0,Annual
E103296,2024-08-03,470000.0,Hire
E103296,2025-04-01,481000.0,Annual
E103297,2024-08-03,529000.0,Hire
E103297,2025-04-01,577000.0,Annual
E103298,2024-08-03,621000.0,Hire
E103298,2025-04-01,665000.0,Annual
E103299,2024-08-06,603000.0,Hire
E103299,2025-04-01,619000.0,Annual
E103300,2024-08-02,603000.0,Hire
E103300,2025-04-01,638000.0,Annual
E103301,2024-08-07,643000.0,Hire
E103301,2025-04-01,699000.0,Annual
E103302,2024-08-07,526000.0,Hire
E103302,2025-04-01,560000.0,Annual
E103303,2024-08-04,459000.0,Hire
E103303,2025-04-01,492000.0,Annual
E103304,2024-08-06,543000.0,Hire
E103304,2025-04-01,613000.0,Annual
E103305,2024-08-02,504000.0,Hire
E103306,2024-08-15,595000.0,Hire
E103306,2025-04-01,595000.0,Annual
E103307,2024-08-09,441000.0,Hire
E103307,2025-04-01,503000.0,Annual
E103308,2024-08-15,563000.0,Hire
E103308,2025-04-01,616000.0,Annual
E103309,2024-08-16,616000.0,Hire
E103309,2025-04-01,658000.0,Annual
E103310,2024-08-13,580000.0,Hire
E103310,2025-04-01,594000.0,Annual
E103311,2024-08-07,488000.0,Hire
E103311,2025-04-01,531000.0,Annual
E103312,2024-08-17,683000.0,Hire
E103312,2025-04-01,721000.0,Annual
E103313,2024-08-02,542000.0,Hire
E103313,2025-04-01,575000.0,Annual
E103314,2024-08-05,501000.0,Hire
E103314,2025-04-01,529000.0,Annual
E103315,2024-08-17,480000.0,Hire
E103315,2025-04-01,490000.0,Annual
E103316,2024-08-05,460000.0,Hire
E103316,2025-04-01,485000.0,Annual
E103317,2024-08-04,483000.0,Hire
E103317,2025-04-01,532000.0,Annual
E103318,2024-08-18,489000.0,Hire
E103318,2025-04-01,558000.0,Annual
E103319,2024-08-03,586000.0,Hire
E103319,2025-04-01,625000.0,Annual
E103320,2024-08-06,572000.0,Hire
E103320,2025-04-01,585000.0,Annual
E103321,2024-08-15,492000.0,Hire
E103321,2025-04-01,541000.0,Annual
E103322,2024-08-19,526000.0,Hire
E103322,2025-04-01,562000.0,Annual
E103323,2024-08-14,585000.0,Hire
E103323,2025-04-01,625000.0,Annual
E103324,2024-08-11,564000.0,Hire
E103324,2025-04-01,576000.0,Annual
E103325,2024-08-10,471000.0,Hire
E103325,2025-04-01,503000.0,Annual
E103326,2024-08-02,571000.0,Hire
E103326,2025-04-01,604000.0,Annual
E103327,2024-08-01,740000.0,Hire
E103327,2025-04-01,817000.0,Annual
E103328,2024-08-08,454000.0,Hire
E103328,2025-04-01,464000.0,Annual
E103329,2024-08-01,509000.0,Hire
E103329,2025-04-01,572000.0,Annual
E103330,2024-08-15,580000.0,Hire
E103330,2025-04-01,622000.0,Annual
E103331,2024-08-12,628000.0,Hire
E103331,2025-04-01,712000.0,Annual
E103332,2024-08-13,446000.0,Hire
E103332,2025-04-01,472000.0,Annual
E103333,2024-08-06,478000.0,Hire
E103333,2025-04-01,506000.0,Annual
E103334,2024-08-15,492000.0,Hire
E103334,2025-04-01,560000.0,Annual
E103335,2024-08-18,532000.0,Hire
E103335,2025-04-01,570000.0,Annual
E103336,2024-08-13,584000.0,Hire
E103336,2025-04-01,622000.0,Annual
E103337,2024-08-20,563000.0,Hire
E103337,2025-04-01,622000.0,Annual
E103338,2024-08-10,665000.0,Hire
E103338,2025-04-01,679000.0,Annual
E103339,2024-08-17,555000.0,Hire
E103339,2025-04-01,629000.0,Annual
E103340,2024-08-04,535000.0,Hire
E103340,2025-04-01,567000.0,Annual
E103341,2024-08-13,488000.0,Hire
E103341,2025-04-01,533000.0,Annual
E103342,2024-08-01,523000.0,Hire
E103342,2025-04-01,553000.0,Annual
E103343,2024-08-07,555000.0,Hire
E103343,2025-04-01,593000.0,Annual
E103344,2024-08-16,520000.0,Hire
E103344,2025-04-01,570000.0,Annual
E103345,2024-08-10,551000.0,Hire
E103345,2025-04-01,592000.0,Annual
E103346,2024-08-20,546000.0,Hire
E103346,2025-04-01,592000.0,Annual
E103347,2024-08-13,472000.0,Hire
E103347,2025-04-01,520000.0,Annual
E103348,2024-08-14,521000.0,Hire
E103348,2025-04-01,552000.0,Annual
E103349,2024-08-03,589000.0,Hire
E103349,2025-04-01,623000.0,Annual
E103350,2024-08-19,487000.0,Hire
E103350,2025-04-01,498000.0,Annual
E103351,2024-08-12,518000.0,Hire
E103351,2025-04-01,556000.0,Annual
E103352,2024-08-13,431000.0,Hire
E103352,2025-04-01,461000.0,Annual
E103353,2024-08-07,550000.0,Hire
E103353,2025-04-01,550000.0,Annual
E103354,2024-08-13,531000.0,Hire
E103354,2025-04-01,567000.0,Annual
E103355,2024-08-05,478000.0,Hire
E103355,2025-04-01,522000.0,Annual
E103356,2024-08-06,522000.0,Hire
E103356,2025-04-01,556000.0,Annual
E103357,2024-08-02,458000.0,Hire
E103357,2025-04-01,485000.0,Annual
E103358,2024-08-07,584000.0,Hire
E103358,2025-04-01,625000.0,Annual
E103359,2024-08-19,604000.0,Hire
E103359,2025-04-01,656000.0,Annual
E103360,2024-08-15,555000.0,Hire
E103360,2025-04-01,588000.0,Annual
E103361,2024-08-01,638000.0,Hire
E103361,2025-04-01,698000.0,Annual
E103362,2024-08-03,505000.0,Hire
E103362,2025-04-01,552000.0,Annual
E103363,2024-08-06,500000.0,Hire
E103363,2025-04-01,500000.0,Annual
E103364,2024-08-12,579000.0,Hire
E103364,2025-04-01,641000.0,Annual
E103365,2024-08-20,441000.0,Hire
E103365,2025-04-01,470000.0,Annual
E103366,2024-08-12,630000.0,Hire
E103367,2024-08-05,599000.0,Hire
E103367,2025-04-01,652000.0,Annual
E103368,2024-08-04,523000.0,Hire
E103368,2025-04-01,536000.0,Annual
E103369,2024-08-05,519000.0,Hire
E103369,2025-04-01,571000.0,Annual
E103370,2024-08-16,492000.0,Hire
E103370,2025-04-01,552000.0,Annual
E103371,2024-08-16,484000.0,Hire
E103371,2025-04-01,518000.0,Annual
E103372,2024-08-01,560000.0,Hire
E103372,2025-04-01,571000.0,Annual
E103373,2024-08-07,493000.0,Hire
E103373,2025-04-01,505000.0,Annual
E103374,2024-08-06,520000.0,Hire
E103374,2025-04-01,553000.0,Annual
E103375,2024-08-03,540000.0,Hire
E103375,2025-04-01,614000.0,Annual
E103376,2024-08-19,474000.0,Hire
E103376,2025-04-01,474000.0,Annual
E103377,2024-08-06,445000.0,Hire
E103377,2025-04-01,473000.0,Annual
E103378,2024-08-13,618000.0,Hire
E103378,2025-04-01,632000.0,Annual
E103379,2024-08-04,557000.0,Hire
E103379,2025-04-01,594000.0,Annual
E103380,2024-08-19,551000.0,Hire
E103380,2025-04-01,586000.0,Annual
E103381,2024-08-11,452000.0,Hire
E103381,2025-04-01,500000.0,Annual
E103382,2024-08-05,511000.0,Hire
E103382,2025-04-01,563000.0,Annual
E103383,2024-08-15,515000.0,Hire
E103383,2025-04-01,527000.0,Annual
E103384,2024-08-11,524000.0,Hire
E103384,2025-04-01,557000.0,Annual
E103385,2024-08-07,434000.0,Hire
E103385,2025-04-01,498000.0,Annual
E103386,2024-08-14,626000.0,Hire
E103386,2025-04-01,691000.0,Annual
E103387,2024-08-15,544000.0,Hire
E103387,2025-04-01,555000.0,Annual
E103388,2024-08-13,659000.0,Hire
E103388,2025-04-01,701000.0,Annual
E103389,2024-08-07,585000.0,Hire
E103389,2025-04-01,645000.0,Annual
E103390,2024-08-04,534000.0,Hire
E103390,2025-04-01,569000.0,Annual
E103391,2024-08-13,510000.0,Hire
E103391,2025-04-01,545000.0,Annual
E103392,2024-08-11,603000.0,Hire
E103392,2025-04-01,680000.0,Annual
E103393,2024-08-14,543000.0,Hire
E103393,2025-04-01,574000.0,Annual
E103394,2024-08-17,493000.0,Hire
E103394,2025-04-01,528000.0,Annual
E103395,2024-08-14,500000.0,Hire
E103395,2025-04-01,540000.0,Annual
E103396,2024-08-05,615000.0,Hire
E103396,2025-04-01,652000.0,Annual
E103397,2024-08-01,486000.0,Hire
E103397,2025-04-01,528000.0,Annual
E103398,2024-08-15,558000.0,Hire
E103398,2025-04-01,612000.0,Annual
E103399,2024-08-05,591000.0,Hire
E103399,2025-04-01,630000.0,Annual
E103400,2024-08-11,451000.0,Hire
E103401,2024-08-06,502000.0,Hire
E103402,2024-08-10,494000.0,Hire
E103402,2025-04-01,505000.0,Annual
E103403,2024-08-03,417000.0,Hire
E103403,2025-04-01,425000.0,Annual
E103404,2024-08-01,544000.0,Hire
E103404,2025-04-01,575000.0,Annual
E103405,2024-08-11,525000.0,Hire
E103405,2025-04-01,536000.0,Annual
E103406,2024-08-10,652000.0,Hire
E103406,2025-04-01,652000.0,Annual
E103407,2024-08-09,654000.0,Hire
E103407,2025-04-01,691000.0,Annual
E103408,2024-08-01,463000.0,Hire
E103408,2025-04-01,492000.0,Annual
E103409,2024-08-13,567000.0,Hire
E103409,2025-04-01,605000.0,Annual
E103410,2024-08-04,417000.0,Hire
E103411,2024-08-13,499000.0,Hire
E103411,2025-04-01,533000.0,Annual
E103412,2024-08-01,678000.0,Hire
E103412,2025-04-01,726000.0,Annual
E103413,2024-08-07,482000.0,Hire
E103413,2025-04-01,512000.0,Annual
E103414,2024-08-12,550000.0,Hire
E103414,2025-04-01,581000.0,Annual
E103415,2024-08-16,491000.0,Hire
E103415,2025-04-01,523000.0,Annual
E103416,2024-08-16,613000.0,Hire
E103416,2025-04-01,668000.0,Annual
E103417,2024-08-02,649000.0,Hire
E103417,2025-04-01,716000.0,Annual
E103418,2024-08-02,504000.0,Hire
E103418,2025-04-01,537000.0,Annual
E103419,2024-08-04,501000.0,Hire
E103419,2025-04-01,543000.0,Annual
E103420,2024-08-01,502000.0,Hire
E103420,2025-04-01,513000.0,Annual
E103421,2024-08-15,463000.0,Hire
E103421,2025-04-01,475000.0,Annual
E103422,2024-08-08,611000.0,Hire
E103422,2025-04-01,646000.0,Annual
E103423,2024-08-10,485000.0,Hire
E103423,2025-04-01,556000.0,Annual
E103424,2024-08-08,527000.0,Hire
E103424,2025-04-01,561000.0,Annual
E103425,2024-08-10,636000.0,Hire
E103425,2025-04-01,675000.0,Annual
E103426,2024-08-13,482000.0,Hire
E103426,2025-04-01,523000.0,Annual
E103427,2024-08-03,493000.0,Hire
E103427,2025-04-01,521000.0,Annual
E103428,2024-08-13,553000.0,Hire
E103428,2025-04-01,566000.0,Annual
E103429,2024-08-05,558000.0,Hire
E103429,2025-04-01,597000.0,Annual
E103430,2024-08-08,624000.0,Hire
E103430,2025-04-01,670000.0,Annual
E103431,2024-08-04,532000.0,Hire
E103431,2025-04-01,563000.0,Annual
E103432,2024-08-08,539000.0,Hire
E103433,2024-08-01,541000.0,Hire
E103433,2025-04-01,588000.0,Annual
E103434,2024-08-28,1722000.0,Hire
E103434,2025-04-01,1880000.0,Annual
E103435,2024-08-26,1638000.0,Hire
E103435,2025-04-01,1675000.0,Annual
E103436,2024-08-20,1410000.0,Hire
E103436,2025-04-01,1549000.0,Annual
E103437,2024-08-30,956000.0,Hire
E103437,2025-04-01,1053000.0,Annual
E103438,2024-08-18,2732000.0,Hire
E103438,2025-04-01,2888000.0,Annual
E103439,2024-08-10,1832000.0,Hire
E103439,2025-04-01,1959000.0,Annual
E103440,2024-08-26,627000.0,Hire
E103441,2024-08-02,516000.0,Hire
E103441,2025-04-01,554000.0,Annual
E103442,2024-08-13,1774000.0,Hire
E103442,2025-04-01,2036000.0,Annual
E103443,2024-08-22,1132000.0,Hire
E103443,2025-04-01,1197000.0,Annual
E103444,2024-08-24,979000.0,Hire
E103444,2025-04-01,998000.0,Annual
E103445,2024-08-13,614000.0,Hire
E103445,2025-04-01,654000.0,Annual
E103446,2024-08-13,1039000.0,Hire
E103446,2025-04-01,1105000.0,Annual
E103447,2024-08-29,556000.0,Hire
E103447,2025-04-01,636000.0,Annual
E103448,2024-08-10,1752000.0,Hire
E103448,2025-04-01,1913000.0,Annual
E103449,2024-08-30,700000.0,Hire
E103449,2025-04-01,700000.0,Annual
E103450,2024-08-18,1444000.0,Hire
E103450,2025-04-01,1541000.0,Annual
E103451,2024-08-09,514000.0,Hire
E103451,2025-04-01,525000.0,Annual
E103452,2024-08-23,547000.0,Hire
E103452,2025-04-01,626000.0,Annual
E103453,2024-08-17,980000.0,Hire
E103453,2025-04-01,1068000.0,Annual
E103454,2024-08-12,524000.0,Hire
E103454,2025-04-01,569000.0,Annual
E103455,2024-08-13,926000.0,Hire
E103455,2025-04-01,994000.0,Annual
E103456,2024-08-04,1918000.0,Hire
E103456,2025-04-01,2040000.0,Annual
E103457,2024-08-12,2545000.0,Hire
E103457,2025-04-01,2911000.0,Annual
E103458,2024-08-02,576000.0,Hire
E103458,2025-04-01,626000.0,Annual
E103459,2024-08-01,721000.0,Hire
E103459,2025-04-01,769000.0,Annual
E103460,2024-08-30,3445000.0,Hire
E103460,2025-04-01,3639000.0,Annual
E103461,2024-08-21,499000.0,Hire
E103461,2025-04-01,540000.0,Annual
E103462,2024-08-22,1149000.0,Hire
E103462,2025-04-01,1228000.0,Annual
E103463,2024-08-07,506000.0,Hire
E103463,2025-04-01,536000.0,Annual
E103464,2024-08-06,1468000.0,Hire
E103464,2025-04-01,1647000.0,Annual
E103465,2024-08-23,1461000.0,Hire
E103465,2025-04-01,1547000.0,Annual
E103466,2024-09-04,3068000.0,Hire
E103466,2025-04-01,3396000.0,Annual
E103467,2024-09-01,585000.0,Hire
E103467,2025-04-01,622000.0,Annual
E103468,2024-09-08,1613000.0,Hire
E103468,2025-04-01,1713000.0,Annual
E103469,2024-09-11,1173000.0,Hire
E103469,2025-04-01,1338000.0,Annual
E103470,2024-09-09,996000.0,Hire
E103470,2025-04-01,1069000.0,Annual
E103471,2024-09-30,474000.0,Hire
E103471,2025-04-01,507000.0,Annual
E103472,2024-09-12,529000.0,Hire
E103472,2025-04-01,579000.0,Annual
E103473,2024-09-19,491000.0,Hire
E103473,2025-04-01,540000.0,Annual
E103474,2024-09-11,1859000.0,Hire
E103474,2025-04-01,1993000.0,Annual
E103475,2024-09-10,1829000.0,Hire
E103475,2025-04-01,1945000.0,Annual
E103476,2024-09-04,529000.0,Hire
E103476,2025-04-01,567000.0,Annual
E103477,2024-09-25,541000.0,Hire
E103477,2025-04-01,576000.0,Annual
E103478,2024-09-08,1010000.0,Hire
E103478,2025-04-01,1105000.0,Annual
E103479,2024-09-07,883000.0,Hire
E103479,2025-04-01,946000.0,Annual
E103480,2024-09-15,489000.0,Hire
E103480,2025-04-01,518000.0,Annual
E103481,2024-09-10,462000.0,Hire
E103481,2025-04-01,490000.0,Annual
E103482,2024-09-19,755000.0,Hire
E103482,2025-04-01,805000.0,Annual
E103483,2024-09-17,514000.0,Hire
E103483,2025-04-01,582000.0,Annual
E103484,2024-09-10,605000.0,Hire
E103484,2025-04-01,647000.0,Annual
E103485,2024-09-17,1078000.0,Hire
E103485,2025-04-01,1142000.0,Annual
E103486,2024-09-17,1039000.0,Hire
E103486,2025-04-01,1060000.0,Annual
E103487,2024-09-24,494000.0,Hire
E103487,2025-04-01,530000.0,Annual
E103488,2024-09-01,2984000.0,Hire
E103488,2025-04-01,3200000.0,Annual
E103489,2024-09-28,1104000.0,Hire
E103489,2025-04-01,1180000.0,Annual
E103490,2024-09-27,543000.0,Hire
E103490,2025-04-01,581000.0,Annual
E103491,2024-09-18,593000.0,Hire
E103491,2025-04-01,644000.0,Annual
E103492,2024-09-16,1014000.0,Hire
E103492,2025-04-01,1079000.0,Annual
E103493,2024-09-12,1125000.0,Hire
E103493,2025-04-01,1201000.0,Annual
E103494,2024-10-02,3943000.0,Hire
E103494,2025-04-01,4422000.0,Annual
E103495,2024-10-28,6305000.0,Hire
E103496,2024-10-21,1679000.0,Hire
E103497,2024-10-05,3500000.0,Hire
E103498,2024-10-17,2385000.0,Hire
E103499,2024-10-10,581000.0,Hire
E103500,2024-10-28,2791000.0,Hire
E103501,2024-10-28,934000.0,Hire
E103502,2024-10-14,879000.0,Hire
E103503,2024-10-13,987000.0,Hire
E103504,2024-10-25,563000.0,Hire
E103505,2024-10-12,631000.0,Hire
E103506,2024-10-24,656000.0,Hire
E103507,2024-10-06,450000.0,Hire
E103508,2024-10-23,540000.0,Hire
E103509,2024-10-30,874000.0,Hire
E103510,2024-10-21,2011000.0,Hire
E103511,2024-10-22,894000.0,Hire
E103512,2024-10-08,1251000.0,Hire
E103513,2024-10-27,4202000.0,Hire
E103514,2024-10-09,822000.0,Hire
E103515,2024-10-29,566000.0,Hire
E103516,2024-10-29,911000.0,Hire
E103517,2024-10-25,595000.0,Hire
E103518,2024-10-26,1864000.0,Hire
E103519,2024-11-07,1796000.0,Hire
E103520,2024-11-17,3321000.0,Hire
E103521,2024-11-18,1843000.0,Hire
E103522,2024-11-22,1362000.0,Hire
E103523,2024-11-01,960000.0,Hire
E103524,2024-11-16,1751000.0,Hire
E103525,2024-11-15,1871000.0,Hire
E103526,2024-11-01,1943000.0,Hire
E103527,2024-11-21,6458000.0,Hire
E103528,2024-11-11,939000.0,Hire
E103529,2024-11-03,2094000.0,Hire
E103530,2024-11-09,4609000.0,Hire
E103531,2024-11-30,1030000.0,Hire
E103532,2024-11-15,1098000.0,Hire
E103533,2024-11-18,469000.0,Hire
E103534,2024-11-05,1831000.0,Hire
E103535,2024-11-13,1054000.0,Hire
E103536,2024-11-01,835000.0,Hire
E103537,2024-11-16,1164000.0,Hire
E103538,2024-11-09,475000.0,Hire
E103539,2024-11-11,897000.0,Hire
E103540,2024-11-16,622000.0,Hire
E103541,2024-11-22,555000.0,Hire
E103542,2024-11-30,774000.0,Hire
E103543,2024-11-17,1727000.0,Hire
E103544,2024-11-13,549000.0,Hire
E103545,2024-11-04,690000.0,Hire
E103546,2024-11-02,1636000.0,Hire
E103547,2024-11-22,605000.0,Hire
E103548,2024-11-04,443000.0,Hire
E103549,2024-11-19,1118000.0,Hire
E103550,2024-11-07,612000.0,Hire
E103551,2024-11-29,2044000.0,Hire
E103552,2024-11-23,494000.0,Hire
E103553,2024-11-27,556000.0,Hire
E103554,2024-12-10,3611000.0,Hire
E103555,2024-12-15,882000.0,Hire
E103556,2024-12-05,1810000.0,Hire
E103557,2024-12-22,500000.0,Hire
E103558,2024-12-23,1073000.0,Hire
E103559,2024-12-10,1729000.0,Hire
E103560,2024-12-30,966000.0,Hire
E103561,2024-12-14,4254000.0,Hire
E103562,2024-12-08,1580000.0,Hire
E103563,2024-12-02,563000.0,Hire
E103564,2024-12-08,611000.0,Hire
E103565,2024-12-07,500000.0,Hire
E103566,2024-12-21,1975000.0,Hire
E103567,2024-12-31,2065000.0,Hire
E103568,2024-12-26,632000.0,Hire
E103569,2024-12-03,1044000.0,Hire
E103570,2024-12-01,418000.0,Hire
E103571,2024-12-18,498000.0,Hire
E103572,2024-12-06,1134000.0,Hire
E103573,2024-12-03,783000.0,Hire
E103574,2024-12-05,446000.0,Hire
E103575,2024-12-13,1052000.0,Hire
E103576,2024-12-31,1843000.0,Hire
E103577,2024-12-20,1904000.0,Hire
E103578,2024-12-07,575000.0,Hire
E103579,2024-12-12,776000.0,Hire
E103580,2024-12-27,1003000.0,Hire
E103581,2024-12-29,1009000.0,Hire
E103582,2024-12-30,2068000.0,Hire
E103583,2024-12-11,905000.0,Hire
E103584,2024-12-24,835000.0,Hire
E103585,2024-12-24,1713000.0,Hire
E103586,2024-12-22,633000.0,Hire
E103587,2024-12-26,1050000.0,Hire
E103588,2024-12-28,1025000.0,Hire
E103589,2024-12-11,883000.0,Hire
E103590,2024-12-19,2093000.0,Hire
E103591,2024-12-30,1014000.0,Hire
E103592,2024-12-01,644000.0,Hire
E103593,2024-12-24,508000.0,Hire
E103594,2024-12-22,1885000.0,Hire
E103595,2024-12-27,882000.0,Hire
E103596,2024-12-25,954000.0,Hire
E103597,2024-12-18,777000.0,Hire
E103598,2025-01-21,2964000.0,Hire
E103599,2025-01-02,2102000.0,Hire
E103600,2025-01-05,663000.0,Hire
E103601,2025-01-07,2164000.0,Hire
E103602,2025-01-08,1847000.0,Hire
E103603,2025-01-02,598000.0,Hire
E103604,2025-01-04,941000.0,Hire
E103605,2025-01-21,1591000.0,Hire
E103606,2025-01-22,1132000.0,Hire
E103607,2025-01-31,1665000.0,Hire
E103608,2025-01-03,518000.0,Hire
E103609,2025-01-17,3734000.0,Hire
E103610,2025-01-07,413000.0,Hire
E103611,2025-01-28,1687000.0,Hire
E103612,2025-01-21,554000.0,Hire
E103613,2025-01-23,1167000.0,Hire
E103614,2025-01-31,530000.0,Hire
E103615,2025-02-01,2115000.0,Hire
E103616,2025-02-22,914000.0,Hire
E103617,2025-02-21,2648000.0,Hire
E103618,2025-02-08,556000.0,Hire
E103619,2025-02-04,1040000.0,Hire
E103620,2025-02-03,3270000.0,Hire
E103621,2025-02-08,950000.0,Hire
E103622,2025-02-22,1096000.0,Hire
E103623,2025-02-08,390000.0,Hire
E103624,2025-02-24,2526000.0,Hire
E103625,2025-02-12,600000.0,Hire
E103626,2025-02-05,1744000.0,Hire
E103627,2025-02-04,1952000.0,Hire
E103628,2025-02-08,574000.0,Hire
E103629,2025-02-07,849000.0,Hire
E103630,2025-02-02,1628000.0,Hire
E103631,2025-02-21,4647000.0,Hire
E103632,2025-02-02,897000.0,Hire
E103633,2025-02-02,1091000.0,Hire
E103634,2025-02-27,1716000.0,Hire
E103635,2025-02-10,517000.0,Hire
E103636,2025-02-04,1556000.0,Hire
E103637,2025-02-24,3397000.0,Hire
E103638,2025-02-28,1006000.0,Hire
E103639,2025-02-23,1834000.0,Hire
E103640,2025-03-03,2910000.0,Hire
E103641,2025-03-03,883000.0,Hire
E103642,2025-03-10,1659000.0,Hire
E103643,2025-03-02,1045000.0,Hire
E103644,2025-03-08,1536000.0,Hire
E103645,2025-03-18,1752000.0,Hire
E103646,2025-03-05,1642000.0,Hire
E103647,2025-03-15,599000.0,Hire
E103648,2025-03-01,969000.0,Hire
E103649,2025-03-11,1129000.0,Hire
E103650,2025-03-17,1567000.0,Hire
E103651,2025-03-24,1628000.0,Hire
E103652,2025-03-31,1473000.0,Hire
E103653,2025-03-06,1018000.0,Hire
E103654,2025-03-27,6898000.0,Hire
E103655,2025-03-22,1072000.0,Hire
E103656,2025-03-10,2264000.0,Hire
E103657,2025-03-19,567000.0,Hire
E103658,2025-03-16,1731000.0,Hire
E103659,2025-03-20,492000.0,Hire
E103660,2025-03-05,610000.0,Hire
E103661,2025-03-13,980000.0,Hire
E103662,2025-03-25,1434000.0,Hire
E103663,2025-03-25,1750000.0,Hire
E103664,2025-03-21,3381000.0,Hire
E103665,2025-03-16,2233000.0,Hire
E103666,2025-03-08,464000.0,Hire
E103667,2025-03-29,1528000.0,Hire
E103668,2025-04-07,4408000.0,Hire
E103669,2025-04-19,4418000.0,Hire
E103670,2025-04-30,1744000.0,Hire
E103671,2025-04-02,3384000.0,Hire
E103672,2025-04-30,1211000.0,Hire
E103673,2025-04-18,699000.0,Hire
E103674,2025-04-01,3441000.0,Hire
E103675,2025-04-02,1090000.0,Hire
E103676,2025-04-24,2191000.0,Hire
E103677,2025-04-07,1884000.0,Hire
E103678,2025-04-17,2908000.0,Hire
E103679,2025-04-10,1759000.0,Hire
E103680,2025-04-24,3102000.0,Hire
E103681,2025-04-10,1985000.0,Hire
E103682,2025-04-02,473000.0,Hire
E103683,2025-04-26,603000.0,Hire
E103684,2025-04-13,2165000.0,Hire
E103685,2025-04-05,6589000.0,Hire
E103686,2025-04-19,974000.0,Hire
E103687,2025-04-13,2632000.0,Hire
E103688,2025-04-01,1095000.0,Hire
E103689,2025-04-16,694000.0,Hire
E103690,2025-04-14,962000.0,Hire
E103691,2025-04-22,1086000.0,Hire
E103692,2025-04-27,2829000.0,Hire
E103693,2025-04-07,748000.0,Hire
E103694,2025-04-30,1209000.0,Hire
E103695,2025-04-29,769000.0,Hire
E103696,2025-04-06,450000.0,Hire
E103697,2025-04-12,559000.0,Hire
E103698,2025-04-12,1007000.0,Hire
E103699,2025-04-30,1055000.0,Hire
E103700,2025-04-23,1749000.0,Hire
E103701,2025-04-29,503000.0,Hire
E103702,2025-04-17,542000.0,Hire
E103703,2025-04-23,635000.0,Hire
E103704,2025-04-20,554000.0,Hire
E103705,2025-04-26,523000.0,Hire
E103706,2025-04-24,1680000.0,Hire
E103707,2025-04-23,1628000.0,Hire
E103708,2025-05-16,1216000.0,Hire
E103709,2025-05-06,1599000.0,Hire
E103710,2025-05-06,1034000.0,Hire
E103711,2025-05-18,2832000.0,Hire
E103712,2025-05-01,1248000.0,Hire
E103713,2025-05-19,1002000.0,Hire
E103714,2025-05-31,1403000.0,Hire
E103715,2025-05-30,1031000.0,Hire
E103716,2025-05-10,619000.0,Hire
E103717,2025-05-20,1005000.0,Hire
E103718,2025-05-14,803000.0,Hire
E103719,2025-05-08,4103000.0,Hire
E103720,2025-05-24,2011000.0,Hire
E103721,2025-05-08,1580000.0,Hire
E103722,2025-05-06,3846000.0,Hire
E103723,2025-05-29,1966000.0,Hire
E103724,2025-05-29,1681000.0,Hire
E103725,2025-05-15,2984000.0,Hire
E103726,2025-05-28,678000.0,Hire
E103727,2025-05-10,915000.0,Hire
E103728,2025-05-31,2428000.0,Hire
E103729,2025-05-31,4518000.0,Hire
E103730,2025-06-12,2815000.0,Hire
E103731,2025-06-13,1105000.0,Hire
E103732,2025-06-12,7230000.0,Hire
E103733,2025-06-22,1269000.0,Hire
E103734,2025-06-17,1417000.0,Hire
E103735,2025-06-07,1205000.0,Hire
E103736,2025-06-22,1264000.0,Hire
E103737,2025-06-28,642000.0,Hire
E103738,2025-06-07,550000.0,Hire
E103739,2025-06-24,2178000.0,Hire
E103740,2025-06-13,1118000.0,Hire
E103741,2025-06-10,681000.0,Hire
E103742,2025-06-13,1122000.0,Hire
E103743,2025-06-12,700000.0,Hire
E103744,2025-06-10,652000.0,Hire
E103745,2025-06-21,1744000.0,Hire
E103746,2025-06-25,3174000.0,Hire
E103747,2025-06-03,606000.0,Hire
E103748,2025-06-25,508000.0,Hire
E103749,2025-06-16,624000.0,Hire
E103750,2025-06-16,517000.0,Hire
E103751,2025-06-21,583000.0,Hire
E103752,2025-06-22,536000.0,Hire
E103753,2025-06-14,651000.0,Hire
E103754,2025-06-22,1941000.0,Hire
E103755,2025-06-07,1075000.0,Hire
E103756,2025-06-06,831000.0,Hire
E103757,2025-07-15,2827000.0,Hire
E103758,2025-07-02,1020000.0,Hire
E103759,2025-07-08,3309000.0,Hire
E103760,2025-07-10,1543000.0,Hire
E103761,2025-07-29,1832000.0,Hire
E103762,2025-07-02,1068000.0,Hire
E103763,2025-07-04,928000.0,Hire
E103764,2025-07-12,2648000.0,Hire
E103765,2025-07-13,1083000.0,Hire
E103766,2025-07-28,887000.0,Hire
E103767,2025-07-19,1157000.0,Hire
E103768,2025-07-09,502000.0,Hire
E103769,2025-07-15,549000.0,Hire
E103770,2025-07-21,471000.0,Hire
E103771,2025-07-19,1899000.0,Hire
E103772,2025-07-06,4155000.0,Hire
E103773,2025-07-23,2273000.0,Hire
E103774,2025-07-26,1112000.0,Hire
E103775,2025-07-08,887000.0,Hire
E103776,2025-07-12,534000.0,Hire
E103777,2025-07-21,744000.0,Hire
E103778,2025-07-04,1494000.0,Hire
E103779,2025-07-25,647000.0,Hire
E103780,2025-07-23,461000.0,Hire
E103781,2025-07-12,1050000.0,Hire
E103782,2025-07-03,437000.0,Hire
E103783,2025-07-16,1727000.0,Hire
E103784,2025-07-25,1287000.0,Hire
E103785,2025-07-31,1880000.0,Hire
E103786,2025-07-30,1977000.0,Hire
E103787,2025-07-13,1744000.0,Hire
E103788,2025-07-13,2110000.0,Hire
E103789,2025-07-17,581000.0,Hire
E103790,2025-07-05,541000.0,Hire
E103791,2025-07-21,639000.0,Hire
E103792,2025-07-12,1078000.0,Hire
E103793,2025-07-25,1104000.0,Hire
E103794,2025-07-23,873000.0,Hire
E103795,2025-07-26,477000.0,Hire
E103796,2025-08-25,3039000.0,Hire
E103797,2025-08-11,668000.0,Hire
E103798,2025-08-08,570000.0,Hire
E103799,2025-08-19,647000.0,Hire
E103800,2025-08-13,513000.0,Hire
E103801,2025-08-04,533000.0,Hire
E103802,2025-08-02,462000.0,Hire
E103803,2025-08-14,589000.0,Hire
E103804,2025-08-19,606000.0,Hire
E103805,2025-08-20,453000.0,Hire
E103806,2025-08-03,650000.0,Hire
E103807,2025-08-17,553000.0,Hire
E103808,2025-08-13,516000.0,Hire
E103809,2025-08-10,562000.0,Hire
E103810,2025-08-13,599000.0,Hire
E103811,2025-08-14,629000.0,Hire
E103812,2025-08-17,735000.0,Hire
E103813,2025-08-15,531000.0,Hire
E103814,2025-08-03,563000.0,Hire
E103815,2025-08-19,495000.0,Hire
E103816,2025-08-02,742000.0,Hire
E103817,2025-08-11,517000.0,Hire
E103818,2025-08-02,536000.0,Hire
E103819,2025-08-18,479000.0,Hire
E103820,2025-08-18,544000.0,Hire
E103821,2025-08-14,468000.0,Hire
E103822,2025-08-19,657000.0,Hire
E103823,2025-08-19,732000.0,Hire
E103824,2025-08-10,553000.0,Hire
E103825,2025-08-15,476000.0,Hire
E103826,2025-08-10,505000.0,Hire
E103827,2025-08-02,585000.0,Hire
E103828,2025-08-14,651000.0,Hire
E103829,2025-08-03,548000.0,Hire
E103830,2025-08-04,614000.0,Hire
E103831,2025-08-16,566000.0,Hire
E103832,2025-08-15,562000.0,Hire
E103833,2025-08-02,601000.0,Hire
E103834,2025-08-03,576000.0,Hire
E103835,2025-08-19,495000.0,Hire
E103836,2025-08-16,498000.0,Hire
E103837,2025-08-10,649000.0,Hire
E103838,2025-08-02,516000.0,Hire
E103839,2025-08-14,661000.0,Hire
E103840,2025-08-12,583000.0,Hire
E103841,2025-08-19,554000.0,Hire
E103842,2025-08-14,532000.0,Hire
E103843,2025-08-17,685000.0,Hire
E103844,2025-08-05,556000.0,Hire
E103845,2025-08-19,501000.0,Hire
E103846,2025-08-01,503000.0,Hire
E103847,2025-08-12,569000.0,Hire
E103848,2025-08-02,534000.0,Hire
E103849,2025-08-12,508000.0,Hire
E103850,2025-08-15,664000.0,Hire
E103851,2025-08-15,651000.0,Hire
E103852,2025-08-02,596000.0,Hire
E103853,2025-08-01,613000.0,Hire
E103854,2025-08-03,541000.0,Hire
E103855,2025-08-05,586000.0,Hire
E103856,2025-08-15,506000.0,Hire
E103857,2025-08-04,571000.0,Hire
E103858,2025-08-13,611000.0,Hire
E103859,2025-08-18,534000.0,Hire
E103860,2025-08-19,618000.0,Hire
E103861,2025-08-20,535000.0,Hire
E103862,2025-08-12,546000.0,Hire
E103863,2025-08-17,570000.0,Hire
E103864,2025-08-03,604000.0,Hire
E103865,2025-08-11,512000.0,Hire
E103866,2025-08-14,447000.0,Hire
E103867,2025-08-13,624000.0,Hire
E103868,2025-08-13,601000.0,Hire
E103869,2025-08-06,575000.0,Hire
E103870,2025-08-10,545000.0,Hire
E103871,2025-08-03,541000.0,Hire
E103872,2025-08-08,773000.0,Hire
E103873,2025-08-14,495000.0,Hire
E103874,2025-08-07,647000.0,Hire
E103875,2025-08-14,653000.0,Hire
E103876,2025-08-11,581000.0,Hire
E103877,2025-08-06,536000.0,Hire
E103878,2025-08-12,598000.0,Hire
E103879,2025-08-19,590000.0,Hire
E103880,2025-08-11,692000.0,Hire
E103881,2025-08-03,594000.0,Hire
E103882,2025-08-11,571000.0,Hire
E103883,2025-08-06,503000.0,Hire
E103884,2025-08-06,670000.0,Hire
E103885,2025-08-14,661000.0,Hire
E103886,2025-08-18,552000.0,Hire
E103887,2025-08-11,564000.0,Hire
E103888,2025-08-03,579000.0,Hire
E103889,2025-08-14,685000.0,Hire
E103890,2025-08-16,433000.0,Hire
E103891,2025-08-17,488000.0,Hire
E103892,2025-08-17,610000.0,Hire
E103893,2025-08-05,690000.0,Hire
E103894,2025-08-04,543000.0,Hire
E103895,2025-08-19,749000.0,Hire
E103896,2025-08-15,615000.0,Hire
E103897,2025-08-04,470000.0,Hire
E103898,2025-08-12,527000.0,Hire
E103899,2025-08-13,634000.0,Hire
E103900,2025-08-15,557000.0,Hire
E103901,2025-08-17,571000.0,Hire
E103902,2025-08-06,509000.0,Hire
E103903,2025-08-08,485000.0,Hire
E103904,2025-08-01,533000.0,Hire
E103905,2025-08-16,522000.0,Hire
E103906,2025-08-03,534000.0,Hire
E103907,2025-08-20,583000.0,Hire
E103908,2025-08-12,623000.0,Hire
E103909,2025-08-13,594000.0,Hire
E103910,2025-08-09,704000.0,Hire
E103911,2025-08-08,645000.0,Hire
E103912,2025-08-20,613000.0,Hire
E103913,2025-08-01,505000.0,Hire
E103914,2025-08-13,628000.0,Hire
E103915,2025-08-07,568000.0,Hire
E103916,2025-08-08,690000.0,Hire
E103917,2025-08-19,642000.0,Hire
E103918,2025-08-03,568000.0,Hire
E103919,2025-08-12,561000.0,Hire
E103920,2025-08-16,546000.0,Hire
E103921,2025-08-10,657000.0,Hire
E103922,2025-08-17,645000.0,Hire
E103923,2025-08-19,682000.0,Hire
E103924,2025-08-11,607000.0,Hire
E103925,2025-08-08,579000.0,Hire
E103926,2025-08-12,692000.0,Hire
E103927,2025-08-08,582000.0,Hire
E103928,2025-08-14,487000.0,Hire
E103929,2025-08-18,564000.0,Hire
E103930,2025-08-15,564000.0,Hire
E103931,2025-08-01,505000.0,Hire
E103932,2025-08-15,656000.0,Hire
E103933,2025-08-11,642000.0,Hire
E103934,2025-08-18,665000.0,Hire
E103935,2025-08-07,684000.0,Hire
E103936,2025-08-06,557000.0,Hire
E103937,2025-08-10,667000.0,Hire
E103938,2025-08-20,570000.0,Hire
E103939,2025-08-16,522000.0,Hire
E103940,2025-08-05,479000.0,Hire
E103941,2025-08-10,495000.0,Hire
E103942,2025-08-04,696000.0,Hire
E103943,2025-08-09,581000.0,Hire
E103944,2025-08-12,556000.0,Hire
E103945,2025-08-03,597000.0,Hire
E103946,2025-08-17,635000.0,Hire
E103947,2025-08-08,568000.0,Hire
E103948,2025-08-14,622000.0,Hire
E103949,2025-08-10,492000.0,Hire
E103950,2025-08-06,681000.0,Hire
E103951,2025-08-19,586000.0,Hire
E103952,2025-08-08,505000.0,Hire
E103953,2025-08-12,564000.0,Hire
E103954,2025-08-14,420000.0,Hire
E103955,2025-08-13,636000.0,Hire
E103956,2025-08-02,455000.0,Hire
E103957,2025-08-19,682000.0,Hire
E103958,2025-08-01,619000.0,Hire
E103959,2025-08-02,623000.0,Hire
E103960,2025-08-18,653000.0,Hire
E103961,2025-08-20,582000.0,Hire
E103962,2025-08-04,621000.0,Hire
E103963,2025-08-07,609000.0,Hire
E103964,2025-08-05,518000.0,Hire
E103965,2025-08-08,596000.0,Hire
E103966,2025-08-07,514000.0,Hire
E103967,2025-08-07,515000.0,Hire
E103968,2025-08-19,532000.0,Hire
E103969,2025-08-15,630000.0,Hire
E103970,2025-08-17,563000.0,Hire
E103971,2025-08-09,635000.0,Hire
E103972,2025-08-19,693000.0,Hire
E103973,2025-08-11,509000.0,Hire
E103974,2025-08-04,531000.0,Hire
E103975,2025-08-16,654000.0,Hire
E103976,2025-08-06,523000.0,Hire
E103977,2025-08-15,494000.0,Hire
E103978,2025-08-03,490000.0,Hire
E103979,2025-08-14,707000.0,Hire
E103980,2025-08-03,676000.0,Hire
E103981,2025-08-07,552000.0,Hire
E103982,2025-08-17,600000.0,Hire
E103983,2025-08-02,531000.0,Hire
E103984,2025-08-05,535000.0,Hire
E103985,2025-08-20,499000.0,Hire
E103986,2025-08-16,550000.0,Hire
E103987,2025-08-18,659000.0,Hire
E103988,2025-08-12,708000.0,Hire
E103989,2025-08-13,637000.0,Hire
E103990,2025-08-15,547000.0,Hire
E103991,2025-08-17,568000.0,Hire
E103992,2025-08-10,463000.0,Hire
E103993,2025-08-07,2314000.0,Hire
E103994,2025-08-02,2335000.0,Hire
E103995,2025-08-07,2107000.0,Hire
E103996,2025-08-25,561000.0,Hire
E103997,2025-08-17,1133000.0,Hire
E103998,2025-08-20,3516000.0,Hire
E103999,2025-08-29,1777000.0,Hire
E104000,2025-08-13,2266000.0,Hire
E104001,2025-08-04,855000.0,Hire
E104002,2025-08-20,847000.0,Hire
E104003,2025-08-17,1353000.0,Hire
E104004,2025-08-19,1153000.0,Hire
E104005,2025-08-25,3549000.0,Hire
E104006,2025-08-22,641000.0,Hire
E104007,2025-08-09,1748000.0,Hire
E104008,2025-08-22,928000.0,Hire
E104009,2025-08-19,4449000.0,Hire
E104010,2025-08-12,866000.0,Hire
E104011,2025-08-02,994000.0,Hire
E104012,2025-08-14,1147000.0,Hire
E104013,2025-08-08,639000.0,Hire
E104014,2025-08-06,1201000.0,Hire
E104015,2025-08-07,1172000.0,Hire
E104016,2025-09-11,7912000.0,Hire
E104017,2025-09-04,2958000.0,Hire
E104018,2025-09-08,1842000.0,Hire
E104019,2025-09-18,3186000.0,Hire
E104020,2025-09-07,763000.0,Hire
E104021,2025-09-12,5054000.0,Hire
E104022,2025-09-03,1854000.0,Hire
E104023,2025-09-02,991000.0,Hire
E104024,2025-09-24,1120000.0,Hire
E104025,2025-09-09,989000.0,Hire
E104026,2025-09-09,2158000.0,Hire
E104027,2025-09-03,924000.0,Hire
E104028,2025-09-03,624000.0,Hire
E104029,2025-09-26,1657000.0,Hire
E104030,2025-09-12,1972000.0,Hire
E104031,2025-09-26,2915000.0,Hire
E104032,2025-09-09,4470000.0,Hire
E104033,2025-09-25,2203000.0,Hire
E104034,2025-09-17,1120000.0,Hire
E104035,2025-09-25,564000.0,Hire
E104036,2025-09-24,1209000.0,Hire
E104037,2025-09-14,5194000.0,Hire
E104038,2025-09-23,1162000.0,Hire
E104039,2025-09-20,494000.0,Hire
E104040,2025-09-05,940000.0,Hire
E104041,2025-09-25,600000.0,Hire
E104042,2025-09-11,850000.0,Hire
E104043,2025-09-23,512000.0,Hire
E104044,2025-09-02,609000.0,Hire
E104045,2025-09-26,595000.0,Hire
E104046,2025-09-21,1136000.0,Hire
E104047,2025-09-18,1347000.0,Hire
E104048,2025-09-29,1229000.0,Hire
E104049,2025-09-18,936000.0,Hire
E104050,2025-09-11,602000.0,Hire
E104051,2025-09-21,1877000.0,Hire
E104052,2025-09-25,2300000.0,Hire
E104053,2025-09-24,2856000.0,Hire
E104054,2025-09-20,1324000.0,Hire
E104055,2025-09-03,1024000.0,Hire
E104056,2025-09-29,1233000.0,Hire
E104057,2025-09-11,596000.0,Hire
E104058,2025-09-21,576000.0,Hire
E104059,2025-09-24,1102000.0,Hire
E104060,2025-09-28,543000.0,Hire
E104061,2025-10-11,1845000.0,Hire
E104062,2025-10-24,1806000.0,Hire
E104063,2025-10-13,1929000.0,Hire
E104064,2025-10-16,5018000.0,Hire
E104065,2025-10-06,630000.0,Hire
E104066,2025-10-10,4886000.0,Hire
E104067,2025-10-20,1163000.0,Hire
E104068,2025-10-26,1164000.0,Hire
E104069,2025-10-28,1189000.0,Hire
E104070,2025-10-12,2536000.0,Hire
E104071,2025-10-08,1690000.0,Hire
E104072,2025-10-16,451000.0,Hire
E104073,2025-10-07,1106000.0,Hire
E104074,2025-10-18,563000.0,Hire
E104075,2025-10-24,1983000.0,Hire
E104076,2025-10-10,2407000.0,Hire
E104077,2025-10-20,1001000.0,Hire
E104078,2025-10-10,569000.0,Hire
E104079,2025-10-16,416000.0,Hire
E104080,2025-10-14,1119000.0,Hire
E104081,2025-10-01,648000.0,Hire
E104082,2025-10-31,1865000.0,Hire
E104083,2025-10-30,1019000.0,Hire
E104084,2025-10-11,868000.0,Hire
E104085,2025-10-04,2182000.0,Hire
E104086,2025-10-17,1677000.0,Hire
E104087,2025-10-04,701000.0,Hire
E104088,2025-10-02,551000.0,Hire
E104089,2025-10-21,613000.0,Hire
E104090,2025-11-09,530000.0,Hire
E104091,2025-11-06,619000.0,Hire
E104092,2025-11-20,628000.0,Hire
E104093,2025-11-26,1286000.0,Hire
E104094,2025-11-28,1310000.0,Hire
E104095,2025-11-19,945000.0,Hire
E104096,2025-11-14,1252000.0,Hire
E104097,2025-11-30,3683000.0,Hire
E104098,2025-11-03,549000.0,Hire
E104099,2025-11-12,647000.0,Hire
E104100,2025-11-03,1076000.0,Hire
E104101,2025-11-13,1217000.0,Hire
E104102,2025-11-15,4852000.0,Hire
E104103,2025-11-12,1018000.0,Hire
E104104,2025-11-01,580000.0,Hire
E104105,2025-11-25,1238000.0,Hire
E104106,2025-11-05,2753000.0,Hire
E104107,2025-11-08,917000.0,Hire
E104108,2025-11-15,1085000.0,Hire
E104109,2025-11-22,912000.0,Hire
E104110,2025-11-04,1010000.0,Hire
E104111,2025-11-22,2032000.0,Hire
E104112,2025-11-28,1062000.0,Hire
E104113,2025-11-13,557000.0,Hire
E104114,2025-11-12,2048000.0,Hire
E104115,2025-11-17,609000.0,Hire
E104116,2025-11-28,656000.0,Hire
E104117,2025-11-13,1113000.0,Hire
E104118,2025-11-04,493000.0,Hire
E104119,2025-11-26,1307000.0,Hire
E104120,2025-12-21,1767000.0,Hire
E104121,2025-12-08,752000.0,Hire
E104122,2025-12-26,3258000.0,Hire
E104123,2025-12-02,1110000.0,Hire
E104124,2025-12-09,1497000.0,Hire
E104125,2025-12-12,1220000.0,Hire
E104126,2025-12-11,986000.0,Hire
E104127,2025-12-25,499000.0,Hire
E104128,2025-12-30,1147000.0,Hire
E104129,2025-12-20,1723000.0,Hire
E104130,2025-12-31,714000.0,Hire
E104131,2025-12-12,685000.0,Hire
E104132,2025-12-10,542000.0,Hire
E104133,2025-12-03,617000.0,Hire
E104134,2025-12-18,2082000.0,Hire
E104135,2025-12-25,1986000.0,Hire
E104136,2025-12-28,1020000.0,Hire
E104137,2025-12-27,986000.0,Hire
E104138,2025-12-20,564000.0,Hire
E104139,2025-12-24,2121000.0,Hire
E104140,2025-12-04,2711000.0,Hire
E104141,2025-12-14,962000.0,Hire
E104142,2025-12-23,792000.0,Hire
E104143,2025-12-29,568000.0,Hire
E104144,2025-12-19,913000.0,Hire
E104145,2025-12-08,1251000.0,Hire
E104146,2025-12-29,602000.0,Hire
E104147,2025-12-27,528000.0,Hire
E104148,2025-12-20,1023000.0,Hire
E104149,2025-12-29,683000.0,Hire
E104150,2025-12-03,1893000.0,Hire
E104151,2025-12-28,654000.0,Hire
E104152,2025-12-17,1112000.0,Hire
E104153,2026-01-30,7007000.0,Hire
E104154,2026-01-19,5867000.0,Hire
E104155,2026-01-08,1037000.0,Hire
E104156,2026-01-03,1055000.0,Hire
E104157,2026-01-07,572000.0,Hire
E104158,2026-01-06,777000.0,Hire
E104159,2026-01-20,648000.0,Hire
E104160,2026-01-25,568000.0,Hire
E104161,2026-01-17,1909000.0,Hire
E104162,2026-01-14,1633000.0,Hire
E104163,2026-01-02,1211000.0,Hire
E104164,2026-01-21,1162000.0,Hire
E104165,2026-01-19,1018000.0,Hire
E104166,2026-01-24,1830000.0,Hire
E104167,2026-01-11,1320000.0,Hire
E104168,2026-01-23,923000.0,Hire
E104169,2026-01-27,557000.0,Hire
E104170,2026-01-27,1482000.0,Hire
E104171,2026-01-14,582000.0,Hire
E104172,2026-01-04,932000.0,Hire
E104173,2026-01-10,649000.0,Hire
E104174,2026-01-23,2642000.0,Hire
E104175,2026-01-24,1070000.0,Hire
E104176,2026-01-30,765000.0,Hire
E104177,2026-01-01,1164000.0,Hire
E104178,2026-01-06,702000.0,Hire
E104179,2026-01-15,529000.0,Hire
E104180,2026-01-14,1823000.0,Hire
E104181,2026-01-06,904000.0,Hire
E104182,2026-01-22,841000.0,Hire
E104183,2026-01-16,2614000.0,Hire
E104184,2026-01-16,599000.0,Hire
E104185,2026-01-24,567000.0,Hire
E104186,2026-01-21,579000.0,Hire
E104187,2026-02-03,3025000.0,Hire
E104188,2026-02-24,1130000.0,Hire
E104189,2026-02-05,1025000.0,Hire
E104190,2026-02-03,3130000.0,Hire
E104191,2026-02-11,2804000.0,Hire
E104192,2026-02-02,608000.0,Hire
E104193,2026-02-20,1542000.0,Hire
E104194,2026-02-28,693000.0,Hire
E104195,2026-02-11,908000.0,Hire
E104196,2026-02-07,2835000.0,Hire
E104197,2026-02-25,1603000.0,Hire
E104198,2026-02-12,1163000.0,Hire
E104199,2026-02-01,1008000.0,Hire
E104200,2026-02-28,653000.0,Hire
E104201,2026-02-05,591000.0,Hire
E104202,2026-02-12,2058000.0,Hire
E104203,2026-02-11,543000.0,Hire
E104204,2026-02-27,1195000.0,Hire
E104205,2026-02-17,826000.0,Hire
E104206,2026-02-06,588000.0,Hire
E104207,2026-02-24,1862000.0,Hire
E104208,2026-02-24,596000.0,Hire
E104209,2026-02-26,579000.0,Hire
E104210,2026-02-25,906000.0,Hire
E104211,2026-03-14,622000.0,Hire
E104212,2026-03-20,1040000.0,Hire
E104213,2026-03-24,2117000.0,Hire
E104214,2026-03-06,1042000.0,Hire
E104215,2026-03-18,686000.0,Hire
E104216,2026-03-16,1124000.0,Hire
E104217,2026-03-05,2294000.0,Hire
E104218,2026-03-16,658000.0,Hire
E104219,2026-03-14,455000.0,Hire
E104220,2026-03-05,593000.0,Hire
E104221,2026-03-13,555000.0,Hire
E104222,2026-03-14,772000.0,Hire
E104223,2026-03-21,1885000.0,Hire
E104224,2026-03-28,1280000.0,Hire
E104225,2026-03-06,3069000.0,Hire
E104226,2026-03-06,1815000.0,Hire
E104227,2026-03-14,623000.0,Hire
E104228,2026-03-06,589000.0,Hire
E104229,2026-03-11,722000.0,Hire
E104230,2026-03-11,577000.0,Hire
E104231,2026-03-24,1382000.0,Hire
E104232,2026-03-24,1693000.0,Hire
E104233,2026-03-19,550000.0,Hire
E104234,2026-03-16,689000.0,Hire
E104235,2026-03-29,2550000.0,Hire
E104236,2026-03-21,532000.0,Hire
E104237,2026-03-30,755000.0,Hire
E104238,2026-03-28,1608000.0,Hire
