emp_id,gender,birth_year,home_region,university_tier,hiring_source,hire_date,location,commute_minutes
E100001,Man,1999,South,Tier 2,Campus,2015-04-29,Hyderabad,49
E100002,Man,1997,West,Tier 2,Job portal,2021-03-13,Hyderabad,34
E100003,Woman,1997,East,Tier 2,Campus,2019-11-21,Bengaluru,150
E100004,Man,1997,North,Tier 2,Campus,2021-12-14,Bengaluru,150
E100005,Woman,1999,South,Tier 2,Campus,2010-08-25,Hyderabad,60
E100006,Man,1988,East,Tier 3,Job portal,2018-02-06,Hyderabad,27
E100007,Man,1997,Northeast,Tier 2,Campus,2019-12-20,Bengaluru,92
E100008,Man,2000,South,Tier 3,Campus,2020-11-15,Bengaluru,78
E100009,Man,1987,South,Tier 1,Job portal,2016-09-18,Bengaluru,30
E100010,Man,1994,South,Tier 3,Job portal,2015-05-11,Bengaluru,100
E100011,Woman,1994,South,Tier 3,Job portal,2021-05-11,Bengaluru,59
E100012,Man,1996,South,Tier 2,Referral,2021-05-04,Hyderabad,109
E100013,Man,1995,South,Tier 2,Campus,2017-08-18,Hyderabad,48
E100014,Man,2000,South,Tier 1,Campus,2019-01-12,Hyderabad,53
E100015,Woman,2001,East,Tier 3,Campus,2021-09-09,Bengaluru,37
E100016,Man,1995,South,Tier 3,Job portal,2020-08-14,Hyderabad,58
E100017,Man,1993,South,Tier 3,Referral,2013-12-20,Hyderabad,43
E100018,Man,1998,West,Tier 3,Campus,2018-08-08,Bengaluru,57
E100019,Woman,1994,South,Tier 3,Referral,2019-04-20,Bengaluru,28
E100020,Woman,1998,South,Tier 2,Job portal,2020-04-08,Hyderabad,94
E100021,Man,1985,South,Tier 3,Job portal,2010-04-14,Hyderabad,25
E100022,Woman,2000,South,Tier 3,Campus,2017-07-31,Hyderabad,68
E100023,Woman,1996,East,Tier 2,Agency,2018-09-17,Bengaluru,66
E100024,Man,1997,South,Tier 1,Campus,2019-01-08,Hyderabad,29
E100025,Man,1997,South,Tier 3,Campus,2018-06-04,Bengaluru,23
E100026,Woman,1998,East,Tier 3,Agency,2021-04-01,Hyderabad,40
E100027,Woman,2001,South,Tier 3,Campus,2006-06-19,Bengaluru,54
E100028,Man,1994,South,Tier 1,Campus,2017-12-28,Hyderabad,46
E100029,Man,1991,Northeast,Tier 1,Agency,2018-08-19,Bengaluru,34
E100030,Man,1999,South,Tier 2,Campus,2018-11-20,Hyderabad,38
E100031,Woman,1997,West,Tier 3,Campus,2018-10-18,Bengaluru,58
E100032,Man,1999,East,Tier 3,Campus,2021-03-27,Hyderabad,46
E100033,Woman,2000,West,Tier 3,Campus,2021-07-06,Bengaluru,39
E100034,Woman,1991,South,Tier 2,Agency,2018-10-03,Bengaluru,22
E100035,Man,1997,South,Tier 2,Referral,2021-03-25,Bengaluru,81
E100036,Man,2000,South,Tier 2,Campus,2021-10-01,Bengaluru,46
E100037,Man,1992,South,Tier 2,Campus,2020-02-08,Hyderabad,32
E100038,Man,1996,South,Tier 1,Campus,2006-04-21,Bengaluru,79
E100039,Man,1992,South,Tier 3,Job portal,2015-10-19,Hyderabad,10
E100040,Woman,1998,West,Tier 2,Campus,2018-10-30,Bengaluru,54
E100041,Woman,2001,North,Tier 2,Campus,2015-09-05,Bengaluru,85
E100042,Woman,1998,North,Tier 2,Campus,2020-03-15,Hyderabad,29
E100043,Woman,1998,South,Tier 1,Agency,2020-07-08,Hyderabad,57
E100044,Woman,1998,East,Tier 3,Campus,2010-08-26,Hyderabad,36
E100045,Man,1989,East,Tier 3,Referral,2019-09-22,Hyderabad,52
E100046,Woman,1994,South,Tier 3,Agency,2020-08-09,Hyderabad,30
E100047,Man,1996,North,Tier 2,Agency,2019-07-11,Hyderabad,28
E100048,Woman,2001,West,Tier 3,Campus,2018-07-07,Hyderabad,56
E100049,Woman,2001,South,Tier 3,Campus,2020-08-31,Hyderabad,34
E100050,Woman,1982,South,Tier 2,Job portal,2015-09-29,Bengaluru,31
E100051,Man,1996,North,Tier 3,Job portal,2021-06-25,Hyderabad,51
E100052,Man,1993,South,Tier 3,Job portal,2017-09-16,Hyderabad,34
E100053,Man,1999,West,Tier 2,Campus,2019-07-23,Hyderabad,16
E100054,Woman,2001,North,Tier 3,Campus,2020-09-06,Hyderabad,46
E100055,Woman,1992,East,Tier 3,Agency,2018-05-23,Hyderabad,66
E100056,Woman,1997,North,Tier 2,Rehire,2021-04-05,Hyderabad,51
E100057,Man,1998,West,Tier 2,Agency,2021-06-13,Hyderabad,72
E100058,Man,1995,South,Tier 3,Campus,2020-01-26,Bengaluru,60
E100059,Woman,1998,West,Tier 1,Campus,2019-12-18,Bengaluru,38
E100060,Man,1999,South,Tier 2,Campus,2017-09-21,Hyderabad,36
E100061,Woman,1999,South,Tier 3,Campus,2019-11-06,Hyderabad,29
E100062,Woman,1990,South,Tier 2,Job portal,2019-11-05,Bengaluru,54
E100063,Man,1997,South,Tier 1,Referral,2018-01-21,Hyderabad,37
E100064,Man,1998,South,Tier 3,Campus,2018-06-21,Bengaluru,30
E100065,Man,1995,East,Tier 2,Campus,2018-07-07,Hyderabad,27
E100066,Man,2000,East,Tier 2,Campus,2018-07-07,Bengaluru,69
E100067,Man,1999,South,Tier 3,Campus,2020-08-11,Hyderabad,33
E100068,Woman,1995,South,Tier 2,Referral,2019-07-31,Bengaluru,44
E100069,Man,1989,South,Tier 3,Job portal,2019-01-06,Bengaluru,45
E100070,Woman,2000,South,Tier 3,Campus,2021-10-01,Bengaluru,67
E100071,Man,1994,South,Tier 3,Referral,2020-05-07,Hyderabad,25
E100072,Man,1997,South,Tier 3,Campus,2021-02-04,Hyderabad,18
E100073,Man,1999,East,Tier 3,Campus,2017-08-12,Hyderabad,32
E100074,Woman,1999,East,Tier 3,Campus,2021-12-21,Hyderabad,27
E100075,Man,2001,South,Tier 2,Campus,2016-07-06,Hyderabad,31
E100076,Man,1994,South,Tier 2,Referral,2019-07-12,Hyderabad,37
E100077,Man,1995,North,Tier 1,Campus,2015-03-12,Hyderabad,34
E100078,Man,1991,East,Tier 2,Referral,2017-08-17,Bengaluru,119
E100079,Man,2000,South,Tier 3,Campus,2018-12-20,Hyderabad,33
E100080,Man,1996,South,Tier 2,Campus,2018-09-01,Hyderabad,11
E100081,Woman,1998,South,Tier 3,Campus,2020-12-01,Bengaluru,78
E100082,Man,1988,South,Tier 2,Job portal,2008-08-28,Hyderabad,89
E100083,Man,1988,Northeast,Tier 1,Job portal,2016-11-24,Bengaluru,51
E100084,Man,1998,North,Tier 2,Referral,2020-05-10,Hyderabad,41
E100085,Man,1995,North,Tier 3,Campus,2019-12-20,Hyderabad,49
E100086,Man,1998,South,Tier 3,Referral,2017-02-27,Bengaluru,51
E100087,Man,1994,South,Tier 3,Campus,2015-03-05,Hyderabad,67
E100088,Man,2000,South,Tier 3,Campus,2020-11-18,Hyderabad,38
E100089,Man,2000,North,Tier 3,Campus,2021-11-03,Hyderabad,35
E100090,Man,1998,South,Tier 2,Campus,2019-04-17,Bengaluru,48
E100091,Woman,1998,West,Tier 1,Campus,2020-10-31,Hyderabad,55
E100092,Woman,1991,South,Tier 3,Referral,2019-03-12,Bengaluru,98
E100093,Man,1992,South,Tier 3,Campus,2016-12-14,Hyderabad,23
E100094,Man,1996,South,Tier 2,Agency,2020-06-15,Hyderabad,35
E100095,Woman,1994,West,Tier 1,Campus,2014-06-06,Bengaluru,59
E100096,Man,1993,South,Tier 3,Agency,2019-06-30,Hyderabad,43
E100097,Man,1994,North,Tier 2,Referral,2018-04-17,Hyderabad,32
E100098,Man,1988,East,Tier 2,Referral,2017-06-11,Bengaluru,52
E100099,Woman,2001,South,Tier 3,Campus,2021-03-12,Bengaluru,69
E100100,Woman,1995,South,Tier 2,Campus,2017-09-01,Bengaluru,92
E100101,Woman,1999,South,Tier 1,Campus,2021-02-05,Bengaluru,59
E100102,Woman,1996,South,Tier 3,Campus,2020-01-17,Hyderabad,18
E100103,Woman,1990,South,Tier 2,Job portal,2014-09-19,Hyderabad,42
E100104,Woman,1989,South,Tier 2,Job portal,2016-06-09,Hyderabad,69
E100105,Man,1993,West,Tier 3,Rehire,2019-07-13,Hyderabad,47
E100106,Man,2000,South,Tier 2,Campus,2018-07-20,Hyderabad,53
E100107,Woman,1997,West,Tier 3,Referral,2020-12-28,Hyderabad,15
E100108,Man,2001,South,Tier 3,Campus,2022-01-19,Hyderabad,52
E100109,Woman,1984,South,Tier 3,Job portal,2012-10-28,Hyderabad,65
E100110,Man,2000,South,Tier 3,Campus,2021-05-31,Hyderabad,33
E100111,Man,1999,East,Tier 3,Campus,2021-09-13,Bengaluru,44
E100112,Man,1998,South,Tier 3,Job portal,2020-11-24,Bengaluru,33
E100113,Woman,2001,South,Tier 2,Campus,2016-01-18,Hyderabad,21
E100114,Man,1989,South,Tier 1,Referral,2019-07-27,Bengaluru,77
E100115,Man,1996,East,Tier 3,Referral,2019-03-27,Hyderabad,43
E100116,Man,1998,West,Tier 3,Campus,2019-11-12,Hyderabad,34
E100117,Man,1998,South,Tier 2,Campus,2019-08-26,Bengaluru,44
E100118,Man,1999,South,Tier 1,Campus,2020-11-02,Bengaluru,70
E100119,Man,1997,North,Tier 1,Campus,2019-03-18,Hyderabad,17
E100120,Man,2000,South,Tier 3,Campus,2020-08-07,Bengaluru,59
E100121,Man,2001,North,Tier 1,Campus,2017-04-28,Hyderabad,34
E100122,Man,1998,South,Tier 1,Campus,2020-04-14,Bengaluru,30
E100123,Man,1995,South,Tier 2,Job portal,2020-12-29,Hyderabad,58
E100124,Man,1995,South,Tier 2,Campus,2019-09-08,Bengaluru,37
E100125,Man,1997,South,Tier 3,Referral,2020-07-06,Hyderabad,26
E100126,Man,1993,South,Tier 2,Campus,2016-01-29,Hyderabad,43
E100127,Man,1996,West,Tier 3,Job portal,2020-06-04,Hyderabad,20
E100128,Woman,1999,South,Tier 3,Campus,2018-01-29,Hyderabad,48
E100129,Man,1999,North,Tier 2,Campus,2020-02-22,Bengaluru,50
E100130,Woman,1998,South,Tier 3,Agency,2020-07-07,Hyderabad,47
E100131,Woman,1990,South,Tier 3,Job portal,2015-10-16,Hyderabad,21
E100132,Man,2000,North,Tier 3,Campus,2020-11-04,Bengaluru,79
E100133,Man,2001,South,Tier 2,Campus,2017-08-21,Bengaluru,53
E100134,Man,1998,South,Tier 3,Job portal,2020-06-26,Bengaluru,34
E100135,Woman,1988,West,Tier 3,Agency,2018-09-13,Bengaluru,40
E100136,Woman,1989,North,Tier 2,Agency,2016-10-29,Bengaluru,88
E100137,Man,1995,South,Tier 3,Campus,2012-04-11,Bengaluru,59
E100138,Woman,2001,South,Tier 2,Campus,2020-05-18,Bengaluru,55
E100139,Man,1992,North,Tier 3,Job portal,2020-06-17,Hyderabad,38
E100140,Woman,1995,East,Tier 1,Referral,2019-03-17,Hyderabad,26
E100141,Woman,2001,East,Tier 3,Campus,2013-05-07,Bengaluru,62
E100142,Man,1998,East,Tier 2,Job portal,2015-04-13,Bengaluru,42
E100143,Woman,1998,North,Tier 3,Campus,2020-08-02,Bengaluru,39
E100144,Man,1994,East,Tier 2,Agency,2009-05-05,Bengaluru,58
E100145,Woman,1992,South,Tier 3,Campus,2019-12-19,Bengaluru,84
E100146,Man,1995,South,Tier 3,Campus,2019-06-23,Hyderabad,40
E100147,Man,1995,North,Tier 1,Job portal,2018-01-06,Hyderabad,56
E100148,Man,2000,West,Tier 2,Campus,2020-11-05,Hyderabad,38
E100149,Man,1995,South,Tier 2,Campus,2015-02-18,Bengaluru,38
E100150,Woman,2000,West,Tier 3,Campus,2020-10-24,Bengaluru,102
E100151,Woman,2001,South,Tier 1,Campus,2019-05-05,Bengaluru,77
E100152,Woman,1997,South,Tier 2,Referral,2020-02-26,Bengaluru,103
E100153,Woman,1999,North,Tier 3,Campus,2017-03-28,Bengaluru,87
E100154,Man,2001,West,Tier 3,Campus,2019-06-12,Bengaluru,37
E100155,Man,1999,South,Tier 3,Campus,2017-03-15,Hyderabad,38
E100156,Man,1997,East,Tier 2,Campus,2015-06-29,Hyderabad,50
E100157,Man,2001,Northeast,Tier 2,Campus,2009-07-27,Hyderabad,57
E100158,Man,1994,Northeast,Tier 2,Agency,2016-07-25,Hyderabad,59
E100159,Man,1998,South,Tier 2,Campus,2017-12-19,Bengaluru,40
E100160,Man,1996,South,Tier 3,Campus,2017-03-11,Hyderabad,45
E100161,Woman,2001,South,Tier 2,Campus,2020-08-14,Hyderabad,48
E100162,Woman,1995,South,Tier 1,Job portal,2020-07-03,Hyderabad,25
E100163,Woman,1997,South,Tier 3,Job portal,2016-09-10,Hyderabad,81
E100164,Man,1998,South,Tier 3,Campus,2017-07-20,Hyderabad,45
E100165,Man,1995,South,Tier 2,Campus,2014-07-28,Hyderabad,46
E100166,Man,1998,South,Tier 3,Job portal,2012-11-01,Bengaluru,71
E100167,Woman,1998,South,Tier 3,Campus,2020-02-27,Hyderabad,22
E100168,Man,1989,East,Tier 2,Job portal,2018-08-10,Hyderabad,34
E100169,Man,2000,South,Tier 2,Campus,2021-05-16,Bengaluru,71
E100170,Woman,1998,South,Tier 3,Job portal,2021-05-08,Hyderabad,93
E100171,Woman,1996,South,Tier 3,Campus,2017-10-07,Bengaluru,53
E100172,Man,1998,South,Tier 2,Campus,2019-07-11,Hyderabad,79
E100173,Man,1999,South,Tier 1,Campus,2021-04-19,Bengaluru,56
E100174,Woman,1993,Northeast,Tier 3,Campus,2017-11-06,Hyderabad,61
E100175,Man,1991,North,Tier 3,Job portal,2017-09-01,Bengaluru,84
E100176,Woman,1995,Northeast,Tier 3,Job portal,2020-06-25,Hyderabad,27
E100177,Man,1991,North,Tier 1,Referral,2018-12-10,Bengaluru,48
E100178,Woman,1994,North,Tier 3,Campus,2019-04-03,Bengaluru,52
E100179,Man,2000,South,Tier 3,Campus,2018-09-02,Hyderabad,48
E100180,Woman,1992,North,Tier 1,Campus,2017-04-30,Hyderabad,59
E100181,Man,1998,East,Tier 3,Referral,2020-07-22,Bengaluru,91
E100182,Man,1995,South,Tier 2,Campus,2020-03-13,Hyderabad,25
E100183,Man,1998,East,Tier 1,Campus,2019-08-14,Bengaluru,39
E100184,Woman,1999,South,Tier 2,Campus,2019-08-31,Bengaluru,26
E100185,Woman,1992,South,Tier 3,Job portal,2015-06-30,Hyderabad,111
E100186,Woman,1995,South,Tier 2,Campus,2018-07-30,Bengaluru,69
E100187,Man,1994,South,Tier 3,Campus,2019-04-03,Hyderabad,39
E100188,Woman,1998,South,Tier 3,Referral,2020-08-13,Hyderabad,38
E100189,Woman,1995,West,Tier 2,Campus,2018-05-11,Hyderabad,19
E100190,Woman,1998,South,Tier 3,Campus,2015-11-19,Hyderabad,47
E100191,Man,1998,South,Tier 3,Agency,2020-04-07,Bengaluru,39
E100192,Man,2000,South,Tier 2,Campus,2019-10-18,Bengaluru,27
E100193,Man,1996,South,Tier 1,Campus,2020-03-15,Bengaluru,66
E100194,Man,1993,South,Tier 2,Job portal,2018-08-23,Hyderabad,55
E100195,Woman,1995,South,Tier 2,Campus,2014-03-21,Hyderabad,22
E100196,Man,1994,North,Tier 3,Referral,2014-08-07,Bengaluru,73
E100197,Man,1996,South,Tier 1,Job portal,2016-09-12,Hyderabad,37
E100198,Woman,1991,South,Tier 2,Referral,2016-08-25,Hyderabad,21
E100199,Woman,2001,South,Tier 1,Campus,2021-05-14,Hyderabad,32
E100200,Woman,1991,South,Tier 3,Job portal,2016-11-19,Bengaluru,62
E100201,Woman,1995,Northeast,Tier 1,Campus,2009-11-10,Hyderabad,52
E100202,Man,1999,West,Tier 2,Campus,2021-09-30,Hyderabad,39
E100203,Man,1997,South,Tier 2,Agency,2019-06-03,Hyderabad,20
E100204,Man,1996,South,Tier 3,Campus,2019-12-14,Bengaluru,62
E100205,Man,1996,South,Tier 2,Campus,2015-08-29,Bengaluru,40
E100206,Man,1989,South,Tier 3,Referral,2011-09-23,Hyderabad,36
E100207,Man,1999,East,Tier 3,Campus,2020-12-13,Hyderabad,58
E100208,Non-binary,1999,South,Tier 3,Agency,2016-02-21,Hyderabad,41
E100209,Woman,1998,South,Tier 3,Referral,2021-05-20,Bengaluru,37
E100210,Man,1997,North,Tier 3,Campus,2019-04-14,Bengaluru,45
E100211,Man,1997,South,Tier 2,Rehire,2020-11-15,Hyderabad,66
E100212,Man,2001,North,Tier 1,Campus,2021-08-04,Bengaluru,39
E100213,Man,1998,South,Tier 3,Campus,2014-11-11,Hyderabad,81
E100214,Woman,1989,South,Tier 3,Job portal,2016-03-20,Hyderabad,37
E100215,Woman,1999,West,Tier 2,Campus,2020-12-06,Hyderabad,22
E100216,Man,1999,South,Tier 1,Campus,2021-07-09,Hyderabad,36
E100217,Woman,1999,North,Tier 3,Campus,2020-11-26,Hyderabad,47
E100218,Man,1998,South,Tier 2,Campus,2004-04-05,Hyderabad,30
E100219,Woman,1988,South,Tier 2,Referral,2014-05-10,Hyderabad,33
E100220,Man,1999,North,Tier 2,Campus,2021-10-05,Hyderabad,38
E100221,Man,1984,South,Tier 1,Referral,2014-02-25,Hyderabad,58
E100222,Woman,1998,South,Tier 3,Job portal,2020-05-02,Hyderabad,68
E100223,Woman,2001,South,Tier 1,Campus,2010-07-25,Bengaluru,45
E100224,Woman,1998,North,Tier 2,Job portal,2019-04-15,Hyderabad,56
E100225,Woman,1999,Northeast,Tier 2,Campus,2021-01-15,Hyderabad,18
E100226,Woman,1992,West,Tier 3,Campus,2014-08-15,Bengaluru,50
E100227,Man,1996,South,Tier 2,Campus,2014-07-25,Hyderabad,34
E100228,Woman,2000,South,Tier 3,Campus,2021-07-10,Hyderabad,56
E100229,Man,2000,East,Tier 2,Campus,2020-12-14,Bengaluru,41
E100230,Woman,1991,South,Tier 1,Rehire,2018-04-18,Hyderabad,47
E100231,Man,1994,Northeast,Tier 2,Agency,2018-02-28,Bengaluru,46
E100232,Woman,1996,North,Tier 2,Job portal,2021-04-28,Hyderabad,38
E100233,Woman,1997,East,Tier 3,Campus,2017-08-02,Hyderabad,64
E100234,Man,1995,East,Tier 2,Campus,2013-06-15,Hyderabad,36
E100235,Man,1987,South,Tier 3,Referral,2017-11-19,Bengaluru,51
E100236,Man,2001,South,Tier 2,Campus,2019-08-10,Bengaluru,50
E100237,Man,1999,South,Tier 2,Campus,2021-03-30,Bengaluru,78
E100238,Woman,1995,North,Tier 3,Referral,2016-08-30,Hyderabad,45
E100239,Woman,1996,South,Tier 3,Campus,2016-06-18,Bengaluru,49
E100240,Woman,2001,South,Tier 3,Campus,2017-09-18,Bengaluru,60
E100241,Man,1998,South,Tier 2,Campus,2021-05-24,Hyderabad,29
E100242,Man,1996,South,Tier 3,Campus,2020-12-17,Bengaluru,14
E100243,Woman,1996,West,Tier 1,Job portal,2021-04-26,Hyderabad,31
E100244,Man,1995,South,Tier 2,Job portal,2020-06-27,Bengaluru,52
E100245,Woman,1997,South,Tier 2,Job portal,2019-01-07,Hyderabad,22
E100246,Woman,2001,South,Tier 3,Campus,2021-03-19,Bengaluru,62
E100247,Man,1998,East,Tier 3,Campus,2021-09-05,Hyderabad,41
E100248,Woman,1997,South,Tier 3,Rehire,2019-05-19,Hyderabad,27
E100249,Woman,1990,South,Tier 1,Job portal,2018-01-11,Bengaluru,57
E100250,Woman,1987,East,Tier 1,Job portal,2019-12-18,Hyderabad,31
E100251,Man,1998,East,Tier 3,Campus,2017-04-29,Hyderabad,59
E100252,Woman,1992,West,Tier 3,Referral,2018-06-30,Hyderabad,32
E100253,Woman,1989,South,Tier 3,Job portal,2013-04-29,Bengaluru,33
E100254,Man,1998,Northeast,Tier 3,Referral,2020-07-28,Hyderabad,52
E100255,Man,1995,North,Tier 1,Agency,2018-10-10,Bengaluru,58
E100256,Woman,1998,South,Tier 3,Campus,2020-03-08,Hyderabad,15
E100257,Woman,2001,South,Tier 3,Campus,2013-08-19,Hyderabad,26
E100258,Woman,1999,South,Tier 1,Campus,2007-01-17,Bengaluru,89
E100259,Man,2001,South,Tier 2,Campus,2018-01-25,Hyderabad,27
E100260,Man,1995,South,Tier 2,Agency,2019-07-23,Bengaluru,74
E100261,Man,1994,South,Tier 3,Job portal,2018-06-24,Hyderabad,33
E100262,Woman,1991,Northeast,Tier 1,Agency,2018-04-05,Bengaluru,48
E100263,Woman,1995,South,Tier 1,Referral,2020-01-20,Hyderabad,42
E100264,Man,1998,South,Tier 3,Campus,2019-03-21,Bengaluru,55
E100265,Man,1992,East,Tier 2,Job portal,2017-02-26,Hyderabad,22
E100266,Man,1990,South,Tier 2,Referral,2019-10-26,Hyderabad,42
E100267,Man,1988,South,Tier 3,Job portal,2017-02-20,Hyderabad,62
E100268,Woman,1998,South,Tier 2,Agency,2021-03-19,Hyderabad,34
E100269,Man,1995,North,Tier 1,Referral,2019-07-02,Hyderabad,121
E100270,Woman,1998,South,Tier 2,Referral,2020-07-20,Hyderabad,78
E100271,Man,2000,East,Tier 3,Campus,2017-09-06,Bengaluru,48
E100272,Woman,2000,North,Tier 3,Campus,2021-05-08,Hyderabad,18
E100273,Woman,1995,West,Tier 3,Campus,2020-02-04,Bengaluru,148
E100274,Woman,1997,Northeast,Tier 2,Rehire,2018-09-13,Hyderabad,59
E100275,Man,1995,West,Tier 2,Campus,2015-07-26,Hyderabad,64
E100276,Man,1998,South,Tier 3,Campus,2018-12-31,Hyderabad,23
E100277,Man,1996,South,Tier 1,Referral,2021-03-22,Hyderabad,25
E100278,Man,1988,South,Tier 2,Job portal,2017-10-19,Hyderabad,54
E100279,Woman,1998,South,Tier 2,Campus,2019-12-23,Hyderabad,40
E100280,Woman,1998,West,Tier 3,Job portal,2021-04-22,Hyderabad,48
E100281,Woman,2000,South,Tier 3,Campus,2019-06-19,Bengaluru,50
E100282,Man,1989,South,Tier 2,Referral,2018-11-17,Bengaluru,24
E100283,Woman,1999,South,Tier 2,Campus,2018-03-10,Bengaluru,41
E100284,Man,1995,South,Tier 3,Agency,2019-03-03,Hyderabad,62
E100285,Man,1997,South,Tier 3,Campus,2020-10-20,Hyderabad,10
E100286,Man,1998,South,Tier 2,Campus,2013-09-14,Hyderabad,53
E100287,Man,1994,South,Tier 3,Referral,2014-08-18,Hyderabad,117
E100288,Man,1999,North,Tier 2,Campus,2020-09-01,Hyderabad,25
E100289,Man,2000,East,Tier 3,Campus,2018-09-21,Hyderabad,34
E100290,Man,1997,South,Tier 2,Job portal,2021-06-14,Bengaluru,38
E100291,Man,1997,East,Tier 3,Job portal,2019-06-23,Bengaluru,71
E100292,Woman,1996,South,Tier 3,Campus,2018-11-24,Hyderabad,29
E100293,Man,1992,South,Tier 3,Referral,2019-07-06,Bengaluru,64
E100294,Man,1992,South,Tier 1,Job portal,2017-02-16,Hyderabad,19
E100295,Man,1989,South,Tier 3,Job portal,2018-04-21,Bengaluru,105
E100296,Man,1994,East,Tier 3,Job portal,2017-05-02,Bengaluru,93
E100297,Man,1997,South,Tier 3,Referral,2020-06-04,Hyderabad,40
E100298,Man,1997,East,Tier 3,Referral,2020-05-31,Bengaluru,129
E100299,Man,1996,South,Tier 3,Campus,2019-09-10,Hyderabad,128
E100300,Woman,1997,South,Tier 2,Campus,2019-06-03,Bengaluru,85
E100301,Woman,1999,South,Tier 2,Campus,2020-08-29,Hyderabad,74
E100302,Man,1993,Northeast,Tier 3,Job portal,2016-03-10,Hyderabad,46
E100303,Woman,2001,Northeast,Tier 3,Campus,2019-04-01,Hyderabad,24
E100304,Woman,2001,East,Tier 2,Campus,2016-02-28,Bengaluru,28
E100305,Man,1996,South,Tier 3,Campus,2017-03-15,Hyderabad,41
E100306,Woman,1994,West,Tier 2,Agency,2020-08-22,Bengaluru,33
E100307,Woman,1995,Northeast,Tier 3,Referral,2021-02-06,Hyderabad,22
E100308,Woman,1996,Northeast,Tier 2,Job portal,2020-08-20,Hyderabad,30
E100309,Woman,1993,South,Tier 3,Rehire,2020-07-25,Hyderabad,98
E100310,Woman,2001,South,Tier 2,Campus,2014-05-23,Hyderabad,53
E100311,Man,1998,South,Tier 3,Campus,2020-12-31,Hyderabad,117
E100312,Man,1998,East,Tier 3,Campus,2017-12-08,Hyderabad,71
E100313,Man,1998,South,Tier 2,Job portal,2021-03-27,Bengaluru,98
E100314,Woman,1989,South,Tier 2,Referral,2010-04-16,Hyderabad,31
E100315,Man,1998,North,Tier 2,Campus,2019-05-11,Hyderabad,44
E100316,Woman,1995,South,Tier 2,Rehire,2020-08-31,Bengaluru,64
E100317,Woman,2000,East,Tier 3,Campus,2021-11-03,Bengaluru,61
E100318,Woman,2001,North,Tier 2,Campus,2020-08-10,Hyderabad,18
E100319,Man,1998,West,Tier 1,Job portal,2021-05-09,Bengaluru,20
E100320,Woman,2001,West,Tier 2,Campus,2019-09-15,Bengaluru,25
E100321,Woman,2000,South,Tier 3,Campus,2017-02-26,Bengaluru,41
E100322,Woman,2000,South,Tier 2,Campus,2021-05-16,Hyderabad,36
E100323,Man,1998,East,Tier 2,Agency,2020-10-15,Hyderabad,23
E100324,Man,1999,South,Tier 3,Job portal,2021-02-18,Hyderabad,31
E100325,Man,1998,South,Tier 2,Job portal,2020-10-27,Bengaluru,35
E100326,Man,1992,South,Tier 3,Agency,2019-07-18,Hyderabad,31
E100327,Woman,1998,South,Tier 3,Referral,2020-10-20,Hyderabad,35
E100328,Woman,2001,East,Tier 2,Campus,2021-06-16,Bengaluru,54
E100329,Woman,1996,West,Tier 3,Campus,2011-12-19,Hyderabad,25
E100330,Woman,1999,East,Tier 3,Campus,2021-08-18,Hyderabad,44
E100331,Woman,1998,East,Tier 2,Job portal,2017-12-28,Bengaluru,63
E100332,Woman,1995,South,Tier 2,Referral,2020-08-30,Hyderabad,72
E100333,Woman,1997,East,Tier 1,Job portal,2021-06-22,Hyderabad,39
E100334,Man,1999,North,Tier 2,Campus,2018-05-13,Hyderabad,32
E100335,Man,1998,North,Tier 2,Agency,2021-05-11,Hyderabad,113
E100336,Man,1995,South,Tier 3,Campus,2019-08-12,Bengaluru,41
E100337,Man,1995,East,Tier 1,Referral,2013-12-22,Hyderabad,48
E100338,Woman,1989,North,Tier 1,Referral,2018-07-02,Hyderabad,44
E100339,Man,1997,South,Tier 2,Campus,2018-08-18,Hyderabad,53
E100340,Man,1995,South,Tier 2,Campus,2015-05-17,Hyderabad,25
E100341,Woman,1997,South,Tier 3,Campus,2018-06-13,Hyderabad,31
E100342,Man,1998,North,Tier 2,Campus,2021-02-20,Bengaluru,43
E100343,Man,1992,South,Tier 2,Agency,2017-09-14,Bengaluru,29
E100344,Man,1994,Northeast,Tier 3,Campus,2017-05-18,Bengaluru,133
E100345,Man,1989,South,Tier 2,Referral,2017-01-11,Bengaluru,61
E100346,Man,1990,West,Tier 3,Referral,2015-01-27,Hyderabad,42
E100347,Man,1989,West,Tier 2,Referral,2018-10-11,Bengaluru,20
E100348,Man,2000,South,Tier 2,Campus,2019-10-20,Hyderabad,45
E100349,Woman,2001,South,Tier 3,Campus,2021-07-19,Hyderabad,53
E100350,Man,1997,South,Tier 3,Campus,2018-08-23,Hyderabad,54
E100351,Woman,1997,South,Tier 1,Job portal,2019-11-21,Hyderabad,52
E100352,Man,1995,South,Tier 3,Campus,2016-11-29,Bengaluru,52
E100353,Man,1997,West,Tier 3,Referral,2020-08-16,Hyderabad,32
E100354,Man,1997,Northeast,Tier 2,Campus,2013-04-30,Hyderabad,51
E100355,Woman,1993,East,Tier 3,Job portal,2011-10-28,Bengaluru,37
E100356,Woman,2000,South,Tier 1,Campus,2019-04-26,Hyderabad,37
E100357,Man,1993,South,Tier 2,Job portal,2019-07-06,Hyderabad,57
E100358,Woman,1998,Northeast,Tier 2,Campus,2019-10-19,Bengaluru,97
E100359,Man,2000,South,Tier 2,Campus,2019-07-15,Bengaluru,47
E100360,Man,1994,West,Tier 3,Campus,2020-02-08,Hyderabad,64
E100361,Man,1993,Northeast,Tier 1,Campus,2018-06-18,Bengaluru,31
E100362,Man,1998,South,Tier 2,Referral,2021-02-18,Hyderabad,37
E100363,Man,2000,South,Tier 3,Campus,2021-09-27,Bengaluru,69
E100364,Man,1989,South,Tier 2,Agency,2019-07-29,Hyderabad,71
E100365,Man,2001,Northeast,Tier 3,Campus,2022-02-10,Bengaluru,138
E100366,Man,2000,East,Tier 3,Campus,2019-12-30,Hyderabad,36
E100367,Man,2000,East,Tier 2,Campus,2021-08-27,Hyderabad,142
E100368,Woman,2001,South,Tier 3,Campus,2019-04-21,Hyderabad,29
E100369,Woman,1996,East,Tier 3,Campus,2018-03-21,Hyderabad,28
E100370,Woman,2001,South,Tier 3,Campus,2016-01-24,Hyderabad,27
E100371,Man,1985,South,Tier 3,Referral,2018-06-08,Bengaluru,23
E100372,Woman,2001,South,Tier 3,Campus,2018-07-31,Hyderabad,51
E100373,Man,1995,South,Tier 2,Job portal,2019-07-09,Hyderabad,43
E100374,Woman,1995,South,Tier 2,Campus,2020-03-20,Hyderabad,63
E100375,Man,1998,East,Tier 2,Referral,2021-06-08,Hyderabad,30
E100376,Woman,1997,East,Tier 3,Job portal,2017-05-09,Hyderabad,73
E100377,Woman,2001,South,Tier 2,Campus,2021-09-11,Hyderabad,61
E100378,Woman,1998,Northeast,Tier 2,Referral,2020-06-05,Hyderabad,53
E100379,Woman,1998,South,Tier 2,Campus,2017-08-07,Bengaluru,71
E100380,Man,2000,South,Tier 1,Campus,2008-08-20,Bengaluru,62
E100381,Man,1991,West,Tier 2,Rehire,2018-10-11,Bengaluru,95
E100382,Man,1999,South,Tier 3,Campus,2019-11-19,Hyderabad,109
E100383,Man,2000,South,Tier 3,Campus,2012-10-09,Hyderabad,150
E100384,Man,1994,East,Tier 2,Campus,2018-11-04,Hyderabad,30
E100385,Man,1993,South,Tier 3,Referral,2019-01-08,Bengaluru,56
E100386,Man,2001,South,Tier 2,Campus,2018-04-10,Hyderabad,24
E100387,Woman,1996,North,Tier 3,Job portal,2017-07-27,Bengaluru,69
E100388,Woman,1994,South,Tier 2,Job portal,2015-07-22,Hyderabad,17
E100389,Woman,1995,North,Tier 1,Campus,2017-06-04,Hyderabad,18
E100390,Woman,1998,South,Tier 2,Referral,2020-11-14,Hyderabad,50
E100391,Man,1997,East,Tier 3,Campus,2021-12-05,Bengaluru,85
E100392,Man,1999,South,Tier 3,Campus,2019-01-06,Hyderabad,17
E100393,Woman,1994,South,Tier 3,Campus,2015-03-18,Bengaluru,44
E100394,Man,1995,South,Tier 3,Referral,2019-10-19,Hyderabad,50
E100395,Man,1992,South,Tier 3,Job portal,2017-03-06,Hyderabad,31
E100396,Man,1994,South,Tier 2,Campus,2017-08-13,Hyderabad,60
E100397,Man,1998,North,Tier 2,Campus,2016-09-17,Bengaluru,33
E100398,Man,1999,South,Tier 3,Campus,2012-05-30,Hyderabad,27
E100399,Man,1991,South,Tier 2,Referral,2019-08-19,Hyderabad,24
E100400,Woman,1995,East,Tier 2,Job portal,2014-01-01,Hyderabad,36
E100401,Man,1999,East,Tier 3,Job portal,2021-01-16,Bengaluru,58
E100402,Man,1995,South,Tier 3,Referral,2020-08-20,Bengaluru,94
E100403,Man,1997,South,Tier 2,Agency,2021-03-31,Hyderabad,78
E100404,Woman,1996,South,Tier 2,Agency,2019-12-29,Hyderabad,28
E100405,Man,1996,North,Tier 2,Job portal,2021-03-01,Hyderabad,60
E100406,Woman,1999,East,Tier 2,Referral,2018-03-18,Hyderabad,34
E100407,Woman,1995,South,Tier 2,Agency,2019-05-04,Hyderabad,57
E100408,Man,1990,South,Tier 2,Job portal,2018-01-18,Bengaluru,45
E100409,Man,1988,West,Tier 2,Job portal,2016-01-23,Hyderabad,20
E100410,Woman,1998,North,Tier 2,Campus,2013-05-14,Hyderabad,27
E100411,Man,1999,South,Tier 2,Agency,2021-03-06,Hyderabad,54
E100412,Woman,1987,South,Tier 2,Referral,2006-04-08,Bengaluru,59
E100413,Man,1998,South,Tier 3,Agency,2020-12-10,Hyderabad,75
E100414,Man,1993,South,Tier 3,Referral,2019-04-26,Hyderabad,47
E100415,Man,1999,South,Tier 2,Campus,2020-02-16,Hyderabad,20
E100416,Man,1998,South,Tier 3,Job portal,2020-11-22,Hyderabad,39
E100417,Man,1997,South,Tier 3,Job portal,2017-05-15,Hyderabad,68
E100418,Woman,1995,West,Tier 1,Job portal,2020-04-21,Hyderabad,94
E100419,Man,1990,South,Tier 3,Job portal,2015-04-13,Hyderabad,37
E100420,Man,2000,North,Tier 2,Campus,2011-01-08,Bengaluru,54
E100421,Man,1998,Northeast,Tier 2,Job portal,2021-03-11,Hyderabad,35
E100422,Woman,1995,West,Tier 3,Agency,2020-01-07,Bengaluru,56
E100423,Man,1997,South,Tier 3,Campus,2021-09-28,Bengaluru,77
E100424,Woman,1992,North,Tier 1,Job portal,2016-07-18,Bengaluru,47
E100425,Woman,1997,South,Tier 3,Campus,2013-07-23,Hyderabad,51
E100426,Woman,1989,East,Tier 2,Job portal,2016-02-16,Hyderabad,58
E100427,Woman,1999,South,Tier 3,Campus,2021-07-18,Hyderabad,38
E100428,Man,1995,South,Tier 3,Agency,2017-01-17,Bengaluru,87
E100429,Man,1996,South,Tier 3,Agency,2020-06-11,Bengaluru,126
E100430,Man,1995,Northeast,Tier 1,Campus,2018-11-01,Hyderabad,72
E100431,Woman,1995,South,Tier 3,Referral,2020-08-24,Bengaluru,37
E100432,Woman,1995,West,Tier 2,Referral,2020-11-14,Hyderabad,48
E100433,Man,1998,South,Tier 3,Referral,2017-12-21,Bengaluru,56
E100434,Man,1997,East,Tier 2,Referral,2018-03-28,Hyderabad,65
E100435,Man,1998,North,Tier 3,Campus,2019-09-23,Bengaluru,42
E100436,Man,1990,West,Tier 2,Agency,2017-11-02,Bengaluru,39
E100437,Woman,1997,North,Tier 2,Campus,2019-10-07,Hyderabad,30
E100438,Woman,1996,North,Tier 2,Agency,2020-12-25,Bengaluru,50
E100439,Woman,2000,West,Tier 2,Campus,2020-10-03,Bengaluru,36
E100440,Man,2001,South,Tier 3,Campus,2018-09-16,Bengaluru,30
E100441,Man,1990,West,Tier 1,Job portal,2018-01-26,Hyderabad,48
E100442,Woman,1997,South,Tier 2,Job portal,2020-01-18,Hyderabad,37
E100443,Woman,1992,South,Tier 2,Job portal,2019-03-16,Hyderabad,52
E100444,Man,1999,East,Tier 3,Referral,2020-02-28,Bengaluru,17
E100445,Man,1983,North,Tier 3,Referral,2015-02-23,Hyderabad,46
E100446,Man,2000,South,Tier 3,Campus,2018-10-27,Hyderabad,20
E100447,Man,1989,South,Tier 2,Referral,2018-11-14,Hyderabad,38
E100448,Man,1994,South,Tier 3,Agency,2013-04-13,Bengaluru,42
E100449,Man,1994,South,Tier 2,Campus,2018-11-17,Hyderabad,42
E100450,Man,1995,South,Tier 2,Campus,2015-05-01,Hyderabad,41
E100451,Man,1994,West,Tier 2,Rehire,2019-03-23,Hyderabad,76
E100452,Man,1999,West,Tier 2,Campus,2017-03-21,Bengaluru,50
E100453,Man,1993,West,Tier 2,Campus,2016-02-15,Hyderabad,37
E100454,Woman,2001,East,Tier 2,Campus,2019-03-17,Hyderabad,25
E100455,Man,2001,West,Tier 3,Campus,2021-05-30,Hyderabad,21
E100456,Man,1994,South,Tier 2,Campus,2015-10-30,Bengaluru,25
E100457,Man,1998,South,Tier 3,Referral,2014-06-30,Hyderabad,39
E100458,Man,1992,North,Tier 1,Rehire,2017-12-18,Hyderabad,29
E100459,Man,1999,South,Tier 2,Campus,2021-12-17,Hyderabad,28
E100460,Man,1995,South,Tier 3,Campus,2020-03-09,Hyderabad,27
E100461,Man,1985,South,Tier 3,Job portal,2017-07-08,Bengaluru,38
E100462,Man,1992,Northeast,Tier 1,Referral,2011-05-28,Hyderabad,19
E100463,Man,1989,South,Tier 3,Job portal,2017-11-15,Bengaluru,87
E100464,Woman,2001,South,Tier 2,Campus,2019-02-24,Bengaluru,36
E100465,Woman,2000,South,Tier 2,Campus,2020-05-26,Hyderabad,32
E100466,Man,1998,North,Tier 2,Campus,2018-05-20,Hyderabad,37
E100467,Woman,1998,South,Tier 3,Job portal,2015-04-30,Bengaluru,45
E100468,Man,2001,South,Tier 1,Campus,2022-02-13,Hyderabad,48
E100469,Woman,2001,South,Tier 3,Campus,2021-08-27,Bengaluru,90
E100470,Woman,1998,South,Tier 1,Campus,2020-04-22,Hyderabad,29
E100471,Woman,1986,South,Tier 1,Referral,2014-06-18,Hyderabad,56
E100472,Man,1997,East,Tier 1,Referral,2021-01-30,Hyderabad,46
E100473,Man,1993,East,Tier 3,Campus,2018-07-03,Hyderabad,21
E100474,Woman,1996,South,Tier 2,Campus,2019-11-18,Bengaluru,45
E100475,Woman,1995,South,Tier 3,Referral,2018-05-16,Hyderabad,37
E100476,Woman,1993,South,Tier 2,Campus,2011-08-23,Bengaluru,20
E100477,Man,1996,North,Tier 3,Job portal,2013-09-05,Hyderabad,47
E100478,Woman,1998,South,Tier 3,Campus,2012-09-29,Hyderabad,68
E100479,Man,1999,South,Tier 1,Campus,2012-11-09,Hyderabad,28
E100480,Woman,2001,Northeast,Tier 3,Campus,2019-04-24,Bengaluru,57
E100481,Woman,1998,East,Tier 2,Campus,2021-08-15,Hyderabad,23
E100482,Woman,1998,East,Tier 1,Campus,2018-08-30,Hyderabad,47
E100483,Man,1997,South,Tier 2,Job portal,2020-07-03,Bengaluru,44
E100484,Man,1995,South,Tier 2,Job portal,2016-10-04,Hyderabad,55
E100485,Man,1998,South,Tier 3,Job portal,2019-12-30,Bengaluru,73
E100486,Woman,1996,Northeast,Tier 1,Agency,2016-12-06,Hyderabad,26
E100487,Man,1992,North,Tier 2,Referral,2017-01-10,Hyderabad,44
E100488,Man,2001,Northeast,Tier 1,Campus,2021-06-17,Bengaluru,48
E100489,Woman,2001,East,Tier 3,Campus,2020-02-02,Hyderabad,24
E100490,Man,2001,West,Tier 3,Campus,2014-05-28,Bengaluru,82
E100491,Man,1991,South,Tier 2,Agency,2017-11-25,Hyderabad,62
E100492,Man,1994,South,Tier 2,Campus,2015-04-29,Hyderabad,64
E100493,Woman,1995,South,Tier 2,Campus,2018-06-08,Bengaluru,26
E100494,Man,1990,North,Tier 2,Referral,2004-04-05,Bengaluru,66
E100495,Woman,2000,South,Tier 2,Campus,2021-12-21,Hyderabad,43
E100496,Man,1989,North,Tier 3,Referral,2018-05-26,Bengaluru,61
E100497,Man,2000,South,Tier 3,Campus,2020-07-27,Hyderabad,39
E100498,Woman,1995,North,Tier 1,Rehire,2019-07-10,Hyderabad,52
E100499,Man,1994,East,Tier 2,Campus,2016-11-14,Bengaluru,52
E100500,Man,1995,South,Tier 1,Campus,2016-10-19,Hyderabad,88
E100501,Man,2000,South,Tier 2,Campus,2020-12-04,Bengaluru,63
E100502,Man,1998,North,Tier 1,Agency,2021-03-06,Hyderabad,43
E100503,Woman,2001,North,Tier 3,Campus,2014-09-28,Hyderabad,63
E100504,Man,2001,South,Tier 2,Campus,2021-04-18,Hyderabad,49
E100505,Man,1982,South,Tier 2,Job portal,2017-05-28,Hyderabad,80
E100506,Man,1990,South,Tier 3,Job portal,2018-06-06,Hyderabad,38
E100507,Woman,1995,South,Tier 2,Agency,2021-04-18,Hyderabad,53
E100508,Woman,1992,South,Tier 3,Campus,2017-12-12,Hyderabad,48
E100509,Woman,1991,South,Tier 3,Job portal,2019-12-26,Hyderabad,46
E100510,Man,1997,South,Tier 3,Job portal,2021-02-21,Bengaluru,81
E100511,Man,1985,North,Tier 1,Agency,2013-06-29,Hyderabad,50
E100512,Woman,1997,South,Tier 1,Job portal,2020-09-12,Hyderabad,45
E100513,Woman,2000,South,Tier 2,Campus,2020-09-18,Hyderabad,34
E100514,Man,1996,West,Tier 2,Rehire,2021-01-30,Hyderabad,37
E100515,Man,1998,West,Tier 2,Referral,2021-06-30,Hyderabad,36
E100516,Man,1994,Northeast,Tier 3,Campus,2014-02-04,Hyderabad,58
E100517,Man,1994,South,Tier 3,Job portal,2016-08-19,Hyderabad,22
E100518,Man,1998,North,Tier 3,Campus,2018-11-18,Hyderabad,26
E100519,Woman,1994,North,Tier 1,Referral,2018-06-12,Hyderabad,37
E100520,Man,1990,West,Tier 3,Referral,2017-01-20,Bengaluru,135
E100521,Woman,1996,South,Tier 3,Job portal,2019-01-12,Bengaluru,41
E100522,Man,1988,South,Tier 2,Referral,2018-03-08,Bengaluru,33
E100523,Man,1997,North,Tier 3,Job portal,2021-01-27,Hyderabad,40
E100524,Woman,1994,South,Tier 2,Campus,2015-07-22,Bengaluru,50
E100525,Man,1998,South,Tier 3,Campus,2017-07-02,Bengaluru,33
E100526,Woman,1991,East,Tier 3,Agency,2012-05-21,Hyderabad,53
E100527,Woman,1998,North,Tier 1,Job portal,2012-11-09,Hyderabad,20
E100528,Woman,1991,South,Tier 2,Job portal,2019-04-21,Bengaluru,40
E100529,Man,1996,Northeast,Tier 3,Campus,2013-09-12,Hyderabad,28
E100530,Man,1995,South,Tier 1,Referral,2015-09-12,Bengaluru,28
E100531,Man,1990,South,Tier 2,Referral,2016-10-06,Hyderabad,28
E100532,Man,1994,North,Tier 1,Campus,2017-11-02,Hyderabad,41
E100533,Man,1998,East,Tier 2,Referral,2018-06-30,Bengaluru,67
E100534,Man,1989,Northeast,Tier 1,Referral,2018-11-23,Bengaluru,64
E100535,Woman,2000,South,Tier 2,Campus,2020-12-09,Hyderabad,19
E100536,Man,1999,North,Tier 3,Campus,2020-12-09,Bengaluru,65
E100537,Man,1996,South,Tier 2,Job portal,2020-01-05,Hyderabad,35
E100538,Man,1989,South,Tier 2,Referral,2018-07-15,Hyderabad,22
E100539,Woman,1994,East,Tier 3,Job portal,2012-11-23,Bengaluru,34
E100540,Man,1999,South,Tier 2,Job portal,2017-02-12,Bengaluru,68
E100541,Man,1999,South,Tier 3,Campus,2020-02-17,Hyderabad,30
E100542,Man,1994,East,Tier 2,Agency,2020-05-25,Hyderabad,28
E100543,Man,1998,South,Tier 3,Campus,2016-10-28,Hyderabad,39
E100544,Woman,1998,North,Tier 3,Job portal,2018-08-17,Hyderabad,31
E100545,Man,1996,East,Tier 2,Job portal,2020-05-11,Bengaluru,134
E100546,Woman,1999,Northeast,Tier 2,Campus,2010-08-30,Hyderabad,41
E100547,Man,1992,South,Tier 2,Agency,2018-05-15,Bengaluru,62
E100548,Woman,1999,South,Tier 2,Campus,2019-03-31,Bengaluru,30
E100549,Woman,2001,West,Tier 3,Campus,2020-05-04,Bengaluru,150
E100550,Man,1997,South,Tier 2,Job portal,2021-06-01,Hyderabad,31
E100551,Man,1990,South,Tier 2,Job portal,2019-01-11,Bengaluru,77
E100552,Woman,1998,South,Tier 3,Campus,2009-04-06,Bengaluru,77
E100553,Man,2000,West,Tier 2,Campus,2020-10-10,Hyderabad,56
E100554,Man,1989,South,Tier 2,Referral,2018-12-28,Hyderabad,55
E100555,Woman,1998,South,Tier 2,Referral,2018-11-06,Hyderabad,19
E100556,Man,1989,South,Tier 3,Agency,2015-09-16,Hyderabad,66
E100557,Woman,1998,South,Tier 2,Campus,2022-01-19,Hyderabad,18
E100558,Man,1993,East,Tier 2,Rehire,2019-01-06,Bengaluru,48
E100559,Man,2000,South,Tier 3,Campus,2019-11-29,Bengaluru,103
E100560,Woman,1999,West,Tier 3,Campus,2021-05-03,Hyderabad,150
E100561,Woman,1995,East,Tier 2,Campus,2019-06-06,Hyderabad,14
E100562,Man,1982,North,Tier 3,Agency,2017-05-03,Bengaluru,49
E100563,Woman,1989,South,Tier 2,Referral,2015-10-18,Bengaluru,42
E100564,Man,1994,South,Tier 3,Campus,2017-12-07,Hyderabad,70
E100565,Man,1991,East,Tier 2,Referral,2012-04-13,Hyderabad,37
E100566,Man,1985,South,Tier 2,Agency,2017-11-14,Bengaluru,99
E100567,Man,1997,East,Tier 2,Job portal,2018-10-04,Hyderabad,51
E100568,Woman,2001,South,Tier 3,Campus,2018-09-24,Bengaluru,11
E100569,Man,1992,East,Tier 3,Referral,2018-09-25,Hyderabad,34
E100570,Man,1998,South,Tier 1,Referral,2017-11-20,Hyderabad,23
E100571,Man,1995,South,Tier 3,Job portal,2020-06-16,Bengaluru,40
E100572,Man,1998,West,Tier 2,Rehire,2020-11-04,Hyderabad,49
E100573,Woman,2000,South,Tier 2,Campus,2021-08-28,Bengaluru,55
E100574,Woman,1997,South,Tier 3,Campus,2008-06-29,Hyderabad,57
E100575,Woman,2001,South,Tier 3,Campus,2021-09-03,Hyderabad,47
E100576,Woman,1995,North,Tier 3,Campus,2019-11-06,Hyderabad,32
E100577,Man,1992,South,Tier 3,Referral,2019-05-18,Hyderabad,46
E100578,Man,1988,North,Tier 3,Job portal,2017-08-25,Hyderabad,74
E100579,Man,1995,South,Tier 3,Campus,2019-05-23,Hyderabad,44
E100580,Man,1989,South,Tier 2,Referral,2018-04-08,Hyderabad,52
E100581,Woman,1995,South,Tier 3,Job portal,2017-08-16,Bengaluru,35
E100582,Man,1994,East,Tier 1,Referral,2020-04-21,Hyderabad,26
E100583,Man,1995,South,Tier 2,Referral,2016-11-02,Hyderabad,60
E100584,Woman,1999,North,Tier 3,Campus,2021-08-11,Hyderabad,31
E100585,Man,1999,South,Tier 2,Campus,2020-10-18,Bengaluru,57
E100586,Man,1995,South,Tier 1,Campus,2018-06-28,Bengaluru,56
E100587,Woman,2001,South,Tier 3,Campus,2021-02-02,Hyderabad,22
E100588,Man,1993,East,Tier 1,Campus,2018-03-23,Hyderabad,39
E100589,Woman,1998,Northeast,Tier 2,Job portal,2019-05-25,Bengaluru,68
E100590,Woman,2000,East,Tier 3,Campus,2019-10-25,Hyderabad,98
E100591,Man,1998,South,Tier 3,Campus,2007-10-22,Bengaluru,28
E100592,Man,1998,North,Tier 3,Campus,2012-06-06,Hyderabad,37
E100593,Man,2000,East,Tier 2,Campus,2020-10-05,Hyderabad,45
E100594,Woman,1999,Northeast,Tier 2,Campus,2021-09-21,Hyderabad,28
E100595,Man,1996,South,Tier 1,Referral,2020-05-13,Bengaluru,38
E100596,Man,1999,South,Tier 2,Job portal,2017-03-15,Bengaluru,49
E100597,Man,1994,South,Tier 3,Job portal,2019-12-21,Hyderabad,66
E100598,Woman,2000,South,Tier 2,Campus,2016-11-11,Hyderabad,21
E100599,Man,1998,South,Tier 3,Job portal,2013-12-06,Bengaluru,26
E100600,Woman,1998,South,Tier 2,Agency,2019-04-19,Hyderabad,29
E100601,Man,1989,South,Tier 3,Rehire,2018-10-20,Hyderabad,51
E100602,Man,1999,East,Tier 2,Campus,2017-11-15,Bengaluru,49
E100603,Man,2000,South,Tier 3,Campus,2017-12-05,Hyderabad,74
E100604,Woman,2001,South,Tier 2,Campus,2021-02-12,Hyderabad,39
E100605,Man,2001,East,Tier 3,Campus,2010-01-23,Hyderabad,54
E100606,Woman,1999,South,Tier 2,Campus,2020-12-19,Bengaluru,54
E100607,Woman,1999,East,Tier 3,Campus,2019-09-07,Hyderabad,38
E100608,Woman,2000,East,Tier 2,Campus,2022-01-06,Hyderabad,38
E100609,Man,1999,Northeast,Tier 2,Campus,2020-06-20,Hyderabad,40
E100610,Man,1997,West,Tier 3,Job portal,2021-03-22,Hyderabad,34
E100611,Man,1995,East,Tier 2,Campus,2018-01-28,Bengaluru,78
E100612,Man,1997,South,Tier 3,Job portal,2019-03-21,Hyderabad,14
E100613,Woman,1998,South,Tier 2,Campus,2021-03-27,Bengaluru,22
E100614,Woman,2001,East,Tier 3,Campus,2020-05-30,Hyderabad,39
E100615,Man,2000,South,Tier 3,Campus,2020-06-02,Bengaluru,33
E100616,Man,2000,East,Tier 1,Campus,2021-07-11,Hyderabad,38
E100617,Man,1996,North,Tier 3,Referral,2020-09-13,Hyderabad,40
E100618,Man,1992,South,Tier 3,Agency,2017-05-10,Hyderabad,27
E100619,Woman,1995,South,Tier 3,Campus,2015-11-26,Bengaluru,70
E100620,Man,2000,North,Tier 2,Campus,2021-07-14,Hyderabad,34
E100621,Man,2000,North,Tier 3,Campus,2019-07-07,Hyderabad,25
E100622,Woman,2001,East,Tier 1,Campus,2021-08-24,Hyderabad,18
E100623,Woman,1999,South,Tier 1,Job portal,2019-02-09,Bengaluru,90
E100624,Man,1999,South,Tier 1,Rehire,2020-01-19,Bengaluru,34
E100625,Man,1995,South,Tier 3,Job portal,2020-10-01,Hyderabad,17
E100626,Man,2001,North,Tier 1,Campus,2018-09-04,Hyderabad,43
E100627,Woman,1999,South,Tier 1,Campus,2019-06-04,Hyderabad,22
E100628,Woman,1995,South,Tier 1,Job portal,2011-02-01,Bengaluru,86
E100629,Man,1997,Northeast,Tier 2,Job portal,2021-05-14,Hyderabad,57
E100630,Woman,1998,South,Tier 2,Campus,2020-02-11,Hyderabad,31
E100631,Woman,1991,South,Tier 3,Referral,2019-03-18,Hyderabad,11
E100632,Man,2000,South,Tier 3,Campus,2020-12-03,Hyderabad,25
E100633,Woman,1999,North,Tier 2,Campus,2019-06-18,Bengaluru,64
E100634,Woman,1997,North,Tier 2,Job portal,2018-01-06,Bengaluru,82
E100635,Woman,1998,West,Tier 1,Job portal,2013-07-11,Hyderabad,18
E100636,Man,1983,South,Tier 2,Referral,2014-09-11,Hyderabad,26
E100637,Man,1988,South,Tier 2,Job portal,2014-01-08,Hyderabad,25
E100638,Man,1997,South,Tier 3,Campus,2019-10-30,Hyderabad,77
E100639,Woman,1994,South,Tier 3,Referral,2016-09-16,Hyderabad,36
E100640,Man,1993,West,Tier 3,Referral,2017-09-09,Hyderabad,46
E100641,Man,2000,East,Tier 2,Campus,2017-07-19,Hyderabad,50
E100642,Man,1995,South,Tier 2,Campus,2020-04-01,Bengaluru,41
E100643,Woman,1995,South,Tier 1,Job portal,2021-02-19,Bengaluru,36
E100644,Man,1995,South,Tier 3,Referral,2020-06-13,Hyderabad,40
E100645,Man,2001,North,Tier 1,Campus,2021-03-21,Bengaluru,72
E100646,Man,2001,South,Tier 2,Campus,2018-01-15,Hyderabad,30
E100647,Man,1990,South,Tier 2,Rehire,2019-08-01,Bengaluru,82
E100648,Woman,1996,North,Tier 3,Agency,2018-02-26,Hyderabad,34
E100649,Man,1995,Northeast,Tier 2,Campus,2018-03-21,Hyderabad,51
E100650,Woman,2000,East,Tier 2,Campus,2019-01-22,Bengaluru,52
E100651,Man,1998,South,Tier 1,Campus,2011-08-23,Hyderabad,40
E100652,Man,2000,South,Tier 1,Campus,2017-11-22,Hyderabad,59
E100653,Woman,1996,North,Tier 2,Campus,2019-06-15,Hyderabad,45
E100654,Man,1989,East,Tier 3,Job portal,2016-07-24,Bengaluru,39
E100655,Woman,1993,Northeast,Tier 3,Agency,2018-10-20,Hyderabad,46
E100656,Man,1988,South,Tier 2,Referral,2013-05-22,Bengaluru,48
E100657,Man,1999,South,Tier 1,Campus,2022-01-13,Hyderabad,71
E100658,Man,1994,Northeast,Tier 3,Agency,2019-05-27,Hyderabad,39
E100659,Man,2000,Northeast,Tier 3,Campus,2020-12-09,Bengaluru,59
E100660,Woman,1998,South,Tier 2,Campus,2018-10-01,Hyderabad,37
E100661,Woman,2001,South,Tier 1,Campus,2020-08-16,Bengaluru,51
E100662,Man,1997,South,Tier 3,Referral,2015-11-18,Bengaluru,24
E100663,Woman,1997,South,Tier 3,Campus,2010-10-07,Hyderabad,41
E100664,Man,1997,North,Tier 2,Referral,2020-09-11,Bengaluru,46
E100665,Man,1995,West,Tier 2,Campus,2019-04-05,Hyderabad,74
E100666,Man,1994,South,Tier 3,Job portal,2018-10-31,Hyderabad,89
E100667,Man,1998,West,Tier 2,Rehire,2020-04-28,Hyderabad,81
E100668,Man,1998,North,Tier 2,Agency,2021-01-19,Bengaluru,39
E100669,Woman,2001,South,Tier 2,Campus,2021-09-09,Bengaluru,56
E100670,Woman,1999,West,Tier 2,Campus,2021-04-09,Bengaluru,86
E100671,Man,1992,South,Tier 2,Agency,2019-08-21,Hyderabad,41
E100672,Woman,1989,South,Tier 2,Referral,2012-10-10,Hyderabad,38
E100673,Woman,1998,South,Tier 2,Referral,2019-05-19,Hyderabad,39
E100674,Woman,1991,East,Tier 2,Agency,2014-05-27,Bengaluru,67
E100675,Man,1992,South,Tier 2,Job portal,2015-06-10,Bengaluru,68
E100676,Man,2001,East,Tier 2,Campus,2019-05-26,Bengaluru,61
E100677,Woman,1998,South,Tier 2,Campus,2018-09-02,Hyderabad,31
E100678,Man,1996,South,Tier 3,Referral,2017-02-28,Bengaluru,150
E100679,Man,1995,North,Tier 3,Referral,2019-10-16,Bengaluru,47
E100680,Man,1989,South,Tier 3,Referral,2017-09-27,Hyderabad,39
E100681,Man,1996,North,Tier 3,Agency,2020-05-24,Hyderabad,50
E100682,Woman,1992,South,Tier 2,Campus,2017-07-19,Bengaluru,78
E100683,Woman,1994,South,Tier 3,Agency,2020-09-08,Bengaluru,21
E100684,Woman,2000,West,Tier 2,Campus,2021-12-25,Hyderabad,30
E100685,Man,1989,South,Tier 3,Agency,2017-08-20,Bengaluru,138
E100686,Man,1998,South,Tier 3,Referral,2020-11-21,Bengaluru,27
E100687,Man,2001,South,Tier 2,Campus,2021-08-11,Hyderabad,40
E100688,Woman,1997,South,Tier 3,Campus,2020-01-08,Hyderabad,28
E100689,Woman,1996,North,Tier 2,Agency,2013-12-30,Hyderabad,33
E100690,Man,1995,East,Tier 2,Job portal,2020-06-27,Bengaluru,133
E100691,Man,2001,South,Tier 2,Campus,2021-08-16,Hyderabad,65
E100692,Man,1990,East,Tier 3,Job portal,2019-08-28,Hyderabad,40
E100693,Woman,2000,North,Tier 1,Campus,2020-12-24,Bengaluru,57
E100694,Man,1993,South,Tier 2,Job portal,2007-01-12,Bengaluru,52
E100695,Woman,1997,North,Tier 2,Campus,2020-09-15,Bengaluru,40
E100696,Man,2001,South,Tier 3,Campus,2019-08-20,Hyderabad,50
E100697,Woman,2001,South,Tier 2,Campus,2021-09-02,Bengaluru,51
E100698,Man,1998,South,Tier 1,Job portal,2017-09-30,Hyderabad,32
E100699,Man,1997,East,Tier 2,Agency,2020-06-27,Bengaluru,52
E100700,Man,1997,South,Tier 3,Agency,2021-04-26,Hyderabad,51
E100701,Man,1992,South,Tier 2,Agency,2018-07-17,Hyderabad,25
E100702,Woman,1998,West,Tier 3,Campus,2017-10-02,Bengaluru,133
E100703,Man,1997,South,Tier 3,Campus,2012-08-13,Hyderabad,44
E100704,Man,1997,South,Tier 2,Referral,2020-06-11,Bengaluru,50
E100705,Man,1995,South,Tier 3,Campus,2014-05-29,Hyderabad,47
E100706,Man,1996,East,Tier 2,Job portal,2021-05-17,Hyderabad,52
E100707,Woman,1994,West,Tier 3,Campus,2017-06-06,Hyderabad,32
E100708,Man,1992,South,Tier 3,Referral,2019-08-25,Hyderabad,35
E100709,Man,1995,South,Tier 2,Campus,2018-10-15,Bengaluru,102
E100710,Woman,1997,South,Tier 2,Job portal,2020-11-26,Bengaluru,67
E100711,Man,1998,South,Tier 2,Campus,2021-12-19,Hyderabad,38
E100712,Man,1992,East,Tier 2,Referral,2017-02-24,Hyderabad,71
E100713,Woman,1995,North,Tier 2,Campus,2012-07-15,Hyderabad,20
E100714,Man,1994,North,Tier 3,Campus,2019-01-14,Bengaluru,107
E100715,Woman,2000,South,Tier 3,Campus,2017-05-04,Bengaluru,83
E100716,Man,1998,South,Tier 3,Campus,2018-09-16,Hyderabad,39
E100717,Man,1991,Northeast,Tier 3,Referral,2019-08-09,Bengaluru,67
E100718,Woman,1997,Northeast,Tier 2,Campus,2020-12-05,Bengaluru,62
E100719,Woman,1995,South,Tier 3,Job portal,2019-07-24,Hyderabad,29
E100720,Woman,1997,South,Tier 3,Job portal,2020-10-05,Hyderabad,30
E100721,Man,1999,North,Tier 3,Campus,2021-06-30,Bengaluru,41
E100722,Woman,1997,Northeast,Tier 3,Agency,2021-05-17,Bengaluru,40
E100723,Man,1999,East,Tier 3,Campus,2021-12-21,Hyderabad,24
E100724,Woman,1992,East,Tier 2,Job portal,2020-04-28,Bengaluru,84
E100725,Man,1995,South,Tier 3,Campus,2017-09-04,Bengaluru,83
E100726,Man,2001,South,Tier 3,Campus,2019-07-11,Hyderabad,60
E100727,Man,1998,South,Tier 2,Job portal,2020-06-04,Hyderabad,33
E100728,Woman,1994,South,Tier 3,Agency,2019-08-11,Hyderabad,38
E100729,Woman,2001,North,Tier 3,Campus,2015-03-22,Hyderabad,28
E100730,Man,1996,Northeast,Tier 2,Rehire,2012-11-25,Bengaluru,32
E100731,Woman,1994,South,Tier 1,Campus,2015-04-08,Bengaluru,28
E100732,Man,1998,East,Tier 3,Referral,2021-02-04,Bengaluru,36
E100733,Woman,2001,North,Tier 2,Campus,2019-08-20,Bengaluru,115
E100734,Woman,1992,North,Tier 1,Referral,2013-09-23,Hyderabad,30
E100735,Man,1994,South,Tier 2,Job portal,2019-10-23,Bengaluru,81
E100736,Man,1997,Northeast,Tier 2,Referral,2021-05-16,Hyderabad,42
E100737,Man,1997,Northeast,Tier 3,Job portal,2012-10-24,Hyderabad,28
E100738,Woman,1996,South,Tier 2,Campus,2017-05-21,Hyderabad,31
E100739,Man,1997,South,Tier 3,Campus,2015-10-23,Hyderabad,26
E100740,Man,2001,South,Tier 2,Campus,2018-02-16,Hyderabad,52
E100741,Man,2000,East,Tier 1,Campus,2022-02-10,Hyderabad,19
E100742,Man,1998,South,Tier 1,Campus,2013-10-25,Hyderabad,29
E100743,Woman,2000,West,Tier 3,Campus,2022-01-10,Hyderabad,27
E100744,Man,1998,South,Tier 3,Campus,2019-07-25,Hyderabad,30
E100745,Man,1995,West,Tier 3,Job portal,2020-02-24,Bengaluru,47
E100746,Man,1998,South,Tier 2,Agency,2021-01-22,Bengaluru,42
E100747,Man,1999,South,Tier 3,Campus,2010-02-16,Bengaluru,65
E100748,Man,1992,North,Tier 3,Referral,2015-07-08,Hyderabad,36
E100749,Man,1999,South,Tier 1,Campus,2021-12-03,Bengaluru,66
E100750,Woman,1999,South,Tier 3,Campus,2015-01-03,Bengaluru,36
E100751,Man,2001,East,Tier 3,Campus,2017-02-18,Hyderabad,46
E100752,Woman,1998,West,Tier 2,Campus,2017-11-26,Hyderabad,13
E100753,Man,2000,South,Tier 3,Campus,2016-06-01,Bengaluru,57
E100754,Man,2000,East,Tier 3,Campus,2018-01-23,Bengaluru,28
E100755,Man,2001,South,Tier 3,Campus,2017-07-09,Hyderabad,70
E100756,Woman,1998,South,Tier 3,Referral,2017-06-23,Hyderabad,40
E100757,Man,1995,South,Tier 1,Job portal,2014-05-06,Bengaluru,18
E100758,Man,1998,South,Tier 2,Campus,2021-04-11,Hyderabad,22
E100759,Man,1994,North,Tier 2,Campus,2012-03-09,Hyderabad,47
E100760,Woman,1998,South,Tier 1,Campus,2019-07-17,Hyderabad,23
E100761,Man,2001,East,Tier 2,Campus,2019-03-12,Bengaluru,26
E100762,Man,1998,South,Tier 3,Campus,2020-02-06,Hyderabad,44
E100763,Man,2000,South,Tier 3,Campus,2017-02-01,Bengaluru,39
E100764,Man,1998,South,Tier 2,Agency,2020-04-29,Hyderabad,14
E100765,Man,1995,South,Tier 3,Rehire,2018-08-03,Hyderabad,18
E100766,Man,1990,North,Tier 1,Rehire,2017-09-11,Hyderabad,38
E100767,Woman,2001,East,Tier 3,Campus,2015-05-20,Hyderabad,27
E100768,Man,1995,South,Tier 2,Agency,2020-04-30,Bengaluru,58
E100769,Man,1995,South,Tier 3,Referral,2008-11-16,Bengaluru,59
E100770,Man,1997,South,Tier 2,Campus,2018-09-12,Hyderabad,37
E100771,Man,2001,South,Tier 2,Campus,2018-08-16,Bengaluru,24
E100772,Man,1991,South,Tier 2,Referral,2016-10-20,Hyderabad,44
E100773,Woman,1998,South,Tier 3,Campus,2021-12-12,Bengaluru,50
E100774,Woman,1999,East,Tier 2,Campus,2020-03-26,Hyderabad,25
E100775,Woman,1997,South,Tier 1,Agency,2021-04-13,Hyderabad,23
E100776,Man,1989,Northeast,Tier 1,Referral,2016-12-28,Hyderabad,20
E100777,Man,1996,North,Tier 2,Campus,2017-06-25,Bengaluru,31
E100778,Man,1983,East,Tier 1,Agency,2014-08-10,Hyderabad,108
E100779,Man,1999,South,Tier 3,Campus,2021-05-15,Bengaluru,72
E100780,Man,1996,South,Tier 3,Agency,2013-01-22,Hyderabad,72
E100781,Woman,1996,North,Tier 3,Campus,2019-12-25,Bengaluru,63
E100782,Man,1998,South,Tier 2,Campus,2018-02-13,Hyderabad,33
E100783,Man,1995,Northeast,Tier 2,Agency,2020-06-11,Hyderabad,35
E100784,Man,1997,West,Tier 2,Job portal,2020-04-29,Bengaluru,25
E100785,Man,1997,South,Tier 2,Job portal,2020-07-15,Bengaluru,51
E100786,Man,1994,South,Tier 3,Job portal,2016-04-26,Hyderabad,33
E100787,Woman,2001,East,Tier 2,Campus,2015-04-10,Bengaluru,104
E100788,Man,1998,North,Tier 2,Job portal,2020-08-30,Hyderabad,21
E100789,Man,1997,West,Tier 3,Job portal,2019-04-18,Hyderabad,43
E100790,Man,1998,East,Tier 2,Campus,2017-01-18,Hyderabad,34
E100791,Man,1997,North,Tier 3,Referral,2021-02-03,Hyderabad,47
E100792,Man,1995,South,Tier 3,Job portal,2020-06-09,Bengaluru,140
E100793,Man,2001,East,Tier 3,Campus,2021-07-15,Hyderabad,60
E100794,Man,1999,South,Tier 3,Campus,2019-10-21,Bengaluru,47
E100795,Woman,2000,South,Tier 2,Campus,2020-03-21,Hyderabad,29
E100796,Man,1996,Northeast,Tier 1,Campus,2019-12-31,Hyderabad,47
E100797,Man,1997,North,Tier 3,Campus,2018-12-12,Hyderabad,47
E100798,Man,1999,South,Tier 3,Campus,2019-10-26,Bengaluru,70
E100799,Man,1998,North,Tier 3,Referral,2020-07-30,Hyderabad,32
E100800,Woman,1998,South,Tier 3,Job portal,2019-05-14,Hyderabad,89
E100801,Man,1999,North,Tier 1,Campus,2020-04-09,Hyderabad,19
E100802,Man,1987,North,Tier 2,Job portal,2018-02-24,Hyderabad,29
E100803,Woman,1999,South,Tier 3,Campus,2018-02-01,Hyderabad,45
E100804,Man,1997,South,Tier 2,Job portal,2020-10-26,Hyderabad,35
E100805,Woman,1999,South,Tier 2,Campus,2021-08-07,Hyderabad,46
E100806,Man,1997,East,Tier 3,Rehire,2016-07-25,Bengaluru,51
E100807,Man,1998,South,Tier 2,Campus,2015-10-28,Hyderabad,26
E100808,Woman,1996,North,Tier 2,Agency,2020-09-26,Hyderabad,27
E100809,Man,1999,West,Tier 2,Job portal,2021-01-14,Bengaluru,79
E100810,Man,1994,South,Tier 2,Campus,2018-03-23,Hyderabad,34
E100811,Woman,1998,Northeast,Tier 3,Campus,2015-12-09,Bengaluru,53
E100812,Man,1995,South,Tier 2,Campus,2016-09-15,Hyderabad,37
E100813,Man,2000,South,Tier 3,Campus,2021-11-26,Bengaluru,68
E100814,Man,2001,North,Tier 2,Campus,2019-04-27,Hyderabad,30
E100815,Man,1998,East,Tier 3,Campus,2018-05-05,Hyderabad,38
E100816,Man,1996,East,Tier 3,Campus,2016-09-27,Hyderabad,41
E100817,Woman,1997,Northeast,Tier 2,Referral,2021-04-26,Hyderabad,63
E100818,Woman,1998,South,Tier 2,Job portal,2020-04-25,Hyderabad,100
E100819,Man,1996,North,Tier 2,Job portal,2018-10-17,Bengaluru,117
E100820,Woman,2000,North,Tier 2,Campus,2021-09-03,Bengaluru,70
E100821,Man,1999,West,Tier 2,Agency,2021-01-22,Hyderabad,50
E100822,Man,2000,South,Tier 3,Campus,2017-03-02,Bengaluru,81
E100823,Man,1994,South,Tier 3,Campus,2018-10-10,Hyderabad,69
E100824,Woman,1993,East,Tier 3,Rehire,2015-08-08,Hyderabad,32
E100825,Man,1994,East,Tier 3,Referral,2017-05-26,Hyderabad,36
E100826,Man,1997,North,Tier 1,Campus,2019-09-29,Hyderabad,46
E100827,Man,1998,South,Tier 1,Job portal,2020-04-06,Hyderabad,61
E100828,Man,1987,West,Tier 3,Agency,2016-10-18,Hyderabad,30
E100829,Man,2001,South,Tier 2,Campus,2014-03-06,Hyderabad,26
E100830,Woman,1996,West,Tier 2,Job portal,2020-02-28,Bengaluru,30
E100831,Woman,1998,South,Tier 3,Campus,2019-08-20,Bengaluru,49
E100832,Woman,1998,South,Tier 1,Campus,2019-12-08,Bengaluru,42
E100833,Woman,1994,South,Tier 3,Job portal,2020-12-18,Hyderabad,32
E100834,Woman,2000,South,Tier 2,Campus,2015-12-19,Hyderabad,22
E100835,Man,1997,North,Tier 3,Rehire,2021-02-08,Bengaluru,97
E100836,Man,1999,East,Tier 3,Campus,2019-05-09,Hyderabad,33
E100837,Man,1992,South,Tier 1,Agency,2018-05-30,Hyderabad,46
E100838,Man,1994,South,Tier 2,Referral,2017-03-13,Hyderabad,47
E100839,Man,1997,East,Tier 2,Referral,2021-03-25,Hyderabad,41
E100840,Man,1997,South,Tier 2,Campus,2011-12-08,Bengaluru,21
E100841,Woman,1998,Northeast,Tier 3,Campus,2018-04-16,Hyderabad,51
E100842,Man,1985,South,Tier 1,Job portal,2009-11-04,Hyderabad,67
E100843,Woman,2000,North,Tier 3,Campus,2022-02-02,Hyderabad,50
E100844,Man,1997,East,Tier 2,Campus,2013-11-17,Hyderabad,56
E100845,Woman,1999,South,Tier 3,Referral,2019-01-09,Hyderabad,18
E100846,Woman,1992,East,Tier 1,Agency,2020-07-18,Hyderabad,40
E100847,Non-binary,1993,South,Tier 1,Referral,2016-10-24,Hyderabad,40
E100848,Man,1998,East,Tier 3,Job portal,2018-07-05,Hyderabad,58
E100849,Man,2001,South,Tier 3,Campus,2013-05-02,Hyderabad,23
E100850,Woman,1994,South,Tier 2,Campus,2009-10-09,Hyderabad,31
E100851,Woman,1995,South,Tier 2,Referral,2020-09-09,Bengaluru,23
E100852,Woman,1996,South,Tier 3,Campus,2015-12-23,Hyderabad,38
E100853,Woman,1994,North,Tier 2,Campus,2020-04-01,Hyderabad,51
E100854,Woman,1998,South,Tier 3,Job portal,2020-11-05,Bengaluru,35
E100855,Man,1998,North,Tier 2,Agency,2021-05-06,Hyderabad,50
E100856,Man,1999,South,Tier 2,Campus,2019-12-19,Hyderabad,44
E100857,Man,1998,Northeast,Tier 3,Job portal,2018-08-17,Hyderabad,39
E100858,Man,1998,South,Tier 2,Campus,2020-02-29,Bengaluru,18
E100859,Man,1998,South,Tier 3,Campus,2009-07-15,Bengaluru,94
E100860,Man,1990,East,Tier 3,Agency,2010-01-24,Hyderabad,25
E100861,Man,1998,South,Tier 3,Referral,2017-03-07,Bengaluru,52
E100862,Man,1999,South,Tier 3,Campus,2021-10-01,Hyderabad,48
E100863,Man,1999,West,Tier 3,Campus,2019-03-27,Bengaluru,53
E100864,Man,1990,East,Tier 2,Referral,2018-02-19,Bengaluru,32
E100865,Man,1990,South,Tier 3,Job portal,2019-06-02,Hyderabad,43
E100866,Man,1995,East,Tier 3,Referral,2018-05-29,Hyderabad,39
E100867,Man,1992,West,Tier 2,Job portal,2018-06-10,Bengaluru,87
E100868,Man,1993,South,Tier 2,Job portal,2015-03-13,Bengaluru,47
E100869,Man,1993,South,Tier 2,Referral,2018-05-14,Bengaluru,72
E100870,Man,1998,South,Tier 2,Referral,2020-02-25,Hyderabad,27
E100871,Man,2001,North,Tier 2,Campus,2010-02-26,Bengaluru,20
E100872,Man,1994,South,Tier 1,Job portal,2020-01-13,Hyderabad,80
E100873,Woman,1996,South,Tier 3,Agency,2016-03-27,Bengaluru,45
E100874,Man,1990,South,Tier 2,Job portal,2019-03-16,Bengaluru,59
E100875,Woman,1998,West,Tier 2,Job portal,2021-05-29,Hyderabad,23
E100876,Woman,1990,South,Tier 2,Job portal,2018-11-07,Bengaluru,47
E100877,Man,2000,North,Tier 1,Campus,2021-07-23,Hyderabad,21
E100878,Man,1987,South,Tier 3,Job portal,2015-09-17,Hyderabad,50
E100879,Man,1984,South,Tier 3,Job portal,2017-08-29,Bengaluru,51
E100880,Woman,1998,East,Tier 3,Campus,2021-04-21,Bengaluru,51
E100881,Man,1996,South,Tier 3,Campus,2019-07-02,Bengaluru,55
E100882,Man,1982,South,Tier 1,Referral,2017-02-21,Hyderabad,26
E100883,Woman,1987,South,Tier 2,Job portal,2015-12-13,Bengaluru,56
E100884,Man,1995,East,Tier 3,Campus,2016-01-13,Hyderabad,28
E100885,Man,2000,South,Tier 3,Campus,2020-10-02,Bengaluru,53
E100886,Woman,2000,South,Tier 3,Campus,2019-05-30,Hyderabad,33
E100887,Woman,1997,West,Tier 2,Campus,2020-11-30,Bengaluru,61
E100888,Man,1989,West,Tier 3,Agency,2018-11-22,Bengaluru,36
E100889,Woman,1992,North,Tier 3,Campus,2019-10-10,Hyderabad,24
E100890,Woman,1998,South,Tier 1,Campus,2016-12-03,Hyderabad,48
E100891,Woman,1995,South,Tier 1,Campus,2008-04-04,Hyderabad,51
E100892,Man,1988,South,Tier 2,Referral,2010-11-29,Hyderabad,45
E100893,Woman,2001,North,Tier 3,Campus,2019-10-02,Hyderabad,31
E100894,Man,1989,South,Tier 3,Job portal,2018-09-11,Bengaluru,51
E100895,Woman,2001,North,Tier 1,Campus,2021-06-26,Hyderabad,38
E100896,Woman,1998,South,Tier 2,Job portal,2013-09-29,Bengaluru,76
E100897,Man,2001,North,Tier 1,Campus,2019-07-31,Hyderabad,42
E100898,Man,2000,West,Tier 1,Campus,2021-12-23,Hyderabad,38
E100899,Man,1999,South,Tier 2,Referral,2014-03-25,Hyderabad,28
E100900,Man,2000,North,Tier 1,Campus,2017-05-15,Bengaluru,150
E100901,Woman,1998,East,Tier 2,Referral,2020-07-16,Bengaluru,53
E100902,Man,2000,South,Tier 2,Campus,2019-06-30,Bengaluru,35
E100903,Woman,1992,South,Tier 2,Campus,2013-12-03,Hyderabad,16
E100904,Man,2000,North,Tier 3,Campus,2019-09-28,Bengaluru,97
E100905,Man,1996,North,Tier 3,Campus,2020-08-05,Bengaluru,50
E100906,Man,1999,East,Tier 1,Campus,2021-05-13,Hyderabad,24
E100907,Woman,1995,South,Tier 2,Campus,2010-02-09,Bengaluru,75
E100908,Man,1994,South,Tier 3,Campus,2018-10-01,Hyderabad,22
E100909,Woman,1995,South,Tier 3,Job portal,2019-08-16,Bengaluru,47
E100910,Man,1994,South,Tier 2,Job portal,2018-03-22,Bengaluru,58
E100911,Man,1992,South,Tier 3,Referral,2020-07-27,Bengaluru,18
E100912,Man,1998,West,Tier 2,Referral,2018-12-21,Hyderabad,50
E100913,Man,1995,South,Tier 2,Job portal,2019-10-12,Bengaluru,37
E100914,Man,2001,South,Tier 2,Campus,2014-07-08,Bengaluru,47
E100915,Man,1990,South,Tier 3,Job portal,2014-04-28,Hyderabad,25
E100916,Woman,1999,South,Tier 2,Rehire,2021-03-05,Bengaluru,71
E100917,Woman,1995,West,Tier 2,Campus,2015-09-13,Bengaluru,85
E100918,Man,2001,South,Tier 2,Campus,2018-01-15,Hyderabad,19
E100919,Man,1998,South,Tier 3,Referral,2021-06-22,Bengaluru,34
E100920,Man,1999,North,Tier 3,Campus,2017-02-03,Bengaluru,80
E100921,Man,1996,North,Tier 2,Campus,2015-09-09,Hyderabad,23
E100922,Woman,1994,South,Tier 2,Referral,2019-12-31,Hyderabad,52
E100923,Woman,1995,North,Tier 2,Campus,2010-10-25,Hyderabad,36
E100924,Woman,1994,South,Tier 1,Job portal,2017-05-01,Bengaluru,110
E100925,Woman,2000,West,Tier 2,Campus,2019-04-22,Bengaluru,74
E100926,Woman,1998,North,Tier 2,Campus,2017-08-25,Hyderabad,49
E100927,Man,1996,North,Tier 2,Referral,2019-09-01,Bengaluru,82
E100928,Man,1998,East,Tier 3,Referral,2021-04-03,Hyderabad,46
E100929,Man,2000,South,Tier 1,Campus,2021-11-02,Bengaluru,125
E100930,Man,1994,South,Tier 3,Agency,2020-05-08,Bengaluru,34
E100931,Man,1988,East,Tier 2,Job portal,2015-06-21,Bengaluru,62
E100932,Man,1995,West,Tier 3,Referral,2013-10-01,Hyderabad,48
E100933,Woman,2001,East,Tier 3,Campus,2021-06-23,Hyderabad,37
E100934,Man,1996,South,Tier 3,Job portal,2021-03-24,Bengaluru,26
E100935,Woman,1995,North,Tier 2,Job portal,2021-01-24,Bengaluru,92
E100936,Woman,1996,South,Tier 2,Referral,2019-03-30,Bengaluru,42
E100937,Woman,2001,South,Tier 3,Campus,2017-02-02,Bengaluru,47
E100938,Man,1994,South,Tier 2,Campus,2020-03-05,Hyderabad,42
E100939,Man,1994,North,Tier 2,Campus,2020-03-22,Hyderabad,48
E100940,Man,1989,West,Tier 1,Job portal,2010-11-17,Bengaluru,58
E100941,Woman,1997,West,Tier 2,Campus,2017-03-29,Hyderabad,21
E100942,Woman,1995,South,Tier 3,Referral,2021-04-10,Hyderabad,39
E100943,Woman,1998,East,Tier 2,Referral,2018-05-07,Hyderabad,57
E100944,Man,1991,South,Tier 2,Referral,2017-03-19,Hyderabad,53
E100945,Man,1994,South,Tier 2,Agency,2018-07-02,Hyderabad,35
E100946,Woman,2001,South,Tier 2,Campus,2021-04-27,Bengaluru,62
E100947,Man,1998,South,Tier 2,Referral,2021-04-30,Hyderabad,87
E100948,Man,1994,South,Tier 3,Job portal,2019-05-01,Hyderabad,43
E100949,Man,1996,South,Tier 3,Referral,2020-10-03,Bengaluru,44
E100950,Woman,1998,East,Tier 2,Campus,2019-02-28,Bengaluru,58
E100951,Man,1986,South,Tier 2,Referral,2018-07-10,Bengaluru,51
E100952,Man,1992,North,Tier 2,Referral,2015-03-19,Hyderabad,107
E100953,Man,1998,North,Tier 2,Referral,2020-05-05,Hyderabad,77
E100954,Man,1994,South,Tier 3,Campus,2016-06-06,Bengaluru,70
E100955,Woman,1986,North,Tier 2,Referral,2017-05-10,Bengaluru,33
E100956,Man,1998,West,Tier 1,Campus,2020-07-24,Hyderabad,45
E100957,Man,1992,South,Tier 3,Referral,2019-09-28,Hyderabad,15
E100958,Man,1992,Northeast,Tier 2,Rehire,2016-12-28,Bengaluru,48
E100959,Man,1994,North,Tier 3,Campus,2013-04-14,Bengaluru,47
E100960,Man,1995,East,Tier 2,Agency,2019-10-19,Hyderabad,54
E100961,Man,1994,West,Tier 3,Campus,2018-11-15,Hyderabad,26
E100962,Woman,1998,East,Tier 3,Campus,2019-09-07,Hyderabad,37
E100963,Woman,1996,West,Tier 2,Rehire,2021-05-24,Bengaluru,65
E100964,Woman,1999,East,Tier 2,Campus,2019-08-09,Hyderabad,33
E100965,Woman,1997,East,Tier 3,Agency,2018-11-24,Bengaluru,44
E100966,Woman,1993,West,Tier 2,Campus,2017-12-24,Hyderabad,56
E100967,Woman,1999,South,Tier 3,Job portal,2021-01-09,Bengaluru,91
E100968,Man,1994,North,Tier 2,Campus,2019-08-15,Bengaluru,77
E100969,Man,1998,South,Tier 3,Agency,2021-01-15,Bengaluru,50
E100970,Man,1994,South,Tier 2,Rehire,2017-09-09,Bengaluru,51
E100971,Woman,1995,Northeast,Tier 3,Job portal,2020-08-05,Hyderabad,60
E100972,Woman,1997,South,Tier 2,Campus,2020-04-10,Hyderabad,35
E100973,Woman,1994,North,Tier 3,Campus,2016-09-12,Hyderabad,33
E100974,Man,2000,South,Tier 2,Campus,2019-07-17,Bengaluru,31
E100975,Man,2001,South,Tier 3,Campus,2016-02-13,Bengaluru,35
E100976,Man,1999,South,Tier 3,Campus,2021-04-28,Hyderabad,22
E100977,Woman,1998,West,Tier 3,Job portal,2020-09-20,Hyderabad,78
E100978,Man,1997,East,Tier 3,Job portal,2021-06-15,Hyderabad,57
E100979,Woman,1997,East,Tier 3,Referral,2018-12-22,Hyderabad,92
E100980,Man,1999,South,Tier 3,Campus,2021-09-06,Hyderabad,37
E100981,Woman,1994,South,Tier 3,Agency,2020-06-20,Bengaluru,59
E100982,Man,1997,South,Tier 2,Campus,2018-05-21,Hyderabad,32
E100983,Woman,1991,South,Tier 2,Referral,2010-04-15,Hyderabad,26
E100984,Man,1997,North,Tier 2,Campus,2021-06-14,Hyderabad,35
E100985,Man,1994,South,Tier 2,Referral,2017-03-08,Bengaluru,38
E100986,Man,1998,East,Tier 2,Job portal,2016-03-07,Bengaluru,25
E100987,Man,1988,South,Tier 2,Referral,2018-12-07,Hyderabad,46
E100988,Man,1994,South,Tier 3,Campus,2017-08-21,Hyderabad,72
E100989,Man,1994,South,Tier 2,Campus,2017-09-18,Hyderabad,50
E100990,Man,2000,South,Tier 2,Campus,2018-07-26,Hyderabad,58
E100991,Man,1995,North,Tier 3,Campus,2019-05-04,Hyderabad,59
E100992,Woman,1998,South,Tier 3,Job portal,2019-03-13,Hyderabad,31
E100993,Man,1996,South,Tier 3,Job portal,2019-03-06,Hyderabad,65
E100994,Man,1992,South,Tier 3,Referral,2019-05-17,Bengaluru,64
E100995,Man,1997,North,Tier 2,Campus,2020-12-03,Hyderabad,65
E100996,Man,2000,East,Tier 3,Campus,2021-04-17,Hyderabad,30
E100997,Man,1995,North,Tier 1,Agency,2018-10-26,Hyderabad,36
E100998,Woman,1989,North,Tier 1,Job portal,2013-05-30,Bengaluru,57
E100999,Woman,1991,West,Tier 2,Job portal,2019-11-04,Hyderabad,51
E101000,Woman,1998,West,Tier 3,Agency,2016-04-29,Hyderabad,50
E101001,Woman,1992,South,Tier 1,Agency,2019-07-30,Hyderabad,30
E101002,Man,2000,South,Tier 3,Campus,2019-03-12,Bengaluru,50
E101003,Man,1999,West,Tier 2,Campus,2017-10-23,Bengaluru,54
E101004,Man,1996,North,Tier 3,Agency,2020-09-27,Hyderabad,64
E101005,Woman,1997,South,Tier 3,Job portal,2021-06-17,Hyderabad,73
E101006,Man,1992,South,Tier 3,Job portal,2016-04-15,Bengaluru,46
E101007,Woman,2000,South,Tier 2,Campus,2019-07-22,Hyderabad,62
E101008,Man,1997,South,Tier 3,Job portal,2012-01-06,Hyderabad,81
E101009,Man,1985,South,Tier 2,Referral,2017-06-05,Hyderabad,21
E101010,Man,1997,South,Tier 3,Campus,2014-06-09,Bengaluru,52
E101011,Woman,1999,East,Tier 3,Campus,2019-03-23,Hyderabad,43
E101012,Man,1997,East,Tier 3,Agency,2019-01-21,Hyderabad,43
E101013,Man,1984,South,Tier 2,Referral,2017-02-15,Hyderabad,49
E101014,Woman,2001,South,Tier 3,Campus,2020-03-31,Hyderabad,44
E101015,Man,1995,North,Tier 3,Referral,2017-09-28,Hyderabad,60
E101016,Man,1997,South,Tier 2,Campus,2016-08-16,Hyderabad,54
E101017,Man,1996,East,Tier 3,Job portal,2020-11-16,Bengaluru,73
E101018,Man,2001,South,Tier 3,Campus,2021-03-05,Hyderabad,24
E101019,Man,1998,South,Tier 2,Campus,2019-07-28,Hyderabad,28
E101020,Woman,1996,South,Tier 3,Campus,2018-03-19,Bengaluru,77
E101021,Woman,1998,East,Tier 3,Agency,2019-05-01,Hyderabad,20
E101022,Man,1998,North,Tier 2,Agency,2020-11-21,Bengaluru,48
E101023,Man,1994,South,Tier 3,Referral,2017-05-18,Bengaluru,104
E101024,Woman,1991,South,Tier 1,Agency,2008-08-13,Hyderabad,18
E101025,Man,1997,South,Tier 1,Campus,2018-11-03,Bengaluru,54
E101026,Woman,1997,South,Tier 2,Agency,2021-01-30,Hyderabad,69
E101027,Man,1988,West,Tier 2,Agency,2017-08-30,Hyderabad,44
E101028,Man,1999,East,Tier 3,Campus,2017-10-28,Hyderabad,60
E101029,Woman,1999,South,Tier 2,Campus,2019-11-06,Bengaluru,47
E101030,Man,1991,East,Tier 2,Referral,2018-10-04,Bengaluru,55
E101031,Woman,1997,East,Tier 3,Campus,2017-10-13,Bengaluru,41
E101032,Man,2001,Northeast,Tier 3,Campus,2020-05-15,Bengaluru,49
E101033,Man,1998,South,Tier 2,Campus,2019-11-10,Bengaluru,102
E101034,Man,1994,Northeast,Tier 2,Referral,2021-02-09,Bengaluru,41
E101035,Man,1997,Northeast,Tier 2,Job portal,2006-01-15,Bengaluru,44
E101036,Man,1991,East,Tier 3,Job portal,2018-09-19,Hyderabad,30
E101037,Woman,1999,South,Tier 3,Campus,2021-11-03,Hyderabad,20
E101038,Man,2000,South,Tier 2,Campus,2018-05-19,Hyderabad,31
E101039,Woman,2000,South,Tier 3,Campus,2021-10-12,Hyderabad,40
E101040,Man,1989,North,Tier 2,Agency,2016-09-15,Bengaluru,47
E101041,Woman,1996,South,Tier 3,Campus,2018-03-10,Bengaluru,52
E101042,Man,1996,West,Tier 2,Campus,2011-08-19,Bengaluru,113
E101043,Woman,1996,West,Tier 2,Campus,2020-02-29,Bengaluru,20
E101044,Man,1988,South,Tier 3,Agency,2018-08-16,Hyderabad,47
E101045,Man,1996,South,Tier 2,Campus,2019-06-27,Hyderabad,102
E101046,Man,1994,North,Tier 2,Agency,2016-03-11,Hyderabad,45
E101047,Man,2000,North,Tier 3,Campus,2020-10-10,Hyderabad,42
E101048,Man,1998,North,Tier 1,Campus,2017-08-13,Hyderabad,37
E101049,Man,1996,South,Tier 3,Job portal,2018-10-07,Hyderabad,49
E101050,Man,1997,South,Tier 2,Campus,2016-12-08,Hyderabad,29
E101051,Man,2000,South,Tier 3,Campus,2018-07-19,Hyderabad,30
E101052,Woman,1998,West,Tier 2,Campus,2016-12-31,Hyderabad,41
E101053,Woman,1998,North,Tier 3,Campus,2019-11-22,Bengaluru,95
E101054,Man,1991,West,Tier 3,Referral,2019-09-30,Hyderabad,28
E101055,Man,1995,South,Tier 2,Job portal,2018-06-27,Hyderabad,76
E101056,Man,2000,South,Tier 2,Campus,2019-11-23,Bengaluru,51
E101057,Man,1996,South,Tier 2,Referral,2020-12-04,Hyderabad,25
E101058,Man,1994,South,Tier 2,Campus,2019-03-22,Hyderabad,70
E101059,Man,1989,Northeast,Tier 3,Job portal,2015-12-18,Hyderabad,41
E101060,Man,1996,East,Tier 2,Agency,2010-03-23,Bengaluru,33
E101061,Woman,1993,West,Tier 2,Job portal,2018-05-19,Bengaluru,44
E101062,Woman,2001,South,Tier 2,Campus,2019-07-31,Bengaluru,58
E101063,Man,1995,South,Tier 2,Campus,2019-05-29,Hyderabad,42
E101064,Man,1992,South,Tier 2,Agency,2013-11-21,Bengaluru,23
E101065,Woman,1998,South,Tier 3,Referral,2021-03-12,Hyderabad,50
E101066,Man,2000,East,Tier 1,Campus,2016-09-23,Hyderabad,128
E101067,Man,2000,North,Tier 3,Campus,2020-10-12,Bengaluru,150
E101068,Man,1994,South,Tier 2,Campus,2019-11-12,Bengaluru,42
E101069,Man,1996,South,Tier 2,Job portal,2017-02-01,Bengaluru,60
E101070,Man,1998,East,Tier 2,Campus,2017-09-29,Hyderabad,91
E101071,Man,1995,North,Tier 3,Job portal,2020-11-10,Hyderabad,43
E101072,Man,1988,South,Tier 2,Job portal,2014-12-08,Hyderabad,50
E101073,Man,2000,North,Tier 2,Campus,2021-10-25,Bengaluru,60
E101074,Woman,2000,South,Tier 2,Campus,2014-03-22,Bengaluru,54
E101075,Man,2000,North,Tier 2,Campus,2021-05-05,Bengaluru,150
E101076,Woman,1997,South,Tier 3,Job portal,2020-05-17,Bengaluru,34
E101077,Man,1998,North,Tier 3,Job portal,2019-07-15,Bengaluru,16
E101078,Man,1992,North,Tier 1,Job portal,2016-11-20,Hyderabad,40
E101079,Woman,1999,South,Tier 3,Campus,2021-09-29,Bengaluru,57
E101080,Man,2000,South,Tier 3,Campus,2020-11-12,Hyderabad,53
E101081,Man,1989,South,Tier 3,Job portal,2017-04-26,Hyderabad,123
E101082,Man,2001,North,Tier 2,Campus,2021-02-05,Hyderabad,58
E101083,Man,2000,South,Tier 2,Campus,2013-12-25,Hyderabad,51
E101084,Woman,1996,South,Tier 3,Referral,2015-08-11,Bengaluru,85
E101085,Woman,1998,South,Tier 2,Campus,2020-10-28,Hyderabad,33
E101086,Man,2001,South,Tier 2,Campus,2016-04-18,Hyderabad,25
E101087,Man,1998,North,Tier 1,Campus,2016-06-11,Hyderabad,49
E101088,Man,1998,East,Tier 2,Job portal,2018-10-22,Hyderabad,33
E101089,Man,1998,South,Tier 2,Campus,2018-01-17,Hyderabad,56
E101090,Man,1994,South,Tier 3,Job portal,2016-08-30,Hyderabad,14
E101091,Man,1997,South,Tier 2,Campus,2018-01-06,Hyderabad,56
E101092,Woman,2000,Northeast,Tier 3,Campus,2016-10-06,Bengaluru,52
E101093,Woman,1994,North,Tier 2,Campus,2012-03-10,Bengaluru,31
E101094,Man,1998,South,Tier 2,Job portal,2021-05-15,Hyderabad,57
E101095,Woman,1998,South,Tier 2,Campus,2015-01-16,Hyderabad,47
E101096,Man,1996,South,Tier 2,Campus,2019-08-09,Hyderabad,127
E101097,Man,2000,East,Tier 3,Campus,2020-12-08,Hyderabad,21
E101098,Man,1991,East,Tier 2,Job portal,2019-10-30,Hyderabad,32
E101099,Man,2001,South,Tier 2,Campus,2018-07-30,Hyderabad,33
E101100,Woman,1998,East,Tier 3,Campus,2020-05-12,Bengaluru,112
E101101,Man,1993,North,Tier 3,Job portal,2020-06-13,Hyderabad,39
E101102,Man,1995,South,Tier 1,Campus,2018-10-20,Bengaluru,39
E101103,Woman,1989,South,Tier 2,Job portal,2018-09-20,Hyderabad,36
E101104,Woman,1995,South,Tier 2,Campus,2015-03-16,Hyderabad,50
E101105,Man,1995,North,Tier 3,Campus,2011-04-15,Hyderabad,50
E101106,Man,1996,North,Tier 3,Rehire,2020-08-23,Bengaluru,25
E101107,Woman,1996,North,Tier 3,Campus,2018-09-05,Bengaluru,53
E101108,Woman,1998,South,Tier 2,Campus,2018-07-11,Hyderabad,32
E101109,Woman,1990,South,Tier 2,Referral,2019-01-06,Bengaluru,66
E101110,Woman,2000,South,Tier 2,Campus,2019-11-20,Bengaluru,46
E101111,Man,1995,North,Tier 3,Referral,2018-04-20,Hyderabad,27
E101112,Man,2000,Northeast,Tier 3,Campus,2020-01-18,Hyderabad,65
E101113,Man,2001,South,Tier 3,Campus,2020-06-26,Hyderabad,74
E101114,Man,1987,South,Tier 3,Job portal,2018-04-19,Bengaluru,49
E101115,Man,1998,South,Tier 3,Campus,2020-04-26,Hyderabad,29
E101116,Woman,1997,South,Tier 2,Agency,2020-07-25,Bengaluru,35
E101117,Woman,1991,East,Tier 3,Agency,2016-11-02,Hyderabad,37
E101118,Man,1995,South,Tier 3,Campus,2008-08-04,Hyderabad,18
E101119,Man,1997,South,Tier 1,Agency,2020-02-17,Hyderabad,27
E101120,Man,1994,South,Tier 2,Campus,2019-03-23,Hyderabad,104
E101121,Man,1988,South,Tier 2,Job portal,2010-11-22,Hyderabad,27
E101122,Man,1987,East,Tier 2,Referral,2015-10-25,Bengaluru,66
E101123,Man,2000,South,Tier 2,Campus,2020-05-17,Hyderabad,37
E101124,Woman,2000,South,Tier 2,Campus,2020-11-21,Hyderabad,40
E101125,Man,2000,South,Tier 3,Campus,2020-01-19,Hyderabad,30
E101126,Woman,1999,South,Tier 2,Campus,2021-06-21,Hyderabad,36
E101127,Man,1995,North,Tier 1,Job portal,2020-08-08,Bengaluru,80
E101128,Man,1993,North,Tier 3,Referral,2017-02-17,Hyderabad,61
E101129,Woman,2001,South,Tier 2,Campus,2020-01-05,Bengaluru,62
E101130,Man,1998,South,Tier 2,Campus,2018-08-19,Hyderabad,40
E101131,Man,1998,East,Tier 2,Campus,2019-09-21,Bengaluru,47
E101132,Woman,1994,South,Tier 3,Campus,2010-03-02,Hyderabad,35
E101133,Man,1995,West,Tier 2,Rehire,2016-10-24,Bengaluru,96
E101134,Woman,1995,East,Tier 2,Job portal,2021-04-27,Hyderabad,64
E101135,Man,1995,East,Tier 3,Campus,2016-06-06,Hyderabad,38
E101136,Man,1990,South,Tier 1,Referral,2019-06-29,Hyderabad,46
E101137,Man,1991,Northeast,Tier 2,Referral,2019-07-23,Bengaluru,72
E101138,Woman,1996,East,Tier 1,Campus,2009-11-01,Hyderabad,35
E101139,Woman,1993,North,Tier 1,Campus,2010-03-13,Hyderabad,27
E101140,Man,1995,North,Tier 3,Campus,2019-06-03,Bengaluru,60
E101141,Man,1991,East,Tier 3,Referral,2016-10-08,Bengaluru,81
E101142,Woman,1996,West,Tier 3,Campus,2014-01-25,Bengaluru,37
E101143,Non-binary,2000,South,Tier 3,Campus,2018-05-26,Hyderabad,21
E101144,Man,1998,West,Tier 2,Campus,2019-04-10,Hyderabad,48
E101145,Woman,1995,South,Tier 2,Job portal,2020-06-12,Bengaluru,36
E101146,Woman,1997,South,Tier 2,Campus,2016-08-31,Hyderabad,69
E101147,Man,1995,West,Tier 3,Job portal,2019-07-13,Hyderabad,43
E101148,Man,1993,Northeast,Tier 2,Campus,2014-06-27,Hyderabad,31
E101149,Man,1991,South,Tier 1,Job portal,2020-06-18,Hyderabad,25
E101150,Woman,1995,South,Tier 2,Job portal,2019-07-01,Bengaluru,81
E101151,Woman,2001,East,Tier 2,Campus,2012-03-08,Bengaluru,52
E101152,Woman,2000,South,Tier 3,Campus,2020-11-04,Hyderabad,49
E101153,Woman,1998,North,Tier 2,Referral,2019-12-21,Hyderabad,33
E101154,Man,1989,Northeast,Tier 3,Referral,2015-11-03,Bengaluru,51
E101155,Man,1995,South,Tier 2,Job portal,2019-05-06,Hyderabad,47
E101156,Man,1994,South,Tier 2,Campus,2016-03-19,Bengaluru,107
E101157,Man,1994,East,Tier 3,Job portal,2007-01-22,Hyderabad,33
E101158,Man,1994,East,Tier 1,Campus,2019-11-25,Bengaluru,80
E101159,Man,1983,South,Tier 2,Referral,2013-04-27,Bengaluru,42
E101160,Woman,1991,South,Tier 3,Referral,2020-08-29,Bengaluru,56
E101161,Man,1992,Northeast,Tier 2,Referral,2016-01-25,Bengaluru,54
E101162,Man,1988,South,Tier 3,Agency,2017-11-13,Hyderabad,49
E101163,Man,1995,West,Tier 2,Campus,2018-12-09,Hyderabad,36
E101164,Man,1993,South,Tier 3,Job portal,2017-10-10,Bengaluru,61
E101165,Woman,2000,South,Tier 2,Campus,2021-01-17,Hyderabad,19
E101166,Man,1997,South,Tier 2,Campus,2021-12-02,Hyderabad,37
E101167,Man,1990,West,Tier 1,Job portal,2016-02-16,Hyderabad,18
E101168,Man,2000,South,Tier 3,Campus,2019-06-07,Hyderabad,42
E101169,Man,1998,South,Tier 2,Campus,2013-08-09,Bengaluru,57
E101170,Woman,2000,South,Tier 3,Campus,2021-11-04,Bengaluru,37
E101171,Man,1993,North,Tier 3,Agency,2018-06-21,Bengaluru,39
E101172,Man,1999,South,Tier 2,Campus,2019-11-18,Hyderabad,29
E101173,Man,1993,South,Tier 2,Job portal,2020-07-04,Bengaluru,88
E101174,Man,2000,North,Tier 2,Campus,2020-01-19,Hyderabad,34
E101175,Man,1995,South,Tier 2,Agency,2004-08-12,Hyderabad,39
E101176,Man,1990,South,Tier 2,Job portal,2018-11-23,Hyderabad,66
E101177,Man,1993,South,Tier 2,Job portal,2018-06-22,Hyderabad,22
E101178,Man,1997,North,Tier 2,Referral,2020-06-08,Bengaluru,44
E101179,Man,1995,North,Tier 1,Campus,2014-01-07,Hyderabad,61
E101180,Woman,1990,Northeast,Tier 3,Job portal,2018-11-02,Bengaluru,58
E101181,Woman,1993,South,Tier 2,Job portal,2019-02-05,Hyderabad,61
E101182,Man,2000,East,Tier 2,Campus,2021-08-02,Bengaluru,28
E101183,Man,2001,East,Tier 3,Campus,2017-06-23,Hyderabad,42
E101184,Woman,1992,South,Tier 3,Agency,2017-06-18,Bengaluru,67
E101185,Woman,1995,North,Tier 1,Job portal,2013-03-24,Hyderabad,21
E101186,Woman,1997,North,Tier 2,Campus,2021-03-21,Hyderabad,18
E101187,Man,1997,South,Tier 1,Referral,2020-04-27,Bengaluru,29
E101188,Woman,1997,West,Tier 3,Agency,2021-01-15,Hyderabad,67
E101189,Man,2000,West,Tier 2,Campus,2022-01-14,Bengaluru,13
E101190,Man,1993,South,Tier 3,Job portal,2016-01-22,Hyderabad,19
E101191,Man,2001,South,Tier 3,Campus,2021-04-01,Hyderabad,31
E101192,Woman,1999,West,Tier 2,Campus,2019-10-16,Hyderabad,50
E101193,Woman,1997,South,Tier 2,Job portal,2015-06-12,Hyderabad,38
E101194,Woman,1996,Northeast,Tier 1,Job portal,2019-08-20,Bengaluru,54
E101195,Man,1990,South,Tier 2,Referral,2016-10-07,Hyderabad,63
E101196,Man,1995,West,Tier 1,Job portal,2020-08-08,Bengaluru,47
E101197,Man,1999,South,Tier 2,Campus,2021-02-17,Hyderabad,43
E101198,Man,1998,South,Tier 2,Job portal,2019-11-14,Hyderabad,29
E101199,Woman,1997,South,Tier 3,Campus,2019-10-12,Hyderabad,37
E101200,Man,1994,South,Tier 2,Job portal,2020-09-05,Hyderabad,23
E101201,Man,1992,Northeast,Tier 3,Agency,2017-09-28,Hyderabad,29
E101202,Woman,1999,South,Tier 3,Campus,2017-03-11,Hyderabad,31
E101203,Man,1996,Northeast,Tier 1,Rehire,2016-06-17,Bengaluru,129
E101204,Woman,1998,Northeast,Tier 2,Campus,2018-04-20,Hyderabad,95
E101205,Woman,2001,South,Tier 3,Campus,2020-02-14,Bengaluru,65
E101206,Man,1993,South,Tier 1,Campus,2019-10-05,Hyderabad,35
E101207,Man,1989,South,Tier 3,Job portal,2018-05-15,Bengaluru,42
E101208,Man,1999,West,Tier 1,Campus,2021-12-14,Bengaluru,25
E101209,Man,1996,South,Tier 2,Job portal,2021-06-06,Hyderabad,12
E101210,Woman,1997,North,Tier 2,Campus,2018-11-01,Hyderabad,23
E101211,Woman,2001,East,Tier 3,Campus,2011-03-10,Hyderabad,46
E101212,Woman,1999,South,Tier 3,Referral,2021-01-10,Bengaluru,49
E101213,Woman,2000,South,Tier 1,Campus,2018-03-14,Hyderabad,42
E101214,Man,1996,South,Tier 2,Job portal,2017-03-28,Hyderabad,29
E101215,Woman,1994,West,Tier 3,Campus,2018-12-22,Bengaluru,63
E101216,Man,1998,Northeast,Tier 3,Campus,2012-02-15,Hyderabad,64
E101217,Woman,1996,South,Tier 3,Job portal,2020-07-29,Hyderabad,43
E101218,Woman,1999,Northeast,Tier 3,Campus,2021-11-16,Bengaluru,45
E101219,Man,1996,South,Tier 3,Campus,2018-02-05,Hyderabad,33
E101220,Woman,2001,South,Tier 2,Campus,2021-01-14,Bengaluru,30
E101221,Man,1995,South,Tier 2,Campus,2008-03-20,Hyderabad,34
E101222,Man,1994,West,Tier 2,Agency,2017-02-11,Hyderabad,32
E101223,Woman,1999,South,Tier 3,Campus,2004-04-05,Bengaluru,35
E101224,Man,1999,South,Tier 2,Campus,2019-09-12,Hyderabad,16
E101225,Woman,1992,South,Tier 1,Rehire,2018-10-03,Bengaluru,75
E101226,Man,1995,West,Tier 2,Agency,2019-09-10,Bengaluru,145
E101227,Man,1995,North,Tier 3,Agency,2020-01-28,Bengaluru,62
E101228,Man,1997,Northeast,Tier 3,Campus,2015-02-12,Hyderabad,26
E101229,Man,1998,South,Tier 3,Campus,2018-05-26,Hyderabad,59
E101230,Man,1995,East,Tier 2,Referral,2019-10-12,Hyderabad,52
E101231,Woman,1997,West,Tier 1,Campus,2017-04-05,Bengaluru,72
E101232,Man,1995,South,Tier 3,Campus,2013-11-13,Hyderabad,28
E101233,Woman,1997,South,Tier 3,Campus,2019-12-13,Hyderabad,19
E101234,Man,1994,South,Tier 3,Campus,2019-04-28,Hyderabad,25
E101235,Woman,1996,West,Tier 3,Campus,2018-01-11,Bengaluru,48
E101236,Man,1988,South,Tier 2,Referral,2018-07-23,Bengaluru,28
E101237,Man,1997,South,Tier 1,Campus,2018-08-03,Hyderabad,19
E101238,Man,1997,South,Tier 2,Referral,2020-08-15,Hyderabad,47
E101239,Woman,1984,East,Tier 2,Referral,2016-04-23,Hyderabad,42
E101240,Man,1997,West,Tier 3,Job portal,2019-04-14,Hyderabad,14
E101241,Woman,1997,South,Tier 3,Job portal,2019-08-14,Bengaluru,49
E101242,Woman,1995,South,Tier 1,Agency,2020-04-03,Bengaluru,113
E101243,Woman,2000,South,Tier 2,Campus,2016-12-19,Hyderabad,58
E101244,Man,1987,North,Tier 2,Job portal,2019-03-11,Hyderabad,60
E101245,Man,1995,North,Tier 3,Campus,2015-04-27,Bengaluru,63
E101246,Man,1993,South,Tier 2,Agency,2015-11-02,Hyderabad,42
E101247,Man,1998,South,Tier 2,Campus,2017-02-11,Hyderabad,27
E101248,Man,1993,North,Tier 3,Campus,2019-10-31,Hyderabad,35
E101249,Man,1988,East,Tier 3,Referral,2013-03-28,Bengaluru,40
E101250,Man,1994,East,Tier 2,Campus,2016-09-24,Hyderabad,24
E101251,Man,1992,West,Tier 2,Job portal,2019-09-23,Hyderabad,27
E101252,Man,2000,South,Tier 2,Campus,2019-05-27,Bengaluru,55
E101253,Woman,1991,West,Tier 3,Campus,2018-09-15,Bengaluru,63
E101254,Man,1992,South,Tier 3,Job portal,2015-04-07,Bengaluru,24
E101255,Woman,1997,South,Tier 3,Job portal,2020-08-02,Bengaluru,17
E101256,Man,2000,South,Tier 2,Campus,2015-01-02,Hyderabad,33
E101257,Man,1998,South,Tier 3,Agency,2019-01-27,Hyderabad,43
E101258,Woman,2000,West,Tier 2,Campus,2021-09-07,Hyderabad,24
E101259,Woman,1999,North,Tier 3,Campus,2021-10-31,Bengaluru,40
E101260,Man,1986,Northeast,Tier 2,Agency,2018-12-06,Hyderabad,43
E101261,Woman,1992,North,Tier 2,Job portal,2015-04-12,Hyderabad,58
E101262,Man,1995,North,Tier 3,Campus,2013-04-29,Bengaluru,55
E101263,Woman,1994,West,Tier 1,Referral,2018-05-07,Hyderabad,26
E101264,Man,1992,South,Tier 3,Referral,2015-12-17,Hyderabad,23
E101265,Man,1998,West,Tier 2,Campus,2013-04-04,Bengaluru,44
E101266,Woman,2001,South,Tier 2,Campus,2021-07-15,Hyderabad,62
E101267,Woman,1998,North,Tier 1,Campus,2019-01-25,Hyderabad,56
E101268,Man,1997,South,Tier 3,Referral,2021-01-30,Hyderabad,21
E101269,Woman,1998,Northeast,Tier 2,Job portal,2020-07-09,Bengaluru,74
E101270,Man,1998,East,Tier 2,Agency,2013-08-07,Bengaluru,63
E101271,Man,1999,East,Tier 3,Campus,2019-02-17,Hyderabad,66
E101272,Man,1998,North,Tier 3,Job portal,2021-03-17,Hyderabad,28
E101273,Man,2001,West,Tier 3,Campus,2015-04-21,Bengaluru,52
E101274,Man,1987,East,Tier 3,Job portal,2019-03-12,Hyderabad,77
E101275,Man,2000,West,Tier 2,Campus,2021-09-16,Bengaluru,44
E101276,Man,1999,East,Tier 2,Job portal,2021-03-13,Hyderabad,41
E101277,Woman,1996,South,Tier 3,Agency,2015-04-27,Hyderabad,19
E101278,Woman,2000,South,Tier 3,Campus,2021-08-28,Hyderabad,37
E101279,Man,1999,South,Tier 3,Agency,2016-03-03,Bengaluru,59
E101280,Man,1997,South,Tier 3,Referral,2019-05-28,Hyderabad,49
E101281,Man,2001,South,Tier 3,Campus,2021-02-10,Hyderabad,46
E101282,Man,1989,South,Tier 2,Job portal,2017-11-06,Hyderabad,54
E101283,Woman,1996,South,Tier 1,Campus,2017-12-30,Bengaluru,95
E101284,Woman,2001,South,Tier 2,Campus,2015-08-24,Hyderabad,53
E101285,Man,1983,South,Tier 3,Agency,2009-07-15,Bengaluru,36
E101286,Woman,2001,North,Tier 3,Campus,2020-08-18,Hyderabad,36
E101287,Man,1995,South,Tier 2,Campus,2014-10-29,Hyderabad,48
E101288,Man,1996,East,Tier 2,Job portal,2017-11-12,Hyderabad,42
E101289,Man,1999,South,Tier 2,Campus,2021-09-04,Hyderabad,26
E101290,Man,1998,South,Tier 1,Referral,2018-09-14,Hyderabad,25
E101291,Man,1998,East,Tier 2,Job portal,2020-04-22,Hyderabad,32
E101292,Woman,1998,North,Tier 2,Job portal,2019-10-20,Bengaluru,101
E101293,Woman,1997,East,Tier 2,Campus,2014-02-24,Bengaluru,66
E101294,Man,1998,South,Tier 2,Campus,2019-04-26,Bengaluru,29
E101295,Woman,1998,East,Tier 1,Job portal,2020-10-14,Bengaluru,82
E101296,Woman,1995,South,Tier 2,Campus,2019-07-04,Hyderabad,29
E101297,Man,2001,South,Tier 3,Campus,2021-01-14,Bengaluru,95
E101298,Man,1999,South,Tier 3,Campus,2020-07-18,Hyderabad,20
E101299,Man,1991,South,Tier 2,Job portal,2018-07-19,Bengaluru,32
E101300,Man,2000,East,Tier 3,Campus,2013-12-06,Hyderabad,30
E101301,Man,1994,South,Tier 3,Referral,2013-11-14,Hyderabad,52
E101302,Man,1997,West,Tier 2,Campus,2018-08-25,Hyderabad,50
E101303,Woman,1985,South,Tier 3,Agency,2018-03-24,Hyderabad,45
E101304,Man,2000,South,Tier 3,Campus,2020-07-25,Bengaluru,22
E101305,Man,1990,South,Tier 1,Job portal,2016-09-26,Hyderabad,102
E101306,Man,1998,Northeast,Tier 2,Campus,2021-10-26,Bengaluru,44
E101307,Woman,2000,East,Tier 2,Campus,2016-08-06,Hyderabad,19
E101308,Man,1995,East,Tier 2,Job portal,2019-11-09,Bengaluru,136
E101309,Woman,1999,East,Tier 3,Campus,2021-12-02,Hyderabad,16
E101310,Man,1996,East,Tier 1,Referral,2019-11-21,Hyderabad,23
E101311,Man,1995,South,Tier 2,Job portal,2017-12-07,Bengaluru,62
E101312,Woman,2001,South,Tier 3,Campus,2022-01-30,Hyderabad,83
E101313,Woman,1995,South,Tier 3,Campus,2010-12-19,Hyderabad,66
E101314,Man,1997,South,Tier 1,Job portal,2020-12-15,Hyderabad,36
E101315,Man,1988,South,Tier 2,Job portal,2013-03-25,Bengaluru,62
E101316,Man,1999,South,Tier 3,Campus,2021-05-25,Hyderabad,23
E101317,Man,2000,East,Tier 2,Campus,2018-06-30,Hyderabad,32
E101318,Woman,1995,Northeast,Tier 3,Job portal,2020-05-06,Bengaluru,86
E101319,Woman,2000,North,Tier 1,Campus,2018-06-04,Hyderabad,15
E101320,Man,1999,South,Tier 3,Campus,2020-02-29,Hyderabad,45
E101321,Man,1988,East,Tier 2,Referral,2018-06-20,Hyderabad,26
E101322,Woman,1998,South,Tier 1,Referral,2014-01-26,Bengaluru,65
E101323,Man,1998,South,Tier 2,Campus,2017-06-29,Bengaluru,24
E101324,Man,2001,West,Tier 1,Campus,2018-10-02,Hyderabad,47
E101325,Woman,1998,North,Tier 3,Agency,2020-05-13,Hyderabad,57
E101326,Woman,1993,South,Tier 2,Campus,2009-07-18,Bengaluru,31
E101327,Man,1995,South,Tier 2,Job portal,2018-03-26,Bengaluru,46
E101328,Man,1998,East,Tier 2,Referral,2016-02-04,Bengaluru,42
E101329,Man,1999,East,Tier 3,Campus,2020-12-20,Hyderabad,34
E101330,Woman,2000,North,Tier 3,Campus,2019-10-29,Bengaluru,76
E101331,Woman,1998,North,Tier 3,Campus,2021-04-07,Hyderabad,35
E101332,Man,1998,North,Tier 2,Campus,2020-04-10,Bengaluru,36
E101333,Woman,1991,North,Tier 2,Agency,2019-11-19,Hyderabad,50
E101334,Woman,1999,South,Tier 3,Referral,2021-02-10,Hyderabad,38
E101335,Woman,2000,South,Tier 1,Campus,2021-11-18,Bengaluru,57
E101336,Man,1995,South,Tier 2,Referral,2018-07-03,Bengaluru,76
E101337,Woman,1996,East,Tier 2,Referral,2021-06-15,Bengaluru,86
E101338,Man,2000,South,Tier 1,Campus,2018-11-27,Bengaluru,50
E101339,Man,1987,East,Tier 2,Job portal,2017-04-19,Bengaluru,20
E101340,Man,1987,West,Tier 2,Agency,2018-09-03,Hyderabad,49
E101341,Woman,2000,South,Tier 3,Campus,2021-03-22,Hyderabad,29
E101342,Woman,1989,South,Tier 2,Job portal,2016-04-06,Hyderabad,48
E101343,Man,1998,South,Tier 2,Referral,2018-12-09,Hyderabad,93
E101344,Man,1995,South,Tier 1,Campus,2018-04-16,Bengaluru,52
E101345,Woman,1994,East,Tier 2,Campus,2020-02-09,Hyderabad,24
E101346,Woman,1995,North,Tier 3,Campus,2017-03-07,Bengaluru,49
E101347,Man,1995,South,Tier 2,Campus,2018-10-30,Bengaluru,46
E101348,Man,2000,South,Tier 2,Campus,2020-10-22,Bengaluru,26
E101349,Woman,1995,North,Tier 2,Referral,2018-04-24,Bengaluru,76
E101350,Man,1995,North,Tier 1,Agency,2020-11-17,Bengaluru,77
E101351,Woman,1998,South,Tier 2,Campus,2018-07-24,Hyderabad,29
E101352,Man,1994,South,Tier 3,Campus,2018-05-25,Hyderabad,18
E101353,Man,1993,North,Tier 2,Agency,2018-05-28,Hyderabad,62
E101354,Woman,1985,South,Tier 3,Agency,2011-01-27,Hyderabad,67
E101355,Man,1997,South,Tier 3,Agency,2020-04-12,Hyderabad,92
E101356,Woman,1994,West,Tier 3,Referral,2020-04-21,Hyderabad,68
E101357,Man,1998,North,Tier 2,Campus,2012-11-06,Hyderabad,22
E101358,Man,2000,South,Tier 2,Campus,2020-12-13,Bengaluru,95
E101359,Woman,1998,South,Tier 2,Campus,2013-08-26,Hyderabad,27
E101360,Woman,2001,North,Tier 2,Campus,2017-02-18,Bengaluru,81
E101361,Man,1996,South,Tier 3,Campus,2019-08-14,Bengaluru,31
E101362,Man,2000,South,Tier 2,Campus,2016-10-27,Hyderabad,26
E101363,Man,1987,South,Tier 2,Agency,2015-02-25,Hyderabad,39
E101364,Woman,1997,Northeast,Tier 3,Referral,2015-09-15,Hyderabad,43
E101365,Woman,1997,South,Tier 3,Campus,2019-03-07,Hyderabad,63
E101366,Man,1992,West,Tier 1,Agency,2019-11-05,Bengaluru,39
E101367,Man,1995,South,Tier 3,Campus,2019-09-01,Hyderabad,39
E101368,Man,1993,North,Tier 3,Referral,2014-07-06,Bengaluru,50
E101369,Man,1990,Northeast,Tier 2,Job portal,2018-10-23,Bengaluru,50
E101370,Woman,1995,West,Tier 1,Campus,2020-03-05,Bengaluru,37
E101371,Man,1999,South,Tier 2,Referral,2018-02-16,Bengaluru,29
E101372,Man,1989,South,Tier 2,Referral,2014-04-20,Bengaluru,59
E101373,Woman,1999,South,Tier 2,Campus,2021-04-11,Bengaluru,84
E101374,Woman,1992,East,Tier 1,Agency,2017-05-24,Hyderabad,56
E101375,Woman,1998,South,Tier 3,Referral,2020-07-29,Hyderabad,24
E101376,Woman,1999,Northeast,Tier 3,Job portal,2021-01-02,Hyderabad,39
E101377,Man,1995,South,Tier 2,Campus,2019-12-25,Hyderabad,60
E101378,Non-binary,1998,South,Tier 2,Rehire,2021-01-31,Bengaluru,31
E101379,Man,1990,North,Tier 2,Referral,2018-10-11,Bengaluru,69
E101380,Man,1995,East,Tier 3,Referral,2020-03-21,Bengaluru,150
E101381,Man,1995,West,Tier 2,Referral,2020-09-27,Bengaluru,32
E101382,Man,1999,South,Tier 2,Campus,2021-08-29,Hyderabad,22
E101383,Woman,1996,West,Tier 1,Referral,2018-09-12,Bengaluru,48
E101384,Woman,2000,South,Tier 2,Campus,2020-10-05,Hyderabad,48
E101385,Man,1993,South,Tier 2,Campus,2018-07-14,Hyderabad,34
E101386,Man,1999,South,Tier 2,Campus,2018-02-05,Bengaluru,45
E101387,Woman,1995,South,Tier 3,Agency,2018-11-06,Bengaluru,47
E101388,Woman,1999,South,Tier 3,Campus,2016-12-05,Hyderabad,33
E101389,Man,1992,North,Tier 2,Job portal,2019-10-03,Bengaluru,33
E101390,Man,1993,South,Tier 2,Referral,2015-01-07,Hyderabad,40
E101391,Woman,2001,North,Tier 3,Campus,2022-01-05,Hyderabad,57
E101392,Man,1991,East,Tier 3,Referral,2015-11-29,Hyderabad,52
E101393,Man,2001,East,Tier 2,Campus,2019-04-27,Hyderabad,71
E101394,Woman,1995,East,Tier 1,Referral,2017-11-11,Bengaluru,28
E101395,Man,2000,West,Tier 2,Campus,2017-01-16,Hyderabad,26
E101396,Man,1996,South,Tier 2,Job portal,2021-05-25,Bengaluru,66
E101397,Man,1996,North,Tier 2,Agency,2019-03-21,Bengaluru,43
E101398,Man,1999,East,Tier 2,Campus,2016-03-13,Hyderabad,53
E101399,Man,2000,South,Tier 2,Campus,2019-10-05,Bengaluru,81
E101400,Man,1996,South,Tier 2,Referral,2011-07-27,Bengaluru,63
E101401,Man,1995,North,Tier 2,Job portal,2017-07-08,Bengaluru,37
E101402,Man,1984,East,Tier 3,Agency,2018-01-04,Hyderabad,41
E101403,Man,1998,East,Tier 3,Job portal,2020-06-29,Hyderabad,25
E101404,Man,1998,South,Tier 2,Campus,2019-11-18,Bengaluru,79
E101405,Man,2000,East,Tier 2,Campus,2015-02-05,Bengaluru,51
E101406,Man,2000,West,Tier 1,Campus,2019-04-02,Hyderabad,18
E101407,Man,1999,East,Tier 2,Campus,2017-08-05,Hyderabad,22
E101408,Woman,2000,South,Tier 2,Campus,2019-11-23,Bengaluru,85
E101409,Man,1995,North,Tier 2,Campus,2018-11-23,Bengaluru,34
E101410,Woman,2000,South,Tier 3,Campus,2010-10-28,Bengaluru,50
E101411,Man,1994,South,Tier 2,Campus,2019-03-27,Bengaluru,63
E101412,Man,1998,South,Tier 3,Campus,2020-07-27,Bengaluru,75
E101413,Man,1998,South,Tier 2,Campus,2018-04-22,Hyderabad,62
E101414,Man,1994,Northeast,Tier 2,Campus,2018-10-29,Hyderabad,48
E101415,Man,1997,East,Tier 2,Job portal,2021-06-17,Hyderabad,55
E101416,Woman,1998,South,Tier 3,Agency,2018-12-26,Bengaluru,50
E101417,Woman,1998,South,Tier 1,Campus,2012-09-27,Hyderabad,29
E101418,Man,1997,Northeast,Tier 2,Campus,2019-09-19,Bengaluru,60
E101419,Man,1992,South,Tier 2,Agency,2019-06-10,Hyderabad,150
E101420,Man,2001,South,Tier 1,Campus,2021-07-24,Hyderabad,46
E101421,Man,2000,Northeast,Tier 2,Campus,2020-07-01,Hyderabad,72
E101422,Man,1996,South,Tier 2,Referral,2020-06-21,Hyderabad,56
E101423,Man,1998,East,Tier 2,Agency,2020-09-27,Hyderabad,29
E101424,Man,2001,South,Tier 3,Campus,2019-08-13,Hyderabad,38
E101425,Man,1985,South,Tier 1,Job portal,2011-08-27,Hyderabad,41
E101426,Man,1997,South,Tier 1,Job portal,2017-07-26,Bengaluru,73
E101427,Man,1986,North,Tier 1,Job portal,2014-11-13,Bengaluru,51
E101428,Man,1996,South,Tier 1,Job portal,2019-10-27,Hyderabad,38
E101429,Woman,2001,South,Tier 2,Campus,2016-06-15,Bengaluru,80
E101430,Man,2001,South,Tier 3,Campus,2021-03-04,Hyderabad,81
E101431,Woman,1999,West,Tier 2,Campus,2021-06-03,Bengaluru,59
E101432,Woman,1997,South,Tier 2,Campus,2020-03-18,Hyderabad,32
E101433,Man,1990,East,Tier 2,Agency,2017-05-09,Hyderabad,29
E101434,Man,1998,South,Tier 3,Campus,2021-07-22,Hyderabad,42
E101435,Woman,2000,East,Tier 2,Campus,2021-03-21,Hyderabad,38
E101436,Woman,1997,South,Tier 3,Campus,2021-04-12,Hyderabad,76
E101437,Woman,1998,South,Tier 2,Campus,2021-12-20,Hyderabad,68
E101438,Woman,1998,South,Tier 3,Campus,2018-10-28,Bengaluru,44
E101439,Man,1987,West,Tier 2,Job portal,2012-07-09,Hyderabad,47
E101440,Woman,1994,South,Tier 2,Referral,2012-03-16,Bengaluru,43
E101441,Woman,1987,East,Tier 3,Job portal,2018-03-02,Bengaluru,50
E101442,Woman,1997,Northeast,Tier 2,Referral,2021-05-24,Hyderabad,76
E101443,Man,1990,South,Tier 3,Job portal,2016-09-17,Bengaluru,28
E101444,Man,1993,South,Tier 2,Campus,2014-09-14,Bengaluru,39
E101445,Man,1999,North,Tier 3,Campus,2020-10-23,Hyderabad,60
E101446,Man,1993,Northeast,Tier 2,Job portal,2017-12-27,Bengaluru,58
E101447,Man,2000,South,Tier 1,Campus,2017-05-22,Hyderabad,40
E101448,Woman,1999,South,Tier 3,Referral,2019-01-27,Bengaluru,37
E101449,Man,1989,Northeast,Tier 3,Rehire,2014-10-09,Hyderabad,12
E101450,Man,2000,South,Tier 3,Campus,2017-11-01,Hyderabad,45
E101451,Man,2001,East,Tier 2,Campus,2018-06-16,Hyderabad,42
E101452,Man,1992,Northeast,Tier 3,Job portal,2018-09-30,Hyderabad,47
E101453,Man,1998,South,Tier 3,Referral,2021-05-31,Bengaluru,108
E101454,Man,1999,South,Tier 3,Campus,2014-08-20,Hyderabad,50
E101455,Man,1997,South,Tier 3,Campus,2020-03-16,Hyderabad,23
E101456,Woman,2001,South,Tier 2,Campus,2020-02-17,Hyderabad,50
E101457,Man,1990,North,Tier 2,Referral,2019-12-06,Hyderabad,17
E101458,Woman,1997,South,Tier 2,Campus,2016-10-28,Bengaluru,35
E101459,Man,1989,South,Tier 2,Job portal,2011-01-21,Hyderabad,44
E101460,Woman,1997,North,Tier 3,Campus,2019-03-19,Hyderabad,25
E101461,Man,1986,West,Tier 2,Job portal,2016-09-15,Bengaluru,52
E101462,Woman,1992,South,Tier 2,Job portal,2011-01-25,Hyderabad,84
E101463,Man,1998,East,Tier 1,Job portal,2020-01-07,Bengaluru,51
E101464,Man,1993,North,Tier 2,Job portal,2014-12-31,Hyderabad,111
E101465,Man,2001,North,Tier 2,Campus,2018-07-21,Bengaluru,69
E101466,Man,2001,North,Tier 3,Campus,2021-03-05,Bengaluru,80
E101467,Woman,1998,East,Tier 3,Agency,2015-05-18,Bengaluru,54
E101468,Woman,1998,South,Tier 2,Campus,2016-12-02,Hyderabad,14
E101469,Man,1998,Northeast,Tier 3,Job portal,2020-11-21,Hyderabad,58
E101470,Woman,1994,North,Tier 1,Campus,2019-12-15,Bengaluru,61
E101471,Woman,1994,East,Tier 2,Job portal,2016-11-12,Bengaluru,60
E101472,Man,1991,West,Tier 3,Job portal,2018-03-25,Hyderabad,36
E101473,Man,1998,South,Tier 3,Campus,2015-06-25,Hyderabad,27
E101474,Man,1990,South,Tier 2,Job portal,2018-05-12,Bengaluru,38
E101475,Man,1996,South,Tier 2,Referral,2021-01-20,Hyderabad,62
E101476,Woman,1994,West,Tier 2,Campus,2018-09-27,Hyderabad,41
E101477,Man,1998,East,Tier 3,Referral,2010-08-13,Hyderabad,27
E101478,Man,1992,South,Tier 2,Rehire,2015-05-23,Bengaluru,36
E101479,Man,2001,West,Tier 2,Campus,2018-03-14,Bengaluru,38
E101480,Man,2000,South,Tier 2,Campus,2018-01-29,Bengaluru,41
E101481,Man,1992,South,Tier 1,Job portal,2019-09-28,Hyderabad,39
E101482,Man,1995,West,Tier 2,Campus,2014-05-02,Bengaluru,62
E101483,Man,1992,West,Tier 2,Job portal,2018-11-22,Hyderabad,29
E101484,Woman,2001,North,Tier 1,Campus,2020-06-11,Hyderabad,26
E101485,Man,2001,East,Tier 2,Campus,2017-03-02,Hyderabad,42
E101486,Man,1994,East,Tier 3,Campus,2015-10-04,Bengaluru,42
E101487,Woman,1995,South,Tier 2,Campus,2019-11-25,Hyderabad,34
E101488,Man,1994,South,Tier 2,Job portal,2019-07-25,Hyderabad,66
E101489,Man,1997,South,Tier 2,Campus,2015-02-07,Bengaluru,98
E101490,Man,1995,South,Tier 3,Referral,2009-06-04,Bengaluru,41
E101491,Man,2000,South,Tier 2,Campus,2021-11-18,Hyderabad,40
E101492,Woman,1997,East,Tier 2,Referral,2019-04-28,Hyderabad,24
E101493,Man,1999,South,Tier 2,Campus,2020-03-15,Hyderabad,32
E101494,Man,1995,North,Tier 3,Job portal,2015-11-05,Hyderabad,68
E101495,Man,1998,East,Tier 3,Job portal,2021-06-09,Bengaluru,84
E101496,Woman,1993,South,Tier 2,Agency,2020-04-22,Hyderabad,43
E101497,Non-binary,1993,South,Tier 3,Campus,2018-11-30,Hyderabad,35
E101498,Man,1990,West,Tier 2,Referral,2018-06-04,Hyderabad,41
E101499,Man,1989,South,Tier 2,Referral,2014-09-22,Hyderabad,29
E101500,Man,2001,South,Tier 1,Campus,2017-03-01,Hyderabad,31
E101501,Man,1994,North,Tier 2,Campus,2019-08-31,Bengaluru,101
E101502,Man,1997,East,Tier 1,Campus,2017-12-13,Hyderabad,32
E101503,Man,1997,South,Tier 3,Campus,2016-11-14,Hyderabad,33
E101504,Man,1998,South,Tier 2,Referral,2011-05-21,Hyderabad,57
E101505,Man,1991,South,Tier 3,Referral,2018-03-28,Bengaluru,36
E101506,Man,1995,East,Tier 2,Agency,2020-09-17,Hyderabad,37
E101507,Man,2000,West,Tier 3,Campus,2017-06-10,Hyderabad,44
E101508,Woman,2001,East,Tier 2,Campus,2019-07-02,Hyderabad,45
E101509,Man,1995,South,Tier 1,Campus,2019-06-11,Hyderabad,32
E101510,Woman,1988,South,Tier 2,Referral,2017-01-26,Bengaluru,37
E101511,Man,2001,West,Tier 1,Campus,2018-08-22,Hyderabad,49
E101512,Woman,2001,South,Tier 3,Campus,2016-04-03,Bengaluru,53
E101513,Man,1995,East,Tier 2,Referral,2018-10-10,Hyderabad,28
E101514,Man,1996,South,Tier 2,Referral,2020-10-01,Hyderabad,55
E101515,Man,1994,North,Tier 1,Campus,2019-04-29,Hyderabad,36
E101516,Man,2001,East,Tier 2,Campus,2021-07-29,Hyderabad,32
E101517,Man,1996,South,Tier 2,Agency,2019-06-29,Hyderabad,57
E101518,Woman,1995,North,Tier 2,Referral,2020-04-03,Hyderabad,17
E101519,Woman,1997,South,Tier 1,Referral,2019-11-27,Hyderabad,45
E101520,Woman,1995,North,Tier 2,Job portal,2015-02-24,Hyderabad,55
E101521,Woman,1997,East,Tier 3,Campus,2018-11-03,Hyderabad,28
E101522,Man,1995,North,Tier 1,Campus,2016-11-16,Hyderabad,36
E101523,Man,1998,South,Tier 1,Referral,2021-02-12,Hyderabad,43
E101524,Woman,1998,West,Tier 2,Campus,2018-04-08,Bengaluru,32
E101525,Woman,1996,South,Tier 2,Campus,2018-01-17,Hyderabad,25
E101526,Man,1992,North,Tier 3,Referral,2019-08-30,Hyderabad,51
E101527,Man,1992,South,Tier 3,Job portal,2016-11-15,Hyderabad,44
E101528,Man,1997,South,Tier 1,Job portal,2017-09-01,Bengaluru,34
E101529,Man,1996,East,Tier 3,Job portal,2021-05-07,Bengaluru,57
E101530,Man,1996,Northeast,Tier 2,Referral,2021-01-29,Bengaluru,22
E101531,Woman,1991,South,Tier 1,Referral,2014-10-30,Bengaluru,33
E101532,Woman,1993,South,Tier 2,Campus,2018-08-09,Bengaluru,56
E101533,Man,1994,South,Tier 3,Job portal,2017-12-27,Hyderabad,71
E101534,Man,1991,East,Tier 2,Job portal,2018-11-27,Hyderabad,139
E101535,Woman,1996,South,Tier 3,Referral,2021-06-10,Hyderabad,63
E101536,Man,1995,South,Tier 2,Campus,2017-12-11,Hyderabad,37
E101537,Man,1999,South,Tier 2,Campus,2021-12-20,Hyderabad,45
E101538,Man,1995,South,Tier 1,Campus,2018-12-21,Hyderabad,68
E101539,Woman,2000,South,Tier 3,Campus,2019-09-05,Hyderabad,27
E101540,Man,1997,North,Tier 3,Job portal,2020-06-16,Hyderabad,85
E101541,Woman,2001,South,Tier 3,Campus,2018-05-20,Hyderabad,135
E101542,Man,1997,South,Tier 3,Job portal,2020-03-05,Bengaluru,37
E101543,Man,1998,South,Tier 3,Agency,2020-08-06,Bengaluru,35
E101544,Man,1995,South,Tier 3,Campus,2019-03-19,Hyderabad,32
E101545,Man,1998,South,Tier 3,Job portal,2021-06-16,Bengaluru,73
E101546,Man,2001,South,Tier 1,Campus,2019-07-02,Hyderabad,76
E101547,Man,1995,South,Tier 3,Rehire,2015-01-05,Bengaluru,74
E101548,Woman,1993,South,Tier 2,Agency,2018-11-06,Hyderabad,53
E101549,Man,1997,South,Tier 3,Referral,2020-09-03,Hyderabad,84
E101550,Woman,1998,South,Tier 2,Agency,2014-05-04,Bengaluru,150
E101551,Woman,1998,North,Tier 2,Campus,2016-07-18,Bengaluru,73
E101552,Man,1997,South,Tier 3,Campus,2018-08-23,Bengaluru,71
E101553,Woman,1999,South,Tier 2,Campus,2020-09-21,Hyderabad,73
E101554,Woman,1989,West,Tier 2,Agency,2016-12-19,Bengaluru,49
E101555,Man,1995,East,Tier 2,Job portal,2019-05-02,Bengaluru,150
E101556,Man,1997,South,Tier 2,Campus,2013-05-21,Bengaluru,38
E101557,Man,1998,South,Tier 2,Campus,2015-07-22,Hyderabad,38
E101558,Man,2000,South,Tier 2,Campus,2019-02-02,Bengaluru,108
E101559,Man,1990,South,Tier 3,Agency,2015-08-09,Hyderabad,52
E101560,Woman,1989,North,Tier 2,Job portal,2015-10-15,Hyderabad,44
E101561,Man,1989,North,Tier 2,Job portal,2008-03-19,Hyderabad,31
E101562,Woman,1996,South,Tier 1,Agency,2020-08-02,Bengaluru,36
E101563,Man,1989,South,Tier 2,Agency,2013-12-07,Bengaluru,46
E101564,Woman,1995,North,Tier 3,Campus,2016-10-17,Hyderabad,57
E101565,Man,1997,South,Tier 3,Job portal,2019-12-11,Bengaluru,58
E101566,Man,2000,South,Tier 2,Campus,2019-04-13,Hyderabad,55
E101567,Woman,1998,South,Tier 2,Job portal,2020-02-06,Hyderabad,41
E101568,Man,1986,South,Tier 3,Job portal,2015-11-05,Hyderabad,64
E101569,Woman,1989,South,Tier 2,Campus,2012-11-09,Hyderabad,18
E101570,Man,1999,South,Tier 3,Job portal,2021-03-10,Hyderabad,70
E101571,Man,1997,South,Tier 3,Campus,2018-04-18,Bengaluru,34
E101572,Woman,1995,South,Tier 2,Job portal,2013-02-21,Bengaluru,56
E101573,Man,1997,North,Tier 2,Campus,2019-06-18,Hyderabad,20
E101574,Man,1996,South,Tier 2,Campus,2018-10-14,Bengaluru,45
E101575,Woman,1996,South,Tier 2,Job portal,2010-09-07,Hyderabad,37
E101576,Man,1996,South,Tier 3,Campus,2019-12-06,Hyderabad,49
E101577,Man,1998,South,Tier 2,Job portal,2020-04-19,Hyderabad,61
E101578,Man,1994,North,Tier 2,Agency,2020-08-20,Hyderabad,37
E101579,Man,2000,West,Tier 3,Campus,2017-08-20,Hyderabad,34
E101580,Man,1999,East,Tier 3,Campus,2020-09-19,Hyderabad,28
E101581,Man,1995,South,Tier 2,Campus,2020-03-13,Hyderabad,36
E101582,Man,1999,South,Tier 3,Campus,2021-03-26,Bengaluru,45
E101583,Man,2001,South,Tier 3,Campus,2020-06-08,Bengaluru,59
E101584,Man,1990,South,Tier 1,Job portal,2020-08-27,Hyderabad,22
E101585,Woman,2000,North,Tier 2,Campus,2021-05-06,Hyderabad,45
E101586,Woman,1997,South,Tier 3,Referral,2019-10-02,Bengaluru,57
E101587,Man,1992,East,Tier 2,Referral,2019-06-15,Bengaluru,55
E101588,Man,1997,North,Tier 2,Agency,2020-08-15,Bengaluru,103
E101589,Man,1995,East,Tier 3,Campus,2017-02-20,Bengaluru,25
E101590,Man,1994,West,Tier 2,Referral,2017-05-16,Bengaluru,47
E101591,Man,2001,South,Tier 2,Campus,2016-01-05,Bengaluru,32
E101592,Woman,2001,East,Tier 1,Campus,2014-06-07,Bengaluru,33
E101593,Woman,1991,South,Tier 2,Referral,2018-09-29,Hyderabad,35
E101594,Man,1998,North,Tier 3,Campus,2016-12-15,Hyderabad,41
E101595,Man,1996,South,Tier 2,Agency,2020-12-20,Bengaluru,83
E101596,Man,1990,Northeast,Tier 3,Job portal,2013-03-08,Hyderabad,24
E101597,Man,1999,South,Tier 3,Campus,2020-01-26,Hyderabad,37
E101598,Man,1987,North,Tier 3,Job portal,2016-03-17,Hyderabad,46
E101599,Man,1992,East,Tier 2,Job portal,2018-12-09,Bengaluru,80
E101600,Woman,1995,South,Tier 3,Campus,2017-12-06,Hyderabad,50
E101601,Woman,2001,South,Tier 3,Campus,2017-02-22,Bengaluru,109
E101602,Man,1995,South,Tier 3,Referral,2020-05-08,Hyderabad,42
E101603,Man,1990,South,Tier 2,Rehire,2019-02-18,Bengaluru,36
E101604,Man,1997,South,Tier 2,Job portal,2016-08-04,Hyderabad,71
E101605,Woman,2000,South,Tier 2,Campus,2007-12-30,Bengaluru,42
E101606,Man,2000,South,Tier 3,Campus,2020-11-11,Bengaluru,32
E101607,Man,2000,North,Tier 2,Campus,2017-04-02,Hyderabad,55
E101608,Man,1995,North,Tier 1,Job portal,2018-10-23,Hyderabad,41
E101609,Man,1994,South,Tier 2,Job portal,2018-02-07,Hyderabad,99
E101610,Woman,2001,South,Tier 2,Campus,2015-09-04,Bengaluru,75
E101611,Woman,1998,North,Tier 1,Rehire,2019-12-03,Bengaluru,45
E101612,Man,1995,South,Tier 3,Agency,2020-12-27,Bengaluru,115
E101613,Man,1998,South,Tier 3,Job portal,2021-06-13,Bengaluru,75
E101614,Man,1998,South,Tier 2,Campus,2020-02-11,Bengaluru,31
E101615,Man,1997,South,Tier 3,Job portal,2019-05-24,Hyderabad,82
E101616,Woman,2000,South,Tier 3,Campus,2012-12-15,Hyderabad,38
E101617,Man,1994,South,Tier 2,Campus,2018-05-25,Bengaluru,54
E101618,Man,1998,Northeast,Tier 3,Referral,2011-12-05,Bengaluru,72
E101619,Man,1997,Northeast,Tier 1,Agency,2020-12-08,Hyderabad,38
E101620,Man,1988,South,Tier 2,Referral,2015-05-08,Hyderabad,28
E101621,Man,1992,South,Tier 3,Referral,2020-05-18,Hyderabad,56
E101622,Man,1999,North,Tier 3,Campus,2021-06-17,Bengaluru,48
E101623,Man,1989,South,Tier 3,Job portal,2019-01-09,Hyderabad,64
E101624,Man,1997,North,Tier 2,Agency,2021-04-02,Bengaluru,77
E101625,Man,1995,East,Tier 3,Campus,2019-08-18,Hyderabad,65
E101626,Man,2000,South,Tier 1,Campus,2009-07-01,Hyderabad,44
E101627,Woman,1997,South,Tier 3,Campus,2016-09-25,Hyderabad,24
E101628,Man,2001,North,Tier 2,Campus,2021-03-24,Hyderabad,75
E101629,Woman,2001,North,Tier 2,Campus,2021-01-03,Hyderabad,50
E101630,Man,1996,North,Tier 2,Agency,2019-02-25,Hyderabad,25
E101631,Man,1983,Northeast,Tier 1,Agency,2017-05-23,Hyderabad,98
E101632,Man,1996,South,Tier 2,Agency,2021-05-24,Hyderabad,39
E101633,Man,1998,South,Tier 2,Campus,2021-12-14,Hyderabad,34
E101634,Man,1997,South,Tier 2,Campus,2018-12-31,Hyderabad,34
E101635,Man,1998,South,Tier 1,Job portal,2012-11-27,Bengaluru,16
E101636,Woman,2000,North,Tier 2,Campus,2015-11-03,Bengaluru,86
E101637,Man,1997,South,Tier 2,Referral,2021-01-31,Hyderabad,36
E101638,Woman,1995,South,Tier 3,Campus,2019-03-13,Bengaluru,93
E101639,Man,1993,East,Tier 3,Referral,2004-04-05,Bengaluru,29
E101640,Woman,1996,North,Tier 2,Campus,2018-07-29,Hyderabad,22
E101641,Man,1995,South,Tier 3,Job portal,2017-08-16,Hyderabad,77
E101642,Man,1993,West,Tier 3,Campus,2016-09-23,Hyderabad,41
E101643,Man,2000,North,Tier 3,Campus,2019-01-26,Bengaluru,24
E101644,Man,1998,West,Tier 3,Referral,2011-11-01,Bengaluru,62
E101645,Woman,1996,South,Tier 2,Job portal,2021-05-13,Bengaluru,96
E101646,Man,1999,South,Tier 3,Campus,2014-06-20,Bengaluru,112
E101647,Man,2000,East,Tier 3,Campus,2015-12-30,Hyderabad,33
E101648,Man,1985,North,Tier 3,Agency,2017-07-29,Hyderabad,70
E101649,Man,1999,North,Tier 1,Campus,2021-11-03,Bengaluru,103
E101650,Man,1993,North,Tier 2,Job portal,2018-03-27,Hyderabad,39
E101651,Woman,1998,North,Tier 1,Job portal,2020-06-03,Bengaluru,79
E101652,Woman,2001,South,Tier 2,Campus,2017-06-20,Bengaluru,77
E101653,Man,1989,South,Tier 1,Job portal,2016-09-22,Bengaluru,58
E101654,Man,1994,South,Tier 3,Referral,2020-09-03,Hyderabad,71
E101655,Man,1998,South,Tier 2,Job portal,2021-06-10,Hyderabad,46
E101656,Woman,1992,East,Tier 2,Referral,2018-04-08,Bengaluru,120
E101657,Man,1993,North,Tier 2,Campus,2019-10-10,Bengaluru,38
E101658,Man,1997,South,Tier 1,Campus,2014-06-08,Bengaluru,30
E101659,Man,1992,South,Tier 2,Referral,2019-12-10,Bengaluru,34
E101660,Woman,1994,West,Tier 2,Campus,2019-12-07,Bengaluru,82
E101661,Woman,2001,North,Tier 3,Campus,2015-03-02,Bengaluru,32
E101662,Man,1993,Northeast,Tier 1,Agency,2020-08-24,Bengaluru,48
E101663,Man,1991,East,Tier 1,Agency,2012-10-02,Bengaluru,42
E101664,Man,1994,South,Tier 2,Referral,2017-04-23,Bengaluru,79
E101665,Man,1995,North,Tier 3,Agency,2020-02-10,Bengaluru,78
E101666,Man,1984,South,Tier 2,Job portal,2010-07-14,Hyderabad,17
E101667,Woman,1994,East,Tier 3,Referral,2020-09-08,Hyderabad,48
E101668,Woman,1998,North,Tier 2,Campus,2019-08-21,Hyderabad,17
E101669,Man,1998,South,Tier 2,Campus,2019-05-01,Hyderabad,76
E101670,Man,1995,North,Tier 1,Referral,2018-10-16,Bengaluru,56
E101671,Man,1995,Northeast,Tier 1,Campus,2019-02-20,Hyderabad,30
E101672,Man,2000,South,Tier 1,Campus,2018-11-17,Hyderabad,33
E101673,Man,2000,South,Tier 2,Campus,2021-03-29,Bengaluru,73
E101674,Man,1998,South,Tier 2,Campus,2018-11-02,Hyderabad,71
E101675,Woman,1993,South,Tier 2,Campus,2019-03-16,Bengaluru,57
E101676,Woman,2001,South,Tier 3,Campus,2020-07-08,Hyderabad,35
E101677,Woman,1999,North,Tier 1,Agency,2018-03-01,Hyderabad,46
E101678,Man,1991,South,Tier 1,Job portal,2019-11-26,Bengaluru,38
E101679,Woman,1998,West,Tier 3,Campus,2017-01-13,Bengaluru,97
E101680,Man,1997,North,Tier 2,Campus,2020-05-28,Hyderabad,40
E101681,Man,2000,East,Tier 3,Campus,2021-05-27,Hyderabad,57
E101682,Woman,1999,West,Tier 3,Campus,2021-08-23,Bengaluru,99
E101683,Woman,1995,North,Tier 2,Campus,2019-05-13,Bengaluru,77
E101684,Woman,1998,South,Tier 3,Campus,2012-05-29,Hyderabad,57
E101685,Man,1995,North,Tier 2,Job portal,2020-11-16,Hyderabad,40
E101686,Woman,1997,South,Tier 1,Campus,2018-09-30,Bengaluru,63
E101687,Woman,1997,South,Tier 3,Campus,2012-11-13,Hyderabad,35
E101688,Man,1990,East,Tier 1,Referral,2017-04-17,Hyderabad,36
E101689,Man,1997,South,Tier 2,Campus,2020-08-16,Hyderabad,39
E101690,Woman,2001,South,Tier 2,Campus,2020-06-29,Bengaluru,26
E101691,Man,1994,West,Tier 2,Job portal,2020-08-04,Hyderabad,69
E101692,Woman,1997,North,Tier 3,Referral,2020-10-03,Bengaluru,58
E101693,Man,1997,South,Tier 2,Campus,2019-01-23,Hyderabad,69
E101694,Man,1998,South,Tier 2,Campus,2017-08-09,Hyderabad,56
E101695,Man,1997,South,Tier 1,Referral,2016-04-16,Hyderabad,50
E101696,Man,1997,East,Tier 3,Campus,2014-10-25,Bengaluru,150
E101697,Woman,1998,South,Tier 3,Job portal,2020-07-18,Hyderabad,40
E101698,Woman,1999,South,Tier 3,Campus,2021-05-09,Hyderabad,31
E101699,Man,1999,North,Tier 2,Campus,2019-12-31,Bengaluru,54
E101700,Man,1998,Northeast,Tier 2,Campus,2019-04-23,Hyderabad,32
E101701,Man,1994,East,Tier 3,Agency,2018-10-29,Bengaluru,25
E101702,Man,1985,South,Tier 1,Job portal,2017-07-28,Hyderabad,35
E101703,Man,1994,South,Tier 2,Campus,2019-06-21,Bengaluru,91
E101704,Woman,1996,East,Tier 3,Campus,2019-07-08,Hyderabad,150
E101705,Woman,1993,South,Tier 3,Job portal,2007-10-11,Hyderabad,71
E101706,Man,1995,South,Tier 2,Agency,2020-07-27,Hyderabad,48
E101707,Man,1995,South,Tier 3,Campus,2016-05-04,Hyderabad,28
E101708,Man,1985,South,Tier 1,Job portal,2017-04-16,Bengaluru,87
E101709,Man,1998,South,Tier 3,Campus,2012-04-23,Hyderabad,55
E101710,Man,1998,South,Tier 2,Job portal,2021-04-12,Hyderabad,41
E101711,Woman,1994,East,Tier 3,Agency,2018-07-20,Hyderabad,68
E101712,Man,2000,North,Tier 3,Campus,2014-06-01,Bengaluru,58
E101713,Man,1998,Northeast,Tier 2,Campus,2020-01-30,Hyderabad,49
E101714,Man,1989,West,Tier 1,Referral,2019-12-29,Hyderabad,34
E101715,Man,1999,South,Tier 2,Campus,2017-07-11,Hyderabad,21
E101716,Man,1992,South,Tier 3,Agency,2017-04-21,Bengaluru,43
E101717,Man,1992,East,Tier 2,Job portal,2018-04-23,Hyderabad,78
E101718,Man,1998,East,Tier 2,Campus,2020-10-21,Hyderabad,55
E101719,Woman,1994,East,Tier 3,Campus,2017-07-11,Hyderabad,60
E101720,Woman,2001,South,Tier 2,Campus,2021-01-22,Bengaluru,47
E101721,Man,2001,South,Tier 1,Campus,2017-04-29,Hyderabad,47
E101722,Man,1982,South,Tier 2,Referral,2015-10-23,Hyderabad,69
E101723,Woman,1992,North,Tier 3,Job portal,2013-01-02,Hyderabad,58
E101724,Woman,1994,South,Tier 1,Campus,2019-06-24,Hyderabad,72
E101725,Man,1994,South,Tier 3,Job portal,2020-10-23,Hyderabad,23
E101726,Man,1985,South,Tier 3,Referral,2012-11-15,Hyderabad,27
E101727,Man,1998,East,Tier 3,Rehire,2020-09-27,Hyderabad,51
E101728,Man,1985,South,Tier 3,Referral,2018-02-12,Hyderabad,27
E101729,Man,1995,South,Tier 2,Job portal,2018-12-20,Bengaluru,57
E101730,Man,2001,South,Tier 3,Campus,2018-01-17,Bengaluru,32
E101731,Man,1995,North,Tier 3,Campus,2020-02-15,Bengaluru,30
E101732,Man,1991,South,Tier 2,Job portal,2016-10-23,Hyderabad,26
E101733,Woman,1991,South,Tier 3,Referral,2018-04-02,Hyderabad,30
E101734,Man,1995,South,Tier 3,Job portal,2020-01-13,Hyderabad,60
E101735,Man,1999,South,Tier 3,Campus,2016-12-29,Hyderabad,46
E101736,Man,1992,South,Tier 1,Referral,2014-06-16,Hyderabad,55
E101737,Man,1997,South,Tier 3,Job portal,2015-04-24,Hyderabad,92
E101738,Woman,2001,East,Tier 1,Campus,2016-01-02,Hyderabad,39
E101739,Man,1999,East,Tier 3,Campus,2021-06-16,Bengaluru,48
E101740,Man,2000,North,Tier 3,Campus,2021-12-31,Hyderabad,102
E101741,Man,1993,North,Tier 2,Campus,2017-05-07,Bengaluru,71
E101742,Man,1997,North,Tier 3,Campus,2018-09-25,Hyderabad,26
E101743,Man,1991,North,Tier 2,Job portal,2019-11-30,Hyderabad,17
E101744,Woman,1999,North,Tier 3,Campus,2019-02-22,Hyderabad,29
E101745,Man,1994,North,Tier 2,Campus,2019-03-28,Hyderabad,39
E101746,Man,1999,South,Tier 2,Campus,2021-02-27,Hyderabad,10
E101747,Man,1996,West,Tier 3,Referral,2019-07-06,Bengaluru,66
E101748,Man,1998,West,Tier 3,Campus,2019-11-20,Hyderabad,27
E101749,Man,1988,West,Tier 2,Job portal,2019-02-02,Hyderabad,47
E101750,Woman,1999,South,Tier 1,Campus,2017-01-03,Bengaluru,53
E101751,Man,1998,South,Tier 3,Referral,2020-11-22,Bengaluru,22
E101752,Woman,1997,North,Tier 2,Job portal,2021-03-06,Bengaluru,53
E101753,Woman,1996,South,Tier 2,Agency,2021-02-09,Hyderabad,24
E101754,Woman,1999,South,Tier 2,Campus,2021-10-21,Bengaluru,17
E101755,Man,2001,South,Tier 3,Campus,2017-02-23,Hyderabad,45
E101756,Man,1988,North,Tier 1,Agency,2017-09-10,Hyderabad,45
E101757,Woman,1998,South,Tier 2,Campus,2019-09-01,Hyderabad,10
E101758,Man,2001,North,Tier 3,Campus,2018-05-13,Hyderabad,33
E101759,Man,1992,East,Tier 2,Agency,2018-09-29,Bengaluru,82
E101760,Man,1990,East,Tier 3,Job portal,2018-12-05,Bengaluru,41
E101761,Man,1994,South,Tier 3,Job portal,2017-11-11,Bengaluru,108
E101762,Man,1998,South,Tier 2,Campus,2018-10-11,Bengaluru,48
E101763,Man,1989,South,Tier 2,Job portal,2019-01-04,Hyderabad,51
E101764,Woman,1994,South,Tier 2,Agency,2017-06-15,Bengaluru,35
E101765,Woman,2000,South,Tier 3,Campus,2019-12-03,Bengaluru,37
E101766,Man,1996,East,Tier 3,Job portal,2020-11-15,Bengaluru,52
E101767,Man,1997,South,Tier 1,Campus,2011-11-23,Hyderabad,26
E101768,Man,1997,South,Tier 2,Referral,2020-04-02,Bengaluru,24
E101769,Man,1990,South,Tier 2,Job portal,2016-10-25,Hyderabad,24
E101770,Man,2001,East,Tier 3,Campus,2018-07-24,Hyderabad,16
E101771,Man,1992,East,Tier 2,Referral,2017-10-23,Hyderabad,44
E101772,Man,1996,South,Tier 3,Campus,2009-03-13,Bengaluru,48
E101773,Woman,1994,East,Tier 2,Campus,2019-03-02,Bengaluru,39
E101774,Woman,1996,South,Tier 1,Job portal,2020-06-04,Hyderabad,86
E101775,Man,1999,West,Tier 3,Campus,2016-12-21,Hyderabad,47
E101776,Man,1996,South,Tier 3,Campus,2017-11-08,Hyderabad,58
E101777,Woman,1998,Northeast,Tier 2,Campus,2018-11-16,Hyderabad,52
E101778,Man,1996,East,Tier 3,Referral,2014-12-27,Bengaluru,39
E101779,Man,1998,South,Tier 2,Agency,2020-08-13,Hyderabad,61
E101780,Woman,1993,West,Tier 2,Referral,2018-02-07,Bengaluru,47
E101781,Man,1998,South,Tier 2,Campus,2018-05-23,Bengaluru,100
E101782,Woman,1998,South,Tier 3,Agency,2016-05-25,Hyderabad,54
E101783,Man,1998,West,Tier 2,Agency,2020-05-28,Bengaluru,24
E101784,Man,1994,South,Tier 3,Agency,2018-07-04,Bengaluru,32
E101785,Woman,1992,South,Tier 2,Referral,2020-08-25,Bengaluru,92
E101786,Man,1993,South,Tier 1,Referral,2017-07-12,Bengaluru,31
E101787,Woman,1994,South,Tier 1,Campus,2012-11-19,Bengaluru,59
E101788,Man,1997,East,Tier 3,Agency,2019-08-14,Hyderabad,61
E101789,Woman,1995,South,Tier 1,Job portal,2020-05-17,Bengaluru,43
E101790,Man,1988,East,Tier 3,Job portal,2017-04-11,Hyderabad,45
E101791,Woman,1998,South,Tier 2,Rehire,2020-10-18,Hyderabad,47
E101792,Woman,2000,East,Tier 2,Campus,2021-10-16,Bengaluru,40
E101793,Woman,1997,South,Tier 3,Agency,2020-06-23,Hyderabad,27
E101794,Man,2001,South,Tier 2,Campus,2022-02-10,Hyderabad,58
E101795,Man,1998,South,Tier 1,Campus,2021-02-10,Hyderabad,57
E101796,Woman,1999,South,Tier 2,Campus,2019-02-13,Hyderabad,81
E101797,Man,1993,South,Tier 2,Referral,2020-09-19,Bengaluru,31
E101798,Man,1996,South,Tier 3,Referral,2020-12-09,Bengaluru,97
E101799,Man,1997,South,Tier 2,Job portal,2019-07-31,Hyderabad,37
E101800,Man,1998,East,Tier 3,Referral,2018-03-04,Hyderabad,24
E101801,Woman,2000,East,Tier 1,Campus,2021-10-26,Bengaluru,33
E101802,Man,1997,South,Tier 2,Agency,2020-11-03,Bengaluru,52
E101803,Man,1997,West,Tier 2,Rehire,2021-03-14,Bengaluru,68
E101804,Man,1989,North,Tier 3,Referral,2015-01-23,Hyderabad,21
E101805,Woman,1996,South,Tier 2,Referral,2021-02-01,Hyderabad,50
E101806,Man,1987,South,Tier 1,Rehire,2018-12-16,Bengaluru,73
E101807,Man,1992,East,Tier 2,Referral,2017-08-03,Bengaluru,38
E101808,Man,1998,South,Tier 2,Campus,2011-04-07,Hyderabad,51
E101809,Woman,2001,West,Tier 1,Campus,2020-04-03,Bengaluru,58
E101810,Man,2000,North,Tier 2,Campus,2020-11-24,Bengaluru,49
E101811,Man,2001,East,Tier 3,Campus,2021-09-13,Bengaluru,21
E101812,Man,1993,South,Tier 3,Campus,2016-11-30,Hyderabad,42
E101813,Man,2001,South,Tier 2,Campus,2021-06-30,Bengaluru,49
E101814,Man,1994,South,Tier 2,Campus,2020-03-22,Hyderabad,24
E101815,Woman,1997,North,Tier 2,Job portal,2021-01-26,Hyderabad,19
E101816,Man,1999,East,Tier 3,Job portal,2021-01-10,Bengaluru,56
E101817,Man,1995,East,Tier 3,Job portal,2016-10-22,Bengaluru,40
E101818,Man,2000,South,Tier 1,Campus,2017-07-09,Bengaluru,29
E101819,Woman,2001,East,Tier 3,Campus,2017-04-19,Bengaluru,52
E101820,Woman,1999,South,Tier 2,Campus,2018-06-27,Bengaluru,49
E101821,Man,1989,North,Tier 3,Agency,2014-12-25,Bengaluru,43
E101822,Man,1995,South,Tier 3,Campus,2012-09-14,Hyderabad,106
E101823,Man,1999,South,Tier 2,Campus,2022-01-23,Hyderabad,41
E101824,Man,1999,South,Tier 3,Campus,2020-10-27,Hyderabad,67
E101825,Woman,2001,South,Tier 3,Campus,2016-09-19,Bengaluru,59
E101826,Man,1999,South,Tier 1,Job portal,2021-02-26,Hyderabad,58
E101827,Man,1993,South,Tier 1,Agency,2013-04-04,Hyderabad,60
E101828,Woman,1997,South,Tier 3,Campus,2013-08-02,Hyderabad,40
E101829,Man,1993,North,Tier 3,Campus,2018-02-14,Bengaluru,53
E101830,Woman,1983,South,Tier 2,Referral,2016-09-18,Hyderabad,45
E101831,Man,1996,South,Tier 3,Agency,2015-09-21,Hyderabad,60
E101832,Man,1998,South,Tier 2,Agency,2014-09-04,Hyderabad,21
E101833,Man,1992,North,Tier 2,Job portal,2018-12-12,Bengaluru,107
E101834,Man,1999,South,Tier 3,Campus,2017-09-04,Hyderabad,59
E101835,Woman,1993,South,Tier 2,Campus,2017-09-09,Hyderabad,36
E101836,Man,1992,East,Tier 1,Job portal,2017-05-25,Hyderabad,30
E101837,Man,1994,North,Tier 3,Campus,2017-09-23,Hyderabad,45
E101838,Woman,1999,South,Tier 2,Campus,2012-09-12,Bengaluru,71
E101839,Woman,1995,South,Tier 3,Referral,2021-04-07,Bengaluru,134
E101840,Man,1995,East,Tier 3,Campus,2019-03-13,Bengaluru,69
E101841,Man,1997,South,Tier 2,Campus,2016-11-10,Bengaluru,61
E101842,Man,1992,South,Tier 3,Job portal,2016-05-02,Hyderabad,42
E101843,Man,1999,North,Tier 1,Campus,2020-04-23,Bengaluru,83
E101844,Woman,1998,South,Tier 3,Job portal,2018-10-28,Hyderabad,46
E101845,Man,1997,South,Tier 2,Referral,2019-09-06,Hyderabad,17
E101846,Man,1991,West,Tier 3,Campus,2018-05-25,Hyderabad,34
E101847,Woman,1999,South,Tier 3,Agency,2014-02-19,Bengaluru,46
E101848,Man,2001,South,Tier 2,Campus,2019-03-25,Hyderabad,35
E101849,Man,1994,South,Tier 2,Job portal,2020-06-06,Bengaluru,22
E101850,Man,2001,East,Tier 3,Campus,2016-01-30,Hyderabad,30
E101851,Man,1998,South,Tier 3,Referral,2018-04-22,Hyderabad,16
E101852,Man,1999,South,Tier 3,Referral,2021-02-09,Bengaluru,16
E101853,Man,1993,South,Tier 3,Campus,2019-05-27,Hyderabad,45
E101854,Man,1996,South,Tier 2,Job portal,2017-12-24,Hyderabad,67
E101855,Woman,1998,South,Tier 2,Campus,2016-05-14,Hyderabad,71
E101856,Man,1992,Northeast,Tier 2,Campus,2014-05-10,Hyderabad,32
E101857,Woman,1995,South,Tier 3,Agency,2016-05-06,Bengaluru,50
E101858,Woman,1989,West,Tier 2,Referral,2012-01-22,Hyderabad,119
E101859,Man,1997,South,Tier 3,Agency,2020-07-13,Hyderabad,41
E101860,Woman,1997,North,Tier 1,Referral,2019-09-24,Hyderabad,28
E101861,Woman,2000,South,Tier 1,Campus,2021-11-21,Hyderabad,29
E101862,Woman,2000,South,Tier 3,Campus,2021-05-29,Hyderabad,22
E101863,Man,1998,West,Tier 2,Campus,2020-12-25,Hyderabad,32
E101864,Woman,2000,West,Tier 2,Campus,2021-05-31,Hyderabad,17
E101865,Man,1998,North,Tier 2,Job portal,2020-12-21,Bengaluru,29
E101866,Man,2000,East,Tier 2,Campus,2015-12-15,Hyderabad,91
E101867,Man,1997,South,Tier 3,Referral,2020-12-18,Hyderabad,44
E101868,Man,1992,South,Tier 2,Referral,2019-10-06,Hyderabad,40
E101869,Woman,2000,South,Tier 1,Campus,2022-01-21,Bengaluru,107
E101870,Man,2000,North,Tier 3,Campus,2017-01-28,Hyderabad,27
E101871,Man,1998,South,Tier 1,Campus,2020-02-21,Bengaluru,22
E101872,Man,2001,Northeast,Tier 2,Campus,2020-04-18,Hyderabad,31
E101873,Man,1998,South,Tier 2,Campus,2021-01-19,Hyderabad,34
E101874,Woman,1997,East,Tier 2,Referral,2017-03-23,Hyderabad,41
E101875,Man,1998,South,Tier 2,Campus,2017-03-20,Hyderabad,40
E101876,Man,1988,South,Tier 3,Job portal,2018-09-21,Hyderabad,43
E101877,Man,1996,South,Tier 1,Referral,2020-06-23,Bengaluru,36
E101878,Woman,1995,East,Tier 2,Agency,2020-06-29,Hyderabad,37
E101879,Man,1996,West,Tier 2,Job portal,2015-09-27,Hyderabad,72
E101880,Man,1997,North,Tier 2,Campus,2020-03-25,Hyderabad,32
E101881,Man,1991,South,Tier 1,Referral,2018-07-07,Hyderabad,49
E101882,Man,1998,Northeast,Tier 3,Job portal,2020-12-31,Hyderabad,18
E101883,Woman,1990,South,Tier 2,Rehire,2018-12-14,Hyderabad,65
E101884,Woman,2000,South,Tier 2,Campus,2021-01-02,Hyderabad,31
E101885,Woman,1999,North,Tier 3,Campus,2020-08-15,Bengaluru,50
E101886,Man,1994,East,Tier 2,Referral,2019-08-23,Hyderabad,26
E101887,Man,2001,South,Tier 2,Campus,2020-09-02,Hyderabad,56
E101888,Woman,2000,North,Tier 2,Campus,2014-06-15,Bengaluru,22
E101889,Woman,1997,South,Tier 2,Referral,2019-12-18,Hyderabad,30
E101890,Man,1995,South,Tier 2,Agency,2020-06-07,Bengaluru,38
E101891,Man,1995,Northeast,Tier 1,Agency,2016-12-28,Bengaluru,50
E101892,Woman,1994,South,Tier 1,Referral,2018-03-26,Hyderabad,15
E101893,Man,1996,South,Tier 3,Job portal,2020-06-28,Hyderabad,83
E101894,Woman,1999,South,Tier 3,Campus,2021-05-09,Hyderabad,88
E101895,Man,1996,Northeast,Tier 2,Job portal,2014-08-14,Hyderabad,48
E101896,Man,1998,South,Tier 2,Job portal,2020-04-03,Hyderabad,31
E101897,Man,1999,North,Tier 2,Campus,2020-09-02,Hyderabad,11
E101898,Woman,1996,East,Tier 1,Rehire,2018-06-14,Bengaluru,43
E101899,Woman,2001,East,Tier 1,Campus,2012-05-14,Hyderabad,32
E101900,Man,1989,North,Tier 1,Referral,2017-12-31,Hyderabad,19
E101901,Man,1999,South,Tier 1,Job portal,2018-02-17,Bengaluru,49
E101902,Woman,2000,North,Tier 3,Campus,2020-04-27,Hyderabad,44
E101903,Man,2000,South,Tier 3,Campus,2012-10-04,Hyderabad,46
E101904,Man,1999,South,Tier 3,Campus,2014-12-06,Bengaluru,54
E101905,Man,1996,South,Tier 2,Campus,2013-11-29,Bengaluru,33
E101906,Woman,1998,Northeast,Tier 3,Agency,2017-07-01,Bengaluru,67
E101907,Man,1993,East,Tier 1,Referral,2019-08-24,Bengaluru,23
E101908,Woman,1993,South,Tier 2,Campus,2019-08-23,Hyderabad,45
E101909,Man,1997,South,Tier 3,Job portal,2021-02-27,Hyderabad,60
E101910,Man,1995,North,Tier 3,Campus,2019-04-19,Hyderabad,29
E101911,Man,1998,West,Tier 2,Job portal,2020-10-07,Hyderabad,53
E101912,Woman,2001,North,Tier 3,Campus,2021-09-25,Hyderabad,36
E101913,Man,2000,South,Tier 2,Campus,2011-12-27,Hyderabad,49
E101914,Man,1998,West,Tier 2,Campus,2019-11-18,Bengaluru,49
E101915,Woman,1992,South,Tier 2,Referral,2017-03-29,Hyderabad,75
E101916,Woman,2001,North,Tier 2,Campus,2020-05-07,Bengaluru,93
E101917,Man,1993,West,Tier 1,Campus,2017-06-13,Bengaluru,53
E101918,Man,2001,Northeast,Tier 3,Campus,2018-06-11,Bengaluru,50
E101919,Woman,1999,South,Tier 3,Campus,2019-08-27,Hyderabad,39
E101920,Woman,1995,West,Tier 2,Campus,2019-08-26,Hyderabad,86
E101921,Woman,1995,South,Tier 3,Agency,2019-06-02,Hyderabad,37
E101922,Man,1994,South,Tier 3,Agency,2017-08-13,Hyderabad,17
E101923,Woman,1994,South,Tier 2,Campus,2014-02-25,Bengaluru,31
E101924,Woman,1997,East,Tier 2,Campus,2018-12-29,Hyderabad,74
E101925,Woman,1985,North,Tier 1,Rehire,2016-05-13,Hyderabad,40
E101926,Man,1995,South,Tier 2,Referral,2016-08-27,Hyderabad,52
E101927,Man,1992,East,Tier 3,Job portal,2018-08-26,Hyderabad,40
E101928,Man,1989,East,Tier 2,Job portal,2015-08-15,Hyderabad,37
E101929,Man,2000,South,Tier 2,Campus,2021-03-03,Bengaluru,52
E101930,Man,1988,South,Tier 2,Agency,2017-10-18,Bengaluru,29
E101931,Woman,1999,South,Tier 3,Campus,2018-09-13,Bengaluru,51
E101932,Man,1994,West,Tier 2,Campus,2018-12-02,Hyderabad,44
E101933,Woman,1999,East,Tier 1,Campus,2019-12-19,Hyderabad,21
E101934,Woman,1997,East,Tier 2,Campus,2020-09-20,Bengaluru,34
E101935,Man,1996,North,Tier 3,Referral,2018-10-13,Hyderabad,39
E101936,Woman,2000,South,Tier 2,Campus,2018-12-17,Bengaluru,67
E101937,Woman,1995,East,Tier 3,Campus,2013-04-07,Bengaluru,56
E101938,Woman,1996,North,Tier 2,Campus,2018-03-05,Hyderabad,71
E101939,Woman,1998,South,Tier 2,Campus,2012-09-15,Hyderabad,35
E101940,Man,1999,South,Tier 2,Campus,2021-05-22,Hyderabad,25
E101941,Man,1995,South,Tier 2,Campus,2018-09-03,Hyderabad,43
E101942,Woman,1995,South,Tier 3,Agency,2020-07-06,Bengaluru,70
E101943,Woman,1994,South,Tier 2,Rehire,2019-01-11,Hyderabad,85
E101944,Woman,1998,South,Tier 2,Campus,2019-04-27,Bengaluru,58
E101945,Man,1992,South,Tier 3,Job portal,2019-06-07,Hyderabad,30
E101946,Woman,1999,North,Tier 3,Campus,2020-08-19,Hyderabad,25
E101947,Man,1989,North,Tier 3,Referral,2013-08-07,Bengaluru,35
E101948,Woman,1994,East,Tier 1,Referral,2020-06-04,Bengaluru,66
E101949,Woman,1999,Northeast,Tier 2,Campus,2019-08-25,Hyderabad,37
E101950,Woman,1985,South,Tier 1,Referral,2017-07-26,Bengaluru,45
E101951,Woman,2001,South,Tier 1,Campus,2020-01-29,Bengaluru,28
E101952,Man,1995,South,Tier 1,Agency,2017-09-07,Hyderabad,24
E101953,Man,2000,Northeast,Tier 3,Campus,2021-05-18,Hyderabad,28
E101954,Woman,1994,South,Tier 3,Rehire,2020-04-29,Bengaluru,57
E101955,Man,1990,East,Tier 3,Referral,2019-06-06,Hyderabad,66
E101956,Woman,2000,South,Tier 1,Campus,2020-07-06,Hyderabad,59
E101957,Man,1994,South,Tier 1,Campus,2018-12-21,Hyderabad,18
E101958,Man,1990,South,Tier 2,Referral,2019-07-25,Bengaluru,59
E101959,Man,1998,East,Tier 2,Referral,2004-11-12,Bengaluru,67
E101960,Woman,2001,South,Tier 2,Campus,2017-04-02,Hyderabad,29
E101961,Man,2001,South,Tier 3,Campus,2008-07-17,Hyderabad,43
E101962,Woman,2001,South,Tier 3,Campus,2017-08-28,Hyderabad,27
E101963,Woman,1999,South,Tier 3,Campus,2013-05-15,Hyderabad,16
E101964,Man,1998,South,Tier 2,Agency,2021-07-01,Hyderabad,36
E101965,Man,1994,South,Tier 1,Referral,2019-02-24,Bengaluru,30
E101966,Man,1997,East,Tier 2,Referral,2020-11-02,Hyderabad,31
E101967,Man,2000,West,Tier 1,Campus,2021-10-13,Hyderabad,31
E101968,Man,1998,South,Tier 3,Job portal,2021-06-11,Bengaluru,58
E101969,Woman,1996,North,Tier 3,Campus,2017-10-14,Bengaluru,69
E101970,Man,1998,South,Tier 3,Job portal,2021-02-02,Bengaluru,45
E101971,Man,1994,South,Tier 2,Referral,2019-11-17,Hyderabad,69
E101972,Man,1994,South,Tier 2,Job portal,2017-11-15,Hyderabad,40
E101973,Man,1995,South,Tier 2,Referral,2020-08-21,Bengaluru,51
E101974,Man,1998,East,Tier 2,Campus,2013-10-31,Bengaluru,36
E101975,Woman,2001,South,Tier 3,Campus,2017-08-28,Hyderabad,39
E101976,Man,1995,Northeast,Tier 3,Referral,2020-04-30,Hyderabad,14
E101977,Man,1991,South,Tier 3,Referral,2019-09-17,Hyderabad,30
E101978,Woman,1995,South,Tier 3,Referral,2018-10-16,Hyderabad,49
E101979,Man,1996,South,Tier 2,Campus,2017-09-21,Hyderabad,17
E101980,Woman,1993,South,Tier 3,Referral,2018-02-12,Hyderabad,80
E101981,Woman,1999,West,Tier 1,Campus,2019-10-22,Hyderabad,43
E101982,Man,1994,South,Tier 3,Referral,2019-08-18,Bengaluru,88
E101983,Man,1996,South,Tier 3,Referral,2016-08-07,Bengaluru,82
E101984,Man,1995,South,Tier 1,Agency,2005-09-18,Bengaluru,43
E101985,Man,2000,South,Tier 2,Campus,2021-10-30,Bengaluru,24
E101986,Man,1989,East,Tier 2,Referral,2015-11-04,Hyderabad,68
E101987,Woman,2000,South,Tier 3,Campus,2021-01-21,Bengaluru,40
E101988,Woman,1999,South,Tier 3,Campus,2021-04-09,Hyderabad,36
E101989,Man,1996,South,Tier 3,Campus,2016-03-23,Bengaluru,69
E101990,Man,1998,South,Tier 3,Rehire,2020-05-28,Bengaluru,46
E101991,Woman,1999,East,Tier 3,Campus,2021-10-04,Hyderabad,57
E101992,Woman,2001,South,Tier 3,Campus,2020-01-05,Hyderabad,40
E101993,Woman,1992,East,Tier 3,Rehire,2015-08-02,Hyderabad,28
E101994,Woman,1997,South,Tier 3,Referral,2020-10-11,Hyderabad,34
E101995,Man,1996,South,Tier 1,Referral,2021-04-28,Bengaluru,24
E101996,Man,1999,South,Tier 1,Campus,2020-07-27,Bengaluru,10
E101997,Man,1997,South,Tier 2,Referral,2018-12-25,Hyderabad,39
E101998,Man,1992,Northeast,Tier 2,Campus,2019-10-29,Hyderabad,39
E101999,Man,1994,South,Tier 2,Agency,2020-09-08,Hyderabad,69
E102000,Man,1998,South,Tier 2,Campus,2018-05-30,Hyderabad,49
E102001,Man,1998,North,Tier 3,Campus,2011-09-14,Hyderabad,58
E102002,Man,1993,South,Tier 3,Campus,2014-12-02,Bengaluru,47
E102003,Man,1987,North,Tier 3,Referral,2018-11-21,Hyderabad,29
E102004,Woman,1994,South,Tier 2,Agency,2020-05-31,Hyderabad,71
E102005,Man,2001,North,Tier 3,Campus,2008-08-17,Hyderabad,35
E102006,Man,2001,East,Tier 2,Campus,2020-02-09,Hyderabad,47
E102007,Woman,1997,South,Tier 2,Referral,2020-10-30,Hyderabad,40
E102008,Man,1997,South,Tier 2,Job portal,2020-07-05,Bengaluru,56
E102009,Woman,1998,South,Tier 3,Campus,2020-07-16,Bengaluru,67
E102010,Man,1992,North,Tier 3,Campus,2005-08-25,Hyderabad,25
E102011,Man,2000,South,Tier 2,Campus,2021-02-04,Bengaluru,85
E102012,Man,2000,North,Tier 3,Campus,2016-10-21,Hyderabad,60
E102013,Woman,1998,North,Tier 3,Campus,2017-10-14,Hyderabad,33
E102014,Man,1994,South,Tier 2,Campus,2016-09-01,Bengaluru,37
E102015,Man,2000,South,Tier 3,Campus,2021-03-28,Hyderabad,35
E102016,Man,1995,South,Tier 2,Job portal,2020-10-16,Hyderabad,70
E102017,Man,1999,South,Tier 3,Campus,2014-05-24,Bengaluru,55
E102018,Woman,2000,South,Tier 3,Campus,2020-03-16,Hyderabad,47
E102019,Man,1996,South,Tier 3,Agency,2020-01-09,Hyderabad,57
E102020,Man,1998,East,Tier 2,Campus,2017-02-22,Bengaluru,32
E102021,Woman,1999,North,Tier 3,Campus,2020-01-14,Hyderabad,54
E102022,Man,1994,South,Tier 1,Job portal,2018-09-24,Hyderabad,31
E102023,Man,1995,South,Tier 3,Referral,2020-08-05,Hyderabad,41
E102024,Woman,2000,Northeast,Tier 2,Campus,2022-01-09,Hyderabad,81
E102025,Man,1999,North,Tier 3,Campus,2018-11-12,Hyderabad,63
E102026,Man,1995,South,Tier 3,Job portal,2021-05-19,Hyderabad,40
E102027,Man,1998,South,Tier 3,Job portal,2016-05-02,Bengaluru,98
E102028,Woman,1999,West,Tier 2,Campus,2020-11-03,Bengaluru,45
E102029,Man,2001,West,Tier 3,Campus,2021-06-22,Hyderabad,47
E102030,Woman,1992,West,Tier 2,Campus,2018-03-22,Bengaluru,56
E102031,Man,1998,South,Tier 2,Referral,2008-03-22,Bengaluru,81
E102032,Man,1993,South,Tier 3,Job portal,2016-12-14,Hyderabad,34
E102033,Woman,2001,North,Tier 2,Campus,2021-03-17,Bengaluru,57
E102034,Man,2001,West,Tier 3,Campus,2019-06-01,Bengaluru,40
E102035,Woman,1990,East,Tier 2,Agency,2018-07-30,Hyderabad,61
E102036,Man,1999,South,Tier 2,Campus,2021-05-02,Hyderabad,60
E102037,Man,1996,West,Tier 3,Job portal,2020-11-11,Hyderabad,22
E102038,Woman,1998,South,Tier 2,Campus,2018-12-16,Bengaluru,66
E102039,Man,1994,South,Tier 2,Referral,2012-02-14,Hyderabad,20
E102040,Woman,1995,North,Tier 2,Referral,2020-01-09,Hyderabad,60
E102041,Man,1993,Northeast,Tier 2,Job portal,2019-05-23,Hyderabad,47
E102042,Woman,1999,South,Tier 3,Campus,2019-08-26,Hyderabad,77
E102043,Man,1993,South,Tier 2,Referral,2018-11-06,Bengaluru,32
E102044,Man,1998,South,Tier 2,Campus,2021-08-03,Bengaluru,32
E102045,Man,1996,South,Tier 3,Campus,2019-10-18,Hyderabad,21
E102046,Man,2000,South,Tier 3,Campus,2011-08-14,Hyderabad,30
E102047,Woman,2000,West,Tier 2,Campus,2019-04-13,Hyderabad,88
E102048,Man,1994,South,Tier 2,Job portal,2019-04-20,Hyderabad,50
E102049,Woman,1997,South,Tier 3,Campus,2015-10-08,Bengaluru,84
E102050,Man,1994,East,Tier 2,Campus,2016-05-27,Hyderabad,39
E102051,Man,1989,South,Tier 3,Referral,2015-05-19,Hyderabad,42
E102052,Man,2001,East,Tier 2,Campus,2014-02-17,Hyderabad,53
E102053,Woman,1995,North,Tier 1,Referral,2020-06-09,Bengaluru,53
E102054,Man,1989,North,Tier 1,Referral,2018-08-25,Bengaluru,50
E102055,Woman,1998,South,Tier 2,Campus,2019-05-18,Hyderabad,27
E102056,Man,2000,South,Tier 1,Campus,2020-05-27,Hyderabad,26
E102057,Man,1998,East,Tier 1,Campus,2008-10-01,Hyderabad,39
E102058,Man,1997,Northeast,Tier 3,Referral,2020-11-03,Bengaluru,67
E102059,Man,1994,North,Tier 1,Campus,2004-04-05,Hyderabad,46
E102060,Man,1997,East,Tier 2,Campus,2019-03-29,Hyderabad,45
E102061,Man,1996,North,Tier 2,Campus,2016-01-11,Hyderabad,28
E102062,Woman,1998,South,Tier 2,Campus,2021-05-05,Bengaluru,54
E102063,Woman,1998,Northeast,Tier 3,Campus,2015-08-12,Bengaluru,50
E102064,Woman,1996,South,Tier 2,Job portal,2021-01-27,Bengaluru,63
E102065,Man,1999,West,Tier 3,Campus,2019-11-07,Hyderabad,63
E102066,Woman,2000,South,Tier 3,Campus,2021-12-26,Bengaluru,63
E102067,Man,1988,West,Tier 3,Agency,2017-06-17,Hyderabad,45
E102068,Woman,1997,South,Tier 2,Referral,2020-04-23,Hyderabad,42
E102069,Man,2001,South,Tier 2,Campus,2022-01-13,Hyderabad,61
E102070,Man,1994,East,Tier 3,Campus,2016-01-23,Bengaluru,55
E102071,Man,1998,East,Tier 2,Rehire,2019-12-29,Hyderabad,41
E102072,Man,1996,South,Tier 3,Campus,2010-06-29,Hyderabad,29
E102073,Woman,1998,South,Tier 3,Job portal,2020-06-24,Hyderabad,19
E102074,Woman,1998,South,Tier 2,Campus,2012-07-23,Hyderabad,86
E102075,Man,1995,East,Tier 3,Campus,2016-07-22,Hyderabad,30
E102076,Woman,1998,West,Tier 3,Referral,2020-07-14,Hyderabad,40
E102077,Man,1985,South,Tier 2,Agency,2015-11-06,Bengaluru,50
E102078,Man,1999,East,Tier 2,Campus,2016-04-28,Bengaluru,45
E102079,Man,1997,South,Tier 1,Job portal,2021-01-18,Hyderabad,47
E102080,Man,1998,South,Tier 3,Campus,2015-08-29,Hyderabad,35
E102081,Woman,1998,North,Tier 2,Job portal,2021-06-07,Hyderabad,33
E102082,Man,1993,South,Tier 2,Agency,2013-03-13,Bengaluru,69
E102083,Woman,2001,North,Tier 3,Campus,2020-06-14,Hyderabad,34
E102084,Man,1998,South,Tier 2,Job portal,2020-09-15,Bengaluru,77
E102085,Woman,2000,Northeast,Tier 3,Campus,2021-12-26,Hyderabad,24
E102086,Man,1998,South,Tier 2,Referral,2019-11-18,Hyderabad,78
E102087,Man,1998,East,Tier 2,Job portal,2019-09-06,Bengaluru,82
E102088,Man,2001,East,Tier 2,Campus,2022-01-27,Hyderabad,21
E102089,Woman,2001,South,Tier 3,Campus,2021-09-30,Bengaluru,44
E102090,Man,1994,South,Tier 2,Campus,2013-08-19,Hyderabad,18
E102091,Man,1996,South,Tier 1,Job portal,2010-03-21,Bengaluru,26
E102092,Man,2000,North,Tier 1,Campus,2020-05-21,Hyderabad,77
E102093,Man,1998,South,Tier 3,Campus,2019-05-24,Hyderabad,24
E102094,Man,1995,West,Tier 2,Job portal,2012-01-26,Bengaluru,55
E102095,Man,1997,North,Tier 2,Job portal,2018-12-19,Hyderabad,36
E102096,Man,2000,South,Tier 2,Campus,2018-11-25,Hyderabad,34
E102097,Woman,1999,South,Tier 3,Campus,2020-03-07,Bengaluru,67
E102098,Woman,1996,South,Tier 2,Job portal,2017-03-20,Hyderabad,41
E102099,Man,1998,North,Tier 3,Job portal,2021-04-04,Bengaluru,31
E102100,Man,2001,North,Tier 3,Campus,2021-07-07,Bengaluru,46
E102101,Woman,2001,East,Tier 3,Campus,2013-06-15,Hyderabad,47
E102102,Man,1991,South,Tier 1,Referral,2014-07-27,Hyderabad,37
E102103,Man,1994,South,Tier 2,Campus,2014-05-20,Bengaluru,62
E102104,Woman,1993,South,Tier 2,Campus,2019-06-22,Hyderabad,22
E102105,Woman,2001,South,Tier 3,Campus,2017-06-13,Hyderabad,34
E102106,Man,1986,East,Tier 3,Referral,2016-02-16,Bengaluru,47
E102107,Man,1998,South,Tier 2,Campus,2021-11-24,Hyderabad,20
E102108,Man,1998,East,Tier 2,Agency,2021-04-30,Hyderabad,27
E102109,Man,2001,South,Tier 3,Campus,2016-05-25,Bengaluru,23
E102110,Man,1990,South,Tier 3,Referral,2017-02-06,Hyderabad,41
E102111,Woman,1995,Northeast,Tier 2,Campus,2018-07-12,Bengaluru,65
E102112,Woman,1997,West,Tier 3,Agency,2018-11-23,Hyderabad,31
E102113,Man,1995,West,Tier 2,Campus,2018-09-24,Bengaluru,49
E102114,Man,1994,South,Tier 1,Campus,2013-10-02,Hyderabad,44
E102115,Man,1998,South,Tier 3,Referral,2020-10-22,Hyderabad,51
E102116,Woman,1998,South,Tier 2,Agency,2018-09-08,Hyderabad,30
E102117,Woman,2000,East,Tier 3,Campus,2015-10-22,Hyderabad,48
E102118,Non-binary,1989,North,Tier 1,Referral,2016-10-10,Bengaluru,89
E102119,Man,1999,East,Tier 1,Campus,2019-05-28,Bengaluru,31
E102120,Man,1992,East,Tier 2,Referral,2017-10-21,Hyderabad,24
E102121,Man,1990,Northeast,Tier 2,Job portal,2018-02-05,Bengaluru,49
E102122,Woman,1998,South,Tier 2,Agency,2016-01-28,Hyderabad,24
E102123,Man,1998,North,Tier 3,Campus,2020-10-21,Bengaluru,122
E102124,Man,2000,West,Tier 3,Campus,2020-05-02,Bengaluru,54
E102125,Woman,2001,South,Tier 2,Campus,2006-05-03,Hyderabad,76
E102126,Woman,1996,South,Tier 3,Campus,2016-01-09,Hyderabad,38
E102127,Man,1998,East,Tier 2,Job portal,2014-02-24,Hyderabad,53
E102128,Man,1983,South,Tier 3,Agency,2017-10-25,Hyderabad,52
E102129,Woman,1996,West,Tier 3,Referral,2020-10-28,Bengaluru,47
E102130,Man,1997,South,Tier 2,Agency,2020-10-15,Hyderabad,22
E102131,Man,1991,East,Tier 2,Campus,2016-04-24,Bengaluru,34
E102132,Man,1992,South,Tier 3,Referral,2019-04-04,Hyderabad,69
E102133,Woman,1998,South,Tier 2,Job portal,2020-05-21,Hyderabad,73
E102134,Man,1999,South,Tier 2,Campus,2021-04-11,Bengaluru,55
E102135,Woman,2000,South,Tier 3,Campus,2019-12-15,Bengaluru,95
E102136,Woman,1994,South,Tier 3,Agency,2015-09-26,Bengaluru,107
E102137,Woman,1993,South,Tier 3,Referral,2016-07-09,Hyderabad,71
E102138,Man,1986,South,Tier 2,Job portal,2018-01-06,Bengaluru,23
E102139,Woman,1996,West,Tier 2,Campus,2010-04-08,Hyderabad,38
E102140,Man,1995,South,Tier 1,Referral,2018-06-17,Hyderabad,35
E102141,Man,1994,East,Tier 3,Job portal,2019-09-03,Hyderabad,46
E102142,Man,1996,South,Tier 2,Campus,2014-12-10,Bengaluru,43
E102143,Man,1995,North,Tier 1,Campus,2017-04-09,Hyderabad,99
E102144,Man,1999,South,Tier 3,Campus,2022-02-12,Hyderabad,25
E102145,Woman,2001,South,Tier 3,Campus,2019-08-03,Hyderabad,24
E102146,Man,1997,South,Tier 3,Campus,2018-01-05,Bengaluru,26
E102147,Woman,1998,West,Tier 2,Campus,2015-03-11,Hyderabad,43
E102148,Man,1987,South,Tier 3,Referral,2016-11-01,Hyderabad,56
E102149,Man,1992,Northeast,Tier 1,Referral,2015-09-14,Bengaluru,55
E102150,Man,1994,East,Tier 3,Referral,2015-11-05,Hyderabad,31
E102151,Woman,1998,South,Tier 2,Referral,2022-05-23,Hyderabad,47
E102152,Woman,1998,Northeast,Tier 2,Job portal,2022-06-28,Hyderabad,76
E102153,Man,1999,West,Tier 2,Job portal,2022-06-30,Hyderabad,28
E102154,Woman,1997,South,Tier 3,Agency,2022-06-10,Bengaluru,88
E102155,Man,1997,South,Tier 3,Job portal,2022-06-12,Bengaluru,23
E102156,Man,1995,South,Tier 3,Agency,2022-06-26,Hyderabad,59
E102157,Man,1993,Northeast,Tier 3,Agency,2022-06-28,Hyderabad,26
E102158,Man,1998,South,Tier 2,Referral,2022-06-28,Hyderabad,49
E102159,Man,1996,North,Tier 3,Referral,2022-06-09,Hyderabad,33
E102160,Woman,1994,South,Tier 3,Job portal,2022-06-14,Hyderabad,61
E102161,Woman,1999,North,Tier 3,Referral,2022-07-17,Bengaluru,101
E102162,Woman,1995,South,Tier 2,Agency,2022-07-28,Hyderabad,60
E102163,Man,2001,West,Tier 2,Job portal,2022-07-06,Bengaluru,83
E102164,Man,1995,South,Tier 2,Job portal,2022-07-13,Hyderabad,87
E102165,Man,1999,South,Tier 2,Referral,2022-07-09,Bengaluru,33
E102166,Woman,2001,South,Tier 3,Job portal,2022-07-16,Hyderabad,15
E102167,Man,2001,North,Tier 1,Referral,2022-07-31,Bengaluru,51
E102168,Woman,2001,North,Tier 1,Referral,2022-07-11,Hyderabad,106
E102169,Man,1998,South,Tier 3,Referral,2022-07-11,Hyderabad,51
E102170,Woman,1996,South,Tier 1,Referral,2022-07-05,Hyderabad,92
E102171,Man,1995,South,Tier 3,Job portal,2022-07-15,Hyderabad,26
E102172,Woman,2001,North,Tier 2,Job portal,2022-07-29,Bengaluru,47
E102173,Woman,1996,South,Tier 3,Rehire,2022-07-26,Hyderabad,78
E102174,Man,1997,South,Tier 2,Job portal,2022-07-17,Hyderabad,46
E102175,Woman,1999,East,Tier 1,Job portal,2022-07-13,Hyderabad,24
E102176,Man,1999,South,Tier 1,Job portal,2022-07-08,Bengaluru,118
E102177,Woman,1998,South,Tier 3,Agency,2022-07-25,Bengaluru,28
E102178,Man,1992,West,Tier 2,Job portal,2022-07-21,Bengaluru,37
E102179,Man,1997,Northeast,Tier 2,Job portal,2022-07-27,Hyderabad,59
E102180,Woman,2001,East,Tier 2,Referral,2022-07-23,Hyderabad,35
E102181,Woman,1998,South,Tier 1,Referral,2022-07-22,Hyderabad,42
E102182,Man,1992,South,Tier 3,Referral,2022-07-26,Hyderabad,34
E102183,Woman,1996,South,Tier 2,Referral,2022-07-10,Hyderabad,47
E102184,Man,1999,North,Tier 2,Job portal,2022-07-20,Hyderabad,19
E102185,Woman,1999,South,Tier 2,Agency,2022-07-24,Bengaluru,32
E102186,Woman,1999,South,Tier 3,Job portal,2022-07-28,Bengaluru,66
E102187,Man,1999,West,Tier 2,Job portal,2022-07-30,Hyderabad,65
E102188,Man,1997,South,Tier 3,Agency,2022-07-03,Bengaluru,50
E102189,Man,1999,South,Tier 3,Job portal,2022-07-19,Hyderabad,31
E102190,Woman,1995,South,Tier 2,Job portal,2022-07-29,Hyderabad,38
E102191,Man,2000,West,Tier 2,Job portal,2022-07-30,Hyderabad,27
E102192,Woman,2001,South,Tier 3,Referral,2022-07-27,Hyderabad,104
E102193,Woman,1995,East,Tier 1,Job portal,2022-08-11,Hyderabad,30
E102194,Woman,1999,Northeast,Tier 3,Referral,2022-08-13,Hyderabad,54
E102195,Man,1990,South,Tier 1,Job portal,2022-08-27,Hyderabad,47
E102196,Man,1995,Northeast,Tier 2,Job portal,2022-08-10,Bengaluru,143
E102197,Man,1997,East,Tier 2,Referral,2022-08-04,Bengaluru,44
E102198,Man,1996,South,Tier 3,Referral,2022-08-15,Bengaluru,19
E102199,Man,2001,East,Tier 3,Agency,2022-08-30,Hyderabad,27
E102200,Man,1998,South,Tier 2,Referral,2022-08-16,Hyderabad,36
E102201,Man,1996,West,Tier 2,Job portal,2022-08-17,Hyderabad,42
E102202,Woman,2001,West,Tier 1,Agency,2022-08-06,Hyderabad,44
E102203,Man,1997,South,Tier 2,Agency,2022-08-10,Bengaluru,57
E102204,Man,1987,East,Tier 3,Agency,2022-08-16,Hyderabad,67
E102205,Man,1999,South,Tier 3,Job portal,2022-08-12,Hyderabad,16
E102206,Woman,1995,South,Tier 1,Referral,2022-08-27,Hyderabad,41
E102207,Man,1999,South,Tier 3,Rehire,2022-08-30,Hyderabad,34
E102208,Man,2000,West,Tier 3,Job portal,2022-08-04,Bengaluru,47
E102209,Man,1995,South,Tier 3,Referral,2022-08-22,Bengaluru,56
E102210,Man,2001,East,Tier 3,Job portal,2022-08-01,Hyderabad,29
E102211,Man,2001,South,Tier 2,Referral,2022-08-04,Hyderabad,10
E102212,Woman,1996,Northeast,Tier 2,Job portal,2022-08-25,Hyderabad,63
E102213,Woman,1991,South,Tier 2,Agency,2022-08-30,Bengaluru,56
E102214,Woman,1997,South,Tier 3,Referral,2022-08-26,Hyderabad,27
E102215,Man,1996,West,Tier 2,Referral,2022-08-08,Bengaluru,150
E102216,Man,1990,West,Tier 2,Referral,2022-08-25,Bengaluru,61
E102217,Man,1999,South,Tier 2,Referral,2022-08-11,Hyderabad,15
E102218,Man,1999,West,Tier 2,Referral,2022-08-05,Hyderabad,65
E102219,Man,1999,South,Tier 3,Referral,2022-08-15,Hyderabad,57
E102220,Man,1997,South,Tier 2,Referral,2022-08-12,Hyderabad,82
E102221,Man,1998,South,Tier 2,Job portal,2022-08-09,Bengaluru,49
E102222,Man,1995,North,Tier 3,Referral,2022-08-28,Bengaluru,75
E102223,Woman,1997,West,Tier 2,Agency,2022-08-26,Hyderabad,36
E102224,Woman,1998,South,Tier 2,Agency,2022-08-19,Hyderabad,26
E102225,Man,1996,South,Tier 3,Job portal,2022-08-16,Bengaluru,26
E102226,Woman,1999,South,Tier 2,Referral,2022-08-18,Hyderabad,35
E102227,Man,1997,South,Tier 3,Job portal,2022-08-03,Hyderabad,71
E102228,Woman,1992,South,Tier 3,Referral,2022-08-19,Bengaluru,74
E102229,Man,1999,East,Tier 2,Referral,2022-08-28,Bengaluru,42
E102230,Woman,1999,South,Tier 3,Job portal,2022-08-08,Hyderabad,40
E102231,Man,1999,South,Tier 2,Job portal,2022-08-26,Hyderabad,23
E102232,Woman,1998,South,Tier 3,Referral,2022-08-14,Bengaluru,50
E102233,Man,1999,Northeast,Tier 2,Referral,2022-08-03,Bengaluru,61
E102234,Man,1993,Northeast,Tier 1,Agency,2022-08-02,Bengaluru,80
E102235,Woman,1996,South,Tier 2,Referral,2022-08-30,Bengaluru,52
E102236,Man,1999,West,Tier 2,Agency,2022-08-18,Bengaluru,50
E102237,Woman,2001,South,Tier 2,Job portal,2022-08-28,Bengaluru,26
E102238,Woman,1995,South,Tier 2,Job portal,2022-08-26,Bengaluru,59
E102239,Man,2000,South,Tier 2,Job portal,2022-08-30,Bengaluru,67
E102240,Man,1999,North,Tier 2,Referral,2022-09-08,Hyderabad,29
E102241,Woman,1998,South,Tier 1,Job portal,2022-09-15,Bengaluru,112
E102242,Woman,1992,West,Tier 3,Job portal,2022-09-06,Bengaluru,54
E102243,Man,1996,North,Tier 3,Agency,2022-09-10,Hyderabad,14
E102244,Man,1996,South,Tier 2,Job portal,2022-09-06,Hyderabad,44
E102245,Man,1996,South,Tier 2,Job portal,2022-09-02,Hyderabad,34
E102246,Man,2001,East,Tier 3,Referral,2022-09-11,Bengaluru,57
E102247,Man,1993,South,Tier 2,Job portal,2022-09-21,Hyderabad,29
E102248,Man,1998,West,Tier 1,Referral,2022-09-26,Hyderabad,35
E102249,Man,1998,South,Tier 2,Job portal,2022-09-01,Bengaluru,27
E102250,Woman,1999,North,Tier 1,Referral,2022-09-22,Hyderabad,23
E102251,Man,1996,South,Tier 2,Referral,2022-09-02,Bengaluru,11
E102252,Man,1999,South,Tier 3,Agency,2022-09-03,Hyderabad,82
E102253,Man,1998,South,Tier 3,Job portal,2022-09-22,Hyderabad,53
E102254,Man,1998,South,Tier 3,Agency,2022-09-13,Hyderabad,24
E102255,Man,1987,South,Tier 3,Agency,2022-09-28,Bengaluru,36
E102256,Man,1997,South,Tier 1,Referral,2022-09-23,Hyderabad,38
E102257,Man,1998,East,Tier 2,Referral,2022-09-11,Hyderabad,39
E102258,Man,1998,Northeast,Tier 2,Job portal,2022-09-06,Hyderabad,26
E102259,Man,1995,East,Tier 2,Referral,2022-09-06,Bengaluru,40
E102260,Man,1996,South,Tier 1,Job portal,2022-09-02,Bengaluru,49
E102261,Man,1998,South,Tier 1,Job portal,2022-09-11,Bengaluru,76
E102262,Woman,1998,South,Tier 2,Referral,2022-09-22,Hyderabad,59
E102263,Man,1997,South,Tier 3,Referral,2022-09-23,Hyderabad,45
E102264,Man,2000,South,Tier 1,Referral,2022-09-05,Hyderabad,74
E102265,Woman,1996,South,Tier 3,Agency,2022-09-03,Hyderabad,65
E102266,Man,2001,North,Tier 1,Referral,2022-09-02,Bengaluru,96
E102267,Woman,1998,West,Tier 2,Job portal,2022-09-17,Hyderabad,27
E102268,Man,1994,South,Tier 3,Referral,2022-09-24,Hyderabad,30
E102269,Man,2001,South,Tier 3,Agency,2022-09-30,Bengaluru,150
E102270,Man,1994,South,Tier 2,Job portal,2022-09-25,Bengaluru,21
E102271,Man,1990,North,Tier 2,Referral,2022-09-13,Bengaluru,35
E102272,Woman,1997,West,Tier 2,Referral,2022-09-25,Hyderabad,54
E102273,Woman,1996,West,Tier 3,Job portal,2022-09-28,Hyderabad,28
E102274,Man,1998,South,Tier 2,Agency,2022-09-09,Bengaluru,59
E102275,Man,1999,North,Tier 3,Job portal,2022-09-19,Hyderabad,30
E102276,Man,1994,South,Tier 3,Referral,2022-09-15,Bengaluru,39
E102277,Man,2000,South,Tier 1,Referral,2022-09-27,Hyderabad,29
E102278,Man,2001,South,Tier 3,Referral,2022-09-22,Hyderabad,53
E102279,Man,1999,South,Tier 3,Rehire,2022-09-12,Hyderabad,44
E102280,Woman,1992,South,Tier 2,Agency,2022-09-24,Hyderabad,31
E102281,Man,1999,South,Tier 2,Job portal,2022-09-17,Hyderabad,63
E102282,Woman,1986,North,Tier 2,Referral,2022-10-12,Bengaluru,58
E102283,Woman,2001,North,Tier 3,Job portal,2022-10-03,Bengaluru,38
E102284,Man,1995,South,Tier 2,Job portal,2022-10-16,Hyderabad,22
E102285,Woman,1994,South,Tier 1,Job portal,2022-10-04,Bengaluru,21
E102286,Woman,1999,South,Tier 2,Job portal,2022-10-19,Bengaluru,34
E102287,Man,2001,East,Tier 2,Rehire,2022-10-03,Hyderabad,24
E102288,Woman,1998,South,Tier 2,Job portal,2022-10-21,Bengaluru,36
E102289,Man,1990,North,Tier 3,Referral,2022-10-27,Hyderabad,40
E102290,Woman,2001,North,Tier 2,Referral,2022-10-12,Hyderabad,58
E102291,Man,1993,West,Tier 1,Referral,2022-10-09,Bengaluru,78
E102292,Man,1990,South,Tier 1,Agency,2022-10-03,Hyderabad,45
E102293,Woman,1999,South,Tier 2,Agency,2022-10-21,Hyderabad,23
E102294,Woman,1993,South,Tier 1,Referral,2022-10-18,Bengaluru,19
E102295,Man,1997,West,Tier 2,Referral,2022-10-28,Hyderabad,82
E102296,Man,1993,North,Tier 2,Referral,2022-10-17,Hyderabad,20
E102297,Man,1989,North,Tier 3,Rehire,2022-10-20,Bengaluru,54
E102298,Man,1999,South,Tier 2,Referral,2022-10-06,Bengaluru,30
E102299,Woman,1998,North,Tier 2,Agency,2022-10-17,Bengaluru,69
E102300,Man,1991,South,Tier 2,Rehire,2022-10-21,Hyderabad,28
E102301,Woman,2001,South,Tier 3,Job portal,2022-10-06,Hyderabad,35
E102302,Man,1997,West,Tier 2,Referral,2022-10-08,Hyderabad,16
E102303,Man,2000,West,Tier 3,Agency,2022-10-17,Hyderabad,38
E102304,Man,1997,Northeast,Tier 3,Job portal,2022-10-16,Bengaluru,95
E102305,Woman,1999,East,Tier 2,Job portal,2022-10-28,Hyderabad,19
E102306,Man,1999,West,Tier 2,Referral,2022-10-26,Bengaluru,57
E102307,Woman,1995,South,Tier 2,Referral,2022-10-20,Hyderabad,21
E102308,Man,1995,South,Tier 2,Rehire,2022-10-31,Hyderabad,27
E102309,Man,1997,East,Tier 1,Job portal,2022-10-31,Bengaluru,38
E102310,Man,2000,South,Tier 2,Agency,2022-10-30,Bengaluru,53
E102311,Man,1992,South,Tier 3,Job portal,2022-10-23,Hyderabad,31
E102312,Woman,1999,West,Tier 2,Referral,2022-10-17,Hyderabad,42
E102313,Man,1998,South,Tier 2,Referral,2022-10-26,Hyderabad,51
E102314,Woman,1999,South,Tier 3,Referral,2022-10-29,Hyderabad,24
E102315,Man,1998,East,Tier 1,Agency,2022-10-05,Bengaluru,63
E102316,Man,1992,South,Tier 2,Agency,2022-10-31,Hyderabad,57
E102317,Man,1999,East,Tier 2,Referral,2022-10-04,Hyderabad,32
E102318,Woman,1999,South,Tier 2,Agency,2022-10-06,Bengaluru,59
E102319,Man,2001,South,Tier 3,Agency,2022-10-10,Bengaluru,39
E102320,Man,1997,South,Tier 2,Job portal,2022-10-27,Hyderabad,75
E102321,Woman,2001,South,Tier 2,Job portal,2022-10-03,Bengaluru,97
E102322,Man,2000,South,Tier 2,Referral,2022-10-02,Hyderabad,33
E102323,Woman,1995,South,Tier 2,Job portal,2022-10-12,Hyderabad,45
E102324,Woman,1995,South,Tier 1,Job portal,2022-10-23,Hyderabad,23
E102325,Woman,1998,South,Tier 3,Referral,2022-10-14,Hyderabad,49
E102326,Man,1989,South,Tier 2,Referral,2022-10-26,Hyderabad,60
E102327,Woman,1999,East,Tier 3,Job portal,2022-10-10,Bengaluru,63
E102328,Man,1996,North,Tier 2,Agency,2022-10-29,Bengaluru,34
E102329,Woman,1998,South,Tier 3,Agency,2022-10-22,Hyderabad,100
E102330,Woman,2001,East,Tier 2,Agency,2022-10-23,Hyderabad,59
E102331,Man,1989,South,Tier 1,Agency,2022-10-18,Hyderabad,54
E102332,Man,1994,North,Tier 2,Agency,2022-10-04,Bengaluru,65
E102333,Man,1999,South,Tier 3,Agency,2022-10-28,Hyderabad,34
E102334,Woman,1993,East,Tier 2,Job portal,2022-10-25,Hyderabad,96
E102335,Man,1993,West,Tier 2,Job portal,2022-10-26,Hyderabad,20
E102336,Man,1998,South,Tier 2,Referral,2022-11-07,Hyderabad,29
E102337,Man,1992,South,Tier 3,Referral,2022-11-05,Bengaluru,23
E102338,Man,1986,South,Tier 3,Referral,2022-11-08,Hyderabad,21
E102339,Man,2000,West,Tier 3,Agency,2022-11-01,Hyderabad,37
E102340,Woman,1994,West,Tier 2,Referral,2022-11-17,Bengaluru,57
E102341,Man,1994,South,Tier 2,Referral,2022-11-19,Bengaluru,49
E102342,Man,1994,West,Tier 2,Job portal,2022-11-14,Bengaluru,84
E102343,Man,2000,North,Tier 2,Referral,2022-11-12,Hyderabad,34
E102344,Man,1993,West,Tier 3,Referral,2022-11-20,Hyderabad,38
E102345,Man,2000,South,Tier 2,Agency,2022-11-11,Bengaluru,20
E102346,Man,1990,South,Tier 2,Agency,2022-11-16,Hyderabad,41
E102347,Woman,1998,West,Tier 2,Referral,2022-11-27,Bengaluru,37
E102348,Man,1999,North,Tier 1,Referral,2022-11-24,Hyderabad,62
E102349,Man,1999,South,Tier 2,Referral,2022-11-24,Hyderabad,26
E102350,Woman,1995,South,Tier 1,Job portal,2022-11-28,Hyderabad,39
E102351,Woman,2000,South,Tier 2,Agency,2022-11-03,Hyderabad,29
E102352,Woman,2001,South,Tier 3,Job portal,2022-11-08,Hyderabad,42
E102353,Man,1996,Northeast,Tier 3,Referral,2022-11-08,Bengaluru,126
E102354,Man,2001,South,Tier 3,Referral,2022-11-05,Hyderabad,54
E102355,Man,1997,North,Tier 2,Job portal,2022-11-28,Bengaluru,36
E102356,Man,1992,Northeast,Tier 3,Agency,2022-11-04,Bengaluru,78
E102357,Woman,1999,South,Tier 2,Job portal,2022-11-03,Hyderabad,22
E102358,Man,1994,South,Tier 1,Job portal,2022-11-04,Bengaluru,54
E102359,Man,1993,South,Tier 3,Job portal,2022-11-21,Hyderabad,39
E102360,Woman,1997,North,Tier 2,Agency,2022-11-16,Bengaluru,52
E102361,Woman,1994,South,Tier 2,Referral,2022-11-27,Hyderabad,73
E102362,Man,1997,South,Tier 1,Job portal,2022-11-01,Bengaluru,50
E102363,Man,1997,North,Tier 3,Rehire,2022-11-22,Hyderabad,24
E102364,Man,1993,South,Tier 2,Referral,2022-11-13,Hyderabad,22
E102365,Man,1995,North,Tier 1,Agency,2022-11-16,Bengaluru,61
E102366,Man,1998,North,Tier 3,Referral,2022-11-03,Bengaluru,104
E102367,Man,1999,North,Tier 2,Referral,2022-11-10,Bengaluru,34
E102368,Man,1998,East,Tier 2,Job portal,2022-11-14,Bengaluru,43
E102369,Man,1997,South,Tier 2,Job portal,2022-11-03,Hyderabad,60
E102370,Man,1997,South,Tier 2,Referral,2022-11-09,Bengaluru,27
E102371,Woman,2001,South,Tier 2,Referral,2022-11-03,Hyderabad,44
E102372,Woman,1997,East,Tier 3,Referral,2022-11-24,Hyderabad,43
E102373,Man,1988,North,Tier 2,Job portal,2022-11-21,Hyderabad,62
E102374,Man,1997,Northeast,Tier 3,Agency,2022-11-28,Bengaluru,61
E102375,Man,1997,East,Tier 1,Referral,2022-11-23,Hyderabad,48
E102376,Man,1998,Northeast,Tier 3,Agency,2022-11-17,Hyderabad,43
E102377,Man,1996,South,Tier 2,Referral,2022-11-21,Hyderabad,79
E102378,Man,1999,South,Tier 2,Job portal,2022-11-07,Hyderabad,26
E102379,Man,2001,East,Tier 2,Referral,2022-11-19,Bengaluru,41
E102380,Man,2000,South,Tier 3,Job portal,2022-11-11,Hyderabad,24
E102381,Man,1999,South,Tier 1,Referral,2022-11-11,Hyderabad,43
E102382,Woman,2000,West,Tier 3,Job portal,2022-11-20,Hyderabad,12
E102383,Man,1988,East,Tier 2,Referral,2022-12-03,Hyderabad,36
E102384,Man,1995,Northeast,Tier 3,Referral,2022-12-31,Hyderabad,37
E102385,Man,1998,North,Tier 2,Agency,2022-12-22,Hyderabad,46
E102386,Woman,1993,West,Tier 3,Job portal,2022-12-08,Hyderabad,61
E102387,Man,1990,East,Tier 2,Referral,2022-12-22,Hyderabad,37
E102388,Man,1990,South,Tier 2,Agency,2022-12-16,Hyderabad,47
E102389,Man,1998,East,Tier 3,Agency,2022-12-29,Hyderabad,20
E102390,Man,1998,West,Tier 2,Agency,2022-12-16,Bengaluru,38
E102391,Woman,1994,South,Tier 3,Referral,2022-12-10,Hyderabad,42
E102392,Man,1998,South,Tier 1,Job portal,2022-12-06,Hyderabad,39
E102393,Man,1998,North,Tier 2,Job portal,2022-12-05,Bengaluru,99
E102394,Woman,1999,South,Tier 2,Referral,2022-12-28,Hyderabad,30
E102395,Man,2000,North,Tier 2,Rehire,2022-12-02,Hyderabad,38
E102396,Man,1993,West,Tier 3,Job portal,2022-12-30,Bengaluru,97
E102397,Woman,1994,East,Tier 3,Job portal,2022-12-31,Hyderabad,39
E102398,Man,1992,Northeast,Tier 2,Agency,2022-12-25,Hyderabad,33
E102399,Woman,1992,North,Tier 1,Agency,2022-12-21,Bengaluru,42
E102400,Woman,1995,West,Tier 3,Referral,2022-12-26,Hyderabad,65
E102401,Man,1990,South,Tier 2,Referral,2022-12-05,Hyderabad,31
E102402,Man,1997,South,Tier 2,Referral,2022-12-04,Hyderabad,31
E102403,Man,1994,South,Tier 2,Rehire,2022-12-19,Bengaluru,21
E102404,Man,2000,East,Tier 2,Referral,2022-12-28,Bengaluru,50
E102405,Woman,1994,East,Tier 3,Job portal,2022-12-19,Hyderabad,42
E102406,Woman,1996,South,Tier 2,Referral,2022-12-01,Hyderabad,29
E102407,Man,1998,East,Tier 3,Agency,2022-12-08,Bengaluru,33
E102408,Man,1996,Northeast,Tier 3,Agency,2022-12-20,Hyderabad,35
E102409,Man,1993,South,Tier 3,Job portal,2022-12-25,Hyderabad,48
E102410,Woman,1996,North,Tier 1,Referral,2022-12-22,Bengaluru,41
E102411,Woman,1996,North,Tier 3,Job portal,2022-12-14,Bengaluru,133
E102412,Man,1993,South,Tier 2,Job portal,2022-12-10,Hyderabad,48
E102413,Woman,1999,South,Tier 3,Agency,2022-12-06,Hyderabad,69
E102414,Woman,1995,South,Tier 2,Agency,2022-12-05,Bengaluru,116
E102415,Woman,1995,East,Tier 2,Referral,2022-12-26,Hyderabad,62
E102416,Man,1996,South,Tier 2,Job portal,2022-12-19,Bengaluru,47
E102417,Man,1994,South,Tier 3,Referral,2022-12-18,Bengaluru,59
E102418,Woman,1998,South,Tier 3,Agency,2022-12-12,Hyderabad,34
E102419,Man,1990,West,Tier 1,Job portal,2022-12-27,Hyderabad,14
E102420,Man,1994,South,Tier 1,Referral,2022-12-18,Bengaluru,45
E102421,Man,1995,East,Tier 3,Job portal,2022-12-16,Hyderabad,36
E102422,Woman,1994,South,Tier 2,Referral,2022-12-19,Bengaluru,79
E102423,Man,1991,West,Tier 3,Referral,2023-01-15,Hyderabad,61
E102424,Man,1993,South,Tier 3,Agency,2023-01-03,Bengaluru,64
E102425,Woman,1993,West,Tier 3,Referral,2023-01-01,Bengaluru,54
E102426,Man,1997,South,Tier 2,Referral,2023-01-03,Hyderabad,27
E102427,Man,2002,South,Tier 2,Referral,2023-01-15,Hyderabad,51
E102428,Man,2000,South,Tier 3,Job portal,2023-01-14,Hyderabad,35
E102429,Woman,2002,West,Tier 2,Job portal,2023-01-01,Bengaluru,21
E102430,Man,1996,South,Tier 2,Job portal,2023-01-25,Hyderabad,32
E102431,Man,1996,South,Tier 2,Job portal,2023-01-25,Hyderabad,28
E102432,Woman,1996,East,Tier 3,Agency,2023-01-08,Bengaluru,33
E102433,Woman,2000,South,Tier 2,Job portal,2023-01-16,Bengaluru,48
E102434,Woman,1992,North,Tier 3,Agency,2023-01-28,Hyderabad,52
E102435,Man,2000,South,Tier 3,Agency,2023-01-25,Hyderabad,47
E102436,Man,1996,South,Tier 3,Agency,2023-01-03,Bengaluru,39
E102437,Woman,1991,South,Tier 3,Agency,2023-01-01,Hyderabad,42
E102438,Woman,1999,South,Tier 2,Referral,2023-01-22,Hyderabad,26
E102439,Man,1993,West,Tier 3,Job portal,2023-01-06,Hyderabad,35
E102440,Woman,2000,South,Tier 3,Referral,2023-01-22,Hyderabad,47
E102441,Woman,1997,Northeast,Tier 1,Agency,2023-01-06,Bengaluru,43
E102442,Man,1998,East,Tier 3,Job portal,2023-01-11,Bengaluru,87
E102443,Man,1999,East,Tier 2,Agency,2023-01-12,Bengaluru,46
E102444,Woman,2001,South,Tier 2,Referral,2023-01-01,Hyderabad,35
E102445,Woman,2000,South,Tier 1,Job portal,2023-01-07,Hyderabad,85
E102446,Man,1988,South,Tier 1,Agency,2023-01-23,Bengaluru,17
E102447,Woman,1995,South,Tier 2,Agency,2023-01-23,Hyderabad,17
E102448,Man,2002,South,Tier 1,Agency,2023-01-07,Hyderabad,19
E102449,Woman,1997,North,Tier 2,Job portal,2023-01-01,Bengaluru,63
E102450,Man,1998,South,Tier 3,Job portal,2023-01-24,Bengaluru,101
E102451,Man,1999,South,Tier 3,Job portal,2023-01-09,Hyderabad,39
E102452,Woman,2001,East,Tier 3,Job portal,2023-01-11,Hyderabad,52
E102453,Man,1997,East,Tier 2,Job portal,2023-01-23,Hyderabad,62
E102454,Woman,1998,East,Tier 2,Referral,2023-01-05,Hyderabad,27
E102455,Man,1997,North,Tier 3,Referral,2023-01-12,Hyderabad,52
E102456,Man,1997,North,Tier 3,Rehire,2023-01-21,Bengaluru,93
E102457,Man,1995,South,Tier 2,Referral,2023-01-25,Bengaluru,58
E102458,Woman,1997,South,Tier 2,Referral,2023-01-26,Bengaluru,73
E102459,Man,2001,South,Tier 2,Referral,2023-01-20,Hyderabad,35
E102460,Man,1999,South,Tier 3,Agency,2023-01-03,Bengaluru,42
E102461,Man,1999,Northeast,Tier 3,Agency,2023-01-27,Bengaluru,56
E102462,Man,1996,South,Tier 2,Job portal,2023-01-02,Bengaluru,36
E102463,Man,1992,South,Tier 3,Job portal,2023-01-19,Bengaluru,112
E102464,Woman,2000,South,Tier 3,Job portal,2023-01-29,Bengaluru,63
E102465,Man,1996,South,Tier 1,Agency,2023-01-28,Bengaluru,73
E102466,Man,1993,East,Tier 3,Agency,2023-02-08,Hyderabad,55
E102467,Woman,1998,North,Tier 3,Referral,2023-02-03,Bengaluru,39
E102468,Man,2001,South,Tier 3,Referral,2023-02-05,Hyderabad,39
E102469,Woman,2000,South,Tier 2,Job portal,2023-02-08,Hyderabad,24
E102470,Man,1999,South,Tier 2,Job portal,2023-02-08,Bengaluru,124
E102471,Man,1997,South,Tier 3,Job portal,2023-02-02,Hyderabad,49
E102472,Man,2002,South,Tier 2,Rehire,2023-02-01,Hyderabad,18
E102473,Man,1999,Northeast,Tier 2,Job portal,2023-02-06,Bengaluru,56
E102474,Man,1999,South,Tier 2,Referral,2023-02-24,Hyderabad,22
E102475,Man,2000,West,Tier 1,Referral,2023-02-12,Hyderabad,47
E102476,Woman,1998,South,Tier 3,Agency,2023-02-18,Hyderabad,69
E102477,Man,1998,South,Tier 2,Referral,2023-02-20,Hyderabad,68
E102478,Man,2000,East,Tier 3,Referral,2023-02-19,Hyderabad,39
E102479,Man,1994,East,Tier 2,Job portal,2023-02-25,Bengaluru,42
E102480,Man,2001,West,Tier 2,Job portal,2023-02-13,Hyderabad,43
E102481,Woman,1996,South,Tier 3,Agency,2023-02-28,Hyderabad,79
E102482,Man,1996,South,Tier 2,Job portal,2023-02-23,Hyderabad,47
E102483,Man,1998,South,Tier 3,Referral,2023-02-04,Hyderabad,29
E102484,Woman,2002,South,Tier 2,Agency,2023-02-23,Hyderabad,33
E102485,Man,1998,South,Tier 3,Job portal,2023-02-23,Hyderabad,30
E102486,Woman,1999,East,Tier 1,Job portal,2023-02-24,Bengaluru,76
E102487,Man,2001,South,Tier 2,Job portal,2023-02-22,Bengaluru,45
E102488,Woman,2002,East,Tier 3,Referral,2023-02-13,Bengaluru,49
E102489,Man,1993,North,Tier 3,Job portal,2023-02-18,Hyderabad,93
E102490,Man,1992,Northeast,Tier 3,Job portal,2023-02-08,Bengaluru,41
E102491,Man,2000,South,Tier 1,Referral,2023-02-26,Bengaluru,47
E102492,Man,2000,North,Tier 2,Agency,2023-02-25,Hyderabad,19
E102493,Woman,2002,South,Tier 2,Agency,2023-02-20,Hyderabad,33
E102494,Man,1993,South,Tier 2,Job portal,2023-03-29,Bengaluru,25
E102495,Man,2000,South,Tier 3,Job portal,2023-03-06,Hyderabad,36
E102496,Woman,1996,South,Tier 2,Job portal,2023-03-01,Hyderabad,31
E102497,Man,1995,South,Tier 3,Job portal,2023-03-30,Bengaluru,89
E102498,Woman,1994,West,Tier 2,Agency,2023-03-19,Hyderabad,34
E102499,Man,1999,South,Tier 1,Job portal,2023-03-02,Bengaluru,89
E102500,Woman,2000,East,Tier 2,Agency,2023-03-04,Hyderabad,20
E102501,Woman,1992,South,Tier 2,Referral,2023-03-02,Hyderabad,64
E102502,Man,1997,South,Tier 3,Referral,2023-03-28,Hyderabad,42
E102503,Man,1997,Northeast,Tier 2,Job portal,2023-03-29,Bengaluru,21
E102504,Man,1999,South,Tier 3,Job portal,2023-03-10,Hyderabad,35
E102505,Man,1993,South,Tier 3,Job portal,2023-03-17,Hyderabad,40
E102506,Man,1986,North,Tier 1,Referral,2023-03-21,Bengaluru,31
E102507,Woman,2002,East,Tier 3,Agency,2023-03-22,Bengaluru,38
E102508,Man,1996,South,Tier 2,Job portal,2023-03-31,Hyderabad,33
E102509,Man,1998,East,Tier 3,Job portal,2023-03-28,Hyderabad,67
E102510,Man,1984,South,Tier 2,Job portal,2023-03-19,Bengaluru,40
E102511,Woman,1999,East,Tier 3,Job portal,2023-03-03,Bengaluru,50
E102512,Woman,1998,Northeast,Tier 3,Agency,2023-03-14,Bengaluru,34
E102513,Woman,1998,North,Tier 3,Job portal,2023-03-02,Hyderabad,37
E102514,Man,1998,Northeast,Tier 2,Job portal,2023-03-17,Hyderabad,50
E102515,Man,1983,South,Tier 2,Job portal,2023-03-13,Bengaluru,83
E102516,Man,1996,South,Tier 1,Job portal,2023-03-25,Bengaluru,113
E102517,Man,2001,East,Tier 1,Job portal,2023-03-02,Hyderabad,81
E102518,Man,1995,South,Tier 2,Job portal,2023-03-16,Bengaluru,25
E102519,Man,2001,South,Tier 3,Agency,2023-03-01,Bengaluru,58
E102520,Man,1999,South,Tier 2,Job portal,2023-03-11,Bengaluru,51
E102521,Man,1998,North,Tier 2,Rehire,2023-03-29,Hyderabad,49
E102522,Woman,1997,North,Tier 3,Job portal,2023-03-28,Bengaluru,27
E102523,Man,1996,West,Tier 2,Referral,2023-03-09,Bengaluru,52
E102524,Man,2001,West,Tier 2,Agency,2023-03-18,Hyderabad,81
E102525,Man,1999,Northeast,Tier 3,Agency,2023-03-25,Bengaluru,39
E102526,Woman,1999,South,Tier 1,Referral,2023-03-21,Hyderabad,55
E102527,Man,1999,South,Tier 1,Referral,2023-03-03,Hyderabad,53
E102528,Man,1998,Northeast,Tier 2,Rehire,2023-03-21,Hyderabad,41
E102529,Man,1996,South,Tier 2,Referral,2023-03-11,Hyderabad,30
E102530,Woman,1987,South,Tier 1,Referral,2023-03-21,Hyderabad,33
E102531,Man,1999,South,Tier 3,Referral,2023-03-23,Hyderabad,38
E102532,Man,2000,East,Tier 2,Rehire,2023-03-28,Hyderabad,49
E102533,Woman,1995,South,Tier 3,Job portal,2023-03-12,Bengaluru,87
E102534,Man,1997,North,Tier 2,Job portal,2023-03-19,Hyderabad,34
E102535,Woman,1999,South,Tier 1,Referral,2023-03-31,Hyderabad,44
E102536,Man,2001,South,Tier 3,Referral,2023-03-30,Hyderabad,102
E102537,Man,2000,North,Tier 3,Job portal,2023-03-31,Bengaluru,51
E102538,Man,2000,South,Tier 3,Referral,2023-03-17,Bengaluru,146
E102539,Woman,2000,East,Tier 3,Referral,2023-03-24,Hyderabad,25
E102540,Man,1987,South,Tier 1,Agency,2023-04-26,Bengaluru,56
E102541,Man,1992,South,Tier 2,Job portal,2023-04-16,Bengaluru,23
E102542,Woman,1991,South,Tier 2,Job portal,2023-04-04,Bengaluru,93
E102543,Man,1999,East,Tier 2,Agency,2023-04-06,Hyderabad,24
E102544,Woman,1996,West,Tier 1,Referral,2023-04-30,Hyderabad,35
E102545,Man,2001,South,Tier 2,Referral,2023-04-23,Hyderabad,38
E102546,Man,1987,South,Tier 3,Referral,2023-04-23,Hyderabad,77
E102547,Man,1997,South,Tier 3,Job portal,2023-04-07,Hyderabad,29
E102548,Man,1997,East,Tier 2,Job portal,2023-04-10,Bengaluru,60
E102549,Man,1997,West,Tier 2,Job portal,2023-04-29,Hyderabad,48
E102550,Man,1994,South,Tier 2,Job portal,2023-04-01,Bengaluru,31
E102551,Man,1995,South,Tier 3,Agency,2023-04-14,Hyderabad,45
E102552,Man,2002,South,Tier 2,Job portal,2023-04-18,Bengaluru,95
E102553,Woman,2002,East,Tier 3,Referral,2023-04-03,Bengaluru,18
E102554,Man,1997,South,Tier 2,Job portal,2023-04-23,Bengaluru,43
E102555,Woman,1997,East,Tier 3,Agency,2023-04-29,Hyderabad,42
E102556,Man,1999,South,Tier 3,Job portal,2023-04-09,Hyderabad,47
E102557,Woman,2000,South,Tier 3,Job portal,2023-04-27,Bengaluru,81
E102558,Woman,1999,East,Tier 2,Referral,2023-04-13,Hyderabad,24
E102559,Man,1996,South,Tier 2,Agency,2023-04-13,Hyderabad,31
E102560,Woman,1985,South,Tier 3,Referral,2023-04-30,Bengaluru,87
E102561,Man,1997,North,Tier 3,Referral,2023-04-24,Hyderabad,36
E102562,Man,2000,South,Tier 2,Referral,2023-04-04,Bengaluru,75
E102563,Woman,1998,North,Tier 3,Rehire,2023-04-14,Hyderabad,31
E102564,Man,1999,South,Tier 2,Job portal,2023-04-18,Hyderabad,79
E102565,Man,1994,South,Tier 3,Referral,2023-04-21,Bengaluru,38
E102566,Woman,1993,North,Tier 1,Referral,2023-04-15,Hyderabad,28
E102567,Man,2001,North,Tier 2,Job portal,2023-04-04,Hyderabad,147
E102568,Woman,1999,South,Tier 2,Job portal,2023-04-28,Bengaluru,71
E102569,Woman,2002,East,Tier 2,Referral,2023-04-09,Hyderabad,32
E102570,Woman,1994,West,Tier 3,Rehire,2023-04-13,Bengaluru,77
E102571,Man,1998,East,Tier 2,Agency,2023-04-11,Hyderabad,31
E102572,Man,1999,South,Tier 3,Referral,2023-04-14,Hyderabad,33
E102573,Man,1991,South,Tier 3,Job portal,2023-04-10,Hyderabad,44
E102574,Man,1983,North,Tier 2,Agency,2023-04-16,Bengaluru,52
E102575,Man,1995,South,Tier 2,Agency,2023-04-12,Hyderabad,74
E102576,Woman,1995,South,Tier 2,Job portal,2023-04-26,Hyderabad,27
E102577,Man,1991,North,Tier 3,Job portal,2023-05-23,Hyderabad,19
E102578,Woman,1994,East,Tier 2,Job portal,2023-05-13,Hyderabad,31
E102579,Man,1992,East,Tier 2,Job portal,2023-05-13,Bengaluru,46
E102580,Man,2001,North,Tier 3,Referral,2023-05-04,Hyderabad,40
E102581,Man,1988,South,Tier 2,Agency,2023-05-18,Hyderabad,18
E102582,Man,2001,South,Tier 3,Job portal,2023-05-11,Bengaluru,41
E102583,Man,2000,West,Tier 2,Agency,2023-05-12,Bengaluru,50
E102584,Woman,1994,South,Tier 2,Job portal,2023-05-26,Hyderabad,56
E102585,Man,1998,East,Tier 3,Job portal,2023-05-23,Hyderabad,35
E102586,Woman,1994,West,Tier 2,Referral,2023-05-25,Bengaluru,114
E102587,Woman,1995,South,Tier 3,Job portal,2023-05-22,Hyderabad,67
E102588,Woman,2002,South,Tier 2,Job portal,2023-05-22,Hyderabad,20
E102589,Woman,1996,East,Tier 2,Job portal,2023-05-01,Hyderabad,100
E102590,Man,1994,Northeast,Tier 3,Job portal,2023-05-23,Hyderabad,85
E102591,Woman,1996,South,Tier 2,Job portal,2023-05-18,Bengaluru,61
E102592,Woman,1999,North,Tier 2,Job portal,2023-05-15,Bengaluru,92
E102593,Woman,1998,South,Tier 2,Job portal,2023-05-12,Hyderabad,60
E102594,Man,1994,East,Tier 3,Rehire,2023-05-01,Hyderabad,43
E102595,Man,1995,South,Tier 2,Job portal,2023-05-20,Hyderabad,34
E102596,Woman,1995,South,Tier 2,Referral,2023-05-11,Hyderabad,30
E102597,Man,2002,South,Tier 3,Referral,2023-05-06,Bengaluru,39
E102598,Woman,1997,South,Tier 3,Job portal,2023-05-21,Hyderabad,25
E102599,Man,1993,Northeast,Tier 1,Job portal,2023-05-20,Bengaluru,64
E102600,Woman,2000,North,Tier 3,Agency,2023-05-05,Bengaluru,63
E102601,Man,1997,South,Tier 3,Agency,2023-05-13,Hyderabad,82
E102602,Man,1992,South,Tier 3,Agency,2023-05-10,Hyderabad,28
E102603,Man,2002,South,Tier 3,Referral,2023-05-12,Hyderabad,90
E102604,Woman,1997,North,Tier 2,Agency,2023-05-18,Hyderabad,36
E102605,Man,1996,South,Tier 1,Referral,2023-05-31,Hyderabad,72
E102606,Man,1993,North,Tier 1,Job portal,2023-05-08,Hyderabad,74
E102607,Woman,1999,Northeast,Tier 3,Job portal,2023-05-12,Hyderabad,37
E102608,Man,1999,South,Tier 1,Job portal,2023-05-03,Hyderabad,34
E102609,Man,1999,North,Tier 3,Referral,2023-05-29,Hyderabad,66
E102610,Man,1996,South,Tier 3,Referral,2023-05-30,Hyderabad,34
E102611,Woman,2002,South,Tier 3,Referral,2023-05-24,Bengaluru,95
E102612,Woman,2000,South,Tier 2,Referral,2023-05-27,Bengaluru,66
E102613,Woman,2002,South,Tier 2,Job portal,2023-05-12,Hyderabad,23
E102614,Man,1996,South,Tier 3,Referral,2023-05-31,Bengaluru,49
E102615,Woman,2000,South,Tier 3,Agency,2023-05-22,Hyderabad,42
E102616,Woman,1993,South,Tier 1,Job portal,2023-06-14,Bengaluru,43
E102617,Man,1995,West,Tier 1,Referral,2023-06-19,Bengaluru,86
E102618,Woman,1986,South,Tier 2,Job portal,2023-06-29,Hyderabad,24
E102619,Man,1996,South,Tier 2,Job portal,2023-06-13,Bengaluru,33
E102620,Man,1999,North,Tier 3,Job portal,2023-06-10,Bengaluru,51
E102621,Man,1998,South,Tier 2,Referral,2023-06-03,Hyderabad,67
E102622,Man,1998,South,Tier 3,Referral,2023-06-09,Bengaluru,54
E102623,Man,1992,South,Tier 3,Job portal,2023-06-19,Bengaluru,70
E102624,Woman,2002,South,Tier 1,Job portal,2023-06-23,Hyderabad,78
E102625,Woman,1997,South,Tier 3,Job portal,2023-06-26,Hyderabad,67
E102626,Man,1999,South,Tier 1,Referral,2023-06-15,Bengaluru,47
E102627,Man,2002,South,Tier 2,Job portal,2023-06-04,Hyderabad,31
E102628,Woman,1999,West,Tier 3,Referral,2023-06-17,Hyderabad,21
E102629,Woman,2000,South,Tier 2,Job portal,2023-06-18,Hyderabad,35
E102630,Man,1999,South,Tier 3,Referral,2023-06-11,Hyderabad,40
E102631,Woman,1996,South,Tier 3,Job portal,2023-06-29,Hyderabad,90
E102632,Man,1995,South,Tier 3,Rehire,2023-06-01,Bengaluru,29
E102633,Man,1997,South,Tier 3,Referral,2023-06-29,Hyderabad,25
E102634,Man,1997,Northeast,Tier 3,Referral,2023-06-06,Hyderabad,70
E102635,Man,2001,South,Tier 1,Rehire,2023-06-03,Bengaluru,62
E102636,Man,1994,South,Tier 3,Agency,2023-06-23,Hyderabad,29
E102637,Man,1998,South,Tier 2,Job portal,2023-06-11,Hyderabad,79
E102638,Woman,2000,South,Tier 3,Rehire,2023-06-14,Hyderabad,40
E102639,Man,1999,South,Tier 3,Referral,2023-06-02,Bengaluru,19
E102640,Woman,2000,South,Tier 2,Agency,2023-06-29,Hyderabad,56
E102641,Man,2000,South,Tier 2,Referral,2023-06-23,Hyderabad,25
E102642,Woman,1996,South,Tier 1,Referral,2023-06-23,Bengaluru,95
E102643,Woman,1996,South,Tier 2,Referral,2023-06-16,Bengaluru,58
E102644,Woman,2002,West,Tier 3,Referral,2023-06-29,Hyderabad,68
E102645,Woman,1992,South,Tier 3,Job portal,2023-07-30,Bengaluru,56
E102646,Man,1996,South,Tier 3,Rehire,2023-07-16,Hyderabad,31
E102647,Man,1995,South,Tier 2,Job portal,2023-07-07,Bengaluru,37
E102648,Man,1993,South,Tier 2,Referral,2023-07-15,Hyderabad,25
E102649,Man,1998,South,Tier 2,Referral,2023-07-27,Hyderabad,38
E102650,Man,1995,South,Tier 2,Job portal,2023-07-18,Bengaluru,66
E102651,Woman,1998,South,Tier 3,Job portal,2023-07-02,Hyderabad,32
E102652,Man,1999,South,Tier 2,Job portal,2023-07-14,Hyderabad,28
E102653,Man,1990,South,Tier 3,Job portal,2023-07-06,Bengaluru,54
E102654,Non-binary,1999,South,Tier 3,Referral,2023-07-17,Bengaluru,72
E102655,Man,1993,South,Tier 3,Job portal,2023-07-10,Hyderabad,60
E102656,Man,1996,West,Tier 3,Referral,2023-07-03,Hyderabad,63
E102657,Man,1999,Northeast,Tier 3,Job portal,2023-07-09,Hyderabad,38
E102658,Man,1996,East,Tier 2,Job portal,2023-07-25,Hyderabad,48
E102659,Man,1994,East,Tier 2,Job portal,2023-07-11,Hyderabad,56
E102660,Man,1997,South,Tier 1,Referral,2023-07-05,Bengaluru,46
E102661,Man,1999,South,Tier 3,Job portal,2023-07-17,Bengaluru,94
E102662,Woman,2000,South,Tier 2,Referral,2023-07-07,Hyderabad,28
E102663,Man,1998,South,Tier 1,Agency,2023-07-29,Hyderabad,39
E102664,Man,2000,South,Tier 2,Job portal,2023-07-06,Hyderabad,32
E102665,Man,1999,South,Tier 3,Job portal,2023-07-11,Bengaluru,106
E102666,Man,1994,South,Tier 3,Job portal,2023-07-31,Hyderabad,45
E102667,Man,2001,South,Tier 2,Job portal,2023-07-24,Hyderabad,36
E102668,Woman,1999,East,Tier 2,Job portal,2023-07-03,Bengaluru,35
E102669,Woman,1999,South,Tier 1,Rehire,2023-07-06,Hyderabad,57
E102670,Man,1996,South,Tier 2,Agency,2023-07-10,Hyderabad,18
E102671,Man,2001,South,Tier 2,Referral,2023-07-20,Bengaluru,54
E102672,Man,1995,Northeast,Tier 3,Referral,2023-07-14,Bengaluru,74
E102673,Woman,2002,North,Tier 2,Referral,2023-07-27,Bengaluru,73
E102674,Man,2000,South,Tier 3,Referral,2023-07-31,Hyderabad,21
E102675,Woman,1999,North,Tier 2,Referral,2023-07-25,Hyderabad,60
E102676,Man,1995,South,Tier 1,Rehire,2023-08-09,Hyderabad,52
E102677,Woman,2002,South,Tier 1,Campus,2023-08-05,Hyderabad,40
E102678,Woman,2001,Northeast,Tier 1,Campus,2023-08-10,Hyderabad,27
E102679,Man,2001,South,Tier 2,Campus,2023-08-04,Bengaluru,66
E102680,Man,2002,South,Tier 3,Campus,2023-08-15,Bengaluru,67
E102681,Man,1998,South,Tier 3,Campus,2023-08-07,Hyderabad,56
E102682,Man,2002,West,Tier 3,Campus,2023-08-16,Hyderabad,42
E102683,Man,2001,South,Tier 3,Campus,2023-08-03,Hyderabad,90
E102684,Woman,2000,South,Tier 2,Campus,2023-08-20,Hyderabad,29
E102685,Woman,2001,West,Tier 2,Campus,2023-08-03,Bengaluru,88
E102686,Man,2000,East,Tier 2,Campus,2023-08-13,Hyderabad,105
E102687,Man,2001,South,Tier 3,Campus,2023-08-16,Hyderabad,39
E102688,Man,1999,East,Tier 2,Campus,2023-08-19,Bengaluru,53
E102689,Man,2000,North,Tier 2,Campus,2023-08-20,Hyderabad,38
E102690,Man,1999,West,Tier 3,Campus,2023-08-15,Bengaluru,84
E102691,Man,2001,East,Tier 3,Campus,2023-08-06,Hyderabad,33
E102692,Woman,2000,South,Tier 2,Campus,2023-08-16,Bengaluru,38
E102693,Man,2002,West,Tier 2,Campus,2023-08-06,Bengaluru,112
E102694,Man,2002,East,Tier 3,Campus,2023-08-05,Hyderabad,17
E102695,Man,1998,North,Tier 3,Campus,2023-08-05,Bengaluru,47
E102696,Man,1999,South,Tier 2,Campus,2023-08-01,Bengaluru,69
E102697,Man,2000,South,Tier 3,Campus,2023-08-17,Bengaluru,64
E102698,Man,2002,South,Tier 2,Campus,2023-08-20,Hyderabad,53
E102699,Man,2001,East,Tier 2,Campus,2023-08-04,Bengaluru,43
E102700,Woman,2001,West,Tier 2,Campus,2023-08-03,Hyderabad,28
E102701,Man,2000,East,Tier 2,Campus,2023-08-19,Hyderabad,20
E102702,Man,2001,East,Tier 2,Campus,2023-08-02,Bengaluru,66
E102703,Woman,2002,South,Tier 3,Campus,2023-08-04,Hyderabad,73
E102704,Man,2002,South,Tier 2,Campus,2023-08-03,Bengaluru,88
E102705,Man,2002,North,Tier 1,Campus,2023-08-02,Bengaluru,80
E102706,Man,2002,South,Tier 2,Campus,2023-08-11,Hyderabad,52
E102707,Woman,2001,South,Tier 2,Campus,2023-08-05,Hyderabad,36
E102708,Woman,2000,South,Tier 2,Campus,2023-08-17,Bengaluru,45
E102709,Man,2001,South,Tier 2,Campus,2023-08-18,Hyderabad,52
E102710,Man,2000,North,Tier 1,Campus,2023-08-12,Hyderabad,31
E102711,Woman,1997,North,Tier 2,Campus,2023-08-02,Hyderabad,23
E102712,Man,2000,South,Tier 3,Campus,2023-08-06,Hyderabad,29
E102713,Woman,2001,South,Tier 2,Campus,2023-08-07,Hyderabad,44
E102714,Man,2002,South,Tier 2,Campus,2023-08-16,Hyderabad,39
E102715,Man,1999,South,Tier 2,Campus,2023-08-11,Hyderabad,54
E102716,Man,2001,South,Tier 2,Campus,2023-08-03,Hyderabad,44
E102717,Woman,2002,South,Tier 1,Campus,2023-08-06,Hyderabad,50
E102718,Woman,2001,South,Tier 1,Campus,2023-08-06,Bengaluru,68
E102719,Woman,2002,South,Tier 2,Campus,2023-08-17,Bengaluru,38
E102720,Man,1999,East,Tier 2,Campus,2023-08-05,Hyderabad,11
E102721,Man,2000,West,Tier 2,Campus,2023-08-13,Hyderabad,25
E102722,Man,2002,South,Tier 2,Campus,2023-08-16,Bengaluru,25
E102723,Man,2002,South,Tier 2,Campus,2023-08-10,Bengaluru,49
E102724,Man,2001,South,Tier 3,Campus,2023-08-16,Hyderabad,33
E102725,Woman,2001,South,Tier 2,Campus,2023-08-10,Hyderabad,57
E102726,Man,1998,West,Tier 2,Campus,2023-08-15,Hyderabad,28
E102727,Man,1999,South,Tier 3,Campus,2023-08-05,Hyderabad,17
E102728,Man,2001,South,Tier 3,Campus,2023-08-03,Bengaluru,31
E102729,Woman,2001,East,Tier 2,Campus,2023-08-17,Bengaluru,103
E102730,Man,2000,West,Tier 1,Campus,2023-08-12,Hyderabad,57
E102731,Man,1998,West,Tier 3,Campus,2023-08-07,Bengaluru,17
E102732,Woman,2002,South,Tier 2,Campus,2023-08-06,Bengaluru,59
E102733,Woman,2000,South,Tier 2,Campus,2023-08-06,Bengaluru,97
E102734,Woman,2002,South,Tier 3,Campus,2023-08-03,Hyderabad,49
E102735,Man,2000,Northeast,Tier 2,Campus,2023-08-01,Bengaluru,52
E102736,Man,2002,South,Tier 3,Campus,2023-08-01,Bengaluru,77
E102737,Man,2002,North,Tier 2,Campus,2023-08-19,Hyderabad,54
E102738,Man,2000,South,Tier 2,Campus,2023-08-04,Bengaluru,48
E102739,Man,1999,East,Tier 3,Campus,2023-08-16,Bengaluru,85
E102740,Man,2002,East,Tier 3,Campus,2023-08-10,Hyderabad,30
E102741,Man,2002,East,Tier 1,Campus,2023-08-18,Bengaluru,41
E102742,Man,2000,South,Tier 2,Campus,2023-08-17,Hyderabad,44
E102743,Woman,2002,Northeast,Tier 2,Campus,2023-08-18,Hyderabad,65
E102744,Man,2002,South,Tier 2,Campus,2023-08-17,Hyderabad,22
E102745,Woman,2002,East,Tier 3,Campus,2023-08-17,Hyderabad,25
E102746,Woman,2001,South,Tier 2,Campus,2023-08-04,Hyderabad,104
E102747,Man,2002,South,Tier 2,Campus,2023-08-17,Bengaluru,150
E102748,Woman,2001,East,Tier 2,Campus,2023-08-18,Hyderabad,29
E102749,Man,2002,North,Tier 3,Campus,2023-08-15,Bengaluru,20
E102750,Man,1998,South,Tier 2,Campus,2023-08-10,Hyderabad,101
E102751,Woman,2002,South,Tier 2,Campus,2023-08-07,Bengaluru,35
E102752,Man,2000,South,Tier 2,Campus,2023-08-20,Hyderabad,47
E102753,Man,2002,South,Tier 3,Campus,2023-08-02,Bengaluru,22
E102754,Non-binary,2002,South,Tier 2,Campus,2023-08-11,Bengaluru,35
E102755,Woman,2001,West,Tier 3,Campus,2023-08-18,Hyderabad,67
E102756,Man,2001,East,Tier 2,Campus,2023-08-01,Hyderabad,24
E102757,Man,2000,South,Tier 3,Campus,2023-08-18,Hyderabad,54
E102758,Man,2002,South,Tier 2,Campus,2023-08-06,Bengaluru,44
E102759,Man,2002,East,Tier 1,Campus,2023-08-06,Hyderabad,55
E102760,Man,1999,South,Tier 3,Campus,2023-08-03,Hyderabad,36
E102761,Man,2002,South,Tier 2,Campus,2023-08-10,Bengaluru,37
E102762,Man,2001,South,Tier 3,Campus,2023-08-09,Bengaluru,50
E102763,Woman,2001,East,Tier 2,Campus,2023-08-04,Bengaluru,31
E102764,Woman,2001,South,Tier 3,Campus,2023-08-13,Hyderabad,117
E102765,Woman,1999,West,Tier 2,Campus,2023-08-11,Hyderabad,51
E102766,Man,2001,South,Tier 1,Campus,2023-08-05,Hyderabad,34
E102767,Woman,2002,South,Tier 1,Campus,2023-08-20,Bengaluru,63
E102768,Man,2000,North,Tier 3,Campus,2023-08-20,Hyderabad,81
E102769,Woman,1999,East,Tier 3,Campus,2023-08-02,Hyderabad,47
E102770,Man,2000,South,Tier 2,Campus,2023-08-09,Hyderabad,57
E102771,Man,2002,South,Tier 3,Campus,2023-08-18,Hyderabad,24
E102772,Woman,2002,South,Tier 3,Campus,2023-08-16,Hyderabad,17
E102773,Woman,2001,South,Tier 2,Campus,2023-08-16,Hyderabad,40
E102774,Man,2000,South,Tier 3,Campus,2023-08-17,Bengaluru,36
E102775,Man,2002,East,Tier 2,Campus,2023-08-08,Bengaluru,107
E102776,Man,2000,North,Tier 2,Campus,2023-08-08,Hyderabad,76
E102777,Man,2001,South,Tier 3,Campus,2023-08-14,Bengaluru,51
E102778,Man,2002,South,Tier 2,Campus,2023-08-20,Bengaluru,60
E102779,Woman,2001,South,Tier 2,Campus,2023-08-20,Bengaluru,37
E102780,Woman,2002,South,Tier 3,Campus,2023-08-04,Bengaluru,38
E102781,Woman,2001,East,Tier 3,Campus,2023-08-02,Bengaluru,58
E102782,Woman,2001,East,Tier 3,Campus,2023-08-13,Hyderabad,11
E102783,Woman,2001,South,Tier 1,Campus,2023-08-05,Hyderabad,51
E102784,Man,2002,Northeast,Tier 3,Campus,2023-08-16,Bengaluru,61
E102785,Woman,1999,East,Tier 2,Campus,2023-08-03,Hyderabad,70
E102786,Man,2001,East,Tier 3,Campus,2023-08-17,Hyderabad,51
E102787,Woman,2002,East,Tier 2,Campus,2023-08-10,Bengaluru,51
E102788,Man,2002,South,Tier 3,Campus,2023-08-05,Bengaluru,51
E102789,Woman,1998,Northeast,Tier 3,Campus,2023-08-14,Bengaluru,58
E102790,Man,1999,South,Tier 3,Campus,2023-08-20,Bengaluru,86
E102791,Man,2002,East,Tier 2,Campus,2023-08-12,Hyderabad,12
E102792,Man,1999,West,Tier 2,Campus,2023-08-19,Bengaluru,78
E102793,Man,2001,South,Tier 2,Campus,2023-08-09,Bengaluru,43
E102794,Man,2000,North,Tier 3,Campus,2023-08-18,Hyderabad,40
E102795,Man,2001,Northeast,Tier 2,Campus,2023-08-15,Bengaluru,33
E102796,Woman,2002,South,Tier 3,Campus,2023-08-20,Bengaluru,53
E102797,Woman,2001,South,Tier 3,Campus,2023-08-10,Bengaluru,37
E102798,Woman,2002,North,Tier 3,Campus,2023-08-01,Hyderabad,14
E102799,Man,1999,East,Tier 1,Campus,2023-08-14,Hyderabad,87
E102800,Man,1999,North,Tier 2,Campus,2023-08-01,Hyderabad,59
E102801,Woman,2002,South,Tier 1,Campus,2023-08-08,Hyderabad,31
E102802,Man,2001,East,Tier 3,Campus,2023-08-10,Hyderabad,32
E102803,Man,2000,South,Tier 2,Campus,2023-08-14,Hyderabad,33
E102804,Man,2002,North,Tier 2,Campus,2023-08-11,Hyderabad,52
E102805,Woman,1999,South,Tier 2,Campus,2023-08-17,Bengaluru,32
E102806,Man,2002,North,Tier 3,Campus,2023-08-12,Bengaluru,75
E102807,Woman,1999,South,Tier 3,Campus,2023-08-16,Hyderabad,22
E102808,Man,1998,North,Tier 2,Campus,2023-08-16,Hyderabad,46
E102809,Man,1998,South,Tier 3,Campus,2023-08-13,Hyderabad,73
E102810,Woman,2001,East,Tier 1,Campus,2023-08-07,Bengaluru,75
E102811,Man,2001,North,Tier 3,Campus,2023-08-20,Hyderabad,32
E102812,Man,2001,South,Tier 2,Campus,2023-08-01,Hyderabad,29
E102813,Woman,2001,South,Tier 3,Campus,2023-08-09,Hyderabad,41
E102814,Woman,2002,South,Tier 3,Campus,2023-08-12,Bengaluru,76
E102815,Man,2002,South,Tier 1,Campus,2023-08-02,Bengaluru,48
E102816,Woman,2001,West,Tier 2,Campus,2023-08-17,Bengaluru,78
E102817,Woman,2000,South,Tier 2,Campus,2023-08-10,Hyderabad,32
E102818,Woman,2000,South,Tier 2,Campus,2023-08-02,Hyderabad,39
E102819,Man,2001,East,Tier 3,Campus,2023-08-12,Hyderabad,21
E102820,Man,2000,East,Tier 3,Campus,2023-08-02,Bengaluru,23
E102821,Woman,2001,East,Tier 2,Campus,2023-08-12,Hyderabad,19
E102822,Woman,2000,South,Tier 2,Campus,2023-08-12,Hyderabad,48
E102823,Woman,2000,South,Tier 3,Campus,2023-08-19,Bengaluru,102
E102824,Man,2001,South,Tier 3,Campus,2023-08-15,Hyderabad,44
E102825,Man,2001,South,Tier 3,Campus,2023-08-20,Bengaluru,59
E102826,Man,1999,Northeast,Tier 2,Campus,2023-08-18,Hyderabad,33
E102827,Woman,2002,South,Tier 3,Campus,2023-08-06,Bengaluru,66
E102828,Man,1999,South,Tier 3,Campus,2023-08-08,Hyderabad,93
E102829,Woman,2000,South,Tier 3,Campus,2023-08-03,Bengaluru,71
E102830,Woman,2000,Northeast,Tier 3,Campus,2023-08-08,Hyderabad,54
E102831,Woman,2001,Northeast,Tier 3,Campus,2023-08-17,Hyderabad,30
E102832,Woman,2002,West,Tier 2,Campus,2023-08-13,Bengaluru,138
E102833,Woman,1998,South,Tier 3,Campus,2023-08-15,Hyderabad,41
E102834,Man,2002,North,Tier 2,Campus,2023-08-14,Hyderabad,36
E102835,Woman,2000,South,Tier 2,Campus,2023-08-13,Hyderabad,42
E102836,Woman,1998,North,Tier 2,Campus,2023-08-14,Hyderabad,62
E102837,Man,2000,South,Tier 2,Campus,2023-08-01,Bengaluru,35
E102838,Man,2001,South,Tier 1,Campus,2023-08-09,Hyderabad,20
E102839,Man,2002,South,Tier 1,Campus,2023-08-12,Bengaluru,30
E102840,Man,2002,West,Tier 1,Campus,2023-08-01,Hyderabad,37
E102841,Woman,2002,East,Tier 2,Campus,2023-08-08,Hyderabad,104
E102842,Woman,1999,North,Tier 3,Campus,2023-08-17,Bengaluru,118
E102843,Woman,2001,South,Tier 1,Campus,2023-08-14,Hyderabad,21
E102844,Woman,2001,North,Tier 3,Campus,2023-08-09,Bengaluru,23
E102845,Man,2000,North,Tier 1,Campus,2023-08-18,Hyderabad,26
E102846,Woman,2002,South,Tier 2,Campus,2023-08-05,Hyderabad,65
E102847,Man,2001,South,Tier 1,Campus,2023-08-18,Bengaluru,27
E102848,Man,2002,East,Tier 2,Campus,2023-08-06,Hyderabad,38
E102849,Woman,2000,Northeast,Tier 1,Campus,2023-08-02,Bengaluru,25
E102850,Woman,2002,South,Tier 3,Campus,2023-08-09,Hyderabad,78
E102851,Man,2002,East,Tier 1,Campus,2023-08-05,Hyderabad,52
E102852,Woman,2001,South,Tier 2,Campus,2023-08-09,Bengaluru,43
E102853,Woman,2002,North,Tier 2,Campus,2023-08-08,Hyderabad,26
E102854,Woman,2002,South,Tier 2,Campus,2023-08-12,Hyderabad,67
E102855,Man,1998,South,Tier 2,Campus,2023-08-05,Hyderabad,42
E102856,Man,2000,South,Tier 3,Campus,2023-08-17,Hyderabad,43
E102857,Woman,1999,East,Tier 2,Campus,2023-08-12,Hyderabad,47
E102858,Woman,2002,East,Tier 2,Campus,2023-08-14,Hyderabad,50
E102859,Woman,2002,South,Tier 3,Campus,2023-08-09,Hyderabad,54
E102860,Woman,2000,South,Tier 2,Campus,2023-08-04,Hyderabad,46
E102861,Man,1984,Northeast,Tier 2,Referral,2023-08-03,Bengaluru,34
E102862,Man,1999,East,Tier 1,Referral,2023-08-20,Hyderabad,36
E102863,Man,2000,South,Tier 1,Agency,2023-08-02,Hyderabad,85
E102864,Man,1996,South,Tier 2,Referral,2023-08-17,Hyderabad,16
E102865,Woman,1997,South,Tier 3,Referral,2023-08-17,Hyderabad,36
E102866,Man,1992,South,Tier 1,Referral,2023-08-11,Hyderabad,31
E102867,Man,1994,West,Tier 2,Referral,2023-08-13,Hyderabad,55
E102868,Man,1997,North,Tier 3,Job portal,2023-08-31,Hyderabad,64
E102869,Man,1992,South,Tier 2,Agency,2023-08-31,Bengaluru,18
E102870,Man,1998,East,Tier 2,Referral,2023-08-18,Hyderabad,88
E102871,Man,1990,South,Tier 3,Job portal,2023-08-30,Hyderabad,18
E102872,Man,1994,South,Tier 2,Agency,2023-08-11,Bengaluru,59
E102873,Man,1997,West,Tier 2,Referral,2023-08-05,Bengaluru,46
E102874,Man,1997,South,Tier 3,Referral,2023-08-09,Hyderabad,33
E102875,Man,1996,South,Tier 3,Job portal,2023-08-20,Hyderabad,61
E102876,Woman,1996,West,Tier 1,Job portal,2023-08-15,Hyderabad,65
E102877,Woman,1999,West,Tier 3,Referral,2023-08-24,Bengaluru,33
E102878,Man,2001,South,Tier 3,Referral,2023-08-19,Hyderabad,50
E102879,Man,1993,South,Tier 1,Job portal,2023-08-21,Bengaluru,59
E102880,Man,1997,South,Tier 2,Job portal,2023-08-06,Hyderabad,32
E102881,Man,1999,West,Tier 2,Agency,2023-08-30,Bengaluru,28
E102882,Woman,2000,South,Tier 3,Referral,2023-08-15,Bengaluru,21
E102883,Woman,2000,South,Tier 3,Job portal,2023-08-06,Bengaluru,32
E102884,Man,1994,East,Tier 3,Referral,2023-08-26,Bengaluru,19
E102885,Man,1994,South,Tier 2,Agency,2023-08-14,Hyderabad,30
E102886,Woman,1993,South,Tier 2,Agency,2023-08-22,Hyderabad,72
E102887,Man,1997,South,Tier 3,Referral,2023-08-01,Bengaluru,26
E102888,Man,1998,South,Tier 3,Agency,2023-08-14,Hyderabad,31
E102889,Man,2002,East,Tier 3,Job portal,2023-08-27,Bengaluru,69
E102890,Man,2002,North,Tier 3,Agency,2023-08-04,Bengaluru,45
E102891,Man,1995,South,Tier 2,Job portal,2023-08-18,Bengaluru,79
E102892,Man,1997,South,Tier 1,Job portal,2023-08-14,Bengaluru,122
E102893,Woman,1994,South,Tier 3,Referral,2023-08-24,Hyderabad,17
E102894,Man,2002,East,Tier 2,Agency,2023-08-30,Hyderabad,22
E102895,Man,1996,South,Tier 3,Job portal,2023-08-18,Hyderabad,32
E102896,Man,1986,South,Tier 2,Agency,2023-09-24,Bengaluru,46
E102897,Man,1988,North,Tier 3,Referral,2023-09-03,Hyderabad,27
E102898,Woman,1997,South,Tier 1,Referral,2023-09-08,Bengaluru,69
E102899,Man,1996,South,Tier 1,Rehire,2023-09-27,Hyderabad,67
E102900,Man,1987,South,Tier 2,Rehire,2023-09-28,Bengaluru,71
E102901,Woman,1994,East,Tier 3,Referral,2023-09-27,Bengaluru,150
E102902,Woman,1992,South,Tier 1,Referral,2023-09-24,Bengaluru,55
E102903,Woman,1995,South,Tier 3,Agency,2023-09-03,Hyderabad,46
E102904,Woman,1999,East,Tier 2,Job portal,2023-09-14,Bengaluru,37
E102905,Man,2000,South,Tier 2,Referral,2023-09-04,Hyderabad,44
E102906,Woman,1993,South,Tier 2,Referral,2023-09-12,Hyderabad,20
E102907,Man,1988,South,Tier 3,Referral,2023-09-05,Hyderabad,42
E102908,Man,1997,South,Tier 2,Job portal,2023-09-30,Hyderabad,73
E102909,Man,2002,South,Tier 2,Job portal,2023-09-11,Hyderabad,38
E102910,Woman,1993,East,Tier 2,Agency,2023-09-09,Hyderabad,25
E102911,Man,1999,South,Tier 2,Job portal,2023-09-06,Hyderabad,38
E102912,Man,2001,South,Tier 2,Agency,2023-09-28,Hyderabad,71
E102913,Woman,2002,South,Tier 3,Job portal,2023-09-03,Hyderabad,33
E102914,Man,1999,East,Tier 2,Job portal,2023-09-07,Hyderabad,37
E102915,Man,1997,South,Tier 3,Referral,2023-09-21,Hyderabad,72
E102916,Man,2001,West,Tier 2,Job portal,2023-09-28,Hyderabad,45
E102917,Man,1993,South,Tier 2,Referral,2023-09-13,Hyderabad,104
E102918,Man,1994,North,Tier 2,Job portal,2023-09-27,Bengaluru,47
E102919,Man,1997,South,Tier 3,Referral,2023-09-11,Bengaluru,42
E102920,Woman,1998,West,Tier 1,Job portal,2023-09-24,Hyderabad,33
E102921,Man,2002,North,Tier 3,Job portal,2023-09-01,Bengaluru,35
E102922,Woman,1995,North,Tier 2,Referral,2023-09-26,Hyderabad,30
E102923,Woman,1998,South,Tier 2,Agency,2023-09-25,Bengaluru,27
E102924,Woman,2000,South,Tier 1,Agency,2023-09-30,Hyderabad,85
E102925,Woman,2000,East,Tier 1,Job portal,2023-10-07,Hyderabad,53
E102926,Woman,1997,East,Tier 1,Referral,2023-10-03,Hyderabad,31
E102927,Man,1998,South,Tier 2,Referral,2023-10-07,Hyderabad,44
E102928,Man,1997,South,Tier 2,Job portal,2023-10-24,Bengaluru,64
E102929,Man,1990,North,Tier 2,Agency,2023-10-14,Bengaluru,125
E102930,Woman,1997,South,Tier 3,Agency,2023-10-10,Hyderabad,28
E102931,Man,1992,North,Tier 3,Agency,2023-10-04,Bengaluru,64
E102932,Woman,2000,South,Tier 2,Agency,2023-10-13,Hyderabad,58
E102933,Man,2001,South,Tier 3,Job portal,2023-10-02,Bengaluru,45
E102934,Woman,1997,East,Tier 3,Referral,2023-10-21,Hyderabad,26
E102935,Woman,2002,South,Tier 2,Job portal,2023-10-23,Hyderabad,53
E102936,Man,1990,East,Tier 2,Job portal,2023-10-13,Bengaluru,32
E102937,Woman,2001,South,Tier 2,Job portal,2023-10-01,Bengaluru,83
E102938,Man,1998,North,Tier 2,Job portal,2023-10-10,Hyderabad,57
E102939,Woman,1995,East,Tier 3,Job portal,2023-10-18,Bengaluru,86
E102940,Man,1998,South,Tier 2,Job portal,2023-10-03,Bengaluru,47
E102941,Man,2000,East,Tier 2,Job portal,2023-10-25,Bengaluru,76
E102942,Woman,1997,South,Tier 1,Referral,2023-10-12,Hyderabad,32
E102943,Man,1999,West,Tier 2,Referral,2023-10-07,Hyderabad,35
E102944,Woman,2002,South,Tier 2,Job portal,2023-10-02,Hyderabad,49
E102945,Woman,2000,Northeast,Tier 1,Referral,2023-10-12,Hyderabad,33
E102946,Woman,2001,South,Tier 3,Rehire,2023-10-02,Hyderabad,68
E102947,Woman,1993,North,Tier 2,Referral,2023-10-11,Hyderabad,21
E102948,Woman,1997,North,Tier 3,Job portal,2023-10-02,Hyderabad,47
E102949,Man,1999,South,Tier 3,Agency,2023-10-22,Hyderabad,49
E102950,Man,1998,South,Tier 2,Referral,2023-10-17,Hyderabad,45
E102951,Man,1999,South,Tier 1,Job portal,2023-10-06,Bengaluru,37
E102952,Man,2000,South,Tier 2,Referral,2023-10-11,Hyderabad,49
E102953,Man,1998,West,Tier 2,Referral,2023-10-24,Hyderabad,24
E102954,Man,1999,South,Tier 3,Job portal,2023-10-15,Bengaluru,63
E102955,Man,1999,East,Tier 3,Agency,2023-10-30,Hyderabad,38
E102956,Man,1990,Northeast,Tier 2,Job portal,2023-11-03,Bengaluru,48
E102957,Woman,1997,East,Tier 2,Referral,2023-11-15,Hyderabad,43
E102958,Man,1995,South,Tier 2,Job portal,2023-11-21,Hyderabad,47
E102959,Man,1997,South,Tier 2,Job portal,2023-11-04,Hyderabad,26
E102960,Man,1990,South,Tier 3,Agency,2023-11-17,Hyderabad,26
E102961,Man,2000,East,Tier 2,Referral,2023-11-12,Hyderabad,85
E102962,Man,1996,South,Tier 3,Job portal,2023-11-11,Bengaluru,34
E102963,Man,1998,South,Tier 3,Job portal,2023-11-14,Hyderabad,41
E102964,Woman,1995,East,Tier 3,Referral,2023-11-11,Bengaluru,33
E102965,Man,1994,East,Tier 2,Job portal,2023-11-04,Bengaluru,69
E102966,Woman,1995,Northeast,Tier 3,Job portal,2023-11-18,Hyderabad,47
E102967,Man,1994,North,Tier 1,Job portal,2023-11-16,Hyderabad,30
E102968,Man,2002,South,Tier 3,Agency,2023-11-13,Bengaluru,54
E102969,Man,2000,South,Tier 1,Job portal,2023-11-19,Hyderabad,49
E102970,Man,1995,North,Tier 3,Agency,2023-11-18,Bengaluru,37
E102971,Man,2000,East,Tier 3,Agency,2023-11-07,Bengaluru,39
E102972,Woman,2002,East,Tier 2,Job portal,2023-11-03,Hyderabad,97
E102973,Man,1995,South,Tier 2,Job portal,2023-11-14,Bengaluru,34
E102974,Woman,1998,South,Tier 3,Referral,2023-11-12,Bengaluru,40
E102975,Man,1999,West,Tier 3,Job portal,2023-11-16,Hyderabad,27
E102976,Man,1998,East,Tier 2,Referral,2023-11-09,Hyderabad,17
E102977,Man,2001,West,Tier 3,Agency,2023-11-12,Hyderabad,56
E102978,Man,1997,North,Tier 3,Agency,2023-11-11,Hyderabad,14
E102979,Man,1999,East,Tier 3,Job portal,2023-11-18,Bengaluru,76
E102980,Man,2000,South,Tier 3,Referral,2023-11-13,Bengaluru,78
E102981,Man,1998,South,Tier 3,Referral,2023-11-27,Bengaluru,39
E102982,Woman,1999,South,Tier 2,Job portal,2023-11-14,Bengaluru,70
E102983,Woman,1996,South,Tier 2,Job portal,2023-11-20,Hyderabad,42
E102984,Woman,1999,South,Tier 3,Agency,2023-11-17,Hyderabad,49
E102985,Man,1995,South,Tier 2,Job portal,2023-11-17,Hyderabad,54
E102986,Man,2000,South,Tier 3,Referral,2023-11-25,Bengaluru,57
E102987,Woman,2002,East,Tier 1,Agency,2023-11-30,Hyderabad,49
E102988,Man,1998,West,Tier 3,Referral,2023-11-18,Hyderabad,44
E102989,Woman,2001,South,Tier 3,Job portal,2023-11-16,Bengaluru,84
E102990,Woman,2002,South,Tier 3,Referral,2023-11-17,Hyderabad,32
E102991,Man,1993,East,Tier 3,Referral,2023-11-26,Hyderabad,46
E102992,Woman,1999,Northeast,Tier 3,Job portal,2023-11-24,Hyderabad,50
E102993,Woman,1998,South,Tier 2,Referral,2023-11-20,Bengaluru,84
E102994,Woman,2002,North,Tier 2,Agency,2023-12-14,Hyderabad,125
E102995,Woman,2002,South,Tier 3,Job portal,2023-12-11,Bengaluru,59
E102996,Man,1999,North,Tier 3,Job portal,2023-12-20,Bengaluru,75
E102997,Woman,2000,South,Tier 3,Job portal,2023-12-11,Bengaluru,24
E102998,Man,1998,South,Tier 2,Job portal,2023-12-31,Hyderabad,31
E102999,Man,2000,South,Tier 2,Rehire,2023-12-11,Hyderabad,31
E103000,Man,2000,South,Tier 1,Job portal,2023-12-13,Bengaluru,150
E103001,Man,1989,South,Tier 1,Referral,2023-12-16,Hyderabad,35
E103002,Man,2000,North,Tier 3,Job portal,2023-12-05,Hyderabad,91
E103003,Man,2002,North,Tier 3,Agency,2023-12-19,Hyderabad,38
E103004,Man,1999,South,Tier 3,Job portal,2023-12-07,Bengaluru,64
E103005,Woman,1996,South,Tier 2,Referral,2023-12-19,Hyderabad,36
E103006,Man,2002,South,Tier 2,Referral,2023-12-23,Bengaluru,104
E103007,Man,2001,South,Tier 3,Rehire,2023-12-03,Bengaluru,124
E103008,Man,1999,West,Tier 2,Referral,2023-12-05,Hyderabad,58
E103009,Woman,1997,South,Tier 2,Referral,2023-12-08,Hyderabad,66
E103010,Man,1994,South,Tier 3,Referral,2023-12-31,Bengaluru,77
E103011,Woman,1994,South,Tier 1,Agency,2023-12-12,Bengaluru,48
E103012,Woman,1997,North,Tier 3,Job portal,2023-12-22,Bengaluru,65
E103013,Man,1994,South,Tier 3,Agency,2023-12-24,Bengaluru,44
E103014,Man,1996,East,Tier 3,Job portal,2023-12-03,Bengaluru,37
E103015,Woman,1998,East,Tier 2,Job portal,2023-12-17,Bengaluru,108
E103016,Woman,1993,East,Tier 1,Job portal,2023-12-30,Bengaluru,48
E103017,Man,2001,South,Tier 3,Referral,2023-12-05,Bengaluru,42
E103018,Man,1997,East,Tier 2,Referral,2023-12-06,Hyderabad,41
E103019,Man,1999,East,Tier 2,Agency,2023-12-06,Hyderabad,57
E103020,Man,2001,West,Tier 3,Referral,2023-12-28,Hyderabad,74
E103021,Man,1998,North,Tier 2,Referral,2023-12-24,Bengaluru,42
E103022,Man,2000,West,Tier 2,Referral,2023-12-05,Bengaluru,32
E103023,Man,2002,South,Tier 1,Agency,2023-12-30,Bengaluru,98
E103024,Man,1996,North,Tier 3,Referral,2023-12-07,Hyderabad,38
E103025,Man,1999,South,Tier 1,Agency,2023-12-28,Bengaluru,103
E103026,Man,2002,West,Tier 2,Referral,2023-12-29,Hyderabad,49
E103027,Woman,2001,Northeast,Tier 2,Job portal,2023-12-28,Hyderabad,24
E103028,Man,1996,West,Tier 3,Job portal,2023-12-29,Hyderabad,30
E103029,Man,1987,East,Tier 2,Referral,2024-01-17,Bengaluru,51
E103030,Man,1995,West,Tier 2,Referral,2024-01-03,Bengaluru,61
E103031,Man,2001,Northeast,Tier 1,Referral,2024-01-11,Hyderabad,41
E103032,Man,1990,South,Tier 3,Referral,2024-01-16,Bengaluru,29
E103033,Man,2001,South,Tier 3,Job portal,2024-01-11,Bengaluru,89
E103034,Woman,2001,North,Tier 2,Referral,2024-01-04,Bengaluru,43
E103035,Woman,2000,North,Tier 2,Referral,2024-01-09,Bengaluru,19
E103036,Man,1999,Northeast,Tier 2,Agency,2024-01-12,Hyderabad,24
E103037,Man,2001,East,Tier 3,Referral,2024-01-10,Hyderabad,41
E103038,Woman,2001,West,Tier 2,Job portal,2024-01-27,Hyderabad,43
E103039,Woman,1994,South,Tier 2,Job portal,2024-01-26,Hyderabad,25
E103040,Man,1999,South,Tier 1,Agency,2024-01-29,Bengaluru,84
E103041,Man,1997,South,Tier 3,Referral,2024-01-15,Hyderabad,27
E103042,Woman,1998,South,Tier 1,Job portal,2024-01-18,Hyderabad,54
E103043,Man,2002,East,Tier 1,Agency,2024-01-11,Bengaluru,31
E103044,Man,2002,North,Tier 2,Referral,2024-01-12,Hyderabad,47
E103045,Man,1992,East,Tier 3,Agency,2024-01-16,Bengaluru,34
E103046,Woman,1999,South,Tier 3,Referral,2024-01-17,Bengaluru,99
E103047,Man,1998,East,Tier 2,Job portal,2024-01-11,Hyderabad,57
E103048,Woman,2003,West,Tier 3,Job portal,2024-01-01,Hyderabad,37
E103049,Woman,1998,South,Tier 3,Referral,2024-01-16,Bengaluru,68
E103050,Woman,2003,Northeast,Tier 3,Job portal,2024-01-01,Hyderabad,17
E103051,Man,1998,East,Tier 2,Agency,2024-01-21,Bengaluru,50
E103052,Woman,2003,East,Tier 3,Agency,2024-01-21,Hyderabad,43
E103053,Man,1998,South,Tier 1,Referral,2024-01-07,Bengaluru,24
E103054,Woman,2000,East,Tier 3,Job portal,2024-01-30,Hyderabad,26
E103055,Woman,2001,Northeast,Tier 2,Referral,2024-01-06,Hyderabad,37
E103056,Man,1999,South,Tier 2,Job portal,2024-01-22,Bengaluru,63
E103057,Woman,2003,North,Tier 1,Referral,2024-01-18,Hyderabad,47
E103058,Man,2001,South,Tier 2,Job portal,2024-01-13,Bengaluru,30
E103059,Woman,2001,East,Tier 1,Referral,2024-01-07,Bengaluru,67
E103060,Woman,1999,South,Tier 3,Referral,2024-01-25,Hyderabad,43
E103061,Man,2000,South,Tier 2,Referral,2024-01-18,Bengaluru,36
E103062,Woman,1999,West,Tier 3,Referral,2024-01-17,Hyderabad,40
E103063,Man,2001,West,Tier 3,Job portal,2024-01-24,Hyderabad,40
E103064,Man,2002,South,Tier 2,Agency,2024-01-28,Bengaluru,48
E103065,Man,1999,South,Tier 2,Referral,2024-01-15,Hyderabad,48
E103066,Man,1997,East,Tier 2,Rehire,2024-02-10,Bengaluru,50
E103067,Man,1988,South,Tier 3,Agency,2024-02-05,Bengaluru,100
E103068,Man,1991,South,Tier 2,Job portal,2024-02-22,Hyderabad,60
E103069,Man,1998,North,Tier 2,Job portal,2024-02-14,Bengaluru,73
E103070,Man,2001,South,Tier 2,Referral,2024-02-05,Hyderabad,32
E103071,Man,2001,South,Tier 2,Referral,2024-02-20,Hyderabad,60
E103072,Man,2002,South,Tier 3,Referral,2024-02-10,Hyderabad,51
E103073,Man,2003,Northeast,Tier 3,Job portal,2024-02-10,Bengaluru,79
E103074,Man,2000,South,Tier 3,Agency,2024-02-25,Bengaluru,63
E103075,Woman,2003,South,Tier 2,Agency,2024-02-22,Bengaluru,46
E103076,Woman,1998,South,Tier 2,Referral,2024-02-08,Hyderabad,48
E103077,Man,2002,South,Tier 3,Agency,2024-02-19,Hyderabad,27
E103078,Woman,2002,South,Tier 2,Job portal,2024-02-20,Bengaluru,78
E103079,Man,1993,South,Tier 2,Referral,2024-02-29,Bengaluru,72
E103080,Man,1995,South,Tier 1,Job portal,2024-02-28,Hyderabad,87
E103081,Woman,2002,South,Tier 2,Job portal,2024-02-14,Hyderabad,55
E103082,Woman,2000,South,Tier 3,Job portal,2024-02-24,Hyderabad,30
E103083,Man,1990,South,Tier 3,Referral,2024-02-14,Hyderabad,37
E103084,Man,2001,South,Tier 3,Job portal,2024-02-23,Bengaluru,45
E103085,Woman,1995,South,Tier 3,Job portal,2024-02-25,Hyderabad,37
E103086,Man,1995,South,Tier 2,Job portal,2024-02-23,Bengaluru,81
E103087,Man,1998,North,Tier 2,Job portal,2024-02-19,Bengaluru,72
E103088,Man,2002,South,Tier 3,Referral,2024-02-21,Bengaluru,59
E103089,Man,1996,South,Tier 3,Job portal,2024-02-26,Hyderabad,27
E103090,Woman,1998,South,Tier 2,Job portal,2024-02-28,Hyderabad,51
E103091,Man,1999,South,Tier 3,Agency,2024-03-22,Hyderabad,48
E103092,Woman,1995,West,Tier 2,Job portal,2024-03-18,Bengaluru,24
E103093,Man,1992,East,Tier 3,Referral,2024-03-01,Bengaluru,30
E103094,Woman,1998,South,Tier 2,Referral,2024-03-09,Bengaluru,89
E103095,Woman,2002,South,Tier 2,Job portal,2024-03-16,Bengaluru,89
E103096,Woman,1998,West,Tier 2,Job portal,2024-03-01,Bengaluru,60
E103097,Woman,1993,South,Tier 2,Referral,2024-03-30,Hyderabad,26
E103098,Man,1998,East,Tier 3,Job portal,2024-03-27,Hyderabad,61
E103099,Woman,1998,Northeast,Tier 1,Job portal,2024-03-07,Bengaluru,64
E103100,Woman,1999,North,Tier 2,Referral,2024-03-17,Hyderabad,46
E103101,Man,1998,East,Tier 2,Job portal,2024-03-01,Hyderabad,29
E103102,Man,1990,South,Tier 2,Job portal,2024-03-26,Bengaluru,58
E103103,Man,2002,West,Tier 2,Referral,2024-03-23,Hyderabad,37
E103104,Man,2000,East,Tier 2,Agency,2024-03-03,Hyderabad,21
E103105,Man,1998,South,Tier 3,Job portal,2024-03-25,Hyderabad,61
E103106,Woman,1998,South,Tier 3,Agency,2024-03-23,Bengaluru,35
E103107,Woman,2003,South,Tier 3,Agency,2024-03-18,Bengaluru,107
E103108,Woman,2002,East,Tier 1,Referral,2024-03-23,Hyderabad,57
E103109,Woman,2000,North,Tier 3,Referral,2024-03-20,Hyderabad,36
E103110,Man,2000,South,Tier 3,Referral,2024-03-16,Hyderabad,38
E103111,Man,1997,North,Tier 3,Rehire,2024-03-08,Hyderabad,55
E103112,Man,2000,South,Tier 3,Agency,2024-03-22,Bengaluru,55
E103113,Man,1998,West,Tier 2,Job portal,2024-03-21,Bengaluru,34
E103114,Woman,1995,South,Tier 2,Job portal,2024-03-24,Bengaluru,49
E103115,Woman,1996,South,Tier 2,Job portal,2024-03-23,Hyderabad,85
E103116,Woman,1997,South,Tier 3,Job portal,2024-03-16,Hyderabad,34
E103117,Woman,2000,South,Tier 2,Referral,2024-03-20,Bengaluru,71
E103118,Woman,1996,South,Tier 3,Job portal,2024-03-06,Hyderabad,20
E103119,Woman,2003,South,Tier 2,Rehire,2024-03-15,Hyderabad,62
E103120,Woman,2001,South,Tier 1,Job portal,2024-03-04,Hyderabad,50
E103121,Woman,2003,South,Tier 1,Agency,2024-03-19,Bengaluru,39
E103122,Woman,1996,East,Tier 1,Job portal,2024-04-10,Bengaluru,41
E103123,Woman,1994,North,Tier 3,Job portal,2024-04-01,Hyderabad,48
E103124,Man,1999,North,Tier 1,Job portal,2024-04-14,Bengaluru,40
E103125,Man,1996,South,Tier 3,Job portal,2024-04-11,Bengaluru,15
E103126,Man,2001,South,Tier 2,Agency,2024-04-10,Bengaluru,113
E103127,Man,1999,East,Tier 3,Rehire,2024-04-22,Hyderabad,81
E103128,Woman,2003,South,Tier 2,Job portal,2024-04-06,Bengaluru,55
E103129,Man,2003,North,Tier 2,Job portal,2024-04-27,Bengaluru,42
E103130,Man,2002,South,Tier 2,Rehire,2024-04-26,Hyderabad,60
E103131,Man,2000,South,Tier 2,Referral,2024-04-20,Bengaluru,26
E103132,Man,2001,North,Tier 1,Agency,2024-04-08,Hyderabad,27
E103133,Man,1995,North,Tier 2,Referral,2024-04-28,Hyderabad,25
E103134,Man,1998,West,Tier 1,Job portal,2024-04-02,Hyderabad,17
E103135,Man,1995,East,Tier 3,Rehire,2024-04-30,Bengaluru,90
E103136,Man,1999,South,Tier 3,Job portal,2024-04-15,Hyderabad,22
E103137,Man,1999,South,Tier 3,Job portal,2024-04-29,Bengaluru,39
E103138,Woman,1999,North,Tier 3,Referral,2024-04-02,Hyderabad,45
E103139,Man,1997,South,Tier 2,Agency,2024-04-08,Hyderabad,39
E103140,Man,1992,South,Tier 3,Job portal,2024-04-20,Hyderabad,31
E103141,Man,1996,East,Tier 3,Job portal,2024-04-20,Hyderabad,110
E103142,Man,2003,South,Tier 2,Referral,2024-04-01,Hyderabad,26
E103143,Man,1997,South,Tier 1,Referral,2024-04-16,Bengaluru,81
E103144,Woman,1998,Northeast,Tier 3,Referral,2024-04-17,Hyderabad,96
E103145,Man,1987,East,Tier 2,Job portal,2024-04-20,Hyderabad,40
E103146,Woman,1999,West,Tier 2,Agency,2024-04-17,Bengaluru,63
E103147,Woman,2003,Northeast,Tier 2,Job portal,2024-04-03,Bengaluru,24
E103148,Woman,2001,South,Tier 2,Job portal,2024-04-22,Hyderabad,29
E103149,Man,1997,West,Tier 2,Referral,2024-04-28,Hyderabad,71
E103150,Man,1995,North,Tier 2,Job portal,2024-04-17,Bengaluru,72
E103151,Woman,2000,South,Tier 2,Job portal,2024-04-19,Hyderabad,33
E103152,Man,1999,South,Tier 1,Job portal,2024-04-13,Hyderabad,14
E103153,Woman,1995,East,Tier 2,Referral,2024-04-06,Bengaluru,97
E103154,Woman,1992,South,Tier 2,Job portal,2024-04-30,Hyderabad,21
E103155,Man,2000,South,Tier 2,Job portal,2024-04-22,Hyderabad,18
E103156,Man,2000,East,Tier 1,Referral,2024-04-22,Hyderabad,42
E103157,Man,1996,East,Tier 2,Referral,2024-05-04,Bengaluru,76
E103158,Man,1993,North,Tier 3,Rehire,2024-05-09,Hyderabad,95
E103159,Man,2001,South,Tier 2,Agency,2024-05-09,Bengaluru,76
E103160,Woman,2001,North,Tier 2,Agency,2024-05-15,Bengaluru,44
E103161,Man,1992,South,Tier 3,Agency,2024-05-14,Bengaluru,26
E103162,Man,1989,South,Tier 3,Job portal,2024-05-02,Hyderabad,28
E103163,Man,2001,South,Tier 2,Agency,2024-05-20,Hyderabad,24
E103164,Man,1999,South,Tier 3,Agency,2024-05-07,Hyderabad,91
E103165,Man,1998,South,Tier 3,Referral,2024-05-06,Hyderabad,43
E103166,Woman,1996,East,Tier 3,Referral,2024-05-08,Bengaluru,53
E103167,Man,1989,South,Tier 2,Agency,2024-05-08,Hyderabad,32
E103168,Man,2002,South,Tier 2,Job portal,2024-05-21,Hyderabad,36
E103169,Man,2002,South,Tier 3,Rehire,2024-05-08,Hyderabad,37
E103170,Man,1996,North,Tier 3,Referral,2024-05-10,Bengaluru,62
E103171,Man,2003,South,Tier 1,Agency,2024-05-04,Hyderabad,42
E103172,Woman,1997,South,Tier 2,Rehire,2024-05-28,Bengaluru,30
E103173,Man,2001,South,Tier 2,Job portal,2024-05-23,Bengaluru,43
E103174,Man,2000,South,Tier 2,Job portal,2024-05-29,Hyderabad,56
E103175,Man,2003,West,Tier 1,Job portal,2024-05-15,Bengaluru,102
E103176,Man,2003,South,Tier 2,Rehire,2024-05-09,Hyderabad,22
E103177,Man,1996,East,Tier 3,Agency,2024-05-22,Hyderabad,15
E103178,Man,2001,South,Tier 3,Job portal,2024-05-15,Bengaluru,46
E103179,Man,1994,East,Tier 3,Agency,2024-05-09,Bengaluru,58
E103180,Woman,1999,South,Tier 1,Referral,2024-05-06,Hyderabad,44
E103181,Man,1997,South,Tier 2,Agency,2024-05-26,Hyderabad,27
E103182,Man,1998,South,Tier 2,Referral,2024-05-03,Bengaluru,58
E103183,Man,2003,South,Tier 3,Job portal,2024-05-06,Hyderabad,28
E103184,Woman,2002,South,Tier 3,Job portal,2024-06-20,Bengaluru,99
E103185,Man,1995,East,Tier 3,Referral,2024-06-10,Hyderabad,25
E103186,Man,1998,South,Tier 2,Job portal,2024-06-21,Hyderabad,40
E103187,Woman,2002,South,Tier 2,Job portal,2024-06-13,Hyderabad,46
E103188,Man,1992,South,Tier 3,Job portal,2024-06-22,Bengaluru,33
E103189,Woman,1996,South,Tier 2,Agency,2024-06-03,Hyderabad,58
E103190,Man,2003,North,Tier 2,Referral,2024-06-01,Hyderabad,28
E103191,Man,2001,South,Tier 3,Agency,2024-06-21,Bengaluru,43
E103192,Woman,1999,East,Tier 1,Referral,2024-06-07,Bengaluru,42
E103193,Woman,1994,East,Tier 3,Referral,2024-06-24,Bengaluru,18
E103194,Woman,2000,Northeast,Tier 2,Job portal,2024-06-09,Hyderabad,45
E103195,Man,1992,South,Tier 3,Agency,2024-06-08,Hyderabad,39
E103196,Man,1998,South,Tier 3,Job portal,2024-06-01,Hyderabad,46
E103197,Man,1998,East,Tier 1,Job portal,2024-06-21,Hyderabad,56
E103198,Man,1991,South,Tier 3,Referral,2024-06-10,Hyderabad,32
E103199,Man,2002,West,Tier 3,Agency,2024-06-02,Hyderabad,46
E103200,Man,2002,South,Tier 2,Agency,2024-06-30,Bengaluru,23
E103201,Man,1999,South,Tier 2,Agency,2024-06-22,Bengaluru,36
E103202,Man,2003,South,Tier 3,Referral,2024-06-13,Hyderabad,37
E103203,Woman,1996,South,Tier 3,Referral,2024-06-10,Bengaluru,53
E103204,Woman,1999,South,Tier 2,Agency,2024-06-23,Hyderabad,53
E103205,Man,2001,East,Tier 2,Referral,2024-06-01,Bengaluru,80
E103206,Woman,1999,North,Tier 2,Referral,2024-06-27,Hyderabad,65
E103207,Man,1998,South,Tier 3,Referral,2024-06-01,Bengaluru,54
E103208,Man,1997,South,Tier 3,Referral,2024-06-30,Hyderabad,31
E103209,Man,1995,South,Tier 3,Job portal,2024-06-14,Hyderabad,83
E103210,Man,1997,South,Tier 1,Referral,2024-06-10,Hyderabad,45
E103211,Woman,1996,East,Tier 3,Job portal,2024-06-27,Bengaluru,22
E103212,Man,1998,South,Tier 3,Job portal,2024-06-22,Hyderabad,33
E103213,Man,2000,South,Tier 3,Job portal,2024-06-23,Bengaluru,30
E103214,Man,1993,South,Tier 2,Job portal,2024-06-28,Bengaluru,30
E103215,Man,1995,North,Tier 2,Agency,2024-07-01,Bengaluru,79
E103216,Man,1997,South,Tier 1,Agency,2024-07-16,Hyderabad,55
E103217,Man,1995,South,Tier 3,Referral,2024-07-05,Hyderabad,68
E103218,Woman,1998,West,Tier 3,Agency,2024-07-14,Hyderabad,37
E103219,Man,2001,South,Tier 2,Rehire,2024-07-26,Bengaluru,30
E103220,Man,2000,South,Tier 3,Job portal,2024-07-05,Bengaluru,35
E103221,Man,2001,Northeast,Tier 3,Job portal,2024-07-14,Hyderabad,48
E103222,Man,2003,East,Tier 3,Job portal,2024-07-30,Bengaluru,51
E103223,Man,1998,North,Tier 2,Referral,2024-07-17,Bengaluru,54
E103224,Woman,1996,South,Tier 2,Agency,2024-07-31,Hyderabad,46
E103225,Man,1999,North,Tier 2,Referral,2024-07-30,Bengaluru,51
E103226,Man,2002,East,Tier 3,Referral,2024-07-18,Bengaluru,28
E103227,Man,1999,East,Tier 2,Job portal,2024-07-14,Hyderabad,48
E103228,Man,2002,East,Tier 2,Referral,2024-07-29,Hyderabad,31
E103229,Man,2001,East,Tier 2,Job portal,2024-07-22,Hyderabad,42
E103230,Man,1988,East,Tier 3,Agency,2024-07-15,Bengaluru,97
E103231,Woman,2002,South,Tier 2,Referral,2024-07-07,Hyderabad,89
E103232,Man,1995,East,Tier 3,Referral,2024-07-03,Bengaluru,15
E103233,Man,1999,East,Tier 3,Agency,2024-07-15,Bengaluru,21
E103234,Woman,2001,West,Tier 2,Job portal,2024-07-04,Bengaluru,92
E103235,Woman,1994,West,Tier 3,Referral,2024-07-26,Hyderabad,19
E103236,Man,2003,East,Tier 3,Campus,2024-08-09,Bengaluru,66
E103237,Non-binary,2000,South,Tier 3,Campus,2024-08-10,Hyderabad,32
E103238,Man,2001,East,Tier 2,Campus,2024-08-01,Hyderabad,32
E103239,Man,2002,South,Tier 3,Campus,2024-08-12,Bengaluru,21
E103240,Man,2002,South,Tier 2,Campus,2024-08-17,Bengaluru,21
E103241,Woman,2001,East,Tier 2,Campus,2024-08-02,Hyderabad,52
E103242,Man,2003,South,Tier 2,Campus,2024-08-15,Hyderabad,23
E103243,Man,2002,North,Tier 2,Campus,2024-08-20,Hyderabad,34
E103244,Man,2003,South,Tier 3,Campus,2024-08-18,Hyderabad,45
E103245,Woman,2001,South,Tier 2,Campus,2024-08-07,Bengaluru,58
E103246,Woman,2000,South,Tier 3,Campus,2024-08-19,Hyderabad,11
E103247,Man,2001,South,Tier 3,Campus,2024-08-08,Hyderabad,34
E103248,Woman,2003,South,Tier 3,Campus,2024-08-02,Bengaluru,24
E103249,Woman,2002,East,Tier 3,Campus,2024-08-20,Hyderabad,46
E103250,Woman,2002,North,Tier 1,Campus,2024-08-09,Bengaluru,53
E103251,Man,2003,Northeast,Tier 3,Campus,2024-08-20,Bengaluru,62
E103252,Woman,2002,South,Tier 3,Campus,2024-08-15,Hyderabad,65
E103253,Man,2001,South,Tier 3,Campus,2024-08-10,Hyderabad,28
E103254,Man,2003,Northeast,Tier 3,Campus,2024-08-10,Bengaluru,76
E103255,Woman,2003,Northeast,Tier 2,Campus,2024-08-09,Hyderabad,26
E103256,Man,2003,South,Tier 2,Campus,2024-08-01,Hyderabad,42
E103257,Woman,2000,South,Tier 2,Campus,2024-08-03,Hyderabad,114
E103258,Woman,2003,South,Tier 3,Campus,2024-08-11,Hyderabad,34
E103259,Man,2003,South,Tier 2,Campus,2024-08-07,Hyderabad,36
E103260,Man,2003,South,Tier 2,Campus,2024-08-08,Bengaluru,47
E103261,Man,2002,North,Tier 2,Campus,2024-08-16,Hyderabad,31
E103262,Woman,2003,South,Tier 3,Campus,2024-08-12,Hyderabad,42
E103263,Woman,2000,Northeast,Tier 1,Campus,2024-08-05,Hyderabad,60
E103264,Man,2001,West,Tier 2,Campus,2024-08-03,Hyderabad,49
E103265,Woman,2003,East,Tier 2,Campus,2024-08-13,Bengaluru,59
E103266,Man,2003,South,Tier 2,Campus,2024-08-10,Bengaluru,62
E103267,Man,2001,North,Tier 2,Campus,2024-08-10,Hyderabad,45
E103268,Woman,2001,South,Tier 3,Campus,2024-08-17,Hyderabad,20
E103269,Man,2003,West,Tier 2,Campus,2024-08-01,Hyderabad,57
E103270,Woman,2003,East,Tier 3,Campus,2024-08-06,Hyderabad,30
E103271,Woman,2001,South,Tier 3,Campus,2024-08-10,Hyderabad,25
E103272,Man,2002,South,Tier 2,Campus,2024-08-10,Hyderabad,24
E103273,Man,2001,Northeast,Tier 2,Campus,2024-08-20,Hyderabad,33
E103274,Man,2000,North,Tier 3,Campus,2024-08-13,Hyderabad,45
E103275,Woman,2003,South,Tier 3,Campus,2024-08-20,Bengaluru,55
E103276,Man,2002,South,Tier 2,Campus,2024-08-08,Hyderabad,150
E103277,Woman,2003,North,Tier 3,Campus,2024-08-16,Hyderabad,59
E103278,Woman,2001,West,Tier 3,Campus,2024-08-19,Hyderabad,39
E103279,Man,2002,North,Tier 3,Campus,2024-08-06,Hyderabad,31
E103280,Woman,2001,South,Tier 2,Campus,2024-08-16,Bengaluru,59
E103281,Woman,2001,South,Tier 3,Campus,2024-08-10,Hyderabad,52
E103282,Man,2000,South,Tier 2,Campus,2024-08-08,Hyderabad,60
E103283,Woman,2003,East,Tier 3,Campus,2024-08-04,Bengaluru,24
E103284,Woman,2003,South,Tier 1,Campus,2024-08-08,Bengaluru,38
E103285,Man,2002,South,Tier 1,Campus,2024-08-17,Hyderabad,62
E103286,Man,2002,Northeast,Tier 3,Campus,2024-08-01,Bengaluru,95
E103287,Woman,2001,South,Tier 2,Campus,2024-08-04,Hyderabad,56
E103288,Man,1999,South,Tier 3,Campus,2024-08-07,Bengaluru,33
E103289,Woman,2001,Northeast,Tier 3,Campus,2024-08-07,Hyderabad,68
E103290,Man,2002,South,Tier 2,Campus,2024-08-07,Hyderabad,16
E103291,Woman,2003,West,Tier 2,Campus,2024-08-17,Hyderabad,36
E103292,Man,2003,South,Tier 2,Campus,2024-08-02,Hyderabad,80
E103293,Woman,2003,South,Tier 3,Campus,2024-08-13,Hyderabad,22
E103294,Woman,2001,South,Tier 2,Campus,2024-08-08,Hyderabad,22
E103295,Man,2002,North,Tier 2,Campus,2024-08-01,Bengaluru,44
E103296,Woman,2003,East,Tier 2,Campus,2024-08-03,Hyderabad,91
E103297,Man,2001,South,Tier 2,Campus,2024-08-03,Hyderabad,135
E103298,Woman,2003,South,Tier 3,Campus,2024-08-03,Bengaluru,84
E103299,Man,2003,West,Tier 2,Campus,2024-08-06,Bengaluru,65
E103300,Woman,2003,South,Tier 3,Campus,2024-08-02,Bengaluru,42
E103301,Woman,2002,North,Tier 3,Campus,2024-08-07,Hyderabad,18
E103302,Man,2001,East,Tier 2,Campus,2024-08-07,Hyderabad,34
E103303,Woman,2003,North,Tier 2,Campus,2024-08-04,Bengaluru,40
E103304,Woman,2002,West,Tier 3,Campus,2024-08-06,Bengaluru,101
E103305,Woman,2002,East,Tier 3,Campus,2024-08-02,Bengaluru,53
E103306,Woman,2003,West,Tier 3,Campus,2024-08-15,Hyderabad,29
E103307,Man,2002,South,Tier 2,Campus,2024-08-09,Hyderabad,13
E103308,Man,2001,West,Tier 3,Campus,2024-08-15,Hyderabad,47
E103309,Woman,2002,South,Tier 3,Campus,2024-08-16,Hyderabad,65
E103310,Man,2003,South,Tier 2,Campus,2024-08-13,Hyderabad,54
E103311,Man,2002,South,Tier 2,Campus,2024-08-07,Hyderabad,41
E103312,Man,2000,West,Tier 3,Campus,2024-08-17,Hyderabad,35
E103313,Man,2000,East,Tier 2,Campus,2024-08-02,Hyderabad,27
E103314,Man,2003,South,Tier 2,Campus,2024-08-05,Hyderabad,46
E103315,Man,2003,East,Tier 2,Campus,2024-08-17,Bengaluru,48
E103316,Man,2002,South,Tier 2,Campus,2024-08-05,Hyderabad,46
E103317,Woman,2003,South,Tier 1,Campus,2024-08-04,Hyderabad,71
E103318,Man,2001,North,Tier 1,Campus,2024-08-18,Bengaluru,32
E103319,Man,2002,South,Tier 3,Campus,2024-08-03,Bengaluru,22
E103320,Woman,2000,South,Tier 3,Campus,2024-08-06,Hyderabad,53
E103321,Man,2003,West,Tier 2,Campus,2024-08-15,Hyderabad,31
E103322,Man,2003,Northeast,Tier 3,Campus,2024-08-19,Hyderabad,17
E103323,Man,2002,East,Tier 2,Campus,2024-08-14,Bengaluru,42
E103324,Man,1998,South,Tier 2,Campus,2024-08-11,Bengaluru,53
E103325,Man,2001,West,Tier 2,Campus,2024-08-10,Hyderabad,36
E103326,Man,2000,East,Tier 2,Campus,2024-08-02,Bengaluru,39
E103327,Man,2002,South,Tier 3,Campus,2024-08-01,Bengaluru,67
E103328,Woman,2000,South,Tier 3,Campus,2024-08-08,Bengaluru,81
E103329,Woman,2001,South,Tier 2,Campus,2024-08-01,Hyderabad,47
E103330,Man,2001,Northeast,Tier 3,Campus,2024-08-15,Hyderabad,41
E103331,Man,2001,Northeast,Tier 2,Campus,2024-08-12,Bengaluru,109
E103332,Woman,2001,South,Tier 2,Campus,2024-08-13,Hyderabad,29
E103333,Woman,2001,East,Tier 2,Campus,2024-08-06,Hyderabad,27
E103334,Man,2003,South,Tier 2,Campus,2024-08-15,Bengaluru,22
E103335,Man,2003,South,Tier 1,Campus,2024-08-18,Bengaluru,65
E103336,Man,2001,South,Tier 3,Campus,2024-08-13,Hyderabad,42
E103337,Man,2001,South,Tier 2,Campus,2024-08-20,Bengaluru,39
E103338,Man,2000,West,Tier 2,Campus,2024-08-10,Bengaluru,66
E103339,Man,2002,East,Tier 1,Campus,2024-08-17,Bengaluru,30
E103340,Man,2003,South,Tier 1,Campus,2024-08-04,Bengaluru,50
E103341,Woman,2002,South,Tier 2,Campus,2024-08-13,Hyderabad,28
E103342,Man,2002,North,Tier 2,Campus,2024-08-01,Hyderabad,32
E103343,Man,2001,North,Tier 2,Campus,2024-08-07,Bengaluru,74
E103344,Non-binary,2002,East,Tier 2,Campus,2024-08-16,Hyderabad,17
E103345,Man,2002,East,Tier 2,Campus,2024-08-10,Hyderabad,96
E103346,Man,2003,South,Tier 3,Campus,2024-08-20,Bengaluru,149
E103347,Man,2002,South,Tier 2,Campus,2024-08-13,Bengaluru,45
E103348,Man,2001,South,Tier 3,Campus,2024-08-14,Bengaluru,38
E103349,Man,2003,Northeast,Tier 3,Campus,2024-08-03,Hyderabad,41
E103350,Man,1999,South,Tier 1,Campus,2024-08-19,Bengaluru,65
E103351,Woman,2001,North,Tier 3,Campus,2024-08-12,Hyderabad,66
E103352,Woman,2002,West,Tier 2,Campus,2024-08-13,Hyderabad,35
E103353,Man,2002,West,Tier 2,Campus,2024-08-07,Hyderabad,104
E103354,Woman,2003,South,Tier 2,Campus,2024-08-13,Hyderabad,36
E103355,Man,2002,South,Tier 2,Campus,2024-08-05,Bengaluru,35
E103356,Woman,2003,South,Tier 2,Campus,2024-08-06,Bengaluru,49
E103357,Man,2003,East,Tier 3,Campus,2024-08-02,Bengaluru,32
E103358,Man,2003,South,Tier 3,Campus,2024-08-07,Hyderabad,35
E103359,Woman,2002,North,Tier 2,Campus,2024-08-19,Bengaluru,73
E103360,Woman,2003,South,Tier 3,Campus,2024-08-15,Hyderabad,24
E103361,Man,2003,South,Tier 3,Campus,2024-08-01,Bengaluru,34
E103362,Woman,2001,South,Tier 3,Campus,2024-08-03,Hyderabad,39
E103363,Man,2001,South,Tier 1,Campus,2024-08-06,Bengaluru,78
E103364,Man,2001,South,Tier 2,Campus,2024-08-12,Hyderabad,17
E103365,Woman,2001,Northeast,Tier 3,Campus,2024-08-20,Hyderabad,23
E103366,Man,2002,South,Tier 3,Campus,2024-08-12,Hyderabad,74
E103367,Man,2001,South,Tier 3,Campus,2024-08-05,Bengaluru,107
E103368,Man,2003,East,Tier 2,Campus,2024-08-04,Bengaluru,46
E103369,Woman,2003,South,Tier 3,Campus,2024-08-05,Bengaluru,54
E103370,Woman,2002,West,Tier 3,Campus,2024-08-16,Bengaluru,52
E103371,Woman,2002,East,Tier 3,Campus,2024-08-16,Hyderabad,56
E103372,Man,2003,East,Tier 1,Campus,2024-08-01,Hyderabad,37
E103373,Man,2002,Northeast,Tier 2,Campus,2024-08-07,Hyderabad,38
E103374,Woman,2002,South,Tier 1,Campus,2024-08-06,Hyderabad,31
E103375,Man,2000,South,Tier 2,Campus,2024-08-03,Hyderabad,24
E103376,Man,2003,South,Tier 3,Campus,2024-08-19,Bengaluru,41
E103377,Woman,2001,South,Tier 3,Campus,2024-08-06,Hyderabad,31
E103378,Man,2003,East,Tier 3,Campus,2024-08-13,Hyderabad,46
E103379,Man,2001,South,Tier 2,Campus,2024-08-04,Hyderabad,72
E103380,Man,2000,South,Tier 3,Campus,2024-08-19,Bengaluru,36
E103381,Man,2003,North,Tier 3,Campus,2024-08-11,Hyderabad,30
E103382,Woman,2003,East,Tier 1,Campus,2024-08-05,Hyderabad,29
E103383,Woman,2003,South,Tier 2,Campus,2024-08-15,Hyderabad,58
E103384,Man,2000,South,Tier 3,Campus,2024-08-11,Hyderabad,62
E103385,Man,2003,South,Tier 3,Campus,2024-08-07,Hyderabad,28
E103386,Man,2002,West,Tier 3,Campus,2024-08-14,Bengaluru,63
E103387,Man,2002,South,Tier 2,Campus,2024-08-15,Hyderabad,88
E103388,Man,2001,North,Tier 2,Campus,2024-08-13,Bengaluru,35
E103389,Man,1999,South,Tier 3,Campus,2024-08-07,Bengaluru,37
E103390,Man,2000,South,Tier 3,Campus,2024-08-04,Hyderabad,35
E103391,Woman,2002,South,Tier 2,Campus,2024-08-13,Hyderabad,36
E103392,Man,2002,East,Tier 2,Campus,2024-08-11,Bengaluru,26
E103393,Woman,2001,South,Tier 3,Campus,2024-08-14,Bengaluru,69
E103394,Woman,2003,South,Tier 2,Campus,2024-08-17,Hyderabad,40
E103395,Woman,2003,South,Tier 3,Campus,2024-08-14,Hyderabad,46
E103396,Man,2002,West,Tier 2,Campus,2024-08-05,Bengaluru,37
E103397,Man,2002,West,Tier 3,Campus,2024-08-01,Hyderabad,60
E103398,Woman,2003,South,Tier 2,Campus,2024-08-15,Hyderabad,37
E103399,Woman,2001,North,Tier 2,Campus,2024-08-05,Bengaluru,44
E103400,Woman,1999,North,Tier 3,Campus,2024-08-11,Hyderabad,93
E103401,Woman,2003,South,Tier 3,Campus,2024-08-06,Hyderabad,28
E103402,Woman,2003,South,Tier 3,Campus,2024-08-10,Hyderabad,52
E103403,Woman,2003,East,Tier 2,Campus,2024-08-03,Bengaluru,45
E103404,Woman,2003,North,Tier 2,Campus,2024-08-01,Hyderabad,44
E103405,Man,2001,South,Tier 3,Campus,2024-08-11,Bengaluru,86
E103406,Woman,2002,South,Tier 3,Campus,2024-08-10,Bengaluru,126
E103407,Man,2003,South,Tier 3,Campus,2024-08-09,Hyderabad,20
E103408,Man,2003,East,Tier 2,Campus,2024-08-01,Hyderabad,24
E103409,Woman,2001,South,Tier 3,Campus,2024-08-13,Hyderabad,65
E103410,Man,2002,Northeast,Tier 2,Campus,2024-08-04,Bengaluru,35
E103411,Man,2002,West,Tier 1,Campus,2024-08-13,Hyderabad,53
E103412,Man,2003,North,Tier 2,Campus,2024-08-01,Hyderabad,23
E103413,Woman,2003,East,Tier 1,Campus,2024-08-07,Hyderabad,59
E103414,Man,2002,South,Tier 3,Campus,2024-08-12,Hyderabad,100
E103415,Man,2001,West,Tier 3,Campus,2024-08-16,Hyderabad,40
E103416,Woman,2003,North,Tier 3,Campus,2024-08-16,Hyderabad,35
E103417,Man,2003,South,Tier 1,Campus,2024-08-02,Bengaluru,56
E103418,Woman,2002,East,Tier 3,Campus,2024-08-02,Bengaluru,26
E103419,Man,1999,North,Tier 3,Campus,2024-08-04,Bengaluru,113
E103420,Woman,2003,South,Tier 1,Campus,2024-08-01,Hyderabad,98
E103421,Man,2002,South,Tier 3,Campus,2024-08-15,Hyderabad,58
E103422,Man,2001,West,Tier 2,Campus,2024-08-08,Bengaluru,30
E103423,Man,2000,North,Tier 2,Campus,2024-08-10,Hyderabad,30
E103424,Woman,2003,South,Tier 3,Campus,2024-08-08,Hyderabad,56
E103425,Man,2003,Northeast,Tier 3,Campus,2024-08-10,Hyderabad,59
E103426,Woman,2001,East,Tier 3,Campus,2024-08-13,Hyderabad,31
E103427,Man,2003,East,Tier 2,Campus,2024-08-03,Bengaluru,75
E103428,Woman,2003,South,Tier 3,Campus,2024-08-13,Hyderabad,26
E103429,Woman,2002,South,Tier 2,Campus,2024-08-05,Bengaluru,33
E103430,Woman,2002,North,Tier 1,Campus,2024-08-08,Bengaluru,78
E103431,Man,1999,North,Tier 3,Campus,2024-08-04,Hyderabad,35
E103432,Man,2002,North,Tier 1,Campus,2024-08-08,Bengaluru,81
E103433,Man,2002,South,Tier 3,Campus,2024-08-01,Bengaluru,36
E103434,Woman,1997,North,Tier 2,Referral,2024-08-28,Hyderabad,32
E103435,Woman,1998,South,Tier 1,Referral,2024-08-26,Hyderabad,69
E103436,Man,1994,South,Tier 2,Referral,2024-08-20,Hyderabad,42
E103437,Man,2000,North,Tier 2,Referral,2024-08-30,Bengaluru,48
E103438,Woman,1992,South,Tier 2,Referral,2024-08-18,Hyderabad,47
E103439,Man,1998,Northeast,Tier 3,Job portal,2024-08-10,Bengaluru,100
E103440,Woman,2003,South,Tier 2,Referral,2024-08-26,Hyderabad,50
E103441,Man,2003,West,Tier 2,Job portal,2024-08-02,Hyderabad,64
E103442,Man,1998,East,Tier 2,Rehire,2024-08-13,Hyderabad,28
E103443,Man,1997,West,Tier 1,Job portal,2024-08-22,Bengaluru,37
E103444,Woman,1998,Northeast,Tier 2,Referral,2024-08-24,Hyderabad,50
E103445,Woman,2001,South,Tier 3,Job portal,2024-08-13,Hyderabad,35
E103446,Woman,2000,South,Tier 1,Referral,2024-08-13,Hyderabad,25
E103447,Woman,2003,South,Tier 1,Referral,2024-08-29,Hyderabad,52
E103448,Man,1998,South,Tier 3,Job portal,2024-08-10,Hyderabad,82
E103449,Man,2003,East,Tier 3,Job portal,2024-08-30,Bengaluru,47
E103450,Woman,1996,South,Tier 3,Agency,2024-08-18,Bengaluru,83
E103451,Man,2002,South,Tier 2,Referral,2024-08-09,Hyderabad,74
E103452,Man,2001,South,Tier 2,Referral,2024-08-23,Hyderabad,18
E103453,Woman,2000,South,Tier 2,Job portal,2024-08-17,Hyderabad,31
E103454,Woman,2001,South,Tier 2,Referral,2024-08-12,Hyderabad,54
E103455,Man,1997,West,Tier 2,Job portal,2024-08-13,Hyderabad,47
E103456,Man,1995,North,Tier 2,Agency,2024-08-04,Bengaluru,45
E103457,Man,1994,South,Tier 2,Job portal,2024-08-12,Hyderabad,90
E103458,Woman,2002,South,Tier 1,Job portal,2024-08-02,Bengaluru,42
E103459,Man,2002,South,Tier 2,Agency,2024-08-01,Bengaluru,80
E103460,Man,1988,West,Tier 2,Referral,2024-08-30,Hyderabad,49
E103461,Man,2002,East,Tier 2,Referral,2024-08-21,Bengaluru,60
E103462,Woman,2001,South,Tier 2,Job portal,2024-08-22,Hyderabad,36
E103463,Woman,2002,North,Tier 2,Job portal,2024-08-07,Bengaluru,107
E103464,Woman,1995,South,Tier 1,Agency,2024-08-06,Hyderabad,27
E103465,Woman,1996,East,Tier 2,Referral,2024-08-23,Hyderabad,30
E103466,Man,1992,South,Tier 3,Job portal,2024-09-04,Bengaluru,66
E103467,Man,2001,South,Tier 3,Agency,2024-09-01,Hyderabad,33
E103468,Woman,1996,East,Tier 3,Job portal,2024-09-08,Hyderabad,40
E103469,Woman,1998,South,Tier 3,Referral,2024-09-11,Bengaluru,54
E103470,Woman,2000,South,Tier 2,Agency,2024-09-09,Bengaluru,55
E103471,Man,2002,South,Tier 3,Referral,2024-09-30,Hyderabad,47
E103472,Man,2002,North,Tier 1,Agency,2024-09-12,Bengaluru,73
E103473,Woman,2002,South,Tier 3,Referral,2024-09-19,Hyderabad,43
E103474,Man,1998,North,Tier 3,Job portal,2024-09-11,Bengaluru,54
E103475,Man,1996,South,Tier 3,Referral,2024-09-10,Hyderabad,50
E103476,Woman,2003,South,Tier 3,Referral,2024-09-04,Hyderabad,59
E103477,Woman,2003,Northeast,Tier 3,Agency,2024-09-25,Hyderabad,36
E103478,Man,1999,South,Tier 2,Referral,2024-09-08,Hyderabad,33
E103479,Man,2001,South,Tier 2,Agency,2024-09-07,Hyderabad,13
E103480,Woman,2003,East,Tier 2,Job portal,2024-09-15,Bengaluru,30
E103481,Woman,2001,South,Tier 2,Referral,2024-09-10,Bengaluru,28
E103482,Man,1999,South,Tier 3,Job portal,2024-09-19,Bengaluru,125
E103483,Man,2001,South,Tier 3,Referral,2024-09-17,Hyderabad,48
E103484,Man,2002,East,Tier 2,Job portal,2024-09-10,Hyderabad,32
E103485,Woman,2000,South,Tier 2,Agency,2024-09-17,Hyderabad,29
E103486,Woman,1997,West,Tier 3,Referral,2024-09-17,Hyderabad,19
E103487,Man,2000,South,Tier 2,Agency,2024-09-24,Bengaluru,53
E103488,Man,1994,South,Tier 2,Job portal,2024-09-01,Hyderabad,46
E103489,Woman,2000,West,Tier 2,Referral,2024-09-28,Hyderabad,33
E103490,Woman,2001,South,Tier 2,Referral,2024-09-27,Hyderabad,35
E103491,Man,2003,North,Tier 2,Referral,2024-09-18,Bengaluru,72
E103492,Man,1998,South,Tier 2,Referral,2024-09-16,Bengaluru,42
E103493,Woman,2000,South,Tier 2,Rehire,2024-09-12,Bengaluru,42
E103494,Man,1991,West,Tier 3,Agency,2024-10-02,Bengaluru,88
E103495,Man,1985,East,Tier 3,Referral,2024-10-28,Hyderabad,140
E103496,Man,1998,South,Tier 3,Referral,2024-10-21,Hyderabad,37
E103497,Man,1995,South,Tier 3,Agency,2024-10-05,Bengaluru,94
E103498,Man,1995,West,Tier 2,Referral,2024-10-17,Hyderabad,28
E103499,Man,2002,Northeast,Tier 3,Job portal,2024-10-10,Hyderabad,32
E103500,Man,1993,South,Tier 3,Job portal,2024-10-28,Hyderabad,43
E103501,Man,2000,East,Tier 1,Agency,2024-10-28,Bengaluru,101
E103502,Man,1997,North,Tier 2,Referral,2024-10-14,Hyderabad,28
E103503,Man,1999,South,Tier 3,Job portal,2024-10-13,Hyderabad,60
E103504,Man,1999,South,Tier 1,Referral,2024-10-25,Hyderabad,120
E103505,Man,2001,North,Tier 2,Job portal,2024-10-12,Hyderabad,24
E103506,Man,1997,East,Tier 1,Referral,2024-10-24,Hyderabad,33
E103507,Woman,2002,North,Tier 2,Agency,2024-10-06,Hyderabad,32
E103508,Man,2003,South,Tier 2,Referral,2024-10-23,Bengaluru,97
E103509,Man,1998,North,Tier 3,Referral,2024-10-30,Bengaluru,50
E103510,Man,1998,South,Tier 3,Referral,2024-10-21,Bengaluru,24
E103511,Man,2000,South,Tier 2,Job portal,2024-10-22,Hyderabad,53
E103512,Woman,1999,South,Tier 3,Rehire,2024-10-08,Bengaluru,99
E103513,Man,1991,South,Tier 1,Agency,2024-10-27,Hyderabad,47
E103514,Woman,1999,East,Tier 2,Referral,2024-10-09,Hyderabad,20
E103515,Man,2001,South,Tier 3,Job portal,2024-10-29,Hyderabad,16
E103516,Woman,1999,East,Tier 2,Job portal,2024-10-29,Hyderabad,45
E103517,Man,2003,South,Tier 3,Rehire,2024-10-25,Bengaluru,78
E103518,Man,1997,North,Tier 1,Agency,2024-10-26,Bengaluru,36
E103519,Man,1994,South,Tier 2,Job portal,2024-11-07,Hyderabad,46
E103520,Man,1992,East,Tier 3,Referral,2024-11-17,Hyderabad,94
E103521,Man,1997,South,Tier 2,Referral,2024-11-18,Hyderabad,24
E103522,Man,1996,West,Tier 3,Referral,2024-11-22,Bengaluru,17
E103523,Man,1998,North,Tier 3,Referral,2024-11-01,Hyderabad,26
E103524,Man,1997,South,Tier 2,Job portal,2024-11-16,Bengaluru,42
E103525,Woman,1998,South,Tier 3,Referral,2024-11-15,Hyderabad,24
E103526,Man,1998,North,Tier 2,Agency,2024-11-01,Bengaluru,41
E103527,Man,1987,South,Tier 3,Job portal,2024-11-21,Hyderabad,31
E103528,Man,1997,South,Tier 3,Job portal,2024-11-11,Hyderabad,33
E103529,Man,1997,West,Tier 2,Agency,2024-11-03,Bengaluru,62
E103530,Man,1992,West,Tier 3,Referral,2024-11-09,Hyderabad,21
E103531,Man,2001,South,Tier 2,Job portal,2024-11-30,Bengaluru,49
E103532,Man,2000,West,Tier 2,Agency,2024-11-15,Hyderabad,72
E103533,Woman,2003,Northeast,Tier 3,Referral,2024-11-18,Bengaluru,37
E103534,Man,1996,South,Tier 1,Referral,2024-11-05,Hyderabad,50
E103535,Man,2001,South,Tier 2,Job portal,2024-11-13,Bengaluru,52
E103536,Man,1999,East,Tier 3,Job portal,2024-11-01,Hyderabad,35
E103537,Man,1999,North,Tier 2,Referral,2024-11-16,Bengaluru,42
E103538,Man,2002,South,Tier 2,Referral,2024-11-09,Hyderabad,19
E103539,Man,1999,South,Tier 2,Referral,2024-11-11,Hyderabad,59
E103540,Woman,2003,Northeast,Tier 1,Job portal,2024-11-16,Hyderabad,37
E103541,Woman,2003,South,Tier 3,Referral,2024-11-22,Bengaluru,39
E103542,Woman,2001,South,Tier 3,Job portal,2024-11-30,Hyderabad,26
E103543,Woman,1996,South,Tier 3,Referral,2024-11-17,Hyderabad,39
E103544,Man,2003,West,Tier 2,Job portal,2024-11-13,Bengaluru,74
E103545,Woman,2002,South,Tier 3,Referral,2024-11-04,Bengaluru,37
E103546,Woman,1998,South,Tier 3,Referral,2024-11-02,Hyderabad,62
E103547,Man,2001,East,Tier 2,Job portal,2024-11-22,Hyderabad,43
E103548,Woman,2003,North,Tier 3,Job portal,2024-11-04,Hyderabad,21
E103549,Man,1999,North,Tier 2,Job portal,2024-11-19,Bengaluru,23
E103550,Man,2000,North,Tier 1,Referral,2024-11-07,Hyderabad,45
E103551,Man,1994,East,Tier 2,Referral,2024-11-29,Hyderabad,81
E103552,Man,2002,South,Tier 3,Job portal,2024-11-23,Hyderabad,23
E103553,Woman,2002,South,Tier 3,Referral,2024-11-27,Bengaluru,50
E103554,Man,1991,West,Tier 2,Job portal,2024-12-10,Hyderabad,22
E103555,Woman,2000,South,Tier 3,Referral,2024-12-15,Bengaluru,56
E103556,Man,1995,South,Tier 3,Referral,2024-12-05,Hyderabad,47
E103557,Woman,2002,South,Tier 2,Job portal,2024-12-22,Hyderabad,132
E103558,Man,1999,South,Tier 3,Referral,2024-12-23,Bengaluru,86
E103559,Man,1996,South,Tier 2,Job portal,2024-12-10,Bengaluru,64
E103560,Man,1999,North,Tier 2,Rehire,2024-12-30,Hyderabad,31
E103561,Man,1990,South,Tier 3,Job portal,2024-12-14,Hyderabad,41
E103562,Man,1996,South,Tier 3,Job portal,2024-12-08,Bengaluru,18
E103563,Woman,2002,South,Tier 2,Referral,2024-12-02,Hyderabad,37
E103564,Man,2001,Northeast,Tier 2,Referral,2024-12-08,Hyderabad,72
E103565,Man,2003,South,Tier 2,Agency,2024-12-07,Hyderabad,35
E103566,Woman,1995,East,Tier 2,Job portal,2024-12-21,Hyderabad,31
E103567,Man,1997,East,Tier 3,Job portal,2024-12-31,Bengaluru,66
E103568,Man,2003,North,Tier 3,Referral,2024-12-26,Bengaluru,42
E103569,Man,2001,South,Tier 3,Agency,2024-12-03,Hyderabad,49
E103570,Man,2001,South,Tier 1,Job portal,2024-12-01,Hyderabad,47
E103571,Woman,2003,South,Tier 3,Job portal,2024-12-18,Bengaluru,34
E103572,Man,2000,North,Tier 2,Referral,2024-12-06,Hyderabad,32
E103573,Woman,1999,South,Tier 3,Referral,2024-12-03,Hyderabad,25
E103574,Man,2003,South,Tier 2,Job portal,2024-12-05,Hyderabad,29
E103575,Man,2001,South,Tier 3,Job portal,2024-12-13,Hyderabad,150
E103576,Man,1997,North,Tier 3,Job portal,2024-12-31,Hyderabad,60
E103577,Man,1994,West,Tier 3,Job portal,2024-12-20,Hyderabad,51
E103578,Man,2001,East,Tier 1,Referral,2024-12-07,Hyderabad,77
E103579,Man,2003,South,Tier 3,Referral,2024-12-12,Bengaluru,76
E103580,Woman,2001,North,Tier 2,Agency,2024-12-27,Bengaluru,82
E103581,Man,2000,East,Tier 3,Job portal,2024-12-29,Bengaluru,87
E103582,Woman,1997,West,Tier 3,Rehire,2024-12-30,Bengaluru,94
E103583,Woman,1999,South,Tier 2,Job portal,2024-12-11,Hyderabad,31
E103584,Woman,1996,South,Tier 2,Job portal,2024-12-24,Hyderabad,97
E103585,Man,1995,East,Tier 3,Referral,2024-12-24,Bengaluru,51
E103586,Man,2000,South,Tier 2,Job portal,2024-12-22,Bengaluru,45
E103587,Man,1998,South,Tier 1,Referral,2024-12-26,Hyderabad,34
E103588,Man,1998,North,Tier 1,Job portal,2024-12-28,Bengaluru,87
E103589,Man,2001,South,Tier 2,Referral,2024-12-11,Hyderabad,46
E103590,Man,1998,South,Tier 2,Referral,2024-12-19,Bengaluru,92
E103591,Man,2000,West,Tier 3,Referral,2024-12-30,Bengaluru,41
E103592,Man,2003,South,Tier 1,Job portal,2024-12-01,Hyderabad,56
E103593,Man,2003,North,Tier 2,Agency,2024-12-24,Hyderabad,23
E103594,Woman,1994,East,Tier 3,Job portal,2024-12-22,Hyderabad,37
E103595,Man,2000,East,Tier 3,Referral,2024-12-27,Hyderabad,27
E103596,Man,1999,South,Tier 2,Job portal,2024-12-25,Bengaluru,58
E103597,Woman,2001,South,Tier 3,Rehire,2024-12-18,Bengaluru,23
E103598,Man,1993,North,Tier 1,Referral,2025-01-21,Hyderabad,91
E103599,Man,1995,Northeast,Tier 2,Agency,2025-01-02,Bengaluru,102
E103600,Man,2003,North,Tier 2,Referral,2025-01-05,Bengaluru,98
E103601,Man,1993,East,Tier 3,Referral,2025-01-07,Hyderabad,32
E103602,Woman,1996,South,Tier 3,Agency,2025-01-08,Bengaluru,34
E103603,Man,2000,East,Tier 2,Job portal,2025-01-02,Bengaluru,58
E103604,Woman,2001,South,Tier 2,Job portal,2025-01-04,Bengaluru,42
E103605,Man,1999,West,Tier 2,Job portal,2025-01-21,Hyderabad,39
E103606,Woman,2000,West,Tier 3,Referral,2025-01-22,Bengaluru,73
E103607,Woman,1996,South,Tier 2,Referral,2025-01-31,Bengaluru,45
E103608,Man,2001,North,Tier 2,Agency,2025-01-03,Hyderabad,28
E103609,Man,1993,East,Tier 3,Job portal,2025-01-17,Bengaluru,123
E103610,Man,2004,East,Tier 3,Referral,2025-01-07,Bengaluru,55
E103611,Man,1997,South,Tier 3,Job portal,2025-01-28,Bengaluru,59
E103612,Woman,2004,South,Tier 2,Agency,2025-01-21,Bengaluru,32
E103613,Man,2002,Northeast,Tier 2,Job portal,2025-01-23,Hyderabad,31
E103614,Man,2002,South,Tier 3,Agency,2025-01-31,Bengaluru,48
E103615,Man,1999,East,Tier 2,Referral,2025-02-01,Bengaluru,50
E103616,Woman,2002,South,Tier 3,Referral,2025-02-22,Hyderabad,19
E103617,Man,1996,Northeast,Tier 1,Job portal,2025-02-21,Hyderabad,22
E103618,Woman,2003,East,Tier 2,Agency,2025-02-08,Hyderabad,21
E103619,Woman,1999,South,Tier 2,Job portal,2025-02-04,Hyderabad,47
E103620,Man,1996,East,Tier 1,Referral,2025-02-03,Bengaluru,106
E103621,Man,2000,North,Tier 2,Referral,2025-02-08,Hyderabad,30
E103622,Man,2001,South,Tier 2,Referral,2025-02-22,Bengaluru,65
E103623,Woman,2004,South,Tier 2,Job portal,2025-02-08,Hyderabad,22
E103624,Woman,1994,South,Tier 3,Referral,2025-02-24,Hyderabad,29
E103625,Man,2001,South,Tier 3,Job portal,2025-02-12,Bengaluru,28
E103626,Man,1996,West,Tier 1,Job portal,2025-02-05,Bengaluru,92
E103627,Man,1999,South,Tier 3,Agency,2025-02-04,Bengaluru,57
E103628,Man,2004,South,Tier 1,Job portal,2025-02-08,Hyderabad,28
E103629,Man,1999,West,Tier 2,Job portal,2025-02-07,Hyderabad,45
E103630,Man,1998,South,Tier 2,Referral,2025-02-02,Hyderabad,56
E103631,Man,1991,South,Tier 2,Referral,2025-02-21,Bengaluru,137
E103632,Woman,2000,South,Tier 3,Agency,2025-02-02,Hyderabad,30
E103633,Woman,2001,South,Tier 3,Referral,2025-02-02,Bengaluru,44
E103634,Man,1997,Northeast,Tier 2,Job portal,2025-02-27,Hyderabad,24
E103635,Woman,2003,South,Tier 3,Agency,2025-02-10,Hyderabad,82
E103636,Man,1996,North,Tier 1,Agency,2025-02-04,Bengaluru,74
E103637,Man,1994,South,Tier 2,Job portal,2025-02-24,Bengaluru,50
E103638,Woman,2001,South,Tier 2,Job portal,2025-02-28,Bengaluru,20
E103639,Man,1998,South,Tier 1,Job portal,2025-02-23,Bengaluru,85
E103640,Man,1993,Northeast,Tier 3,Rehire,2025-03-03,Bengaluru,60
E103641,Man,2002,Northeast,Tier 3,Referral,2025-03-03,Hyderabad,100
E103642,Man,1997,South,Tier 3,Job portal,2025-03-10,Hyderabad,34
E103643,Man,2001,South,Tier 3,Agency,2025-03-02,Bengaluru,41
E103644,Man,1998,North,Tier 3,Job portal,2025-03-08,Bengaluru,65
E103645,Woman,1998,West,Tier 1,Job portal,2025-03-18,Bengaluru,45
E103646,Woman,1994,South,Tier 2,Agency,2025-03-05,Bengaluru,33
E103647,Man,2004,South,Tier 1,Job portal,2025-03-15,Hyderabad,46
E103648,Man,1998,South,Tier 3,Referral,2025-03-01,Hyderabad,35
E103649,Man,2001,East,Tier 1,Job portal,2025-03-11,Hyderabad,32
E103650,Man,1998,East,Tier 2,Job portal,2025-03-17,Hyderabad,74
E103651,Man,1998,North,Tier 2,Agency,2025-03-24,Hyderabad,38
E103652,Woman,1996,South,Tier 2,Job portal,2025-03-31,Bengaluru,55
E103653,Man,2000,South,Tier 3,Referral,2025-03-06,Hyderabad,43
E103654,Man,1989,North,Tier 1,Referral,2025-03-27,Hyderabad,20
E103655,Man,2002,South,Tier 2,Referral,2025-03-22,Bengaluru,37
E103656,Woman,1997,Northeast,Tier 2,Referral,2025-03-10,Hyderabad,61
E103657,Woman,1999,West,Tier 3,Agency,2025-03-19,Hyderabad,47
E103658,Man,1997,North,Tier 3,Referral,2025-03-16,Bengaluru,49
E103659,Man,2002,South,Tier 2,Referral,2025-03-20,Hyderabad,35
E103660,Man,2002,South,Tier 3,Job portal,2025-03-05,Hyderabad,38
E103661,Woman,2001,West,Tier 2,Agency,2025-03-13,Bengaluru,66
E103662,Woman,1998,West,Tier 1,Referral,2025-03-25,Hyderabad,27
E103663,Man,1997,South,Tier 1,Referral,2025-03-25,Hyderabad,44
E103664,Woman,1996,South,Tier 1,Job portal,2025-03-21,Bengaluru,49
E103665,Man,1998,North,Tier 3,Job portal,2025-03-16,Bengaluru,35
E103666,Woman,2004,North,Tier 2,Agency,2025-03-08,Hyderabad,53
E103667,Man,1999,South,Tier 3,Agency,2025-03-29,Hyderabad,54
E103668,Man,1992,South,Tier 1,Job portal,2025-04-07,Hyderabad,26
E103669,Woman,1990,East,Tier 3,Job portal,2025-04-19,Bengaluru,59
E103670,Woman,1997,South,Tier 3,Job portal,2025-04-30,Hyderabad,38
E103671,Man,1996,South,Tier 1,Agency,2025-04-02,Bengaluru,53
E103672,Man,2002,West,Tier 2,Agency,2025-04-30,Hyderabad,49
E103673,Man,2004,West,Tier 3,Job portal,2025-04-18,Hyderabad,18
E103674,Woman,1995,South,Tier 2,Referral,2025-04-01,Hyderabad,38
E103675,Man,2001,North,Tier 2,Referral,2025-04-02,Hyderabad,39
E103676,Woman,1996,South,Tier 2,Job portal,2025-04-24,Hyderabad,34
E103677,Man,1999,South,Tier 2,Agency,2025-04-07,Hyderabad,40
E103678,Man,1995,North,Tier 3,Job portal,2025-04-17,Hyderabad,17
E103679,Woman,1995,North,Tier 3,Job portal,2025-04-10,Bengaluru,39
E103680,Man,1994,South,Tier 2,Referral,2025-04-24,Bengaluru,76
E103681,Man,1997,West,Tier 1,Agency,2025-04-10,Bengaluru,49
E103682,Man,2004,South,Tier 2,Referral,2025-04-02,Hyderabad,24
E103683,Man,2002,South,Tier 2,Job portal,2025-04-26,Hyderabad,40
E103684,Woman,1998,South,Tier 2,Rehire,2025-04-13,Hyderabad,76
E103685,Man,1987,South,Tier 2,Job portal,2025-04-05,Bengaluru,65
E103686,Man,2002,South,Tier 3,Referral,2025-04-19,Bengaluru,80
E103687,Man,1994,South,Tier 3,Agency,2025-04-13,Hyderabad,119
E103688,Woman,2001,South,Tier 3,Job portal,2025-04-01,Bengaluru,77
E103689,Woman,2003,North,Tier 2,Job portal,2025-04-16,Bengaluru,103
E103690,Man,2002,North,Tier 3,Job portal,2025-04-14,Hyderabad,32
E103691,Man,2002,South,Tier 3,Referral,2025-04-22,Hyderabad,62
E103692,Man,1995,North,Tier 1,Agency,2025-04-27,Hyderabad,50
E103693,Woman,2004,East,Tier 1,Referral,2025-04-07,Bengaluru,40
E103694,Woman,1999,South,Tier 2,Job portal,2025-04-30,Hyderabad,20
E103695,Man,2001,Northeast,Tier 2,Agency,2025-04-29,Bengaluru,76
E103696,Woman,2004,South,Tier 2,Job portal,2025-04-06,Hyderabad,39
E103697,Man,2003,East,Tier 2,Job portal,2025-04-12,Hyderabad,85
E103698,Woman,2002,Northeast,Tier 2,Agency,2025-04-12,Hyderabad,16
E103699,Man,2001,South,Tier 2,Referral,2025-04-30,Hyderabad,13
E103700,Man,1997,North,Tier 1,Job portal,2025-04-23,Bengaluru,43
E103701,Woman,2003,South,Tier 3,Agency,2025-04-29,Bengaluru,33
E103702,Man,2004,South,Tier 2,Referral,2025-04-17,Hyderabad,40
E103703,Man,2003,South,Tier 2,Agency,2025-04-23,Hyderabad,60
E103704,Man,2001,South,Tier 2,Agency,2025-04-20,Bengaluru,123
E103705,Man,2000,South,Tier 3,Job portal,2025-04-26,Hyderabad,32
E103706,Man,1998,South,Tier 3,Job portal,2025-04-24,Hyderabad,24
E103707,Man,1999,West,Tier 3,Job portal,2025-04-23,Hyderabad,63
E103708,Man,2001,South,Tier 3,Job portal,2025-05-16,Bengaluru,61
E103709,Man,1996,North,Tier 2,Job portal,2025-05-06,Bengaluru,90
E103710,Man,2000,Northeast,Tier 2,Referral,2025-05-06,Hyderabad,53
E103711,Man,1994,South,Tier 2,Job portal,2025-05-18,Bengaluru,45
E103712,Man,2000,North,Tier 3,Referral,2025-05-01,Hyderabad,137
E103713,Man,2002,South,Tier 3,Agency,2025-05-19,Hyderabad,33
E103714,Man,2000,South,Tier 3,Agency,2025-05-31,Hyderabad,49
E103715,Woman,2002,North,Tier 3,Agency,2025-05-30,Bengaluru,66
E103716,Man,2004,South,Tier 2,Rehire,2025-05-10,Hyderabad,52
E103717,Woman,2000,South,Tier 3,Job portal,2025-05-20,Bengaluru,35
E103718,Woman,2002,North,Tier 3,Referral,2025-05-14,Hyderabad,36
E103719,Man,1993,South,Tier 1,Job portal,2025-05-08,Hyderabad,29
E103720,Man,1998,South,Tier 2,Referral,2025-05-24,Bengaluru,35
E103721,Woman,1999,East,Tier 2,Referral,2025-05-08,Hyderabad,51
E103722,Man,1995,West,Tier 3,Job portal,2025-05-06,Bengaluru,72
E103723,Man,1992,North,Tier 3,Agency,2025-05-29,Hyderabad,42
E103724,Man,1999,South,Tier 3,Agency,2025-05-29,Hyderabad,31
E103725,Man,1995,South,Tier 2,Agency,2025-05-15,Hyderabad,53
E103726,Man,2004,South,Tier 3,Job portal,2025-05-28,Bengaluru,78
E103727,Man,1999,West,Tier 3,Agency,2025-05-10,Hyderabad,47
E103728,Woman,1996,North,Tier 1,Job portal,2025-05-31,Hyderabad,27
E103729,Man,1988,East,Tier 2,Job portal,2025-05-31,Hyderabad,27
E103730,Man,1996,West,Tier 3,Job portal,2025-06-12,Bengaluru,25
E103731,Man,1998,Northeast,Tier 2,Rehire,2025-06-13,Hyderabad,36
E103732,Man,1988,South,Tier 2,Referral,2025-06-12,Hyderabad,22
E103733,Man,2000,North,Tier 3,Job portal,2025-06-22,Bengaluru,62
E103734,Man,1997,South,Tier 3,Job portal,2025-06-17,Hyderabad,37
E103735,Man,2000,South,Tier 2,Job portal,2025-06-07,Bengaluru,40
E103736,Man,2002,Northeast,Tier 3,Job portal,2025-06-22,Hyderabad,32
E103737,Man,2002,East,Tier 2,Job portal,2025-06-28,Bengaluru,39
E103738,Man,2000,South,Tier 2,Referral,2025-06-07,Bengaluru,47
E103739,Woman,1997,East,Tier 2,Agency,2025-06-24,Hyderabad,14
E103740,Man,2000,South,Tier 2,Job portal,2025-06-13,Hyderabad,78
E103741,Man,2004,South,Tier 2,Agency,2025-06-10,Bengaluru,97
E103742,Man,1999,East,Tier 3,Referral,2025-06-13,Hyderabad,27
E103743,Man,2003,East,Tier 3,Job portal,2025-06-12,Hyderabad,47
E103744,Man,2004,South,Tier 2,Job portal,2025-06-10,Bengaluru,69
E103745,Woman,1995,South,Tier 2,Job portal,2025-06-21,Hyderabad,51
E103746,Man,1994,South,Tier 3,Job portal,2025-06-25,Bengaluru,57
E103747,Man,2004,East,Tier 2,Agency,2025-06-03,Hyderabad,45
E103748,Woman,2003,West,Tier 1,Agency,2025-06-25,Hyderabad,35
E103749,Woman,2004,South,Tier 1,Referral,2025-06-16,Bengaluru,84
E103750,Woman,2004,South,Tier 3,Job portal,2025-06-16,Hyderabad,45
E103751,Woman,2004,East,Tier 2,Job portal,2025-06-21,Hyderabad,49
E103752,Woman,2004,South,Tier 3,Job portal,2025-06-22,Hyderabad,17
E103753,Woman,2002,South,Tier 2,Agency,2025-06-14,Bengaluru,93
E103754,Man,1997,West,Tier 1,Agency,2025-06-22,Hyderabad,57
E103755,Woman,2002,South,Tier 3,Job portal,2025-06-07,Bengaluru,34
E103756,Woman,1999,South,Tier 3,Referral,2025-06-06,Bengaluru,73
E103757,Man,1994,East,Tier 2,Job portal,2025-07-15,Bengaluru,75
E103758,Woman,2000,South,Tier 2,Referral,2025-07-02,Hyderabad,50
E103759,Woman,1994,North,Tier 2,Job portal,2025-07-08,Hyderabad,17
E103760,Man,1997,West,Tier 3,Job portal,2025-07-10,Hyderabad,30
E103761,Woman,1996,South,Tier 3,Referral,2025-07-29,Hyderabad,95
E103762,Man,2000,South,Tier 1,Referral,2025-07-02,Hyderabad,39
E103763,Man,2000,South,Tier 3,Agency,2025-07-04,Bengaluru,71
E103764,Woman,1995,South,Tier 2,Job portal,2025-07-12,Hyderabad,26
E103765,Man,1998,Northeast,Tier 2,Referral,2025-07-13,Bengaluru,28
E103766,Woman,2001,South,Tier 2,Referral,2025-07-28,Hyderabad,23
E103767,Man,2002,East,Tier 3,Agency,2025-07-19,Bengaluru,51
E103768,Man,2004,East,Tier 3,Job portal,2025-07-09,Hyderabad,74
E103769,Woman,2003,South,Tier 3,Job portal,2025-07-15,Hyderabad,23
E103770,Man,2002,South,Tier 2,Job portal,2025-07-21,Bengaluru,52
E103771,Man,1997,South,Tier 3,Rehire,2025-07-19,Bengaluru,53
E103772,Man,1995,South,Tier 3,Job portal,2025-07-06,Bengaluru,74
E103773,Woman,1999,South,Tier 3,Job portal,2025-07-23,Bengaluru,38
E103774,Man,1997,South,Tier 2,Agency,2025-07-26,Bengaluru,82
E103775,Man,2000,East,Tier 3,Job portal,2025-07-08,Hyderabad,55
E103776,Woman,2002,North,Tier 3,Agency,2025-07-12,Hyderabad,42
E103777,Man,2002,South,Tier 3,Job portal,2025-07-21,Bengaluru,71
E103778,Man,1997,North,Tier 3,Referral,2025-07-04,Bengaluru,66
E103779,Woman,2001,Northeast,Tier 3,Referral,2025-07-25,Bengaluru,32
E103780,Woman,2004,South,Tier 2,Job portal,2025-07-23,Hyderabad,62
E103781,Man,2001,South,Tier 3,Referral,2025-07-12,Bengaluru,29
E103782,Man,2004,West,Tier 3,Referral,2025-07-03,Hyderabad,43
E103783,Man,1998,South,Tier 3,Referral,2025-07-16,Bengaluru,44
E103784,Man,2001,East,Tier 2,Agency,2025-07-25,Hyderabad,33
E103785,Woman,1996,Northeast,Tier 2,Job portal,2025-07-31,Bengaluru,61
E103786,Man,1995,South,Tier 3,Job portal,2025-07-30,Bengaluru,49
E103787,Man,1999,East,Tier 2,Job portal,2025-07-13,Hyderabad,68
E103788,Man,1998,West,Tier 3,Referral,2025-07-13,Hyderabad,43
E103789,Woman,2004,South,Tier 3,Job portal,2025-07-17,Hyderabad,20
E103790,Man,2002,South,Tier 1,Referral,2025-07-05,Hyderabad,66
E103791,Man,2004,South,Tier 2,Agency,2025-07-21,Bengaluru,55
E103792,Woman,2000,West,Tier 1,Job portal,2025-07-12,Hyderabad,41
E103793,Man,2001,North,Tier 3,Job portal,2025-07-25,Bengaluru,59
E103794,Woman,2000,South,Tier 1,Job portal,2025-07-23,Hyderabad,44
E103795,Woman,2003,North,Tier 1,Job portal,2025-07-26,Hyderabad,33
E103796,Man,1994,South,Tier 3,Referral,2025-08-25,Hyderabad,64
E103797,Woman,2000,South,Tier 3,Campus,2025-08-11,Hyderabad,36
E103798,Woman,2003,South,Tier 3,Campus,2025-08-08,Bengaluru,46
E103799,Man,2002,South,Tier 2,Campus,2025-08-19,Bengaluru,49
E103800,Man,2004,West,Tier 2,Campus,2025-08-13,Hyderabad,37
E103801,Man,2003,South,Tier 1,Campus,2025-08-04,Hyderabad,20
E103802,Woman,2004,South,Tier 3,Campus,2025-08-02,Hyderabad,94
E103803,Man,2003,East,Tier 2,Campus,2025-08-14,Hyderabad,49
E103804,Man,2003,South,Tier 2,Campus,2025-08-19,Bengaluru,69
E103805,Woman,2004,South,Tier 2,Campus,2025-08-20,Hyderabad,41
E103806,Man,2004,South,Tier 1,Campus,2025-08-03,Bengaluru,67
E103807,Woman,2001,South,Tier 2,Campus,2025-08-17,Hyderabad,22
E103808,Man,2003,North,Tier 3,Campus,2025-08-13,Bengaluru,63
E103809,Woman,2004,South,Tier 2,Campus,2025-08-10,Hyderabad,21
E103810,Man,2003,North,Tier 2,Campus,2025-08-13,Hyderabad,65
E103811,Man,2003,South,Tier 3,Campus,2025-08-14,Hyderabad,33
E103812,Man,2003,West,Tier 3,Campus,2025-08-17,Bengaluru,34
E103813,Woman,2003,North,Tier 3,Campus,2025-08-15,Bengaluru,47
E103814,Woman,2003,South,Tier 3,Campus,2025-08-03,Bengaluru,61
E103815,Woman,2003,West,Tier 1,Campus,2025-08-19,Hyderabad,17
E103816,Woman,2004,South,Tier 2,Campus,2025-08-02,Hyderabad,42
E103817,Man,2004,East,Tier 1,Campus,2025-08-11,Hyderabad,29
E103818,Man,2003,East,Tier 3,Campus,2025-08-02,Hyderabad,77
E103819,Man,2002,South,Tier 2,Campus,2025-08-18,Hyderabad,59
E103820,Woman,2004,South,Tier 2,Campus,2025-08-18,Hyderabad,18
E103821,Man,2002,South,Tier 3,Campus,2025-08-14,Hyderabad,54
E103822,Man,2004,East,Tier 2,Campus,2025-08-19,Bengaluru,48
E103823,Man,2004,South,Tier 3,Campus,2025-08-19,Bengaluru,86
E103824,Man,2004,South,Tier 2,Campus,2025-08-10,Hyderabad,43
E103825,Man,2004,South,Tier 2,Campus,2025-08-15,Hyderabad,41
E103826,Man,2003,South,Tier 2,Campus,2025-08-10,Hyderabad,53
E103827,Woman,2003,Northeast,Tier 3,Campus,2025-08-02,Hyderabad,27
E103828,Man,2004,South,Tier 1,Campus,2025-08-14,Hyderabad,34
E103829,Woman,2002,North,Tier 2,Campus,2025-08-03,Hyderabad,36
E103830,Man,2004,South,Tier 3,Campus,2025-08-04,Bengaluru,45
E103831,Woman,2002,South,Tier 2,Campus,2025-08-16,Hyderabad,63
E103832,Woman,2004,South,Tier 3,Campus,2025-08-15,Bengaluru,86
E103833,Man,2003,South,Tier 3,Campus,2025-08-02,Hyderabad,56
E103834,Woman,2002,South,Tier 3,Campus,2025-08-03,Bengaluru,34
E103835,Woman,2004,North,Tier 2,Campus,2025-08-19,Bengaluru,24
E103836,Man,2004,North,Tier 3,Campus,2025-08-16,Bengaluru,102
E103837,Woman,2004,North,Tier 2,Campus,2025-08-10,Hyderabad,15
E103838,Woman,2002,South,Tier 3,Campus,2025-08-02,Hyderabad,48
E103839,Man,2003,South,Tier 3,Campus,2025-08-14,Hyderabad,25
E103840,Man,2002,South,Tier 3,Campus,2025-08-12,Hyderabad,22
E103841,Woman,2004,South,Tier 3,Campus,2025-08-19,Hyderabad,31
E103842,Man,2003,East,Tier 3,Campus,2025-08-14,Bengaluru,52
E103843,Man,2004,West,Tier 1,Campus,2025-08-17,Bengaluru,72
E103844,Woman,2003,North,Tier 3,Campus,2025-08-05,Hyderabad,30
E103845,Woman,2004,East,Tier 1,Campus,2025-08-19,Bengaluru,40
E103846,Woman,2003,South,Tier 3,Campus,2025-08-01,Bengaluru,87
E103847,Woman,2004,South,Tier 3,Campus,2025-08-12,Hyderabad,36
E103848,Man,2001,South,Tier 2,Campus,2025-08-02,Hyderabad,43
E103849,Man,2004,South,Tier 3,Campus,2025-08-12,Hyderabad,35
E103850,Woman,2003,South,Tier 2,Campus,2025-08-15,Bengaluru,71
E103851,Woman,2001,North,Tier 1,Campus,2025-08-15,Hyderabad,52
E103852,Man,2003,South,Tier 1,Campus,2025-08-02,Hyderabad,139
E103853,Man,2003,South,Tier 1,Campus,2025-08-01,Bengaluru,55
E103854,Woman,2002,East,Tier 3,Campus,2025-08-03,Bengaluru,64
E103855,Man,2002,East,Tier 2,Campus,2025-08-05,Bengaluru,51
E103856,Woman,2001,North,Tier 2,Campus,2025-08-15,Hyderabad,40
E103857,Woman,2003,South,Tier 2,Campus,2025-08-04,Hyderabad,28
E103858,Woman,2001,West,Tier 3,Campus,2025-08-13,Bengaluru,54
E103859,Man,2003,Northeast,Tier 3,Campus,2025-08-18,Hyderabad,13
E103860,Woman,2003,South,Tier 2,Campus,2025-08-19,Hyderabad,37
E103861,Woman,2000,North,Tier 2,Campus,2025-08-20,Hyderabad,22
E103862,Woman,2004,West,Tier 2,Campus,2025-08-12,Bengaluru,57
E103863,Woman,2002,East,Tier 3,Campus,2025-08-17,Hyderabad,74
E103864,Man,2004,South,Tier 1,Campus,2025-08-03,Bengaluru,81
E103865,Man,2001,South,Tier 2,Campus,2025-08-11,Bengaluru,94
E103866,Woman,2004,North,Tier 2,Campus,2025-08-14,Hyderabad,45
E103867,Woman,2000,North,Tier 2,Campus,2025-08-13,Bengaluru,25
E103868,Woman,2001,South,Tier 1,Campus,2025-08-13,Hyderabad,51
E103869,Woman,2001,South,Tier 1,Campus,2025-08-06,Bengaluru,52
E103870,Man,2004,West,Tier 2,Campus,2025-08-10,Bengaluru,60
E103871,Woman,2004,East,Tier 2,Campus,2025-08-03,Hyderabad,53
E103872,Man,2004,South,Tier 2,Campus,2025-08-08,Bengaluru,49
E103873,Woman,2004,South,Tier 2,Campus,2025-08-14,Hyderabad,24
E103874,Woman,2003,East,Tier 3,Campus,2025-08-07,Hyderabad,50
E103875,Man,2002,South,Tier 3,Campus,2025-08-14,Bengaluru,31
E103876,Woman,2004,South,Tier 3,Campus,2025-08-11,Hyderabad,70
E103877,Man,2003,Northeast,Tier 2,Campus,2025-08-06,Hyderabad,38
E103878,Woman,2002,South,Tier 2,Campus,2025-08-12,Hyderabad,28
E103879,Man,2004,South,Tier 2,Campus,2025-08-19,Bengaluru,89
E103880,Woman,2004,South,Tier 3,Campus,2025-08-11,Bengaluru,45
E103881,Man,1999,South,Tier 3,Campus,2025-08-03,Bengaluru,105
E103882,Woman,2002,West,Tier 3,Campus,2025-08-11,Bengaluru,38
E103883,Woman,2001,East,Tier 2,Campus,2025-08-06,Hyderabad,52
E103884,Woman,2002,North,Tier 2,Campus,2025-08-06,Bengaluru,40
E103885,Man,2002,West,Tier 2,Campus,2025-08-14,Hyderabad,26
E103886,Man,2001,South,Tier 2,Campus,2025-08-18,Bengaluru,35
E103887,Man,2002,North,Tier 2,Campus,2025-08-11,Bengaluru,50
E103888,Man,2002,East,Tier 3,Campus,2025-08-03,Hyderabad,12
E103889,Woman,2004,South,Tier 2,Campus,2025-08-14,Bengaluru,38
E103890,Woman,2002,North,Tier 2,Campus,2025-08-16,Hyderabad,17
E103891,Man,2003,East,Tier 3,Campus,2025-08-17,Bengaluru,31
E103892,Man,2003,South,Tier 1,Campus,2025-08-17,Hyderabad,47
E103893,Man,2001,Northeast,Tier 2,Campus,2025-08-05,Bengaluru,73
E103894,Woman,2001,East,Tier 3,Campus,2025-08-04,Bengaluru,114
E103895,Man,2004,South,Tier 2,Campus,2025-08-19,Bengaluru,44
E103896,Woman,2003,South,Tier 2,Campus,2025-08-15,Hyderabad,34
E103897,Woman,2004,East,Tier 3,Campus,2025-08-04,Hyderabad,20
E103898,Man,2001,East,Tier 1,Campus,2025-08-12,Hyderabad,45
E103899,Woman,2000,Northeast,Tier 3,Campus,2025-08-13,Bengaluru,41
E103900,Man,2003,East,Tier 2,Campus,2025-08-15,Bengaluru,49
E103901,Woman,2002,North,Tier 2,Campus,2025-08-17,Hyderabad,34
E103902,Woman,2002,South,Tier 3,Campus,2025-08-06,Hyderabad,62
E103903,Woman,2004,Northeast,Tier 1,Campus,2025-08-08,Hyderabad,51
E103904,Woman,2004,South,Tier 1,Campus,2025-08-01,Hyderabad,16
E103905,Man,2004,East,Tier 3,Campus,2025-08-16,Hyderabad,17
E103906,Woman,2003,East,Tier 2,Campus,2025-08-03,Hyderabad,44
E103907,Man,2004,South,Tier 3,Campus,2025-08-20,Bengaluru,66
E103908,Man,2003,South,Tier 2,Campus,2025-08-12,Hyderabad,26
E103909,Woman,2003,South,Tier 3,Campus,2025-08-13,Hyderabad,46
E103910,Man,2003,North,Tier 1,Campus,2025-08-09,Hyderabad,58
E103911,Man,2003,East,Tier 3,Campus,2025-08-08,Hyderabad,33
E103912,Woman,2001,East,Tier 1,Campus,2025-08-20,Bengaluru,62
E103913,Woman,2004,South,Tier 1,Campus,2025-08-01,Hyderabad,45
E103914,Man,2002,North,Tier 2,Campus,2025-08-13,Bengaluru,29
E103915,Woman,2003,South,Tier 3,Campus,2025-08-07,Bengaluru,126
E103916,Man,2004,South,Tier 1,Campus,2025-08-08,Hyderabad,42
E103917,Woman,2003,East,Tier 1,Campus,2025-08-19,Hyderabad,14
E103918,Man,2002,South,Tier 2,Campus,2025-08-03,Hyderabad,47
E103919,Man,2004,South,Tier 3,Campus,2025-08-12,Hyderabad,28
E103920,Woman,2004,South,Tier 3,Campus,2025-08-16,Hyderabad,44
E103921,Woman,2002,South,Tier 2,Campus,2025-08-10,Bengaluru,44
E103922,Man,2000,South,Tier 3,Campus,2025-08-17,Bengaluru,50
E103923,Man,2004,East,Tier 3,Campus,2025-08-19,Hyderabad,44
E103924,Woman,2004,North,Tier 3,Campus,2025-08-11,Hyderabad,32
E103925,Woman,2004,North,Tier 3,Campus,2025-08-08,Bengaluru,34
E103926,Man,2004,East,Tier 2,Campus,2025-08-12,Bengaluru,52
E103927,Woman,2003,South,Tier 1,Campus,2025-08-08,Hyderabad,27
E103928,Woman,2004,North,Tier 3,Campus,2025-08-14,Hyderabad,88
E103929,Woman,2004,West,Tier 2,Campus,2025-08-18,Bengaluru,27
E103930,Woman,2004,South,Tier 2,Campus,2025-08-15,Bengaluru,48
E103931,Woman,2003,South,Tier 3,Campus,2025-08-01,Bengaluru,60
E103932,Man,2004,South,Tier 2,Campus,2025-08-15,Hyderabad,37
E103933,Woman,2002,South,Tier 2,Campus,2025-08-11,Bengaluru,70
E103934,Man,2004,South,Tier 3,Campus,2025-08-18,Hyderabad,51
E103935,Man,2004,Northeast,Tier 2,Campus,2025-08-07,Bengaluru,76
E103936,Man,2004,South,Tier 2,Campus,2025-08-06,Hyderabad,42
E103937,Man,2004,Northeast,Tier 1,Campus,2025-08-10,Hyderabad,56
E103938,Woman,2003,South,Tier 3,Campus,2025-08-20,Bengaluru,57
E103939,Man,2001,South,Tier 3,Campus,2025-08-16,Hyderabad,34
E103940,Man,2001,East,Tier 3,Campus,2025-08-05,Bengaluru,48
E103941,Woman,2002,South,Tier 1,Campus,2025-08-10,Hyderabad,36
E103942,Woman,2004,South,Tier 2,Campus,2025-08-04,Bengaluru,89
E103943,Woman,2004,East,Tier 3,Campus,2025-08-09,Hyderabad,33
E103944,Man,2004,South,Tier 3,Campus,2025-08-12,Hyderabad,42
E103945,Man,2004,South,Tier 2,Campus,2025-08-03,Bengaluru,34
E103946,Woman,2003,West,Tier 3,Campus,2025-08-17,Hyderabad,19
E103947,Woman,2002,South,Tier 3,Campus,2025-08-08,Hyderabad,41
E103948,Man,2001,South,Tier 3,Campus,2025-08-14,Hyderabad,25
E103949,Woman,2002,North,Tier 2,Campus,2025-08-10,Hyderabad,23
E103950,Man,2004,South,Tier 1,Campus,2025-08-06,Bengaluru,40
E103951,Man,2002,South,Tier 2,Campus,2025-08-19,Bengaluru,43
E103952,Man,2001,South,Tier 3,Campus,2025-08-08,Hyderabad,73
E103953,Man,2004,South,Tier 1,Campus,2025-08-12,Hyderabad,20
E103954,Man,2003,North,Tier 3,Campus,2025-08-14,Hyderabad,24
E103955,Man,2004,South,Tier 3,Campus,2025-08-13,Bengaluru,32
E103956,Man,2004,North,Tier 3,Campus,2025-08-02,Hyderabad,59
E103957,Woman,2001,South,Tier 1,Campus,2025-08-19,Bengaluru,58
E103958,Man,2004,South,Tier 2,Campus,2025-08-01,Hyderabad,46
E103959,Woman,2003,South,Tier 2,Campus,2025-08-02,Bengaluru,24
E103960,Woman,2003,South,Tier 2,Campus,2025-08-18,Bengaluru,40
E103961,Woman,2000,South,Tier 1,Campus,2025-08-20,Bengaluru,85
E103962,Man,2004,South,Tier 2,Campus,2025-08-04,Hyderabad,19
E103963,Man,2004,West,Tier 2,Campus,2025-08-07,Bengaluru,46
E103964,Man,2000,West,Tier 2,Campus,2025-08-05,Hyderabad,66
E103965,Man,2003,Northeast,Tier 2,Campus,2025-08-08,Bengaluru,62
E103966,Woman,2004,North,Tier 3,Campus,2025-08-07,Bengaluru,56
E103967,Woman,2003,East,Tier 2,Campus,2025-08-07,Bengaluru,47
E103968,Woman,2002,West,Tier 3,Campus,2025-08-19,Bengaluru,50
E103969,Man,2004,South,Tier 2,Campus,2025-08-15,Hyderabad,18
E103970,Man,2001,South,Tier 3,Campus,2025-08-17,Hyderabad,29
E103971,Man,2001,South,Tier 3,Campus,2025-08-09,Bengaluru,34
E103972,Man,2003,Northeast,Tier 2,Campus,2025-08-19,Hyderabad,42
E103973,Man,2003,South,Tier 3,Campus,2025-08-11,Hyderabad,47
E103974,Woman,2001,South,Tier 3,Campus,2025-08-04,Hyderabad,34
E103975,Man,2003,Northeast,Tier 2,Campus,2025-08-16,Hyderabad,38
E103976,Man,2001,South,Tier 3,Campus,2025-08-06,Bengaluru,45
E103977,Woman,2003,South,Tier 2,Campus,2025-08-15,Hyderabad,50
E103978,Woman,2004,North,Tier 3,Campus,2025-08-03,Bengaluru,65
E103979,Man,2004,South,Tier 3,Campus,2025-08-14,Bengaluru,57
E103980,Woman,2000,South,Tier 2,Campus,2025-08-03,Bengaluru,36
E103981,Man,2004,South,Tier 3,Campus,2025-08-07,Hyderabad,37
E103982,Man,2001,West,Tier 2,Campus,2025-08-17,Hyderabad,43
E103983,Man,2003,Northeast,Tier 2,Campus,2025-08-02,Hyderabad,62
E103984,Man,2003,South,Tier 2,Campus,2025-08-05,Hyderabad,46
E103985,Woman,2003,South,Tier 3,Campus,2025-08-20,Hyderabad,26
E103986,Woman,2002,East,Tier 2,Campus,2025-08-16,Bengaluru,68
E103987,Man,2004,West,Tier 2,Campus,2025-08-18,Hyderabad,39
E103988,Man,2004,South,Tier 2,Campus,2025-08-12,Bengaluru,27
E103989,Woman,2003,North,Tier 1,Campus,2025-08-13,Bengaluru,45
E103990,Man,2002,North,Tier 1,Campus,2025-08-15,Bengaluru,51
E103991,Man,2002,South,Tier 1,Campus,2025-08-17,Hyderabad,26
E103992,Man,2003,East,Tier 2,Campus,2025-08-10,Hyderabad,32
E103993,Man,1997,North,Tier 2,Referral,2025-08-07,Bengaluru,29
E103994,Man,1998,North,Tier 2,Referral,2025-08-02,Hyderabad,51
E103995,Woman,1997,North,Tier 2,Referral,2025-08-07,Bengaluru,16
E103996,Woman,2003,South,Tier 1,Job portal,2025-08-25,Hyderabad,52
E103997,Man,2000,East,Tier 2,Referral,2025-08-17,Hyderabad,16
E103998,Man,1993,South,Tier 2,Referral,2025-08-20,Bengaluru,70
E103999,Man,1995,South,Tier 3,Referral,2025-08-29,Bengaluru,69
E104000,Man,1995,South,Tier 3,Referral,2025-08-13,Hyderabad,17
E104001,Man,2001,South,Tier 1,Referral,2025-08-04,Hyderabad,22
E104002,Man,1999,South,Tier 2,Job portal,2025-08-20,Hyderabad,68
E104003,Man,2002,North,Tier 3,Job portal,2025-08-17,Bengaluru,64
E104004,Woman,2000,East,Tier 3,Referral,2025-08-19,Hyderabad,19
E104005,Man,1993,West,Tier 2,Referral,2025-08-25,Bengaluru,39
E104006,Man,2000,South,Tier 1,Job portal,2025-08-22,Hyderabad,41
E104007,Man,1999,Northeast,Tier 1,Job portal,2025-08-09,Hyderabad,40
E104008,Woman,1998,North,Tier 1,Referral,2025-08-22,Hyderabad,19
E104009,Man,1990,North,Tier 1,Job portal,2025-08-19,Hyderabad,65
E104010,Woman,1998,South,Tier 2,Job portal,2025-08-12,Hyderabad,41
E104011,Woman,2002,East,Tier 2,Job portal,2025-08-02,Bengaluru,45
E104012,Woman,2000,East,Tier 2,Referral,2025-08-14,Bengaluru,47
E104013,Woman,2002,West,Tier 2,Referral,2025-08-08,Hyderabad,20
E104014,Woman,2000,South,Tier 3,Referral,2025-08-06,Bengaluru,32
E104015,Man,2001,South,Tier 2,Job portal,2025-08-07,Hyderabad,83
E104016,Man,1989,South,Tier 2,Job portal,2025-09-11,Hyderabad,23
E104017,Man,1995,North,Tier 2,Rehire,2025-09-04,Hyderabad,33
E104018,Man,1996,South,Tier 2,Referral,2025-09-08,Bengaluru,150
E104019,Woman,1991,South,Tier 2,Referral,2025-09-18,Hyderabad,30
E104020,Man,2002,Northeast,Tier 2,Job portal,2025-09-07,Bengaluru,50
E104021,Man,1990,South,Tier 2,Referral,2025-09-12,Bengaluru,67
E104022,Man,1996,North,Tier 3,Job portal,2025-09-03,Hyderabad,62
E104023,Man,1999,South,Tier 1,Referral,2025-09-02,Hyderabad,69
E104024,Man,2000,South,Tier 2,Agency,2025-09-24,Hyderabad,32
E104025,Man,2001,South,Tier 2,Referral,2025-09-09,Bengaluru,39
E104026,Woman,1999,South,Tier 3,Referral,2025-09-09,Hyderabad,74
E104027,Woman,2000,South,Tier 1,Referral,2025-09-03,Bengaluru,29
E104028,Man,2000,Northeast,Tier 3,Job portal,2025-09-03,Hyderabad,77
E104029,Woman,1997,North,Tier 3,Referral,2025-09-26,Hyderabad,42
E104030,Woman,1997,East,Tier 2,Referral,2025-09-12,Hyderabad,79
E104031,Woman,1994,North,Tier 3,Referral,2025-09-26,Hyderabad,24
E104032,Man,1990,West,Tier 3,Referral,2025-09-09,Bengaluru,100
E104033,Man,1998,West,Tier 3,Referral,2025-09-25,Bengaluru,37
E104034,Man,2002,West,Tier 2,Job portal,2025-09-17,Bengaluru,40
E104035,Man,2001,West,Tier 2,Agency,2025-09-25,Hyderabad,63
E104036,Man,2000,West,Tier 2,Referral,2025-09-24,Hyderabad,91
E104037,Woman,1991,South,Tier 1,Referral,2025-09-14,Hyderabad,39
E104038,Man,1999,East,Tier 1,Agency,2025-09-23,Bengaluru,27
E104039,Woman,2003,South,Tier 3,Referral,2025-09-20,Hyderabad,19
E104040,Man,1999,East,Tier 2,Agency,2025-09-05,Hyderabad,43
E104041,Woman,2004,South,Tier 1,Job portal,2025-09-25,Hyderabad,25
E104042,Woman,2001,Northeast,Tier 3,Referral,2025-09-11,Hyderabad,28
E104043,Man,2003,North,Tier 3,Agency,2025-09-23,Hyderabad,38
E104044,Man,2003,South,Tier 2,Referral,2025-09-02,Hyderabad,110
E104045,Man,2002,East,Tier 3,Agency,2025-09-26,Bengaluru,60
E104046,Woman,2001,North,Tier 2,Agency,2025-09-21,Bengaluru,83
E104047,Woman,2002,North,Tier 2,Job portal,2025-09-18,Hyderabad,32
E104048,Woman,2000,South,Tier 2,Referral,2025-09-29,Bengaluru,39
E104049,Man,1998,South,Tier 2,Referral,2025-09-18,Hyderabad,52
E104050,Man,2004,Northeast,Tier 2,Agency,2025-09-11,Hyderabad,36
E104051,Man,1999,South,Tier 2,Referral,2025-09-21,Bengaluru,64
E104052,Man,1996,South,Tier 2,Referral,2025-09-25,Bengaluru,49
E104053,Man,1994,West,Tier 3,Referral,2025-09-24,Bengaluru,98
E104054,Man,2000,South,Tier 3,Job portal,2025-09-20,Hyderabad,50
E104055,Man,2002,West,Tier 2,Job portal,2025-09-03,Bengaluru,37
E104056,Man,2000,South,Tier 3,Job portal,2025-09-29,Hyderabad,38
E104057,Man,2004,East,Tier 2,Referral,2025-09-11,Bengaluru,60
E104058,Woman,2003,North,Tier 3,Agency,2025-09-21,Hyderabad,53
E104059,Woman,2000,West,Tier 3,Agency,2025-09-24,Hyderabad,30
E104060,Woman,2003,South,Tier 1,Referral,2025-09-28,Hyderabad,27
E104061,Woman,1996,South,Tier 3,Referral,2025-10-11,Bengaluru,51
E104062,Man,1996,East,Tier 2,Referral,2025-10-24,Bengaluru,77
E104063,Man,1998,South,Tier 2,Referral,2025-10-13,Hyderabad,60
E104064,Man,1993,West,Tier 1,Job portal,2025-10-16,Bengaluru,44
E104065,Man,2002,East,Tier 1,Job portal,2025-10-06,Bengaluru,69
E104066,Man,1990,East,Tier 3,Agency,2025-10-10,Hyderabad,55
E104067,Woman,2000,North,Tier 3,Agency,2025-10-20,Bengaluru,67
E104068,Man,1999,East,Tier 2,Agency,2025-10-26,Bengaluru,89
E104069,Woman,2001,South,Tier 3,Rehire,2025-10-28,Bengaluru,38
E104070,Woman,1996,South,Tier 2,Referral,2025-10-12,Hyderabad,59
E104071,Man,1996,North,Tier 2,Referral,2025-10-08,Bengaluru,59
E104072,Man,2004,South,Tier 1,Agency,2025-10-16,Bengaluru,52
E104073,Woman,2001,South,Tier 1,Agency,2025-10-07,Bengaluru,39
E104074,Man,2004,South,Tier 3,Job portal,2025-10-18,Hyderabad,72
E104075,Man,1995,West,Tier 3,Referral,2025-10-24,Hyderabad,38
E104076,Man,1998,South,Tier 2,Rehire,2025-10-10,Bengaluru,34
E104077,Man,2002,South,Tier 1,Referral,2025-10-20,Hyderabad,25
E104078,Woman,2002,South,Tier 2,Referral,2025-10-10,Hyderabad,42
E104079,Woman,1999,North,Tier 3,Referral,2025-10-16,Hyderabad,37
E104080,Man,2001,West,Tier 2,Agency,2025-10-14,Bengaluru,37
E104081,Man,2004,South,Tier 2,Agency,2025-10-01,Bengaluru,150
E104082,Man,1997,North,Tier 3,Job portal,2025-10-31,Bengaluru,44
E104083,Man,2002,South,Tier 2,Rehire,2025-10-30,Hyderabad,44
E104084,Woman,2000,South,Tier 2,Job portal,2025-10-11,Bengaluru,150
E104085,Man,1998,South,Tier 3,Job portal,2025-10-04,Hyderabad,20
E104086,Man,1996,East,Tier 2,Agency,2025-10-17,Hyderabad,38
E104087,Woman,2004,South,Tier 2,Referral,2025-10-04,Bengaluru,53
E104088,Man,2004,South,Tier 2,Referral,2025-10-02,Hyderabad,79
E104089,Man,2002,South,Tier 3,Referral,2025-10-21,Hyderabad,48
E104090,Woman,2004,North,Tier 3,Job portal,2025-11-09,Bengaluru,52
E104091,Man,2002,South,Tier 2,Job portal,2025-11-06,Hyderabad,40
E104092,Man,2002,East,Tier 3,Job portal,2025-11-20,Hyderabad,36
E104093,Man,2002,East,Tier 2,Referral,2025-11-26,Hyderabad,44
E104094,Man,2001,North,Tier 2,Referral,2025-11-28,Hyderabad,32
E104095,Man,2000,East,Tier 2,Job portal,2025-11-19,Hyderabad,42
E104096,Woman,2001,South,Tier 2,Agency,2025-11-14,Hyderabad,48
E104097,Man,1994,East,Tier 3,Job portal,2025-11-30,Bengaluru,60
E104098,Man,2002,South,Tier 2,Agency,2025-11-03,Hyderabad,42
E104099,Man,2002,East,Tier 1,Referral,2025-11-12,Hyderabad,37
E104100,Man,2001,South,Tier 3,Job portal,2025-11-03,Bengaluru,52
E104101,Woman,2000,South,Tier 2,Job portal,2025-11-13,Bengaluru,71
E104102,Man,1993,South,Tier 3,Job portal,2025-11-15,Hyderabad,53
E104103,Woman,2000,East,Tier 3,Job portal,2025-11-12,Bengaluru,62
E104104,Woman,2004,South,Tier 2,Referral,2025-11-01,Hyderabad,36
E104105,Woman,2000,South,Tier 3,Referral,2025-11-25,Bengaluru,95
E104106,Man,1993,South,Tier 1,Referral,2025-11-05,Bengaluru,45
E104107,Man,1999,Northeast,Tier 2,Job portal,2025-11-08,Hyderabad,66
E104108,Man,2002,East,Tier 3,Referral,2025-11-15,Hyderabad,38
E104109,Woman,2000,South,Tier 3,Job portal,2025-11-22,Hyderabad,15
E104110,Man,1999,East,Tier 1,Referral,2025-11-04,Bengaluru,40
E104111,Woman,1999,West,Tier 2,Referral,2025-11-22,Bengaluru,73
E104112,Woman,2002,South,Tier 2,Job portal,2025-11-28,Hyderabad,25
E104113,Man,2002,South,Tier 3,Job portal,2025-11-13,Hyderabad,21
E104114,Woman,1999,South,Tier 2,Referral,2025-11-12,Bengaluru,51
E104115,Man,2004,South,Tier 2,Job portal,2025-11-17,Bengaluru,18
E104116,Man,2000,South,Tier 3,Agency,2025-11-28,Bengaluru,26
E104117,Woman,2001,West,Tier 2,Job portal,2025-11-13,Bengaluru,36
E104118,Man,2002,West,Tier 2,Job portal,2025-11-04,Hyderabad,41
E104119,Man,2001,South,Tier 2,Agency,2025-11-26,Hyderabad,34
E104120,Man,1999,West,Tier 2,Referral,2025-12-21,Bengaluru,68
E104121,Woman,2002,West,Tier 3,Agency,2025-12-08,Hyderabad,28
E104122,Man,1994,East,Tier 2,Rehire,2025-12-26,Bengaluru,51
E104123,Man,2001,South,Tier 2,Agency,2025-12-02,Bengaluru,29
E104124,Woman,1998,North,Tier 2,Agency,2025-12-09,Hyderabad,63
E104125,Man,2002,South,Tier 3,Agency,2025-12-12,Bengaluru,31
E104126,Man,1999,South,Tier 3,Referral,2025-12-11,Bengaluru,46
E104127,Man,2002,South,Tier 2,Agency,2025-12-25,Hyderabad,44
E104128,Man,2000,South,Tier 1,Referral,2025-12-30,Bengaluru,44
E104129,Man,1998,East,Tier 2,Rehire,2025-12-20,Hyderabad,12
E104130,Man,2004,North,Tier 2,Job portal,2025-12-31,Bengaluru,75
E104131,Man,2003,North,Tier 1,Job portal,2025-12-12,Hyderabad,52
E104132,Woman,2003,Northeast,Tier 2,Agency,2025-12-10,Hyderabad,17
E104133,Man,2002,East,Tier 2,Referral,2025-12-03,Hyderabad,33
E104134,Man,1996,South,Tier 2,Agency,2025-12-18,Bengaluru,46
E104135,Woman,1997,South,Tier 2,Agency,2025-12-25,Bengaluru,77
E104136,Man,1999,Northeast,Tier 2,Job portal,2025-12-28,Hyderabad,48
E104137,Woman,2000,South,Tier 3,Job portal,2025-12-27,Hyderabad,39
E104138,Woman,2003,West,Tier 3,Referral,2025-12-20,Hyderabad,56
E104139,Man,1998,West,Tier 2,Job portal,2025-12-24,Hyderabad,82
E104140,Man,1994,South,Tier 2,Referral,2025-12-04,Hyderabad,24
E104141,Woman,2001,South,Tier 2,Referral,2025-12-14,Hyderabad,27
E104142,Man,2000,South,Tier 3,Job portal,2025-12-23,Bengaluru,53
E104143,Man,2004,South,Tier 3,Job portal,2025-12-29,Hyderabad,27
E104144,Woman,2002,East,Tier 1,Job portal,2025-12-19,Hyderabad,35
E104145,Man,2001,West,Tier 2,Referral,2025-12-08,Hyderabad,47
E104146,Woman,2002,North,Tier 2,Job portal,2025-12-29,Hyderabad,50
E104147,Man,2002,East,Tier 1,Agency,2025-12-27,Hyderabad,38
E104148,Man,2000,South,Tier 2,Agency,2025-12-20,Hyderabad,37
E104149,Man,2001,South,Tier 3,Agency,2025-12-29,Hyderabad,22
E104150,Man,1998,West,Tier 2,Agency,2025-12-03,Hyderabad,18
E104151,Man,2003,South,Tier 2,Agency,2025-12-28,Bengaluru,72
E104152,Woman,2000,South,Tier 3,Referral,2025-12-17,Hyderabad,38
E104153,Man,1990,East,Tier 3,Agency,2026-01-30,Hyderabad,38
E104154,Man,1990,South,Tier 2,Referral,2026-01-19,Hyderabad,40
E104155,Man,2001,East,Tier 2,Referral,2026-01-08,Hyderabad,51
E104156,Man,2001,North,Tier 1,Referral,2026-01-03,Hyderabad,39
E104157,Man,2005,South,Tier 2,Agency,2026-01-07,Bengaluru,60
E104158,Woman,2001,North,Tier 2,Job portal,2026-01-06,Hyderabad,19
E104159,Man,2002,South,Tier 1,Referral,2026-01-20,Hyderabad,21
E104160,Man,2004,South,Tier 3,Referral,2026-01-25,Hyderabad,52
E104161,Woman,1999,North,Tier 3,Job portal,2026-01-17,Bengaluru,97
E104162,Woman,1997,South,Tier 3,Agency,2026-01-14,Hyderabad,21
E104163,Man,2001,Northeast,Tier 2,Referral,2026-01-02,Hyderabad,73
E104164,Man,2002,South,Tier 1,Job portal,2026-01-21,Hyderabad,46
E104165,Woman,2002,South,Tier 1,Agency,2026-01-19,Hyderabad,60
E104166,Man,2000,North,Tier 2,Referral,2026-01-24,Bengaluru,27
E104167,Man,2000,East,Tier 2,Job portal,2026-01-11,Hyderabad,34
E104168,Man,2001,West,Tier 2,Job portal,2026-01-23,Bengaluru,23
E104169,Man,2005,North,Tier 3,Job portal,2026-01-27,Bengaluru,26
E104170,Man,1997,East,Tier 2,Rehire,2026-01-27,Bengaluru,58
E104171,Man,2004,South,Tier 3,Agency,2026-01-14,Bengaluru,41
E104172,Man,2000,South,Tier 2,Referral,2026-01-04,Hyderabad,27
E104173,Man,2004,South,Tier 2,Referral,2026-01-10,Hyderabad,34
E104174,Man,1994,East,Tier 3,Referral,2026-01-23,Hyderabad,48
E104175,Man,2002,North,Tier 3,Agency,2026-01-24,Hyderabad,37
E104176,Woman,2004,North,Tier 1,Job portal,2026-01-30,Bengaluru,84
E104177,Man,2002,North,Tier 3,Job portal,2026-01-01,Bengaluru,66
E104178,Woman,2005,East,Tier 3,Agency,2026-01-06,Bengaluru,48
E104179,Woman,2004,South,Tier 2,Referral,2026-01-15,Bengaluru,120
E104180,Woman,1999,East,Tier 3,Job portal,2026-01-14,Hyderabad,36
E104181,Woman,2003,South,Tier 2,Job portal,2026-01-06,Bengaluru,57
E104182,Man,2003,East,Tier 2,Agency,2026-01-22,Hyderabad,25
E104183,Man,1996,South,Tier 2,Job portal,2026-01-16,Hyderabad,39
E104184,Man,2003,South,Tier 2,Job portal,2026-01-16,Bengaluru,26
E104185,Man,2005,South,Tier 3,Agency,2026-01-24,Bengaluru,40
E104186,Woman,2005,South,Tier 1,Job portal,2026-01-21,Bengaluru,86
E104187,Woman,1997,South,Tier 2,Job portal,2026-02-03,Hyderabad,55
E104188,Woman,1999,West,Tier 3,Referral,2026-02-24,Bengaluru,116
E104189,Woman,2003,Northeast,Tier 2,Job portal,2026-02-05,Hyderabad,30
E104190,Man,1995,South,Tier 1,Job portal,2026-02-03,Hyderabad,45
E104191,Man,1997,East,Tier 2,Referral,2026-02-11,Bengaluru,34
E104192,Man,2003,South,Tier 2,Referral,2026-02-02,Bengaluru,21
E104193,Man,1998,South,Tier 1,Agency,2026-02-20,Hyderabad,43
E104194,Man,2005,East,Tier 1,Job portal,2026-02-28,Hyderabad,18
E104195,Man,2002,South,Tier 3,Job portal,2026-02-11,Hyderabad,46
E104196,Man,1997,East,Tier 3,Job portal,2026-02-07,Hyderabad,55
E104197,Woman,2000,South,Tier 2,Job portal,2026-02-25,Hyderabad,29
E104198,Woman,2003,North,Tier 3,Agency,2026-02-12,Hyderabad,21
E104199,Man,2002,South,Tier 1,Agency,2026-02-01,Hyderabad,50
E104200,Man,2002,South,Tier 3,Job portal,2026-02-28,Bengaluru,36
E104201,Man,2004,North,Tier 2,Job portal,2026-02-05,Bengaluru,28
E104202,Woman,1998,South,Tier 2,Rehire,2026-02-12,Bengaluru,73
E104203,Woman,2005,North,Tier 2,Job portal,2026-02-11,Hyderabad,27
E104204,Woman,2003,South,Tier 3,Referral,2026-02-27,Hyderabad,34
E104205,Woman,2000,East,Tier 1,Job portal,2026-02-17,Hyderabad,60
E104206,Man,2003,South,Tier 3,Job portal,2026-02-06,Bengaluru,66
E104207,Woman,1999,West,Tier 3,Agency,2026-02-24,Bengaluru,79
E104208,Man,2005,South,Tier 2,Agency,2026-02-24,Hyderabad,53
E104209,Man,2004,West,Tier 1,Agency,2026-02-26,Bengaluru,40
E104210,Man,2003,South,Tier 3,Referral,2026-02-25,Hyderabad,19
E104211,Woman,2003,South,Tier 1,Job portal,2026-03-14,Hyderabad,24
E104212,Man,2000,South,Tier 3,Agency,2026-03-20,Bengaluru,75
E104213,Woman,2000,South,Tier 2,Job portal,2026-03-24,Hyderabad,34
E104214,Woman,2001,South,Tier 2,Job portal,2026-03-06,Hyderabad,43
E104215,Woman,2005,East,Tier 1,Referral,2026-03-18,Hyderabad,29
E104216,Man,2001,West,Tier 1,Referral,2026-03-16,Bengaluru,71
E104217,Man,1996,North,Tier 2,Rehire,2026-03-05,Hyderabad,29
E104218,Man,2001,North,Tier 2,Job portal,2026-03-16,Hyderabad,42
E104219,Woman,2005,West,Tier 2,Referral,2026-03-14,Bengaluru,61
E104220,Woman,2005,South,Tier 2,Job portal,2026-03-05,Hyderabad,17
E104221,Man,2004,West,Tier 3,Agency,2026-03-13,Bengaluru,89
E104222,Woman,2003,South,Tier 1,Agency,2026-03-14,Hyderabad,86
E104223,Man,1997,East,Tier 2,Job portal,2026-03-21,Bengaluru,107
E104224,Man,2002,South,Tier 1,Job portal,2026-03-28,Bengaluru,108
E104225,Woman,1993,South,Tier 3,Job portal,2026-03-06,Hyderabad,14
E104226,Man,1999,North,Tier 3,Job portal,2026-03-06,Hyderabad,16
E104227,Man,2002,South,Tier 2,Job portal,2026-03-14,Hyderabad,48
E104228,Man,2005,South,Tier 2,Rehire,2026-03-06,Hyderabad,48
E104229,Woman,2002,South,Tier 2,Job portal,2026-03-11,Hyderabad,52
E104230,Woman,2003,South,Tier 2,Job portal,2026-03-11,Hyderabad,40
E104231,Man,2001,South,Tier 2,Referral,2026-03-24,Bengaluru,29
E104232,Woman,1996,South,Tier 3,Job portal,2026-03-24,Hyderabad,54
E104233,Woman,2005,East,Tier 3,Job portal,2026-03-19,Hyderabad,51
E104234,Woman,2004,North,Tier 3,Referral,2026-03-16,Hyderabad,78
E104235,Man,1998,South,Tier 2,Agency,2026-03-29,Bengaluru,18
E104236,Man,2005,South,Tier 3,Referral,2026-03-21,Hyderabad,35
E104237,Man,2005,Northeast,Tier 2,Job portal,2026-03-30,Bengaluru,65
E104238,Man,2000,South,Tier 1,Agency,2026-03-28,Hyderabad,43
