emp_id,effective_date,department,level,event
E100001,2015-04-29,Sales and Presales,L1,Hire
E100002,2021-03-13,Data and Analytics,L2,Hire
E100003,2019-11-21,Cloud and Infrastructure,L2,Hire
E100004,2021-12-14,Quality Engineering,L1,Hire
E100005,2010-08-25,Quality Engineering,L1,Hire
E100006,2018-02-06,Quality Engineering,L5,Hire
E100007,2019-12-20,Quality Engineering,L1,Hire
E100008,2020-11-15,Quality Engineering,L1,Hire
E100009,2016-09-18,Quality Engineering,L5,Hire
E100009,2022-04-01,Quality Engineering,L6,Promotion
E100010,2015-05-11,Delivery,L3,Hire
E100011,2021-05-11,Delivery,L2,Hire
E100012,2021-05-04,Sales and Presales,L2,Hire
E100013,2017-08-18,Sales and Presales,L3,Hire
E100014,2019-01-12,Delivery,L1,Hire
E100015,2021-09-09,Quality Engineering,L1,Hire
E100016,2020-08-14,Delivery,L3,Hire
E100017,2013-12-20,Delivery,L3,Hire
E100018,2018-08-08,Quality Engineering,L2,Hire
E100019,2019-04-20,Delivery,L3,Hire
E100019,2022-04-01,Delivery,L4,Promotion
E100020,2020-04-08,Data and Analytics,L2,Hire
E100021,2010-04-14,Consulting,L6,Hire
E100022,2017-07-31,Data and Analytics,L1,Hire
E100022,2025-04-01,Data and Analytics,L2,Promotion
E100023,2018-09-17,Cloud and Infrastructure,L2,Hire
E100023,2022-04-01,Cloud and Infrastructure,L3,Promotion
E100024,2019-01-08,Delivery,L2,Hire
E100025,2018-06-04,Data and Analytics,L2,Hire
E100026,2021-04-01,Data and Analytics,L2,Hire
E100027,2006-06-19,Quality Engineering,L1,Hire
E100028,2017-12-28,Delivery,L3,Hire
E100028,2024-04-01,Delivery,L4,Promotion
E100029,2018-08-19,Quality Engineering,L4,Hire
E100030,2018-11-20,Delivery,L1,Hire
E100031,2018-10-18,Delivery,L2,Hire
E100032,2021-03-27,Quality Engineering,L1,Hire
E100032,2023-04-01,Quality Engineering,L2,Promotion
E100033,2021-07-06,Delivery,L1,Hire
E100034,2018-10-03,Delivery,L4,Hire
E100035,2021-03-25,Delivery,L2,Hire
E100035,2024-04-01,Delivery,L3,Promotion
E100036,2021-10-01,Data and Analytics,L1,Hire
E100037,2020-02-08,Delivery,L3,Hire
E100037,2024-04-01,Delivery,L4,Promotion
E100038,2006-04-21,Delivery,L1,Hire
E100039,2015-10-19,Delivery,L4,Hire
E100039,2023-04-01,Delivery,L5,Promotion
E100040,2018-10-30,Delivery,L1,Hire
E100041,2015-09-05,Cloud and Infrastructure,L1,Hire
E100042,2020-03-15,Sales and Presales,L1,Hire
E100043,2020-07-08,Quality Engineering,L2,Hire
E100044,2010-08-26,Quality Engineering,L2,Hire
E100045,2019-09-22,Quality Engineering,L4,Hire
E100046,2020-08-09,Quality Engineering,L3,Hire
E100047,2019-07-11,Delivery,L2,Hire
E100048,2018-07-07,Cloud and Infrastructure,L1,Hire
E100049,2020-08-31,Delivery,L1,Hire
E100050,2015-09-29,Delivery,L6,Hire
E100051,2021-06-25,Corporate Functions,L2,Hire
E100051,2024-04-01,Corporate Functions,L3,Promotion
E100052,2017-09-16,Quality Engineering,L3,Hire
E100053,2019-07-23,Delivery,L1,Hire
E100054,2020-09-06,Delivery,L1,Hire
E100055,2018-05-23,Delivery,L4,Hire
E100056,2021-04-05,Quality Engineering,L2,Hire
E100057,2021-06-13,Quality Engineering,L2,Hire
E100058,2020-01-26,Data and Analytics,L2,Hire
E100059,2019-12-18,Cloud and Infrastructure,L1,Hire
E100060,2017-09-21,Delivery,L1,Hire
E100060,2024-04-01,Delivery,L2,Promotion
E100061,2019-11-06,Delivery,L1,Hire
E100062,2019-11-05,Delivery,L4,Hire
E100063,2018-01-21,Delivery,L2,Hire
E100064,2018-06-21,Cloud and Infrastructure,L1,Hire
E100065,2018-07-07,Data and Analytics,L3,Hire
E100066,2018-07-07,Sales and Presales,L1,Hire
E100067,2020-08-11,Corporate Functions,L1,Hire
E100068,2019-07-31,Delivery,L2,Hire
E100069,2019-01-06,Delivery,L4,Hire
E100069,2023-04-01,Delivery,L5,Promotion
E100070,2021-10-01,Quality Engineering,L1,Hire
E100071,2020-05-07,Delivery,L3,Hire
E100072,2021-02-04,Delivery,L1,Hire
E100072,2024-04-01,Delivery,L2,Promotion
E100073,2017-08-12,Quality Engineering,L1,Hire
E100073,2025-04-01,Quality Engineering,L2,Promotion
E100074,2021-12-21,Quality Engineering,L1,Hire
E100075,2016-07-06,Quality Engineering,L1,Hire
E100076,2019-07-12,Delivery,L3,Hire
E100077,2015-03-12,Delivery,L2,Hire
E100078,2017-08-17,Corporate Functions,L4,Hire
E100079,2018-12-20,Delivery,L1,Hire
E100079,2025-04-01,Delivery,L2,Promotion
E100080,2018-09-01,Quality Engineering,L2,Hire
E100081,2020-12-01,Quality Engineering,L1,Hire
E100082,2008-08-28,Quality Engineering,L5,Hire
E100082,2022-04-01,Quality Engineering,L6,Promotion
E100083,2016-11-24,Delivery,L5,Hire
E100084,2020-05-10,Delivery,L2,Hire
E100085,2019-12-20,Delivery,L2,Hire
E100086,2017-02-27,Cloud and Infrastructure,L2,Hire
E100087,2015-03-05,Corporate Functions,L3,Hire
E100088,2020-11-18,Cloud and Infrastructure,L1,Hire
E100089,2021-11-03,Delivery,L1,Hire
E100090,2019-04-17,Corporate Functions,L2,Hire
E100091,2020-10-31,Cloud and Infrastructure,L1,Hire
E100092,2019-03-12,Cloud and Infrastructure,L4,Hire
E100093,2016-12-14,Delivery,L3,Hire
E100094,2020-06-15,Delivery,L2,Hire
E100095,2014-06-06,Quality Engineering,L3,Hire
E100096,2019-06-30,Data and Analytics,L3,Hire
E100097,2018-04-17,Cloud and Infrastructure,L3,Hire
E100097,2022-04-01,Cloud and Infrastructure,L4,Promotion
E100098,2017-06-11,Data and Analytics,L5,Hire
E100099,2021-03-12,Delivery,L1,Hire
E100100,2017-09-01,Delivery,L3,Hire
E100101,2021-02-05,Delivery,L1,Hire
E100102,2020-01-17,Quality Engineering,L2,Hire
E100103,2014-09-19,Sales and Presales,L3,Hire
E100104,2016-06-09,Delivery,L4,Hire
E100104,2023-04-01,Delivery,L5,Promotion
E100105,2019-07-13,Sales and Presales,L3,Hire
E100106,2018-07-20,Delivery,L1,Hire
E100107,2020-12-28,Delivery,L2,Hire
E100107,2025-04-01,Delivery,L3,Promotion
E100108,2022-01-19,Delivery,L1,Hire
E100109,2012-10-28,Quality Engineering,L6,Hire
E100110,2021-05-31,Delivery,L1,Hire
E100111,2021-09-13,Delivery,L1,Hire
E100112,2020-11-24,Quality Engineering,L2,Hire
E100113,2016-01-18,Cloud and Infrastructure,L1,Hire
E100114,2019-07-27,Corporate Functions,L4,Hire
E100114,2023-04-01,Corporate Functions,L5,Promotion
E100115,2019-03-27,Sales and Presales,L3,Hire
E100116,2019-11-12,Cloud and Infrastructure,L1,Hire
E100116,2022-04-01,Cloud and Infrastructure,L2,Promotion
E100117,2019-08-26,Quality Engineering,L2,Hire
E100118,2020-11-02,Delivery,L1,Hire
E100119,2019-03-18,Consulting,L2,Hire
E100120,2020-08-07,Data and Analytics,L1,Hire
E100121,2017-04-28,Quality Engineering,L1,Hire
E100122,2020-04-14,Delivery,L1,Hire
E100122,2024-04-01,Delivery,L2,Promotion
E100123,2020-12-29,Cloud and Infrastructure,L2,Hire
E100124,2019-09-08,Quality Engineering,L3,Hire
E100125,2020-07-06,Delivery,L2,Hire
E100125,2025-04-01,Delivery,L3,Promotion
E100126,2016-01-29,Corporate Functions,L3,Hire
E100127,2020-06-04,Delivery,L2,Hire
E100128,2018-01-29,Quality Engineering,L1,Hire
E100128,2023-04-01,Quality Engineering,L2,Promotion
E100129,2020-02-22,Quality Engineering,L2,Hire
E100130,2020-07-07,Delivery,L2,Hire
E100131,2015-10-16,Corporate Functions,L4,Hire
E100132,2020-11-04,Cloud and Infrastructure,L1,Hire
E100133,2017-08-21,Delivery,L1,Hire
E100134,2020-06-26,Delivery,L2,Hire
E100134,2023-04-01,Delivery,L3,Promotion
E100135,2018-09-13,Cloud and Infrastructure,L5,Hire
E100136,2016-10-29,Consulting,L4,Hire
E100137,2012-04-11,Corporate Functions,L3,Hire
E100138,2020-05-18,Data and Analytics,L1,Hire
E100139,2020-06-17,Delivery,L3,Hire
E100139,2023-04-01,Delivery,L4,Promotion
E100140,2019-03-17,Quality Engineering,L3,Hire
E100141,2013-05-07,Quality Engineering,L1,Hire
E100142,2015-04-13,Delivery,L2,Hire
E100143,2020-08-02,Delivery,L1,Hire
E100144,2009-05-05,Cloud and Infrastructure,L3,Hire
E100145,2019-12-19,Cloud and Infrastructure,L3,Hire
E100146,2019-06-23,Sales and Presales,L3,Hire
E100147,2018-01-06,Delivery,L3,Hire
E100147,2022-04-01,Delivery,L4,Promotion
E100147,2025-04-01,Delivery,L5,Promotion
E100148,2020-11-05,Delivery,L1,Hire
E100149,2015-02-18,Quality Engineering,L3,Hire
E100150,2020-10-24,Corporate Functions,L1,Hire
E100151,2019-05-05,Delivery,L1,Hire
E100152,2020-02-26,Quality Engineering,L2,Hire
E100153,2017-03-28,Delivery,L2,Hire
E100154,2019-06-12,Quality Engineering,L1,Hire
E100155,2017-03-15,Delivery,L2,Hire
E100155,2022-04-01,Delivery,L3,Promotion
E100155,2024-04-01,Delivery,L4,Promotion
E100156,2015-06-29,Delivery,L2,Hire
E100157,2009-07-27,Cloud and Infrastructure,L1,Hire
E100158,2016-07-25,Data and Analytics,L3,Hire
E100158,2023-04-01,Data and Analytics,L4,Promotion
E100159,2017-12-19,Quality Engineering,L2,Hire
E100159,2024-04-01,Quality Engineering,L3,Promotion
E100160,2017-03-11,Delivery,L3,Hire
E100161,2020-08-14,Quality Engineering,L1,Hire
E100162,2020-07-03,Delivery,L3,Hire
E100163,2016-09-10,Delivery,L2,Hire
E100164,2017-07-20,Quality Engineering,L2,Hire
E100165,2014-07-28,Delivery,L3,Hire
E100165,2022-04-01,Delivery,L4,Promotion
E100166,2012-11-01,Quality Engineering,L2,Hire
E100166,2022-04-01,Quality Engineering,L3,Promotion
E100167,2020-02-27,Delivery,L1,Hire
E100168,2018-08-10,Cloud and Infrastructure,L5,Hire
E100168,2024-04-01,Cloud and Infrastructure,L6,Promotion
E100169,2021-05-16,Consulting,L1,Hire
E100170,2021-05-08,Delivery,L2,Hire
E100171,2017-10-07,Delivery,L2,Hire
E100171,2023-04-01,Delivery,L3,Promotion
E100172,2019-07-11,Delivery,L1,Hire
E100173,2021-04-19,Data and Analytics,L1,Hire
E100174,2017-11-06,Delivery,L3,Hire
E100174,2022-04-01,Delivery,L4,Promotion
E100175,2017-09-01,Sales and Presales,L3,Hire
E100176,2020-06-25,Cloud and Infrastructure,L3,Hire
E100176,2023-04-01,Cloud and Infrastructure,L4,Promotion
E100177,2018-12-10,Quality Engineering,L4,Hire
E100178,2019-04-03,Corporate Functions,L3,Hire
E100179,2018-09-02,Delivery,L1,Hire
E100180,2017-04-30,Corporate Functions,L3,Hire
E100180,2023-04-01,Corporate Functions,L4,Promotion
E100181,2020-07-22,Quality Engineering,L2,Hire
E100182,2020-03-13,Delivery,L3,Hire
E100183,2019-08-14,Delivery,L2,Hire
E100184,2019-08-31,Delivery,L1,Hire
E100185,2015-06-30,Delivery,L4,Hire
E100186,2018-07-30,Sales and Presales,L3,Hire
E100187,2019-04-03,Cloud and Infrastructure,L3,Hire
E100187,2022-04-01,Cloud and Infrastructure,L4,Promotion
E100188,2020-08-13,Delivery,L2,Hire
E100189,2018-05-11,Quality Engineering,L3,Hire
E100190,2015-11-19,Sales and Presales,L2,Hire
E100190,2024-04-01,Sales and Presales,L3,Promotion
E100191,2020-04-07,Delivery,L2,Hire
E100192,2019-10-18,Delivery,L1,Hire
E100192,2023-04-01,Delivery,L2,Promotion
E100193,2020-03-15,Delivery,L2,Hire
E100194,2018-08-23,Quality Engineering,L3,Hire
E100195,2014-03-21,Sales and Presales,L3,Hire
E100196,2014-08-07,Delivery,L3,Hire
E100197,2016-09-12,Cloud and Infrastructure,L2,Hire
E100198,2016-08-25,Data and Analytics,L4,Hire
E100198,2024-04-01,Data and Analytics,L5,Promotion
E100199,2021-05-14,Delivery,L1,Hire
E100200,2016-11-19,Quality Engineering,L4,Hire
E100201,2009-11-10,Corporate Functions,L2,Hire
E100202,2021-09-30,Cloud and Infrastructure,L1,Hire
E100203,2019-06-03,Quality Engineering,L2,Hire
E100204,2019-12-14,Consulting,L2,Hire
E100204,2022-04-01,Consulting,L3,Promotion
E100205,2015-08-29,Data and Analytics,L2,Hire
E100205,2024-04-01,Data and Analytics,L3,Promotion
E100206,2011-09-23,Delivery,L4,Hire
E100206,2022-04-01,Delivery,L5,Promotion
E100207,2020-12-13,Delivery,L1,Hire
E100208,2016-02-21,Delivery,L2,Hire
E100209,2021-05-20,Delivery,L2,Hire
E100210,2019-04-14,Cloud and Infrastructure,L2,Hire
E100211,2020-11-15,Corporate Functions,L2,Hire
E100212,2021-08-04,Delivery,L1,Hire
E100212,2023-04-01,Delivery,L2,Promotion
E100213,2014-11-11,Cloud and Infrastructure,L2,Hire
E100214,2016-03-20,Data and Analytics,L4,Hire
E100214,2023-04-01,Data and Analytics,L5,Promotion
E100215,2020-12-06,Corporate Functions,L1,Hire
E100216,2021-07-09,Sales and Presales,L1,Hire
E100217,2020-11-26,Delivery,L1,Hire
E100218,2004-04-05,Delivery,L2,Hire
E100219,2014-05-10,Cloud and Infrastructure,L5,Hire
E100220,2021-10-05,Quality Engineering,L1,Hire
E100221,2014-02-25,Data and Analytics,L6,Hire
E100222,2020-05-02,Data and Analytics,L2,Hire
E100223,2010-07-25,Quality Engineering,L1,Hire
E100223,2023-04-01,Quality Engineering,L2,Promotion
E100224,2019-04-15,Delivery,L2,Hire
E100224,2025-04-01,Delivery,L3,Promotion
E100225,2021-01-15,Data and Analytics,L1,Hire
E100226,2014-08-15,Consulting,L3,Hire
E100226,2024-04-01,Consulting,L4,Promotion
E100227,2014-07-25,Delivery,L2,Hire
E100227,2023-04-01,Delivery,L3,Promotion
E100228,2021-07-10,Data and Analytics,L1,Hire
E100228,2025-04-01,Data and Analytics,L2,Promotion
E100229,2020-12-14,Data and Analytics,L1,Hire
E100230,2018-04-18,Quality Engineering,L4,Hire
E100231,2018-02-28,Cloud and Infrastructure,L3,Hire
E100232,2021-04-28,Cloud and Infrastructure,L2,Hire
E100233,2017-08-02,Delivery,L2,Hire
E100234,2013-06-15,Quality Engineering,L3,Hire
E100235,2017-11-19,Delivery,L5,Hire
E100236,2019-08-10,Delivery,L1,Hire
E100237,2021-03-30,Quality Engineering,L1,Hire
E100238,2016-08-30,Quality Engineering,L2,Hire
E100238,2023-04-01,Quality Engineering,L3,Promotion
E100239,2016-06-18,Cloud and Infrastructure,L2,Hire
E100240,2017-09-18,Delivery,L1,Hire
E100241,2021-05-24,Delivery,L1,Hire
E100242,2020-12-17,Cloud and Infrastructure,L1,Hire
E100243,2021-04-26,Quality Engineering,L2,Hire
E100243,2023-04-01,Quality Engineering,L3,Promotion
E100243,2025-04-01,Quality Engineering,L4,Promotion
E100244,2020-06-27,Delivery,L3,Hire
E100245,2019-01-07,Quality Engineering,L2,Hire
E100245,2022-04-01,Quality Engineering,L3,Promotion
E100246,2021-03-19,Delivery,L1,Hire
E100246,2025-04-01,Delivery,L2,Promotion
E100247,2021-09-05,Delivery,L1,Hire
E100248,2019-05-19,Delivery,L2,Hire
E100249,2018-01-11,Delivery,L4,Hire
E100250,2019-12-18,Cloud and Infrastructure,L4,Hire
E100251,2017-04-29,Delivery,L2,Hire
E100252,2018-06-30,Quality Engineering,L4,Hire
E100253,2013-04-29,Delivery,L5,Hire
E100254,2020-07-28,Delivery,L2,Hire
E100254,2024-04-01,Delivery,L3,Promotion
E100255,2018-10-10,Delivery,L3,Hire
E100255,2023-04-01,Delivery,L4,Promotion
E100256,2020-03-08,Data and Analytics,L2,Hire
E100257,2013-08-19,Delivery,L1,Hire
E100258,2007-01-17,Delivery,L2,Hire
E100259,2018-01-25,Delivery,L1,Hire
E100260,2019-07-23,Quality Engineering,L3,Hire
E100261,2018-06-24,Quality Engineering,L3,Hire
E100262,2018-04-05,Delivery,L4,Hire
E100263,2020-01-20,Cloud and Infrastructure,L2,Hire
E100264,2019-03-21,Cloud and Infrastructure,L1,Hire
E100265,2017-02-26,Data and Analytics,L4,Hire
E100265,2025-04-01,Data and Analytics,L5,Promotion
E100266,2019-10-26,Data and Analytics,L4,Hire
E100267,2017-02-20,Corporate Functions,L5,Hire
E100268,2021-03-19,Delivery,L2,Hire
E100269,2019-07-02,Cloud and Infrastructure,L3,Hire
E100270,2020-07-20,Quality Engineering,L2,Hire
E100271,2017-09-06,Data and Analytics,L1,Hire
E100272,2021-05-08,Delivery,L1,Hire
E100272,2024-04-01,Delivery,L2,Promotion
E100273,2020-02-04,Quality Engineering,L3,Hire
E100274,2018-09-13,Quality Engineering,L2,Hire
E100275,2015-07-26,Sales and Presales,L3,Hire
E100276,2018-12-31,Data and Analytics,L2,Hire
E100276,2023-04-01,Data and Analytics,L3,Promotion
E100277,2021-03-22,Cloud and Infrastructure,L2,Hire
E100278,2017-10-19,Cloud and Infrastructure,L5,Hire
E100278,2024-04-01,Cloud and Infrastructure,L6,Promotion
E100279,2019-12-23,Cloud and Infrastructure,L1,Hire
E100280,2021-04-22,Delivery,L2,Hire
E100280,2023-04-01,Delivery,L3,Promotion
E100281,2019-06-19,Sales and Presales,L1,Hire
E100282,2018-11-17,Consulting,L5,Hire
E100282,2024-04-01,Consulting,L6,Promotion
E100283,2018-03-10,Data and Analytics,L2,Hire
E100284,2019-03-03,Delivery,L2,Hire
E100285,2020-10-20,Consulting,L1,Hire
E100286,2013-09-14,Consulting,L2,Hire
E100286,2022-04-01,Consulting,L3,Promotion
E100286,2025-04-01,Consulting,L4,Promotion
E100287,2014-08-18,Delivery,L2,Hire
E100288,2020-09-01,Quality Engineering,L1,Hire
E100289,2018-09-21,Delivery,L1,Hire
E100289,2025-04-01,Delivery,L2,Promotion
E100290,2021-06-14,Delivery,L2,Hire
E100291,2019-06-23,Consulting,L2,Hire
E100292,2018-11-24,Cloud and Infrastructure,L2,Hire
E100293,2019-07-06,Quality Engineering,L4,Hire
E100294,2017-02-16,Quality Engineering,L4,Hire
E100295,2018-04-21,Delivery,L5,Hire
E100296,2017-05-02,Delivery,L3,Hire
E100297,2020-06-04,Delivery,L2,Hire
E100298,2020-05-31,Delivery,L2,Hire
E100298,2022-04-01,Delivery,L3,Promotion
E100299,2019-09-10,Quality Engineering,L2,Hire
E100299,2023-04-01,Quality Engineering,L3,Promotion
E100300,2019-06-03,Delivery,L2,Hire
E100301,2020-08-29,Corporate Functions,L1,Hire
E100302,2016-03-10,Sales and Presales,L3,Hire
E100302,2022-04-01,Sales and Presales,L4,Promotion
E100303,2019-04-01,Delivery,L1,Hire
E100303,2024-04-01,Delivery,L2,Promotion
E100304,2016-02-28,Consulting,L1,Hire
E100304,2023-04-01,Consulting,L2,Promotion
E100305,2017-03-15,Delivery,L2,Hire
E100306,2020-08-22,Data and Analytics,L3,Hire
E100307,2021-02-06,Delivery,L2,Hire
E100307,2025-04-01,Delivery,L3,Promotion
E100308,2020-08-20,Data and Analytics,L2,Hire
E100309,2020-07-25,Consulting,L3,Hire
E100310,2014-05-23,Delivery,L1,Hire
E100311,2020-12-31,Delivery,L1,Hire
E100312,2017-12-08,Delivery,L2,Hire
E100313,2021-03-27,Cloud and Infrastructure,L2,Hire
E100314,2010-04-16,Quality Engineering,L4,Hire
E100315,2019-05-11,Delivery,L2,Hire
E100316,2020-08-31,Corporate Functions,L3,Hire
E100317,2021-11-03,Delivery,L1,Hire
E100318,2020-08-10,Delivery,L1,Hire
E100319,2021-05-09,Delivery,L2,Hire
E100320,2019-09-15,Delivery,L1,Hire
E100321,2017-02-26,Cloud and Infrastructure,L1,Hire
E100322,2021-05-16,Delivery,L1,Hire
E100323,2020-10-15,Quality Engineering,L2,Hire
E100324,2021-02-18,Data and Analytics,L2,Hire
E100325,2020-10-27,Delivery,L2,Hire
E100326,2019-07-18,Quality Engineering,L4,Hire
E100327,2020-10-20,Delivery,L2,Hire
E100328,2021-06-16,Data and Analytics,L1,Hire
E100329,2011-12-19,Quality Engineering,L2,Hire
E100329,2024-04-01,Quality Engineering,L3,Promotion
E100330,2021-08-18,Quality Engineering,L1,Hire
E100331,2017-12-28,Delivery,L2,Hire
E100332,2020-08-30,Delivery,L2,Hire
E100333,2021-06-22,Data and Analytics,L2,Hire
E100334,2018-05-13,Delivery,L1,Hire
E100335,2021-05-11,Delivery,L2,Hire
E100336,2019-08-12,Consulting,L3,Hire
E100337,2013-12-22,Delivery,L3,Hire
E100338,2018-07-02,Delivery,L5,Hire
E100339,2018-08-18,Delivery,L2,Hire
E100340,2015-05-17,Data and Analytics,L3,Hire
E100341,2018-06-13,Cloud and Infrastructure,L2,Hire
E100342,2021-02-20,Delivery,L1,Hire
E100342,2025-04-01,Delivery,L2,Promotion
E100343,2017-09-14,Delivery,L4,Hire
E100344,2017-05-18,Data and Analytics,L3,Hire
E100344,2024-04-01,Data and Analytics,L4,Promotion
E100345,2017-01-11,Quality Engineering,L5,Hire
E100346,2015-01-27,Data and Analytics,L4,Hire
E100347,2018-10-11,Cloud and Infrastructure,L4,Hire
E100348,2019-10-20,Sales and Presales,L1,Hire
E100349,2021-07-19,Consulting,L1,Hire
E100349,2024-04-01,Consulting,L2,Promotion
E100350,2018-08-23,Delivery,L1,Hire
E100351,2019-11-21,Cloud and Infrastructure,L2,Hire
E100352,2016-11-29,Cloud and Infrastructure,L3,Hire
E100353,2020-08-16,Corporate Functions,L2,Hire
E100354,2013-04-30,Quality Engineering,L2,Hire
E100355,2011-10-28,Delivery,L3,Hire
E100356,2019-04-26,Delivery,L1,Hire
E100357,2019-07-06,Delivery,L3,Hire
E100357,2023-04-01,Delivery,L4,Promotion
E100358,2019-10-19,Data and Analytics,L1,Hire
E100359,2019-07-15,Delivery,L1,Hire
E100360,2020-02-08,Quality Engineering,L3,Hire
E100361,2018-06-18,Corporate Functions,L3,Hire
E100362,2021-02-18,Cloud and Infrastructure,L2,Hire
E100363,2021-09-27,Delivery,L1,Hire
E100364,2019-07-29,Delivery,L4,Hire
E100365,2022-02-10,Delivery,L1,Hire
E100366,2019-12-30,Data and Analytics,L1,Hire
E100366,2023-04-01,Data and Analytics,L2,Promotion
E100367,2021-08-27,Sales and Presales,L1,Hire
E100368,2019-04-21,Cloud and Infrastructure,L1,Hire
E100369,2018-03-21,Corporate Functions,L3,Hire
E100370,2016-01-24,Consulting,L1,Hire
E100370,2023-04-01,Consulting,L2,Promotion
E100371,2018-06-08,Delivery,L5,Hire
E100371,2022-04-01,Delivery,L6,Promotion
E100372,2018-07-31,Quality Engineering,L1,Hire
E100373,2019-07-09,Data and Analytics,L2,Hire
E100374,2020-03-20,Delivery,L2,Hire
E100374,2024-04-01,Delivery,L3,Promotion
E100375,2021-06-08,Data and Analytics,L2,Hire
E100376,2017-05-09,Delivery,L2,Hire
E100377,2021-09-11,Cloud and Infrastructure,L1,Hire
E100378,2020-06-05,Corporate Functions,L2,Hire
E100379,2017-08-07,Cloud and Infrastructure,L1,Hire
E100380,2008-08-20,Cloud and Infrastructure,L1,Hire
E100380,2025-04-01,Cloud and Infrastructure,L2,Promotion
E100381,2018-10-11,Corporate Functions,L4,Hire
E100382,2019-11-19,Delivery,L1,Hire
E100383,2012-10-09,Data and Analytics,L1,Hire
E100383,2025-04-01,Data and Analytics,L2,Promotion
E100384,2018-11-04,Sales and Presales,L3,Hire
E100384,2023-04-01,Sales and Presales,L4,Promotion
E100385,2019-01-08,Corporate Functions,L4,Hire
E100386,2018-04-10,Quality Engineering,L1,Hire
E100386,2022-04-01,Quality Engineering,L2,Promotion
E100387,2017-07-27,Quality Engineering,L2,Hire
E100388,2015-07-22,Sales and Presales,L3,Hire
E100389,2017-06-04,Delivery,L3,Hire
E100390,2020-11-14,Delivery,L2,Hire
E100391,2021-12-05,Sales and Presales,L1,Hire
E100392,2019-01-06,Cloud and Infrastructure,L1,Hire
E100393,2015-03-18,Delivery,L3,Hire
E100394,2019-10-19,Delivery,L3,Hire
E100394,2022-04-01,Delivery,L4,Promotion
E100395,2017-03-06,Data and Analytics,L4,Hire
E100396,2017-08-13,Delivery,L3,Hire
E100397,2016-09-17,Delivery,L2,Hire
E100398,2012-05-30,Delivery,L1,Hire
E100399,2019-08-19,Delivery,L4,Hire
E100400,2014-01-01,Consulting,L3,Hire
E100401,2021-01-16,Delivery,L2,Hire
E100402,2020-08-20,Sales and Presales,L3,Hire
E100403,2021-03-31,Delivery,L2,Hire
E100404,2019-12-29,Quality Engineering,L2,Hire
E100405,2021-03-01,Quality Engineering,L2,Hire
E100406,2018-03-18,Delivery,L2,Hire
E100406,2025-04-01,Delivery,L3,Promotion
E100407,2019-05-04,Delivery,L3,Hire
E100408,2018-01-18,Cloud and Infrastructure,L5,Hire
E100409,2016-01-23,Quality Engineering,L4,Hire
E100409,2025-04-01,Quality Engineering,L5,Promotion
E100410,2013-05-14,Data and Analytics,L2,Hire
E100410,2022-04-01,Data and Analytics,L3,Promotion
E100411,2021-03-06,Data and Analytics,L2,Hire
E100412,2006-04-08,Delivery,L5,Hire
E100413,2020-12-10,Corporate Functions,L2,Hire
E100414,2019-04-26,Delivery,L3,Hire
E100415,2020-02-16,Corporate Functions,L1,Hire
E100416,2020-11-22,Cloud and Infrastructure,L2,Hire
E100417,2017-05-15,Cloud and Infrastructure,L2,Hire
E100418,2020-04-21,Data and Analytics,L3,Hire
E100418,2025-04-01,Data and Analytics,L4,Promotion
E100419,2015-04-13,Delivery,L4,Hire
E100420,2011-01-08,Quality Engineering,L1,Hire
E100421,2021-03-11,Delivery,L2,Hire
E100422,2020-01-07,Data and Analytics,L3,Hire
E100423,2021-09-28,Delivery,L1,Hire
E100424,2016-07-18,Data and Analytics,L4,Hire
E100424,2022-04-01,Data and Analytics,L5,Promotion
E100425,2013-07-23,Delivery,L2,Hire
E100426,2016-02-16,Delivery,L5,Hire
E100427,2021-07-18,Consulting,L1,Hire
E100428,2017-01-17,Delivery,L2,Hire
E100429,2020-06-11,Delivery,L2,Hire
E100430,2018-11-01,Delivery,L3,Hire
E100431,2020-08-24,Delivery,L2,Hire
E100432,2020-11-14,Delivery,L2,Hire
E100432,2025-04-01,Delivery,L3,Promotion
E100433,2017-12-21,Cloud and Infrastructure,L2,Hire
E100434,2018-03-28,Corporate Functions,L2,Hire
E100435,2019-09-23,Cloud and Infrastructure,L2,Hire
E100436,2017-11-02,Quality Engineering,L4,Hire
E100436,2023-04-01,Quality Engineering,L5,Promotion
E100437,2019-10-07,Cloud and Infrastructure,L2,Hire
E100438,2020-12-25,Cloud and Infrastructure,L2,Hire
E100439,2020-10-03,Cloud and Infrastructure,L1,Hire
E100440,2018-09-16,Delivery,L1,Hire
E100441,2018-01-26,Cloud and Infrastructure,L5,Hire
E100442,2020-01-18,Quality Engineering,L2,Hire
E100442,2024-04-01,Quality Engineering,L3,Promotion
E100443,2019-03-16,Cloud and Infrastructure,L4,Hire
E100443,2022-04-01,Cloud and Infrastructure,L5,Promotion
E100444,2020-02-28,Quality Engineering,L2,Hire
E100444,2025-04-01,Quality Engineering,L3,Promotion
E100445,2015-02-23,Delivery,L6,Hire
E100446,2018-10-27,Delivery,L1,Hire
E100447,2018-11-14,Delivery,L5,Hire
E100448,2013-04-13,Data and Analytics,L3,Hire
E100449,2018-11-17,Delivery,L2,Hire
E100449,2023-04-01,Delivery,L3,Promotion
E100450,2015-05-01,Cloud and Infrastructure,L3,Hire
E100451,2019-03-23,Delivery,L3,Hire
E100451,2022-04-01,Delivery,L4,Promotion
E100452,2017-03-21,Delivery,L2,Hire
E100453,2016-02-15,Sales and Presales,L3,Hire
E100454,2019-03-17,Consulting,L1,Hire
E100455,2021-05-30,Corporate Functions,L1,Hire
E100456,2015-10-30,Delivery,L3,Hire
E100457,2014-06-30,Delivery,L2,Hire
E100458,2017-12-18,Cloud and Infrastructure,L4,Hire
E100459,2021-12-17,Cloud and Infrastructure,L1,Hire
E100460,2020-03-09,Delivery,L3,Hire
E100461,2017-07-08,Quality Engineering,L6,Hire
E100462,2011-05-28,Cloud and Infrastructure,L4,Hire
E100463,2017-11-15,Delivery,L5,Hire
E100463,2022-04-01,Delivery,L6,Promotion
E100464,2019-02-24,Quality Engineering,L1,Hire
E100464,2024-04-01,Quality Engineering,L2,Promotion
E100465,2020-05-26,Delivery,L1,Hire
E100466,2018-05-20,Sales and Presales,L1,Hire
E100466,2022-04-01,Sales and Presales,L2,Promotion
E100467,2015-04-30,Delivery,L2,Hire
E100467,2022-04-01,Delivery,L3,Promotion
E100468,2022-02-13,Data and Analytics,L1,Hire
E100469,2021-08-27,Quality Engineering,L1,Hire
E100470,2020-04-22,Delivery,L1,Hire
E100471,2014-06-18,Data and Analytics,L5,Hire
E100472,2021-01-30,Quality Engineering,L2,Hire
E100473,2018-07-03,Delivery,L3,Hire
E100474,2019-11-18,Quality Engineering,L2,Hire
E100475,2018-05-16,Cloud and Infrastructure,L3,Hire
E100476,2011-08-23,Delivery,L3,Hire
E100477,2013-09-05,Quality Engineering,L2,Hire
E100478,2012-09-29,Delivery,L2,Hire
E100479,2012-11-09,Corporate Functions,L1,Hire
E100480,2019-04-24,Cloud and Infrastructure,L1,Hire
E100481,2021-08-15,Data and Analytics,L1,Hire
E100482,2018-08-30,Data and Analytics,L2,Hire
E100483,2020-07-03,Delivery,L2,Hire
E100484,2016-10-04,Quality Engineering,L2,Hire
E100485,2019-12-30,Cloud and Infrastructure,L2,Hire
E100486,2016-12-06,Delivery,L2,Hire
E100486,2022-04-01,Delivery,L3,Promotion
E100487,2017-01-10,Delivery,L4,Hire
E100488,2021-06-17,Delivery,L1,Hire
E100489,2020-02-02,Delivery,L1,Hire
E100490,2014-05-28,Quality Engineering,L1,Hire
E100491,2017-11-25,Quality Engineering,L4,Hire
E100491,2022-04-01,Quality Engineering,L5,Promotion
E100491,2024-04-01,Quality Engineering,L6,Promotion
E100492,2015-04-29,Delivery,L3,Hire
E100493,2018-06-08,Quality Engineering,L3,Hire
E100494,2004-04-05,Corporate Functions,L5,Hire
E100494,2022-04-01,Corporate Functions,L6,Promotion
E100495,2021-12-21,Corporate Functions,L1,Hire
E100496,2018-05-26,Delivery,L5,Hire
E100496,2022-04-01,Delivery,L6,Promotion
E100497,2020-07-27,Delivery,L1,Hire
E100497,2024-04-01,Delivery,L2,Promotion
E100498,2019-07-10,Cloud and Infrastructure,L2,Hire
E100499,2016-11-14,Delivery,L3,Hire
E100499,2022-04-01,Delivery,L4,Promotion
E100500,2016-10-19,Quality Engineering,L3,Hire
E100500,2022-04-01,Quality Engineering,L4,Promotion
E100501,2020-12-04,Data and Analytics,L1,Hire
E100502,2021-03-06,Data and Analytics,L2,Hire
E100502,2023-04-01,Data and Analytics,L3,Promotion
E100503,2014-09-28,Delivery,L1,Hire
E100504,2021-04-18,Cloud and Infrastructure,L1,Hire
E100505,2017-05-28,Cloud and Infrastructure,L6,Hire
E100506,2018-06-06,Delivery,L4,Hire
E100507,2021-04-18,Corporate Functions,L2,Hire
E100508,2017-12-12,Consulting,L3,Hire
E100509,2019-12-26,Delivery,L4,Hire
E100510,2021-02-21,Cloud and Infrastructure,L2,Hire
E100511,2013-06-29,Delivery,L6,Hire
E100512,2020-09-12,Cloud and Infrastructure,L2,Hire
E100512,2023-04-01,Cloud and Infrastructure,L3,Promotion
E100513,2020-09-18,Quality Engineering,L1,Hire
E100514,2021-01-30,Quality Engineering,L2,Hire
E100515,2021-06-30,Delivery,L2,Hire
E100516,2014-02-04,Delivery,L3,Hire
E100516,2023-04-01,Delivery,L4,Promotion
E100517,2016-08-19,Cloud and Infrastructure,L3,Hire
E100518,2018-11-18,Delivery,L1,Hire
E100518,2024-04-01,Delivery,L2,Promotion
E100519,2018-06-12,Corporate Functions,L3,Hire
E100520,2017-01-20,Data and Analytics,L5,Hire
E100520,2022-04-01,Data and Analytics,L6,Promotion
E100521,2019-01-12,Data and Analytics,L3,Hire
E100522,2018-03-08,Delivery,L5,Hire
E100523,2021-01-27,Delivery,L2,Hire
E100524,2015-07-22,Corporate Functions,L3,Hire
E100525,2017-07-02,Cloud and Infrastructure,L1,Hire
E100526,2012-05-21,Delivery,L4,Hire
E100527,2012-11-09,Data and Analytics,L2,Hire
E100527,2025-04-01,Data and Analytics,L3,Promotion
E100528,2019-04-21,Delivery,L4,Hire
E100529,2013-09-12,Quality Engineering,L2,Hire
E100530,2015-09-12,Cloud and Infrastructure,L3,Hire
E100531,2016-10-06,Corporate Functions,L4,Hire
E100532,2017-11-02,Delivery,L3,Hire
E100533,2018-06-30,Delivery,L2,Hire
E100534,2018-11-23,Corporate Functions,L5,Hire
E100535,2020-12-09,Delivery,L1,Hire
E100536,2020-12-09,Delivery,L1,Hire
E100537,2020-01-05,Delivery,L2,Hire
E100538,2018-07-15,Sales and Presales,L5,Hire
E100538,2023-04-01,Sales and Presales,L6,Promotion
E100539,2012-11-23,Sales and Presales,L3,Hire
E100540,2017-02-12,Quality Engineering,L2,Hire
E100540,2022-04-01,Quality Engineering,L3,Promotion
E100541,2020-02-17,Delivery,L1,Hire
E100542,2020-05-25,Delivery,L2,Hire
E100542,2023-04-01,Delivery,L3,Promotion
E100543,2016-10-28,Cloud and Infrastructure,L2,Hire
E100544,2018-08-17,Data and Analytics,L2,Hire
E100544,2024-04-01,Data and Analytics,L3,Promotion
E100545,2020-05-11,Quality Engineering,L2,Hire
E100546,2010-08-30,Delivery,L1,Hire
E100547,2018-05-15,Delivery,L4,Hire
E100548,2019-03-31,Delivery,L1,Hire
E100549,2020-05-04,Delivery,L1,Hire
E100550,2021-06-01,Cloud and Infrastructure,L2,Hire
E100551,2019-01-11,Data and Analytics,L5,Hire
E100551,2022-04-01,Data and Analytics,L6,Promotion
E100552,2009-04-06,Corporate Functions,L1,Hire
E100552,2022-04-01,Corporate Functions,L2,Promotion
E100553,2020-10-10,Cloud and Infrastructure,L1,Hire
E100554,2018-12-28,Corporate Functions,L5,Hire
E100555,2018-11-06,Delivery,L2,Hire
E100556,2015-09-16,Quality Engineering,L4,Hire
E100557,2022-01-19,Quality Engineering,L1,Hire
E100558,2019-01-06,Delivery,L4,Hire
E100559,2019-11-29,Cloud and Infrastructure,L1,Hire
E100559,2023-04-01,Cloud and Infrastructure,L2,Promotion
E100560,2021-05-03,Consulting,L1,Hire
E100561,2019-06-06,Quality Engineering,L3,Hire
E100561,2025-04-01,Quality Engineering,L4,Promotion
E100562,2017-05-03,Delivery,L6,Hire
E100563,2015-10-18,Data and Analytics,L5,Hire
E100564,2017-12-07,Data and Analytics,L3,Hire
E100564,2023-04-01,Data and Analytics,L4,Promotion
E100565,2012-04-13,Delivery,L4,Hire
E100566,2017-11-14,Delivery,L6,Hire
E100567,2018-10-04,Delivery,L2,Hire
E100568,2018-09-24,Consulting,L1,Hire
E100569,2018-09-25,Cloud and Infrastructure,L4,Hire
E100570,2017-11-20,Corporate Functions,L2,Hire
E100571,2020-06-16,Quality Engineering,L2,Hire
E100572,2020-11-04,Corporate Functions,L2,Hire
E100573,2021-08-28,Delivery,L1,Hire
E100574,2008-06-29,Quality Engineering,L1,Hire
E100574,2023-04-01,Quality Engineering,L2,Promotion
E100575,2021-09-03,Sales and Presales,L1,Hire
E100576,2019-11-06,Delivery,L2,Hire
E100577,2019-05-18,Delivery,L3,Hire
E100578,2017-08-25,Data and Analytics,L5,Hire
E100579,2019-05-23,Delivery,L3,Hire
E100579,2024-04-01,Delivery,L4,Promotion
E100580,2018-04-08,Delivery,L5,Hire
E100580,2023-04-01,Delivery,L6,Promotion
E100581,2017-08-16,Delivery,L3,Hire
E100582,2020-04-21,Quality Engineering,L3,Hire
E100583,2016-11-02,Data and Analytics,L2,Hire
E100584,2021-08-11,Data and Analytics,L1,Hire
E100584,2023-04-01,Data and Analytics,L2,Promotion
E100585,2020-10-18,Sales and Presales,L1,Hire
E100586,2018-06-28,Data and Analytics,L3,Hire
E100586,2023-04-01,Data and Analytics,L4,Promotion
E100587,2021-02-02,Quality Engineering,L1,Hire
E100588,2018-03-23,Delivery,L3,Hire
E100588,2022-04-01,Delivery,L4,Promotion
E100589,2019-05-25,Cloud and Infrastructure,L2,Hire
E100589,2023-04-01,Cloud and Infrastructure,L3,Promotion
E100590,2019-10-25,Data and Analytics,L1,Hire
E100591,2007-10-22,Delivery,L2,Hire
E100591,2024-04-01,Delivery,L3,Promotion
E100592,2012-06-06,Delivery,L2,Hire
E100593,2020-10-05,Delivery,L1,Hire
E100593,2023-04-01,Delivery,L2,Promotion
E100594,2021-09-21,Delivery,L1,Hire
E100595,2020-05-13,Sales and Presales,L2,Hire
E100595,2022-04-01,Sales and Presales,L3,Promotion
E100596,2017-03-15,Cloud and Infrastructure,L2,Hire
E100597,2019-12-21,Corporate Functions,L3,Hire
E100598,2016-11-11,Delivery,L1,Hire
E100599,2013-12-06,Consulting,L2,Hire
E100599,2024-04-01,Consulting,L3,Promotion
E100600,2019-04-19,Cloud and Infrastructure,L2,Hire
E100601,2018-10-20,Delivery,L5,Hire
E100602,2017-11-15,Data and Analytics,L1,Hire
E100602,2023-04-01,Data and Analytics,L2,Promotion
E100603,2017-12-05,Data and Analytics,L1,Hire
E100604,2021-02-12,Cloud and Infrastructure,L1,Hire
E100605,2010-01-23,Data and Analytics,L1,Hire
E100605,2022-04-01,Data and Analytics,L2,Promotion
E100606,2020-12-19,Cloud and Infrastructure,L1,Hire
E100607,2019-09-07,Corporate Functions,L1,Hire
E100608,2022-01-06,Delivery,L1,Hire
E100609,2020-06-20,Delivery,L1,Hire
E100609,2025-04-01,Delivery,L2,Promotion
E100610,2021-03-22,Delivery,L2,Hire
E100611,2018-01-28,Delivery,L3,Hire
E100612,2019-03-21,Quality Engineering,L2,Hire
E100613,2021-03-27,Delivery,L1,Hire
E100614,2020-05-30,Data and Analytics,L1,Hire
E100615,2020-06-02,Quality Engineering,L1,Hire
E100615,2024-04-01,Quality Engineering,L2,Promotion
E100616,2021-07-11,Cloud and Infrastructure,L1,Hire
E100617,2020-09-13,Delivery,L2,Hire
E100618,2017-05-10,Quality Engineering,L4,Hire
E100619,2015-11-26,Delivery,L3,Hire
E100619,2023-04-01,Delivery,L4,Promotion
E100620,2021-07-14,Quality Engineering,L1,Hire
E100621,2019-07-07,Delivery,L1,Hire
E100621,2023-04-01,Delivery,L2,Promotion
E100622,2021-08-24,Delivery,L1,Hire
E100622,2024-04-01,Delivery,L2,Promotion
E100623,2019-02-09,Delivery,L2,Hire
E100624,2020-01-19,Delivery,L2,Hire
E100625,2020-10-01,Delivery,L3,Hire
E100626,2018-09-04,Delivery,L1,Hire
E100627,2019-06-04,Cloud and Infrastructure,L1,Hire
E100628,2011-02-01,Consulting,L3,Hire
E100628,2022-04-01,Consulting,L4,Promotion
E100628,2024-04-01,Consulting,L5,Promotion
E100629,2021-05-14,Quality Engineering,L2,Hire
E100630,2020-02-11,Cloud and Infrastructure,L2,Hire
E100631,2019-03-18,Consulting,L4,Hire
E100632,2020-12-03,Sales and Presales,L1,Hire
E100633,2019-06-18,Cloud and Infrastructure,L1,Hire
E100634,2018-01-06,Cloud and Infrastructure,L2,Hire
E100634,2022-04-01,Cloud and Infrastructure,L3,Promotion
E100635,2013-07-11,Delivery,L2,Hire
E100635,2025-04-01,Delivery,L3,Promotion
E100636,2014-09-11,Consulting,L6,Hire
E100637,2014-01-08,Delivery,L5,Hire
E100638,2019-10-30,Delivery,L2,Hire
E100639,2016-09-16,Delivery,L3,Hire
E100640,2017-09-09,Data and Analytics,L3,Hire
E100641,2017-07-19,Delivery,L1,Hire
E100642,2020-04-01,Delivery,L2,Hire
E100643,2021-02-19,Data and Analytics,L2,Hire
E100644,2020-06-13,Quality Engineering,L2,Hire
E100645,2021-03-21,Sales and Presales,L1,Hire
E100646,2018-01-15,Consulting,L1,Hire
E100646,2025-04-01,Consulting,L2,Promotion
E100647,2019-08-01,Sales and Presales,L4,Hire
E100648,2018-02-26,Data and Analytics,L3,Hire
E100649,2018-03-21,Quality Engineering,L3,Hire
E100650,2019-01-22,Delivery,L1,Hire
E100651,2011-08-23,Corporate Functions,L2,Hire
E100651,2024-04-01,Corporate Functions,L3,Promotion
E100652,2017-11-22,Delivery,L1,Hire
E100653,2019-06-15,Data and Analytics,L2,Hire
E100654,2016-07-24,Delivery,L4,Hire
E100654,2022-04-01,Delivery,L5,Promotion
E100654,2025-04-01,Delivery,L6,Promotion
E100655,2018-10-20,Cloud and Infrastructure,L3,Hire
E100655,2023-04-01,Cloud and Infrastructure,L4,Promotion
E100656,2013-05-22,Data and Analytics,L5,Hire
E100657,2022-01-13,Data and Analytics,L1,Hire
E100658,2019-05-27,Cloud and Infrastructure,L3,Hire
E100658,2025-04-01,Cloud and Infrastructure,L4,Promotion
E100659,2020-12-09,Delivery,L1,Hire
E100660,2018-10-01,Delivery,L2,Hire
E100660,2024-04-01,Delivery,L3,Promotion
E100661,2020-08-16,Delivery,L1,Hire
E100662,2015-11-18,Delivery,L2,Hire
E100663,2010-10-07,Delivery,L2,Hire
E100664,2020-09-11,Delivery,L2,Hire
E100665,2019-04-05,Cloud and Infrastructure,L2,Hire
E100666,2018-10-31,Corporate Functions,L3,Hire
E100666,2024-04-01,Corporate Functions,L4,Promotion
E100667,2020-04-28,Delivery,L2,Hire
E100668,2021-01-19,Delivery,L2,Hire
E100669,2021-09-09,Delivery,L1,Hire
E100670,2021-04-09,Delivery,L1,Hire
E100671,2019-08-21,Quality Engineering,L4,Hire
E100672,2012-10-10,Delivery,L5,Hire
E100672,2025-04-01,Delivery,L6,Promotion
E100673,2019-05-19,Delivery,L2,Hire
E100674,2014-05-27,Delivery,L4,Hire
E100675,2015-06-10,Cloud and Infrastructure,L4,Hire
E100675,2023-04-01,Cloud and Infrastructure,L5,Promotion
E100676,2019-05-26,Delivery,L1,Hire
E100677,2018-09-02,Delivery,L1,Hire
E100678,2017-02-28,Cloud and Infrastructure,L3,Hire
E100678,2025-04-01,Cloud and Infrastructure,L4,Promotion
E100679,2019-10-16,Delivery,L2,Hire
E100679,2023-04-01,Delivery,L3,Promotion
E100680,2017-09-27,Quality Engineering,L5,Hire
E100681,2020-05-24,Delivery,L2,Hire
E100682,2017-07-19,Corporate Functions,L3,Hire
E100683,2020-09-08,Delivery,L3,Hire
E100684,2021-12-25,Delivery,L1,Hire
E100685,2017-08-20,Quality Engineering,L4,Hire
E100686,2020-11-21,Consulting,L2,Hire
E100687,2021-08-11,Cloud and Infrastructure,L1,Hire
E100687,2023-04-01,Cloud and Infrastructure,L2,Promotion
E100687,2025-04-01,Cloud and Infrastructure,L3,Promotion
E100688,2020-01-08,Data and Analytics,L1,Hire
E100688,2025-04-01,Data and Analytics,L2,Promotion
E100689,2013-12-30,Delivery,L2,Hire
E100690,2020-06-27,Quality Engineering,L3,Hire
E100691,2021-08-16,Consulting,L1,Hire
E100692,2019-08-28,Data and Analytics,L4,Hire
E100693,2020-12-24,Delivery,L1,Hire
E100694,2007-01-12,Data and Analytics,L4,Hire
E100695,2020-09-15,Cloud and Infrastructure,L1,Hire
E100695,2023-04-01,Cloud and Infrastructure,L2,Promotion
E100696,2019-08-20,Delivery,L1,Hire
E100697,2021-09-02,Cloud and Infrastructure,L1,Hire
E100698,2017-09-30,Delivery,L2,Hire
E100699,2020-06-27,Delivery,L2,Hire
E100700,2021-04-26,Delivery,L2,Hire
E100701,2018-07-17,Delivery,L4,Hire
E100702,2017-10-02,Delivery,L2,Hire
E100703,2012-08-13,Quality Engineering,L2,Hire
E100703,2024-04-01,Quality Engineering,L3,Promotion
E100704,2020-06-11,Delivery,L2,Hire
E100704,2023-04-01,Delivery,L3,Promotion
E100704,2025-04-01,Delivery,L4,Promotion
E100705,2014-05-29,Cloud and Infrastructure,L3,Hire
E100706,2021-05-17,Delivery,L2,Hire
E100707,2017-06-06,Quality Engineering,L3,Hire
E100707,2024-04-01,Quality Engineering,L4,Promotion
E100708,2019-08-25,Quality Engineering,L4,Hire
E100709,2018-10-15,Delivery,L2,Hire
E100710,2020-11-26,Delivery,L2,Hire
E100710,2024-04-01,Delivery,L3,Promotion
E100711,2021-12-19,Cloud and Infrastructure,L1,Hire
E100712,2017-02-24,Delivery,L4,Hire
E100712,2025-04-01,Delivery,L5,Promotion
E100713,2012-07-15,Delivery,L3,Hire
E100714,2019-01-14,Corporate Functions,L3,Hire
E100715,2017-05-04,Delivery,L1,Hire
E100716,2018-09-16,Delivery,L2,Hire
E100716,2025-04-01,Delivery,L3,Promotion
E100717,2019-08-09,Corporate Functions,L4,Hire
E100718,2020-12-05,Cloud and Infrastructure,L1,Hire
E100719,2019-07-24,Delivery,L3,Hire
E100720,2020-10-05,Quality Engineering,L2,Hire
E100721,2021-06-30,Quality Engineering,L1,Hire
E100721,2024-04-01,Quality Engineering,L2,Promotion
E100722,2021-05-17,Consulting,L2,Hire
E100723,2021-12-21,Data and Analytics,L1,Hire
E100724,2020-04-28,Corporate Functions,L3,Hire
E100725,2017-09-04,Data and Analytics,L3,Hire
E100726,2019-07-11,Corporate Functions,L1,Hire
E100727,2020-06-04,Data and Analytics,L2,Hire
E100728,2019-08-11,Delivery,L3,Hire
E100729,2015-03-22,Delivery,L1,Hire
E100729,2025-04-01,Delivery,L2,Promotion
E100730,2012-11-25,Delivery,L2,Hire
E100730,2024-04-01,Delivery,L3,Promotion
E100731,2015-04-08,Delivery,L3,Hire
E100731,2022-04-01,Delivery,L4,Promotion
E100732,2021-02-04,Cloud and Infrastructure,L2,Hire
E100733,2019-08-20,Data and Analytics,L1,Hire
E100734,2013-09-23,Consulting,L4,Hire
E100734,2024-04-01,Consulting,L5,Promotion
E100735,2019-10-23,Delivery,L3,Hire
E100736,2021-05-16,Data and Analytics,L2,Hire
E100737,2012-10-24,Delivery,L2,Hire
E100737,2022-04-01,Delivery,L3,Promotion
E100738,2017-05-21,Corporate Functions,L2,Hire
E100739,2015-10-23,Delivery,L2,Hire
E100739,2022-04-01,Delivery,L3,Promotion
E100740,2018-02-16,Delivery,L1,Hire
E100740,2024-04-01,Delivery,L2,Promotion
E100741,2022-02-10,Sales and Presales,L1,Hire
E100742,2013-10-25,Delivery,L1,Hire
E100742,2022-04-01,Delivery,L2,Promotion
E100743,2022-01-10,Delivery,L1,Hire
E100744,2019-07-25,Quality Engineering,L1,Hire
E100745,2020-02-24,Quality Engineering,L3,Hire
E100746,2021-01-22,Delivery,L2,Hire
E100747,2010-02-16,Consulting,L2,Hire
E100748,2015-07-08,Delivery,L4,Hire
E100749,2021-12-03,Quality Engineering,L1,Hire
E100750,2015-01-03,Cloud and Infrastructure,L2,Hire
E100751,2017-02-18,Delivery,L1,Hire
E100752,2017-11-26,Delivery,L2,Hire
E100753,2016-06-01,Quality Engineering,L1,Hire
E100754,2018-01-23,Data and Analytics,L1,Hire
E100754,2023-04-01,Data and Analytics,L2,Promotion
E100755,2017-07-09,Corporate Functions,L1,Hire
E100756,2017-06-23,Delivery,L2,Hire
E100757,2014-05-06,Sales and Presales,L3,Hire
E100758,2021-04-11,Corporate Functions,L1,Hire
E100758,2024-04-01,Corporate Functions,L2,Promotion
E100759,2012-03-09,Sales and Presales,L3,Hire
E100760,2019-07-17,Data and Analytics,L1,Hire
E100761,2019-03-12,Data and Analytics,L1,Hire
E100761,2024-04-01,Data and Analytics,L2,Promotion
E100762,2020-02-06,Corporate Functions,L2,Hire
E100762,2025-04-01,Corporate Functions,L3,Promotion
E100763,2017-02-01,Delivery,L1,Hire
E100763,2022-04-01,Delivery,L2,Promotion
E100764,2020-04-29,Data and Analytics,L2,Hire
E100765,2018-08-03,Cloud and Infrastructure,L2,Hire
E100766,2017-09-11,Delivery,L4,Hire
E100767,2015-05-20,Delivery,L1,Hire
E100767,2024-04-01,Delivery,L2,Promotion
E100768,2020-04-30,Delivery,L3,Hire
E100769,2008-11-16,Delivery,L2,Hire
E100770,2018-09-12,Delivery,L2,Hire
E100771,2018-08-16,Delivery,L1,Hire
E100772,2016-10-20,Cloud and Infrastructure,L4,Hire
E100772,2023-04-01,Cloud and Infrastructure,L5,Promotion
E100772,2025-04-01,Cloud and Infrastructure,L6,Promotion
E100773,2021-12-12,Delivery,L1,Hire
E100774,2020-03-26,Delivery,L2,Hire
E100774,2024-04-01,Delivery,L3,Promotion
E100775,2021-04-13,Cloud and Infrastructure,L2,Hire
E100776,2016-12-28,Sales and Presales,L4,Hire
E100777,2017-06-25,Delivery,L2,Hire
E100777,2023-04-01,Delivery,L3,Promotion
E100778,2014-08-10,Delivery,L6,Hire
E100779,2021-05-15,Delivery,L1,Hire
E100780,2013-01-22,Cloud and Infrastructure,L3,Hire
E100781,2019-12-25,Corporate Functions,L2,Hire
E100782,2018-02-13,Quality Engineering,L2,Hire
E100782,2024-04-01,Quality Engineering,L3,Promotion
E100783,2020-06-11,Delivery,L3,Hire
E100783,2025-04-01,Delivery,L4,Promotion
E100784,2020-04-29,Cloud and Infrastructure,L2,Hire
E100785,2020-07-15,Delivery,L2,Hire
E100785,2023-04-01,Delivery,L3,Promotion
E100786,2016-04-26,Data and Analytics,L3,Hire
E100787,2015-04-10,Delivery,L1,Hire
E100787,2023-04-01,Delivery,L2,Promotion
E100788,2020-08-30,Cloud and Infrastructure,L2,Hire
E100789,2019-04-18,Delivery,L2,Hire
E100790,2017-01-18,Cloud and Infrastructure,L1,Hire
E100791,2021-02-03,Consulting,L2,Hire
E100792,2020-06-09,Data and Analytics,L3,Hire
E100793,2021-07-15,Delivery,L1,Hire
E100793,2023-04-01,Delivery,L2,Promotion
E100794,2019-10-21,Data and Analytics,L1,Hire
E100794,2024-04-01,Data and Analytics,L2,Promotion
E100795,2020-03-21,Delivery,L1,Hire
E100796,2019-12-31,Delivery,L2,Hire
E100797,2018-12-12,Delivery,L1,Hire
E100798,2019-10-26,Cloud and Infrastructure,L1,Hire
E100799,2020-07-30,Quality Engineering,L2,Hire
E100800,2019-05-14,Delivery,L2,Hire
E100801,2020-04-09,Sales and Presales,L1,Hire
E100802,2018-02-24,Delivery,L5,Hire
E100802,2024-04-01,Delivery,L6,Promotion
E100803,2018-02-01,Delivery,L1,Hire
E100804,2020-10-26,Delivery,L2,Hire
E100805,2021-08-07,Cloud and Infrastructure,L1,Hire
E100806,2016-07-25,Delivery,L2,Hire
E100807,2015-10-28,Delivery,L2,Hire
E100807,2022-04-01,Delivery,L3,Promotion
E100807,2024-04-01,Delivery,L4,Promotion
E100808,2020-09-26,Cloud and Infrastructure,L2,Hire
E100809,2021-01-14,Quality Engineering,L2,Hire
E100810,2018-03-23,Quality Engineering,L2,Hire
E100811,2015-12-09,Data and Analytics,L2,Hire
E100812,2016-09-15,Quality Engineering,L3,Hire
E100812,2022-04-01,Quality Engineering,L4,Promotion
E100812,2024-04-01,Quality Engineering,L5,Promotion
E100813,2021-11-26,Delivery,L1,Hire
E100813,2025-04-01,Delivery,L2,Promotion
E100814,2019-04-27,Cloud and Infrastructure,L1,Hire
E100815,2018-05-05,Delivery,L1,Hire
E100816,2016-09-27,Delivery,L2,Hire
E100817,2021-04-26,Delivery,L2,Hire
E100818,2020-04-25,Cloud and Infrastructure,L2,Hire
E100819,2018-10-17,Delivery,L2,Hire
E100820,2021-09-03,Sales and Presales,L1,Hire
E100821,2021-01-22,Cloud and Infrastructure,L2,Hire
E100822,2017-03-02,Quality Engineering,L1,Hire
E100823,2018-10-10,Quality Engineering,L2,Hire
E100824,2015-08-08,Delivery,L3,Hire
E100825,2017-05-26,Delivery,L3,Hire
E100826,2019-09-29,Quality Engineering,L1,Hire
E100826,2023-04-01,Quality Engineering,L2,Promotion
E100827,2020-04-06,Delivery,L2,Hire
E100828,2016-10-18,Quality Engineering,L5,Hire
E100829,2014-03-06,Quality Engineering,L1,Hire
E100830,2020-02-28,Data and Analytics,L3,Hire
E100831,2019-08-20,Corporate Functions,L2,Hire
E100832,2019-12-08,Data and Analytics,L2,Hire
E100833,2020-12-18,Sales and Presales,L2,Hire
E100834,2015-12-19,Delivery,L1,Hire
E100834,2022-04-01,Delivery,L2,Promotion
E100835,2021-02-08,Data and Analytics,L2,Hire
E100836,2019-05-09,Cloud and Infrastructure,L1,Hire
E100836,2022-04-01,Cloud and Infrastructure,L2,Promotion
E100837,2018-05-30,Corporate Functions,L4,Hire
E100838,2017-03-13,Data and Analytics,L3,Hire
E100839,2021-03-25,Consulting,L2,Hire
E100840,2011-12-08,Corporate Functions,L2,Hire
E100840,2024-04-01,Corporate Functions,L3,Promotion
E100841,2018-04-16,Data and Analytics,L2,Hire
E100841,2024-04-01,Data and Analytics,L3,Promotion
E100842,2009-11-04,Delivery,L5,Hire
E100843,2022-02-02,Data and Analytics,L1,Hire
E100844,2013-11-17,Corporate Functions,L1,Hire
E100845,2019-01-09,Delivery,L2,Hire
E100845,2025-04-01,Delivery,L3,Promotion
E100846,2020-07-18,Cloud and Infrastructure,L3,Hire
E100847,2016-10-24,Cloud and Infrastructure,L3,Hire
E100848,2018-07-05,Delivery,L2,Hire
E100849,2013-05-02,Corporate Functions,L1,Hire
E100850,2009-10-09,Data and Analytics,L3,Hire
E100851,2020-09-09,Delivery,L2,Hire
E100852,2015-12-23,Quality Engineering,L1,Hire
E100853,2020-04-01,Quality Engineering,L3,Hire
E100854,2020-11-05,Cloud and Infrastructure,L2,Hire
E100855,2021-05-06,Delivery,L2,Hire
E100856,2019-12-19,Cloud and Infrastructure,L1,Hire
E100857,2018-08-17,Quality Engineering,L2,Hire
E100858,2020-02-29,Delivery,L1,Hire
E100858,2023-04-01,Delivery,L2,Promotion
E100859,2009-07-15,Delivery,L2,Hire
E100860,2010-01-24,Consulting,L5,Hire
E100860,2023-04-01,Consulting,L6,Promotion
E100861,2017-03-07,Quality Engineering,L2,Hire
E100862,2021-10-01,Delivery,L1,Hire
E100863,2019-03-27,Delivery,L2,Hire
E100863,2022-04-01,Delivery,L3,Promotion
E100864,2018-02-19,Delivery,L4,Hire
E100865,2019-06-02,Delivery,L4,Hire
E100866,2018-05-29,Delivery,L3,Hire
E100866,2023-04-01,Delivery,L4,Promotion
E100867,2018-06-10,Delivery,L4,Hire
E100867,2025-04-01,Delivery,L5,Promotion
E100868,2015-03-13,Data and Analytics,L3,Hire
E100869,2018-05-14,Delivery,L3,Hire
E100869,2023-04-01,Delivery,L4,Promotion
E100870,2020-02-25,Delivery,L2,Hire
E100871,2010-02-26,Sales and Presales,L1,Hire
E100872,2020-01-13,Cloud and Infrastructure,L3,Hire
E100873,2016-03-27,Delivery,L3,Hire
E100874,2019-03-16,Delivery,L5,Hire
E100875,2021-05-29,Corporate Functions,L2,Hire
E100876,2018-11-07,Delivery,L4,Hire
E100877,2021-07-23,Data and Analytics,L1,Hire
E100878,2015-09-17,Delivery,L5,Hire
E100879,2017-08-29,Sales and Presales,L6,Hire
E100880,2021-04-21,Cloud and Infrastructure,L1,Hire
E100881,2019-07-02,Cloud and Infrastructure,L2,Hire
E100882,2017-02-21,Delivery,L6,Hire
E100883,2015-12-13,Delivery,L5,Hire
E100884,2016-01-13,Cloud and Infrastructure,L3,Hire
E100885,2020-10-02,Delivery,L1,Hire
E100885,2025-04-01,Delivery,L2,Promotion
E100886,2019-05-30,Sales and Presales,L1,Hire
E100886,2022-04-01,Sales and Presales,L2,Promotion
E100887,2020-11-30,Corporate Functions,L1,Hire
E100887,2025-04-01,Corporate Functions,L2,Promotion
E100888,2018-11-22,Delivery,L5,Hire
E100889,2019-10-10,Delivery,L3,Hire
E100890,2016-12-03,Consulting,L2,Hire
E100890,2023-04-01,Consulting,L3,Promotion
E100890,2025-04-01,Consulting,L4,Promotion
E100891,2008-04-04,Quality Engineering,L3,Hire
E100892,2010-11-29,Cloud and Infrastructure,L4,Hire
E100892,2022-04-01,Cloud and Infrastructure,L5,Promotion
E100893,2019-10-02,Delivery,L1,Hire
E100894,2018-09-11,Data and Analytics,L4,Hire
E100895,2021-06-26,Sales and Presales,L1,Hire
E100895,2023-04-01,Sales and Presales,L2,Promotion
E100896,2013-09-29,Delivery,L2,Hire
E100896,2025-04-01,Delivery,L3,Promotion
E100897,2019-07-31,Delivery,L1,Hire
E100897,2024-04-01,Delivery,L2,Promotion
E100898,2021-12-23,Delivery,L1,Hire
E100898,2025-04-01,Delivery,L2,Promotion
E100899,2014-03-25,Delivery,L2,Hire
E100899,2023-04-01,Delivery,L3,Promotion
E100899,2025-04-01,Delivery,L4,Promotion
E100900,2017-05-15,Cloud and Infrastructure,L1,Hire
E100901,2020-07-16,Quality Engineering,L2,Hire
E100902,2019-06-30,Delivery,L1,Hire
E100903,2013-12-03,Delivery,L3,Hire
E100904,2019-09-28,Cloud and Infrastructure,L1,Hire
E100905,2020-08-05,Cloud and Infrastructure,L1,Hire
E100905,2023-04-01,Cloud and Infrastructure,L2,Promotion
E100906,2021-05-13,Delivery,L1,Hire
E100907,2010-02-09,Quality Engineering,L2,Hire
E100907,2022-04-01,Quality Engineering,L3,Promotion
E100908,2018-10-01,Delivery,L3,Hire
E100909,2019-08-16,Delivery,L3,Hire
E100910,2018-03-22,Delivery,L3,Hire
E100911,2020-07-27,Quality Engineering,L3,Hire
E100912,2018-12-21,Data and Analytics,L2,Hire
E100913,2019-10-12,Quality Engineering,L2,Hire
E100914,2014-07-08,Quality Engineering,L1,Hire
E100914,2023-04-01,Quality Engineering,L2,Promotion
E100915,2014-04-28,Delivery,L4,Hire
E100916,2021-03-05,Cloud and Infrastructure,L2,Hire
E100917,2015-09-13,Delivery,L3,Hire
E100917,2023-04-01,Delivery,L4,Promotion
E100918,2018-01-15,Delivery,L1,Hire
E100918,2022-04-01,Delivery,L2,Promotion
E100919,2021-06-22,Cloud and Infrastructure,L2,Hire
E100920,2017-02-03,Data and Analytics,L1,Hire
E100921,2015-09-09,Quality Engineering,L2,Hire
E100922,2019-12-31,Delivery,L3,Hire
E100923,2010-10-25,Delivery,L2,Hire
E100923,2022-04-01,Delivery,L3,Promotion
E100923,2024-04-01,Delivery,L4,Promotion
E100924,2017-05-01,Data and Analytics,L3,Hire
E100925,2019-04-22,Delivery,L1,Hire
E100926,2017-08-25,Corporate Functions,L2,Hire
E100927,2019-09-01,Data and Analytics,L2,Hire
E100928,2021-04-03,Data and Analytics,L2,Hire
E100929,2021-11-02,Cloud and Infrastructure,L1,Hire
E100929,2024-04-01,Cloud and Infrastructure,L2,Promotion
E100930,2020-05-08,Delivery,L3,Hire
E100931,2015-06-21,Consulting,L4,Hire
E100932,2013-10-01,Cloud and Infrastructure,L3,Hire
E100932,2022-04-01,Cloud and Infrastructure,L4,Promotion
E100933,2021-06-23,Delivery,L1,Hire
E100934,2021-03-24,Delivery,L2,Hire
E100935,2021-01-24,Sales and Presales,L2,Hire
E100936,2019-03-30,Consulting,L2,Hire
E100937,2017-02-02,Cloud and Infrastructure,L1,Hire
E100938,2020-03-05,Delivery,L3,Hire
E100939,2020-03-22,Delivery,L2,Hire
E100940,2010-11-17,Delivery,L5,Hire
E100941,2017-03-29,Quality Engineering,L1,Hire
E100942,2021-04-10,Data and Analytics,L2,Hire
E100942,2024-04-01,Data and Analytics,L3,Promotion
E100943,2018-05-07,Quality Engineering,L2,Hire
E100943,2023-04-01,Quality Engineering,L3,Promotion
E100944,2017-03-19,Delivery,L4,Hire
E100945,2018-07-02,Sales and Presales,L3,Hire
E100946,2021-04-27,Delivery,L1,Hire
E100947,2021-04-30,Quality Engineering,L2,Hire
E100947,2025-04-01,Quality Engineering,L3,Promotion
E100948,2019-05-01,Delivery,L3,Hire
E100949,2020-10-03,Data and Analytics,L2,Hire
E100950,2019-02-28,Quality Engineering,L1,Hire
E100951,2018-07-10,Delivery,L5,Hire
E100952,2015-03-19,Corporate Functions,L4,Hire
E100953,2020-05-05,Delivery,L2,Hire
E100954,2016-06-06,Quality Engineering,L2,Hire
E100955,2017-05-10,Cloud and Infrastructure,L5,Hire
E100955,2022-04-01,Cloud and Infrastructure,L6,Promotion
E100956,2020-07-24,Quality Engineering,L1,Hire
E100956,2022-04-01,Quality Engineering,L2,Promotion
E100957,2019-09-28,Delivery,L4,Hire
E100958,2016-12-28,Delivery,L4,Hire
E100958,2022-04-01,Delivery,L5,Promotion
E100959,2013-04-14,Delivery,L3,Hire
E100959,2022-04-01,Delivery,L4,Promotion
E100960,2019-10-19,Delivery,L3,Hire
E100961,2018-11-15,Quality Engineering,L3,Hire
E100962,2019-09-07,Data and Analytics,L2,Hire
E100963,2021-05-24,Consulting,L2,Hire
E100964,2019-08-09,Delivery,L1,Hire
E100965,2018-11-24,Quality Engineering,L2,Hire
E100966,2017-12-24,Delivery,L3,Hire
E100967,2021-01-09,Quality Engineering,L2,Hire
E100968,2019-08-15,Delivery,L3,Hire
E100969,2021-01-15,Delivery,L2,Hire
E100970,2017-09-09,Cloud and Infrastructure,L3,Hire
E100971,2020-08-05,Cloud and Infrastructure,L3,Hire
E100972,2020-04-10,Sales and Presales,L1,Hire
E100973,2016-09-12,Delivery,L3,Hire
E100974,2019-07-17,Sales and Presales,L1,Hire
E100974,2025-04-01,Sales and Presales,L2,Promotion
E100975,2016-02-13,Sales and Presales,L1,Hire
E100976,2021-04-28,Sales and Presales,L1,Hire
E100976,2024-04-01,Sales and Presales,L2,Promotion
E100977,2020-09-20,Cloud and Infrastructure,L2,Hire
E100978,2021-06-15,Sales and Presales,L2,Hire
E100979,2018-12-22,Delivery,L2,Hire
E100980,2021-09-06,Sales and Presales,L1,Hire
E100981,2020-06-20,Delivery,L3,Hire
E100982,2018-05-21,Quality Engineering,L2,Hire
E100983,2010-04-15,Quality Engineering,L4,Hire
E100983,2023-04-01,Quality Engineering,L5,Promotion
E100983,2025-04-01,Quality Engineering,L6,Promotion
E100984,2021-06-14,Quality Engineering,L1,Hire
E100985,2017-03-08,Delivery,L3,Hire
E100986,2016-03-07,Delivery,L2,Hire
E100987,2018-12-07,Sales and Presales,L4,Hire
E100987,2025-04-01,Sales and Presales,L5,Promotion
E100988,2017-08-21,Data and Analytics,L3,Hire
E100988,2022-04-01,Data and Analytics,L4,Promotion
E100989,2017-09-18,Data and Analytics,L3,Hire
E100990,2018-07-26,Delivery,L1,Hire
E100991,2019-05-04,Delivery,L3,Hire
E100991,2024-04-01,Delivery,L4,Promotion
E100992,2019-03-13,Cloud and Infrastructure,L2,Hire
E100993,2019-03-06,Quality Engineering,L3,Hire
E100994,2019-05-17,Delivery,L4,Hire
E100995,2020-12-03,Cloud and Infrastructure,L1,Hire
E100996,2021-04-17,Delivery,L1,Hire
E100997,2018-10-26,Quality Engineering,L3,Hire
E100998,2013-05-30,Delivery,L5,Hire
E100999,2019-11-04,Delivery,L4,Hire
E101000,2016-04-29,Delivery,L2,Hire
E101001,2019-07-30,Consulting,L4,Hire
E101002,2019-03-12,Delivery,L1,Hire
E101002,2024-04-01,Delivery,L2,Promotion
E101003,2017-10-23,Sales and Presales,L1,Hire
E101004,2020-09-27,Delivery,L2,Hire
E101005,2021-06-17,Delivery,L2,Hire
E101005,2025-04-01,Delivery,L3,Promotion
E101006,2016-04-15,Cloud and Infrastructure,L4,Hire
E101007,2019-07-22,Delivery,L1,Hire
E101007,2022-04-01,Delivery,L2,Promotion
E101008,2012-01-06,Delivery,L2,Hire
E101008,2022-04-01,Delivery,L3,Promotion
E101009,2017-06-05,Delivery,L6,Hire
E101010,2014-06-09,Delivery,L2,Hire
E101010,2025-04-01,Delivery,L3,Promotion
E101011,2019-03-23,Delivery,L2,Hire
E101011,2025-04-01,Delivery,L3,Promotion
E101012,2019-01-21,Sales and Presales,L2,Hire
E101012,2024-04-01,Sales and Presales,L3,Promotion
E101013,2017-02-15,Delivery,L6,Hire
E101014,2020-03-31,Delivery,L1,Hire
E101015,2017-09-28,Data and Analytics,L3,Hire
E101015,2023-04-01,Data and Analytics,L4,Promotion
E101015,2025-04-01,Data and Analytics,L5,Promotion
E101016,2016-08-16,Quality Engineering,L2,Hire
E101017,2020-11-16,Sales and Presales,L2,Hire
E101017,2025-04-01,Sales and Presales,L3,Promotion
E101018,2021-03-05,Cloud and Infrastructure,L1,Hire
E101019,2019-07-28,Quality Engineering,L2,Hire
E101019,2022-04-01,Quality Engineering,L3,Promotion
E101020,2018-03-19,Cloud and Infrastructure,L2,Hire
E101021,2019-05-01,Cloud and Infrastructure,L2,Hire
E101022,2020-11-21,Data and Analytics,L2,Hire
E101023,2017-05-18,Delivery,L3,Hire
E101024,2008-08-13,Delivery,L4,Hire
E101025,2018-11-03,Quality Engineering,L2,Hire
E101026,2021-01-30,Cloud and Infrastructure,L2,Hire
E101027,2017-08-30,Delivery,L5,Hire
E101028,2017-10-28,Delivery,L1,Hire
E101029,2019-11-06,Delivery,L1,Hire
E101029,2023-04-01,Delivery,L2,Promotion
E101030,2018-10-04,Delivery,L4,Hire
E101031,2017-10-13,Delivery,L1,Hire
E101032,2020-05-15,Corporate Functions,L1,Hire
E101033,2019-11-10,Delivery,L2,Hire
E101034,2021-02-09,Delivery,L2,Hire
E101035,2006-01-15,Sales and Presales,L2,Hire
E101036,2018-09-19,Delivery,L4,Hire
E101037,2021-11-03,Quality Engineering,L1,Hire
E101038,2018-05-19,Delivery,L1,Hire
E101039,2021-10-12,Delivery,L1,Hire
E101040,2016-09-15,Delivery,L5,Hire
E101041,2018-03-10,Delivery,L2,Hire
E101041,2025-04-01,Delivery,L3,Promotion
E101042,2011-08-19,Sales and Presales,L2,Hire
E101043,2020-02-29,Cloud and Infrastructure,L3,Hire
E101044,2018-08-16,Quality Engineering,L5,Hire
E101045,2019-06-27,Delivery,L2,Hire
E101045,2025-04-01,Delivery,L3,Promotion
E101046,2016-03-11,Data and Analytics,L3,Hire
E101046,2024-04-01,Data and Analytics,L4,Promotion
E101047,2020-10-10,Quality Engineering,L1,Hire
E101048,2017-08-13,Sales and Presales,L2,Hire
E101049,2018-10-07,Delivery,L2,Hire
E101050,2016-12-08,Consulting,L1,Hire
E101051,2018-07-19,Delivery,L1,Hire
E101052,2016-12-31,Delivery,L1,Hire
E101053,2019-11-22,Quality Engineering,L1,Hire
E101054,2019-09-30,Quality Engineering,L4,Hire
E101055,2018-06-27,Quality Engineering,L3,Hire
E101055,2022-04-01,Quality Engineering,L4,Promotion
E101056,2019-11-23,Quality Engineering,L1,Hire
E101057,2020-12-04,Cloud and Infrastructure,L2,Hire
E101058,2019-03-22,Delivery,L3,Hire
E101059,2015-12-18,Quality Engineering,L4,Hire
E101059,2025-04-01,Quality Engineering,L5,Promotion
E101060,2010-03-23,Delivery,L2,Hire
E101061,2018-05-19,Delivery,L3,Hire
E101062,2019-07-31,Data and Analytics,L1,Hire
E101063,2019-05-29,Data and Analytics,L3,Hire
E101064,2013-11-21,Delivery,L4,Hire
E101065,2021-03-12,Cloud and Infrastructure,L2,Hire
E101066,2016-09-23,Data and Analytics,L1,Hire
E101067,2020-10-12,Delivery,L1,Hire
E101068,2019-11-12,Delivery,L3,Hire
E101068,2025-04-01,Delivery,L4,Promotion
E101069,2017-02-01,Corporate Functions,L3,Hire
E101070,2017-09-29,Quality Engineering,L1,Hire
E101071,2020-11-10,Delivery,L2,Hire
E101072,2014-12-08,Data and Analytics,L5,Hire
E101072,2024-04-01,Data and Analytics,L6,Promotion
E101073,2021-10-25,Corporate Functions,L1,Hire
E101074,2014-03-22,Delivery,L1,Hire
E101075,2021-05-05,Delivery,L1,Hire
E101075,2024-04-01,Delivery,L2,Promotion
E101076,2020-05-17,Delivery,L2,Hire
E101077,2019-07-15,Consulting,L2,Hire
E101078,2016-11-20,Corporate Functions,L4,Hire
E101079,2021-09-29,Delivery,L1,Hire
E101080,2020-11-12,Sales and Presales,L1,Hire
E101081,2017-04-26,Sales and Presales,L5,Hire
E101082,2021-02-05,Data and Analytics,L1,Hire
E101083,2013-12-25,Quality Engineering,L1,Hire
E101083,2022-04-01,Quality Engineering,L2,Promotion
E101084,2015-08-11,Delivery,L2,Hire
E101084,2023-04-01,Delivery,L3,Promotion
E101085,2020-10-28,Cloud and Infrastructure,L1,Hire
E101086,2016-04-18,Delivery,L1,Hire
E101087,2016-06-11,Data and Analytics,L2,Hire
E101088,2018-10-22,Delivery,L2,Hire
E101089,2018-01-17,Delivery,L2,Hire
E101090,2016-08-30,Corporate Functions,L3,Hire
E101091,2018-01-06,Consulting,L2,Hire
E101092,2016-10-06,Consulting,L1,Hire
E101093,2012-03-10,Delivery,L3,Hire
E101094,2021-05-15,Delivery,L2,Hire
E101095,2015-01-16,Cloud and Infrastructure,L1,Hire
E101095,2024-04-01,Cloud and Infrastructure,L2,Promotion
E101096,2019-08-09,Corporate Functions,L2,Hire
E101097,2020-12-08,Corporate Functions,L1,Hire
E101098,2019-10-30,Delivery,L4,Hire
E101098,2022-04-01,Delivery,L5,Promotion
E101098,2024-04-01,Delivery,L6,Promotion
E101099,2018-07-30,Delivery,L1,Hire
E101100,2020-05-12,Cloud and Infrastructure,L1,Hire
E101101,2020-06-13,Delivery,L3,Hire
E101101,2025-04-01,Delivery,L4,Promotion
E101102,2018-10-20,Quality Engineering,L3,Hire
E101102,2022-04-01,Quality Engineering,L4,Promotion
E101103,2018-09-20,Quality Engineering,L4,Hire
E101104,2015-03-16,Delivery,L3,Hire
E101105,2011-04-15,Cloud and Infrastructure,L2,Hire
E101106,2020-08-23,Delivery,L2,Hire
E101107,2018-09-05,Delivery,L2,Hire
E101108,2018-07-11,Cloud and Infrastructure,L2,Hire
E101108,2024-04-01,Cloud and Infrastructure,L3,Promotion
E101109,2019-01-06,Delivery,L5,Hire
E101109,2024-04-01,Delivery,L6,Promotion
E101110,2019-11-20,Cloud and Infrastructure,L1,Hire
E101111,2018-04-20,Cloud and Infrastructure,L3,Hire
E101112,2020-01-18,Quality Engineering,L1,Hire
E101113,2020-06-26,Delivery,L1,Hire
E101113,2022-04-01,Delivery,L2,Promotion
E101114,2018-04-19,Delivery,L5,Hire
E101114,2023-04-01,Delivery,L6,Promotion
E101115,2020-04-26,Delivery,L1,Hire
E101116,2020-07-25,Delivery,L2,Hire
E101117,2016-11-02,Delivery,L4,Hire
E101118,2008-08-04,Delivery,L3,Hire
E101118,2025-04-01,Delivery,L4,Promotion
E101119,2020-02-17,Sales and Presales,L2,Hire
E101120,2019-03-23,Cloud and Infrastructure,L3,Hire
E101121,2010-11-22,Quality Engineering,L5,Hire
E101121,2025-04-01,Quality Engineering,L6,Promotion
E101122,2015-10-25,Delivery,L5,Hire
E101123,2020-05-17,Consulting,L1,Hire
E101124,2020-11-21,Data and Analytics,L1,Hire
E101125,2020-01-19,Delivery,L1,Hire
E101125,2025-04-01,Delivery,L2,Promotion
E101126,2021-06-21,Sales and Presales,L1,Hire
E101127,2020-08-08,Delivery,L3,Hire
E101128,2017-02-17,Quality Engineering,L4,Hire
E101129,2020-01-05,Delivery,L1,Hire
E101130,2018-08-19,Delivery,L1,Hire
E101131,2019-09-21,Cloud and Infrastructure,L2,Hire
E101132,2010-03-02,Delivery,L3,Hire
E101133,2016-10-24,Sales and Presales,L3,Hire
E101134,2021-04-27,Sales and Presales,L2,Hire
E101135,2016-06-06,Delivery,L3,Hire
E101135,2023-04-01,Delivery,L4,Promotion
E101136,2019-06-29,Delivery,L4,Hire
E101137,2019-07-23,Cloud and Infrastructure,L4,Hire
E101137,2024-04-01,Cloud and Infrastructure,L5,Promotion
E101138,2009-11-01,Corporate Functions,L1,Hire
E101138,2024-04-01,Corporate Functions,L2,Promotion
E101139,2010-03-13,Consulting,L3,Hire
E101140,2019-06-03,Delivery,L3,Hire
E101141,2016-10-08,Corporate Functions,L4,Hire
E101142,2014-01-25,Delivery,L2,Hire
E101143,2018-05-26,Delivery,L1,Hire
E101144,2019-04-10,Delivery,L2,Hire
E101144,2022-04-01,Delivery,L3,Promotion
E101145,2020-06-12,Delivery,L2,Hire
E101146,2016-08-31,Quality Engineering,L2,Hire
E101147,2019-07-13,Delivery,L3,Hire
E101148,2014-06-27,Delivery,L3,Hire
E101149,2020-06-18,Delivery,L3,Hire
E101150,2019-07-01,Delivery,L3,Hire
E101151,2012-03-08,Quality Engineering,L1,Hire
E101152,2020-11-04,Delivery,L1,Hire
E101153,2019-12-21,Quality Engineering,L2,Hire
E101153,2024-04-01,Quality Engineering,L3,Promotion
E101154,2015-11-03,Delivery,L4,Hire
E101154,2023-04-01,Delivery,L5,Promotion
E101155,2019-05-06,Delivery,L3,Hire
E101155,2022-04-01,Delivery,L4,Promotion
E101156,2016-03-19,Quality Engineering,L3,Hire
E101157,2007-01-22,Delivery,L3,Hire
E101157,2023-04-01,Delivery,L4,Promotion
E101158,2019-11-25,Delivery,L3,Hire
E101159,2013-04-27,Delivery,L6,Hire
E101160,2020-08-29,Delivery,L3,Hire
E101161,2016-01-25,Delivery,L4,Hire
E101162,2017-11-13,Delivery,L5,Hire
E101163,2018-12-09,Quality Engineering,L3,Hire
E101164,2017-10-10,Delivery,L3,Hire
E101165,2021-01-17,Quality Engineering,L1,Hire
E101166,2021-12-02,Cloud and Infrastructure,L1,Hire
E101166,2025-04-01,Cloud and Infrastructure,L2,Promotion
E101167,2016-02-16,Data and Analytics,L5,Hire
E101168,2019-06-07,Sales and Presales,L1,Hire
E101168,2024-04-01,Sales and Presales,L2,Promotion
E101169,2013-08-09,Corporate Functions,L2,Hire
E101169,2022-04-01,Corporate Functions,L3,Promotion
E101169,2025-04-01,Corporate Functions,L4,Promotion
E101170,2021-11-04,Data and Analytics,L1,Hire
E101171,2018-06-21,Delivery,L3,Hire
E101171,2022-04-01,Delivery,L4,Promotion
E101172,2019-11-18,Delivery,L1,Hire
E101173,2020-07-04,Corporate Functions,L3,Hire
E101173,2024-04-01,Corporate Functions,L4,Promotion
E101174,2020-01-19,Delivery,L1,Hire
E101175,2004-08-12,Sales and Presales,L3,Hire
E101176,2018-11-23,Delivery,L4,Hire
E101176,2024-04-01,Delivery,L5,Promotion
E101177,2018-06-22,Sales and Presales,L3,Hire
E101178,2020-06-08,Quality Engineering,L2,Hire
E101178,2025-04-01,Quality Engineering,L3,Promotion
E101179,2014-01-07,Corporate Functions,L3,Hire
E101179,2024-04-01,Corporate Functions,L4,Promotion
E101180,2018-11-02,Quality Engineering,L4,Hire
E101180,2023-04-01,Quality Engineering,L5,Promotion
E101181,2019-02-05,Cloud and Infrastructure,L3,Hire
E101181,2025-04-01,Cloud and Infrastructure,L4,Promotion
E101182,2021-08-02,Data and Analytics,L1,Hire
E101182,2024-04-01,Data and Analytics,L2,Promotion
E101183,2017-06-23,Quality Engineering,L1,Hire
E101184,2017-06-18,Sales and Presales,L4,Hire
E101185,2013-03-24,Sales and Presales,L3,Hire
E101186,2021-03-21,Cloud and Infrastructure,L1,Hire
E101187,2020-04-27,Cloud and Infrastructure,L2,Hire
E101188,2021-01-15,Data and Analytics,L2,Hire
E101189,2022-01-14,Delivery,L1,Hire
E101190,2016-01-22,Delivery,L4,Hire
E101190,2025-04-01,Delivery,L5,Promotion
E101191,2021-04-01,Quality Engineering,L1,Hire
E101192,2019-10-16,Delivery,L1,Hire
E101192,2025-04-01,Delivery,L2,Promotion
E101193,2015-06-12,Data and Analytics,L2,Hire
E101194,2019-08-20,Data and Analytics,L2,Hire
E101195,2016-10-07,Quality Engineering,L4,Hire
E101196,2020-08-08,Data and Analytics,L3,Hire
E101196,2024-04-01,Data and Analytics,L4,Promotion
E101197,2021-02-17,Consulting,L1,Hire
E101198,2019-11-14,Delivery,L2,Hire
E101199,2019-10-12,Consulting,L1,Hire
E101200,2020-09-05,Consulting,L3,Hire
E101201,2017-09-28,Delivery,L4,Hire
E101202,2017-03-11,Sales and Presales,L1,Hire
E101203,2016-06-17,Delivery,L2,Hire
E101204,2018-04-20,Cloud and Infrastructure,L1,Hire
E101205,2020-02-14,Delivery,L1,Hire
E101206,2019-10-05,Quality Engineering,L3,Hire
E101206,2024-04-01,Quality Engineering,L4,Promotion
E101207,2018-05-15,Data and Analytics,L5,Hire
E101207,2024-04-01,Data and Analytics,L6,Promotion
E101208,2021-12-14,Delivery,L1,Hire
E101209,2021-06-06,Delivery,L2,Hire
E101210,2018-11-01,Delivery,L2,Hire
E101210,2023-04-01,Delivery,L3,Promotion
E101211,2011-03-10,Delivery,L1,Hire
E101211,2022-04-01,Delivery,L2,Promotion
E101211,2025-04-01,Delivery,L3,Promotion
E101212,2021-01-10,Quality Engineering,L2,Hire
E101213,2018-03-14,Data and Analytics,L1,Hire
E101214,2017-03-28,Cloud and Infrastructure,L3,Hire
E101214,2025-04-01,Cloud and Infrastructure,L4,Promotion
E101215,2018-12-22,Quality Engineering,L3,Hire
E101216,2012-02-15,Consulting,L1,Hire
E101217,2020-07-29,Delivery,L2,Hire
E101217,2025-04-01,Delivery,L3,Promotion
E101218,2021-11-16,Quality Engineering,L1,Hire
E101219,2018-02-05,Delivery,L3,Hire
E101220,2021-01-14,Quality Engineering,L1,Hire
E101221,2008-03-20,Cloud and Infrastructure,L3,Hire
E101222,2017-02-11,Delivery,L3,Hire
E101222,2022-04-01,Delivery,L4,Promotion
E101223,2004-04-05,Cloud and Infrastructure,L2,Hire
E101224,2019-09-12,Delivery,L1,Hire
E101224,2024-04-01,Delivery,L2,Promotion
E101225,2018-10-03,Quality Engineering,L4,Hire
E101225,2023-04-01,Quality Engineering,L5,Promotion
E101226,2019-09-10,Data and Analytics,L2,Hire
E101227,2020-01-28,Quality Engineering,L3,Hire
E101227,2022-04-01,Quality Engineering,L4,Promotion
E101227,2024-04-01,Quality Engineering,L5,Promotion
E101228,2015-02-12,Delivery,L2,Hire
E101228,2023-04-01,Delivery,L3,Promotion
E101229,2018-05-26,Sales and Presales,L2,Hire
E101230,2019-10-12,Delivery,L3,Hire
E101231,2017-04-05,Delivery,L2,Hire
E101232,2013-11-13,Delivery,L3,Hire
E101232,2023-04-01,Delivery,L4,Promotion
E101233,2019-12-13,Sales and Presales,L2,Hire
E101234,2019-04-28,Delivery,L3,Hire
E101235,2018-01-11,Delivery,L3,Hire
E101236,2018-07-23,Sales and Presales,L5,Hire
E101237,2018-08-03,Cloud and Infrastructure,L2,Hire
E101238,2020-08-15,Quality Engineering,L2,Hire
E101239,2016-04-23,Consulting,L6,Hire
E101240,2019-04-14,Delivery,L2,Hire
E101240,2022-04-01,Delivery,L3,Promotion
E101241,2019-08-14,Delivery,L2,Hire
E101241,2023-04-01,Delivery,L3,Promotion
E101242,2020-04-03,Delivery,L3,Hire
E101243,2016-12-19,Delivery,L1,Hire
E101244,2019-03-11,Quality Engineering,L5,Hire
E101244,2022-04-01,Quality Engineering,L6,Promotion
E101245,2015-04-27,Delivery,L3,Hire
E101246,2015-11-02,Data and Analytics,L3,Hire
E101246,2024-04-01,Data and Analytics,L4,Promotion
E101247,2017-02-11,Quality Engineering,L1,Hire
E101247,2022-04-01,Quality Engineering,L2,Promotion
E101248,2019-10-31,Corporate Functions,L3,Hire
E101249,2013-03-28,Quality Engineering,L4,Hire
E101249,2023-04-01,Quality Engineering,L5,Promotion
E101250,2016-09-24,Corporate Functions,L3,Hire
E101251,2019-09-23,Delivery,L4,Hire
E101252,2019-05-27,Quality Engineering,L1,Hire
E101253,2018-09-15,Delivery,L3,Hire
E101254,2015-04-07,Cloud and Infrastructure,L4,Hire
E101255,2020-08-02,Sales and Presales,L2,Hire
E101256,2015-01-02,Quality Engineering,L1,Hire
E101257,2019-01-27,Cloud and Infrastructure,L2,Hire
E101258,2021-09-07,Delivery,L1,Hire
E101259,2021-10-31,Consulting,L1,Hire
E101259,2025-04-01,Consulting,L2,Promotion
E101260,2018-12-06,Quality Engineering,L5,Hire
E101261,2015-04-12,Data and Analytics,L4,Hire
E101262,2013-04-29,Delivery,L3,Hire
E101263,2018-05-07,Delivery,L3,Hire
E101264,2015-12-17,Quality Engineering,L3,Hire
E101264,2024-04-01,Quality Engineering,L4,Promotion
E101265,2013-04-04,Quality Engineering,L2,Hire
E101266,2021-07-15,Delivery,L1,Hire
E101266,2024-04-01,Delivery,L2,Promotion
E101267,2019-01-25,Cloud and Infrastructure,L1,Hire
E101268,2021-01-30,Sales and Presales,L2,Hire
E101269,2020-07-09,Corporate Functions,L2,Hire
E101270,2013-08-07,Delivery,L2,Hire
E101271,2019-02-17,Delivery,L1,Hire
E101272,2021-03-17,Delivery,L2,Hire
E101273,2015-04-21,Corporate Functions,L1,Hire
E101273,2022-04-01,Corporate Functions,L2,Promotion
E101274,2019-03-12,Corporate Functions,L5,Hire
E101275,2021-09-16,Consulting,L1,Hire
E101275,2024-04-01,Consulting,L2,Promotion
E101276,2021-03-13,Delivery,L2,Hire
E101277,2015-04-27,Data and Analytics,L2,Hire
E101277,2022-04-01,Data and Analytics,L3,Promotion
E101278,2021-08-28,Quality Engineering,L1,Hire
E101279,2016-03-03,Delivery,L2,Hire
E101280,2019-05-28,Delivery,L2,Hire
E101281,2021-02-10,Delivery,L1,Hire
E101282,2017-11-06,Consulting,L5,Hire
E101283,2017-12-30,Delivery,L2,Hire
E101284,2015-08-24,Sales and Presales,L1,Hire
E101285,2009-07-15,Consulting,L6,Hire
E101286,2020-08-18,Data and Analytics,L1,Hire
E101287,2014-10-29,Delivery,L3,Hire
E101288,2017-11-12,Cloud and Infrastructure,L2,Hire
E101289,2021-09-04,Cloud and Infrastructure,L1,Hire
E101290,2018-09-14,Delivery,L2,Hire
E101291,2020-04-22,Data and Analytics,L2,Hire
E101292,2019-10-20,Quality Engineering,L2,Hire
E101292,2024-04-01,Quality Engineering,L3,Promotion
E101293,2014-02-24,Delivery,L1,Hire
E101293,2025-04-01,Delivery,L2,Promotion
E101294,2019-04-26,Delivery,L2,Hire
E101294,2025-04-01,Delivery,L3,Promotion
E101295,2020-10-14,Delivery,L2,Hire
E101296,2019-07-04,Consulting,L3,Hire
E101296,2025-04-01,Consulting,L4,Promotion
E101297,2021-01-14,Consulting,L1,Hire
E101298,2020-07-18,Sales and Presales,L1,Hire
E101299,2018-07-19,Delivery,L4,Hire
E101300,2013-12-06,Cloud and Infrastructure,L1,Hire
E101300,2024-04-01,Cloud and Infrastructure,L2,Promotion
E101301,2013-11-14,Quality Engineering,L3,Hire
E101301,2023-04-01,Quality Engineering,L4,Promotion
E101302,2018-08-25,Delivery,L2,Hire
E101303,2018-03-24,Sales and Presales,L5,Hire
E101304,2020-07-25,Cloud and Infrastructure,L1,Hire
E101304,2024-04-01,Cloud and Infrastructure,L2,Promotion
E101305,2016-09-26,Delivery,L4,Hire
E101306,2021-10-26,Delivery,L1,Hire
E101307,2016-08-06,Data and Analytics,L1,Hire
E101307,2023-04-01,Data and Analytics,L2,Promotion
E101308,2019-11-09,Corporate Functions,L3,Hire
E101308,2023-04-01,Corporate Functions,L4,Promotion
E101308,2025-04-01,Corporate Functions,L5,Promotion
E101309,2021-12-02,Delivery,L1,Hire
E101310,2019-11-21,Data and Analytics,L2,Hire
E101310,2024-04-01,Data and Analytics,L3,Promotion
E101311,2017-12-07,Delivery,L3,Hire
E101312,2022-01-30,Sales and Presales,L1,Hire
E101313,2010-12-19,Delivery,L3,Hire
E101314,2020-12-15,Delivery,L2,Hire
E101315,2013-03-25,Delivery,L5,Hire
E101316,2021-05-25,Delivery,L1,Hire
E101317,2018-06-30,Cloud and Infrastructure,L1,Hire
E101318,2020-05-06,Delivery,L3,Hire
E101319,2018-06-04,Delivery,L1,Hire
E101319,2022-04-01,Delivery,L2,Promotion
E101320,2020-02-29,Delivery,L2,Hire
E101321,2018-06-20,Delivery,L4,Hire
E101322,2014-01-26,Corporate Functions,L2,Hire
E101323,2017-06-29,Quality Engineering,L1,Hire
E101324,2018-10-02,Delivery,L1,Hire
E101325,2020-05-13,Consulting,L2,Hire
E101325,2025-04-01,Consulting,L3,Promotion
E101326,2009-07-18,Delivery,L3,Hire
E101327,2018-03-26,Quality Engineering,L3,Hire
E101327,2025-04-01,Quality Engineering,L4,Promotion
E101328,2016-02-04,Quality Engineering,L2,Hire
E101329,2020-12-20,Delivery,L1,Hire
E101330,2019-10-29,Quality Engineering,L1,Hire
E101331,2021-04-07,Quality Engineering,L1,Hire
E101332,2020-04-10,Cloud and Infrastructure,L1,Hire
E101333,2019-11-19,Delivery,L4,Hire
E101334,2021-02-10,Sales and Presales,L2,Hire
E101335,2021-11-18,Sales and Presales,L1,Hire
E101336,2018-07-03,Delivery,L3,Hire
E101337,2021-06-15,Sales and Presales,L2,Hire
E101337,2024-04-01,Sales and Presales,L3,Promotion
E101338,2018-11-27,Delivery,L1,Hire
E101339,2017-04-19,Delivery,L5,Hire
E101340,2018-09-03,Quality Engineering,L5,Hire
E101341,2021-03-22,Cloud and Infrastructure,L1,Hire
E101342,2016-04-06,Quality Engineering,L4,Hire
E101342,2023-04-01,Quality Engineering,L5,Promotion
E101343,2018-12-09,Quality Engineering,L2,Hire
E101343,2023-04-01,Quality Engineering,L3,Promotion
E101344,2018-04-16,Cloud and Infrastructure,L3,Hire
E101345,2020-02-09,Delivery,L3,Hire
E101346,2017-03-07,Quality Engineering,L3,Hire
E101347,2018-10-30,Data and Analytics,L2,Hire
E101347,2022-04-01,Data and Analytics,L3,Promotion
E101348,2020-10-22,Delivery,L1,Hire
E101349,2018-04-24,Corporate Functions,L3,Hire
E101350,2020-11-17,Data and Analytics,L2,Hire
E101351,2018-07-24,Data and Analytics,L2,Hire
E101352,2018-05-25,Delivery,L3,Hire
E101353,2018-05-28,Delivery,L3,Hire
E101353,2024-04-01,Delivery,L4,Promotion
E101354,2011-01-27,Consulting,L6,Hire
E101355,2020-04-12,Corporate Functions,L2,Hire
E101356,2020-04-21,Quality Engineering,L3,Hire
E101357,2012-11-06,Corporate Functions,L1,Hire
E101357,2022-04-01,Corporate Functions,L2,Promotion
E101357,2025-04-01,Corporate Functions,L3,Promotion
E101358,2020-12-13,Delivery,L1,Hire
E101359,2013-08-26,Quality Engineering,L1,Hire
E101360,2017-02-18,Cloud and Infrastructure,L1,Hire
E101361,2019-08-14,Delivery,L2,Hire
E101362,2016-10-27,Quality Engineering,L1,Hire
E101362,2023-04-01,Quality Engineering,L2,Promotion
E101363,2015-02-25,Delivery,L5,Hire
E101363,2022-04-01,Delivery,L6,Promotion
E101364,2015-09-15,Delivery,L2,Hire
E101364,2022-04-01,Delivery,L3,Promotion
E101364,2025-04-01,Delivery,L4,Promotion
E101365,2019-03-07,Corporate Functions,L2,Hire
E101366,2019-11-05,Cloud and Infrastructure,L4,Hire
E101367,2019-09-01,Quality Engineering,L3,Hire
E101368,2014-07-06,Consulting,L3,Hire
E101369,2018-10-23,Data and Analytics,L4,Hire
E101370,2020-03-05,Quality Engineering,L3,Hire
E101371,2018-02-16,Corporate Functions,L2,Hire
E101371,2025-04-01,Corporate Functions,L3,Promotion
E101372,2014-04-20,Quality Engineering,L5,Hire
E101372,2024-04-01,Quality Engineering,L6,Promotion
E101373,2021-04-11,Data and Analytics,L1,Hire
E101374,2017-05-24,Data and Analytics,L4,Hire
E101375,2020-07-29,Delivery,L2,Hire
E101376,2021-01-02,Cloud and Infrastructure,L2,Hire
E101376,2023-04-01,Cloud and Infrastructure,L3,Promotion
E101377,2019-12-25,Delivery,L2,Hire
E101378,2021-01-31,Quality Engineering,L2,Hire
E101379,2018-10-11,Cloud and Infrastructure,L4,Hire
E101380,2020-03-21,Quality Engineering,L3,Hire
E101381,2020-09-27,Delivery,L3,Hire
E101382,2021-08-29,Quality Engineering,L1,Hire
E101382,2025-04-01,Quality Engineering,L2,Promotion
E101383,2018-09-12,Delivery,L2,Hire
E101384,2020-10-05,Quality Engineering,L1,Hire
E101385,2018-07-14,Delivery,L3,Hire
E101385,2024-04-01,Delivery,L4,Promotion
E101386,2018-02-05,Corporate Functions,L1,Hire
E101387,2018-11-06,Quality Engineering,L2,Hire
E101388,2016-12-05,Sales and Presales,L1,Hire
E101389,2019-10-03,Delivery,L4,Hire
E101389,2024-04-01,Delivery,L5,Promotion
E101390,2015-01-07,Data and Analytics,L4,Hire
E101391,2022-01-05,Delivery,L1,Hire
E101392,2015-11-29,Delivery,L4,Hire
E101392,2024-04-01,Delivery,L5,Promotion
E101393,2019-04-27,Quality Engineering,L1,Hire
E101394,2017-11-11,Consulting,L3,Hire
E101395,2017-01-16,Delivery,L1,Hire
E101396,2021-05-25,Data and Analytics,L2,Hire
E101397,2019-03-21,Delivery,L2,Hire
E101397,2024-04-01,Delivery,L3,Promotion
E101398,2016-03-13,Delivery,L2,Hire
E101399,2019-10-05,Corporate Functions,L1,Hire
E101400,2011-07-27,Delivery,L2,Hire
E101401,2017-07-08,Delivery,L3,Hire
E101402,2018-01-04,Delivery,L6,Hire
E101403,2020-06-29,Delivery,L2,Hire
E101403,2023-04-01,Delivery,L3,Promotion
E101404,2019-11-18,Consulting,L1,Hire
E101405,2015-02-05,Delivery,L1,Hire
E101406,2019-04-02,Data and Analytics,L1,Hire
E101407,2017-08-05,Delivery,L1,Hire
E101407,2022-04-01,Delivery,L2,Promotion
E101407,2025-04-01,Delivery,L3,Promotion
E101408,2019-11-23,Delivery,L1,Hire
E101409,2018-11-23,Delivery,L3,Hire
E101410,2010-10-28,Delivery,L1,Hire
E101411,2019-03-27,Consulting,L3,Hire
E101412,2020-07-27,Data and Analytics,L1,Hire
E101413,2018-04-22,Delivery,L1,Hire
E101414,2018-10-29,Delivery,L2,Hire
E101414,2024-04-01,Delivery,L3,Promotion
E101415,2021-06-17,Delivery,L2,Hire
E101416,2018-12-26,Sales and Presales,L2,Hire
E101416,2024-04-01,Sales and Presales,L3,Promotion
E101417,2012-09-27,Delivery,L1,Hire
E101418,2019-09-19,Quality Engineering,L2,Hire
E101418,2022-04-01,Quality Engineering,L3,Promotion
E101418,2025-04-01,Quality Engineering,L4,Promotion
E101419,2019-06-10,Delivery,L4,Hire
E101419,2024-04-01,Delivery,L5,Promotion
E101420,2021-07-24,Sales and Presales,L1,Hire
E101421,2020-07-01,Delivery,L1,Hire
E101421,2022-04-01,Delivery,L2,Promotion
E101422,2020-06-21,Data and Analytics,L2,Hire
E101422,2023-04-01,Data and Analytics,L3,Promotion
E101423,2020-09-27,Data and Analytics,L2,Hire
E101423,2024-04-01,Data and Analytics,L3,Promotion
E101424,2019-08-13,Consulting,L1,Hire
E101425,2011-08-27,Delivery,L6,Hire
E101426,2017-07-26,Delivery,L2,Hire
E101426,2023-04-01,Delivery,L3,Promotion
E101426,2025-04-01,Delivery,L4,Promotion
E101427,2014-11-13,Delivery,L5,Hire
E101427,2025-04-01,Delivery,L6,Promotion
E101428,2019-10-27,Data and Analytics,L2,Hire
E101429,2016-06-15,Delivery,L1,Hire
E101430,2021-03-04,Cloud and Infrastructure,L1,Hire
E101430,2025-04-01,Cloud and Infrastructure,L2,Promotion
E101431,2021-06-03,Delivery,L1,Hire
E101432,2020-03-18,Sales and Presales,L2,Hire
E101433,2017-05-09,Sales and Presales,L4,Hire
E101434,2021-07-22,Delivery,L1,Hire
E101435,2021-03-21,Cloud and Infrastructure,L1,Hire
E101436,2021-04-12,Corporate Functions,L1,Hire
E101437,2021-12-20,Delivery,L1,Hire
E101438,2018-10-28,Data and Analytics,L1,Hire
E101439,2012-07-09,Data and Analytics,L5,Hire
E101440,2012-03-16,Delivery,L3,Hire
E101441,2018-03-02,Delivery,L5,Hire
E101441,2023-04-01,Delivery,L6,Promotion
E101442,2021-05-24,Consulting,L2,Hire
E101443,2016-09-17,Delivery,L4,Hire
E101443,2022-04-01,Delivery,L5,Promotion
E101443,2024-04-01,Delivery,L6,Promotion
E101444,2014-09-14,Delivery,L3,Hire
E101445,2020-10-23,Delivery,L1,Hire
E101446,2017-12-27,Corporate Functions,L3,Hire
E101447,2017-05-22,Corporate Functions,L1,Hire
E101448,2019-01-27,Delivery,L2,Hire
E101449,2014-10-09,Delivery,L4,Hire
E101449,2023-04-01,Delivery,L5,Promotion
E101450,2017-11-01,Data and Analytics,L1,Hire
E101451,2018-06-16,Quality Engineering,L1,Hire
E101452,2018-09-30,Delivery,L4,Hire
E101453,2021-05-31,Data and Analytics,L2,Hire
E101454,2014-08-20,Data and Analytics,L1,Hire
E101454,2023-04-01,Data and Analytics,L2,Promotion
E101455,2020-03-16,Cloud and Infrastructure,L2,Hire
E101455,2024-04-01,Cloud and Infrastructure,L3,Promotion
E101456,2020-02-17,Corporate Functions,L1,Hire
E101457,2019-12-06,Quality Engineering,L4,Hire
E101457,2022-04-01,Quality Engineering,L5,Promotion
E101458,2016-10-28,Quality Engineering,L2,Hire
E101458,2023-04-01,Quality Engineering,L3,Promotion
E101459,2011-01-21,Sales and Presales,L5,Hire
E101460,2019-03-19,Delivery,L2,Hire
E101461,2016-09-15,Delivery,L5,Hire
E101462,2011-01-25,Delivery,L4,Hire
E101463,2020-01-07,Delivery,L2,Hire
E101464,2014-12-31,Delivery,L3,Hire
E101465,2018-07-21,Sales and Presales,L1,Hire
E101466,2021-03-05,Quality Engineering,L1,Hire
E101467,2015-05-18,Quality Engineering,L2,Hire
E101468,2016-12-02,Quality Engineering,L1,Hire
E101469,2020-11-21,Delivery,L2,Hire
E101470,2019-12-15,Delivery,L3,Hire
E101471,2016-11-12,Cloud and Infrastructure,L3,Hire
E101472,2018-03-25,Delivery,L4,Hire
E101473,2015-06-25,Corporate Functions,L1,Hire
E101473,2024-04-01,Corporate Functions,L2,Promotion
E101474,2018-05-12,Consulting,L4,Hire
E101474,2025-04-01,Consulting,L5,Promotion
E101475,2021-01-20,Delivery,L2,Hire
E101475,2024-04-01,Delivery,L3,Promotion
E101476,2018-09-27,Quality Engineering,L3,Hire
E101477,2010-08-13,Delivery,L2,Hire
E101478,2015-05-23,Consulting,L4,Hire
E101479,2018-03-14,Sales and Presales,L1,Hire
E101480,2018-01-29,Sales and Presales,L1,Hire
E101480,2022-04-01,Sales and Presales,L2,Promotion
E101481,2019-09-28,Delivery,L4,Hire
E101482,2014-05-02,Delivery,L3,Hire
E101483,2018-11-22,Delivery,L3,Hire
E101483,2024-04-01,Delivery,L4,Promotion
E101484,2020-06-11,Sales and Presales,L1,Hire
E101485,2017-03-02,Cloud and Infrastructure,L1,Hire
E101486,2015-10-04,Delivery,L3,Hire
E101487,2019-11-25,Delivery,L3,Hire
E101488,2019-07-25,Delivery,L3,Hire
E101488,2022-04-01,Delivery,L4,Promotion
E101488,2024-04-01,Delivery,L5,Promotion
E101489,2015-02-07,Delivery,L2,Hire
E101490,2009-06-04,Delivery,L3,Hire
E101491,2021-11-18,Delivery,L1,Hire
E101492,2019-04-28,Delivery,L2,Hire
E101493,2020-03-15,Data and Analytics,L2,Hire
E101494,2015-11-05,Data and Analytics,L3,Hire
E101495,2021-06-09,Delivery,L2,Hire
E101496,2020-04-22,Cloud and Infrastructure,L3,Hire
E101497,2018-11-30,Delivery,L3,Hire
E101498,2018-06-04,Sales and Presales,L4,Hire
E101498,2023-04-01,Sales and Presales,L5,Promotion
E101498,2025-04-01,Sales and Presales,L6,Promotion
E101499,2014-09-22,Corporate Functions,L4,Hire
E101500,2017-03-01,Delivery,L1,Hire
E101501,2019-08-31,Delivery,L3,Hire
E101502,2017-12-13,Quality Engineering,L2,Hire
E101503,2016-11-14,Delivery,L1,Hire
E101504,2011-05-21,Cloud and Infrastructure,L2,Hire
E101505,2018-03-28,Delivery,L4,Hire
E101506,2020-09-17,Delivery,L3,Hire
E101507,2017-06-10,Delivery,L1,Hire
E101507,2022-04-01,Delivery,L2,Promotion
E101508,2019-07-02,Cloud and Infrastructure,L1,Hire
E101508,2024-04-01,Cloud and Infrastructure,L2,Promotion
E101509,2019-06-11,Delivery,L3,Hire
E101510,2017-01-26,Delivery,L5,Hire
E101510,2025-04-01,Delivery,L6,Promotion
E101511,2018-08-22,Cloud and Infrastructure,L1,Hire
E101511,2024-04-01,Cloud and Infrastructure,L2,Promotion
E101512,2016-04-03,Delivery,L1,Hire
E101513,2018-10-10,Quality Engineering,L3,Hire
E101513,2022-04-01,Quality Engineering,L4,Promotion
E101514,2020-10-01,Quality Engineering,L2,Hire
E101515,2019-04-29,Delivery,L3,Hire
E101516,2021-07-29,Delivery,L1,Hire
E101516,2025-04-01,Delivery,L2,Promotion
E101517,2019-06-29,Delivery,L2,Hire
E101517,2022-04-01,Delivery,L3,Promotion
E101517,2025-04-01,Delivery,L4,Promotion
E101518,2020-04-03,Corporate Functions,L3,Hire
E101518,2024-04-01,Corporate Functions,L4,Promotion
E101519,2019-11-27,Data and Analytics,L2,Hire
E101520,2015-02-24,Data and Analytics,L2,Hire
E101521,2018-11-03,Quality Engineering,L1,Hire
E101522,2016-11-16,Corporate Functions,L3,Hire
E101523,2021-02-12,Quality Engineering,L2,Hire
E101524,2018-04-08,Data and Analytics,L2,Hire
E101525,2018-01-17,Delivery,L3,Hire
E101525,2025-04-01,Delivery,L4,Promotion
E101526,2019-08-30,Delivery,L4,Hire
E101527,2016-11-15,Delivery,L4,Hire
E101527,2023-04-01,Delivery,L5,Promotion
E101528,2017-09-01,Delivery,L2,Hire
E101529,2021-05-07,Delivery,L2,Hire
E101529,2025-04-01,Delivery,L3,Promotion
E101530,2021-01-29,Delivery,L2,Hire
E101530,2024-04-01,Delivery,L3,Promotion
E101531,2014-10-30,Cloud and Infrastructure,L4,Hire
E101531,2024-04-01,Cloud and Infrastructure,L5,Promotion
E101532,2018-08-09,Delivery,L3,Hire
E101533,2017-12-27,Delivery,L3,Hire
E101534,2018-11-27,Delivery,L4,Hire
E101535,2021-06-10,Quality Engineering,L2,Hire
E101536,2017-12-11,Cloud and Infrastructure,L2,Hire
E101537,2021-12-20,Corporate Functions,L1,Hire
E101537,2025-04-01,Corporate Functions,L2,Promotion
E101538,2018-12-21,Delivery,L3,Hire
E101539,2019-09-05,Delivery,L1,Hire
E101539,2024-04-01,Delivery,L2,Promotion
E101540,2020-06-16,Delivery,L2,Hire
E101541,2018-05-20,Cloud and Infrastructure,L1,Hire
E101542,2020-03-05,Delivery,L2,Hire
E101543,2020-08-06,Delivery,L2,Hire
E101543,2024-04-01,Delivery,L3,Promotion
E101544,2019-03-19,Delivery,L3,Hire
E101544,2025-04-01,Delivery,L4,Promotion
E101545,2021-06-16,Data and Analytics,L2,Hire
E101546,2019-07-02,Delivery,L1,Hire
E101547,2015-01-05,Delivery,L3,Hire
E101548,2018-11-06,Sales and Presales,L3,Hire
E101549,2020-09-03,Data and Analytics,L2,Hire
E101550,2014-05-04,Cloud and Infrastructure,L2,Hire
E101551,2016-07-18,Delivery,L1,Hire
E101552,2018-08-23,Delivery,L2,Hire
E101553,2020-09-21,Quality Engineering,L1,Hire
E101554,2016-12-19,Cloud and Infrastructure,L4,Hire
E101555,2019-05-02,Delivery,L2,Hire
E101555,2022-04-01,Delivery,L3,Promotion
E101556,2013-05-21,Quality Engineering,L1,Hire
E101556,2022-04-01,Quality Engineering,L2,Promotion
E101557,2015-07-22,Cloud and Infrastructure,L2,Hire
E101558,2019-02-02,Delivery,L1,Hire
E101558,2023-04-01,Delivery,L2,Promotion
E101559,2015-08-09,Quality Engineering,L4,Hire
E101560,2015-10-15,Delivery,L5,Hire
E101561,2008-03-19,Data and Analytics,L4,Hire
E101562,2020-08-02,Delivery,L2,Hire
E101562,2023-04-01,Delivery,L3,Promotion
E101562,2025-04-01,Delivery,L4,Promotion
E101563,2013-12-07,Delivery,L5,Hire
E101564,2016-10-17,Quality Engineering,L2,Hire
E101564,2023-04-01,Quality Engineering,L3,Promotion
E101565,2019-12-11,Data and Analytics,L2,Hire
E101566,2019-04-13,Delivery,L1,Hire
E101567,2020-02-06,Quality Engineering,L2,Hire
E101568,2015-11-05,Delivery,L5,Hire
E101569,2012-11-09,Delivery,L3,Hire
E101569,2023-04-01,Delivery,L4,Promotion
E101569,2025-04-01,Delivery,L5,Promotion
E101570,2021-03-10,Delivery,L2,Hire
E101570,2024-04-01,Delivery,L3,Promotion
E101571,2018-04-18,Data and Analytics,L2,Hire
E101572,2013-02-21,Delivery,L3,Hire
E101573,2019-06-18,Delivery,L2,Hire
E101574,2018-10-14,Sales and Presales,L2,Hire
E101574,2023-04-01,Sales and Presales,L3,Promotion
E101575,2010-09-07,Delivery,L2,Hire
E101576,2019-12-06,Delivery,L1,Hire
E101576,2024-04-01,Delivery,L2,Promotion
E101577,2020-04-19,Cloud and Infrastructure,L2,Hire
E101578,2020-08-20,Data and Analytics,L3,Hire
E101578,2024-04-01,Data and Analytics,L4,Promotion
E101579,2017-08-20,Delivery,L1,Hire
E101580,2020-09-19,Consulting,L1,Hire
E101581,2020-03-13,Delivery,L3,Hire
E101581,2024-04-01,Delivery,L4,Promotion
E101582,2021-03-26,Delivery,L1,Hire
E101583,2020-06-08,Delivery,L1,Hire
E101583,2023-04-01,Delivery,L2,Promotion
E101584,2020-08-27,Delivery,L3,Hire
E101585,2021-05-06,Delivery,L1,Hire
E101586,2019-10-02,Cloud and Infrastructure,L2,Hire
E101587,2019-06-15,Delivery,L4,Hire
E101588,2020-08-15,Quality Engineering,L2,Hire
E101589,2017-02-20,Data and Analytics,L3,Hire
E101589,2025-04-01,Data and Analytics,L4,Promotion
E101590,2017-05-16,Sales and Presales,L3,Hire
E101590,2023-04-01,Sales and Presales,L4,Promotion
E101591,2016-01-05,Delivery,L1,Hire
E101592,2014-06-07,Corporate Functions,L1,Hire
E101593,2018-09-29,Cloud and Infrastructure,L4,Hire
E101594,2016-12-15,Cloud and Infrastructure,L2,Hire
E101595,2020-12-20,Delivery,L2,Hire
E101595,2024-04-01,Delivery,L3,Promotion
E101596,2013-03-08,Delivery,L5,Hire
E101596,2023-04-01,Delivery,L6,Promotion
E101597,2020-01-26,Quality Engineering,L1,Hire
E101597,2025-04-01,Quality Engineering,L2,Promotion
E101598,2016-03-17,Delivery,L5,Hire
E101599,2018-12-09,Cloud and Infrastructure,L3,Hire
E101599,2024-04-01,Cloud and Infrastructure,L4,Promotion
E101600,2017-12-06,Delivery,L3,Hire
E101601,2017-02-22,Cloud and Infrastructure,L1,Hire
E101601,2024-04-01,Cloud and Infrastructure,L2,Promotion
E101602,2020-05-08,Delivery,L3,Hire
E101602,2023-04-01,Delivery,L4,Promotion
E101603,2019-02-18,Sales and Presales,L4,Hire
E101604,2016-08-04,Delivery,L2,Hire
E101605,2007-12-30,Delivery,L1,Hire
E101606,2020-11-11,Corporate Functions,L1,Hire
E101607,2017-04-02,Delivery,L1,Hire
E101608,2018-10-23,Delivery,L2,Hire
E101609,2018-02-07,Delivery,L3,Hire
E101610,2015-09-04,Quality Engineering,L1,Hire
E101611,2019-12-03,Data and Analytics,L2,Hire
E101612,2020-12-27,Cloud and Infrastructure,L2,Hire
E101613,2021-06-13,Delivery,L2,Hire
E101614,2020-02-11,Delivery,L2,Hire
E101615,2019-05-24,Cloud and Infrastructure,L2,Hire
E101616,2012-12-15,Sales and Presales,L1,Hire
E101617,2018-05-25,Delivery,L3,Hire
E101618,2011-12-05,Cloud and Infrastructure,L2,Hire
E101618,2022-04-01,Cloud and Infrastructure,L3,Promotion
E101618,2024-04-01,Cloud and Infrastructure,L4,Promotion
E101619,2020-12-08,Quality Engineering,L2,Hire
E101620,2015-05-08,Quality Engineering,L5,Hire
E101620,2023-04-01,Quality Engineering,L6,Promotion
E101621,2020-05-18,Delivery,L3,Hire
E101622,2021-06-17,Data and Analytics,L1,Hire
E101623,2019-01-09,Quality Engineering,L5,Hire
E101624,2021-04-02,Corporate Functions,L2,Hire
E101625,2019-08-18,Delivery,L2,Hire
E101626,2009-07-01,Corporate Functions,L1,Hire
E101627,2016-09-25,Delivery,L1,Hire
E101628,2021-03-24,Quality Engineering,L1,Hire
E101629,2021-01-03,Delivery,L1,Hire
E101630,2019-02-25,Delivery,L2,Hire
E101631,2017-05-23,Delivery,L6,Hire
E101632,2021-05-24,Cloud and Infrastructure,L2,Hire
E101633,2021-12-14,Delivery,L1,Hire
E101634,2018-12-31,Cloud and Infrastructure,L2,Hire
E101635,2012-11-27,Delivery,L2,Hire
E101635,2025-04-01,Delivery,L3,Promotion
E101636,2015-11-03,Delivery,L1,Hire
E101637,2021-01-31,Delivery,L2,Hire
E101637,2024-04-01,Delivery,L3,Promotion
E101638,2019-03-13,Cloud and Infrastructure,L2,Hire
E101639,2004-04-05,Consulting,L4,Hire
E101640,2018-07-29,Quality Engineering,L2,Hire
E101641,2017-08-16,Delivery,L3,Hire
E101642,2016-09-23,Delivery,L3,Hire
E101642,2023-04-01,Delivery,L4,Promotion
E101643,2019-01-26,Cloud and Infrastructure,L1,Hire
E101644,2011-11-01,Delivery,L2,Hire
E101645,2021-05-13,Delivery,L2,Hire
E101646,2014-06-20,Cloud and Infrastructure,L1,Hire
E101647,2015-12-30,Sales and Presales,L1,Hire
E101647,2025-04-01,Sales and Presales,L2,Promotion
E101648,2017-07-29,Corporate Functions,L6,Hire
E101649,2021-11-03,Quality Engineering,L1,Hire
E101649,2025-04-01,Quality Engineering,L2,Promotion
E101650,2018-03-27,Consulting,L4,Hire
E101650,2023-04-01,Consulting,L5,Promotion
E101651,2020-06-03,Delivery,L2,Hire
E101652,2017-06-20,Delivery,L1,Hire
E101653,2016-09-22,Delivery,L5,Hire
E101654,2020-09-03,Cloud and Infrastructure,L3,Hire
E101654,2024-04-01,Cloud and Infrastructure,L4,Promotion
E101655,2021-06-10,Consulting,L2,Hire
E101656,2018-04-08,Sales and Presales,L4,Hire
E101657,2019-10-10,Cloud and Infrastructure,L3,Hire
E101658,2014-06-08,Data and Analytics,L2,Hire
E101659,2019-12-10,Consulting,L3,Hire
E101659,2022-04-01,Consulting,L4,Promotion
E101660,2019-12-07,Delivery,L3,Hire
E101661,2015-03-02,Quality Engineering,L1,Hire
E101661,2023-04-01,Quality Engineering,L2,Promotion
E101661,2025-04-01,Quality Engineering,L3,Promotion
E101662,2020-08-24,Quality Engineering,L3,Hire
E101662,2025-04-01,Quality Engineering,L4,Promotion
E101663,2012-10-02,Delivery,L4,Hire
E101664,2017-04-23,Delivery,L3,Hire
E101665,2020-02-10,Quality Engineering,L3,Hire
E101666,2010-07-14,Data and Analytics,L6,Hire
E101667,2020-09-08,Consulting,L3,Hire
E101668,2019-08-21,Cloud and Infrastructure,L2,Hire
E101669,2019-05-01,Delivery,L2,Hire
E101670,2018-10-16,Data and Analytics,L3,Hire
E101671,2019-02-20,Cloud and Infrastructure,L3,Hire
E101672,2018-11-17,Delivery,L1,Hire
E101673,2021-03-29,Delivery,L1,Hire
E101674,2018-11-02,Delivery,L1,Hire
E101675,2019-03-16,Quality Engineering,L3,Hire
E101676,2020-07-08,Delivery,L1,Hire
E101677,2018-03-01,Delivery,L2,Hire
E101677,2022-04-01,Delivery,L3,Promotion
E101678,2019-11-26,Corporate Functions,L4,Hire
E101679,2017-01-13,Data and Analytics,L1,Hire
E101680,2020-05-28,Delivery,L1,Hire
E101680,2024-04-01,Delivery,L2,Promotion
E101681,2021-05-27,Data and Analytics,L1,Hire
E101682,2021-08-23,Corporate Functions,L1,Hire
E101683,2019-05-13,Delivery,L3,Hire
E101684,2012-05-29,Delivery,L2,Hire
E101685,2020-11-16,Delivery,L2,Hire
E101686,2018-09-30,Cloud and Infrastructure,L2,Hire
E101687,2012-11-13,Delivery,L1,Hire
E101688,2017-04-17,Delivery,L4,Hire
E101689,2020-08-16,Quality Engineering,L1,Hire
E101689,2023-04-01,Quality Engineering,L2,Promotion
E101689,2025-04-01,Quality Engineering,L3,Promotion
E101690,2020-06-29,Quality Engineering,L1,Hire
E101691,2020-08-04,Data and Analytics,L3,Hire
E101692,2020-10-03,Quality Engineering,L2,Hire
E101693,2019-01-23,Sales and Presales,L2,Hire
E101693,2024-04-01,Sales and Presales,L3,Promotion
E101694,2017-08-09,Delivery,L2,Hire
E101695,2016-04-16,Delivery,L2,Hire
E101696,2014-10-25,Cloud and Infrastructure,L2,Hire
E101697,2020-07-18,Corporate Functions,L2,Hire
E101698,2021-05-09,Corporate Functions,L1,Hire
E101699,2019-12-31,Quality Engineering,L1,Hire
E101699,2023-04-01,Quality Engineering,L2,Promotion
E101699,2025-04-01,Quality Engineering,L3,Promotion
E101700,2019-04-23,Data and Analytics,L2,Hire
E101701,2018-10-29,Data and Analytics,L3,Hire
E101701,2022-04-01,Data and Analytics,L4,Promotion
E101701,2024-04-01,Data and Analytics,L5,Promotion
E101702,2017-07-28,Corporate Functions,L6,Hire
E101703,2019-06-21,Cloud and Infrastructure,L3,Hire
E101703,2024-04-01,Cloud and Infrastructure,L4,Promotion
E101704,2019-07-08,Consulting,L2,Hire
E101705,2007-10-11,Delivery,L3,Hire
E101706,2020-07-27,Delivery,L3,Hire
E101707,2016-05-04,Consulting,L3,Hire
E101707,2025-04-01,Consulting,L4,Promotion
E101708,2017-04-16,Delivery,L6,Hire
E101709,2012-04-23,Sales and Presales,L2,Hire
E101710,2021-04-12,Data and Analytics,L2,Hire
E101711,2018-07-20,Delivery,L3,Hire
E101711,2024-04-01,Delivery,L4,Promotion
E101712,2014-06-01,Sales and Presales,L1,Hire
E101713,2020-01-30,Data and Analytics,L1,Hire
E101714,2019-12-29,Corporate Functions,L4,Hire
E101715,2017-07-11,Delivery,L1,Hire
E101716,2017-04-21,Cloud and Infrastructure,L4,Hire
E101717,2018-04-23,Quality Engineering,L4,Hire
E101717,2023-04-01,Quality Engineering,L5,Promotion
E101717,2025-04-01,Quality Engineering,L6,Promotion
E101718,2020-10-21,Delivery,L1,Hire
E101719,2017-07-11,Delivery,L3,Hire
E101719,2022-04-01,Delivery,L4,Promotion
E101720,2021-01-22,Delivery,L1,Hire
E101721,2017-04-29,Data and Analytics,L1,Hire
E101721,2022-04-01,Data and Analytics,L2,Promotion
E101722,2015-10-23,Sales and Presales,L6,Hire
E101723,2013-01-02,Corporate Functions,L4,Hire
E101724,2019-06-24,Delivery,L3,Hire
E101725,2020-10-23,Delivery,L2,Hire
E101726,2012-11-15,Cloud and Infrastructure,L6,Hire
E101727,2020-09-27,Corporate Functions,L2,Hire
E101727,2023-04-01,Corporate Functions,L3,Promotion
E101728,2018-02-12,Delivery,L6,Hire
E101729,2018-12-20,Cloud and Infrastructure,L3,Hire
E101729,2022-04-01,Cloud and Infrastructure,L4,Promotion
E101730,2018-01-17,Delivery,L1,Hire
E101730,2022-04-01,Delivery,L2,Promotion
E101731,2020-02-15,Quality Engineering,L3,Hire
E101732,2016-10-23,Delivery,L4,Hire
E101732,2024-04-01,Delivery,L5,Promotion
E101733,2018-04-02,Cloud and Infrastructure,L4,Hire
E101734,2020-01-13,Data and Analytics,L3,Hire
E101735,2016-12-29,Cloud and Infrastructure,L1,Hire
E101736,2014-06-16,Delivery,L4,Hire
E101736,2024-04-01,Delivery,L5,Promotion
E101737,2015-04-24,Delivery,L2,Hire
E101737,2024-04-01,Delivery,L3,Promotion
E101738,2016-01-02,Sales and Presales,L1,Hire
E101739,2021-06-16,Cloud and Infrastructure,L1,Hire
E101740,2021-12-31,Delivery,L1,Hire
E101741,2017-05-07,Sales and Presales,L3,Hire
E101742,2018-09-25,Quality Engineering,L1,Hire
E101742,2023-04-01,Quality Engineering,L2,Promotion
E101743,2019-11-30,Data and Analytics,L4,Hire
E101744,2019-02-22,Quality Engineering,L1,Hire
E101745,2019-03-28,Quality Engineering,L3,Hire
E101746,2021-02-27,Delivery,L1,Hire
E101747,2019-07-06,Delivery,L2,Hire
E101748,2019-11-20,Corporate Functions,L1,Hire
E101749,2019-02-02,Corporate Functions,L4,Hire
E101750,2017-01-03,Data and Analytics,L1,Hire
E101751,2020-11-22,Quality Engineering,L2,Hire
E101752,2021-03-06,Data and Analytics,L2,Hire
E101753,2021-02-09,Delivery,L2,Hire
E101753,2023-04-01,Delivery,L3,Promotion
E101754,2021-10-21,Corporate Functions,L1,Hire
E101755,2017-02-23,Delivery,L1,Hire
E101756,2017-09-10,Delivery,L5,Hire
E101756,2023-04-01,Delivery,L6,Promotion
E101757,2019-09-01,Sales and Presales,L1,Hire
E101758,2018-05-13,Delivery,L1,Hire
E101758,2024-04-01,Delivery,L2,Promotion
E101759,2018-09-29,Data and Analytics,L4,Hire
E101760,2018-12-05,Delivery,L4,Hire
E101761,2017-11-11,Delivery,L3,Hire
E101762,2018-10-11,Quality Engineering,L2,Hire
E101763,2019-01-04,Consulting,L5,Hire
E101764,2017-06-15,Delivery,L2,Hire
E101765,2019-12-03,Delivery,L1,Hire
E101766,2020-11-15,Consulting,L2,Hire
E101766,2024-04-01,Consulting,L3,Promotion
E101767,2011-11-23,Corporate Functions,L2,Hire
E101768,2020-04-02,Corporate Functions,L2,Hire
E101769,2016-10-25,Data and Analytics,L4,Hire
E101770,2018-07-24,Quality Engineering,L1,Hire
E101771,2017-10-23,Delivery,L4,Hire
E101771,2025-04-01,Delivery,L5,Promotion
E101772,2009-03-13,Delivery,L2,Hire
E101773,2019-03-02,Delivery,L3,Hire
E101774,2020-06-04,Corporate Functions,L2,Hire
E101774,2025-04-01,Corporate Functions,L3,Promotion
E101775,2016-12-21,Delivery,L1,Hire
E101776,2017-11-08,Sales and Presales,L2,Hire
E101776,2023-04-01,Sales and Presales,L3,Promotion
E101777,2018-11-16,Delivery,L1,Hire
E101778,2014-12-27,Delivery,L2,Hire
E101779,2020-08-13,Delivery,L2,Hire
E101780,2018-02-07,Consulting,L4,Hire
E101781,2018-05-23,Data and Analytics,L1,Hire
E101782,2016-05-25,Sales and Presales,L2,Hire
E101783,2020-05-28,Data and Analytics,L2,Hire
E101784,2018-07-04,Delivery,L3,Hire
E101785,2020-08-25,Sales and Presales,L3,Hire
E101786,2017-07-12,Corporate Functions,L3,Hire
E101786,2024-04-01,Corporate Functions,L4,Promotion
E101787,2012-11-19,Cloud and Infrastructure,L3,Hire
E101788,2019-08-14,Delivery,L2,Hire
E101789,2020-05-17,Delivery,L3,Hire
E101790,2017-04-11,Sales and Presales,L4,Hire
E101791,2020-10-18,Delivery,L2,Hire
E101792,2021-10-16,Data and Analytics,L1,Hire
E101793,2020-06-23,Consulting,L2,Hire
E101794,2022-02-10,Delivery,L1,Hire
E101795,2021-02-10,Data and Analytics,L1,Hire
E101796,2019-02-13,Delivery,L1,Hire
E101797,2020-09-19,Quality Engineering,L3,Hire
E101798,2020-12-09,Delivery,L2,Hire
E101799,2019-07-31,Delivery,L2,Hire
E101800,2018-03-04,Delivery,L2,Hire
E101800,2022-04-01,Delivery,L3,Promotion
E101801,2021-10-26,Delivery,L1,Hire
E101802,2020-11-03,Consulting,L2,Hire
E101802,2024-04-01,Consulting,L3,Promotion
E101803,2021-03-14,Cloud and Infrastructure,L2,Hire
E101804,2015-01-23,Delivery,L5,Hire
E101804,2025-04-01,Delivery,L6,Promotion
E101805,2021-02-01,Quality Engineering,L2,Hire
E101806,2018-12-16,Delivery,L5,Hire
E101807,2017-08-03,Quality Engineering,L4,Hire
E101808,2011-04-07,Corporate Functions,L2,Hire
E101808,2025-04-01,Corporate Functions,L3,Promotion
E101809,2020-04-03,Quality Engineering,L1,Hire
E101810,2020-11-24,Quality Engineering,L1,Hire
E101811,2021-09-13,Sales and Presales,L1,Hire
E101812,2016-11-30,Delivery,L3,Hire
E101813,2021-06-30,Data and Analytics,L1,Hire
E101814,2020-03-22,Quality Engineering,L3,Hire
E101815,2021-01-26,Corporate Functions,L2,Hire
E101816,2021-01-10,Quality Engineering,L2,Hire
E101816,2024-04-01,Quality Engineering,L3,Promotion
E101817,2016-10-22,Delivery,L3,Hire
E101817,2025-04-01,Delivery,L4,Promotion
E101818,2017-07-09,Corporate Functions,L1,Hire
E101819,2017-04-19,Delivery,L1,Hire
E101819,2024-04-01,Delivery,L2,Promotion
E101820,2018-06-27,Data and Analytics,L1,Hire
E101821,2014-12-25,Quality Engineering,L5,Hire
E101821,2022-04-01,Quality Engineering,L6,Promotion
E101822,2012-09-14,Delivery,L2,Hire
E101823,2022-01-23,Delivery,L1,Hire
E101824,2020-10-27,Delivery,L1,Hire
E101825,2016-09-19,Delivery,L1,Hire
E101826,2021-02-26,Delivery,L2,Hire
E101826,2025-04-01,Delivery,L3,Promotion
E101827,2013-04-04,Quality Engineering,L2,Hire
E101828,2013-08-02,Delivery,L2,Hire
E101829,2018-02-14,Delivery,L3,Hire
E101830,2016-09-18,Delivery,L6,Hire
E101831,2015-09-21,Delivery,L2,Hire
E101832,2014-09-04,Delivery,L2,Hire
E101832,2025-04-01,Delivery,L3,Promotion
E101833,2018-12-12,Delivery,L3,Hire
E101833,2024-04-01,Delivery,L4,Promotion
E101834,2017-09-04,Data and Analytics,L1,Hire
E101835,2017-09-09,Cloud and Infrastructure,L3,Hire
E101836,2017-05-25,Corporate Functions,L4,Hire
E101836,2024-04-01,Corporate Functions,L5,Promotion
E101837,2017-09-23,Corporate Functions,L3,Hire
E101838,2012-09-12,Data and Analytics,L1,Hire
E101839,2021-04-07,Delivery,L2,Hire
E101839,2023-04-01,Delivery,L3,Promotion
E101840,2019-03-13,Quality Engineering,L3,Hire
E101840,2023-04-01,Quality Engineering,L4,Promotion
E101841,2016-11-10,Corporate Functions,L2,Hire
E101841,2023-04-01,Corporate Functions,L3,Promotion
E101842,2016-05-02,Data and Analytics,L4,Hire
E101843,2020-04-23,Delivery,L1,Hire
E101844,2018-10-28,Delivery,L2,Hire
E101845,2019-09-06,Quality Engineering,L2,Hire
E101846,2018-05-25,Data and Analytics,L3,Hire
E101847,2014-02-19,Data and Analytics,L2,Hire
E101848,2019-03-25,Delivery,L1,Hire
E101849,2020-06-06,Delivery,L3,Hire
E101850,2016-01-30,Quality Engineering,L1,Hire
E101851,2018-04-22,Quality Engineering,L2,Hire
E101851,2022-04-01,Quality Engineering,L3,Promotion
E101852,2021-02-09,Data and Analytics,L2,Hire
E101853,2019-05-27,Consulting,L3,Hire
E101853,2023-04-01,Consulting,L4,Promotion
E101854,2017-12-24,Sales and Presales,L2,Hire
E101855,2016-05-14,Cloud and Infrastructure,L2,Hire
E101855,2024-04-01,Cloud and Infrastructure,L3,Promotion
E101856,2014-05-10,Delivery,L3,Hire
E101857,2016-05-06,Data and Analytics,L3,Hire
E101857,2022-04-01,Data and Analytics,L4,Promotion
E101858,2012-01-22,Quality Engineering,L5,Hire
E101859,2020-07-13,Delivery,L2,Hire
E101860,2019-09-24,Sales and Presales,L2,Hire
E101861,2021-11-21,Delivery,L1,Hire
E101862,2021-05-29,Cloud and Infrastructure,L1,Hire
E101863,2020-12-25,Cloud and Infrastructure,L1,Hire
E101864,2021-05-31,Delivery,L1,Hire
E101865,2020-12-21,Cloud and Infrastructure,L2,Hire
E101866,2015-12-15,Delivery,L1,Hire
E101867,2020-12-18,Corporate Functions,L2,Hire
E101868,2019-10-06,Sales and Presales,L4,Hire
E101869,2022-01-21,Corporate Functions,L1,Hire
E101870,2017-01-28,Delivery,L1,Hire
E101871,2020-02-21,Data and Analytics,L2,Hire
E101871,2024-04-01,Data and Analytics,L3,Promotion
E101872,2020-04-18,Cloud and Infrastructure,L1,Hire
E101873,2021-01-19,Sales and Presales,L1,Hire
E101874,2017-03-23,Delivery,L2,Hire
E101875,2017-03-20,Quality Engineering,L2,Hire
E101876,2018-09-21,Sales and Presales,L4,Hire
E101877,2020-06-23,Delivery,L2,Hire
E101878,2020-06-29,Delivery,L3,Hire
E101879,2015-09-27,Data and Analytics,L2,Hire
E101880,2020-03-25,Delivery,L2,Hire
E101881,2018-07-07,Consulting,L4,Hire
E101882,2020-12-31,Quality Engineering,L2,Hire
E101883,2018-12-14,Delivery,L4,Hire
E101884,2021-01-02,Delivery,L1,Hire
E101885,2020-08-15,Delivery,L1,Hire
E101885,2024-04-01,Delivery,L2,Promotion
E101886,2019-08-23,Quality Engineering,L3,Hire
E101886,2024-04-01,Quality Engineering,L4,Promotion
E101887,2020-09-02,Delivery,L1,Hire
E101888,2014-06-15,Delivery,L1,Hire
E101889,2019-12-18,Cloud and Infrastructure,L2,Hire
E101890,2020-06-07,Corporate Functions,L3,Hire
E101891,2016-12-28,Delivery,L2,Hire
E101891,2022-04-01,Delivery,L3,Promotion
E101892,2018-03-26,Delivery,L3,Hire
E101893,2020-06-28,Quality Engineering,L2,Hire
E101894,2021-05-09,Delivery,L1,Hire
E101895,2014-08-14,Delivery,L2,Hire
E101895,2023-04-01,Delivery,L3,Promotion
E101896,2020-04-03,Data and Analytics,L2,Hire
E101896,2023-04-01,Data and Analytics,L3,Promotion
E101897,2020-09-02,Quality Engineering,L1,Hire
E101898,2018-06-14,Delivery,L2,Hire
E101898,2024-04-01,Delivery,L3,Promotion
E101899,2012-05-14,Delivery,L1,Hire
E101900,2017-12-31,Delivery,L5,Hire
E101900,2023-04-01,Delivery,L6,Promotion
E101901,2018-02-17,Sales and Presales,L2,Hire
E101901,2022-04-01,Sales and Presales,L3,Promotion
E101902,2020-04-27,Delivery,L1,Hire
E101903,2012-10-04,Data and Analytics,L1,Hire
E101904,2014-12-06,Delivery,L1,Hire
E101905,2013-11-29,Delivery,L2,Hire
E101905,2023-04-01,Delivery,L3,Promotion
E101906,2017-07-01,Delivery,L2,Hire
E101907,2019-08-24,Delivery,L3,Hire
E101908,2019-08-23,Delivery,L3,Hire
E101909,2021-02-27,Delivery,L2,Hire
E101909,2024-04-01,Delivery,L3,Promotion
E101910,2019-04-19,Sales and Presales,L3,Hire
E101911,2020-10-07,Delivery,L2,Hire
E101911,2024-04-01,Delivery,L3,Promotion
E101912,2021-09-25,Delivery,L1,Hire
E101913,2011-12-27,Corporate Functions,L1,Hire
E101914,2019-11-18,Data and Analytics,L2,Hire
E101915,2017-03-29,Quality Engineering,L3,Hire
E101916,2020-05-07,Delivery,L1,Hire
E101917,2017-06-13,Data and Analytics,L3,Hire
E101918,2018-06-11,Cloud and Infrastructure,L1,Hire
E101918,2022-04-01,Cloud and Infrastructure,L2,Promotion
E101919,2019-08-27,Quality Engineering,L1,Hire
E101920,2019-08-26,Delivery,L3,Hire
E101921,2019-06-02,Quality Engineering,L3,Hire
E101922,2017-08-13,Delivery,L3,Hire
E101922,2025-04-01,Delivery,L4,Promotion
E101923,2014-02-25,Quality Engineering,L3,Hire
E101923,2024-04-01,Quality Engineering,L4,Promotion
E101924,2018-12-29,Delivery,L1,Hire
E101925,2016-05-13,Data and Analytics,L6,Hire
E101926,2016-08-27,Cloud and Infrastructure,L2,Hire
E101927,2018-08-26,Data and Analytics,L4,Hire
E101928,2015-08-15,Delivery,L5,Hire
E101929,2021-03-03,Cloud and Infrastructure,L1,Hire
E101930,2017-10-18,Quality Engineering,L5,Hire
E101930,2022-04-01,Quality Engineering,L6,Promotion
E101931,2018-09-13,Delivery,L1,Hire
E101932,2018-12-02,Cloud and Infrastructure,L3,Hire
E101933,2019-12-19,Cloud and Infrastructure,L1,Hire
E101933,2023-04-01,Cloud and Infrastructure,L2,Promotion
E101934,2020-09-20,Sales and Presales,L1,Hire
E101935,2018-10-13,Delivery,L2,Hire
E101936,2018-12-17,Data and Analytics,L1,Hire
E101937,2013-04-07,Delivery,L3,Hire
E101937,2022-04-01,Delivery,L4,Promotion
E101937,2024-04-01,Delivery,L5,Promotion
E101938,2018-03-05,Delivery,L2,Hire
E101939,2012-09-15,Delivery,L1,Hire
E101940,2021-05-22,Sales and Presales,L1,Hire
E101941,2018-09-03,Delivery,L3,Hire
E101942,2020-07-06,Cloud and Infrastructure,L3,Hire
E101943,2019-01-11,Delivery,L3,Hire
E101944,2019-04-27,Delivery,L2,Hire
E101945,2019-06-07,Corporate Functions,L4,Hire
E101946,2020-08-19,Delivery,L1,Hire
E101947,2013-08-07,Delivery,L4,Hire
E101948,2020-06-04,Delivery,L3,Hire
E101949,2019-08-25,Cloud and Infrastructure,L1,Hire
E101950,2017-07-26,Quality Engineering,L6,Hire
E101951,2020-01-29,Delivery,L1,Hire
E101952,2017-09-07,Sales and Presales,L3,Hire
E101952,2022-04-01,Sales and Presales,L4,Promotion
E101953,2021-05-18,Data and Analytics,L1,Hire
E101954,2020-04-29,Delivery,L3,Hire
E101955,2019-06-06,Delivery,L4,Hire
E101956,2020-07-06,Quality Engineering,L1,Hire
E101957,2018-12-21,Delivery,L2,Hire
E101957,2025-04-01,Delivery,L3,Promotion
E101958,2019-07-25,Delivery,L4,Hire
E101959,2004-11-12,Corporate Functions,L2,Hire
E101959,2023-04-01,Corporate Functions,L3,Promotion
E101960,2017-04-02,Delivery,L1,Hire
E101961,2008-07-17,Delivery,L1,Hire
E101962,2017-08-28,Delivery,L1,Hire
E101962,2024-04-01,Delivery,L2,Promotion
E101963,2013-05-15,Delivery,L1,Hire
E101963,2022-04-01,Delivery,L2,Promotion
E101964,2021-07-01,Delivery,L2,Hire
E101965,2019-02-24,Corporate Functions,L3,Hire
E101965,2024-04-01,Corporate Functions,L4,Promotion
E101966,2020-11-02,Cloud and Infrastructure,L2,Hire
E101967,2021-10-13,Quality Engineering,L1,Hire
E101967,2024-04-01,Quality Engineering,L2,Promotion
E101968,2021-06-11,Corporate Functions,L2,Hire
E101969,2017-10-14,Cloud and Infrastructure,L2,Hire
E101970,2021-02-02,Quality Engineering,L2,Hire
E101971,2019-11-17,Cloud and Infrastructure,L3,Hire
E101972,2017-11-15,Delivery,L3,Hire
E101972,2024-04-01,Delivery,L4,Promotion
E101973,2020-08-21,Quality Engineering,L3,Hire
E101974,2013-10-31,Delivery,L2,Hire
E101975,2017-08-28,Quality Engineering,L1,Hire
E101976,2020-04-30,Delivery,L3,Hire
E101977,2019-09-17,Cloud and Infrastructure,L3,Hire
E101978,2018-10-16,Data and Analytics,L3,Hire
E101979,2017-09-21,Delivery,L2,Hire
E101980,2018-02-12,Cloud and Infrastructure,L4,Hire
E101981,2019-10-22,Consulting,L1,Hire
E101982,2019-08-18,Delivery,L3,Hire
E101983,2016-08-07,Delivery,L2,Hire
E101983,2023-04-01,Delivery,L3,Promotion
E101984,2005-09-18,Data and Analytics,L3,Hire
E101985,2021-10-30,Quality Engineering,L1,Hire
E101985,2024-04-01,Quality Engineering,L2,Promotion
E101986,2015-11-04,Cloud and Infrastructure,L5,Hire
E101987,2021-01-21,Consulting,L1,Hire
E101988,2021-04-09,Quality Engineering,L1,Hire
E101988,2025-04-01,Quality Engineering,L2,Promotion
E101989,2016-03-23,Delivery,L2,Hire
E101990,2020-05-28,Quality Engineering,L2,Hire
E101991,2021-10-04,Delivery,L1,Hire
E101991,2025-04-01,Delivery,L2,Promotion
E101992,2020-01-05,Sales and Presales,L1,Hire
E101993,2015-08-02,Delivery,L4,Hire
E101993,2024-04-01,Delivery,L5,Promotion
E101994,2020-10-11,Cloud and Infrastructure,L2,Hire
E101995,2021-04-28,Quality Engineering,L2,Hire
E101996,2020-07-27,Delivery,L1,Hire
E101996,2025-04-01,Delivery,L2,Promotion
E101997,2018-12-25,Quality Engineering,L2,Hire
E101998,2019-10-29,Data and Analytics,L3,Hire
E101998,2023-04-01,Data and Analytics,L4,Promotion
E101999,2020-09-08,Data and Analytics,L3,Hire
E101999,2023-04-01,Data and Analytics,L4,Promotion
E102000,2018-05-30,Delivery,L1,Hire
E102001,2011-09-14,Delivery,L2,Hire
E102002,2014-12-02,Delivery,L3,Hire
E102002,2022-04-01,Delivery,L4,Promotion
E102003,2018-11-21,Delivery,L5,Hire
E102003,2024-04-01,Delivery,L6,Promotion
E102004,2020-05-31,Delivery,L3,Hire
E102005,2008-08-17,Quality Engineering,L1,Hire
E102006,2020-02-09,Delivery,L1,Hire
E102007,2020-10-30,Delivery,L2,Hire
E102008,2020-07-05,Delivery,L2,Hire
E102009,2020-07-16,Quality Engineering,L1,Hire
E102010,2005-08-25,Consulting,L3,Hire
E102011,2021-02-04,Delivery,L1,Hire
E102011,2023-04-01,Delivery,L2,Promotion
E102012,2016-10-21,Delivery,L1,Hire
E102013,2017-10-14,Delivery,L2,Hire
E102014,2016-09-01,Delivery,L3,Hire
E102015,2021-03-28,Cloud and Infrastructure,L1,Hire
E102015,2024-04-01,Cloud and Infrastructure,L2,Promotion
E102016,2020-10-16,Delivery,L2,Hire
E102017,2014-05-24,Delivery,L1,Hire
E102018,2020-03-16,Consulting,L1,Hire
E102019,2020-01-09,Delivery,L3,Hire
E102020,2017-02-22,Delivery,L1,Hire
E102021,2020-01-14,Cloud and Infrastructure,L2,Hire
E102022,2018-09-24,Delivery,L3,Hire
E102022,2024-04-01,Delivery,L4,Promotion
E102023,2020-08-05,Delivery,L2,Hire
E102023,2024-04-01,Delivery,L3,Promotion
E102024,2022-01-09,Corporate Functions,L1,Hire
E102025,2018-11-12,Delivery,L1,Hire
E102026,2021-05-19,Corporate Functions,L2,Hire
E102027,2016-05-02,Delivery,L2,Hire
E102028,2020-11-03,Data and Analytics,L1,Hire
E102029,2021-06-22,Cloud and Infrastructure,L1,Hire
E102029,2025-04-01,Cloud and Infrastructure,L2,Promotion
E102030,2018-03-22,Data and Analytics,L3,Hire
E102031,2008-03-22,Sales and Presales,L2,Hire
E102031,2022-04-01,Sales and Presales,L3,Promotion
E102032,2016-12-14,Corporate Functions,L3,Hire
E102033,2021-03-17,Quality Engineering,L1,Hire
E102034,2019-06-01,Sales and Presales,L1,Hire
E102034,2022-04-01,Sales and Presales,L2,Promotion
E102035,2018-07-30,Data and Analytics,L4,Hire
E102035,2023-04-01,Data and Analytics,L5,Promotion
E102036,2021-05-02,Quality Engineering,L1,Hire
E102037,2020-11-11,Delivery,L2,Hire
E102038,2018-12-16,Quality Engineering,L2,Hire
E102039,2012-02-14,Corporate Functions,L3,Hire
E102040,2020-01-09,Delivery,L2,Hire
E102041,2019-05-23,Delivery,L3,Hire
E102042,2019-08-26,Data and Analytics,L1,Hire
E102043,2018-11-06,Corporate Functions,L3,Hire
E102043,2023-04-01,Corporate Functions,L4,Promotion
E102044,2021-08-03,Data and Analytics,L1,Hire
E102045,2019-10-18,Delivery,L1,Hire
E102046,2011-08-14,Delivery,L1,Hire
E102047,2019-04-13,Delivery,L1,Hire
E102048,2019-04-20,Delivery,L3,Hire
E102049,2015-10-08,Cloud and Infrastructure,L2,Hire
E102050,2016-05-27,Quality Engineering,L3,Hire
E102050,2022-04-01,Quality Engineering,L4,Promotion
E102051,2015-05-19,Delivery,L5,Hire
E102051,2023-04-01,Delivery,L6,Promotion
E102052,2014-02-17,Delivery,L1,Hire
E102053,2020-06-09,Data and Analytics,L3,Hire
E102054,2018-08-25,Consulting,L5,Hire
E102055,2019-05-18,Quality Engineering,L2,Hire
E102056,2020-05-27,Delivery,L1,Hire
E102056,2024-04-01,Delivery,L2,Promotion
E102057,2008-10-01,Delivery,L2,Hire
E102058,2020-11-03,Delivery,L2,Hire
E102059,2004-04-05,Delivery,L3,Hire
E102060,2019-03-29,Data and Analytics,L2,Hire
E102061,2016-01-11,Delivery,L2,Hire
E102061,2024-04-01,Delivery,L3,Promotion
E102062,2021-05-05,Cloud and Infrastructure,L1,Hire
E102063,2015-08-12,Sales and Presales,L2,Hire
E102064,2021-01-27,Delivery,L2,Hire
E102065,2019-11-07,Corporate Functions,L1,Hire
E102066,2021-12-26,Delivery,L1,Hire
E102067,2017-06-17,Delivery,L4,Hire
E102068,2020-04-23,Delivery,L2,Hire
E102068,2023-04-01,Delivery,L3,Promotion
E102069,2022-01-13,Delivery,L1,Hire
E102069,2025-04-01,Delivery,L2,Promotion
E102070,2016-01-23,Delivery,L3,Hire
E102070,2022-04-01,Delivery,L4,Promotion
E102071,2019-12-29,Delivery,L2,Hire
E102072,2010-06-29,Delivery,L2,Hire
E102073,2020-06-24,Delivery,L2,Hire
E102074,2012-07-23,Consulting,L1,Hire
E102075,2016-07-22,Corporate Functions,L3,Hire
E102075,2022-04-01,Corporate Functions,L4,Promotion
E102076,2020-07-14,Data and Analytics,L2,Hire
E102077,2015-11-06,Delivery,L6,Hire
E102078,2016-04-28,Sales and Presales,L1,Hire
E102078,2022-04-01,Sales and Presales,L2,Promotion
E102079,2021-01-18,Delivery,L2,Hire
E102079,2025-04-01,Delivery,L3,Promotion
E102080,2015-08-29,Quality Engineering,L2,Hire
E102081,2021-06-07,Delivery,L2,Hire
E102082,2013-03-13,Cloud and Infrastructure,L3,Hire
E102082,2024-04-01,Cloud and Infrastructure,L4,Promotion
E102083,2020-06-14,Delivery,L1,Hire
E102083,2023-04-01,Delivery,L2,Promotion
E102084,2020-09-15,Quality Engineering,L2,Hire
E102085,2021-12-26,Delivery,L1,Hire
E102086,2019-11-18,Delivery,L2,Hire
E102087,2019-09-06,Consulting,L2,Hire
E102088,2022-01-27,Delivery,L1,Hire
E102089,2021-09-30,Delivery,L1,Hire
E102090,2013-08-19,Quality Engineering,L2,Hire
E102090,2023-04-01,Quality Engineering,L3,Promotion
E102090,2025-04-01,Quality Engineering,L4,Promotion
E102091,2010-03-21,Delivery,L2,Hire
E102092,2020-05-21,Delivery,L1,Hire
E102093,2019-05-24,Consulting,L2,Hire
E102094,2012-01-26,Data and Analytics,L3,Hire
E102095,2018-12-19,Data and Analytics,L2,Hire
E102096,2018-11-25,Delivery,L1,Hire
E102097,2020-03-07,Data and Analytics,L1,Hire
E102098,2017-03-20,Cloud and Infrastructure,L3,Hire
E102098,2023-04-01,Cloud and Infrastructure,L4,Promotion
E102099,2021-04-04,Delivery,L2,Hire
E102099,2023-04-01,Delivery,L3,Promotion
E102100,2021-07-07,Delivery,L1,Hire
E102101,2013-06-15,Delivery,L1,Hire
E102101,2022-04-01,Delivery,L2,Promotion
E102102,2014-07-27,Data and Analytics,L4,Hire
E102103,2014-05-20,Quality Engineering,L3,Hire
E102104,2019-06-22,Quality Engineering,L3,Hire
E102105,2017-06-13,Corporate Functions,L1,Hire
E102106,2016-02-16,Corporate Functions,L6,Hire
E102107,2021-11-24,Data and Analytics,L1,Hire
E102108,2021-04-30,Delivery,L2,Hire
E102109,2016-05-25,Delivery,L1,Hire
E102109,2023-04-01,Delivery,L2,Promotion
E102110,2017-02-06,Delivery,L5,Hire
E102110,2023-04-01,Delivery,L6,Promotion
E102111,2018-07-12,Delivery,L3,Hire
E102112,2018-11-23,Data and Analytics,L2,Hire
E102112,2022-04-01,Data and Analytics,L3,Promotion
E102113,2018-09-24,Delivery,L2,Hire
E102114,2013-10-02,Corporate Functions,L3,Hire
E102114,2023-04-01,Corporate Functions,L4,Promotion
E102114,2025-04-01,Corporate Functions,L5,Promotion
E102115,2020-10-22,Delivery,L2,Hire
E102115,2024-04-01,Delivery,L3,Promotion
E102116,2018-09-08,Cloud and Infrastructure,L2,Hire
E102116,2022-04-01,Cloud and Infrastructure,L3,Promotion
E102117,2015-10-22,Data and Analytics,L1,Hire
E102117,2024-04-01,Data and Analytics,L2,Promotion
E102118,2016-10-10,Quality Engineering,L4,Hire
E102119,2019-05-28,Data and Analytics,L1,Hire
E102119,2023-04-01,Data and Analytics,L2,Promotion
E102120,2017-10-21,Cloud and Infrastructure,L4,Hire
E102121,2018-02-05,Delivery,L4,Hire
E102122,2016-01-28,Corporate Functions,L2,Hire
E102122,2022-04-01,Corporate Functions,L3,Promotion
E102123,2020-10-21,Delivery,L1,Hire
E102123,2024-04-01,Delivery,L2,Promotion
E102124,2020-05-02,Delivery,L1,Hire
E102125,2006-05-03,Quality Engineering,L1,Hire
E102125,2022-04-01,Quality Engineering,L2,Promotion
E102126,2016-01-09,Delivery,L3,Hire
E102127,2014-02-24,Consulting,L2,Hire
E102128,2017-10-25,Data and Analytics,L6,Hire
E102129,2020-10-28,Quality Engineering,L2,Hire
E102130,2020-10-15,Cloud and Infrastructure,L2,Hire
E102131,2016-04-24,Delivery,L3,Hire
E102132,2019-04-04,Delivery,L4,Hire
E102132,2022-04-01,Delivery,L5,Promotion
E102133,2020-05-21,Cloud and Infrastructure,L2,Hire
E102134,2021-04-11,Data and Analytics,L1,Hire
E102135,2019-12-15,Corporate Functions,L1,Hire
E102136,2015-09-26,Sales and Presales,L3,Hire
E102136,2025-04-01,Sales and Presales,L4,Promotion
E102137,2016-07-09,Delivery,L3,Hire
E102138,2018-01-06,Cloud and Infrastructure,L6,Hire
E102139,2010-04-08,Consulting,L2,Hire
E102140,2018-06-17,Quality Engineering,L3,Hire
E102141,2019-09-03,Delivery,L3,Hire
E102141,2024-04-01,Delivery,L4,Promotion
E102142,2014-12-10,Cloud and Infrastructure,L2,Hire
E102143,2017-04-09,Delivery,L3,Hire
E102144,2022-02-12,Cloud and Infrastructure,L1,Hire
E102145,2019-08-03,Data and Analytics,L1,Hire
E102146,2018-01-05,Quality Engineering,L2,Hire
E102146,2023-04-01,Quality Engineering,L3,Promotion
E102147,2015-03-11,Delivery,L2,Hire
E102148,2016-11-01,Quality Engineering,L5,Hire
E102149,2015-09-14,Delivery,L4,Hire
E102149,2024-04-01,Delivery,L5,Promotion
E102150,2015-11-05,Cloud and Infrastructure,L3,Hire
E102151,2022-05-23,Delivery,L1,Hire
E102151,2025-04-01,Delivery,L2,Promotion
E102152,2022-06-28,Quality Engineering,L1,Hire
E102153,2022-06-30,Delivery,L2,Hire
E102153,2025-04-01,Delivery,L3,Promotion
E102154,2022-06-10,Cloud and Infrastructure,L2,Hire
E102155,2022-06-12,Delivery,L2,Hire
E102156,2022-06-26,Cloud and Infrastructure,L3,Hire
E102157,2022-06-28,Delivery,L3,Hire
E102158,2022-06-28,Sales and Presales,L1,Hire
E102159,2022-06-09,Cloud and Infrastructure,L3,Hire
E102160,2022-06-14,Quality Engineering,L3,Hire
E102161,2022-07-17,Quality Engineering,L2,Hire
E102162,2022-07-28,Delivery,L2,Hire
E102163,2022-07-06,Delivery,L1,Hire
E102163,2025-04-01,Delivery,L2,Promotion
E102164,2022-07-13,Delivery,L3,Hire
E102165,2022-07-09,Quality Engineering,L2,Hire
E102166,2022-07-16,Sales and Presales,L1,Hire
E102167,2022-07-31,Delivery,L1,Hire
E102168,2022-07-11,Cloud and Infrastructure,L1,Hire
E102169,2022-07-11,Cloud and Infrastructure,L1,Hire
E102170,2022-07-05,Delivery,L3,Hire
E102171,2022-07-15,Delivery,L3,Hire
E102172,2022-07-29,Data and Analytics,L1,Hire
E102173,2022-07-26,Cloud and Infrastructure,L2,Hire
E102174,2022-07-17,Quality Engineering,L2,Hire
E102175,2022-07-13,Data and Analytics,L2,Hire
E102176,2022-07-08,Data and Analytics,L2,Hire
E102177,2022-07-25,Cloud and Infrastructure,L2,Hire
E102178,2022-07-21,Delivery,L4,Hire
E102179,2022-07-27,Cloud and Infrastructure,L2,Hire
E102180,2022-07-23,Corporate Functions,L1,Hire
E102181,2022-07-22,Delivery,L1,Hire
E102182,2022-07-26,Quality Engineering,L4,Hire
E102183,2022-07-10,Consulting,L2,Hire
E102184,2022-07-20,Data and Analytics,L1,Hire
E102185,2022-07-24,Quality Engineering,L1,Hire
E102186,2022-07-28,Sales and Presales,L1,Hire
E102187,2022-07-30,Delivery,L2,Hire
E102188,2022-07-03,Data and Analytics,L2,Hire
E102189,2022-07-19,Quality Engineering,L2,Hire
E102190,2022-07-29,Data and Analytics,L3,Hire
E102190,2024-04-01,Data and Analytics,L4,Promotion
E102191,2022-07-30,Cloud and Infrastructure,L1,Hire
E102192,2022-07-27,Delivery,L1,Hire
E102193,2022-08-11,Data and Analytics,L2,Hire
E102194,2022-08-13,Data and Analytics,L1,Hire
E102195,2022-08-27,Quality Engineering,L4,Hire
E102196,2022-08-10,Cloud and Infrastructure,L3,Hire
E102197,2022-08-04,Cloud and Infrastructure,L2,Hire
E102197,2025-04-01,Cloud and Infrastructure,L3,Promotion
E102198,2022-08-15,Data and Analytics,L2,Hire
E102199,2022-08-30,Data and Analytics,L1,Hire
E102199,2024-04-01,Data and Analytics,L2,Promotion
E102200,2022-08-16,Delivery,L2,Hire
E102201,2022-08-17,Delivery,L3,Hire
E102201,2024-04-01,Delivery,L4,Promotion
E102202,2022-08-06,Quality Engineering,L1,Hire
E102203,2022-08-10,Delivery,L2,Hire
E102204,2022-08-16,Delivery,L5,Hire
E102205,2022-08-12,Delivery,L2,Hire
E102206,2022-08-27,Delivery,L3,Hire
E102207,2022-08-30,Delivery,L1,Hire
E102208,2022-08-04,Sales and Presales,L1,Hire
E102208,2025-04-01,Sales and Presales,L2,Promotion
E102209,2022-08-22,Delivery,L2,Hire
E102209,2025-04-01,Delivery,L3,Promotion
E102210,2022-08-01,Delivery,L1,Hire
E102211,2022-08-04,Data and Analytics,L1,Hire
E102212,2022-08-25,Delivery,L2,Hire
E102213,2022-08-30,Quality Engineering,L4,Hire
E102214,2022-08-26,Cloud and Infrastructure,L2,Hire
E102215,2022-08-08,Sales and Presales,L2,Hire
E102216,2022-08-25,Delivery,L5,Hire
E102217,2022-08-11,Delivery,L2,Hire
E102217,2024-04-01,Delivery,L3,Promotion
E102218,2022-08-05,Sales and Presales,L1,Hire
E102219,2022-08-15,Quality Engineering,L2,Hire
E102220,2022-08-12,Data and Analytics,L2,Hire
E102221,2022-08-09,Corporate Functions,L2,Hire
E102222,2022-08-28,Quality Engineering,L3,Hire
E102223,2022-08-26,Sales and Presales,L1,Hire
E102224,2022-08-19,Cloud and Infrastructure,L2,Hire
E102225,2022-08-16,Delivery,L2,Hire
E102226,2022-08-18,Sales and Presales,L1,Hire
E102227,2022-08-03,Cloud and Infrastructure,L2,Hire
E102228,2022-08-19,Delivery,L4,Hire
E102229,2022-08-28,Delivery,L2,Hire
E102230,2022-08-08,Cloud and Infrastructure,L2,Hire
E102231,2022-08-26,Corporate Functions,L1,Hire
E102232,2022-08-14,Consulting,L2,Hire
E102233,2022-08-03,Delivery,L1,Hire
E102234,2022-08-02,Delivery,L3,Hire
E102235,2022-08-30,Quality Engineering,L2,Hire
E102236,2022-08-18,Delivery,L1,Hire
E102236,2025-04-01,Delivery,L2,Promotion
E102237,2022-08-28,Delivery,L1,Hire
E102238,2022-08-26,Corporate Functions,L3,Hire
E102239,2022-08-30,Delivery,L1,Hire
E102240,2022-09-08,Sales and Presales,L2,Hire
E102241,2022-09-15,Data and Analytics,L1,Hire
E102242,2022-09-06,Consulting,L4,Hire
E102243,2022-09-10,Cloud and Infrastructure,L3,Hire
E102244,2022-09-06,Quality Engineering,L2,Hire
E102245,2022-09-02,Data and Analytics,L3,Hire
E102246,2022-09-11,Cloud and Infrastructure,L1,Hire
E102246,2025-04-01,Cloud and Infrastructure,L2,Promotion
E102247,2022-09-21,Quality Engineering,L4,Hire
E102247,2024-04-01,Quality Engineering,L5,Promotion
E102248,2022-09-26,Delivery,L2,Hire
E102249,2022-09-01,Delivery,L2,Hire
E102250,2022-09-22,Delivery,L2,Hire
E102250,2025-04-01,Delivery,L3,Promotion
E102251,2022-09-02,Data and Analytics,L2,Hire
E102252,2022-09-03,Delivery,L2,Hire
E102252,2024-04-01,Delivery,L3,Promotion
E102253,2022-09-22,Delivery,L2,Hire
E102254,2022-09-13,Delivery,L2,Hire
E102254,2024-04-01,Delivery,L3,Promotion
E102255,2022-09-28,Data and Analytics,L5,Hire
E102256,2022-09-23,Cloud and Infrastructure,L2,Hire
E102257,2022-09-11,Delivery,L1,Hire
E102257,2024-04-01,Delivery,L2,Promotion
E102258,2022-09-06,Sales and Presales,L1,Hire
E102259,2022-09-06,Consulting,L3,Hire
E102260,2022-09-02,Delivery,L3,Hire
E102261,2022-09-11,Delivery,L2,Hire
E102261,2025-04-01,Delivery,L3,Promotion
E102262,2022-09-22,Delivery,L2,Hire
E102263,2022-09-23,Cloud and Infrastructure,L2,Hire
E102264,2022-09-05,Delivery,L1,Hire
E102265,2022-09-03,Delivery,L2,Hire
E102266,2022-09-02,Delivery,L1,Hire
E102267,2022-09-17,Delivery,L1,Hire
E102268,2022-09-24,Delivery,L3,Hire
E102269,2022-09-30,Data and Analytics,L1,Hire
E102270,2022-09-25,Cloud and Infrastructure,L3,Hire
E102271,2022-09-13,Consulting,L5,Hire
E102272,2022-09-25,Quality Engineering,L2,Hire
E102273,2022-09-28,Data and Analytics,L2,Hire
E102273,2024-04-01,Data and Analytics,L3,Promotion
E102274,2022-09-09,Quality Engineering,L1,Hire
E102275,2022-09-19,Delivery,L2,Hire
E102275,2025-04-01,Delivery,L3,Promotion
E102276,2022-09-15,Delivery,L3,Hire
E102277,2022-09-27,Cloud and Infrastructure,L1,Hire
E102278,2022-09-22,Delivery,L1,Hire
E102279,2022-09-12,Delivery,L2,Hire
E102280,2022-09-24,Quality Engineering,L3,Hire
E102280,2025-04-01,Quality Engineering,L4,Promotion
E102281,2022-09-17,Delivery,L2,Hire
E102282,2022-10-12,Quality Engineering,L6,Hire
E102283,2022-10-03,Delivery,L1,Hire
E102284,2022-10-16,Data and Analytics,L3,Hire
E102285,2022-10-04,Data and Analytics,L3,Hire
E102285,2025-04-01,Data and Analytics,L4,Promotion
E102286,2022-10-19,Data and Analytics,L2,Hire
E102287,2022-10-03,Delivery,L1,Hire
E102288,2022-10-21,Data and Analytics,L1,Hire
E102288,2025-04-01,Data and Analytics,L2,Promotion
E102289,2022-10-27,Quality Engineering,L4,Hire
E102290,2022-10-12,Cloud and Infrastructure,L1,Hire
E102291,2022-10-09,Delivery,L4,Hire
E102292,2022-10-03,Delivery,L4,Hire
E102292,2024-04-01,Delivery,L5,Promotion
E102293,2022-10-21,Sales and Presales,L1,Hire
E102294,2022-10-18,Corporate Functions,L3,Hire
E102295,2022-10-28,Delivery,L2,Hire
E102296,2022-10-17,Quality Engineering,L4,Hire
E102297,2022-10-20,Sales and Presales,L4,Hire
E102298,2022-10-06,Cloud and Infrastructure,L2,Hire
E102299,2022-10-17,Data and Analytics,L1,Hire
E102300,2022-10-21,Sales and Presales,L4,Hire
E102301,2022-10-06,Delivery,L1,Hire
E102302,2022-10-08,Data and Analytics,L2,Hire
E102303,2022-10-17,Delivery,L1,Hire
E102304,2022-10-16,Delivery,L2,Hire
E102305,2022-10-28,Quality Engineering,L2,Hire
E102306,2022-10-26,Delivery,L2,Hire
E102307,2022-10-20,Cloud and Infrastructure,L2,Hire
E102308,2022-10-31,Cloud and Infrastructure,L2,Hire
E102309,2022-10-31,Corporate Functions,L2,Hire
E102310,2022-10-30,Delivery,L1,Hire
E102311,2022-10-23,Delivery,L3,Hire
E102312,2022-10-17,Delivery,L1,Hire
E102313,2022-10-26,Delivery,L2,Hire
E102314,2022-10-29,Sales and Presales,L1,Hire
E102315,2022-10-05,Data and Analytics,L1,Hire
E102316,2022-10-31,Sales and Presales,L4,Hire
E102317,2022-10-04,Quality Engineering,L1,Hire
E102317,2024-04-01,Quality Engineering,L2,Promotion
E102318,2022-10-06,Delivery,L2,Hire
E102319,2022-10-10,Corporate Functions,L1,Hire
E102320,2022-10-27,Quality Engineering,L2,Hire
E102321,2022-10-03,Quality Engineering,L1,Hire
E102321,2025-04-01,Quality Engineering,L2,Promotion
E102322,2022-10-02,Delivery,L1,Hire
E102322,2025-04-01,Delivery,L2,Promotion
E102323,2022-10-12,Cloud and Infrastructure,L3,Hire
E102324,2022-10-23,Quality Engineering,L2,Hire
E102325,2022-10-14,Cloud and Infrastructure,L1,Hire
E102326,2022-10-26,Sales and Presales,L5,Hire
E102327,2022-10-10,Quality Engineering,L1,Hire
E102328,2022-10-29,Delivery,L2,Hire
E102329,2022-10-22,Delivery,L2,Hire
E102330,2022-10-23,Sales and Presales,L1,Hire
E102331,2022-10-18,Corporate Functions,L4,Hire
E102332,2022-10-04,Data and Analytics,L3,Hire
E102333,2022-10-28,Corporate Functions,L1,Hire
E102334,2022-10-25,Corporate Functions,L3,Hire
E102335,2022-10-26,Corporate Functions,L3,Hire
E102336,2022-11-07,Cloud and Infrastructure,L2,Hire
E102337,2022-11-05,Cloud and Infrastructure,L4,Hire
E102338,2022-11-08,Cloud and Infrastructure,L5,Hire
E102339,2022-11-01,Delivery,L1,Hire
E102340,2022-11-17,Delivery,L3,Hire
E102341,2022-11-19,Delivery,L3,Hire
E102342,2022-11-14,Data and Analytics,L3,Hire
E102343,2022-11-12,Delivery,L1,Hire
E102344,2022-11-20,Data and Analytics,L3,Hire
E102345,2022-11-11,Sales and Presales,L1,Hire
E102346,2022-11-16,Cloud and Infrastructure,L4,Hire
E102347,2022-11-27,Delivery,L2,Hire
E102348,2022-11-24,Delivery,L2,Hire
E102349,2022-11-24,Data and Analytics,L2,Hire
E102350,2022-11-28,Corporate Functions,L3,Hire
E102351,2022-11-03,Cloud and Infrastructure,L1,Hire
E102352,2022-11-08,Data and Analytics,L1,Hire
E102353,2022-11-08,Data and Analytics,L3,Hire
E102353,2025-04-01,Data and Analytics,L4,Promotion
E102354,2022-11-05,Delivery,L1,Hire
E102355,2022-11-28,Delivery,L2,Hire
E102356,2022-11-04,Quality Engineering,L4,Hire
E102357,2022-11-03,Data and Analytics,L2,Hire
E102358,2022-11-04,Data and Analytics,L3,Hire
E102359,2022-11-21,Cloud and Infrastructure,L4,Hire
E102360,2022-11-16,Delivery,L1,Hire
E102361,2022-11-27,Data and Analytics,L3,Hire
E102362,2022-11-01,Quality Engineering,L2,Hire
E102363,2022-11-22,Data and Analytics,L2,Hire
E102364,2022-11-13,Quality Engineering,L4,Hire
E102364,2025-04-01,Quality Engineering,L5,Promotion
E102365,2022-11-16,Data and Analytics,L2,Hire
E102366,2022-11-03,Sales and Presales,L2,Hire
E102367,2022-11-10,Delivery,L2,Hire
E102368,2022-11-14,Data and Analytics,L2,Hire
E102369,2022-11-03,Delivery,L2,Hire
E102370,2022-11-09,Delivery,L2,Hire
E102371,2022-11-03,Sales and Presales,L1,Hire
E102372,2022-11-24,Delivery,L2,Hire
E102373,2022-11-21,Cloud and Infrastructure,L5,Hire
E102374,2022-11-28,Delivery,L2,Hire
E102375,2022-11-23,Sales and Presales,L2,Hire
E102376,2022-11-17,Data and Analytics,L2,Hire
E102377,2022-11-21,Delivery,L3,Hire
E102378,2022-11-07,Delivery,L2,Hire
E102379,2022-11-19,Delivery,L1,Hire
E102380,2022-11-11,Consulting,L1,Hire
E102381,2022-11-11,Delivery,L1,Hire
E102382,2022-11-20,Delivery,L1,Hire
E102383,2022-12-03,Delivery,L5,Hire
E102384,2022-12-31,Corporate Functions,L3,Hire
E102385,2022-12-22,Cloud and Infrastructure,L2,Hire
E102386,2022-12-08,Quality Engineering,L3,Hire
E102387,2022-12-22,Data and Analytics,L4,Hire
E102388,2022-12-16,Sales and Presales,L5,Hire
E102389,2022-12-29,Delivery,L2,Hire
E102390,2022-12-16,Delivery,L1,Hire
E102391,2022-12-10,Delivery,L2,Hire
E102392,2022-12-06,Corporate Functions,L2,Hire
E102393,2022-12-05,Data and Analytics,L1,Hire
E102394,2022-12-28,Delivery,L1,Hire
E102395,2022-12-02,Delivery,L1,Hire
E102396,2022-12-30,Sales and Presales,L4,Hire
E102397,2022-12-31,Consulting,L3,Hire
E102398,2022-12-25,Delivery,L4,Hire
E102399,2022-12-21,Sales and Presales,L3,Hire
E102400,2022-12-26,Delivery,L2,Hire
E102401,2022-12-05,Sales and Presales,L5,Hire
E102402,2022-12-04,Data and Analytics,L2,Hire
E102403,2022-12-19,Delivery,L3,Hire
E102404,2022-12-28,Data and Analytics,L1,Hire
E102405,2022-12-19,Sales and Presales,L3,Hire
E102406,2022-12-01,Delivery,L2,Hire
E102407,2022-12-08,Delivery,L2,Hire
E102408,2022-12-20,Delivery,L3,Hire
E102409,2022-12-25,Delivery,L4,Hire
E102410,2022-12-22,Data and Analytics,L3,Hire
E102411,2022-12-14,Delivery,L2,Hire
E102412,2022-12-10,Delivery,L3,Hire
E102413,2022-12-06,Delivery,L1,Hire
E102414,2022-12-05,Quality Engineering,L3,Hire
E102415,2022-12-26,Consulting,L3,Hire
E102416,2022-12-19,Cloud and Infrastructure,L2,Hire
E102417,2022-12-18,Delivery,L3,Hire
E102418,2022-12-12,Delivery,L1,Hire
E102419,2022-12-27,Data and Analytics,L4,Hire
E102419,2025-04-01,Data and Analytics,L5,Promotion
E102420,2022-12-18,Delivery,L3,Hire
E102421,2022-12-16,Delivery,L3,Hire
E102422,2022-12-19,Quality Engineering,L2,Hire
E102423,2023-01-15,Data and Analytics,L4,Hire
E102424,2023-01-03,Delivery,L4,Hire
E102425,2023-01-01,Delivery,L4,Hire
E102426,2023-01-03,Delivery,L3,Hire
E102427,2023-01-15,Cloud and Infrastructure,L1,Hire
E102428,2023-01-14,Sales and Presales,L2,Hire
E102429,2023-01-01,Cloud and Infrastructure,L1,Hire
E102430,2023-01-25,Cloud and Infrastructure,L3,Hire
E102431,2023-01-25,Quality Engineering,L3,Hire
E102432,2023-01-08,Delivery,L3,Hire
E102433,2023-01-16,Delivery,L2,Hire
E102434,2023-01-28,Delivery,L4,Hire
E102435,2023-01-25,Delivery,L1,Hire
E102435,2025-04-01,Delivery,L2,Promotion
E102436,2023-01-03,Delivery,L3,Hire
E102437,2023-01-01,Delivery,L3,Hire
E102438,2023-01-22,Delivery,L1,Hire
E102439,2023-01-06,Quality Engineering,L3,Hire
E102440,2023-01-22,Quality Engineering,L1,Hire
E102441,2023-01-06,Delivery,L2,Hire
E102442,2023-01-11,Data and Analytics,L2,Hire
E102443,2023-01-12,Data and Analytics,L2,Hire
E102443,2025-04-01,Data and Analytics,L3,Promotion
E102444,2023-01-01,Delivery,L1,Hire
E102445,2023-01-07,Delivery,L2,Hire
E102445,2025-04-01,Delivery,L3,Promotion
E102446,2023-01-23,Delivery,L5,Hire
E102447,2023-01-23,Delivery,L3,Hire
E102448,2023-01-07,Sales and Presales,L1,Hire
E102448,2025-04-01,Sales and Presales,L2,Promotion
E102449,2023-01-01,Delivery,L3,Hire
E102450,2023-01-24,Quality Engineering,L2,Hire
E102451,2023-01-09,Data and Analytics,L2,Hire
E102452,2023-01-11,Quality Engineering,L1,Hire
E102453,2023-01-23,Quality Engineering,L3,Hire
E102454,2023-01-05,Delivery,L2,Hire
E102455,2023-01-12,Quality Engineering,L2,Hire
E102456,2023-01-21,Cloud and Infrastructure,L3,Hire
E102457,2023-01-25,Sales and Presales,L3,Hire
E102458,2023-01-26,Delivery,L1,Hire
E102459,2023-01-20,Delivery,L1,Hire
E102459,2025-04-01,Delivery,L2,Promotion
E102460,2023-01-03,Delivery,L2,Hire
E102461,2023-01-27,Delivery,L1,Hire
E102461,2025-04-01,Delivery,L2,Promotion
E102462,2023-01-02,Delivery,L3,Hire
E102463,2023-01-19,Quality Engineering,L3,Hire
E102464,2023-01-29,Data and Analytics,L2,Hire
E102464,2025-04-01,Data and Analytics,L3,Promotion
E102465,2023-01-28,Consulting,L3,Hire
E102466,2023-02-08,Delivery,L4,Hire
E102466,2025-04-01,Delivery,L5,Promotion
E102467,2023-02-03,Cloud and Infrastructure,L2,Hire
E102468,2023-02-05,Delivery,L1,Hire
E102469,2023-02-08,Delivery,L1,Hire
E102470,2023-02-08,Cloud and Infrastructure,L2,Hire
E102471,2023-02-02,Delivery,L2,Hire
E102472,2023-02-01,Corporate Functions,L1,Hire
E102473,2023-02-06,Delivery,L2,Hire
E102473,2025-04-01,Delivery,L3,Promotion
E102474,2023-02-24,Corporate Functions,L2,Hire
E102475,2023-02-12,Quality Engineering,L2,Hire
E102476,2023-02-18,Delivery,L2,Hire
E102477,2023-02-20,Delivery,L2,Hire
E102478,2023-02-19,Quality Engineering,L1,Hire
E102478,2025-04-01,Quality Engineering,L2,Promotion
E102479,2023-02-25,Cloud and Infrastructure,L4,Hire
E102480,2023-02-13,Data and Analytics,L1,Hire
E102481,2023-02-28,Consulting,L1,Hire
E102482,2023-02-23,Delivery,L2,Hire
E102483,2023-02-04,Consulting,L2,Hire
E102484,2023-02-23,Corporate Functions,L1,Hire
E102484,2025-04-01,Corporate Functions,L2,Promotion
E102485,2023-02-23,Data and Analytics,L2,Hire
E102486,2023-02-24,Data and Analytics,L2,Hire
E102487,2023-02-22,Cloud and Infrastructure,L1,Hire
E102487,2025-04-01,Cloud and Infrastructure,L2,Promotion
E102488,2023-02-13,Cloud and Infrastructure,L1,Hire
E102488,2025-04-01,Cloud and Infrastructure,L2,Promotion
E102489,2023-02-18,Delivery,L4,Hire
E102490,2023-02-08,Delivery,L4,Hire
E102490,2025-04-01,Delivery,L5,Promotion
E102491,2023-02-26,Quality Engineering,L2,Hire
E102492,2023-02-25,Delivery,L2,Hire
E102493,2023-02-20,Delivery,L1,Hire
E102494,2023-03-29,Quality Engineering,L4,Hire
E102495,2023-03-06,Cloud and Infrastructure,L2,Hire
E102496,2023-03-01,Delivery,L3,Hire
E102497,2023-03-30,Delivery,L3,Hire
E102498,2023-03-19,Delivery,L4,Hire
E102499,2023-03-02,Delivery,L2,Hire
E102500,2023-03-04,Data and Analytics,L2,Hire
E102501,2023-03-02,Cloud and Infrastructure,L4,Hire
E102501,2025-04-01,Cloud and Infrastructure,L5,Promotion
E102502,2023-03-28,Data and Analytics,L3,Hire
E102503,2023-03-29,Delivery,L3,Hire
E102504,2023-03-10,Delivery,L1,Hire
E102505,2023-03-17,Cloud and Infrastructure,L4,Hire
E102506,2023-03-21,Cloud and Infrastructure,L6,Hire
E102507,2023-03-22,Delivery,L1,Hire
E102508,2023-03-31,Delivery,L3,Hire
E102509,2023-03-28,Quality Engineering,L2,Hire
E102509,2025-04-01,Quality Engineering,L3,Promotion
E102510,2023-03-19,Consulting,L6,Hire
E102511,2023-03-03,Quality Engineering,L2,Hire
E102512,2023-03-14,Sales and Presales,L2,Hire
E102513,2023-03-02,Delivery,L2,Hire
E102514,2023-03-17,Corporate Functions,L2,Hire
E102515,2023-03-13,Quality Engineering,L6,Hire
E102516,2023-03-25,Sales and Presales,L3,Hire
E102517,2023-03-02,Delivery,L1,Hire
E102518,2023-03-16,Corporate Functions,L3,Hire
E102519,2023-03-01,Data and Analytics,L1,Hire
E102520,2023-03-11,Cloud and Infrastructure,L2,Hire
E102521,2023-03-29,Delivery,L2,Hire
E102521,2025-04-01,Delivery,L3,Promotion
E102522,2023-03-28,Quality Engineering,L2,Hire
E102523,2023-03-09,Delivery,L3,Hire
E102524,2023-03-18,Sales and Presales,L1,Hire
E102525,2023-03-25,Cloud and Infrastructure,L2,Hire
E102526,2023-03-21,Corporate Functions,L1,Hire
E102527,2023-03-03,Cloud and Infrastructure,L2,Hire
E102528,2023-03-21,Cloud and Infrastructure,L2,Hire
E102529,2023-03-11,Cloud and Infrastructure,L3,Hire
E102530,2023-03-21,Delivery,L5,Hire
E102531,2023-03-23,Delivery,L2,Hire
E102532,2023-03-28,Delivery,L2,Hire
E102533,2023-03-12,Cloud and Infrastructure,L2,Hire
E102534,2023-03-19,Delivery,L3,Hire
E102535,2023-03-31,Quality Engineering,L2,Hire
E102536,2023-03-30,Cloud and Infrastructure,L1,Hire
E102537,2023-03-31,Delivery,L2,Hire
E102538,2023-03-17,Quality Engineering,L2,Hire
E102539,2023-03-24,Delivery,L2,Hire
E102540,2023-04-26,Delivery,L5,Hire
E102541,2023-04-16,Data and Analytics,L3,Hire
E102542,2023-04-04,Delivery,L4,Hire
E102543,2023-04-06,Delivery,L2,Hire
E102544,2023-04-30,Delivery,L3,Hire
E102545,2023-04-23,Delivery,L1,Hire
E102546,2023-04-23,Delivery,L6,Hire
E102547,2023-04-07,Delivery,L2,Hire
E102548,2023-04-10,Delivery,L3,Hire
E102549,2023-04-29,Delivery,L2,Hire
E102550,2023-04-01,Delivery,L3,Hire
E102551,2023-04-14,Delivery,L3,Hire
E102552,2023-04-18,Delivery,L1,Hire
E102553,2023-04-03,Sales and Presales,L1,Hire
E102554,2023-04-23,Cloud and Infrastructure,L3,Hire
E102555,2023-04-29,Delivery,L3,Hire
E102556,2023-04-09,Corporate Functions,L2,Hire
E102557,2023-04-27,Quality Engineering,L1,Hire
E102558,2023-04-13,Delivery,L2,Hire
E102559,2023-04-13,Quality Engineering,L2,Hire
E102560,2023-04-30,Delivery,L6,Hire
E102561,2023-04-24,Cloud and Infrastructure,L3,Hire
E102562,2023-04-04,Quality Engineering,L2,Hire
E102563,2023-04-14,Delivery,L2,Hire
E102564,2023-04-18,Delivery,L2,Hire
E102565,2023-04-21,Corporate Functions,L4,Hire
E102566,2023-04-15,Delivery,L4,Hire
E102567,2023-04-04,Quality Engineering,L1,Hire
E102568,2023-04-28,Quality Engineering,L2,Hire
E102569,2023-04-09,Delivery,L1,Hire
E102570,2023-04-13,Corporate Functions,L4,Hire
E102570,2025-04-01,Corporate Functions,L5,Promotion
E102571,2023-04-11,Data and Analytics,L2,Hire
E102572,2023-04-14,Delivery,L2,Hire
E102573,2023-04-10,Cloud and Infrastructure,L5,Hire
E102574,2023-04-16,Delivery,L6,Hire
E102575,2023-04-12,Delivery,L3,Hire
E102576,2023-04-26,Delivery,L3,Hire
E102577,2023-05-23,Delivery,L4,Hire
E102578,2023-05-13,Delivery,L3,Hire
E102579,2023-05-13,Consulting,L4,Hire
E102580,2023-05-04,Sales and Presales,L1,Hire
E102581,2023-05-18,Data and Analytics,L5,Hire
E102582,2023-05-11,Sales and Presales,L1,Hire
E102583,2023-05-12,Data and Analytics,L1,Hire
E102584,2023-05-26,Delivery,L4,Hire
E102585,2023-05-23,Data and Analytics,L2,Hire
E102585,2025-04-01,Data and Analytics,L3,Promotion
E102586,2023-05-25,Delivery,L3,Hire
E102587,2023-05-22,Delivery,L3,Hire
E102587,2025-04-01,Delivery,L4,Promotion
E102588,2023-05-22,Quality Engineering,L1,Hire
E102589,2023-05-01,Cloud and Infrastructure,L3,Hire
E102590,2023-05-23,Data and Analytics,L4,Hire
E102591,2023-05-18,Quality Engineering,L3,Hire
E102592,2023-05-15,Quality Engineering,L1,Hire
E102593,2023-05-12,Data and Analytics,L2,Hire
E102594,2023-05-01,Quality Engineering,L3,Hire
E102595,2023-05-20,Delivery,L3,Hire
E102596,2023-05-11,Delivery,L3,Hire
E102597,2023-05-06,Corporate Functions,L1,Hire
E102598,2023-05-21,Delivery,L3,Hire
E102599,2023-05-20,Cloud and Infrastructure,L3,Hire
E102600,2023-05-05,Quality Engineering,L2,Hire
E102601,2023-05-13,Delivery,L3,Hire
E102602,2023-05-10,Cloud and Infrastructure,L4,Hire
E102603,2023-05-12,Cloud and Infrastructure,L1,Hire
E102604,2023-05-18,Data and Analytics,L2,Hire
E102605,2023-05-31,Delivery,L3,Hire
E102606,2023-05-08,Quality Engineering,L3,Hire
E102607,2023-05-12,Cloud and Infrastructure,L2,Hire
E102607,2025-04-01,Cloud and Infrastructure,L3,Promotion
E102608,2023-05-03,Delivery,L2,Hire
E102609,2023-05-29,Cloud and Infrastructure,L2,Hire
E102610,2023-05-30,Quality Engineering,L2,Hire
E102610,2025-04-01,Quality Engineering,L3,Promotion
E102611,2023-05-24,Corporate Functions,L1,Hire
E102612,2023-05-27,Delivery,L1,Hire
E102613,2023-05-12,Sales and Presales,L1,Hire
E102614,2023-05-31,Delivery,L3,Hire
E102615,2023-05-22,Delivery,L2,Hire
E102615,2025-04-01,Delivery,L3,Promotion
E102616,2023-06-14,Delivery,L4,Hire
E102617,2023-06-19,Consulting,L3,Hire
E102617,2025-04-01,Consulting,L4,Promotion
E102618,2023-06-29,Cloud and Infrastructure,L5,Hire
E102619,2023-06-13,Cloud and Infrastructure,L3,Hire
E102619,2025-04-01,Cloud and Infrastructure,L4,Promotion
E102620,2023-06-10,Delivery,L2,Hire
E102621,2023-06-03,Cloud and Infrastructure,L2,Hire
E102622,2023-06-09,Delivery,L2,Hire
E102623,2023-06-19,Corporate Functions,L4,Hire
E102624,2023-06-23,Delivery,L1,Hire
E102625,2023-06-26,Quality Engineering,L2,Hire
E102626,2023-06-15,Delivery,L1,Hire
E102626,2025-04-01,Delivery,L2,Promotion
E102627,2023-06-04,Delivery,L1,Hire
E102628,2023-06-17,Delivery,L2,Hire
E102629,2023-06-18,Delivery,L2,Hire
E102630,2023-06-11,Delivery,L2,Hire
E102631,2023-06-29,Delivery,L3,Hire
E102632,2023-06-01,Data and Analytics,L2,Hire
E102633,2023-06-29,Delivery,L3,Hire
E102634,2023-06-06,Data and Analytics,L3,Hire
E102635,2023-06-03,Sales and Presales,L1,Hire
E102636,2023-06-23,Delivery,L3,Hire
E102637,2023-06-11,Delivery,L2,Hire
E102638,2023-06-14,Delivery,L2,Hire
E102639,2023-06-02,Cloud and Infrastructure,L2,Hire
E102640,2023-06-29,Delivery,L1,Hire
E102641,2023-06-23,Delivery,L2,Hire
E102642,2023-06-23,Delivery,L3,Hire
E102643,2023-06-16,Quality Engineering,L2,Hire
E102644,2023-06-29,Quality Engineering,L1,Hire
E102644,2025-04-01,Quality Engineering,L2,Promotion
E102645,2023-07-30,Sales and Presales,L4,Hire
E102646,2023-07-16,Data and Analytics,L3,Hire
E102647,2023-07-07,Cloud and Infrastructure,L3,Hire
E102648,2023-07-15,Delivery,L4,Hire
E102649,2023-07-27,Quality Engineering,L2,Hire
E102650,2023-07-18,Cloud and Infrastructure,L3,Hire
E102650,2025-04-01,Cloud and Infrastructure,L4,Promotion
E102651,2023-07-02,Delivery,L2,Hire
E102652,2023-07-14,Delivery,L2,Hire
E102653,2023-07-06,Delivery,L4,Hire
E102654,2023-07-17,Delivery,L2,Hire
E102655,2023-07-10,Delivery,L4,Hire
E102656,2023-07-03,Delivery,L2,Hire
E102657,2023-07-09,Cloud and Infrastructure,L2,Hire
E102658,2023-07-25,Corporate Functions,L3,Hire
E102658,2025-04-01,Corporate Functions,L4,Promotion
E102659,2023-07-11,Corporate Functions,L3,Hire
E102660,2023-07-05,Quality Engineering,L2,Hire
E102661,2023-07-17,Consulting,L2,Hire
E102662,2023-07-07,Data and Analytics,L2,Hire
E102663,2023-07-29,Quality Engineering,L2,Hire
E102664,2023-07-06,Delivery,L2,Hire
E102665,2023-07-11,Delivery,L2,Hire
E102666,2023-07-31,Delivery,L3,Hire
E102667,2023-07-24,Quality Engineering,L1,Hire
E102668,2023-07-03,Consulting,L1,Hire
E102669,2023-07-06,Cloud and Infrastructure,L2,Hire
E102670,2023-07-10,Data and Analytics,L3,Hire
E102671,2023-07-20,Delivery,L1,Hire
E102672,2023-07-14,Delivery,L3,Hire
E102673,2023-07-27,Delivery,L1,Hire
E102674,2023-07-31,Delivery,L2,Hire
E102674,2025-04-01,Delivery,L3,Promotion
E102675,2023-07-25,Delivery,L2,Hire
E102675,2025-04-01,Delivery,L3,Promotion
E102676,2023-08-09,Quality Engineering,L3,Hire
E102677,2023-08-05,Delivery,L1,Hire
E102678,2023-08-10,Delivery,L1,Hire
E102679,2023-08-04,Delivery,L1,Hire
E102680,2023-08-15,Delivery,L1,Hire
E102680,2025-04-01,Delivery,L2,Promotion
E102681,2023-08-07,Delivery,L1,Hire
E102682,2023-08-16,Delivery,L1,Hire
E102683,2023-08-03,Delivery,L1,Hire
E102684,2023-08-20,Delivery,L1,Hire
E102685,2023-08-03,Sales and Presales,L1,Hire
E102686,2023-08-13,Delivery,L1,Hire
E102687,2023-08-16,Quality Engineering,L1,Hire
E102687,2025-04-01,Quality Engineering,L2,Promotion
E102688,2023-08-19,Delivery,L1,Hire
E102689,2023-08-20,Delivery,L1,Hire
E102690,2023-08-15,Cloud and Infrastructure,L1,Hire
E102691,2023-08-06,Delivery,L1,Hire
E102692,2023-08-16,Sales and Presales,L1,Hire
E102693,2023-08-06,Data and Analytics,L1,Hire
E102694,2023-08-05,Quality Engineering,L1,Hire
E102695,2023-08-05,Delivery,L1,Hire
E102696,2023-08-01,Sales and Presales,L1,Hire
E102697,2023-08-17,Delivery,L1,Hire
E102697,2025-04-01,Delivery,L2,Promotion
E102698,2023-08-20,Delivery,L1,Hire
E102699,2023-08-04,Delivery,L1,Hire
E102700,2023-08-03,Delivery,L1,Hire
E102701,2023-08-19,Sales and Presales,L1,Hire
E102702,2023-08-02,Delivery,L1,Hire
E102703,2023-08-04,Quality Engineering,L1,Hire
E102704,2023-08-03,Delivery,L1,Hire
E102704,2025-04-01,Delivery,L2,Promotion
E102705,2023-08-02,Delivery,L1,Hire
E102706,2023-08-11,Delivery,L1,Hire
E102707,2023-08-05,Delivery,L1,Hire
E102708,2023-08-17,Delivery,L1,Hire
E102709,2023-08-18,Consulting,L1,Hire
E102710,2023-08-12,Quality Engineering,L1,Hire
E102711,2023-08-02,Quality Engineering,L1,Hire
E102712,2023-08-06,Delivery,L1,Hire
E102713,2023-08-07,Delivery,L1,Hire
E102714,2023-08-16,Delivery,L1,Hire
E102715,2023-08-11,Delivery,L1,Hire
E102716,2023-08-03,Data and Analytics,L1,Hire
E102717,2023-08-06,Delivery,L1,Hire
E102718,2023-08-06,Delivery,L1,Hire
E102719,2023-08-17,Delivery,L1,Hire
E102720,2023-08-05,Delivery,L1,Hire
E102721,2023-08-13,Delivery,L1,Hire
E102722,2023-08-16,Cloud and Infrastructure,L1,Hire
E102723,2023-08-10,Delivery,L1,Hire
E102724,2023-08-16,Delivery,L1,Hire
E102725,2023-08-10,Quality Engineering,L1,Hire
E102726,2023-08-15,Cloud and Infrastructure,L1,Hire
E102727,2023-08-05,Consulting,L1,Hire
E102728,2023-08-03,Data and Analytics,L1,Hire
E102728,2025-04-01,Data and Analytics,L2,Promotion
E102729,2023-08-17,Consulting,L1,Hire
E102730,2023-08-12,Delivery,L1,Hire
E102731,2023-08-07,Consulting,L1,Hire
E102732,2023-08-06,Delivery,L1,Hire
E102733,2023-08-06,Delivery,L1,Hire
E102734,2023-08-03,Delivery,L1,Hire
E102735,2023-08-01,Delivery,L1,Hire
E102736,2023-08-01,Data and Analytics,L1,Hire
E102737,2023-08-19,Delivery,L1,Hire
E102738,2023-08-04,Data and Analytics,L1,Hire
E102739,2023-08-16,Cloud and Infrastructure,L1,Hire
E102740,2023-08-10,Data and Analytics,L1,Hire
E102741,2023-08-18,Sales and Presales,L1,Hire
E102741,2025-04-01,Sales and Presales,L2,Promotion
E102742,2023-08-17,Consulting,L1,Hire
E102743,2023-08-18,Delivery,L1,Hire
E102744,2023-08-17,Quality Engineering,L1,Hire
E102744,2025-04-01,Quality Engineering,L2,Promotion
E102745,2023-08-17,Delivery,L1,Hire
E102746,2023-08-04,Delivery,L1,Hire
E102747,2023-08-17,Delivery,L1,Hire
E102748,2023-08-18,Cloud and Infrastructure,L1,Hire
E102749,2023-08-15,Quality Engineering,L1,Hire
E102749,2025-04-01,Quality Engineering,L2,Promotion
E102750,2023-08-10,Cloud and Infrastructure,L1,Hire
E102751,2023-08-07,Delivery,L1,Hire
E102752,2023-08-20,Delivery,L1,Hire
E102753,2023-08-02,Delivery,L1,Hire
E102754,2023-08-11,Sales and Presales,L1,Hire
E102754,2025-04-01,Sales and Presales,L2,Promotion
E102755,2023-08-18,Delivery,L1,Hire
E102756,2023-08-01,Delivery,L1,Hire
E102757,2023-08-18,Sales and Presales,L1,Hire
E102758,2023-08-06,Delivery,L1,Hire
E102758,2025-04-01,Delivery,L2,Promotion
E102759,2023-08-06,Delivery,L1,Hire
E102760,2023-08-03,Consulting,L1,Hire
E102760,2025-04-01,Consulting,L2,Promotion
E102761,2023-08-10,Delivery,L1,Hire
E102762,2023-08-09,Delivery,L1,Hire
E102762,2025-04-01,Delivery,L2,Promotion
E102763,2023-08-04,Cloud and Infrastructure,L1,Hire
E102764,2023-08-13,Quality Engineering,L1,Hire
E102765,2023-08-11,Consulting,L1,Hire
E102766,2023-08-05,Quality Engineering,L1,Hire
E102767,2023-08-20,Quality Engineering,L1,Hire
E102767,2025-04-01,Quality Engineering,L2,Promotion
E102768,2023-08-20,Quality Engineering,L1,Hire
E102768,2025-04-01,Quality Engineering,L2,Promotion
E102769,2023-08-02,Sales and Presales,L1,Hire
E102769,2025-04-01,Sales and Presales,L2,Promotion
E102770,2023-08-09,Delivery,L1,Hire
E102771,2023-08-18,Quality Engineering,L1,Hire
E102772,2023-08-16,Delivery,L1,Hire
E102773,2023-08-16,Delivery,L1,Hire
E102774,2023-08-17,Cloud and Infrastructure,L1,Hire
E102775,2023-08-08,Delivery,L1,Hire
E102776,2023-08-08,Delivery,L1,Hire
E102776,2025-04-01,Delivery,L2,Promotion
E102777,2023-08-14,Delivery,L1,Hire
E102778,2023-08-20,Delivery,L1,Hire
E102779,2023-08-20,Data and Analytics,L1,Hire
E102780,2023-08-04,Delivery,L1,Hire
E102781,2023-08-02,Delivery,L1,Hire
E102782,2023-08-13,Cloud and Infrastructure,L1,Hire
E102782,2025-04-01,Cloud and Infrastructure,L2,Promotion
E102783,2023-08-05,Delivery,L1,Hire
E102784,2023-08-16,Delivery,L1,Hire
E102785,2023-08-03,Delivery,L1,Hire
E102786,2023-08-17,Delivery,L1,Hire
E102786,2025-04-01,Delivery,L2,Promotion
E102787,2023-08-10,Delivery,L1,Hire
E102788,2023-08-05,Delivery,L1,Hire
E102789,2023-08-14,Delivery,L1,Hire
E102790,2023-08-20,Delivery,L1,Hire
E102791,2023-08-12,Sales and Presales,L1,Hire
E102792,2023-08-19,Cloud and Infrastructure,L1,Hire
E102792,2025-04-01,Cloud and Infrastructure,L2,Promotion
E102793,2023-08-09,Cloud and Infrastructure,L1,Hire
E102794,2023-08-18,Delivery,L1,Hire
E102795,2023-08-15,Cloud and Infrastructure,L1,Hire
E102796,2023-08-20,Delivery,L1,Hire
E102796,2025-04-01,Delivery,L2,Promotion
E102797,2023-08-10,Data and Analytics,L1,Hire
E102798,2023-08-01,Delivery,L1,Hire
E102799,2023-08-14,Sales and Presales,L1,Hire
E102800,2023-08-01,Quality Engineering,L1,Hire
E102801,2023-08-08,Cloud and Infrastructure,L1,Hire
E102802,2023-08-10,Sales and Presales,L1,Hire
E102803,2023-08-14,Delivery,L1,Hire
E102804,2023-08-11,Delivery,L1,Hire
E102805,2023-08-17,Sales and Presales,L1,Hire
E102805,2025-04-01,Sales and Presales,L2,Promotion
E102806,2023-08-12,Delivery,L1,Hire
E102807,2023-08-16,Delivery,L1,Hire
E102808,2023-08-16,Delivery,L1,Hire
E102808,2025-04-01,Delivery,L2,Promotion
E102809,2023-08-13,Data and Analytics,L1,Hire
E102810,2023-08-07,Delivery,L1,Hire
E102811,2023-08-20,Cloud and Infrastructure,L1,Hire
E102812,2023-08-01,Cloud and Infrastructure,L1,Hire
E102813,2023-08-09,Delivery,L1,Hire
E102814,2023-08-12,Delivery,L1,Hire
E102815,2023-08-02,Delivery,L1,Hire
E102816,2023-08-17,Data and Analytics,L1,Hire
E102816,2025-04-01,Data and Analytics,L2,Promotion
E102817,2023-08-10,Data and Analytics,L1,Hire
E102818,2023-08-02,Delivery,L1,Hire
E102819,2023-08-12,Delivery,L1,Hire
E102819,2025-04-01,Delivery,L2,Promotion
E102820,2023-08-02,Delivery,L1,Hire
E102821,2023-08-12,Delivery,L1,Hire
E102821,2025-04-01,Delivery,L2,Promotion
E102822,2023-08-12,Quality Engineering,L1,Hire
E102823,2023-08-19,Quality Engineering,L1,Hire
E102824,2023-08-15,Data and Analytics,L1,Hire
E102825,2023-08-20,Consulting,L1,Hire
E102826,2023-08-18,Quality Engineering,L1,Hire
E102827,2023-08-06,Quality Engineering,L1,Hire
E102828,2023-08-08,Cloud and Infrastructure,L1,Hire
E102829,2023-08-03,Delivery,L1,Hire
E102830,2023-08-08,Delivery,L1,Hire
E102831,2023-08-17,Delivery,L1,Hire
E102832,2023-08-13,Delivery,L1,Hire
E102833,2023-08-15,Quality Engineering,L1,Hire
E102834,2023-08-14,Delivery,L1,Hire
E102835,2023-08-13,Data and Analytics,L1,Hire
E102836,2023-08-14,Delivery,L1,Hire
E102837,2023-08-01,Delivery,L1,Hire
E102837,2025-04-01,Delivery,L2,Promotion
E102838,2023-08-09,Delivery,L1,Hire
E102839,2023-08-12,Sales and Presales,L1,Hire
E102840,2023-08-01,Quality Engineering,L1,Hire
E102841,2023-08-08,Quality Engineering,L1,Hire
E102842,2023-08-17,Delivery,L1,Hire
E102843,2023-08-14,Consulting,L1,Hire
E102844,2023-08-09,Delivery,L1,Hire
E102845,2023-08-18,Delivery,L1,Hire
E102846,2023-08-05,Delivery,L1,Hire
E102847,2023-08-18,Delivery,L1,Hire
E102847,2025-04-01,Delivery,L2,Promotion
E102848,2023-08-06,Data and Analytics,L1,Hire
E102849,2023-08-02,Delivery,L1,Hire
E102850,2023-08-09,Cloud and Infrastructure,L1,Hire
E102851,2023-08-05,Sales and Presales,L1,Hire
E102852,2023-08-09,Delivery,L1,Hire
E102853,2023-08-08,Quality Engineering,L1,Hire
E102853,2025-04-01,Quality Engineering,L2,Promotion
E102854,2023-08-12,Delivery,L1,Hire
E102855,2023-08-05,Delivery,L1,Hire
E102856,2023-08-17,Delivery,L1,Hire
E102857,2023-08-12,Delivery,L1,Hire
E102858,2023-08-14,Quality Engineering,L1,Hire
E102859,2023-08-09,Delivery,L1,Hire
E102860,2023-08-04,Delivery,L1,Hire
E102861,2023-08-03,Quality Engineering,L6,Hire
E102862,2023-08-20,Data and Analytics,L2,Hire
E102862,2025-04-01,Data and Analytics,L3,Promotion
E102863,2023-08-02,Corporate Functions,L2,Hire
E102864,2023-08-17,Delivery,L3,Hire
E102865,2023-08-17,Quality Engineering,L3,Hire
E102866,2023-08-11,Data and Analytics,L4,Hire
E102867,2023-08-13,Sales and Presales,L4,Hire
E102868,2023-08-31,Data and Analytics,L3,Hire
E102869,2023-08-31,Sales and Presales,L4,Hire
E102870,2023-08-18,Delivery,L2,Hire
E102871,2023-08-30,Quality Engineering,L5,Hire
E102872,2023-08-11,Delivery,L3,Hire
E102873,2023-08-05,Cloud and Infrastructure,L3,Hire
E102873,2025-04-01,Cloud and Infrastructure,L4,Promotion
E102874,2023-08-09,Quality Engineering,L2,Hire
E102875,2023-08-20,Delivery,L3,Hire
E102876,2023-08-15,Delivery,L3,Hire
E102877,2023-08-24,Consulting,L2,Hire
E102877,2025-04-01,Consulting,L3,Promotion
E102878,2023-08-19,Sales and Presales,L1,Hire
E102879,2023-08-21,Delivery,L4,Hire
E102880,2023-08-06,Delivery,L3,Hire
E102881,2023-08-30,Quality Engineering,L1,Hire
E102882,2023-08-15,Cloud and Infrastructure,L2,Hire
E102883,2023-08-06,Delivery,L2,Hire
E102884,2023-08-26,Corporate Functions,L3,Hire
E102884,2025-04-01,Corporate Functions,L4,Promotion
E102885,2023-08-14,Delivery,L4,Hire
E102885,2025-04-01,Delivery,L5,Promotion
E102886,2023-08-22,Quality Engineering,L4,Hire
E102887,2023-08-01,Cloud and Infrastructure,L3,Hire
E102888,2023-08-14,Delivery,L1,Hire
E102888,2025-04-01,Delivery,L2,Promotion
E102889,2023-08-27,Quality Engineering,L1,Hire
E102890,2023-08-04,Cloud and Infrastructure,L1,Hire
E102891,2023-08-18,Delivery,L3,Hire
E102891,2025-04-01,Delivery,L4,Promotion
E102892,2023-08-14,Sales and Presales,L2,Hire
E102893,2023-08-24,Data and Analytics,L4,Hire
E102894,2023-08-30,Delivery,L1,Hire
E102895,2023-08-18,Delivery,L3,Hire
E102896,2023-09-24,Data and Analytics,L6,Hire
E102897,2023-09-03,Corporate Functions,L5,Hire
E102898,2023-09-08,Delivery,L3,Hire
E102899,2023-09-27,Quality Engineering,L3,Hire
E102900,2023-09-28,Delivery,L6,Hire
E102901,2023-09-27,Delivery,L3,Hire
E102902,2023-09-24,Quality Engineering,L4,Hire
E102903,2023-09-03,Quality Engineering,L3,Hire
E102904,2023-09-14,Delivery,L2,Hire
E102905,2023-09-04,Delivery,L2,Hire
E102906,2023-09-12,Cloud and Infrastructure,L4,Hire
E102907,2023-09-05,Consulting,L5,Hire
E102908,2023-09-30,Sales and Presales,L3,Hire
E102909,2023-09-11,Delivery,L1,Hire
E102910,2023-09-09,Delivery,L4,Hire
E102911,2023-09-06,Data and Analytics,L1,Hire
E102912,2023-09-28,Quality Engineering,L1,Hire
E102913,2023-09-03,Delivery,L1,Hire
E102914,2023-09-07,Delivery,L2,Hire
E102915,2023-09-21,Delivery,L2,Hire
E102916,2023-09-28,Quality Engineering,L1,Hire
E102917,2023-09-13,Delivery,L3,Hire
E102918,2023-09-27,Quality Engineering,L3,Hire
E102919,2023-09-11,Quality Engineering,L2,Hire
E102920,2023-09-24,Cloud and Infrastructure,L2,Hire
E102921,2023-09-01,Delivery,L1,Hire
E102922,2023-09-26,Quality Engineering,L2,Hire
E102923,2023-09-25,Cloud and Infrastructure,L2,Hire
E102924,2023-09-30,Data and Analytics,L2,Hire
E102925,2023-10-07,Delivery,L2,Hire
E102926,2023-10-03,Cloud and Infrastructure,L3,Hire
E102927,2023-10-07,Delivery,L2,Hire
E102928,2023-10-24,Delivery,L3,Hire
E102929,2023-10-14,Delivery,L5,Hire
E102930,2023-10-10,Quality Engineering,L2,Hire
E102931,2023-10-04,Data and Analytics,L3,Hire
E102932,2023-10-13,Sales and Presales,L2,Hire
E102933,2023-10-02,Data and Analytics,L1,Hire
E102934,2023-10-21,Delivery,L2,Hire
E102935,2023-10-23,Delivery,L1,Hire
E102936,2023-10-13,Delivery,L5,Hire
E102937,2023-10-01,Quality Engineering,L1,Hire
E102938,2023-10-10,Sales and Presales,L2,Hire
E102939,2023-10-18,Quality Engineering,L3,Hire
E102940,2023-10-03,Cloud and Infrastructure,L2,Hire
E102940,2025-04-01,Cloud and Infrastructure,L3,Promotion
E102941,2023-10-25,Data and Analytics,L2,Hire
E102942,2023-10-12,Delivery,L1,Hire
E102943,2023-10-07,Delivery,L2,Hire
E102944,2023-10-02,Delivery,L1,Hire
E102945,2023-10-12,Cloud and Infrastructure,L2,Hire
E102946,2023-10-02,Delivery,L1,Hire
E102947,2023-10-11,Quality Engineering,L3,Hire
E102948,2023-10-02,Cloud and Infrastructure,L2,Hire
E102948,2025-04-01,Cloud and Infrastructure,L3,Promotion
E102949,2023-10-22,Delivery,L2,Hire
E102950,2023-10-17,Quality Engineering,L1,Hire
E102951,2023-10-06,Delivery,L1,Hire
E102952,2023-10-11,Quality Engineering,L1,Hire
E102953,2023-10-24,Delivery,L2,Hire
E102954,2023-10-15,Delivery,L2,Hire
E102955,2023-10-30,Cloud and Infrastructure,L2,Hire
E102956,2023-11-03,Delivery,L4,Hire
E102957,2023-11-15,Delivery,L2,Hire
E102958,2023-11-21,Delivery,L3,Hire
E102959,2023-11-04,Delivery,L2,Hire
E102960,2023-11-17,Corporate Functions,L4,Hire
E102961,2023-11-12,Cloud and Infrastructure,L2,Hire
E102962,2023-11-11,Delivery,L3,Hire
E102963,2023-11-14,Cloud and Infrastructure,L2,Hire
E102964,2023-11-11,Sales and Presales,L3,Hire
E102965,2023-11-04,Data and Analytics,L3,Hire
E102966,2023-11-18,Quality Engineering,L3,Hire
E102967,2023-11-16,Quality Engineering,L4,Hire
E102968,2023-11-13,Cloud and Infrastructure,L1,Hire
E102969,2023-11-19,Delivery,L2,Hire
E102970,2023-11-18,Quality Engineering,L3,Hire
E102971,2023-11-07,Delivery,L2,Hire
E102972,2023-11-03,Sales and Presales,L1,Hire
E102973,2023-11-14,Consulting,L2,Hire
E102974,2023-11-12,Delivery,L2,Hire
E102975,2023-11-16,Consulting,L2,Hire
E102976,2023-11-09,Delivery,L2,Hire
E102977,2023-11-12,Cloud and Infrastructure,L1,Hire
E102978,2023-11-11,Delivery,L3,Hire
E102979,2023-11-18,Quality Engineering,L2,Hire
E102980,2023-11-13,Corporate Functions,L2,Hire
E102981,2023-11-27,Delivery,L2,Hire
E102982,2023-11-14,Quality Engineering,L1,Hire
E102983,2023-11-20,Sales and Presales,L3,Hire
E102984,2023-11-17,Cloud and Infrastructure,L1,Hire
E102985,2023-11-17,Delivery,L3,Hire
E102986,2023-11-25,Data and Analytics,L1,Hire
E102987,2023-11-30,Delivery,L1,Hire
E102988,2023-11-18,Quality Engineering,L2,Hire
E102989,2023-11-16,Delivery,L1,Hire
E102990,2023-11-17,Delivery,L1,Hire
E102991,2023-11-26,Delivery,L3,Hire
E102992,2023-11-24,Quality Engineering,L2,Hire
E102993,2023-11-20,Delivery,L2,Hire
E102994,2023-12-14,Sales and Presales,L1,Hire
E102995,2023-12-11,Delivery,L1,Hire
E102996,2023-12-20,Delivery,L2,Hire
E102997,2023-12-11,Data and Analytics,L2,Hire
E102998,2023-12-31,Data and Analytics,L2,Hire
E102999,2023-12-11,Delivery,L2,Hire
E103000,2023-12-13,Delivery,L2,Hire
E103001,2023-12-16,Sales and Presales,L5,Hire
E103002,2023-12-05,Delivery,L2,Hire
E103003,2023-12-19,Cloud and Infrastructure,L1,Hire
E103004,2023-12-07,Cloud and Infrastructure,L2,Hire
E103005,2023-12-19,Delivery,L3,Hire
E103006,2023-12-23,Delivery,L1,Hire
E103007,2023-12-03,Data and Analytics,L1,Hire
E103008,2023-12-05,Quality Engineering,L2,Hire
E103009,2023-12-08,Sales and Presales,L2,Hire
E103010,2023-12-31,Data and Analytics,L4,Hire
E103011,2023-12-12,Delivery,L3,Hire
E103012,2023-12-22,Delivery,L3,Hire
E103013,2023-12-24,Consulting,L3,Hire
E103014,2023-12-03,Cloud and Infrastructure,L2,Hire
E103015,2023-12-17,Delivery,L1,Hire
E103016,2023-12-30,Delivery,L3,Hire
E103017,2023-12-05,Delivery,L1,Hire
E103018,2023-12-06,Quality Engineering,L3,Hire
E103019,2023-12-06,Cloud and Infrastructure,L1,Hire
E103020,2023-12-28,Delivery,L1,Hire
E103021,2023-12-24,Cloud and Infrastructure,L1,Hire
E103022,2023-12-05,Delivery,L1,Hire
E103023,2023-12-30,Delivery,L1,Hire
E103024,2023-12-07,Delivery,L3,Hire
E103025,2023-12-28,Quality Engineering,L2,Hire
E103026,2023-12-29,Delivery,L1,Hire
E103027,2023-12-28,Corporate Functions,L1,Hire
E103028,2023-12-29,Delivery,L3,Hire
E103029,2024-01-17,Corporate Functions,L6,Hire
E103030,2024-01-03,Sales and Presales,L3,Hire
E103031,2024-01-11,Quality Engineering,L2,Hire
E103032,2024-01-16,Delivery,L5,Hire
E103033,2024-01-11,Delivery,L1,Hire
E103034,2024-01-04,Cloud and Infrastructure,L1,Hire
E103035,2024-01-09,Delivery,L2,Hire
E103036,2024-01-12,Corporate Functions,L2,Hire
E103037,2024-01-10,Quality Engineering,L1,Hire
E103038,2024-01-27,Quality Engineering,L2,Hire
E103039,2024-01-26,Quality Engineering,L3,Hire
E103040,2024-01-29,Delivery,L2,Hire
E103041,2024-01-15,Cloud and Infrastructure,L3,Hire
E103042,2024-01-18,Quality Engineering,L2,Hire
E103043,2024-01-11,Sales and Presales,L1,Hire
E103044,2024-01-12,Delivery,L1,Hire
E103045,2024-01-16,Consulting,L5,Hire
E103046,2024-01-17,Delivery,L2,Hire
E103047,2024-01-11,Delivery,L3,Hire
E103048,2024-01-01,Delivery,L1,Hire
E103049,2024-01-16,Delivery,L3,Hire
E103050,2024-01-01,Delivery,L1,Hire
E103051,2024-01-21,Delivery,L3,Hire
E103052,2024-01-21,Delivery,L1,Hire
E103053,2024-01-07,Delivery,L2,Hire
E103054,2024-01-30,Delivery,L1,Hire
E103055,2024-01-06,Delivery,L1,Hire
E103056,2024-01-22,Delivery,L1,Hire
E103057,2024-01-18,Consulting,L1,Hire
E103058,2024-01-13,Delivery,L2,Hire
E103059,2024-01-07,Corporate Functions,L2,Hire
E103060,2024-01-25,Cloud and Infrastructure,L2,Hire
E103061,2024-01-18,Sales and Presales,L2,Hire
E103062,2024-01-17,Delivery,L2,Hire
E103063,2024-01-24,Delivery,L2,Hire
E103064,2024-01-28,Data and Analytics,L1,Hire
E103065,2024-01-15,Delivery,L2,Hire
E103066,2024-02-10,Delivery,L3,Hire
E103067,2024-02-05,Delivery,L6,Hire
E103068,2024-02-22,Quality Engineering,L5,Hire
E103069,2024-02-14,Delivery,L3,Hire
E103070,2024-02-05,Delivery,L2,Hire
E103071,2024-02-20,Delivery,L1,Hire
E103072,2024-02-10,Delivery,L1,Hire
E103073,2024-02-10,Delivery,L1,Hire
E103074,2024-02-25,Data and Analytics,L2,Hire
E103075,2024-02-22,Delivery,L1,Hire
E103076,2024-02-08,Delivery,L2,Hire
E103077,2024-02-19,Consulting,L1,Hire
E103078,2024-02-20,Delivery,L1,Hire
E103079,2024-02-29,Delivery,L4,Hire
E103080,2024-02-28,Quality Engineering,L4,Hire
E103081,2024-02-14,Delivery,L1,Hire
E103082,2024-02-24,Corporate Functions,L1,Hire
E103083,2024-02-14,Quality Engineering,L5,Hire
E103084,2024-02-23,Quality Engineering,L1,Hire
E103085,2024-02-25,Cloud and Infrastructure,L3,Hire
E103086,2024-02-23,Cloud and Infrastructure,L4,Hire
E103087,2024-02-19,Corporate Functions,L3,Hire
E103088,2024-02-21,Consulting,L1,Hire
E103089,2024-02-26,Delivery,L2,Hire
E103090,2024-02-28,Delivery,L2,Hire
E103091,2024-03-22,Delivery,L2,Hire
E103092,2024-03-18,Corporate Functions,L4,Hire
E103093,2024-03-01,Delivery,L4,Hire
E103094,2024-03-09,Data and Analytics,L2,Hire
E103095,2024-03-16,Data and Analytics,L1,Hire
E103096,2024-03-01,Consulting,L2,Hire
E103097,2024-03-30,Delivery,L4,Hire
E103098,2024-03-27,Sales and Presales,L3,Hire
E103099,2024-03-07,Cloud and Infrastructure,L2,Hire
E103100,2024-03-17,Delivery,L2,Hire
E103101,2024-03-01,Quality Engineering,L2,Hire
E103102,2024-03-26,Cloud and Infrastructure,L5,Hire
E103103,2024-03-23,Data and Analytics,L1,Hire
E103104,2024-03-03,Cloud and Infrastructure,L2,Hire
E103105,2024-03-25,Corporate Functions,L2,Hire
E103106,2024-03-23,Delivery,L2,Hire
E103107,2024-03-18,Delivery,L1,Hire
E103108,2024-03-23,Data and Analytics,L1,Hire
E103109,2024-03-20,Delivery,L2,Hire
E103110,2024-03-16,Delivery,L1,Hire
E103111,2024-03-08,Cloud and Infrastructure,L2,Hire
E103112,2024-03-22,Delivery,L1,Hire
E103113,2024-03-21,Delivery,L2,Hire
E103114,2024-03-24,Cloud and Infrastructure,L3,Hire
E103115,2024-03-23,Delivery,L3,Hire
E103116,2024-03-16,Delivery,L3,Hire
E103117,2024-03-20,Corporate Functions,L2,Hire
E103118,2024-03-06,Quality Engineering,L2,Hire
E103119,2024-03-15,Sales and Presales,L1,Hire
E103120,2024-03-04,Sales and Presales,L2,Hire
E103121,2024-03-19,Quality Engineering,L1,Hire
E103122,2024-04-10,Quality Engineering,L3,Hire
E103123,2024-04-01,Consulting,L4,Hire
E103124,2024-04-14,Delivery,L2,Hire
E103125,2024-04-11,Delivery,L3,Hire
E103126,2024-04-10,Corporate Functions,L2,Hire
E103127,2024-04-22,Delivery,L2,Hire
E103128,2024-04-06,Data and Analytics,L1,Hire
E103129,2024-04-27,Delivery,L1,Hire
E103130,2024-04-26,Delivery,L1,Hire
E103131,2024-04-20,Corporate Functions,L2,Hire
E103132,2024-04-08,Delivery,L2,Hire
E103133,2024-04-28,Quality Engineering,L3,Hire
E103134,2024-04-02,Sales and Presales,L2,Hire
E103135,2024-04-30,Corporate Functions,L3,Hire
E103136,2024-04-15,Delivery,L2,Hire
E103137,2024-04-29,Delivery,L2,Hire
E103138,2024-04-02,Delivery,L2,Hire
E103139,2024-04-08,Quality Engineering,L3,Hire
E103140,2024-04-20,Quality Engineering,L4,Hire
E103141,2024-04-20,Quality Engineering,L3,Hire
E103142,2024-04-01,Delivery,L1,Hire
E103143,2024-04-16,Delivery,L3,Hire
E103144,2024-04-17,Delivery,L2,Hire
E103145,2024-04-20,Delivery,L6,Hire
E103146,2024-04-17,Cloud and Infrastructure,L2,Hire
E103147,2024-04-03,Corporate Functions,L1,Hire
E103148,2024-04-22,Cloud and Infrastructure,L2,Hire
E103149,2024-04-28,Quality Engineering,L3,Hire
E103150,2024-04-17,Quality Engineering,L3,Hire
E103151,2024-04-19,Delivery,L2,Hire
E103152,2024-04-13,Corporate Functions,L1,Hire
E103153,2024-04-06,Cloud and Infrastructure,L4,Hire
E103154,2024-04-30,Quality Engineering,L4,Hire
E103155,2024-04-22,Delivery,L2,Hire
E103156,2024-04-22,Delivery,L2,Hire
E103157,2024-05-04,Sales and Presales,L3,Hire
E103158,2024-05-09,Corporate Functions,L4,Hire
E103159,2024-05-09,Quality Engineering,L1,Hire
E103160,2024-05-15,Delivery,L2,Hire
E103161,2024-05-14,Delivery,L4,Hire
E103162,2024-05-02,Delivery,L5,Hire
E103163,2024-05-20,Cloud and Infrastructure,L2,Hire
E103164,2024-05-07,Delivery,L2,Hire
E103165,2024-05-06,Delivery,L3,Hire
E103166,2024-05-08,Cloud and Infrastructure,L2,Hire
E103167,2024-05-08,Delivery,L5,Hire
E103168,2024-05-21,Delivery,L1,Hire
E103169,2024-05-08,Delivery,L1,Hire
E103170,2024-05-10,Delivery,L2,Hire
E103171,2024-05-04,Corporate Functions,L1,Hire
E103172,2024-05-28,Delivery,L2,Hire
E103173,2024-05-23,Consulting,L2,Hire
E103174,2024-05-29,Quality Engineering,L2,Hire
E103175,2024-05-15,Data and Analytics,L1,Hire
E103176,2024-05-09,Quality Engineering,L1,Hire
E103177,2024-05-22,Quality Engineering,L3,Hire
E103178,2024-05-15,Delivery,L1,Hire
E103179,2024-05-09,Delivery,L4,Hire
E103180,2024-05-06,Corporate Functions,L2,Hire
E103181,2024-05-26,Delivery,L2,Hire
E103182,2024-05-03,Delivery,L3,Hire
E103183,2024-05-06,Delivery,L1,Hire
E103184,2024-06-20,Delivery,L1,Hire
E103185,2024-06-10,Quality Engineering,L4,Hire
E103186,2024-06-21,Delivery,L2,Hire
E103187,2024-06-13,Delivery,L1,Hire
E103188,2024-06-22,Delivery,L4,Hire
E103189,2024-06-03,Delivery,L3,Hire
E103190,2024-06-01,Data and Analytics,L1,Hire
E103191,2024-06-21,Delivery,L2,Hire
E103192,2024-06-07,Delivery,L2,Hire
E103193,2024-06-24,Corporate Functions,L4,Hire
E103194,2024-06-09,Delivery,L2,Hire
E103195,2024-06-08,Sales and Presales,L4,Hire
E103196,2024-06-01,Delivery,L3,Hire
E103197,2024-06-21,Delivery,L2,Hire
E103198,2024-06-10,Delivery,L4,Hire
E103199,2024-06-02,Delivery,L1,Hire
E103200,2024-06-30,Delivery,L1,Hire
E103201,2024-06-22,Delivery,L2,Hire
E103202,2024-06-13,Cloud and Infrastructure,L1,Hire
E103203,2024-06-10,Delivery,L3,Hire
E103204,2024-06-23,Quality Engineering,L2,Hire
E103205,2024-06-01,Data and Analytics,L1,Hire
E103206,2024-06-27,Data and Analytics,L2,Hire
E103207,2024-06-01,Quality Engineering,L3,Hire
E103208,2024-06-30,Delivery,L3,Hire
E103209,2024-06-14,Data and Analytics,L4,Hire
E103210,2024-06-10,Quality Engineering,L3,Hire
E103211,2024-06-27,Delivery,L3,Hire
E103212,2024-06-22,Corporate Functions,L3,Hire
E103213,2024-06-23,Delivery,L2,Hire
E103214,2024-06-28,Quality Engineering,L4,Hire
E103215,2024-07-01,Quality Engineering,L3,Hire
E103216,2024-07-16,Data and Analytics,L3,Hire
E103217,2024-07-05,Corporate Functions,L4,Hire
E103218,2024-07-14,Cloud and Infrastructure,L2,Hire
E103219,2024-07-26,Quality Engineering,L2,Hire
E103220,2024-07-05,Cloud and Infrastructure,L2,Hire
E103221,2024-07-14,Cloud and Infrastructure,L1,Hire
E103222,2024-07-30,Quality Engineering,L1,Hire
E103223,2024-07-17,Data and Analytics,L3,Hire
E103224,2024-07-31,Cloud and Infrastructure,L3,Hire
E103225,2024-07-30,Data and Analytics,L2,Hire
E103226,2024-07-18,Data and Analytics,L1,Hire
E103227,2024-07-14,Data and Analytics,L2,Hire
E103228,2024-07-29,Delivery,L1,Hire
E103229,2024-07-22,Delivery,L1,Hire
E103230,2024-07-15,Delivery,L5,Hire
E103231,2024-07-07,Delivery,L1,Hire
E103232,2024-07-03,Delivery,L4,Hire
E103233,2024-07-15,Cloud and Infrastructure,L2,Hire
E103234,2024-07-04,Delivery,L2,Hire
E103235,2024-07-26,Quality Engineering,L4,Hire
E103236,2024-08-09,Cloud and Infrastructure,L1,Hire
E103237,2024-08-10,Delivery,L1,Hire
E103238,2024-08-01,Cloud and Infrastructure,L1,Hire
E103239,2024-08-12,Quality Engineering,L1,Hire
E103240,2024-08-17,Sales and Presales,L1,Hire
E103241,2024-08-02,Quality Engineering,L1,Hire
E103242,2024-08-15,Cloud and Infrastructure,L1,Hire
E103243,2024-08-20,Cloud and Infrastructure,L1,Hire
E103244,2024-08-18,Delivery,L1,Hire
E103245,2024-08-07,Delivery,L1,Hire
E103246,2024-08-19,Delivery,L1,Hire
E103247,2024-08-08,Consulting,L1,Hire
E103248,2024-08-02,Delivery,L1,Hire
E103249,2024-08-20,Delivery,L1,Hire
E103250,2024-08-09,Delivery,L1,Hire
E103251,2024-08-20,Delivery,L1,Hire
E103252,2024-08-15,Delivery,L1,Hire
E103253,2024-08-10,Delivery,L1,Hire
E103254,2024-08-10,Delivery,L1,Hire
E103255,2024-08-09,Sales and Presales,L1,Hire
E103256,2024-08-01,Consulting,L1,Hire
E103257,2024-08-03,Data and Analytics,L1,Hire
E103258,2024-08-11,Delivery,L1,Hire
E103259,2024-08-07,Delivery,L1,Hire
E103260,2024-08-08,Delivery,L1,Hire
E103261,2024-08-16,Sales and Presales,L1,Hire
E103262,2024-08-12,Delivery,L1,Hire
E103263,2024-08-05,Delivery,L1,Hire
E103264,2024-08-03,Quality Engineering,L1,Hire
E103265,2024-08-13,Quality Engineering,L1,Hire
E103266,2024-08-10,Delivery,L1,Hire
E103267,2024-08-10,Data and Analytics,L1,Hire
E103268,2024-08-17,Delivery,L1,Hire
E103269,2024-08-01,Delivery,L1,Hire
E103270,2024-08-06,Cloud and Infrastructure,L1,Hire
E103271,2024-08-10,Delivery,L1,Hire
E103272,2024-08-10,Delivery,L1,Hire
E103273,2024-08-20,Delivery,L1,Hire
E103274,2024-08-13,Delivery,L1,Hire
E103275,2024-08-20,Data and Analytics,L1,Hire
E103276,2024-08-08,Delivery,L1,Hire
E103277,2024-08-16,Delivery,L1,Hire
E103278,2024-08-19,Cloud and Infrastructure,L1,Hire
E103279,2024-08-06,Quality Engineering,L1,Hire
E103280,2024-08-16,Delivery,L1,Hire
E103281,2024-08-10,Delivery,L1,Hire
E103282,2024-08-08,Delivery,L1,Hire
E103283,2024-08-04,Delivery,L1,Hire
E103284,2024-08-08,Delivery,L1,Hire
E103285,2024-08-17,Sales and Presales,L1,Hire
E103286,2024-08-01,Delivery,L1,Hire
E103287,2024-08-04,Cloud and Infrastructure,L1,Hire
E103288,2024-08-07,Consulting,L1,Hire
E103289,2024-08-07,Data and Analytics,L1,Hire
E103290,2024-08-07,Delivery,L1,Hire
E103291,2024-08-17,Cloud and Infrastructure,L1,Hire
E103292,2024-08-02,Delivery,L1,Hire
E103293,2024-08-13,Quality Engineering,L1,Hire
E103294,2024-08-08,Quality Engineering,L1,Hire
E103295,2024-08-01,Quality Engineering,L1,Hire
E103296,2024-08-03,Quality Engineering,L1,Hire
E103297,2024-08-03,Cloud and Infrastructure,L1,Hire
E103298,2024-08-03,Cloud and Infrastructure,L1,Hire
E103299,2024-08-06,Sales and Presales,L1,Hire
E103300,2024-08-02,Consulting,L1,Hire
E103301,2024-08-07,Data and Analytics,L1,Hire
E103302,2024-08-07,Delivery,L1,Hire
E103303,2024-08-04,Quality Engineering,L1,Hire
E103304,2024-08-06,Sales and Presales,L1,Hire
E103305,2024-08-02,Cloud and Infrastructure,L1,Hire
E103306,2024-08-15,Delivery,L1,Hire
E103307,2024-08-09,Quality Engineering,L1,Hire
E103308,2024-08-15,Quality Engineering,L1,Hire
E103309,2024-08-16,Cloud and Infrastructure,L1,Hire
E103310,2024-08-13,Delivery,L1,Hire
E103311,2024-08-07,Cloud and Infrastructure,L1,Hire
E103312,2024-08-17,Consulting,L1,Hire
E103313,2024-08-02,Cloud and Infrastructure,L1,Hire
E103314,2024-08-05,Sales and Presales,L1,Hire
E103315,2024-08-17,Sales and Presales,L1,Hire
E103316,2024-08-05,Quality Engineering,L1,Hire
E103317,2024-08-04,Cloud and Infrastructure,L1,Hire
E103318,2024-08-18,Delivery,L1,Hire
E103319,2024-08-03,Data and Analytics,L1,Hire
E103320,2024-08-06,Consulting,L1,Hire
E103321,2024-08-15,Quality Engineering,L1,Hire
E103322,2024-08-19,Delivery,L1,Hire
E103323,2024-08-14,Delivery,L1,Hire
E103324,2024-08-11,Delivery,L1,Hire
E103325,2024-08-10,Cloud and Infrastructure,L1,Hire
E103326,2024-08-02,Delivery,L1,Hire
E103327,2024-08-01,Data and Analytics,L1,Hire
E103328,2024-08-08,Delivery,L1,Hire
E103329,2024-08-01,Cloud and Infrastructure,L1,Hire
E103330,2024-08-15,Sales and Presales,L1,Hire
E103331,2024-08-12,Delivery,L1,Hire
E103332,2024-08-13,Delivery,L1,Hire
E103333,2024-08-06,Delivery,L1,Hire
E103334,2024-08-15,Delivery,L1,Hire
E103335,2024-08-18,Quality Engineering,L1,Hire
E103336,2024-08-13,Delivery,L1,Hire
E103337,2024-08-20,Delivery,L1,Hire
E103338,2024-08-10,Consulting,L1,Hire
E103339,2024-08-17,Data and Analytics,L1,Hire
E103340,2024-08-04,Quality Engineering,L1,Hire
E103341,2024-08-13,Delivery,L1,Hire
E103342,2024-08-01,Data and Analytics,L1,Hire
E103343,2024-08-07,Delivery,L1,Hire
E103344,2024-08-16,Quality Engineering,L1,Hire
E103345,2024-08-10,Delivery,L1,Hire
E103346,2024-08-20,Delivery,L1,Hire
E103347,2024-08-13,Quality Engineering,L1,Hire
E103348,2024-08-14,Quality Engineering,L1,Hire
E103349,2024-08-03,Delivery,L1,Hire
E103350,2024-08-19,Delivery,L1,Hire
E103351,2024-08-12,Delivery,L1,Hire
E103352,2024-08-13,Quality Engineering,L1,Hire
E103353,2024-08-07,Delivery,L1,Hire
E103354,2024-08-13,Sales and Presales,L1,Hire
E103355,2024-08-05,Quality Engineering,L1,Hire
E103356,2024-08-06,Sales and Presales,L1,Hire
E103357,2024-08-02,Delivery,L1,Hire
E103358,2024-08-07,Delivery,L1,Hire
E103359,2024-08-19,Delivery,L1,Hire
E103360,2024-08-15,Data and Analytics,L1,Hire
E103361,2024-08-01,Cloud and Infrastructure,L1,Hire
E103362,2024-08-03,Delivery,L1,Hire
E103363,2024-08-06,Quality Engineering,L1,Hire
E103364,2024-08-12,Delivery,L1,Hire
E103365,2024-08-20,Delivery,L1,Hire
E103366,2024-08-12,Delivery,L1,Hire
E103367,2024-08-05,Delivery,L1,Hire
E103368,2024-08-04,Quality Engineering,L1,Hire
E103369,2024-08-05,Delivery,L1,Hire
E103370,2024-08-16,Quality Engineering,L1,Hire
E103371,2024-08-16,Delivery,L1,Hire
E103372,2024-08-01,Quality Engineering,L1,Hire
E103373,2024-08-07,Delivery,L1,Hire
E103374,2024-08-06,Cloud and Infrastructure,L1,Hire
E103375,2024-08-03,Delivery,L1,Hire
E103376,2024-08-19,Quality Engineering,L1,Hire
E103377,2024-08-06,Delivery,L1,Hire
E103378,2024-08-13,Delivery,L1,Hire
E103379,2024-08-04,Consulting,L1,Hire
E103380,2024-08-19,Delivery,L1,Hire
E103381,2024-08-11,Delivery,L1,Hire
E103382,2024-08-05,Sales and Presales,L1,Hire
E103383,2024-08-15,Delivery,L1,Hire
E103384,2024-08-11,Delivery,L1,Hire
E103385,2024-08-07,Delivery,L1,Hire
E103386,2024-08-14,Cloud and Infrastructure,L1,Hire
E103387,2024-08-15,Delivery,L1,Hire
E103388,2024-08-13,Data and Analytics,L1,Hire
E103389,2024-08-07,Data and Analytics,L1,Hire
E103390,2024-08-04,Quality Engineering,L1,Hire
E103391,2024-08-13,Delivery,L1,Hire
E103392,2024-08-11,Delivery,L1,Hire
E103393,2024-08-14,Sales and Presales,L1,Hire
E103394,2024-08-17,Delivery,L1,Hire
E103395,2024-08-14,Quality Engineering,L1,Hire
E103396,2024-08-05,Delivery,L1,Hire
E103397,2024-08-01,Delivery,L1,Hire
E103398,2024-08-15,Consulting,L1,Hire
E103399,2024-08-05,Delivery,L1,Hire
E103400,2024-08-11,Quality Engineering,L1,Hire
E103401,2024-08-06,Consulting,L1,Hire
E103402,2024-08-10,Quality Engineering,L1,Hire
E103403,2024-08-03,Delivery,L1,Hire
E103404,2024-08-01,Consulting,L1,Hire
E103405,2024-08-11,Delivery,L1,Hire
E103406,2024-08-10,Data and Analytics,L1,Hire
E103407,2024-08-09,Data and Analytics,L1,Hire
E103408,2024-08-01,Delivery,L1,Hire
E103409,2024-08-13,Delivery,L1,Hire
E103410,2024-08-04,Quality Engineering,L1,Hire
E103411,2024-08-13,Quality Engineering,L1,Hire
E103412,2024-08-01,Data and Analytics,L1,Hire
E103413,2024-08-07,Delivery,L1,Hire
E103414,2024-08-12,Delivery,L1,Hire
E103415,2024-08-16,Delivery,L1,Hire
E103416,2024-08-16,Data and Analytics,L1,Hire
E103417,2024-08-02,Cloud and Infrastructure,L1,Hire
E103418,2024-08-02,Delivery,L1,Hire
E103419,2024-08-04,Quality Engineering,L1,Hire
E103420,2024-08-01,Quality Engineering,L1,Hire
E103421,2024-08-15,Quality Engineering,L1,Hire
E103422,2024-08-08,Delivery,L1,Hire
E103423,2024-08-10,Consulting,L1,Hire
E103424,2024-08-08,Delivery,L1,Hire
E103425,2024-08-10,Data and Analytics,L1,Hire
E103426,2024-08-13,Delivery,L1,Hire
E103427,2024-08-03,Delivery,L1,Hire
E103428,2024-08-13,Data and Analytics,L1,Hire
E103429,2024-08-05,Delivery,L1,Hire
E103430,2024-08-08,Delivery,L1,Hire
E103431,2024-08-04,Delivery,L1,Hire
E103432,2024-08-08,Delivery,L1,Hire
E103433,2024-08-01,Delivery,L1,Hire
E103434,2024-08-28,Delivery,L3,Hire
E103435,2024-08-26,Consulting,L3,Hire
E103436,2024-08-20,Quality Engineering,L3,Hire
E103437,2024-08-30,Delivery,L2,Hire
E103438,2024-08-18,Delivery,L4,Hire
E103439,2024-08-10,Corporate Functions,L3,Hire
E103440,2024-08-26,Sales and Presales,L1,Hire
E103441,2024-08-02,Delivery,L1,Hire
E103442,2024-08-13,Delivery,L3,Hire
E103443,2024-08-22,Cloud and Infrastructure,L2,Hire
E103444,2024-08-24,Delivery,L2,Hire
E103445,2024-08-13,Sales and Presales,L1,Hire
E103446,2024-08-13,Cloud and Infrastructure,L2,Hire
E103447,2024-08-29,Cloud and Infrastructure,L1,Hire
E103448,2024-08-10,Sales and Presales,L3,Hire
E103449,2024-08-30,Cloud and Infrastructure,L1,Hire
E103450,2024-08-18,Delivery,L3,Hire
E103451,2024-08-09,Corporate Functions,L1,Hire
E103452,2024-08-23,Delivery,L1,Hire
E103453,2024-08-17,Quality Engineering,L2,Hire
E103454,2024-08-12,Quality Engineering,L1,Hire
E103455,2024-08-13,Delivery,L2,Hire
E103456,2024-08-04,Delivery,L3,Hire
E103457,2024-08-12,Delivery,L4,Hire
E103458,2024-08-02,Delivery,L1,Hire
E103459,2024-08-01,Cloud and Infrastructure,L1,Hire
E103460,2024-08-30,Corporate Functions,L5,Hire
E103461,2024-08-21,Quality Engineering,L1,Hire
E103462,2024-08-22,Delivery,L2,Hire
E103463,2024-08-07,Cloud and Infrastructure,L1,Hire
E103464,2024-08-06,Quality Engineering,L3,Hire
E103465,2024-08-23,Delivery,L3,Hire
E103466,2024-09-04,Cloud and Infrastructure,L4,Hire
E103467,2024-09-01,Delivery,L1,Hire
E103468,2024-09-08,Delivery,L3,Hire
E103469,2024-09-11,Cloud and Infrastructure,L2,Hire
E103470,2024-09-09,Cloud and Infrastructure,L2,Hire
E103471,2024-09-30,Delivery,L1,Hire
E103472,2024-09-12,Quality Engineering,L1,Hire
E103473,2024-09-19,Cloud and Infrastructure,L1,Hire
E103474,2024-09-11,Cloud and Infrastructure,L3,Hire
E103475,2024-09-10,Sales and Presales,L3,Hire
E103476,2024-09-04,Delivery,L1,Hire
E103477,2024-09-25,Delivery,L1,Hire
E103478,2024-09-08,Cloud and Infrastructure,L2,Hire
E103479,2024-09-07,Delivery,L2,Hire
E103480,2024-09-15,Corporate Functions,L1,Hire
E103481,2024-09-10,Sales and Presales,L1,Hire
E103482,2024-09-19,Data and Analytics,L1,Hire
E103483,2024-09-17,Delivery,L1,Hire
E103484,2024-09-10,Data and Analytics,L1,Hire
E103485,2024-09-17,Delivery,L2,Hire
E103486,2024-09-17,Delivery,L2,Hire
E103487,2024-09-24,Cloud and Infrastructure,L1,Hire
E103488,2024-09-01,Cloud and Infrastructure,L4,Hire
E103489,2024-09-28,Cloud and Infrastructure,L2,Hire
E103490,2024-09-27,Delivery,L1,Hire
E103491,2024-09-18,Delivery,L1,Hire
E103492,2024-09-16,Delivery,L2,Hire
E103493,2024-09-12,Delivery,L2,Hire
E103494,2024-10-02,Delivery,L5,Hire
E103495,2024-10-28,Delivery,L6,Hire
E103496,2024-10-21,Delivery,L3,Hire
E103497,2024-10-05,Data and Analytics,L4,Hire
E103498,2024-10-17,Corporate Functions,L4,Hire
E103499,2024-10-10,Sales and Presales,L1,Hire
E103500,2024-10-28,Cloud and Infrastructure,L4,Hire
E103501,2024-10-28,Quality Engineering,L2,Hire
E103502,2024-10-14,Delivery,L2,Hire
E103503,2024-10-13,Cloud and Infrastructure,L2,Hire
E103504,2024-10-25,Delivery,L1,Hire
E103505,2024-10-12,Corporate Functions,L1,Hire
E103506,2024-10-24,Corporate Functions,L2,Hire
E103507,2024-10-06,Delivery,L1,Hire
E103508,2024-10-23,Delivery,L1,Hire
E103509,2024-10-30,Quality Engineering,L2,Hire
E103510,2024-10-21,Delivery,L3,Hire
E103511,2024-10-22,Delivery,L2,Hire
E103512,2024-10-08,Data and Analytics,L2,Hire
E103513,2024-10-27,Quality Engineering,L5,Hire
E103514,2024-10-09,Delivery,L2,Hire
E103515,2024-10-29,Data and Analytics,L1,Hire
E103516,2024-10-29,Delivery,L2,Hire
E103517,2024-10-25,Sales and Presales,L1,Hire
E103518,2024-10-26,Delivery,L3,Hire
E103519,2024-11-07,Data and Analytics,L3,Hire
E103520,2024-11-17,Delivery,L4,Hire
E103521,2024-11-18,Delivery,L3,Hire
E103522,2024-11-22,Corporate Functions,L3,Hire
E103523,2024-11-01,Consulting,L2,Hire
E103524,2024-11-16,Delivery,L3,Hire
E103525,2024-11-15,Delivery,L3,Hire
E103526,2024-11-01,Quality Engineering,L3,Hire
E103527,2024-11-21,Delivery,L6,Hire
E103528,2024-11-11,Sales and Presales,L2,Hire
E103529,2024-11-03,Data and Analytics,L3,Hire
E103530,2024-11-09,Cloud and Infrastructure,L5,Hire
E103531,2024-11-30,Cloud and Infrastructure,L2,Hire
E103532,2024-11-15,Data and Analytics,L2,Hire
E103533,2024-11-18,Delivery,L1,Hire
E103534,2024-11-05,Delivery,L3,Hire
E103535,2024-11-13,Corporate Functions,L2,Hire
E103536,2024-11-01,Quality Engineering,L2,Hire
E103537,2024-11-16,Delivery,L2,Hire
E103538,2024-11-09,Delivery,L1,Hire
E103539,2024-11-11,Delivery,L2,Hire
E103540,2024-11-16,Delivery,L1,Hire
E103541,2024-11-22,Delivery,L1,Hire
E103542,2024-11-30,Corporate Functions,L2,Hire
E103543,2024-11-17,Delivery,L3,Hire
E103544,2024-11-13,Delivery,L1,Hire
E103545,2024-11-04,Sales and Presales,L1,Hire
E103546,2024-11-02,Delivery,L3,Hire
E103547,2024-11-22,Cloud and Infrastructure,L1,Hire
E103548,2024-11-04,Quality Engineering,L1,Hire
E103549,2024-11-19,Cloud and Infrastructure,L2,Hire
E103550,2024-11-07,Consulting,L1,Hire
E103551,2024-11-29,Delivery,L3,Hire
E103552,2024-11-23,Delivery,L1,Hire
E103553,2024-11-27,Delivery,L1,Hire
E103554,2024-12-10,Delivery,L5,Hire
E103555,2024-12-15,Corporate Functions,L2,Hire
E103556,2024-12-05,Delivery,L3,Hire
E103557,2024-12-22,Quality Engineering,L1,Hire
E103558,2024-12-23,Data and Analytics,L2,Hire
E103559,2024-12-10,Delivery,L3,Hire
E103560,2024-12-30,Delivery,L2,Hire
E103561,2024-12-14,Cloud and Infrastructure,L5,Hire
E103562,2024-12-08,Quality Engineering,L3,Hire
E103563,2024-12-02,Delivery,L1,Hire
E103564,2024-12-08,Cloud and Infrastructure,L1,Hire
E103565,2024-12-07,Delivery,L1,Hire
E103566,2024-12-21,Delivery,L3,Hire
E103567,2024-12-31,Delivery,L3,Hire
E103568,2024-12-26,Delivery,L1,Hire
E103569,2024-12-03,Delivery,L2,Hire
E103570,2024-12-01,Delivery,L1,Hire
E103571,2024-12-18,Delivery,L1,Hire
E103572,2024-12-06,Cloud and Infrastructure,L2,Hire
E103573,2024-12-03,Delivery,L2,Hire
E103574,2024-12-05,Quality Engineering,L1,Hire
E103575,2024-12-13,Delivery,L2,Hire
E103576,2024-12-31,Delivery,L3,Hire
E103577,2024-12-20,Delivery,L3,Hire
E103578,2024-12-07,Delivery,L1,Hire
E103579,2024-12-12,Consulting,L1,Hire
E103580,2024-12-27,Sales and Presales,L2,Hire
E103581,2024-12-29,Delivery,L2,Hire
E103582,2024-12-30,Delivery,L3,Hire
E103583,2024-12-11,Delivery,L2,Hire
E103584,2024-12-24,Delivery,L2,Hire
E103585,2024-12-24,Quality Engineering,L3,Hire
E103586,2024-12-22,Delivery,L1,Hire
E103587,2024-12-26,Delivery,L2,Hire
E103588,2024-12-28,Delivery,L2,Hire
E103589,2024-12-11,Delivery,L2,Hire
E103590,2024-12-19,Delivery,L3,Hire
E103591,2024-12-30,Quality Engineering,L2,Hire
E103592,2024-12-01,Delivery,L1,Hire
E103593,2024-12-24,Delivery,L1,Hire
E103594,2024-12-22,Cloud and Infrastructure,L3,Hire
E103595,2024-12-27,Corporate Functions,L2,Hire
E103596,2024-12-25,Delivery,L2,Hire
E103597,2024-12-18,Quality Engineering,L2,Hire
E103598,2025-01-21,Corporate Functions,L4,Hire
E103599,2025-01-02,Consulting,L3,Hire
E103600,2025-01-05,Delivery,L1,Hire
E103601,2025-01-07,Delivery,L4,Hire
E103602,2025-01-08,Delivery,L3,Hire
E103603,2025-01-02,Cloud and Infrastructure,L1,Hire
E103604,2025-01-04,Corporate Functions,L2,Hire
E103605,2025-01-21,Quality Engineering,L3,Hire
E103606,2025-01-22,Cloud and Infrastructure,L2,Hire
E103607,2025-01-31,Quality Engineering,L3,Hire
E103608,2025-01-03,Delivery,L1,Hire
E103609,2025-01-17,Quality Engineering,L5,Hire
E103610,2025-01-07,Quality Engineering,L1,Hire
E103611,2025-01-28,Quality Engineering,L3,Hire
E103612,2025-01-21,Delivery,L1,Hire
E103613,2025-01-23,Consulting,L2,Hire
E103614,2025-01-31,Delivery,L1,Hire
E103615,2025-02-01,Data and Analytics,L3,Hire
E103616,2025-02-22,Delivery,L2,Hire
E103617,2025-02-21,Delivery,L4,Hire
E103618,2025-02-08,Delivery,L1,Hire
E103619,2025-02-04,Quality Engineering,L2,Hire
E103620,2025-02-03,Delivery,L4,Hire
E103621,2025-02-08,Corporate Functions,L2,Hire
E103622,2025-02-22,Delivery,L2,Hire
E103623,2025-02-08,Corporate Functions,L1,Hire
E103624,2025-02-24,Delivery,L4,Hire
E103625,2025-02-12,Delivery,L1,Hire
E103626,2025-02-05,Delivery,L3,Hire
E103627,2025-02-04,Delivery,L3,Hire
E103628,2025-02-08,Delivery,L1,Hire
E103629,2025-02-07,Quality Engineering,L2,Hire
E103630,2025-02-02,Delivery,L3,Hire
E103631,2025-02-21,Delivery,L5,Hire
E103632,2025-02-02,Corporate Functions,L2,Hire
E103633,2025-02-02,Delivery,L2,Hire
E103634,2025-02-27,Quality Engineering,L3,Hire
E103635,2025-02-10,Delivery,L1,Hire
E103636,2025-02-04,Delivery,L3,Hire
E103637,2025-02-24,Delivery,L4,Hire
E103638,2025-02-28,Quality Engineering,L2,Hire
E103639,2025-02-23,Cloud and Infrastructure,L3,Hire
E103640,2025-03-03,Delivery,L4,Hire
E103641,2025-03-03,Delivery,L2,Hire
E103642,2025-03-10,Data and Analytics,L3,Hire
E103643,2025-03-02,Delivery,L2,Hire
E103644,2025-03-08,Delivery,L3,Hire
E103645,2025-03-18,Delivery,L3,Hire
E103646,2025-03-05,Corporate Functions,L3,Hire
E103647,2025-03-15,Delivery,L1,Hire
E103648,2025-03-01,Delivery,L2,Hire
E103649,2025-03-11,Delivery,L2,Hire
E103650,2025-03-17,Delivery,L3,Hire
E103651,2025-03-24,Sales and Presales,L3,Hire
E103652,2025-03-31,Corporate Functions,L3,Hire
E103653,2025-03-06,Cloud and Infrastructure,L2,Hire
E103654,2025-03-27,Consulting,L6,Hire
E103655,2025-03-22,Cloud and Infrastructure,L2,Hire
E103656,2025-03-10,Sales and Presales,L3,Hire
E103657,2025-03-19,Delivery,L1,Hire
E103658,2025-03-16,Delivery,L3,Hire
E103659,2025-03-20,Delivery,L1,Hire
E103660,2025-03-05,Consulting,L1,Hire
E103661,2025-03-13,Sales and Presales,L2,Hire
E103662,2025-03-25,Delivery,L3,Hire
E103663,2025-03-25,Delivery,L3,Hire
E103664,2025-03-21,Consulting,L4,Hire
E103665,2025-03-16,Data and Analytics,L3,Hire
E103666,2025-03-08,Delivery,L1,Hire
E103667,2025-03-29,Quality Engineering,L3,Hire
E103668,2025-04-07,Quality Engineering,L5,Hire
E103669,2025-04-19,Delivery,L5,Hire
E103670,2025-04-30,Consulting,L3,Hire
E103671,2025-04-02,Consulting,L4,Hire
E103672,2025-04-30,Data and Analytics,L2,Hire
E103673,2025-04-18,Sales and Presales,L1,Hire
E103674,2025-04-01,Consulting,L4,Hire
E103675,2025-04-02,Delivery,L2,Hire
E103676,2025-04-24,Data and Analytics,L3,Hire
E103677,2025-04-07,Delivery,L3,Hire
E103678,2025-04-17,Delivery,L4,Hire
E103679,2025-04-10,Delivery,L3,Hire
E103680,2025-04-24,Delivery,L4,Hire
E103681,2025-04-10,Sales and Presales,L3,Hire
E103682,2025-04-02,Delivery,L1,Hire
E103683,2025-04-26,Delivery,L1,Hire
E103684,2025-04-13,Delivery,L3,Hire
E103685,2025-04-05,Delivery,L6,Hire
E103686,2025-04-19,Quality Engineering,L2,Hire
E103687,2025-04-13,Delivery,L4,Hire
E103688,2025-04-01,Delivery,L2,Hire
E103689,2025-04-16,Data and Analytics,L1,Hire
E103690,2025-04-14,Quality Engineering,L2,Hire
E103691,2025-04-22,Delivery,L2,Hire
E103692,2025-04-27,Quality Engineering,L4,Hire
E103693,2025-04-07,Delivery,L1,Hire
E103694,2025-04-30,Data and Analytics,L2,Hire
E103695,2025-04-29,Delivery,L1,Hire
E103696,2025-04-06,Data and Analytics,L1,Hire
E103697,2025-04-12,Cloud and Infrastructure,L1,Hire
E103698,2025-04-12,Delivery,L2,Hire
E103699,2025-04-30,Cloud and Infrastructure,L2,Hire
E103700,2025-04-23,Cloud and Infrastructure,L3,Hire
E103701,2025-04-29,Quality Engineering,L1,Hire
E103702,2025-04-17,Delivery,L1,Hire
E103703,2025-04-23,Delivery,L1,Hire
E103704,2025-04-20,Cloud and Infrastructure,L1,Hire
E103705,2025-04-26,Quality Engineering,L1,Hire
E103706,2025-04-24,Cloud and Infrastructure,L3,Hire
E103707,2025-04-23,Corporate Functions,L3,Hire
E103708,2025-05-16,Data and Analytics,L2,Hire
E103709,2025-05-06,Quality Engineering,L3,Hire
E103710,2025-05-06,Data and Analytics,L2,Hire
E103711,2025-05-18,Delivery,L4,Hire
E103712,2025-05-01,Consulting,L2,Hire
E103713,2025-05-19,Quality Engineering,L2,Hire
E103714,2025-05-31,Data and Analytics,L2,Hire
E103715,2025-05-30,Cloud and Infrastructure,L2,Hire
E103716,2025-05-10,Sales and Presales,L1,Hire
E103717,2025-05-20,Consulting,L2,Hire
E103718,2025-05-14,Sales and Presales,L2,Hire
E103719,2025-05-08,Consulting,L5,Hire
E103720,2025-05-24,Delivery,L3,Hire
E103721,2025-05-08,Delivery,L3,Hire
E103722,2025-05-06,Delivery,L4,Hire
E103723,2025-05-29,Data and Analytics,L3,Hire
E103724,2025-05-29,Data and Analytics,L2,Hire
E103725,2025-05-15,Delivery,L4,Hire
E103726,2025-05-28,Delivery,L1,Hire
E103727,2025-05-10,Delivery,L2,Hire
E103728,2025-05-31,Cloud and Infrastructure,L3,Hire
E103729,2025-05-31,Delivery,L5,Hire
E103730,2025-06-12,Delivery,L4,Hire
E103731,2025-06-13,Data and Analytics,L2,Hire
E103732,2025-06-12,Delivery,L6,Hire
E103733,2025-06-22,Cloud and Infrastructure,L2,Hire
E103734,2025-06-17,Quality Engineering,L3,Hire
E103735,2025-06-07,Consulting,L2,Hire
E103736,2025-06-22,Delivery,L2,Hire
E103737,2025-06-28,Delivery,L1,Hire
E103738,2025-06-07,Sales and Presales,L1,Hire
E103739,2025-06-24,Data and Analytics,L3,Hire
E103740,2025-06-13,Delivery,L2,Hire
E103741,2025-06-10,Cloud and Infrastructure,L1,Hire
E103742,2025-06-13,Cloud and Infrastructure,L2,Hire
E103743,2025-06-12,Sales and Presales,L1,Hire
E103744,2025-06-10,Sales and Presales,L1,Hire
E103745,2025-06-21,Delivery,L3,Hire
E103746,2025-06-25,Delivery,L4,Hire
E103747,2025-06-03,Delivery,L1,Hire
E103748,2025-06-25,Quality Engineering,L1,Hire
E103749,2025-06-16,Delivery,L1,Hire
E103750,2025-06-16,Consulting,L1,Hire
E103751,2025-06-21,Corporate Functions,L1,Hire
E103752,2025-06-22,Quality Engineering,L1,Hire
E103753,2025-06-14,Delivery,L1,Hire
E103754,2025-06-22,Delivery,L3,Hire
E103755,2025-06-07,Delivery,L2,Hire
E103756,2025-06-06,Quality Engineering,L2,Hire
E103757,2025-07-15,Delivery,L4,Hire
E103758,2025-07-02,Data and Analytics,L2,Hire
E103759,2025-07-08,Sales and Presales,L4,Hire
E103760,2025-07-10,Quality Engineering,L3,Hire
E103761,2025-07-29,Delivery,L3,Hire
E103762,2025-07-02,Quality Engineering,L2,Hire
E103763,2025-07-04,Quality Engineering,L2,Hire
E103764,2025-07-12,Delivery,L4,Hire
E103765,2025-07-13,Quality Engineering,L2,Hire
E103766,2025-07-28,Quality Engineering,L2,Hire
E103767,2025-07-19,Data and Analytics,L2,Hire
E103768,2025-07-09,Delivery,L1,Hire
E103769,2025-07-15,Delivery,L1,Hire
E103770,2025-07-21,Quality Engineering,L1,Hire
E103771,2025-07-19,Consulting,L3,Hire
E103772,2025-07-06,Cloud and Infrastructure,L4,Hire
E103773,2025-07-23,Cloud and Infrastructure,L3,Hire
E103774,2025-07-26,Quality Engineering,L2,Hire
E103775,2025-07-08,Quality Engineering,L2,Hire
E103776,2025-07-12,Delivery,L1,Hire
E103777,2025-07-21,Data and Analytics,L1,Hire
E103778,2025-07-04,Consulting,L2,Hire
E103779,2025-07-25,Data and Analytics,L1,Hire
E103780,2025-07-23,Delivery,L1,Hire
E103781,2025-07-12,Delivery,L2,Hire
E103782,2025-07-03,Delivery,L1,Hire
E103783,2025-07-16,Delivery,L3,Hire
E103784,2025-07-25,Cloud and Infrastructure,L2,Hire
E103785,2025-07-31,Quality Engineering,L3,Hire
E103786,2025-07-30,Sales and Presales,L3,Hire
E103787,2025-07-13,Quality Engineering,L3,Hire
E103788,2025-07-13,Quality Engineering,L3,Hire
E103789,2025-07-17,Delivery,L1,Hire
E103790,2025-07-05,Delivery,L1,Hire
E103791,2025-07-21,Delivery,L1,Hire
E103792,2025-07-12,Delivery,L2,Hire
E103793,2025-07-25,Cloud and Infrastructure,L2,Hire
E103794,2025-07-23,Quality Engineering,L2,Hire
E103795,2025-07-26,Corporate Functions,L1,Hire
E103796,2025-08-25,Corporate Functions,L4,Hire
E103797,2025-08-11,Data and Analytics,L1,Hire
E103798,2025-08-08,Delivery,L1,Hire
E103799,2025-08-19,Consulting,L1,Hire
E103800,2025-08-13,Quality Engineering,L1,Hire
E103801,2025-08-04,Delivery,L1,Hire
E103802,2025-08-02,Delivery,L1,Hire
E103803,2025-08-14,Delivery,L1,Hire
E103804,2025-08-19,Cloud and Infrastructure,L1,Hire
E103805,2025-08-20,Quality Engineering,L1,Hire
E103806,2025-08-03,Quality Engineering,L1,Hire
E103807,2025-08-17,Delivery,L1,Hire
E103808,2025-08-13,Delivery,L1,Hire
E103809,2025-08-10,Data and Analytics,L1,Hire
E103810,2025-08-13,Data and Analytics,L1,Hire
E103811,2025-08-14,Sales and Presales,L1,Hire
E103812,2025-08-17,Data and Analytics,L1,Hire
E103813,2025-08-15,Quality Engineering,L1,Hire
E103814,2025-08-03,Sales and Presales,L1,Hire
E103815,2025-08-19,Quality Engineering,L1,Hire
E103816,2025-08-02,Cloud and Infrastructure,L1,Hire
E103817,2025-08-11,Quality Engineering,L1,Hire
E103818,2025-08-02,Delivery,L1,Hire
E103819,2025-08-18,Delivery,L1,Hire
E103820,2025-08-18,Cloud and Infrastructure,L1,Hire
E103821,2025-08-14,Quality Engineering,L1,Hire
E103822,2025-08-19,Delivery,L1,Hire
E103823,2025-08-19,Delivery,L1,Hire
E103824,2025-08-10,Quality Engineering,L1,Hire
E103825,2025-08-15,Quality Engineering,L1,Hire
E103826,2025-08-10,Quality Engineering,L1,Hire
E103827,2025-08-02,Data and Analytics,L1,Hire
E103828,2025-08-14,Data and Analytics,L1,Hire
E103829,2025-08-03,Consulting,L1,Hire
E103830,2025-08-04,Consulting,L1,Hire
E103831,2025-08-16,Cloud and Infrastructure,L1,Hire
E103832,2025-08-15,Delivery,L1,Hire
E103833,2025-08-02,Delivery,L1,Hire
E103834,2025-08-03,Delivery,L1,Hire
E103835,2025-08-19,Quality Engineering,L1,Hire
E103836,2025-08-16,Delivery,L1,Hire
E103837,2025-08-10,Delivery,L1,Hire
E103838,2025-08-02,Cloud and Infrastructure,L1,Hire
E103839,2025-08-14,Data and Analytics,L1,Hire
E103840,2025-08-12,Delivery,L1,Hire
E103841,2025-08-19,Data and Analytics,L1,Hire
E103842,2025-08-14,Cloud and Infrastructure,L1,Hire
E103843,2025-08-17,Delivery,L1,Hire
E103844,2025-08-05,Delivery,L1,Hire
E103845,2025-08-19,Data and Analytics,L1,Hire
E103846,2025-08-01,Delivery,L1,Hire
E103847,2025-08-12,Delivery,L1,Hire
E103848,2025-08-02,Data and Analytics,L1,Hire
E103849,2025-08-12,Quality Engineering,L1,Hire
E103850,2025-08-15,Cloud and Infrastructure,L1,Hire
E103851,2025-08-15,Cloud and Infrastructure,L1,Hire
E103852,2025-08-02,Data and Analytics,L1,Hire
E103853,2025-08-01,Delivery,L1,Hire
E103854,2025-08-03,Sales and Presales,L1,Hire
E103855,2025-08-05,Delivery,L1,Hire
E103856,2025-08-15,Delivery,L1,Hire
E103857,2025-08-04,Delivery,L1,Hire
E103858,2025-08-13,Data and Analytics,L1,Hire
E103859,2025-08-18,Quality Engineering,L1,Hire
E103860,2025-08-19,Delivery,L1,Hire
E103861,2025-08-20,Delivery,L1,Hire
E103862,2025-08-12,Delivery,L1,Hire
E103863,2025-08-17,Delivery,L1,Hire
E103864,2025-08-03,Delivery,L1,Hire
E103865,2025-08-11,Quality Engineering,L1,Hire
E103866,2025-08-14,Quality Engineering,L1,Hire
E103867,2025-08-13,Data and Analytics,L1,Hire
E103868,2025-08-13,Data and Analytics,L1,Hire
E103869,2025-08-06,Quality Engineering,L1,Hire
E103870,2025-08-10,Delivery,L1,Hire
E103871,2025-08-03,Quality Engineering,L1,Hire
E103872,2025-08-08,Data and Analytics,L1,Hire
E103873,2025-08-14,Cloud and Infrastructure,L1,Hire
E103874,2025-08-07,Delivery,L1,Hire
E103875,2025-08-14,Data and Analytics,L1,Hire
E103876,2025-08-11,Delivery,L1,Hire
E103877,2025-08-06,Delivery,L1,Hire
E103878,2025-08-12,Consulting,L1,Hire
E103879,2025-08-19,Sales and Presales,L1,Hire
E103880,2025-08-11,Delivery,L1,Hire
E103881,2025-08-03,Data and Analytics,L1,Hire
E103882,2025-08-11,Delivery,L1,Hire
E103883,2025-08-06,Quality Engineering,L1,Hire
E103884,2025-08-06,Cloud and Infrastructure,L1,Hire
E103885,2025-08-14,Cloud and Infrastructure,L1,Hire
E103886,2025-08-18,Cloud and Infrastructure,L1,Hire
E103887,2025-08-11,Delivery,L1,Hire
E103888,2025-08-03,Sales and Presales,L1,Hire
E103889,2025-08-14,Data and Analytics,L1,Hire
E103890,2025-08-16,Quality Engineering,L1,Hire
E103891,2025-08-17,Quality Engineering,L1,Hire
E103892,2025-08-17,Cloud and Infrastructure,L1,Hire
E103893,2025-08-05,Cloud and Infrastructure,L1,Hire
E103894,2025-08-04,Quality Engineering,L1,Hire
E103895,2025-08-19,Cloud and Infrastructure,L1,Hire
E103896,2025-08-15,Data and Analytics,L1,Hire
E103897,2025-08-04,Delivery,L1,Hire
E103898,2025-08-12,Quality Engineering,L1,Hire
E103899,2025-08-13,Delivery,L1,Hire
E103900,2025-08-15,Delivery,L1,Hire
E103901,2025-08-17,Delivery,L1,Hire
E103902,2025-08-06,Quality Engineering,L1,Hire
E103903,2025-08-08,Delivery,L1,Hire
E103904,2025-08-01,Data and Analytics,L1,Hire
E103905,2025-08-16,Delivery,L1,Hire
E103906,2025-08-03,Delivery,L1,Hire
E103907,2025-08-20,Delivery,L1,Hire
E103908,2025-08-12,Delivery,L1,Hire
E103909,2025-08-13,Data and Analytics,L1,Hire
E103910,2025-08-09,Data and Analytics,L1,Hire
E103911,2025-08-08,Delivery,L1,Hire
E103912,2025-08-20,Cloud and Infrastructure,L1,Hire
E103913,2025-08-01,Delivery,L1,Hire
E103914,2025-08-13,Cloud and Infrastructure,L1,Hire
E103915,2025-08-07,Delivery,L1,Hire
E103916,2025-08-08,Delivery,L1,Hire
E103917,2025-08-19,Delivery,L1,Hire
E103918,2025-08-03,Delivery,L1,Hire
E103919,2025-08-12,Delivery,L1,Hire
E103920,2025-08-16,Quality Engineering,L1,Hire
E103921,2025-08-10,Delivery,L1,Hire
E103922,2025-08-17,Consulting,L1,Hire
E103923,2025-08-19,Data and Analytics,L1,Hire
E103924,2025-08-11,Cloud and Infrastructure,L1,Hire
E103925,2025-08-08,Delivery,L1,Hire
E103926,2025-08-12,Delivery,L1,Hire
E103927,2025-08-08,Delivery,L1,Hire
E103928,2025-08-14,Delivery,L1,Hire
E103929,2025-08-18,Sales and Presales,L1,Hire
E103930,2025-08-15,Cloud and Infrastructure,L1,Hire
E103931,2025-08-01,Quality Engineering,L1,Hire
E103932,2025-08-15,Cloud and Infrastructure,L1,Hire
E103933,2025-08-11,Cloud and Infrastructure,L1,Hire
E103934,2025-08-18,Cloud and Infrastructure,L1,Hire
E103935,2025-08-07,Consulting,L1,Hire
E103936,2025-08-06,Quality Engineering,L1,Hire
E103937,2025-08-10,Cloud and Infrastructure,L1,Hire
E103938,2025-08-20,Quality Engineering,L1,Hire
E103939,2025-08-16,Quality Engineering,L1,Hire
E103940,2025-08-05,Delivery,L1,Hire
E103941,2025-08-10,Delivery,L1,Hire
E103942,2025-08-04,Sales and Presales,L1,Hire
E103943,2025-08-09,Delivery,L1,Hire
E103944,2025-08-12,Delivery,L1,Hire
E103945,2025-08-03,Delivery,L1,Hire
E103946,2025-08-17,Delivery,L1,Hire
E103947,2025-08-08,Data and Analytics,L1,Hire
E103948,2025-08-14,Delivery,L1,Hire
E103949,2025-08-10,Delivery,L1,Hire
E103950,2025-08-06,Cloud and Infrastructure,L1,Hire
E103951,2025-08-19,Cloud and Infrastructure,L1,Hire
E103952,2025-08-08,Consulting,L1,Hire
E103953,2025-08-12,Data and Analytics,L1,Hire
E103954,2025-08-14,Quality Engineering,L1,Hire
E103955,2025-08-13,Data and Analytics,L1,Hire
E103956,2025-08-02,Quality Engineering,L1,Hire
E103957,2025-08-19,Delivery,L1,Hire
E103958,2025-08-01,Delivery,L1,Hire
E103959,2025-08-02,Sales and Presales,L1,Hire
E103960,2025-08-18,Cloud and Infrastructure,L1,Hire
E103961,2025-08-20,Quality Engineering,L1,Hire
E103962,2025-08-04,Cloud and Infrastructure,L1,Hire
E103963,2025-08-07,Cloud and Infrastructure,L1,Hire
E103964,2025-08-05,Delivery,L1,Hire
E103965,2025-08-08,Data and Analytics,L1,Hire
E103966,2025-08-07,Delivery,L1,Hire
E103967,2025-08-07,Delivery,L1,Hire
E103968,2025-08-19,Sales and Presales,L1,Hire
E103969,2025-08-15,Delivery,L1,Hire
E103970,2025-08-17,Delivery,L1,Hire
E103971,2025-08-09,Quality Engineering,L1,Hire
E103972,2025-08-19,Data and Analytics,L1,Hire
E103973,2025-08-11,Quality Engineering,L1,Hire
E103974,2025-08-04,Delivery,L1,Hire
E103975,2025-08-16,Delivery,L1,Hire
E103976,2025-08-06,Delivery,L1,Hire
E103977,2025-08-15,Sales and Presales,L1,Hire
E103978,2025-08-03,Sales and Presales,L1,Hire
E103979,2025-08-14,Delivery,L1,Hire
E103980,2025-08-03,Cloud and Infrastructure,L1,Hire
E103981,2025-08-07,Delivery,L1,Hire
E103982,2025-08-17,Quality Engineering,L1,Hire
E103983,2025-08-02,Delivery,L1,Hire
E103984,2025-08-05,Quality Engineering,L1,Hire
E103985,2025-08-20,Quality Engineering,L1,Hire
E103986,2025-08-16,Cloud and Infrastructure,L1,Hire
E103987,2025-08-18,Data and Analytics,L1,Hire
E103988,2025-08-12,Cloud and Infrastructure,L1,Hire
E103989,2025-08-13,Delivery,L1,Hire
E103990,2025-08-15,Quality Engineering,L1,Hire
E103991,2025-08-17,Delivery,L1,Hire
E103992,2025-08-10,Quality Engineering,L1,Hire
E103993,2025-08-07,Data and Analytics,L3,Hire
E103994,2025-08-02,Cloud and Infrastructure,L3,Hire
E103995,2025-08-07,Cloud and Infrastructure,L3,Hire
E103996,2025-08-25,Delivery,L1,Hire
E103997,2025-08-17,Sales and Presales,L2,Hire
E103998,2025-08-20,Data and Analytics,L4,Hire
E103999,2025-08-29,Delivery,L3,Hire
E104000,2025-08-13,Data and Analytics,L3,Hire
E104001,2025-08-04,Cloud and Infrastructure,L1,Hire
E104002,2025-08-20,Cloud and Infrastructure,L2,Hire
E104003,2025-08-17,Data and Analytics,L2,Hire
E104004,2025-08-19,Sales and Presales,L2,Hire
E104005,2025-08-25,Cloud and Infrastructure,L4,Hire
E104006,2025-08-22,Delivery,L1,Hire
E104007,2025-08-09,Delivery,L3,Hire
E104008,2025-08-22,Quality Engineering,L2,Hire
E104009,2025-08-19,Cloud and Infrastructure,L5,Hire
E104010,2025-08-12,Corporate Functions,L2,Hire
E104011,2025-08-02,Delivery,L2,Hire
E104012,2025-08-14,Data and Analytics,L2,Hire
E104013,2025-08-08,Delivery,L1,Hire
E104014,2025-08-06,Data and Analytics,L2,Hire
E104015,2025-08-07,Data and Analytics,L2,Hire
E104016,2025-09-11,Delivery,L6,Hire
E104017,2025-09-04,Delivery,L4,Hire
E104018,2025-09-08,Delivery,L3,Hire
E104019,2025-09-18,Sales and Presales,L4,Hire
E104020,2025-09-07,Cloud and Infrastructure,L1,Hire
E104021,2025-09-12,Data and Analytics,L5,Hire
E104022,2025-09-03,Delivery,L3,Hire
E104023,2025-09-02,Delivery,L2,Hire
E104024,2025-09-24,Delivery,L2,Hire
E104025,2025-09-09,Delivery,L2,Hire
E104026,2025-09-09,Cloud and Infrastructure,L3,Hire
E104027,2025-09-03,Quality Engineering,L2,Hire
E104028,2025-09-03,Cloud and Infrastructure,L1,Hire
E104029,2025-09-26,Delivery,L3,Hire
E104030,2025-09-12,Delivery,L3,Hire
E104031,2025-09-26,Delivery,L4,Hire
E104032,2025-09-09,Delivery,L5,Hire
E104033,2025-09-25,Sales and Presales,L3,Hire
E104034,2025-09-17,Delivery,L2,Hire
E104035,2025-09-25,Sales and Presales,L1,Hire
E104036,2025-09-24,Sales and Presales,L2,Hire
E104037,2025-09-14,Data and Analytics,L5,Hire
E104038,2025-09-23,Delivery,L2,Hire
E104039,2025-09-20,Quality Engineering,L1,Hire
E104040,2025-09-05,Delivery,L2,Hire
E104041,2025-09-25,Delivery,L1,Hire
E104042,2025-09-11,Delivery,L2,Hire
E104043,2025-09-23,Sales and Presales,L1,Hire
E104044,2025-09-02,Delivery,L1,Hire
E104045,2025-09-26,Cloud and Infrastructure,L1,Hire
E104046,2025-09-21,Cloud and Infrastructure,L2,Hire
E104047,2025-09-18,Consulting,L2,Hire
E104048,2025-09-29,Delivery,L2,Hire
E104049,2025-09-18,Delivery,L2,Hire
E104050,2025-09-11,Delivery,L1,Hire
E104051,2025-09-21,Quality Engineering,L3,Hire
E104052,2025-09-25,Sales and Presales,L3,Hire
E104053,2025-09-24,Cloud and Infrastructure,L4,Hire
E104054,2025-09-20,Data and Analytics,L2,Hire
E104055,2025-09-03,Corporate Functions,L2,Hire
E104056,2025-09-29,Cloud and Infrastructure,L2,Hire
E104057,2025-09-11,Delivery,L1,Hire
E104058,2025-09-21,Quality Engineering,L1,Hire
E104059,2025-09-24,Delivery,L2,Hire
E104060,2025-09-28,Delivery,L1,Hire
E104061,2025-10-11,Delivery,L3,Hire
E104062,2025-10-24,Delivery,L3,Hire
E104063,2025-10-13,Quality Engineering,L3,Hire
E104064,2025-10-16,Data and Analytics,L5,Hire
E104065,2025-10-06,Delivery,L1,Hire
E104066,2025-10-10,Delivery,L5,Hire
E104067,2025-10-20,Cloud and Infrastructure,L2,Hire
E104068,2025-10-26,Delivery,L2,Hire
E104069,2025-10-28,Sales and Presales,L2,Hire
E104070,2025-10-12,Delivery,L4,Hire
E104071,2025-10-08,Delivery,L3,Hire
E104072,2025-10-16,Corporate Functions,L1,Hire
E104073,2025-10-07,Cloud and Infrastructure,L2,Hire
E104074,2025-10-18,Sales and Presales,L1,Hire
E104075,2025-10-24,Sales and Presales,L3,Hire
E104076,2025-10-10,Data and Analytics,L3,Hire
E104077,2025-10-20,Quality Engineering,L2,Hire
E104078,2025-10-10,Quality Engineering,L1,Hire
E104079,2025-10-16,Quality Engineering,L1,Hire
E104080,2025-10-14,Delivery,L2,Hire
E104081,2025-10-01,Quality Engineering,L1,Hire
E104082,2025-10-31,Delivery,L3,Hire
E104083,2025-10-30,Corporate Functions,L2,Hire
E104084,2025-10-11,Quality Engineering,L2,Hire
E104085,2025-10-04,Sales and Presales,L3,Hire
E104086,2025-10-17,Delivery,L3,Hire
E104087,2025-10-04,Data and Analytics,L1,Hire
E104088,2025-10-02,Quality Engineering,L1,Hire
E104089,2025-10-21,Consulting,L1,Hire
E104090,2025-11-09,Quality Engineering,L1,Hire
E104091,2025-11-06,Delivery,L1,Hire
E104092,2025-11-20,Delivery,L1,Hire
E104093,2025-11-26,Data and Analytics,L2,Hire
E104094,2025-11-28,Data and Analytics,L2,Hire
E104095,2025-11-19,Delivery,L2,Hire
E104096,2025-11-14,Data and Analytics,L2,Hire
E104097,2025-11-30,Consulting,L4,Hire
E104098,2025-11-03,Delivery,L1,Hire
E104099,2025-11-12,Data and Analytics,L1,Hire
E104100,2025-11-03,Delivery,L2,Hire
E104101,2025-11-13,Delivery,L2,Hire
E104102,2025-11-15,Cloud and Infrastructure,L5,Hire
E104103,2025-11-12,Quality Engineering,L2,Hire
E104104,2025-11-01,Delivery,L1,Hire
E104105,2025-11-25,Cloud and Infrastructure,L2,Hire
E104106,2025-11-05,Delivery,L4,Hire
E104107,2025-11-08,Delivery,L2,Hire
E104108,2025-11-15,Cloud and Infrastructure,L2,Hire
E104109,2025-11-22,Delivery,L2,Hire
E104110,2025-11-04,Sales and Presales,L2,Hire
E104111,2025-11-22,Delivery,L3,Hire
E104112,2025-11-28,Cloud and Infrastructure,L2,Hire
E104113,2025-11-13,Delivery,L1,Hire
E104114,2025-11-12,Delivery,L3,Hire
E104115,2025-11-17,Delivery,L1,Hire
E104116,2025-11-28,Consulting,L1,Hire
E104117,2025-11-13,Cloud and Infrastructure,L2,Hire
E104118,2025-11-04,Quality Engineering,L1,Hire
E104119,2025-11-26,Cloud and Infrastructure,L2,Hire
E104120,2025-12-21,Quality Engineering,L3,Hire
E104121,2025-12-08,Corporate Functions,L2,Hire
E104122,2025-12-26,Data and Analytics,L4,Hire
E104123,2025-12-02,Delivery,L2,Hire
E104124,2025-12-09,Delivery,L3,Hire
E104125,2025-12-12,Delivery,L2,Hire
E104126,2025-12-11,Quality Engineering,L2,Hire
E104127,2025-12-25,Quality Engineering,L1,Hire
E104128,2025-12-30,Delivery,L2,Hire
E104129,2025-12-20,Delivery,L3,Hire
E104130,2025-12-31,Data and Analytics,L1,Hire
E104131,2025-12-12,Cloud and Infrastructure,L1,Hire
E104132,2025-12-10,Delivery,L1,Hire
E104133,2025-12-03,Delivery,L1,Hire
E104134,2025-12-18,Delivery,L3,Hire
E104135,2025-12-25,Delivery,L3,Hire
E104136,2025-12-28,Delivery,L2,Hire
E104137,2025-12-27,Delivery,L2,Hire
E104138,2025-12-20,Delivery,L1,Hire
E104139,2025-12-24,Data and Analytics,L3,Hire
E104140,2025-12-04,Consulting,L4,Hire
E104141,2025-12-14,Cloud and Infrastructure,L2,Hire
E104142,2025-12-23,Quality Engineering,L2,Hire
E104143,2025-12-29,Delivery,L1,Hire
E104144,2025-12-19,Quality Engineering,L2,Hire
E104145,2025-12-08,Data and Analytics,L2,Hire
E104146,2025-12-29,Delivery,L1,Hire
E104147,2025-12-27,Data and Analytics,L1,Hire
E104148,2025-12-20,Delivery,L2,Hire
E104149,2025-12-29,Delivery,L1,Hire
E104150,2025-12-03,Delivery,L3,Hire
E104151,2025-12-28,Delivery,L1,Hire
E104152,2025-12-17,Cloud and Infrastructure,L2,Hire
E104153,2026-01-30,Delivery,L6,Hire
E104154,2026-01-19,Quality Engineering,L6,Hire
E104155,2026-01-08,Quality Engineering,L2,Hire
E104156,2026-01-03,Data and Analytics,L2,Hire
E104157,2026-01-07,Delivery,L1,Hire
E104158,2026-01-06,Sales and Presales,L1,Hire
E104159,2026-01-20,Data and Analytics,L1,Hire
E104160,2026-01-25,Delivery,L1,Hire
E104161,2026-01-17,Quality Engineering,L3,Hire
E104162,2026-01-14,Delivery,L3,Hire
E104163,2026-01-02,Data and Analytics,L2,Hire
E104164,2026-01-21,Cloud and Infrastructure,L2,Hire
E104165,2026-01-19,Quality Engineering,L2,Hire
E104166,2026-01-24,Delivery,L3,Hire
E104167,2026-01-11,Data and Analytics,L2,Hire
E104168,2026-01-23,Quality Engineering,L2,Hire
E104169,2026-01-27,Quality Engineering,L1,Hire
E104170,2026-01-27,Quality Engineering,L3,Hire
E104171,2026-01-14,Delivery,L1,Hire
E104172,2026-01-04,Delivery,L2,Hire
E104173,2026-01-10,Sales and Presales,L1,Hire
E104174,2026-01-23,Quality Engineering,L4,Hire
E104175,2026-01-24,Delivery,L2,Hire
E104176,2026-01-30,Data and Analytics,L1,Hire
E104177,2026-01-01,Cloud and Infrastructure,L2,Hire
E104178,2026-01-06,Consulting,L1,Hire
E104179,2026-01-15,Consulting,L1,Hire
E104180,2026-01-14,Delivery,L3,Hire
E104181,2026-01-06,Quality Engineering,L2,Hire
E104182,2026-01-22,Delivery,L2,Hire
E104183,2026-01-16,Delivery,L4,Hire
E104184,2026-01-16,Delivery,L1,Hire
E104185,2026-01-24,Data and Analytics,L1,Hire
E104186,2026-01-21,Quality Engineering,L1,Hire
E104187,2026-02-03,Consulting,L4,Hire
E104188,2026-02-24,Quality Engineering,L2,Hire
E104189,2026-02-05,Delivery,L2,Hire
E104190,2026-02-03,Data and Analytics,L4,Hire
E104191,2026-02-11,Cloud and Infrastructure,L4,Hire
E104192,2026-02-02,Data and Analytics,L1,Hire
E104193,2026-02-20,Quality Engineering,L3,Hire
E104194,2026-02-28,Sales and Presales,L1,Hire
E104195,2026-02-11,Delivery,L2,Hire
E104196,2026-02-07,Delivery,L4,Hire
E104197,2026-02-25,Cloud and Infrastructure,L3,Hire
E104198,2026-02-12,Cloud and Infrastructure,L2,Hire
E104199,2026-02-01,Quality Engineering,L2,Hire
E104200,2026-02-28,Delivery,L1,Hire
E104201,2026-02-05,Quality Engineering,L1,Hire
E104202,2026-02-12,Cloud and Infrastructure,L3,Hire
E104203,2026-02-11,Delivery,L1,Hire
E104204,2026-02-27,Data and Analytics,L2,Hire
E104205,2026-02-17,Corporate Functions,L2,Hire
E104206,2026-02-06,Delivery,L1,Hire
E104207,2026-02-24,Cloud and Infrastructure,L3,Hire
E104208,2026-02-24,Quality Engineering,L1,Hire
E104209,2026-02-26,Delivery,L1,Hire
E104210,2026-02-25,Quality Engineering,L2,Hire
E104211,2026-03-14,Delivery,L1,Hire
E104212,2026-03-20,Delivery,L2,Hire
E104213,2026-03-24,Data and Analytics,L3,Hire
E104214,2026-03-06,Delivery,L2,Hire
E104215,2026-03-18,Delivery,L1,Hire
E104216,2026-03-16,Delivery,L2,Hire
E104217,2026-03-05,Corporate Functions,L4,Hire
E104218,2026-03-16,Cloud and Infrastructure,L1,Hire
E104219,2026-03-14,Delivery,L1,Hire
E104220,2026-03-05,Delivery,L1,Hire
E104221,2026-03-13,Delivery,L1,Hire
E104222,2026-03-14,Corporate Functions,L2,Hire
E104223,2026-03-21,Sales and Presales,L3,Hire
E104224,2026-03-28,Data and Analytics,L2,Hire
E104225,2026-03-06,Delivery,L4,Hire
E104226,2026-03-06,Delivery,L3,Hire
E104227,2026-03-14,Delivery,L1,Hire
E104228,2026-03-06,Cloud and Infrastructure,L1,Hire
E104229,2026-03-11,Corporate Functions,L2,Hire
E104230,2026-03-11,Delivery,L1,Hire
E104231,2026-03-24,Data and Analytics,L2,Hire
E104232,2026-03-24,Data and Analytics,L3,Hire
E104233,2026-03-19,Delivery,L1,Hire
E104234,2026-03-16,Data and Analytics,L1,Hire
E104235,2026-03-29,Data and Analytics,L3,Hire
E104236,2026-03-21,Quality Engineering,L1,Hire
E104237,2026-03-30,Data and Analytics,L1,Hire
E104238,2026-03-28,Corporate Functions,L3,Hire
