emp_id,review_cycle,rating
E100001,FY 2020-21,4
E100001,FY 2021-22,4
E100002,FY 2021-22,5
E100003,FY 2020-21,4
E100003,FY 2021-22,4
E100003,FY 2022-23,3
E100005,FY 2020-21,3
E100005,FY 2021-22,4
E100005,FY 2022-23,4
E100005,FY 2023-24,3
E100005,FY 2024-25,3
E100006,FY 2020-21,2
E100006,FY 2021-22,2
E100006,FY 2022-23,3
E100006,FY 2023-24,2
E100006,FY 2024-25,3
E100007,FY 2020-21,3
E100007,FY 2021-22,3
E100007,FY 2022-23,3
E100007,FY 2023-24,2
E100008,FY 2021-22,4
E100008,FY 2022-23,2
E100008,FY 2023-24,3
E100008,FY 2024-25,3
E100009,FY 2020-21,5
E100009,FY 2021-22,5
E100009,FY 2022-23,3
E100009,FY 2023-24,4
E100009,FY 2024-25,5
E100010,FY 2020-21,3
E100010,FY 2021-22,3
E100010,FY 2022-23,3
E100010,FY 2023-24,3
E100011,FY 2021-22,4
E100011,FY 2022-23,5
E100011,FY 2023-24,5
E100011,FY 2024-25,4
E100012,FY 2021-22,3
E100013,FY 2020-21,1
E100013,FY 2021-22,2
E100013,FY 2022-23,2
E100013,FY 2023-24,1
E100014,FY 2020-21,4
E100014,FY 2021-22,2
E100014,FY 2022-23,3
E100014,FY 2023-24,3
E100015,FY 2021-22,1
E100015,FY 2022-23,3
E100015,FY 2023-24,2
E100015,FY 2024-25,3
E100016,FY 2021-22,3
E100017,FY 2020-21,3
E100017,FY 2021-22,3
E100018,FY 2020-21,2
E100018,FY 2021-22,2
E100019,FY 2020-21,3
E100019,FY 2021-22,4
E100019,FY 2022-23,4
E100020,FY 2021-22,3
E100020,FY 2022-23,3
E100020,FY 2023-24,3
E100020,FY 2024-25,3
E100021,FY 2020-21,3
E100021,FY 2021-22,3
E100021,FY 2022-23,3
E100021,FY 2023-24,3
E100021,FY 2024-25,2
E100022,FY 2020-21,3
E100022,FY 2021-22,4
E100022,FY 2022-23,4
E100022,FY 2023-24,4
E100022,FY 2024-25,4
E100023,FY 2020-21,4
E100023,FY 2021-22,4
E100024,FY 2020-21,2
E100024,FY 2021-22,3
E100025,FY 2020-21,2
E100025,FY 2021-22,3
E100025,FY 2022-23,3
E100025,FY 2023-24,3
E100025,FY 2024-25,1
E100026,FY 2021-22,2
E100026,FY 2022-23,2
E100026,FY 2023-24,1
E100026,FY 2024-25,1
E100027,FY 2020-21,4
E100027,FY 2021-22,3
E100027,FY 2022-23,3
E100027,FY 2023-24,3
E100027,FY 2024-25,3
E100028,FY 2020-21,3
E100028,FY 2021-22,3
E100028,FY 2022-23,3
E100028,FY 2023-24,4
E100028,FY 2024-25,4
E100029,FY 2020-21,5
E100029,FY 2021-22,4
E100029,FY 2022-23,5
E100029,FY 2023-24,3
E100029,FY 2024-25,5
E100030,FY 2020-21,3
E100030,FY 2021-22,3
E100030,FY 2022-23,5
E100030,FY 2023-24,5
E100030,FY 2024-25,5
E100031,FY 2020-21,3
E100031,FY 2021-22,2
E100031,FY 2022-23,3
E100031,FY 2023-24,4
E100031,FY 2024-25,3
E100032,FY 2021-22,5
E100032,FY 2022-23,3
E100032,FY 2023-24,4
E100032,FY 2024-25,4
E100033,FY 2021-22,3
E100033,FY 2022-23,3
E100033,FY 2023-24,3
E100033,FY 2024-25,3
E100034,FY 2020-21,3
E100034,FY 2021-22,3
E100034,FY 2022-23,2
E100035,FY 2021-22,3
E100035,FY 2022-23,3
E100035,FY 2023-24,3
E100035,FY 2024-25,2
E100036,FY 2021-22,3
E100037,FY 2020-21,4
E100037,FY 2021-22,4
E100037,FY 2022-23,4
E100037,FY 2023-24,5
E100037,FY 2024-25,5
E100038,FY 2020-21,3
E100038,FY 2021-22,3
E100038,FY 2022-23,4
E100038,FY 2023-24,3
E100038,FY 2024-25,3
E100039,FY 2020-21,3
E100039,FY 2021-22,3
E100039,FY 2022-23,3
E100039,FY 2023-24,2
E100039,FY 2024-25,3
E100040,FY 2020-21,3
E100040,FY 2021-22,3
E100040,FY 2022-23,2
E100040,FY 2023-24,3
E100040,FY 2024-25,3
E100041,FY 2020-21,3
E100041,FY 2021-22,3
E100041,FY 2022-23,3
E100041,FY 2023-24,3
E100041,FY 2024-25,3
E100042,FY 2020-21,3
E100042,FY 2021-22,3
E100042,FY 2022-23,3
E100042,FY 2023-24,4
E100042,FY 2024-25,4
E100043,FY 2021-22,3
E100043,FY 2022-23,4
E100043,FY 2023-24,3
E100043,FY 2024-25,4
E100044,FY 2020-21,1
E100044,FY 2021-22,3
E100044,FY 2022-23,3
E100044,FY 2023-24,3
E100044,FY 2024-25,3
E100045,FY 2020-21,3
E100045,FY 2021-22,4
E100045,FY 2022-23,3
E100045,FY 2023-24,3
E100045,FY 2024-25,3
E100046,FY 2021-22,3
E100046,FY 2022-23,5
E100047,FY 2020-21,1
E100047,FY 2021-22,2
E100047,FY 2022-23,3
E100048,FY 2020-21,2
E100048,FY 2021-22,3
E100048,FY 2022-23,3
E100048,FY 2023-24,3
E100049,FY 2021-22,2
E100050,FY 2020-21,3
E100050,FY 2021-22,4
E100050,FY 2022-23,3
E100050,FY 2023-24,4
E100050,FY 2024-25,3
E100051,FY 2021-22,3
E100051,FY 2022-23,3
E100051,FY 2023-24,5
E100051,FY 2024-25,4
E100052,FY 2020-21,3
E100052,FY 2021-22,4
E100052,FY 2022-23,4
E100052,FY 2023-24,3
E100052,FY 2024-25,4
E100053,FY 2020-21,2
E100053,FY 2021-22,1
E100054,FY 2021-22,5
E100055,FY 2020-21,3
E100055,FY 2021-22,3
E100055,FY 2022-23,3
E100055,FY 2023-24,3
E100055,FY 2024-25,3
E100056,FY 2021-22,5
E100056,FY 2022-23,4
E100056,FY 2023-24,5
E100056,FY 2024-25,5
E100057,FY 2021-22,4
E100057,FY 2022-23,4
E100057,FY 2023-24,3
E100057,FY 2024-25,3
E100058,FY 2020-21,3
E100058,FY 2021-22,3
E100058,FY 2022-23,3
E100059,FY 2020-21,3
E100059,FY 2021-22,4
E100059,FY 2022-23,1
E100059,FY 2023-24,3
E100059,FY 2024-25,2
E100060,FY 2020-21,5
E100060,FY 2021-22,4
E100060,FY 2022-23,4
E100060,FY 2023-24,5
E100060,FY 2024-25,4
E100061,FY 2020-21,4
E100061,FY 2021-22,5
E100061,FY 2022-23,4
E100061,FY 2023-24,4
E100061,FY 2024-25,3
E100062,FY 2020-21,3
E100062,FY 2021-22,3
E100062,FY 2022-23,2
E100062,FY 2023-24,3
E100062,FY 2024-25,3
E100063,FY 2020-21,4
E100063,FY 2021-22,4
E100063,FY 2022-23,5
E100063,FY 2023-24,5
E100064,FY 2020-21,3
E100064,FY 2021-22,3
E100064,FY 2022-23,2
E100064,FY 2023-24,3
E100064,FY 2024-25,3
E100065,FY 2020-21,3
E100065,FY 2021-22,2
E100066,FY 2020-21,3
E100066,FY 2021-22,3
E100066,FY 2022-23,3
E100066,FY 2023-24,2
E100066,FY 2024-25,4
E100067,FY 2021-22,3
E100068,FY 2020-21,2
E100068,FY 2021-22,3
E100068,FY 2022-23,1
E100068,FY 2023-24,3
E100069,FY 2020-21,3
E100069,FY 2021-22,4
E100069,FY 2022-23,5
E100069,FY 2023-24,2
E100070,FY 2021-22,3
E100070,FY 2022-23,3
E100071,FY 2021-22,5
E100072,FY 2021-22,3
E100072,FY 2022-23,3
E100072,FY 2023-24,4
E100072,FY 2024-25,3
E100073,FY 2020-21,3
E100073,FY 2021-22,3
E100073,FY 2022-23,3
E100073,FY 2023-24,3
E100073,FY 2024-25,3
E100075,FY 2020-21,3
E100075,FY 2021-22,3
E100075,FY 2022-23,3
E100076,FY 2020-21,3
E100076,FY 2021-22,2
E100077,FY 2020-21,4
E100077,FY 2021-22,4
E100077,FY 2022-23,3
E100077,FY 2023-24,4
E100078,FY 2020-21,4
E100078,FY 2021-22,3
E100079,FY 2020-21,3
E100079,FY 2021-22,3
E100079,FY 2022-23,4
E100079,FY 2023-24,3
E100079,FY 2024-25,4
E100080,FY 2020-21,3
E100080,FY 2021-22,3
E100080,FY 2022-23,4
E100080,FY 2023-24,3
E100080,FY 2024-25,3
E100081,FY 2021-22,3
E100081,FY 2022-23,4
E100081,FY 2023-24,3
E100081,FY 2024-25,3
E100082,FY 2020-21,3
E100082,FY 2021-22,3
E100082,FY 2022-23,3
E100082,FY 2023-24,3
E100082,FY 2024-25,2
E100083,FY 2020-21,2
E100083,FY 2021-22,2
E100083,FY 2022-23,1
E100084,FY 2021-22,3
E100084,FY 2022-23,4
E100084,FY 2023-24,3
E100084,FY 2024-25,4
E100085,FY 2020-21,3
E100085,FY 2021-22,2
E100086,FY 2020-21,3
E100086,FY 2021-22,3
E100086,FY 2022-23,3
E100086,FY 2023-24,4
E100086,FY 2024-25,3
E100087,FY 2020-21,4
E100087,FY 2021-22,5
E100087,FY 2022-23,4
E100087,FY 2023-24,4
E100087,FY 2024-25,3
E100088,FY 2021-22,2
E100088,FY 2022-23,3
E100088,FY 2023-24,3
E100088,FY 2024-25,3
E100089,FY 2022-23,3
E100089,FY 2023-24,3
E100089,FY 2024-25,3
E100090,FY 2020-21,3
E100090,FY 2021-22,3
E100090,FY 2022-23,2
E100090,FY 2023-24,3
E100091,FY 2021-22,5
E100091,FY 2022-23,4
E100091,FY 2023-24,5
E100091,FY 2024-25,4
E100092,FY 2020-21,1
E100092,FY 2021-22,1
E100092,FY 2022-23,1
E100093,FY 2020-21,3
E100093,FY 2021-22,3
E100094,FY 2021-22,3
E100095,FY 2020-21,3
E100095,FY 2021-22,4
E100095,FY 2022-23,3
E100095,FY 2023-24,3
E100096,FY 2020-21,3
E100096,FY 2021-22,3
E100096,FY 2022-23,3
E100097,FY 2020-21,2
E100097,FY 2021-22,3
E100098,FY 2020-21,4
E100098,FY 2021-22,3
E100099,FY 2021-22,5
E100099,FY 2022-23,5
E100099,FY 2023-24,4
E100099,FY 2024-25,5
E100100,FY 2020-21,2
E100100,FY 2021-22,3
E100101,FY 2021-22,4
E100102,FY 2020-21,3
E100102,FY 2021-22,3
E100102,FY 2022-23,3
E100103,FY 2020-21,3
E100103,FY 2021-22,4
E100103,FY 2022-23,3
E100103,FY 2023-24,3
E100103,FY 2024-25,2
E100104,FY 2020-21,5
E100104,FY 2021-22,4
E100104,FY 2022-23,5
E100104,FY 2023-24,5
E100104,FY 2024-25,5
E100105,FY 2020-21,3
E100105,FY 2021-22,3
E100105,FY 2022-23,2
E100105,FY 2023-24,3
E100105,FY 2024-25,3
E100106,FY 2020-21,3
E100106,FY 2021-22,3
E100106,FY 2022-23,3
E100107,FY 2021-22,3
E100107,FY 2022-23,3
E100107,FY 2023-24,3
E100107,FY 2024-25,3
E100109,FY 2020-21,4
E100109,FY 2021-22,4
E100109,FY 2022-23,4
E100109,FY 2023-24,5
E100109,FY 2024-25,4
E100110,FY 2021-22,3
E100110,FY 2022-23,2
E100110,FY 2023-24,1
E100111,FY 2021-22,2
E100111,FY 2022-23,4
E100112,FY 2021-22,3
E100112,FY 2022-23,3
E100112,FY 2023-24,3
E100112,FY 2024-25,3
E100113,FY 2020-21,3
E100113,FY 2021-22,3
E100114,FY 2020-21,5
E100114,FY 2021-22,5
E100114,FY 2022-23,4
E100114,FY 2023-24,5
E100114,FY 2024-25,4
E100115,FY 2020-21,4
E100115,FY 2021-22,3
E100115,FY 2022-23,3
E100115,FY 2023-24,3
E100115,FY 2024-25,3
E100116,FY 2020-21,3
E100116,FY 2021-22,3
E100116,FY 2022-23,3
E100116,FY 2023-24,4
E100117,FY 2020-21,2
E100117,FY 2021-22,3
E100117,FY 2022-23,3
E100117,FY 2023-24,3
E100117,FY 2024-25,3
E100118,FY 2021-22,2
E100119,FY 2020-21,3
E100119,FY 2021-22,2
E100120,FY 2021-22,3
E100120,FY 2022-23,2
E100120,FY 2023-24,3
E100120,FY 2024-25,3
E100121,FY 2020-21,3
E100121,FY 2021-22,2
E100121,FY 2022-23,3
E100121,FY 2023-24,3
E100121,FY 2024-25,2
E100122,FY 2021-22,4
E100122,FY 2022-23,5
E100122,FY 2023-24,4
E100122,FY 2024-25,4
E100123,FY 2021-22,2
E100124,FY 2020-21,3
E100124,FY 2021-22,2
E100124,FY 2022-23,3
E100124,FY 2023-24,3
E100124,FY 2024-25,2
E100125,FY 2021-22,2
E100125,FY 2022-23,3
E100125,FY 2023-24,2
E100125,FY 2024-25,3
E100126,FY 2020-21,4
E100126,FY 2021-22,3
E100127,FY 2021-22,2
E100128,FY 2020-21,3
E100128,FY 2021-22,3
E100128,FY 2022-23,3
E100129,FY 2020-21,3
E100129,FY 2021-22,3
E100129,FY 2022-23,2
E100129,FY 2023-24,1
E100129,FY 2024-25,2
E100130,FY 2021-22,3
E100130,FY 2022-23,3
E100130,FY 2023-24,3
E100131,FY 2020-21,4
E100131,FY 2021-22,3
E100131,FY 2022-23,3
E100131,FY 2023-24,4
E100131,FY 2024-25,3
E100132,FY 2021-22,4
E100132,FY 2022-23,4
E100132,FY 2023-24,4
E100133,FY 2020-21,3
E100133,FY 2021-22,3
E100133,FY 2022-23,3
E100133,FY 2023-24,4
E100133,FY 2024-25,4
E100134,FY 2021-22,5
E100134,FY 2022-23,5
E100134,FY 2023-24,4
E100134,FY 2024-25,4
E100135,FY 2020-21,2
E100135,FY 2021-22,2
E100135,FY 2022-23,3
E100136,FY 2020-21,3
E100136,FY 2021-22,4
E100137,FY 2020-21,3
E100137,FY 2021-22,3
E100137,FY 2022-23,3
E100137,FY 2023-24,3
E100137,FY 2024-25,1
E100138,FY 2021-22,2
E100138,FY 2022-23,2
E100139,FY 2021-22,3
E100139,FY 2022-23,5
E100139,FY 2023-24,3
E100139,FY 2024-25,3
E100140,FY 2020-21,3
E100140,FY 2021-22,4
E100140,FY 2022-23,4
E100141,FY 2020-21,3
E100141,FY 2021-22,3
E100141,FY 2022-23,3
E100141,FY 2023-24,2
E100141,FY 2024-25,4
E100142,FY 2020-21,4
E100142,FY 2021-22,3
E100143,FY 2021-22,1
E100143,FY 2022-23,3
E100144,FY 2020-21,3
E100144,FY 2021-22,4
E100145,FY 2020-21,3
E100145,FY 2021-22,3
E100145,FY 2022-23,4
E100145,FY 2023-24,3
E100145,FY 2024-25,3
E100146,FY 2020-21,3
E100146,FY 2021-22,2
E100146,FY 2022-23,2
E100147,FY 2020-21,5
E100147,FY 2021-22,5
E100147,FY 2022-23,4
E100147,FY 2023-24,5
E100147,FY 2024-25,5
E100148,FY 2021-22,3
E100148,FY 2022-23,3
E100148,FY 2023-24,3
E100149,FY 2020-21,4
E100149,FY 2021-22,4
E100149,FY 2022-23,3
E100149,FY 2023-24,3
E100149,FY 2024-25,4
E100150,FY 2021-22,3
E100150,FY 2022-23,3
E100150,FY 2023-24,3
E100150,FY 2024-25,3
E100151,FY 2020-21,2
E100151,FY 2021-22,3
E100152,FY 2020-21,3
E100152,FY 2021-22,4
E100152,FY 2022-23,3
E100152,FY 2023-24,3
E100152,FY 2024-25,4
E100153,FY 2020-21,3
E100153,FY 2021-22,3
E100153,FY 2022-23,2
E100154,FY 2020-21,4
E100154,FY 2021-22,4
E100154,FY 2022-23,3
E100154,FY 2023-24,4
E100154,FY 2024-25,4
E100155,FY 2020-21,3
E100155,FY 2021-22,3
E100155,FY 2022-23,2
E100155,FY 2023-24,4
E100155,FY 2024-25,3
E100156,FY 2020-21,3
E100156,FY 2021-22,2
E100156,FY 2022-23,2
E100157,FY 2020-21,3
E100157,FY 2021-22,3
E100157,FY 2022-23,3
E100157,FY 2023-24,3
E100157,FY 2024-25,4
E100158,FY 2020-21,3
E100158,FY 2021-22,3
E100158,FY 2022-23,5
E100158,FY 2023-24,3
E100158,FY 2024-25,3
E100159,FY 2020-21,2
E100159,FY 2021-22,2
E100159,FY 2022-23,3
E100159,FY 2023-24,4
E100159,FY 2024-25,5
E100160,FY 2020-21,1
E100160,FY 2021-22,2
E100160,FY 2022-23,1
E100160,FY 2023-24,3
E100160,FY 2024-25,3
E100161,FY 2021-22,4
E100161,FY 2022-23,3
E100161,FY 2023-24,4
E100161,FY 2024-25,3
E100162,FY 2021-22,4
E100163,FY 2020-21,3
E100163,FY 2021-22,4
E100163,FY 2022-23,5
E100163,FY 2023-24,5
E100163,FY 2024-25,4
E100164,FY 2020-21,2
E100164,FY 2021-22,3
E100165,FY 2020-21,3
E100165,FY 2021-22,3
E100165,FY 2022-23,3
E100165,FY 2023-24,3
E100165,FY 2024-25,4
E100166,FY 2020-21,2
E100166,FY 2021-22,3
E100166,FY 2022-23,2
E100166,FY 2023-24,3
E100167,FY 2020-21,4
E100167,FY 2021-22,4
E100168,FY 2020-21,3
E100168,FY 2021-22,4
E100168,FY 2022-23,4
E100168,FY 2023-24,3
E100168,FY 2024-25,3
E100169,FY 2021-22,1
E100169,FY 2022-23,3
E100169,FY 2023-24,2
E100169,FY 2024-25,2
E100170,FY 2021-22,3
E100170,FY 2022-23,3
E100170,FY 2023-24,4
E100171,FY 2020-21,3
E100171,FY 2021-22,5
E100171,FY 2022-23,5
E100171,FY 2023-24,4
E100172,FY 2020-21,3
E100172,FY 2021-22,4
E100172,FY 2022-23,3
E100173,FY 2021-22,5
E100173,FY 2022-23,3
E100174,FY 2020-21,4
E100174,FY 2021-22,4
E100175,FY 2020-21,3
E100175,FY 2021-22,3
E100176,FY 2021-22,3
E100176,FY 2022-23,5
E100176,FY 2023-24,3
E100176,FY 2024-25,3
E100177,FY 2020-21,2
E100177,FY 2021-22,2
E100177,FY 2022-23,2
E100177,FY 2023-24,1
E100178,FY 2020-21,3
E100178,FY 2021-22,3
E100178,FY 2022-23,3
E100178,FY 2023-24,3
E100178,FY 2024-25,3
E100179,FY 2020-21,2
E100179,FY 2021-22,3
E100179,FY 2022-23,3
E100179,FY 2023-24,2
E100180,FY 2020-21,3
E100180,FY 2021-22,3
E100180,FY 2022-23,4
E100180,FY 2023-24,3
E100180,FY 2024-25,3
E100181,FY 2021-22,3
E100182,FY 2020-21,2
E100182,FY 2021-22,3
E100182,FY 2022-23,3
E100182,FY 2023-24,2
E100183,FY 2020-21,4
E100183,FY 2021-22,3
E100183,FY 2022-23,3
E100183,FY 2023-24,3
E100183,FY 2024-25,2
E100184,FY 2020-21,3
E100184,FY 2021-22,3
E100185,FY 2020-21,3
E100185,FY 2021-22,3
E100185,FY 2022-23,3
E100185,FY 2023-24,2
E100186,FY 2020-21,4
E100186,FY 2021-22,4
E100186,FY 2022-23,4
E100186,FY 2023-24,3
E100186,FY 2024-25,3
E100187,FY 2020-21,4
E100187,FY 2021-22,5
E100187,FY 2022-23,2
E100187,FY 2023-24,3
E100187,FY 2024-25,3
E100188,FY 2021-22,3
E100188,FY 2022-23,3
E100189,FY 2020-21,2
E100189,FY 2021-22,2
E100189,FY 2022-23,2
E100189,FY 2023-24,3
E100189,FY 2024-25,1
E100190,FY 2020-21,2
E100190,FY 2021-22,4
E100190,FY 2022-23,3
E100190,FY 2023-24,4
E100190,FY 2024-25,4
E100191,FY 2021-22,4
E100192,FY 2020-21,3
E100192,FY 2021-22,3
E100192,FY 2022-23,4
E100192,FY 2023-24,3
E100192,FY 2024-25,4
E100193,FY 2020-21,3
E100193,FY 2021-22,3
E100193,FY 2022-23,2
E100194,FY 2020-21,3
E100194,FY 2021-22,3
E100195,FY 2020-21,3
E100195,FY 2021-22,3
E100195,FY 2022-23,3
E100195,FY 2023-24,3
E100195,FY 2024-25,4
E100196,FY 2020-21,2
E100196,FY 2021-22,2
E100196,FY 2022-23,3
E100197,FY 2020-21,1
E100197,FY 2021-22,1
E100198,FY 2020-21,5
E100198,FY 2021-22,3
E100198,FY 2022-23,4
E100198,FY 2023-24,4
E100198,FY 2024-25,3
E100199,FY 2021-22,2
E100199,FY 2022-23,3
E100199,FY 2023-24,3
E100199,FY 2024-25,3
E100200,FY 2020-21,2
E100200,FY 2021-22,2
E100201,FY 2020-21,5
E100201,FY 2021-22,3
E100201,FY 2022-23,4
E100201,FY 2023-24,3
E100201,FY 2024-25,3
E100202,FY 2021-22,4
E100203,FY 2020-21,2
E100203,FY 2021-22,1
E100204,FY 2020-21,2
E100204,FY 2021-22,4
E100204,FY 2022-23,3
E100204,FY 2023-24,3
E100204,FY 2024-25,3
E100205,FY 2020-21,4
E100205,FY 2021-22,5
E100205,FY 2022-23,4
E100205,FY 2023-24,3
E100205,FY 2024-25,4
E100206,FY 2020-21,3
E100206,FY 2021-22,3
E100206,FY 2022-23,3
E100206,FY 2023-24,3
E100206,FY 2024-25,3
E100207,FY 2021-22,2
E100208,FY 2020-21,3
E100208,FY 2021-22,2
E100208,FY 2022-23,3
E100208,FY 2023-24,3
E100208,FY 2024-25,3
E100209,FY 2021-22,3
E100209,FY 2022-23,3
E100209,FY 2023-24,3
E100209,FY 2024-25,3
E100210,FY 2020-21,2
E100210,FY 2021-22,1
E100211,FY 2021-22,1
E100212,FY 2021-22,3
E100212,FY 2022-23,4
E100212,FY 2023-24,3
E100212,FY 2024-25,3
E100213,FY 2020-21,3
E100213,FY 2021-22,2
E100213,FY 2022-23,2
E100213,FY 2023-24,3
E100213,FY 2024-25,2
E100214,FY 2020-21,4
E100214,FY 2021-22,4
E100214,FY 2022-23,4
E100214,FY 2023-24,4
E100214,FY 2024-25,5
E100215,FY 2021-22,3
E100215,FY 2022-23,3
E100215,FY 2023-24,3
E100215,FY 2024-25,2
E100216,FY 2021-22,3
E100217,FY 2021-22,1
E100217,FY 2022-23,3
E100217,FY 2023-24,2
E100217,FY 2024-25,3
E100218,FY 2020-21,3
E100218,FY 2021-22,1
E100219,FY 2020-21,3
E100219,FY 2021-22,4
E100219,FY 2022-23,2
E100219,FY 2023-24,3
E100219,FY 2024-25,2
E100220,FY 2022-23,3
E100220,FY 2023-24,5
E100221,FY 2020-21,5
E100221,FY 2021-22,5
E100221,FY 2022-23,3
E100221,FY 2023-24,5
E100221,FY 2024-25,5
E100222,FY 2021-22,3
E100223,FY 2020-21,3
E100223,FY 2021-22,4
E100223,FY 2022-23,4
E100223,FY 2023-24,3
E100223,FY 2024-25,4
E100224,FY 2020-21,4
E100224,FY 2021-22,3
E100224,FY 2022-23,2
E100224,FY 2023-24,3
E100224,FY 2024-25,3
E100225,FY 2021-22,4
E100225,FY 2022-23,2
E100226,FY 2020-21,3
E100226,FY 2021-22,3
E100226,FY 2022-23,5
E100226,FY 2023-24,3
E100226,FY 2024-25,3
E100227,FY 2020-21,3
E100227,FY 2021-22,3
E100227,FY 2022-23,4
E100227,FY 2023-24,4
E100227,FY 2024-25,3
E100228,FY 2021-22,3
E100228,FY 2022-23,3
E100228,FY 2023-24,3
E100228,FY 2024-25,3
E100229,FY 2021-22,3
E100229,FY 2022-23,4
E100229,FY 2023-24,3
E100229,FY 2024-25,4
E100230,FY 2020-21,3
E100230,FY 2021-22,3
E100230,FY 2022-23,5
E100231,FY 2020-21,3
E100231,FY 2021-22,2
E100231,FY 2022-23,1
E100231,FY 2023-24,1
E100232,FY 2021-22,4
E100233,FY 2020-21,4
E100233,FY 2021-22,3
E100233,FY 2022-23,3
E100234,FY 2020-21,2
E100234,FY 2021-22,3
E100234,FY 2022-23,1
E100235,FY 2020-21,3
E100235,FY 2021-22,2
E100236,FY 2020-21,3
E100236,FY 2021-22,3
E100236,FY 2022-23,2
E100236,FY 2023-24,3
E100237,FY 2021-22,2
E100238,FY 2020-21,4
E100238,FY 2021-22,3
E100238,FY 2022-23,4
E100238,FY 2023-24,3
E100238,FY 2024-25,3
E100239,FY 2020-21,4
E100239,FY 2021-22,3
E100239,FY 2022-23,3
E100239,FY 2023-24,3
E100239,FY 2024-25,3
E100240,FY 2020-21,3
E100240,FY 2021-22,4
E100241,FY 2021-22,2
E100241,FY 2022-23,1
E100241,FY 2023-24,1
E100242,FY 2021-22,3
E100242,FY 2022-23,5
E100242,FY 2023-24,3
E100242,FY 2024-25,3
E100243,FY 2021-22,4
E100243,FY 2022-23,4
E100243,FY 2023-24,5
E100243,FY 2024-25,5
E100244,FY 2021-22,2
E100245,FY 2020-21,4
E100245,FY 2021-22,4
E100246,FY 2021-22,3
E100246,FY 2022-23,3
E100246,FY 2023-24,3
E100246,FY 2024-25,3
E100247,FY 2021-22,3
E100247,FY 2022-23,3
E100248,FY 2020-21,5
E100248,FY 2021-22,3
E100249,FY 2020-21,4
E100249,FY 2021-22,3
E100250,FY 2020-21,3
E100250,FY 2021-22,2
E100250,FY 2022-23,3
E100250,FY 2023-24,2
E100250,FY 2024-25,3
E100251,FY 2020-21,4
E100251,FY 2021-22,4
E100251,FY 2022-23,3
E100251,FY 2023-24,4
E100251,FY 2024-25,4
E100252,FY 2020-21,2
E100252,FY 2021-22,1
E100252,FY 2022-23,1
E100252,FY 2023-24,1
E100252,FY 2024-25,1
E100253,FY 2020-21,5
E100253,FY 2021-22,3
E100253,FY 2022-23,4
E100253,FY 2023-24,3
E100253,FY 2024-25,5
E100254,FY 2021-22,4
E100254,FY 2022-23,5
E100254,FY 2023-24,3
E100254,FY 2024-25,4
E100255,FY 2020-21,1
E100255,FY 2021-22,2
E100255,FY 2022-23,4
E100255,FY 2023-24,3
E100255,FY 2024-25,3
E100256,FY 2020-21,1
E100256,FY 2021-22,2
E100257,FY 2020-21,1
E100257,FY 2021-22,3
E100257,FY 2022-23,2
E100257,FY 2023-24,2
E100258,FY 2020-21,3
E100258,FY 2021-22,3
E100258,FY 2022-23,3
E100258,FY 2023-24,2
E100258,FY 2024-25,4
E100259,FY 2020-21,4
E100259,FY 2021-22,5
E100259,FY 2022-23,3
E100259,FY 2023-24,4
E100259,FY 2024-25,4
E100260,FY 2020-21,3
E100260,FY 2021-22,5
E100260,FY 2022-23,4
E100260,FY 2023-24,4
E100260,FY 2024-25,5
E100261,FY 2020-21,2
E100261,FY 2021-22,4
E100261,FY 2022-23,2
E100262,FY 2020-21,3
E100262,FY 2021-22,2
E100263,FY 2020-21,4
E100263,FY 2021-22,3
E100263,FY 2022-23,4
E100263,FY 2023-24,3
E100263,FY 2024-25,4
E100264,FY 2020-21,3
E100264,FY 2021-22,3
E100264,FY 2022-23,3
E100265,FY 2020-21,2
E100265,FY 2021-22,4
E100265,FY 2022-23,3
E100265,FY 2023-24,4
E100265,FY 2024-25,5
E100266,FY 2020-21,2
E100266,FY 2021-22,4
E100266,FY 2022-23,3
E100266,FY 2023-24,2
E100266,FY 2024-25,3
E100267,FY 2020-21,2
E100267,FY 2021-22,2
E100267,FY 2022-23,2
E100267,FY 2023-24,2
E100267,FY 2024-25,1
E100268,FY 2021-22,3
E100268,FY 2022-23,3
E100269,FY 2020-21,4
E100269,FY 2021-22,3
E100270,FY 2021-22,3
E100271,FY 2020-21,4
E100271,FY 2021-22,4
E100271,FY 2022-23,4
E100271,FY 2023-24,4
E100271,FY 2024-25,4
E100272,FY 2021-22,3
E100272,FY 2022-23,3
E100272,FY 2023-24,4
E100272,FY 2024-25,4
E100273,FY 2020-21,4
E100273,FY 2021-22,5
E100273,FY 2022-23,4
E100274,FY 2020-21,3
E100274,FY 2021-22,3
E100274,FY 2022-23,3
E100274,FY 2023-24,4
E100274,FY 2024-25,3
E100275,FY 2020-21,2
E100275,FY 2021-22,3
E100275,FY 2022-23,4
E100275,FY 2023-24,3
E100276,FY 2020-21,5
E100276,FY 2021-22,3
E100276,FY 2022-23,5
E100276,FY 2023-24,3
E100277,FY 2021-22,5
E100277,FY 2022-23,4
E100277,FY 2023-24,3
E100277,FY 2024-25,4
E100278,FY 2020-21,3
E100278,FY 2021-22,4
E100278,FY 2022-23,3
E100278,FY 2023-24,5
E100278,FY 2024-25,3
E100279,FY 2020-21,3
E100279,FY 2021-22,3
E100279,FY 2022-23,3
E100279,FY 2023-24,4
E100280,FY 2021-22,2
E100280,FY 2022-23,3
E100280,FY 2023-24,1
E100280,FY 2024-25,2
E100281,FY 2020-21,4
E100281,FY 2021-22,4
E100282,FY 2020-21,3
E100282,FY 2021-22,5
E100282,FY 2022-23,5
E100282,FY 2023-24,5
E100282,FY 2024-25,4
E100283,FY 2020-21,3
E100283,FY 2021-22,2
E100284,FY 2020-21,3
E100284,FY 2021-22,4
E100284,FY 2022-23,3
E100285,FY 2021-22,4
E100285,FY 2022-23,4
E100285,FY 2023-24,3
E100285,FY 2024-25,4
E100286,FY 2020-21,3
E100286,FY 2021-22,4
E100286,FY 2022-23,4
E100286,FY 2023-24,4
E100286,FY 2024-25,4
E100287,FY 2020-21,4
E100287,FY 2021-22,5
E100288,FY 2021-22,3
E100288,FY 2022-23,3
E100288,FY 2023-24,3
E100288,FY 2024-25,3
E100289,FY 2020-21,2
E100289,FY 2021-22,2
E100289,FY 2022-23,3
E100289,FY 2023-24,2
E100289,FY 2024-25,3
E100290,FY 2021-22,5
E100290,FY 2022-23,4
E100291,FY 2020-21,3
E100291,FY 2021-22,3
E100292,FY 2020-21,3
E100292,FY 2021-22,2
E100293,FY 2020-21,1
E100293,FY 2021-22,2
E100293,FY 2022-23,2
E100293,FY 2023-24,1
E100293,FY 2024-25,2
E100294,FY 2020-21,3
E100294,FY 2021-22,3
E100294,FY 2022-23,3
E100295,FY 2020-21,3
E100295,FY 2021-22,2
E100295,FY 2022-23,3
E100296,FY 2020-21,5
E100296,FY 2021-22,3
E100296,FY 2022-23,4
E100296,FY 2023-24,4
E100296,FY 2024-25,4
E100297,FY 2021-22,1
E100297,FY 2022-23,2
E100297,FY 2023-24,1
E100297,FY 2024-25,2
E100298,FY 2021-22,4
E100299,FY 2020-21,4
E100299,FY 2021-22,4
E100299,FY 2022-23,5
E100299,FY 2023-24,4
E100300,FY 2020-21,2
E100300,FY 2021-22,2
E100301,FY 2021-22,4
E100301,FY 2022-23,5
E100301,FY 2023-24,3
E100302,FY 2020-21,3
E100302,FY 2021-22,2
E100302,FY 2022-23,3
E100302,FY 2023-24,3
E100303,FY 2020-21,4
E100303,FY 2021-22,4
E100303,FY 2022-23,3
E100303,FY 2023-24,4
E100304,FY 2020-21,5
E100304,FY 2021-22,4
E100304,FY 2022-23,5
E100305,FY 2020-21,3
E100305,FY 2021-22,3
E100306,FY 2021-22,3
E100306,FY 2022-23,3
E100306,FY 2023-24,3
E100306,FY 2024-25,4
E100307,FY 2021-22,5
E100307,FY 2022-23,3
E100307,FY 2023-24,4
E100307,FY 2024-25,4
E100308,FY 2021-22,2
E100308,FY 2022-23,1
E100308,FY 2023-24,2
E100308,FY 2024-25,2
E100309,FY 2021-22,3
E100310,FY 2020-21,4
E100310,FY 2021-22,5
E100310,FY 2022-23,4
E100310,FY 2023-24,3
E100310,FY 2024-25,4
E100311,FY 2021-22,3
E100311,FY 2022-23,3
E100311,FY 2023-24,2
E100311,FY 2024-25,3
E100312,FY 2020-21,5
E100312,FY 2021-22,5
E100312,FY 2022-23,5
E100312,FY 2023-24,3
E100312,FY 2024-25,4
E100313,FY 2021-22,4
E100313,FY 2022-23,4
E100313,FY 2023-24,5
E100314,FY 2020-21,5
E100314,FY 2021-22,3
E100314,FY 2022-23,5
E100314,FY 2023-24,3
E100314,FY 2024-25,4
E100315,FY 2020-21,4
E100315,FY 2021-22,3
E100315,FY 2022-23,4
E100315,FY 2023-24,3
E100315,FY 2024-25,4
E100316,FY 2021-22,2
E100316,FY 2022-23,1
E100316,FY 2023-24,2
E100317,FY 2022-23,3
E100317,FY 2023-24,3
E100317,FY 2024-25,3
E100318,FY 2021-22,2
E100318,FY 2022-23,1
E100318,FY 2023-24,2
E100318,FY 2024-25,1
E100319,FY 2021-22,2
E100319,FY 2022-23,4
E100319,FY 2023-24,3
E100319,FY 2024-25,3
E100320,FY 2020-21,4
E100320,FY 2021-22,4
E100320,FY 2022-23,4
E100321,FY 2020-21,3
E100321,FY 2021-22,3
E100321,FY 2022-23,3
E100321,FY 2023-24,3
E100321,FY 2024-25,3
E100322,FY 2021-22,3
E100322,FY 2022-23,4
E100322,FY 2023-24,3
E100322,FY 2024-25,5
E100323,FY 2021-22,3
E100324,FY 2021-22,3
E100324,FY 2022-23,2
E100324,FY 2023-24,3
E100325,FY 2021-22,4
E100325,FY 2022-23,4
E100325,FY 2023-24,4
E100325,FY 2024-25,3
E100326,FY 2020-21,5
E100326,FY 2021-22,4
E100326,FY 2022-23,5
E100327,FY 2021-22,3
E100328,FY 2021-22,5
E100328,FY 2022-23,5
E100328,FY 2023-24,4
E100328,FY 2024-25,4
E100329,FY 2020-21,3
E100329,FY 2021-22,4
E100329,FY 2022-23,3
E100329,FY 2023-24,3
E100329,FY 2024-25,3
E100330,FY 2021-22,2
E100330,FY 2022-23,3
E100330,FY 2023-24,2
E100330,FY 2024-25,2
E100331,FY 2020-21,3
E100331,FY 2021-22,3
E100331,FY 2022-23,3
E100332,FY 2021-22,2
E100332,FY 2022-23,3
E100333,FY 2021-22,4
E100333,FY 2022-23,3
E100333,FY 2023-24,3
E100333,FY 2024-25,4
E100334,FY 2020-21,4
E100334,FY 2021-22,3
E100334,FY 2022-23,3
E100334,FY 2023-24,3
E100334,FY 2024-25,2
E100335,FY 2021-22,4
E100336,FY 2020-21,1
E100336,FY 2021-22,2
E100337,FY 2020-21,2
E100337,FY 2021-22,2
E100337,FY 2022-23,3
E100338,FY 2020-21,2
E100338,FY 2021-22,1
E100338,FY 2022-23,1
E100339,FY 2020-21,3
E100339,FY 2021-22,3
E100339,FY 2022-23,3
E100340,FY 2020-21,2
E100340,FY 2021-22,3
E100341,FY 2020-21,3
E100341,FY 2021-22,4
E100341,FY 2022-23,4
E100341,FY 2023-24,3
E100341,FY 2024-25,2
E100342,FY 2021-22,3
E100342,FY 2022-23,4
E100342,FY 2023-24,3
E100342,FY 2024-25,4
E100343,FY 2020-21,2
E100343,FY 2021-22,4
E100343,FY 2022-23,2
E100343,FY 2023-24,2
E100343,FY 2024-25,3
E100344,FY 2020-21,3
E100344,FY 2021-22,3
E100344,FY 2022-23,4
E100344,FY 2023-24,5
E100344,FY 2024-25,4
E100345,FY 2020-21,4
E100345,FY 2021-22,3
E100345,FY 2022-23,2
E100345,FY 2023-24,3
E100346,FY 2020-21,3
E100346,FY 2021-22,3
E100346,FY 2022-23,3
E100346,FY 2023-24,3
E100346,FY 2024-25,3
E100347,FY 2020-21,2
E100347,FY 2021-22,2
E100348,FY 2020-21,3
E100348,FY 2021-22,1
E100348,FY 2022-23,3
E100348,FY 2023-24,3
E100348,FY 2024-25,1
E100349,FY 2021-22,3
E100349,FY 2022-23,3
E100349,FY 2023-24,4
E100350,FY 2020-21,3
E100350,FY 2021-22,2
E100351,FY 2020-21,3
E100351,FY 2021-22,1
E100352,FY 2020-21,3
E100352,FY 2021-22,3
E100352,FY 2022-23,3
E100352,FY 2023-24,3
E100352,FY 2024-25,3
E100353,FY 2021-22,3
E100353,FY 2022-23,3
E100353,FY 2023-24,4
E100353,FY 2024-25,3
E100354,FY 2020-21,3
E100354,FY 2021-22,3
E100354,FY 2022-23,3
E100354,FY 2023-24,1
E100355,FY 2020-21,3
E100355,FY 2021-22,4
E100356,FY 2020-21,2
E100356,FY 2021-22,2
E100356,FY 2022-23,2
E100356,FY 2023-24,2
E100356,FY 2024-25,2
E100357,FY 2020-21,3
E100357,FY 2021-22,3
E100357,FY 2022-23,3
E100357,FY 2023-24,3
E100357,FY 2024-25,3
E100358,FY 2020-21,3
E100358,FY 2021-22,4
E100358,FY 2022-23,4
E100358,FY 2023-24,3
E100358,FY 2024-25,4
E100359,FY 2020-21,2
E100359,FY 2021-22,2
E100359,FY 2022-23,2
E100360,FY 2020-21,4
E100360,FY 2021-22,2
E100360,FY 2022-23,2
E100360,FY 2023-24,3
E100361,FY 2020-21,1
E100361,FY 2021-22,2
E100361,FY 2022-23,2
E100362,FY 2021-22,4
E100362,FY 2022-23,5
E100363,FY 2021-22,3
E100363,FY 2022-23,5
E100363,FY 2023-24,4
E100364,FY 2020-21,5
E100364,FY 2021-22,4
E100365,FY 2022-23,4
E100365,FY 2023-24,4
E100365,FY 2024-25,4
E100366,FY 2020-21,3
E100366,FY 2021-22,3
E100366,FY 2022-23,4
E100366,FY 2023-24,3
E100367,FY 2021-22,2
E100368,FY 2020-21,3
E100368,FY 2021-22,3
E100369,FY 2020-21,3
E100369,FY 2021-22,4
E100370,FY 2020-21,5
E100370,FY 2021-22,4
E100370,FY 2022-23,4
E100370,FY 2023-24,4
E100370,FY 2024-25,4
E100371,FY 2020-21,3
E100371,FY 2021-22,4
E100371,FY 2022-23,5
E100371,FY 2023-24,3
E100371,FY 2024-25,4
E100372,FY 2020-21,3
E100372,FY 2021-22,1
E100373,FY 2020-21,3
E100373,FY 2021-22,2
E100373,FY 2022-23,3
E100373,FY 2023-24,3
E100374,FY 2020-21,5
E100374,FY 2021-22,5
E100374,FY 2022-23,4
E100374,FY 2023-24,4
E100375,FY 2021-22,3
E100375,FY 2022-23,4
E100375,FY 2023-24,3
E100375,FY 2024-25,4
E100376,FY 2020-21,4
E100376,FY 2021-22,3
E100376,FY 2022-23,3
E100376,FY 2023-24,3
E100376,FY 2024-25,4
E100377,FY 2021-22,4
E100377,FY 2022-23,5
E100377,FY 2023-24,4
E100377,FY 2024-25,5
E100378,FY 2021-22,3
E100378,FY 2022-23,2
E100378,FY 2023-24,2
E100378,FY 2024-25,3
E100379,FY 2020-21,3
E100379,FY 2021-22,4
E100380,FY 2020-21,3
E100380,FY 2021-22,5
E100380,FY 2022-23,4
E100380,FY 2023-24,3
E100380,FY 2024-25,3
E100381,FY 2020-21,3
E100381,FY 2021-22,3
E100382,FY 2020-21,4
E100382,FY 2021-22,3
E100383,FY 2020-21,3
E100383,FY 2021-22,4
E100383,FY 2022-23,4
E100383,FY 2023-24,3
E100383,FY 2024-25,3
E100384,FY 2020-21,3
E100384,FY 2021-22,3
E100384,FY 2022-23,3
E100384,FY 2023-24,3
E100384,FY 2024-25,4
E100385,FY 2020-21,3
E100385,FY 2021-22,3
E100385,FY 2022-23,4
E100385,FY 2023-24,3
E100385,FY 2024-25,4
E100386,FY 2020-21,4
E100386,FY 2021-22,5
E100386,FY 2022-23,5
E100386,FY 2023-24,4
E100386,FY 2024-25,3
E100387,FY 2020-21,3
E100387,FY 2021-22,3
E100387,FY 2022-23,3
E100387,FY 2023-24,3
E100387,FY 2024-25,2
E100388,FY 2020-21,3
E100388,FY 2021-22,3
E100388,FY 2022-23,5
E100388,FY 2023-24,2
E100389,FY 2020-21,3
E100389,FY 2021-22,4
E100389,FY 2022-23,2
E100389,FY 2023-24,3
E100389,FY 2024-25,3
E100390,FY 2021-22,1
E100390,FY 2022-23,2
E100390,FY 2023-24,3
E100392,FY 2020-21,3
E100392,FY 2021-22,3
E100392,FY 2022-23,3
E100393,FY 2020-21,2
E100393,FY 2021-22,3
E100393,FY 2022-23,3
E100393,FY 2023-24,2
E100394,FY 2020-21,3
E100394,FY 2021-22,3
E100394,FY 2022-23,3
E100394,FY 2023-24,3
E100394,FY 2024-25,3
E100395,FY 2020-21,3
E100395,FY 2021-22,2
E100396,FY 2020-21,3
E100396,FY 2021-22,1
E100396,FY 2022-23,1
E100397,FY 2020-21,3
E100397,FY 2021-22,2
E100398,FY 2020-21,2
E100398,FY 2021-22,2
E100398,FY 2022-23,2
E100398,FY 2023-24,3
E100398,FY 2024-25,1
E100399,FY 2020-21,3
E100399,FY 2021-22,3
E100399,FY 2022-23,4
E100399,FY 2023-24,5
E100399,FY 2024-25,2
E100400,FY 2020-21,2
E100400,FY 2021-22,2
E100400,FY 2022-23,2
E100400,FY 2023-24,2
E100400,FY 2024-25,3
E100401,FY 2021-22,4
E100401,FY 2022-23,4
E100401,FY 2023-24,4
E100401,FY 2024-25,4
E100402,FY 2021-22,3
E100403,FY 2021-22,4
E100403,FY 2022-23,5
E100404,FY 2020-21,4
E100404,FY 2021-22,3
E100404,FY 2022-23,4
E100404,FY 2023-24,3
E100404,FY 2024-25,4
E100405,FY 2021-22,5
E100406,FY 2020-21,1
E100406,FY 2021-22,2
E100406,FY 2022-23,2
E100406,FY 2023-24,2
E100406,FY 2024-25,3
E100407,FY 2020-21,3
E100407,FY 2021-22,3
E100408,FY 2020-21,3
E100408,FY 2021-22,4
E100408,FY 2022-23,4
E100408,FY 2023-24,3
E100408,FY 2024-25,3
E100409,FY 2020-21,3
E100409,FY 2021-22,2
E100409,FY 2022-23,3
E100409,FY 2023-24,3
E100409,FY 2024-25,3
E100410,FY 2020-21,3
E100410,FY 2021-22,4
E100411,FY 2021-22,3
E100412,FY 2020-21,2
E100412,FY 2021-22,1
E100412,FY 2022-23,3
E100412,FY 2023-24,3
E100412,FY 2024-25,1
E100413,FY 2021-22,3
E100413,FY 2022-23,4
E100413,FY 2023-24,3
E100413,FY 2024-25,3
E100414,FY 2020-21,5
E100414,FY 2021-22,3
E100414,FY 2022-23,3
E100414,FY 2023-24,4
E100414,FY 2024-25,3
E100415,FY 2020-21,2
E100415,FY 2021-22,3
E100415,FY 2022-23,1
E100415,FY 2023-24,1
E100415,FY 2024-25,2
E100416,FY 2021-22,3
E100416,FY 2022-23,3
E100416,FY 2023-24,2
E100416,FY 2024-25,2
E100417,FY 2020-21,3
E100417,FY 2021-22,3
E100418,FY 2021-22,5
E100418,FY 2022-23,5
E100418,FY 2023-24,4
E100418,FY 2024-25,5
E100419,FY 2020-21,2
E100419,FY 2021-22,1
E100419,FY 2022-23,1
E100420,FY 2020-21,1
E100420,FY 2021-22,2
E100420,FY 2022-23,2
E100420,FY 2023-24,1
E100421,FY 2021-22,3
E100421,FY 2022-23,2
E100421,FY 2023-24,3
E100421,FY 2024-25,3
E100422,FY 2020-21,3
E100422,FY 2021-22,3
E100423,FY 2021-22,4
E100423,FY 2022-23,3
E100424,FY 2020-21,5
E100424,FY 2021-22,5
E100424,FY 2022-23,3
E100424,FY 2023-24,5
E100424,FY 2024-25,5
E100425,FY 2020-21,3
E100425,FY 2021-22,3
E100425,FY 2022-23,5
E100425,FY 2023-24,3
E100425,FY 2024-25,3
E100426,FY 2020-21,4
E100426,FY 2021-22,3
E100426,FY 2022-23,2
E100426,FY 2023-24,2
E100427,FY 2021-22,3
E100427,FY 2022-23,1
E100427,FY 2023-24,3
E100427,FY 2024-25,3
E100428,FY 2020-21,4
E100428,FY 2021-22,4
E100428,FY 2022-23,5
E100429,FY 2021-22,4
E100429,FY 2022-23,3
E100429,FY 2023-24,3
E100429,FY 2024-25,3
E100430,FY 2020-21,3
E100430,FY 2021-22,3
E100430,FY 2022-23,3
E100430,FY 2023-24,4
E100431,FY 2021-22,3
E100432,FY 2021-22,4
E100432,FY 2022-23,4
E100432,FY 2023-24,4
E100432,FY 2024-25,4
E100433,FY 2020-21,5
E100433,FY 2021-22,3
E100433,FY 2022-23,3
E100434,FY 2020-21,3
E100434,FY 2021-22,3
E100434,FY 2022-23,2
E100435,FY 2020-21,3
E100435,FY 2021-22,3
E100435,FY 2022-23,1
E100435,FY 2023-24,3
E100435,FY 2024-25,2
E100436,FY 2020-21,3
E100436,FY 2021-22,3
E100436,FY 2022-23,4
E100436,FY 2023-24,3
E100436,FY 2024-25,4
E100437,FY 2020-21,3
E100437,FY 2021-22,3
E100437,FY 2022-23,3
E100438,FY 2021-22,4
E100438,FY 2022-23,3
E100439,FY 2021-22,5
E100439,FY 2022-23,4
E100439,FY 2023-24,3
E100440,FY 2020-21,4
E100440,FY 2021-22,3
E100440,FY 2022-23,3
E100440,FY 2023-24,3
E100440,FY 2024-25,3
E100441,FY 2020-21,2
E100441,FY 2021-22,1
E100442,FY 2020-21,5
E100442,FY 2021-22,5
E100442,FY 2022-23,5
E100442,FY 2023-24,5
E100443,FY 2020-21,3
E100443,FY 2021-22,3
E100444,FY 2020-21,4
E100444,FY 2021-22,3
E100444,FY 2022-23,3
E100444,FY 2023-24,3
E100444,FY 2024-25,3
E100445,FY 2020-21,3
E100445,FY 2021-22,3
E100445,FY 2022-23,3
E100445,FY 2023-24,5
E100446,FY 2020-21,3
E100446,FY 2021-22,1
E100446,FY 2022-23,1
E100447,FY 2020-21,3
E100447,FY 2021-22,3
E100447,FY 2022-23,3
E100447,FY 2023-24,4
E100447,FY 2024-25,3
E100448,FY 2020-21,4
E100448,FY 2021-22,4
E100448,FY 2022-23,4
E100448,FY 2023-24,3
E100448,FY 2024-25,4
E100449,FY 2020-21,4
E100449,FY 2021-22,4
E100449,FY 2022-23,5
E100450,FY 2020-21,4
E100450,FY 2021-22,3
E100450,FY 2022-23,3
E100450,FY 2023-24,4
E100450,FY 2024-25,3
E100451,FY 2020-21,3
E100451,FY 2021-22,4
E100451,FY 2022-23,3
E100451,FY 2023-24,3
E100451,FY 2024-25,3
E100452,FY 2020-21,3
E100452,FY 2021-22,2
E100452,FY 2022-23,2
E100453,FY 2020-21,3
E100453,FY 2021-22,3
E100453,FY 2022-23,2
E100453,FY 2023-24,2
E100453,FY 2024-25,3
E100454,FY 2020-21,1
E100454,FY 2021-22,2
E100454,FY 2022-23,2
E100454,FY 2023-24,3
E100454,FY 2024-25,1
E100455,FY 2021-22,5
E100456,FY 2020-21,3
E100456,FY 2021-22,3
E100456,FY 2022-23,3
E100456,FY 2023-24,3
E100456,FY 2024-25,3
E100457,FY 2020-21,5
E100457,FY 2021-22,3
E100457,FY 2022-23,5
E100458,FY 2020-21,3
E100458,FY 2021-22,3
E100458,FY 2022-23,4
E100458,FY 2023-24,2
E100458,FY 2024-25,4
E100459,FY 2022-23,3
E100459,FY 2023-24,3
E100459,FY 2024-25,3
E100460,FY 2020-21,3
E100460,FY 2021-22,2
E100460,FY 2022-23,2
E100461,FY 2020-21,2
E100461,FY 2021-22,3
E100461,FY 2022-23,4
E100461,FY 2023-24,3
E100461,FY 2024-25,3
E100462,FY 2020-21,1
E100462,FY 2021-22,2
E100463,FY 2020-21,4
E100463,FY 2021-22,4
E100463,FY 2022-23,3
E100463,FY 2023-24,5
E100463,FY 2024-25,3
E100464,FY 2020-21,4
E100464,FY 2021-22,3
E100464,FY 2022-23,3
E100464,FY 2023-24,3
E100464,FY 2024-25,3
E100465,FY 2021-22,3
E100466,FY 2020-21,3
E100466,FY 2021-22,4
E100467,FY 2020-21,5
E100467,FY 2021-22,4
E100467,FY 2022-23,5
E100467,FY 2023-24,3
E100469,FY 2021-22,3
E100469,FY 2022-23,3
E100470,FY 2021-22,2
E100470,FY 2022-23,3
E100470,FY 2023-24,3
E100470,FY 2024-25,3
E100471,FY 2020-21,3
E100471,FY 2021-22,3
E100471,FY 2022-23,3
E100471,FY 2023-24,3
E100471,FY 2024-25,2
E100472,FY 2021-22,3
E100473,FY 2020-21,4
E100473,FY 2021-22,5
E100473,FY 2022-23,4
E100473,FY 2023-24,4
E100473,FY 2024-25,5
E100474,FY 2020-21,4
E100474,FY 2021-22,3
E100474,FY 2022-23,4
E100474,FY 2023-24,3
E100474,FY 2024-25,3
E100475,FY 2020-21,3
E100475,FY 2021-22,5
E100475,FY 2022-23,3
E100475,FY 2023-24,3
E100475,FY 2024-25,3
E100476,FY 2020-21,3
E100476,FY 2021-22,3
E100476,FY 2022-23,3
E100476,FY 2023-24,4
E100476,FY 2024-25,4
E100477,FY 2020-21,3
E100477,FY 2021-22,5
E100477,FY 2022-23,4
E100477,FY 2023-24,3
E100477,FY 2024-25,3
E100478,FY 2020-21,3
E100478,FY 2021-22,4
E100478,FY 2022-23,3
E100478,FY 2023-24,3
E100478,FY 2024-25,2
E100479,FY 2020-21,1
E100479,FY 2021-22,1
E100479,FY 2022-23,3
E100480,FY 2020-21,4
E100480,FY 2021-22,4
E100480,FY 2022-23,3
E100480,FY 2023-24,4
E100481,FY 2021-22,5
E100481,FY 2022-23,3
E100481,FY 2023-24,4
E100481,FY 2024-25,4
E100482,FY 2020-21,5
E100482,FY 2021-22,4
E100482,FY 2022-23,3
E100482,FY 2023-24,3
E100483,FY 2021-22,4
E100484,FY 2020-21,3
E100484,FY 2021-22,2
E100484,FY 2022-23,2
E100485,FY 2020-21,3
E100485,FY 2021-22,4
E100485,FY 2022-23,3
E100485,FY 2023-24,3
E100485,FY 2024-25,3
E100486,FY 2020-21,2
E100486,FY 2021-22,3
E100486,FY 2022-23,3
E100486,FY 2023-24,3
E100486,FY 2024-25,3
E100487,FY 2020-21,1
E100487,FY 2021-22,3
E100487,FY 2022-23,1
E100488,FY 2021-22,4
E100488,FY 2022-23,5
E100488,FY 2023-24,3
E100488,FY 2024-25,4
E100489,FY 2020-21,5
E100489,FY 2021-22,4
E100489,FY 2022-23,3
E100490,FY 2020-21,4
E100490,FY 2021-22,3
E100490,FY 2022-23,3
E100490,FY 2023-24,2
E100490,FY 2024-25,4
E100491,FY 2020-21,3
E100491,FY 2021-22,3
E100491,FY 2022-23,3
E100491,FY 2023-24,5
E100491,FY 2024-25,5
E100492,FY 2020-21,3
E100492,FY 2021-22,3
E100492,FY 2022-23,4
E100492,FY 2023-24,4
E100493,FY 2020-21,3
E100493,FY 2021-22,5
E100493,FY 2022-23,4
E100493,FY 2023-24,4
E100493,FY 2024-25,3
E100494,FY 2020-21,5
E100494,FY 2021-22,3
E100494,FY 2022-23,3
E100494,FY 2023-24,3
E100494,FY 2024-25,3
E100496,FY 2020-21,2
E100496,FY 2021-22,4
E100496,FY 2022-23,3
E100496,FY 2023-24,4
E100496,FY 2024-25,3
E100497,FY 2021-22,4
E100497,FY 2022-23,5
E100497,FY 2023-24,5
E100497,FY 2024-25,5
E100498,FY 2020-21,3
E100498,FY 2021-22,1
E100498,FY 2022-23,2
E100499,FY 2020-21,2
E100499,FY 2021-22,3
E100499,FY 2022-23,2
E100499,FY 2023-24,2
E100499,FY 2024-25,3
E100500,FY 2020-21,4
E100500,FY 2021-22,3
E100501,FY 2021-22,3
E100502,FY 2021-22,3
E100502,FY 2022-23,4
E100502,FY 2023-24,3
E100502,FY 2024-25,4
E100503,FY 2020-21,2
E100503,FY 2021-22,3
E100503,FY 2022-23,3
E100503,FY 2023-24,3
E100503,FY 2024-25,3
E100504,FY 2021-22,3
E100504,FY 2022-23,3
E100505,FY 2020-21,3
E100505,FY 2021-22,4
E100505,FY 2022-23,3
E100505,FY 2023-24,3
E100505,FY 2024-25,3
E100506,FY 2020-21,3
E100506,FY 2021-22,3
E100506,FY 2022-23,3
E100506,FY 2023-24,4
E100506,FY 2024-25,2
E100507,FY 2021-22,4
E100507,FY 2022-23,4
E100507,FY 2023-24,3
E100507,FY 2024-25,4
E100508,FY 2020-21,2
E100508,FY 2021-22,2
E100508,FY 2022-23,3
E100508,FY 2023-24,2
E100509,FY 2020-21,4
E100509,FY 2021-22,3
E100509,FY 2022-23,3
E100509,FY 2023-24,3
E100509,FY 2024-25,3
E100510,FY 2021-22,1
E100511,FY 2020-21,2
E100511,FY 2021-22,3
E100511,FY 2022-23,3
E100511,FY 2023-24,3
E100511,FY 2024-25,3
E100512,FY 2021-22,4
E100512,FY 2022-23,5
E100513,FY 2021-22,3
E100514,FY 2021-22,4
E100515,FY 2021-22,2
E100515,FY 2022-23,3
E100515,FY 2023-24,2
E100516,FY 2020-21,4
E100516,FY 2021-22,5
E100516,FY 2022-23,5
E100516,FY 2023-24,4
E100516,FY 2024-25,4
E100517,FY 2020-21,3
E100517,FY 2021-22,3
E100518,FY 2020-21,4
E100518,FY 2021-22,3
E100518,FY 2022-23,4
E100518,FY 2023-24,4
E100518,FY 2024-25,4
E100519,FY 2020-21,4
E100519,FY 2021-22,3
E100519,FY 2022-23,4
E100519,FY 2023-24,4
E100519,FY 2024-25,4
E100520,FY 2020-21,5
E100520,FY 2021-22,5
E100520,FY 2022-23,4
E100520,FY 2023-24,4
E100520,FY 2024-25,4
E100521,FY 2020-21,2
E100521,FY 2021-22,1
E100521,FY 2022-23,3
E100521,FY 2023-24,1
E100521,FY 2024-25,2
E100522,FY 2020-21,4
E100522,FY 2021-22,3
E100522,FY 2022-23,3
E100522,FY 2023-24,3
E100522,FY 2024-25,3
E100523,FY 2021-22,3
E100523,FY 2022-23,1
E100524,FY 2020-21,3
E100524,FY 2021-22,4
E100525,FY 2020-21,4
E100525,FY 2021-22,5
E100525,FY 2022-23,5
E100525,FY 2023-24,4
E100525,FY 2024-25,3
E100526,FY 2020-21,5
E100526,FY 2021-22,3
E100527,FY 2020-21,4
E100527,FY 2021-22,3
E100527,FY 2022-23,4
E100527,FY 2023-24,3
E100527,FY 2024-25,5
E100528,FY 2020-21,3
E100528,FY 2021-22,3
E100528,FY 2022-23,3
E100528,FY 2023-24,4
E100529,FY 2020-21,3
E100529,FY 2021-22,2
E100529,FY 2022-23,2
E100529,FY 2023-24,2
E100529,FY 2024-25,2
E100530,FY 2020-21,3
E100530,FY 2021-22,2
E100530,FY 2022-23,1
E100530,FY 2023-24,3
E100530,FY 2024-25,3
E100531,FY 2020-21,4
E100531,FY 2021-22,3
E100531,FY 2022-23,4
E100532,FY 2020-21,3
E100532,FY 2021-22,5
E100532,FY 2022-23,3
E100532,FY 2023-24,4
E100532,FY 2024-25,3
E100533,FY 2020-21,5
E100533,FY 2021-22,3
E100533,FY 2022-23,3
E100533,FY 2023-24,3
E100533,FY 2024-25,4
E100534,FY 2020-21,4
E100534,FY 2021-22,3
E100534,FY 2022-23,3
E100534,FY 2023-24,3
E100534,FY 2024-25,4
E100535,FY 2021-22,4
E100535,FY 2022-23,4
E100536,FY 2021-22,3
E100536,FY 2022-23,3
E100536,FY 2023-24,2
E100536,FY 2024-25,3
E100537,FY 2020-21,2
E100537,FY 2021-22,3
E100537,FY 2022-23,2
E100538,FY 2020-21,4
E100538,FY 2021-22,3
E100538,FY 2022-23,4
E100538,FY 2023-24,3
E100538,FY 2024-25,3
E100539,FY 2020-21,3
E100539,FY 2021-22,3
E100539,FY 2022-23,3
E100540,FY 2020-21,3
E100540,FY 2021-22,4
E100540,FY 2022-23,4
E100540,FY 2023-24,3
E100541,FY 2020-21,3
E100541,FY 2021-22,3
E100542,FY 2021-22,5
E100542,FY 2022-23,5
E100543,FY 2020-21,4
E100543,FY 2021-22,4
E100544,FY 2020-21,3
E100544,FY 2021-22,3
E100544,FY 2022-23,3
E100544,FY 2023-24,3
E100544,FY 2024-25,3
E100545,FY 2021-22,3
E100545,FY 2022-23,4
E100545,FY 2023-24,4
E100545,FY 2024-25,3
E100546,FY 2020-21,1
E100546,FY 2021-22,2
E100547,FY 2020-21,2
E100547,FY 2021-22,2
E100547,FY 2022-23,3
E100547,FY 2023-24,3
E100548,FY 2020-21,2
E100548,FY 2021-22,3
E100548,FY 2022-23,3
E100549,FY 2021-22,3
E100550,FY 2021-22,3
E100550,FY 2022-23,3
E100551,FY 2020-21,3
E100551,FY 2021-22,5
E100552,FY 2020-21,5
E100552,FY 2021-22,3
E100552,FY 2022-23,4
E100552,FY 2023-24,5
E100552,FY 2024-25,3
E100553,FY 2021-22,3
E100554,FY 2020-21,4
E100554,FY 2021-22,3
E100555,FY 2020-21,2
E100555,FY 2021-22,2
E100556,FY 2020-21,3
E100556,FY 2021-22,3
E100556,FY 2022-23,1
E100557,FY 2022-23,3
E100557,FY 2023-24,3
E100558,FY 2020-21,3
E100558,FY 2021-22,3
E100558,FY 2022-23,3
E100558,FY 2023-24,3
E100558,FY 2024-25,3
E100559,FY 2020-21,2
E100559,FY 2021-22,2
E100559,FY 2022-23,3
E100559,FY 2023-24,2
E100560,FY 2021-22,1
E100560,FY 2022-23,2
E100561,FY 2020-21,3
E100561,FY 2021-22,3
E100561,FY 2022-23,3
E100561,FY 2023-24,3
E100561,FY 2024-25,4
E100562,FY 2020-21,3
E100562,FY 2021-22,3
E100562,FY 2022-23,4
E100563,FY 2020-21,3
E100563,FY 2021-22,3
E100563,FY 2022-23,1
E100563,FY 2023-24,3
E100563,FY 2024-25,3
E100564,FY 2020-21,4
E100564,FY 2021-22,4
E100564,FY 2022-23,5
E100564,FY 2023-24,4
E100564,FY 2024-25,4
E100565,FY 2020-21,2
E100565,FY 2021-22,1
E100565,FY 2022-23,3
E100565,FY 2023-24,2
E100565,FY 2024-25,2
E100566,FY 2020-21,3
E100566,FY 2021-22,3
E100567,FY 2020-21,4
E100567,FY 2021-22,3
E100567,FY 2022-23,4
E100567,FY 2023-24,4
E100567,FY 2024-25,2
E100568,FY 2020-21,3
E100568,FY 2021-22,3
E100568,FY 2022-23,2
E100569,FY 2020-21,4
E100569,FY 2021-22,3
E100570,FY 2020-21,4
E100570,FY 2021-22,3
E100571,FY 2021-22,3
E100571,FY 2022-23,2
E100571,FY 2023-24,2
E100572,FY 2021-22,5
E100572,FY 2022-23,3
E100572,FY 2023-24,3
E100572,FY 2024-25,3
E100573,FY 2021-22,2
E100573,FY 2022-23,3
E100573,FY 2023-24,3
E100574,FY 2020-21,4
E100574,FY 2021-22,3
E100574,FY 2022-23,4
E100574,FY 2023-24,3
E100574,FY 2024-25,3
E100575,FY 2021-22,4
E100575,FY 2022-23,3
E100575,FY 2023-24,3
E100575,FY 2024-25,4
E100576,FY 2020-21,3
E100576,FY 2021-22,3
E100576,FY 2022-23,2
E100576,FY 2023-24,3
E100577,FY 2020-21,3
E100577,FY 2021-22,3
E100577,FY 2022-23,3
E100577,FY 2023-24,3
E100577,FY 2024-25,3
E100578,FY 2020-21,3
E100578,FY 2021-22,3
E100578,FY 2022-23,3
E100578,FY 2023-24,3
E100578,FY 2024-25,3
E100579,FY 2020-21,3
E100579,FY 2021-22,4
E100579,FY 2022-23,3
E100579,FY 2023-24,4
E100579,FY 2024-25,3
E100580,FY 2020-21,3
E100580,FY 2021-22,3
E100580,FY 2022-23,3
E100580,FY 2023-24,3
E100580,FY 2024-25,3
E100581,FY 2020-21,3
E100581,FY 2021-22,4
E100581,FY 2022-23,3
E100581,FY 2023-24,4
E100581,FY 2024-25,3
E100582,FY 2021-22,2
E100583,FY 2020-21,3
E100583,FY 2021-22,3
E100584,FY 2021-22,4
E100584,FY 2022-23,4
E100584,FY 2023-24,5
E100585,FY 2021-22,4
E100585,FY 2022-23,5
E100585,FY 2023-24,3
E100585,FY 2024-25,5
E100586,FY 2020-21,3
E100586,FY 2021-22,2
E100586,FY 2022-23,3
E100586,FY 2023-24,3
E100586,FY 2024-25,3
E100587,FY 2021-22,3
E100587,FY 2022-23,2
E100587,FY 2023-24,3
E100587,FY 2024-25,3
E100588,FY 2020-21,5
E100588,FY 2021-22,4
E100589,FY 2020-21,3
E100589,FY 2021-22,4
E100589,FY 2022-23,5
E100590,FY 2020-21,3
E100590,FY 2021-22,2
E100591,FY 2020-21,3
E100591,FY 2021-22,3
E100591,FY 2022-23,3
E100591,FY 2023-24,3
E100591,FY 2024-25,3
E100592,FY 2020-21,3
E100592,FY 2021-22,3
E100592,FY 2022-23,2
E100592,FY 2023-24,3
E100592,FY 2024-25,3
E100593,FY 2021-22,2
E100593,FY 2022-23,4
E100593,FY 2023-24,3
E100593,FY 2024-25,3
E100594,FY 2021-22,5
E100594,FY 2022-23,3
E100595,FY 2021-22,4
E100595,FY 2022-23,4
E100595,FY 2023-24,3
E100595,FY 2024-25,3
E100596,FY 2020-21,2
E100596,FY 2021-22,2
E100596,FY 2022-23,2
E100596,FY 2023-24,2
E100597,FY 2020-21,2
E100597,FY 2021-22,3
E100598,FY 2020-21,3
E100598,FY 2021-22,3
E100599,FY 2020-21,3
E100599,FY 2021-22,3
E100599,FY 2022-23,3
E100599,FY 2023-24,4
E100599,FY 2024-25,4
E100600,FY 2020-21,4
E100600,FY 2021-22,2
E100600,FY 2022-23,3
E100600,FY 2023-24,2
E100601,FY 2020-21,3
E100601,FY 2021-22,3
E100601,FY 2022-23,4
E100601,FY 2023-24,3
E100601,FY 2024-25,3
E100602,FY 2020-21,4
E100602,FY 2021-22,4
E100602,FY 2022-23,5
E100602,FY 2023-24,3
E100603,FY 2020-21,2
E100603,FY 2021-22,3
E100603,FY 2022-23,3
E100603,FY 2023-24,2
E100603,FY 2024-25,3
E100604,FY 2021-22,3
E100604,FY 2022-23,3
E100604,FY 2023-24,3
E100604,FY 2024-25,3
E100605,FY 2020-21,2
E100605,FY 2021-22,3
E100606,FY 2021-22,3
E100606,FY 2022-23,3
E100606,FY 2023-24,3
E100606,FY 2024-25,3
E100607,FY 2020-21,3
E100607,FY 2021-22,4
E100607,FY 2022-23,3
E100607,FY 2023-24,3
E100607,FY 2024-25,4
E100608,FY 2022-23,5
E100608,FY 2023-24,4
E100608,FY 2024-25,5
E100609,FY 2021-22,3
E100609,FY 2022-23,2
E100609,FY 2023-24,2
E100609,FY 2024-25,3
E100610,FY 2021-22,2
E100610,FY 2022-23,2
E100610,FY 2023-24,3
E100610,FY 2024-25,2
E100611,FY 2020-21,4
E100611,FY 2021-22,5
E100612,FY 2020-21,2
E100612,FY 2021-22,1
E100612,FY 2022-23,3
E100612,FY 2023-24,2
E100613,FY 2021-22,3
E100613,FY 2022-23,3
E100614,FY 2021-22,4
E100615,FY 2021-22,5
E100615,FY 2022-23,4
E100615,FY 2023-24,4
E100615,FY 2024-25,4
E100616,FY 2021-22,3
E100616,FY 2022-23,3
E100617,FY 2021-22,3
E100618,FY 2020-21,3
E100618,FY 2021-22,4
E100619,FY 2020-21,4
E100619,FY 2021-22,3
E100619,FY 2022-23,4
E100619,FY 2023-24,5
E100620,FY 2021-22,2
E100620,FY 2022-23,3
E100621,FY 2020-21,4
E100621,FY 2021-22,5
E100621,FY 2022-23,5
E100621,FY 2023-24,5
E100622,FY 2021-22,3
E100622,FY 2022-23,4
E100622,FY 2023-24,4
E100622,FY 2024-25,5
E100623,FY 2020-21,3
E100623,FY 2021-22,3
E100623,FY 2022-23,3
E100624,FY 2020-21,5
E100624,FY 2021-22,5
E100624,FY 2022-23,5
E100624,FY 2023-24,5
E100624,FY 2024-25,4
E100625,FY 2021-22,5
E100625,FY 2022-23,5
E100625,FY 2023-24,5
E100625,FY 2024-25,5
E100626,FY 2020-21,3
E100626,FY 2021-22,4
E100626,FY 2022-23,4
E100626,FY 2023-24,4
E100626,FY 2024-25,4
E100627,FY 2020-21,3
E100627,FY 2021-22,3
E100627,FY 2022-23,2
E100627,FY 2023-24,3
E100627,FY 2024-25,3
E100628,FY 2020-21,3
E100628,FY 2021-22,4
E100628,FY 2022-23,3
E100628,FY 2023-24,5
E100628,FY 2024-25,3
E100629,FY 2021-22,2
E100629,FY 2022-23,1
E100629,FY 2023-24,3
E100629,FY 2024-25,3
E100630,FY 2020-21,3
E100630,FY 2021-22,3
E100630,FY 2022-23,5
E100630,FY 2023-24,3
E100630,FY 2024-25,4
E100631,FY 2020-21,4
E100631,FY 2021-22,3
E100631,FY 2022-23,3
E100631,FY 2023-24,3
E100631,FY 2024-25,3
E100632,FY 2021-22,4
E100633,FY 2020-21,4
E100633,FY 2021-22,3
E100634,FY 2020-21,3
E100634,FY 2021-22,3
E100635,FY 2020-21,3
E100635,FY 2021-22,4
E100635,FY 2022-23,3
E100635,FY 2023-24,3
E100635,FY 2024-25,4
E100636,FY 2020-21,1
E100636,FY 2021-22,1
E100636,FY 2022-23,2
E100636,FY 2023-24,2
E100636,FY 2024-25,1
E100637,FY 2020-21,3
E100637,FY 2021-22,3
E100637,FY 2022-23,4
E100637,FY 2023-24,2
E100637,FY 2024-25,4
E100638,FY 2020-21,4
E100638,FY 2021-22,3
E100638,FY 2022-23,3
E100639,FY 2020-21,3
E100639,FY 2021-22,3
E100639,FY 2022-23,3
E100640,FY 2020-21,3
E100640,FY 2021-22,4
E100640,FY 2022-23,3
E100640,FY 2023-24,3
E100640,FY 2024-25,3
E100641,FY 2020-21,4
E100641,FY 2021-22,2
E100642,FY 2021-22,4
E100643,FY 2021-22,5
E100644,FY 2021-22,3
E100645,FY 2021-22,4
E100645,FY 2022-23,3
E100645,FY 2023-24,4
E100645,FY 2024-25,3
E100646,FY 2020-21,3
E100646,FY 2021-22,2
E100646,FY 2022-23,3
E100646,FY 2023-24,4
E100646,FY 2024-25,3
E100647,FY 2020-21,4
E100647,FY 2021-22,5
E100648,FY 2020-21,5
E100648,FY 2021-22,4
E100648,FY 2022-23,3
E100648,FY 2023-24,3
E100648,FY 2024-25,4
E100649,FY 2020-21,2
E100649,FY 2021-22,3
E100649,FY 2022-23,3
E100649,FY 2023-24,3
E100650,FY 2020-21,3
E100650,FY 2021-22,1
E100650,FY 2022-23,3
E100650,FY 2023-24,2
E100651,FY 2020-21,3
E100651,FY 2021-22,3
E100651,FY 2022-23,3
E100651,FY 2023-24,4
E100651,FY 2024-25,3
E100652,FY 2020-21,3
E100652,FY 2021-22,1
E100653,FY 2020-21,4
E100653,FY 2021-22,3
E100654,FY 2020-21,3
E100654,FY 2021-22,4
E100654,FY 2022-23,5
E100654,FY 2023-24,3
E100654,FY 2024-25,4
E100655,FY 2020-21,4
E100655,FY 2021-22,4
E100655,FY 2022-23,4
E100655,FY 2023-24,4
E100656,FY 2020-21,3
E100656,FY 2021-22,4
E100656,FY 2022-23,3
E100656,FY 2023-24,3
E100656,FY 2024-25,3
E100657,FY 2022-23,4
E100657,FY 2023-24,3
E100657,FY 2024-25,3
E100658,FY 2020-21,2
E100658,FY 2021-22,3
E100658,FY 2022-23,2
E100658,FY 2023-24,3
E100658,FY 2024-25,4
E100659,FY 2021-22,2
E100659,FY 2022-23,3
E100659,FY 2023-24,2
E100659,FY 2024-25,1
E100660,FY 2020-21,4
E100660,FY 2021-22,4
E100660,FY 2022-23,5
E100660,FY 2023-24,4
E100661,FY 2021-22,4
E100661,FY 2022-23,3
E100662,FY 2020-21,2
E100662,FY 2021-22,1
E100663,FY 2020-21,3
E100663,FY 2021-22,4
E100663,FY 2022-23,3
E100663,FY 2023-24,3
E100663,FY 2024-25,3
E100664,FY 2021-22,4
E100664,FY 2022-23,4
E100665,FY 2020-21,1
E100665,FY 2021-22,2
E100665,FY 2022-23,2
E100665,FY 2023-24,1
E100666,FY 2020-21,4
E100666,FY 2021-22,4
E100666,FY 2022-23,3
E100666,FY 2023-24,3
E100667,FY 2021-22,2
E100668,FY 2021-22,3
E100668,FY 2022-23,2
E100668,FY 2023-24,3
E100668,FY 2024-25,2
E100669,FY 2021-22,2
E100669,FY 2022-23,2
E100670,FY 2021-22,2
E100671,FY 2020-21,1
E100671,FY 2021-22,2
E100671,FY 2022-23,2
E100672,FY 2020-21,4
E100672,FY 2021-22,3
E100672,FY 2022-23,3
E100672,FY 2023-24,4
E100672,FY 2024-25,3
E100673,FY 2020-21,4
E100673,FY 2021-22,5
E100673,FY 2022-23,4
E100673,FY 2023-24,4
E100673,FY 2024-25,5
E100674,FY 2020-21,3
E100674,FY 2021-22,3
E100674,FY 2022-23,3
E100674,FY 2023-24,3
E100674,FY 2024-25,2
E100675,FY 2020-21,3
E100675,FY 2021-22,3
E100675,FY 2022-23,4
E100675,FY 2023-24,3
E100675,FY 2024-25,3
E100676,FY 2020-21,3
E100676,FY 2021-22,3
E100676,FY 2022-23,2
E100677,FY 2020-21,3
E100677,FY 2021-22,3
E100678,FY 2020-21,3
E100678,FY 2021-22,3
E100678,FY 2022-23,3
E100678,FY 2023-24,3
E100678,FY 2024-25,3
E100679,FY 2020-21,4
E100679,FY 2021-22,3
E100679,FY 2022-23,4
E100679,FY 2023-24,4
E100680,FY 2020-21,3
E100680,FY 2021-22,3
E100680,FY 2022-23,3
E100681,FY 2021-22,2
E100681,FY 2022-23,3
E100681,FY 2023-24,3
E100681,FY 2024-25,3
E100682,FY 2020-21,3
E100682,FY 2021-22,3
E100683,FY 2021-22,3
E100683,FY 2022-23,4
E100683,FY 2023-24,4
E100683,FY 2024-25,4
E100684,FY 2022-23,4
E100684,FY 2023-24,3
E100684,FY 2024-25,3
E100685,FY 2020-21,1
E100685,FY 2021-22,1
E100686,FY 2021-22,3
E100686,FY 2022-23,3
E100686,FY 2023-24,3
E100686,FY 2024-25,3
E100687,FY 2021-22,3
E100687,FY 2022-23,3
E100687,FY 2023-24,3
E100687,FY 2024-25,3
E100688,FY 2020-21,3
E100688,FY 2021-22,5
E100688,FY 2022-23,4
E100688,FY 2023-24,4
E100688,FY 2024-25,5
E100689,FY 2020-21,2
E100689,FY 2021-22,1
E100689,FY 2022-23,2
E100689,FY 2023-24,2
E100689,FY 2024-25,3
E100690,FY 2021-22,3
E100691,FY 2021-22,3
E100691,FY 2022-23,3
E100691,FY 2023-24,2
E100691,FY 2024-25,3
E100692,FY 2020-21,3
E100692,FY 2021-22,4
E100692,FY 2022-23,3
E100692,FY 2023-24,3
E100692,FY 2024-25,3
E100693,FY 2021-22,3
E100693,FY 2022-23,3
E100693,FY 2023-24,3
E100693,FY 2024-25,3
E100694,FY 2020-21,3
E100694,FY 2021-22,3
E100694,FY 2022-23,3
E100694,FY 2023-24,2
E100695,FY 2021-22,4
E100695,FY 2022-23,4
E100696,FY 2020-21,3
E100696,FY 2021-22,3
E100697,FY 2021-22,4
E100697,FY 2022-23,4
E100697,FY 2023-24,4
E100697,FY 2024-25,3
E100698,FY 2020-21,3
E100698,FY 2021-22,1
E100698,FY 2022-23,2
E100698,FY 2023-24,3
E100698,FY 2024-25,2
E100699,FY 2021-22,3
E100700,FY 2021-22,3
E100700,FY 2022-23,2
E100700,FY 2023-24,1
E100701,FY 2020-21,3
E100701,FY 2021-22,4
E100702,FY 2020-21,2
E100702,FY 2021-22,3
E100703,FY 2020-21,4
E100703,FY 2021-22,3
E100703,FY 2022-23,5
E100703,FY 2023-24,4
E100703,FY 2024-25,3
E100704,FY 2021-22,3
E100704,FY 2022-23,3
E100704,FY 2023-24,3
E100704,FY 2024-25,5
E100705,FY 2020-21,3
E100705,FY 2021-22,3
E100705,FY 2022-23,2
E100705,FY 2023-24,3
E100705,FY 2024-25,3
E100706,FY 2021-22,3
E100707,FY 2020-21,4
E100707,FY 2021-22,4
E100707,FY 2022-23,4
E100707,FY 2023-24,4
E100707,FY 2024-25,4
E100708,FY 2020-21,2
E100708,FY 2021-22,3
E100709,FY 2020-21,1
E100709,FY 2021-22,1
E100710,FY 2021-22,4
E100710,FY 2022-23,3
E100710,FY 2023-24,4
E100710,FY 2024-25,4
E100711,FY 2022-23,5
E100711,FY 2023-24,5
E100711,FY 2024-25,4
E100712,FY 2020-21,4
E100712,FY 2021-22,3
E100712,FY 2022-23,3
E100712,FY 2023-24,3
E100712,FY 2024-25,3
E100713,FY 2020-21,3
E100713,FY 2021-22,3
E100713,FY 2022-23,3
E100713,FY 2023-24,3
E100713,FY 2024-25,3
E100714,FY 2020-21,3
E100714,FY 2021-22,3
E100715,FY 2020-21,3
E100715,FY 2021-22,3
E100715,FY 2022-23,2
E100715,FY 2023-24,3
E100715,FY 2024-25,3
E100716,FY 2020-21,3
E100716,FY 2021-22,3
E100716,FY 2022-23,3
E100716,FY 2023-24,3
E100716,FY 2024-25,3
E100717,FY 2020-21,3
E100717,FY 2021-22,3
E100717,FY 2022-23,3
E100718,FY 2021-22,2
E100718,FY 2022-23,1
E100718,FY 2023-24,1
E100719,FY 2020-21,3
E100719,FY 2021-22,3
E100719,FY 2022-23,2
E100720,FY 2021-22,3
E100720,FY 2022-23,2
E100720,FY 2023-24,3
E100720,FY 2024-25,3
E100721,FY 2021-22,5
E100721,FY 2022-23,3
E100721,FY 2023-24,3
E100721,FY 2024-25,4
E100722,FY 2021-22,3
E100723,FY 2022-23,4
E100724,FY 2021-22,3
E100724,FY 2022-23,3
E100724,FY 2023-24,3
E100724,FY 2024-25,2
E100725,FY 2020-21,4
E100725,FY 2021-22,4
E100725,FY 2022-23,4
E100725,FY 2023-24,3
E100725,FY 2024-25,3
E100726,FY 2020-21,3
E100726,FY 2021-22,3
E100726,FY 2022-23,2
E100726,FY 2023-24,1
E100727,FY 2021-22,4
E100727,FY 2022-23,3
E100728,FY 2020-21,4
E100728,FY 2021-22,4
E100728,FY 2022-23,3
E100729,FY 2020-21,3
E100729,FY 2021-22,3
E100729,FY 2022-23,3
E100729,FY 2023-24,4
E100729,FY 2024-25,5
E100730,FY 2020-21,4
E100730,FY 2021-22,4
E100730,FY 2022-23,5
E100730,FY 2023-24,5
E100730,FY 2024-25,4
E100731,FY 2020-21,1
E100731,FY 2021-22,3
E100731,FY 2022-23,3
E100731,FY 2023-24,1
E100732,FY 2021-22,4
E100733,FY 2020-21,1
E100733,FY 2021-22,1
E100734,FY 2020-21,3
E100734,FY 2021-22,4
E100734,FY 2022-23,4
E100734,FY 2023-24,5
E100734,FY 2024-25,4
E100735,FY 2020-21,3
E100735,FY 2021-22,1
E100735,FY 2022-23,2
E100735,FY 2023-24,3
E100735,FY 2024-25,2
E100736,FY 2021-22,4
E100737,FY 2020-21,4
E100737,FY 2021-22,3
E100737,FY 2022-23,4
E100737,FY 2023-24,5
E100737,FY 2024-25,3
E100738,FY 2020-21,2
E100738,FY 2021-22,2
E100738,FY 2022-23,2
E100738,FY 2023-24,1
E100739,FY 2020-21,5
E100739,FY 2021-22,4
E100739,FY 2022-23,3
E100739,FY 2023-24,5
E100739,FY 2024-25,3
E100740,FY 2020-21,2
E100740,FY 2021-22,3
E100740,FY 2022-23,3
E100740,FY 2023-24,3
E100740,FY 2024-25,3
E100741,FY 2022-23,2
E100742,FY 2020-21,3
E100742,FY 2021-22,3
E100742,FY 2022-23,3
E100743,FY 2022-23,2
E100743,FY 2023-24,3
E100744,FY 2020-21,3
E100744,FY 2021-22,2
E100744,FY 2022-23,4
E100744,FY 2023-24,3
E100744,FY 2024-25,2
E100745,FY 2020-21,2
E100745,FY 2021-22,3
E100745,FY 2022-23,1
E100745,FY 2023-24,3
E100746,FY 2021-22,3
E100747,FY 2020-21,5
E100747,FY 2021-22,4
E100747,FY 2022-23,4
E100747,FY 2023-24,5
E100747,FY 2024-25,3
E100748,FY 2020-21,1
E100748,FY 2021-22,1
E100748,FY 2022-23,1
E100748,FY 2023-24,2
E100749,FY 2022-23,4
E100749,FY 2023-24,3
E100749,FY 2024-25,3
E100750,FY 2020-21,3
E100750,FY 2021-22,2
E100751,FY 2020-21,4
E100751,FY 2021-22,4
E100752,FY 2020-21,3
E100752,FY 2021-22,3
E100752,FY 2022-23,3
E100752,FY 2023-24,2
E100752,FY 2024-25,3
E100753,FY 2020-21,4
E100753,FY 2021-22,3
E100753,FY 2022-23,3
E100753,FY 2023-24,4
E100753,FY 2024-25,3
E100754,FY 2020-21,3
E100754,FY 2021-22,3
E100754,FY 2022-23,3
E100754,FY 2023-24,3
E100755,FY 2020-21,2
E100755,FY 2021-22,1
E100755,FY 2022-23,2
E100755,FY 2023-24,1
E100756,FY 2020-21,3
E100756,FY 2021-22,1
E100757,FY 2020-21,3
E100757,FY 2021-22,3
E100757,FY 2022-23,2
E100758,FY 2021-22,3
E100758,FY 2022-23,2
E100758,FY 2023-24,3
E100758,FY 2024-25,3
E100759,FY 2020-21,3
E100759,FY 2021-22,3
E100760,FY 2020-21,2
E100760,FY 2021-22,3
E100761,FY 2020-21,4
E100761,FY 2021-22,5
E100761,FY 2022-23,4
E100761,FY 2023-24,5
E100761,FY 2024-25,4
E100762,FY 2020-21,5
E100762,FY 2021-22,4
E100762,FY 2022-23,2
E100762,FY 2023-24,3
E100762,FY 2024-25,4
E100763,FY 2020-21,3
E100763,FY 2021-22,4
E100764,FY 2021-22,2
E100765,FY 2020-21,3
E100765,FY 2021-22,4
E100766,FY 2020-21,3
E100766,FY 2021-22,3
E100766,FY 2022-23,3
E100766,FY 2023-24,3
E100766,FY 2024-25,3
E100767,FY 2020-21,4
E100767,FY 2021-22,3
E100767,FY 2022-23,2
E100767,FY 2023-24,3
E100768,FY 2021-22,2
E100768,FY 2022-23,4
E100768,FY 2023-24,3
E100768,FY 2024-25,3
E100769,FY 2020-21,2
E100769,FY 2021-22,3
E100770,FY 2020-21,3
E100770,FY 2021-22,2
E100770,FY 2022-23,1
E100770,FY 2023-24,1
E100770,FY 2024-25,3
E100771,FY 2020-21,3
E100771,FY 2021-22,4
E100771,FY 2022-23,3
E100771,FY 2023-24,4
E100771,FY 2024-25,3
E100772,FY 2020-21,5
E100772,FY 2021-22,3
E100772,FY 2022-23,5
E100772,FY 2023-24,4
E100772,FY 2024-25,4
E100774,FY 2020-21,4
E100774,FY 2021-22,4
E100774,FY 2022-23,3
E100774,FY 2023-24,5
E100774,FY 2024-25,3
E100775,FY 2021-22,4
E100775,FY 2022-23,3
E100775,FY 2023-24,3
E100775,FY 2024-25,3
E100776,FY 2020-21,3
E100776,FY 2021-22,2
E100776,FY 2022-23,3
E100776,FY 2023-24,4
E100776,FY 2024-25,3
E100777,FY 2020-21,4
E100777,FY 2021-22,4
E100777,FY 2022-23,3
E100777,FY 2023-24,3
E100777,FY 2024-25,4
E100778,FY 2020-21,4
E100778,FY 2021-22,3
E100778,FY 2022-23,3
E100778,FY 2023-24,3
E100778,FY 2024-25,4
E100779,FY 2021-22,3
E100780,FY 2020-21,2
E100780,FY 2021-22,3
E100780,FY 2022-23,2
E100780,FY 2023-24,3
E100780,FY 2024-25,4
E100781,FY 2020-21,3
E100781,FY 2021-22,2
E100781,FY 2022-23,2
E100782,FY 2020-21,5
E100782,FY 2021-22,3
E100782,FY 2022-23,5
E100782,FY 2023-24,4
E100782,FY 2024-25,5
E100783,FY 2021-22,5
E100783,FY 2022-23,5
E100783,FY 2023-24,4
E100783,FY 2024-25,5
E100784,FY 2021-22,3
E100784,FY 2022-23,3
E100784,FY 2023-24,3
E100784,FY 2024-25,3
E100785,FY 2021-22,4
E100785,FY 2022-23,3
E100785,FY 2023-24,4
E100786,FY 2020-21,3
E100786,FY 2021-22,1
E100787,FY 2020-21,3
E100787,FY 2021-22,3
E100787,FY 2022-23,3
E100787,FY 2023-24,4
E100787,FY 2024-25,3
E100788,FY 2021-22,4
E100789,FY 2020-21,2
E100789,FY 2021-22,3
E100790,FY 2020-21,1
E100790,FY 2021-22,1
E100790,FY 2022-23,2
E100790,FY 2023-24,3
E100790,FY 2024-25,2
E100791,FY 2021-22,3
E100791,FY 2022-23,3
E100791,FY 2023-24,4
E100791,FY 2024-25,3
E100792,FY 2021-22,1
E100793,FY 2021-22,4
E100793,FY 2022-23,5
E100794,FY 2020-21,4
E100794,FY 2021-22,5
E100794,FY 2022-23,4
E100794,FY 2023-24,4
E100794,FY 2024-25,4
E100795,FY 2020-21,4
E100795,FY 2021-22,4
E100796,FY 2020-21,2
E100796,FY 2021-22,4
E100796,FY 2022-23,3
E100796,FY 2023-24,4
E100796,FY 2024-25,4
E100797,FY 2020-21,2
E100797,FY 2021-22,3
E100797,FY 2022-23,3
E100797,FY 2023-24,3
E100797,FY 2024-25,3
E100798,FY 2020-21,3
E100798,FY 2021-22,2
E100798,FY 2022-23,3
E100798,FY 2023-24,4
E100798,FY 2024-25,3
E100799,FY 2021-22,4
E100799,FY 2022-23,3
E100800,FY 2020-21,3
E100800,FY 2021-22,3
E100801,FY 2021-22,5
E100801,FY 2022-23,3
E100802,FY 2020-21,2
E100802,FY 2021-22,3
E100802,FY 2022-23,2
E100802,FY 2023-24,4
E100802,FY 2024-25,1
E100803,FY 2020-21,4
E100803,FY 2021-22,3
E100803,FY 2022-23,4
E100803,FY 2023-24,3
E100804,FY 2021-22,2
E100804,FY 2022-23,3
E100804,FY 2023-24,2
E100804,FY 2024-25,3
E100805,FY 2021-22,3
E100805,FY 2022-23,3
E100805,FY 2023-24,2
E100806,FY 2020-21,3
E100806,FY 2021-22,3
E100806,FY 2022-23,3
E100806,FY 2023-24,4
E100806,FY 2024-25,3
E100807,FY 2020-21,4
E100807,FY 2021-22,4
E100807,FY 2022-23,5
E100807,FY 2023-24,4
E100807,FY 2024-25,3
E100808,FY 2021-22,3
E100808,FY 2022-23,2
E100809,FY 2021-22,3
E100810,FY 2020-21,3
E100810,FY 2021-22,3
E100811,FY 2020-21,4
E100811,FY 2021-22,4
E100811,FY 2022-23,4
E100811,FY 2023-24,5
E100811,FY 2024-25,5
E100812,FY 2020-21,4
E100812,FY 2021-22,3
E100812,FY 2022-23,4
E100812,FY 2023-24,5
E100812,FY 2024-25,3
E100813,FY 2022-23,3
E100813,FY 2023-24,2
E100813,FY 2024-25,3
E100814,FY 2020-21,4
E100814,FY 2021-22,3
E100815,FY 2020-21,2
E100815,FY 2021-22,4
E100815,FY 2022-23,3
E100816,FY 2020-21,2
E100816,FY 2021-22,3
E100816,FY 2022-23,3
E100816,FY 2023-24,5
E100816,FY 2024-25,4
E100817,FY 2021-22,3
E100818,FY 2021-22,3
E100819,FY 2020-21,3
E100819,FY 2021-22,4
E100820,FY 2021-22,4
E100820,FY 2022-23,4
E100820,FY 2023-24,4
E100820,FY 2024-25,4
E100821,FY 2021-22,1
E100822,FY 2020-21,3
E100822,FY 2021-22,3
E100823,FY 2020-21,3
E100823,FY 2021-22,4
E100824,FY 2020-21,2
E100824,FY 2021-22,3
E100824,FY 2022-23,2
E100824,FY 2023-24,1
E100824,FY 2024-25,2
E100825,FY 2020-21,4
E100825,FY 2021-22,3
E100825,FY 2022-23,4
E100826,FY 2020-21,2
E100826,FY 2021-22,2
E100826,FY 2022-23,4
E100827,FY 2021-22,3
E100828,FY 2020-21,2
E100828,FY 2021-22,3
E100828,FY 2022-23,2
E100828,FY 2023-24,2
E100829,FY 2020-21,3
E100829,FY 2021-22,1
E100829,FY 2022-23,2
E100829,FY 2023-24,3
E100829,FY 2024-25,2
E100830,FY 2020-21,3
E100830,FY 2021-22,3
E100830,FY 2022-23,3
E100831,FY 2020-21,2
E100831,FY 2021-22,2
E100832,FY 2020-21,3
E100832,FY 2021-22,3
E100833,FY 2021-22,3
E100833,FY 2022-23,5
E100834,FY 2020-21,5
E100834,FY 2021-22,5
E100835,FY 2021-22,3
E100836,FY 2020-21,4
E100836,FY 2021-22,4
E100837,FY 2020-21,3
E100837,FY 2021-22,3
E100837,FY 2022-23,3
E100838,FY 2020-21,4
E100838,FY 2021-22,3
E100839,FY 2021-22,3
E100839,FY 2022-23,4
E100839,FY 2023-24,3
E100839,FY 2024-25,4
E100840,FY 2020-21,5
E100840,FY 2021-22,4
E100840,FY 2022-23,5
E100840,FY 2023-24,5
E100840,FY 2024-25,4
E100841,FY 2020-21,3
E100841,FY 2021-22,3
E100841,FY 2022-23,3
E100841,FY 2023-24,4
E100841,FY 2024-25,4
E100842,FY 2020-21,3
E100842,FY 2021-22,3
E100843,FY 2022-23,4
E100844,FY 2020-21,4
E100844,FY 2021-22,2
E100844,FY 2022-23,3
E100844,FY 2023-24,3
E100844,FY 2024-25,3
E100845,FY 2020-21,3
E100845,FY 2021-22,4
E100845,FY 2022-23,3
E100845,FY 2023-24,4
E100845,FY 2024-25,5
E100846,FY 2021-22,3
E100847,FY 2020-21,4
E100847,FY 2021-22,3
E100848,FY 2020-21,3
E100848,FY 2021-22,2
E100848,FY 2022-23,1
E100848,FY 2023-24,1
E100848,FY 2024-25,3
E100849,FY 2020-21,3
E100849,FY 2021-22,4
E100849,FY 2022-23,3
E100849,FY 2023-24,3
E100849,FY 2024-25,2
E100850,FY 2020-21,2
E100850,FY 2021-22,2
E100851,FY 2021-22,3
E100851,FY 2022-23,3
E100851,FY 2023-24,3
E100851,FY 2024-25,3
E100852,FY 2020-21,2
E100852,FY 2021-22,3
E100852,FY 2022-23,1
E100852,FY 2023-24,3
E100853,FY 2021-22,4
E100854,FY 2021-22,5
E100854,FY 2022-23,4
E100854,FY 2023-24,5
E100854,FY 2024-25,3
E100855,FY 2021-22,3
E100855,FY 2022-23,2
E100855,FY 2023-24,3
E100855,FY 2024-25,2
E100856,FY 2020-21,2
E100856,FY 2021-22,4
E100856,FY 2022-23,5
E100856,FY 2023-24,5
E100857,FY 2020-21,3
E100857,FY 2021-22,4
E100857,FY 2022-23,3
E100857,FY 2023-24,4
E100857,FY 2024-25,3
E100858,FY 2020-21,4
E100858,FY 2021-22,3
E100858,FY 2022-23,4
E100859,FY 2020-21,3
E100859,FY 2021-22,3
E100860,FY 2020-21,4
E100860,FY 2021-22,3
E100860,FY 2022-23,4
E100860,FY 2023-24,3
E100860,FY 2024-25,3
E100861,FY 2020-21,3
E100861,FY 2021-22,2
E100862,FY 2021-22,5
E100862,FY 2022-23,4
E100862,FY 2023-24,4
E100862,FY 2024-25,5
E100863,FY 2020-21,4
E100863,FY 2021-22,4
E100863,FY 2022-23,4
E100863,FY 2023-24,4
E100863,FY 2024-25,5
E100864,FY 2020-21,2
E100864,FY 2021-22,3
E100864,FY 2022-23,3
E100864,FY 2023-24,2
E100864,FY 2024-25,3
E100865,FY 2020-21,3
E100865,FY 2021-22,2
E100865,FY 2022-23,3
E100865,FY 2023-24,3
E100865,FY 2024-25,2
E100866,FY 2020-21,3
E100866,FY 2021-22,4
E100866,FY 2022-23,4
E100866,FY 2023-24,3
E100866,FY 2024-25,3
E100867,FY 2020-21,2
E100867,FY 2021-22,2
E100867,FY 2022-23,2
E100867,FY 2023-24,3
E100867,FY 2024-25,3
E100868,FY 2020-21,3
E100868,FY 2021-22,4
E100868,FY 2022-23,2
E100868,FY 2023-24,3
E100868,FY 2024-25,3
E100869,FY 2020-21,4
E100869,FY 2021-22,3
E100869,FY 2022-23,4
E100870,FY 2020-21,3
E100870,FY 2021-22,4
E100871,FY 2020-21,1
E100871,FY 2021-22,2
E100871,FY 2022-23,2
E100871,FY 2023-24,3
E100871,FY 2024-25,2
E100872,FY 2020-21,5
E100872,FY 2021-22,5
E100873,FY 2020-21,3
E100873,FY 2021-22,3
E100873,FY 2022-23,4
E100873,FY 2023-24,3
E100873,FY 2024-25,3
E100874,FY 2020-21,4
E100874,FY 2021-22,3
E100874,FY 2022-23,3
E100874,FY 2023-24,3
E100874,FY 2024-25,3
E100875,FY 2021-22,3
E100875,FY 2022-23,4
E100875,FY 2023-24,3
E100875,FY 2024-25,3
E100876,FY 2020-21,4
E100876,FY 2021-22,3
E100876,FY 2022-23,4
E100876,FY 2023-24,3
E100876,FY 2024-25,3
E100877,FY 2021-22,5
E100877,FY 2022-23,5
E100877,FY 2023-24,3
E100877,FY 2024-25,5
E100878,FY 2020-21,3
E100878,FY 2021-22,4
E100878,FY 2022-23,3
E100878,FY 2023-24,3
E100878,FY 2024-25,2
E100879,FY 2020-21,3
E100879,FY 2021-22,3
E100879,FY 2022-23,3
E100879,FY 2023-24,2
E100879,FY 2024-25,3
E100880,FY 2021-22,4
E100880,FY 2022-23,3
E100880,FY 2023-24,4
E100880,FY 2024-25,3
E100881,FY 2020-21,4
E100881,FY 2021-22,3
E100881,FY 2022-23,3
E100882,FY 2020-21,3
E100882,FY 2021-22,3
E100882,FY 2022-23,3
E100882,FY 2023-24,3
E100882,FY 2024-25,3
E100883,FY 2020-21,3
E100883,FY 2021-22,3
E100883,FY 2022-23,3
E100883,FY 2023-24,3
E100883,FY 2024-25,2
E100884,FY 2020-21,5
E100884,FY 2021-22,4
E100884,FY 2022-23,3
E100884,FY 2023-24,4
E100884,FY 2024-25,4
E100885,FY 2021-22,3
E100885,FY 2022-23,3
E100885,FY 2023-24,3
E100885,FY 2024-25,3
E100886,FY 2020-21,3
E100886,FY 2021-22,5
E100886,FY 2022-23,3
E100886,FY 2023-24,3
E100886,FY 2024-25,4
E100887,FY 2021-22,3
E100887,FY 2022-23,2
E100887,FY 2023-24,3
E100887,FY 2024-25,3
E100888,FY 2020-21,5
E100888,FY 2021-22,3
E100888,FY 2022-23,3
E100888,FY 2023-24,3
E100888,FY 2024-25,3
E100889,FY 2020-21,3
E100889,FY 2021-22,4
E100889,FY 2022-23,4
E100889,FY 2023-24,5
E100889,FY 2024-25,5
E100890,FY 2020-21,4
E100890,FY 2021-22,4
E100890,FY 2022-23,4
E100890,FY 2023-24,5
E100890,FY 2024-25,5
E100891,FY 2020-21,3
E100891,FY 2021-22,2
E100891,FY 2022-23,2
E100891,FY 2023-24,3
E100892,FY 2020-21,4
E100892,FY 2021-22,4
E100892,FY 2022-23,3
E100892,FY 2023-24,3
E100892,FY 2024-25,5
E100893,FY 2020-21,4
E100893,FY 2021-22,4
E100893,FY 2022-23,3
E100893,FY 2023-24,3
E100893,FY 2024-25,4
E100894,FY 2020-21,2
E100894,FY 2021-22,4
E100894,FY 2022-23,3
E100894,FY 2023-24,4
E100894,FY 2024-25,3
E100895,FY 2021-22,3
E100895,FY 2022-23,4
E100895,FY 2023-24,4
E100895,FY 2024-25,4
E100896,FY 2020-21,3
E100896,FY 2021-22,3
E100896,FY 2022-23,3
E100896,FY 2023-24,2
E100896,FY 2024-25,3
E100897,FY 2020-21,4
E100897,FY 2021-22,5
E100897,FY 2022-23,5
E100897,FY 2023-24,5
E100897,FY 2024-25,5
E100898,FY 2022-23,3
E100898,FY 2023-24,1
E100898,FY 2024-25,4
E100899,FY 2020-21,3
E100899,FY 2021-22,3
E100899,FY 2022-23,4
E100899,FY 2023-24,5
E100899,FY 2024-25,5
E100900,FY 2020-21,3
E100900,FY 2021-22,2
E100901,FY 2021-22,4
E100902,FY 2020-21,3
E100902,FY 2021-22,2
E100902,FY 2022-23,2
E100902,FY 2023-24,3
E100902,FY 2024-25,2
E100903,FY 2020-21,3
E100903,FY 2021-22,5
E100904,FY 2020-21,4
E100904,FY 2021-22,4
E100904,FY 2022-23,4
E100905,FY 2021-22,4
E100905,FY 2022-23,5
E100905,FY 2023-24,4
E100905,FY 2024-25,4
E100906,FY 2021-22,3
E100907,FY 2020-21,3
E100907,FY 2021-22,5
E100907,FY 2022-23,3
E100907,FY 2023-24,3
E100907,FY 2024-25,3
E100908,FY 2020-21,4
E100908,FY 2021-22,3
E100908,FY 2022-23,4
E100908,FY 2023-24,5
E100908,FY 2024-25,4
E100909,FY 2020-21,3
E100909,FY 2021-22,3
E100909,FY 2022-23,2
E100910,FY 2020-21,3
E100910,FY 2021-22,3
E100910,FY 2022-23,3
E100910,FY 2023-24,4
E100910,FY 2024-25,2
E100911,FY 2021-22,3
E100911,FY 2022-23,2
E100911,FY 2023-24,2
E100912,FY 2020-21,2
E100912,FY 2021-22,3
E100913,FY 2020-21,3
E100913,FY 2021-22,3
E100913,FY 2022-23,3
E100913,FY 2023-24,3
E100913,FY 2024-25,4
E100914,FY 2020-21,3
E100914,FY 2021-22,3
E100914,FY 2022-23,3
E100914,FY 2023-24,2
E100915,FY 2020-21,2
E100915,FY 2021-22,1
E100915,FY 2022-23,3
E100915,FY 2023-24,3
E100915,FY 2024-25,1
E100916,FY 2021-22,3
E100916,FY 2022-23,3
E100917,FY 2020-21,4
E100917,FY 2021-22,3
E100917,FY 2022-23,4
E100917,FY 2023-24,4
E100917,FY 2024-25,3
E100918,FY 2020-21,5
E100918,FY 2021-22,5
E100918,FY 2022-23,5
E100919,FY 2021-22,3
E100919,FY 2022-23,3
E100919,FY 2023-24,3
E100920,FY 2020-21,3
E100920,FY 2021-22,3
E100921,FY 2020-21,4
E100921,FY 2021-22,3
E100921,FY 2022-23,3
E100921,FY 2023-24,2
E100921,FY 2024-25,3
E100922,FY 2020-21,4
E100922,FY 2021-22,2
E100923,FY 2020-21,4
E100923,FY 2021-22,3
E100923,FY 2022-23,3
E100923,FY 2023-24,4
E100924,FY 2020-21,3
E100924,FY 2021-22,4
E100925,FY 2020-21,3
E100925,FY 2021-22,3
E100926,FY 2020-21,2
E100926,FY 2021-22,3
E100926,FY 2022-23,4
E100926,FY 2023-24,3
E100927,FY 2020-21,4
E100927,FY 2021-22,3
E100927,FY 2022-23,3
E100928,FY 2021-22,3
E100928,FY 2022-23,3
E100928,FY 2023-24,3
E100928,FY 2024-25,4
E100929,FY 2022-23,4
E100929,FY 2023-24,4
E100930,FY 2021-22,2
E100930,FY 2022-23,2
E100930,FY 2023-24,3
E100931,FY 2020-21,3
E100931,FY 2021-22,1
E100931,FY 2022-23,4
E100931,FY 2023-24,3
E100932,FY 2020-21,4
E100932,FY 2021-22,5
E100932,FY 2022-23,3
E100933,FY 2021-22,3
E100934,FY 2021-22,3
E100934,FY 2022-23,5
E100934,FY 2023-24,3
E100934,FY 2024-25,4
E100935,FY 2021-22,3
E100936,FY 2020-21,4
E100936,FY 2021-22,4
E100936,FY 2022-23,3
E100937,FY 2020-21,4
E100937,FY 2021-22,3
E100938,FY 2020-21,4
E100938,FY 2021-22,3
E100939,FY 2020-21,1
E100939,FY 2021-22,2
E100940,FY 2020-21,3
E100940,FY 2021-22,3
E100940,FY 2022-23,3
E100940,FY 2023-24,3
E100940,FY 2024-25,3
E100941,FY 2020-21,5
E100941,FY 2021-22,4
E100942,FY 2021-22,3
E100942,FY 2022-23,3
E100942,FY 2023-24,3
E100942,FY 2024-25,4
E100943,FY 2020-21,4
E100943,FY 2021-22,4
E100943,FY 2022-23,3
E100943,FY 2023-24,4
E100943,FY 2024-25,4
E100944,FY 2020-21,3
E100944,FY 2021-22,2
E100944,FY 2022-23,3
E100944,FY 2023-24,1
E100944,FY 2024-25,3
E100945,FY 2020-21,3
E100945,FY 2021-22,3
E100945,FY 2022-23,3
E100945,FY 2023-24,4
E100945,FY 2024-25,4
E100946,FY 2021-22,3
E100946,FY 2022-23,3
E100946,FY 2023-24,3
E100946,FY 2024-25,2
E100947,FY 2021-22,2
E100947,FY 2022-23,3
E100947,FY 2023-24,2
E100947,FY 2024-25,3
E100948,FY 2020-21,2
E100948,FY 2021-22,2
E100949,FY 2021-22,3
E100950,FY 2020-21,2
E100950,FY 2021-22,3
E100950,FY 2022-23,3
E100950,FY 2023-24,1
E100951,FY 2020-21,3
E100951,FY 2021-22,3
E100952,FY 2020-21,2
E100952,FY 2021-22,3
E100952,FY 2022-23,3
E100952,FY 2023-24,2
E100952,FY 2024-25,3
E100953,FY 2021-22,4
E100954,FY 2020-21,2
E100954,FY 2021-22,2
E100954,FY 2022-23,3
E100954,FY 2023-24,2
E100954,FY 2024-25,2
E100955,FY 2020-21,2
E100955,FY 2021-22,3
E100955,FY 2022-23,2
E100955,FY 2023-24,3
E100955,FY 2024-25,3
E100956,FY 2021-22,3
E100957,FY 2020-21,3
E100957,FY 2021-22,4
E100957,FY 2022-23,3
E100957,FY 2023-24,4
E100957,FY 2024-25,4
E100958,FY 2020-21,3
E100958,FY 2021-22,3
E100958,FY 2022-23,3
E100958,FY 2023-24,3
E100958,FY 2024-25,3
E100959,FY 2020-21,4
E100959,FY 2021-22,3
E100959,FY 2022-23,4
E100959,FY 2023-24,2
E100959,FY 2024-25,3
E100960,FY 2020-21,3
E100960,FY 2021-22,4
E100961,FY 2020-21,2
E100961,FY 2021-22,2
E100962,FY 2020-21,3
E100962,FY 2021-22,3
E100962,FY 2022-23,3
E100962,FY 2023-24,4
E100962,FY 2024-25,3
E100963,FY 2021-22,3
E100963,FY 2022-23,4
E100964,FY 2020-21,3
E100964,FY 2021-22,3
E100965,FY 2020-21,5
E100965,FY 2021-22,4
E100965,FY 2022-23,3
E100965,FY 2023-24,4
E100965,FY 2024-25,5
E100966,FY 2020-21,3
E100966,FY 2021-22,3
E100966,FY 2022-23,3
E100966,FY 2023-24,3
E100966,FY 2024-25,2
E100967,FY 2021-22,3
E100967,FY 2022-23,2
E100967,FY 2023-24,4
E100967,FY 2024-25,3
E100968,FY 2020-21,2
E100968,FY 2021-22,2
E100969,FY 2021-22,4
E100969,FY 2022-23,3
E100969,FY 2023-24,3
E100969,FY 2024-25,2
E100970,FY 2020-21,3
E100970,FY 2021-22,3
E100970,FY 2022-23,3
E100970,FY 2023-24,3
E100970,FY 2024-25,3
E100971,FY 2021-22,2
E100971,FY 2022-23,3
E100971,FY 2023-24,3
E100971,FY 2024-25,2
E100972,FY 2021-22,2
E100972,FY 2022-23,2
E100973,FY 2020-21,3
E100973,FY 2021-22,3
E100974,FY 2020-21,3
E100974,FY 2021-22,3
E100974,FY 2022-23,3
E100974,FY 2023-24,2
E100974,FY 2024-25,3
E100975,FY 2020-21,3
E100975,FY 2021-22,4
E100975,FY 2022-23,3
E100975,FY 2023-24,3
E100975,FY 2024-25,3
E100976,FY 2021-22,4
E100976,FY 2022-23,5
E100976,FY 2023-24,4
E100976,FY 2024-25,5
E100977,FY 2021-22,3
E100977,FY 2022-23,3
E100977,FY 2023-24,2
E100977,FY 2024-25,2
E100978,FY 2021-22,4
E100978,FY 2022-23,3
E100979,FY 2020-21,3
E100979,FY 2021-22,2
E100980,FY 2021-22,3
E100980,FY 2022-23,3
E100981,FY 2021-22,3
E100981,FY 2022-23,2
E100981,FY 2023-24,3
E100982,FY 2020-21,3
E100982,FY 2021-22,2
E100983,FY 2020-21,5
E100983,FY 2021-22,5
E100983,FY 2022-23,5
E100983,FY 2023-24,4
E100983,FY 2024-25,4
E100984,FY 2021-22,4
E100984,FY 2022-23,4
E100984,FY 2023-24,4
E100984,FY 2024-25,5
E100985,FY 2020-21,3
E100985,FY 2021-22,2
E100986,FY 2020-21,3
E100986,FY 2021-22,3
E100987,FY 2020-21,4
E100987,FY 2021-22,3
E100987,FY 2022-23,4
E100987,FY 2023-24,5
E100987,FY 2024-25,4
E100988,FY 2020-21,3
E100988,FY 2021-22,4
E100989,FY 2020-21,4
E100989,FY 2021-22,4
E100989,FY 2022-23,3
E100989,FY 2023-24,4
E100989,FY 2024-25,5
E100990,FY 2020-21,4
E100990,FY 2021-22,3
E100990,FY 2022-23,3
E100991,FY 2020-21,3
E100991,FY 2021-22,4
E100991,FY 2022-23,2
E100991,FY 2023-24,5
E100991,FY 2024-25,3
E100992,FY 2020-21,3
E100992,FY 2021-22,3
E100992,FY 2022-23,2
E100993,FY 2020-21,3
E100993,FY 2021-22,3
E100993,FY 2022-23,4
E100993,FY 2023-24,3
E100993,FY 2024-25,4
E100994,FY 2020-21,3
E100994,FY 2021-22,2
E100995,FY 2021-22,2
E100995,FY 2022-23,3
E100995,FY 2023-24,3
E100995,FY 2024-25,3
E100996,FY 2021-22,5
E100996,FY 2022-23,2
E100996,FY 2023-24,3
E100997,FY 2020-21,3
E100997,FY 2021-22,2
E100997,FY 2022-23,3
E100998,FY 2020-21,3
E100998,FY 2021-22,4
E100998,FY 2022-23,3
E100998,FY 2023-24,4
E100998,FY 2024-25,3
E100999,FY 2020-21,2
E100999,FY 2021-22,3
E101000,FY 2020-21,3
E101000,FY 2021-22,4
E101001,FY 2020-21,5
E101001,FY 2021-22,3
E101001,FY 2022-23,4
E101002,FY 2020-21,3
E101002,FY 2021-22,4
E101002,FY 2022-23,3
E101002,FY 2023-24,4
E101003,FY 2020-21,3
E101003,FY 2021-22,5
E101003,FY 2022-23,3
E101003,FY 2023-24,4
E101003,FY 2024-25,4
E101004,FY 2021-22,3
E101004,FY 2022-23,3
E101004,FY 2023-24,2
E101004,FY 2024-25,1
E101005,FY 2021-22,4
E101005,FY 2022-23,5
E101005,FY 2023-24,5
E101005,FY 2024-25,4
E101006,FY 2020-21,4
E101006,FY 2021-22,3
E101006,FY 2022-23,3
E101006,FY 2023-24,3
E101006,FY 2024-25,3
E101007,FY 2020-21,3
E101007,FY 2021-22,3
E101007,FY 2022-23,4
E101008,FY 2020-21,2
E101008,FY 2021-22,3
E101008,FY 2022-23,1
E101008,FY 2023-24,2
E101008,FY 2024-25,3
E101009,FY 2020-21,3
E101009,FY 2021-22,4
E101009,FY 2022-23,3
E101009,FY 2023-24,3
E101009,FY 2024-25,4
E101010,FY 2020-21,2
E101010,FY 2021-22,3
E101010,FY 2022-23,3
E101010,FY 2023-24,3
E101010,FY 2024-25,3
E101011,FY 2020-21,4
E101011,FY 2021-22,4
E101011,FY 2022-23,4
E101011,FY 2023-24,3
E101011,FY 2024-25,5
E101012,FY 2020-21,1
E101012,FY 2021-22,3
E101012,FY 2022-23,2
E101012,FY 2023-24,4
E101012,FY 2024-25,3
E101013,FY 2020-21,4
E101013,FY 2021-22,4
E101013,FY 2022-23,3
E101013,FY 2023-24,3
E101013,FY 2024-25,4
E101014,FY 2020-21,3
E101014,FY 2021-22,3
E101014,FY 2022-23,3
E101014,FY 2023-24,3
E101014,FY 2024-25,3
E101015,FY 2020-21,4
E101015,FY 2021-22,4
E101015,FY 2022-23,4
E101015,FY 2023-24,4
E101015,FY 2024-25,3
E101016,FY 2020-21,3
E101016,FY 2021-22,2
E101017,FY 2021-22,3
E101017,FY 2022-23,4
E101017,FY 2023-24,4
E101017,FY 2024-25,3
E101018,FY 2021-22,3
E101019,FY 2020-21,3
E101019,FY 2021-22,3
E101020,FY 2020-21,3
E101020,FY 2021-22,3
E101021,FY 2020-21,4
E101021,FY 2021-22,4
E101021,FY 2022-23,3
E101021,FY 2023-24,4
E101022,FY 2021-22,1
E101023,FY 2020-21,3
E101023,FY 2021-22,3
E101023,FY 2022-23,3
E101023,FY 2023-24,3
E101023,FY 2024-25,3
E101024,FY 2020-21,4
E101024,FY 2021-22,3
E101024,FY 2022-23,3
E101024,FY 2023-24,5
E101024,FY 2024-25,3
E101025,FY 2020-21,3
E101025,FY 2021-22,4
E101025,FY 2022-23,3
E101025,FY 2023-24,2
E101025,FY 2024-25,3
E101026,FY 2021-22,2
E101027,FY 2020-21,3
E101027,FY 2021-22,3
E101027,FY 2022-23,3
E101027,FY 2023-24,4
E101027,FY 2024-25,3
E101028,FY 2020-21,2
E101028,FY 2021-22,4
E101028,FY 2022-23,3
E101028,FY 2023-24,3
E101028,FY 2024-25,3
E101029,FY 2020-21,4
E101029,FY 2021-22,3
E101029,FY 2022-23,5
E101030,FY 2020-21,3
E101030,FY 2021-22,2
E101030,FY 2022-23,3
E101030,FY 2023-24,2
E101030,FY 2024-25,2
E101031,FY 2020-21,2
E101031,FY 2021-22,2
E101031,FY 2022-23,2
E101031,FY 2023-24,2
E101032,FY 2021-22,3
E101033,FY 2020-21,3
E101033,FY 2021-22,3
E101033,FY 2022-23,2
E101034,FY 2021-22,4
E101034,FY 2022-23,5
E101035,FY 2020-21,1
E101035,FY 2021-22,3
E101035,FY 2022-23,2
E101035,FY 2023-24,2
E101035,FY 2024-25,4
E101036,FY 2020-21,3
E101036,FY 2021-22,3
E101036,FY 2022-23,3
E101036,FY 2023-24,3
E101036,FY 2024-25,2
E101037,FY 2022-23,5
E101037,FY 2023-24,4
E101037,FY 2024-25,3
E101038,FY 2020-21,3
E101038,FY 2021-22,3
E101038,FY 2022-23,3
E101038,FY 2023-24,2
E101038,FY 2024-25,3
E101040,FY 2020-21,3
E101040,FY 2021-22,3
E101040,FY 2022-23,3
E101040,FY 2023-24,2
E101040,FY 2024-25,3
E101041,FY 2020-21,5
E101041,FY 2021-22,5
E101041,FY 2022-23,4
E101041,FY 2023-24,3
E101041,FY 2024-25,3
E101042,FY 2020-21,3
E101042,FY 2021-22,3
E101043,FY 2020-21,3
E101043,FY 2021-22,2
E101044,FY 2020-21,1
E101044,FY 2021-22,2
E101044,FY 2022-23,3
E101045,FY 2020-21,4
E101045,FY 2021-22,5
E101045,FY 2022-23,4
E101045,FY 2023-24,5
E101045,FY 2024-25,5
E101046,FY 2020-21,3
E101046,FY 2021-22,3
E101046,FY 2022-23,3
E101046,FY 2023-24,4
E101046,FY 2024-25,3
E101047,FY 2021-22,1
E101048,FY 2020-21,4
E101048,FY 2021-22,4
E101048,FY 2022-23,3
E101048,FY 2023-24,4
E101048,FY 2024-25,5
E101049,FY 2020-21,5
E101049,FY 2021-22,3
E101049,FY 2022-23,3
E101049,FY 2023-24,3
E101049,FY 2024-25,3
E101050,FY 2020-21,3
E101050,FY 2021-22,3
E101050,FY 2022-23,5
E101050,FY 2023-24,3
E101050,FY 2024-25,3
E101051,FY 2020-21,5
E101051,FY 2021-22,5
E101051,FY 2022-23,5
E101051,FY 2023-24,3
E101051,FY 2024-25,3
E101052,FY 2020-21,4
E101052,FY 2021-22,2
E101052,FY 2022-23,3
E101052,FY 2023-24,3
E101052,FY 2024-25,3
E101053,FY 2020-21,3
E101053,FY 2021-22,3
E101053,FY 2022-23,3
E101053,FY 2023-24,4
E101054,FY 2020-21,4
E101054,FY 2021-22,3
E101055,FY 2020-21,5
E101055,FY 2021-22,5
E101056,FY 2020-21,3
E101056,FY 2021-22,4
E101057,FY 2021-22,3
E101057,FY 2022-23,3
E101057,FY 2023-24,2
E101058,FY 2020-21,3
E101058,FY 2021-22,4
E101058,FY 2022-23,3
E101059,FY 2020-21,3
E101059,FY 2021-22,4
E101059,FY 2022-23,3
E101059,FY 2023-24,4
E101059,FY 2024-25,4
E101060,FY 2020-21,3
E101060,FY 2021-22,3
E101061,FY 2020-21,3
E101061,FY 2021-22,5
E101062,FY 2020-21,3
E101062,FY 2021-22,3
E101062,FY 2022-23,3
E101063,FY 2020-21,3
E101063,FY 2021-22,3
E101063,FY 2022-23,4
E101063,FY 2023-24,3
E101063,FY 2024-25,3
E101064,FY 2020-21,3
E101064,FY 2021-22,3
E101064,FY 2022-23,3
E101065,FY 2021-22,3
E101065,FY 2022-23,3
E101065,FY 2023-24,2
E101065,FY 2024-25,2
E101066,FY 2020-21,4
E101066,FY 2021-22,3
E101066,FY 2022-23,3
E101067,FY 2021-22,2
E101067,FY 2022-23,1
E101067,FY 2023-24,1
E101067,FY 2024-25,1
E101068,FY 2020-21,3
E101068,FY 2021-22,3
E101068,FY 2022-23,3
E101068,FY 2023-24,2
E101068,FY 2024-25,3
E101069,FY 2020-21,1
E101069,FY 2021-22,3
E101069,FY 2022-23,2
E101069,FY 2023-24,2
E101069,FY 2024-25,2
E101070,FY 2020-21,3
E101070,FY 2021-22,2
E101070,FY 2022-23,2
E101070,FY 2023-24,2
E101070,FY 2024-25,2
E101071,FY 2021-22,3
E101072,FY 2020-21,3
E101072,FY 2021-22,3
E101072,FY 2022-23,4
E101072,FY 2023-24,3
E101072,FY 2024-25,2
E101073,FY 2022-23,3
E101073,FY 2023-24,4
E101073,FY 2024-25,2
E101074,FY 2020-21,5
E101074,FY 2021-22,4
E101074,FY 2022-23,3
E101074,FY 2023-24,5
E101074,FY 2024-25,3
E101075,FY 2021-22,3
E101075,FY 2022-23,3
E101075,FY 2023-24,4
E101075,FY 2024-25,3
E101076,FY 2021-22,1
E101076,FY 2022-23,3
E101076,FY 2023-24,3
E101077,FY 2020-21,2
E101077,FY 2021-22,3
E101077,FY 2022-23,3
E101077,FY 2023-24,1
E101078,FY 2020-21,3
E101078,FY 2021-22,3
E101078,FY 2022-23,2
E101078,FY 2023-24,2
E101079,FY 2021-22,3
E101079,FY 2022-23,2
E101080,FY 2021-22,4
E101081,FY 2020-21,3
E101081,FY 2021-22,3
E101082,FY 2021-22,4
E101083,FY 2020-21,3
E101083,FY 2021-22,4
E101084,FY 2020-21,4
E101084,FY 2021-22,3
E101084,FY 2022-23,5
E101084,FY 2023-24,4
E101084,FY 2024-25,2
E101085,FY 2021-22,4
E101085,FY 2022-23,3
E101085,FY 2023-24,3
E101085,FY 2024-25,3
E101086,FY 2020-21,3
E101086,FY 2021-22,4
E101086,FY 2022-23,5
E101086,FY 2023-24,5
E101086,FY 2024-25,3
E101087,FY 2020-21,4
E101087,FY 2021-22,4
E101088,FY 2020-21,3
E101088,FY 2021-22,3
E101088,FY 2022-23,2
E101088,FY 2023-24,2
E101088,FY 2024-25,3
E101089,FY 2020-21,3
E101089,FY 2021-22,3
E101089,FY 2022-23,4
E101089,FY 2023-24,4
E101089,FY 2024-25,3
E101090,FY 2020-21,2
E101090,FY 2021-22,2
E101090,FY 2022-23,2
E101090,FY 2023-24,3
E101090,FY 2024-25,3
E101091,FY 2020-21,3
E101091,FY 2021-22,2
E101092,FY 2020-21,2
E101092,FY 2021-22,4
E101092,FY 2022-23,3
E101092,FY 2023-24,3
E101092,FY 2024-25,3
E101093,FY 2020-21,3
E101093,FY 2021-22,2
E101094,FY 2021-22,3
E101094,FY 2022-23,4
E101094,FY 2023-24,2
E101095,FY 2020-21,3
E101095,FY 2021-22,3
E101095,FY 2022-23,3
E101095,FY 2023-24,4
E101095,FY 2024-25,4
E101096,FY 2020-21,5
E101096,FY 2021-22,4
E101097,FY 2021-22,3
E101097,FY 2022-23,2
E101097,FY 2023-24,3
E101097,FY 2024-25,1
E101098,FY 2020-21,3
E101098,FY 2021-22,5
E101098,FY 2022-23,3
E101098,FY 2023-24,4
E101098,FY 2024-25,4
E101099,FY 2020-21,4
E101099,FY 2021-22,3
E101100,FY 2021-22,4
E101100,FY 2022-23,4
E101100,FY 2023-24,4
E101100,FY 2024-25,5
E101101,FY 2021-22,3
E101101,FY 2022-23,4
E101101,FY 2023-24,3
E101101,FY 2024-25,3
E101102,FY 2020-21,5
E101102,FY 2021-22,5
E101102,FY 2022-23,5
E101102,FY 2023-24,3
E101102,FY 2024-25,4
E101103,FY 2020-21,2
E101103,FY 2021-22,2
E101103,FY 2022-23,3
E101104,FY 2020-21,3
E101104,FY 2021-22,1
E101105,FY 2020-21,3
E101105,FY 2021-22,2
E101105,FY 2022-23,2
E101105,FY 2023-24,3
E101105,FY 2024-25,1
E101106,FY 2021-22,3
E101106,FY 2022-23,4
E101107,FY 2020-21,4
E101107,FY 2021-22,4
E101108,FY 2020-21,2
E101108,FY 2021-22,2
E101108,FY 2022-23,2
E101108,FY 2023-24,3
E101108,FY 2024-25,1
E101109,FY 2020-21,4
E101109,FY 2021-22,5
E101109,FY 2022-23,5
E101109,FY 2023-24,5
E101109,FY 2024-25,4
E101110,FY 2020-21,4
E101110,FY 2021-22,3
E101110,FY 2022-23,3
E101110,FY 2023-24,3
E101110,FY 2024-25,3
E101111,FY 2020-21,4
E101111,FY 2021-22,3
E101111,FY 2022-23,3
E101111,FY 2023-24,3
E101111,FY 2024-25,3
E101112,FY 2020-21,3
E101112,FY 2021-22,3
E101112,FY 2022-23,3
E101112,FY 2023-24,3
E101113,FY 2021-22,5
E101113,FY 2022-23,3
E101113,FY 2023-24,4
E101113,FY 2024-25,3
E101114,FY 2020-21,4
E101114,FY 2021-22,5
E101114,FY 2022-23,4
E101115,FY 2021-22,3
E101115,FY 2022-23,2
E101116,FY 2021-22,3
E101116,FY 2022-23,3
E101116,FY 2023-24,3
E101116,FY 2024-25,4
E101117,FY 2020-21,3
E101117,FY 2021-22,3
E101117,FY 2022-23,3
E101117,FY 2023-24,4
E101118,FY 2020-21,3
E101118,FY 2021-22,3
E101118,FY 2022-23,3
E101118,FY 2023-24,3
E101118,FY 2024-25,5
E101119,FY 2020-21,3
E101119,FY 2021-22,3
E101119,FY 2022-23,3
E101119,FY 2023-24,3
E101119,FY 2024-25,3
E101120,FY 2020-21,3
E101120,FY 2021-22,4
E101120,FY 2022-23,4
E101120,FY 2023-24,4
E101120,FY 2024-25,4
E101121,FY 2020-21,3
E101121,FY 2021-22,3
E101121,FY 2022-23,4
E101121,FY 2023-24,3
E101121,FY 2024-25,4
E101122,FY 2020-21,3
E101122,FY 2021-22,4
E101123,FY 2021-22,3
E101123,FY 2022-23,3
E101124,FY 2021-22,3
E101124,FY 2022-23,2
E101124,FY 2023-24,3
E101124,FY 2024-25,3
E101125,FY 2020-21,3
E101125,FY 2021-22,3
E101125,FY 2022-23,3
E101125,FY 2023-24,2
E101125,FY 2024-25,4
E101126,FY 2021-22,3
E101127,FY 2021-22,4
E101128,FY 2020-21,3
E101128,FY 2021-22,3
E101128,FY 2022-23,3
E101128,FY 2023-24,3
E101128,FY 2024-25,4
E101129,FY 2020-21,5
E101129,FY 2021-22,3
E101129,FY 2022-23,4
E101129,FY 2023-24,3
E101129,FY 2024-25,2
E101130,FY 2020-21,3
E101130,FY 2021-22,3
E101130,FY 2022-23,2
E101130,FY 2023-24,3
E101130,FY 2024-25,3
E101131,FY 2020-21,3
E101131,FY 2021-22,3
E101131,FY 2022-23,2
E101131,FY 2023-24,3
E101131,FY 2024-25,3
E101132,FY 2020-21,4
E101132,FY 2021-22,2
E101132,FY 2022-23,3
E101132,FY 2023-24,2
E101132,FY 2024-25,1
E101133,FY 2020-21,3
E101133,FY 2021-22,3
E101133,FY 2022-23,3
E101134,FY 2021-22,4
E101134,FY 2022-23,3
E101134,FY 2023-24,4
E101134,FY 2024-25,3
E101135,FY 2020-21,4
E101135,FY 2021-22,4
E101135,FY 2022-23,5
E101135,FY 2023-24,4
E101135,FY 2024-25,4
E101136,FY 2020-21,3
E101136,FY 2021-22,3
E101136,FY 2022-23,4
E101136,FY 2023-24,3
E101136,FY 2024-25,3
E101137,FY 2020-21,1
E101137,FY 2021-22,1
E101137,FY 2022-23,3
E101137,FY 2023-24,3
E101137,FY 2024-25,1
E101138,FY 2020-21,3
E101138,FY 2021-22,4
E101138,FY 2022-23,3
E101138,FY 2023-24,3
E101138,FY 2024-25,3
E101139,FY 2020-21,3
E101139,FY 2021-22,3
E101139,FY 2022-23,3
E101139,FY 2023-24,3
E101139,FY 2024-25,3
E101140,FY 2020-21,4
E101140,FY 2021-22,4
E101140,FY 2022-23,4
E101141,FY 2020-21,3
E101141,FY 2021-22,3
E101141,FY 2022-23,2
E101142,FY 2020-21,3
E101142,FY 2021-22,3
E101142,FY 2022-23,3
E101142,FY 2023-24,3
E101142,FY 2024-25,3
E101143,FY 2020-21,5
E101143,FY 2021-22,5
E101143,FY 2022-23,3
E101144,FY 2020-21,5
E101144,FY 2021-22,5
E101144,FY 2022-23,4
E101144,FY 2023-24,4
E101144,FY 2024-25,5
E101145,FY 2021-22,3
E101145,FY 2022-23,3
E101146,FY 2020-21,3
E101146,FY 2021-22,2
E101146,FY 2022-23,1
E101147,FY 2020-21,4
E101147,FY 2021-22,2
E101148,FY 2020-21,3
E101148,FY 2021-22,3
E101149,FY 2021-22,3
E101149,FY 2022-23,4
E101149,FY 2023-24,2
E101149,FY 2024-25,3
E101150,FY 2020-21,4
E101150,FY 2021-22,3
E101151,FY 2020-21,1
E101151,FY 2021-22,3
E101151,FY 2022-23,3
E101151,FY 2023-24,3
E101151,FY 2024-25,2
E101152,FY 2021-22,3
E101152,FY 2022-23,2
E101152,FY 2023-24,2
E101153,FY 2020-21,5
E101153,FY 2021-22,3
E101153,FY 2022-23,3
E101153,FY 2023-24,5
E101153,FY 2024-25,3
E101154,FY 2020-21,3
E101154,FY 2021-22,3
E101154,FY 2022-23,3
E101154,FY 2023-24,4
E101154,FY 2024-25,3
E101155,FY 2020-21,4
E101155,FY 2021-22,4
E101155,FY 2022-23,4
E101155,FY 2023-24,3
E101155,FY 2024-25,3
E101156,FY 2020-21,2
E101156,FY 2021-22,3
E101156,FY 2022-23,3
E101156,FY 2023-24,3
E101156,FY 2024-25,3
E101157,FY 2020-21,2
E101157,FY 2021-22,3
E101157,FY 2022-23,4
E101157,FY 2023-24,4
E101157,FY 2024-25,2
E101158,FY 2020-21,4
E101158,FY 2021-22,3
E101158,FY 2022-23,4
E101158,FY 2023-24,5
E101158,FY 2024-25,5
E101159,FY 2020-21,3
E101159,FY 2021-22,4
E101159,FY 2022-23,2
E101159,FY 2023-24,3
E101159,FY 2024-25,3
E101160,FY 2021-22,3
E101160,FY 2022-23,3
E101160,FY 2023-24,2
E101160,FY 2024-25,3
E101161,FY 2020-21,2
E101161,FY 2021-22,2
E101162,FY 2020-21,3
E101162,FY 2021-22,2
E101163,FY 2020-21,3
E101163,FY 2021-22,3
E101163,FY 2022-23,2
E101164,FY 2020-21,2
E101164,FY 2021-22,3
E101165,FY 2021-22,4
E101166,FY 2022-23,4
E101166,FY 2023-24,3
E101166,FY 2024-25,5
E101167,FY 2020-21,3
E101167,FY 2021-22,2
E101168,FY 2020-21,5
E101168,FY 2021-22,3
E101168,FY 2022-23,5
E101168,FY 2023-24,5
E101168,FY 2024-25,3
E101169,FY 2020-21,2
E101169,FY 2021-22,3
E101169,FY 2022-23,2
E101169,FY 2023-24,2
E101169,FY 2024-25,3
E101170,FY 2022-23,1
E101171,FY 2020-21,5
E101171,FY 2021-22,5
E101171,FY 2022-23,5
E101171,FY 2023-24,4
E101171,FY 2024-25,5
E101172,FY 2020-21,3
E101172,FY 2021-22,2
E101172,FY 2022-23,2
E101172,FY 2023-24,3
E101172,FY 2024-25,3
E101173,FY 2021-22,3
E101173,FY 2022-23,3
E101173,FY 2023-24,3
E101173,FY 2024-25,3
E101174,FY 2020-21,2
E101174,FY 2021-22,2
E101175,FY 2020-21,4
E101175,FY 2021-22,4
E101175,FY 2022-23,4
E101175,FY 2023-24,4
E101175,FY 2024-25,5
E101176,FY 2020-21,3
E101176,FY 2021-22,4
E101176,FY 2022-23,5
E101176,FY 2023-24,4
E101176,FY 2024-25,4
E101177,FY 2020-21,3
E101177,FY 2021-22,2
E101177,FY 2022-23,2
E101177,FY 2023-24,2
E101177,FY 2024-25,2
E101178,FY 2021-22,3
E101178,FY 2022-23,3
E101178,FY 2023-24,3
E101178,FY 2024-25,3
E101179,FY 2020-21,4
E101179,FY 2021-22,3
E101179,FY 2022-23,3
E101179,FY 2023-24,4
E101179,FY 2024-25,3
E101180,FY 2020-21,1
E101180,FY 2021-22,2
E101180,FY 2022-23,3
E101180,FY 2023-24,1
E101180,FY 2024-25,3
E101181,FY 2020-21,2
E101181,FY 2021-22,3
E101181,FY 2022-23,3
E101181,FY 2023-24,3
E101181,FY 2024-25,3
E101182,FY 2021-22,2
E101182,FY 2022-23,3
E101182,FY 2023-24,3
E101182,FY 2024-25,4
E101183,FY 2020-21,5
E101183,FY 2021-22,3
E101183,FY 2022-23,4
E101183,FY 2023-24,3
E101183,FY 2024-25,3
E101184,FY 2020-21,3
E101184,FY 2021-22,3
E101185,FY 2020-21,3
E101185,FY 2021-22,2
E101186,FY 2021-22,2
E101187,FY 2021-22,2
E101187,FY 2022-23,3
E101187,FY 2023-24,5
E101187,FY 2024-25,4
E101188,FY 2021-22,4
E101188,FY 2022-23,3
E101188,FY 2023-24,5
E101188,FY 2024-25,5
E101189,FY 2022-23,2
E101190,FY 2020-21,4
E101190,FY 2021-22,3
E101190,FY 2022-23,5
E101190,FY 2023-24,5
E101190,FY 2024-25,5
E101191,FY 2021-22,4
E101191,FY 2022-23,3
E101191,FY 2023-24,3
E101191,FY 2024-25,3
E101192,FY 2020-21,3
E101192,FY 2021-22,4
E101192,FY 2022-23,3
E101192,FY 2023-24,3
E101192,FY 2024-25,3
E101193,FY 2020-21,3
E101193,FY 2021-22,3
E101193,FY 2022-23,3
E101193,FY 2023-24,3
E101193,FY 2024-25,3
E101194,FY 2020-21,3
E101194,FY 2021-22,2
E101195,FY 2020-21,4
E101195,FY 2021-22,4
E101195,FY 2022-23,4
E101196,FY 2021-22,3
E101196,FY 2022-23,3
E101196,FY 2023-24,5
E101196,FY 2024-25,5
E101197,FY 2021-22,3
E101197,FY 2022-23,3
E101197,FY 2023-24,2
E101197,FY 2024-25,3
E101198,FY 2020-21,3
E101198,FY 2021-22,3
E101198,FY 2022-23,4
E101198,FY 2023-24,3
E101198,FY 2024-25,4
E101199,FY 2020-21,1
E101199,FY 2021-22,2
E101199,FY 2022-23,1
E101199,FY 2023-24,1
E101199,FY 2024-25,3
E101200,FY 2021-22,4
E101200,FY 2022-23,3
E101200,FY 2023-24,4
E101200,FY 2024-25,5
E101201,FY 2020-21,2
E101201,FY 2021-22,2
E101202,FY 2020-21,3
E101202,FY 2021-22,3
E101202,FY 2022-23,3
E101202,FY 2023-24,2
E101202,FY 2024-25,3
E101203,FY 2020-21,4
E101203,FY 2021-22,3
E101204,FY 2020-21,4
E101204,FY 2021-22,2
E101204,FY 2022-23,3
E101204,FY 2023-24,3
E101204,FY 2024-25,3
E101205,FY 2020-21,1
E101205,FY 2021-22,2
E101205,FY 2022-23,3
E101205,FY 2023-24,1
E101205,FY 2024-25,3
E101206,FY 2020-21,5
E101206,FY 2021-22,5
E101206,FY 2022-23,4
E101206,FY 2023-24,5
E101206,FY 2024-25,5
E101207,FY 2020-21,3
E101207,FY 2021-22,3
E101207,FY 2022-23,3
E101207,FY 2023-24,3
E101207,FY 2024-25,4
E101208,FY 2022-23,3
E101208,FY 2023-24,4
E101208,FY 2024-25,4
E101209,FY 2021-22,4
E101209,FY 2022-23,4
E101209,FY 2023-24,3
E101209,FY 2024-25,2
E101210,FY 2020-21,3
E101210,FY 2021-22,3
E101210,FY 2022-23,5
E101210,FY 2023-24,3
E101210,FY 2024-25,3
E101211,FY 2020-21,4
E101211,FY 2021-22,4
E101211,FY 2022-23,3
E101211,FY 2023-24,4
E101211,FY 2024-25,5
E101212,FY 2021-22,3
E101212,FY 2022-23,3
E101212,FY 2023-24,3
E101212,FY 2024-25,4
E101213,FY 2020-21,3
E101213,FY 2021-22,3
E101214,FY 2020-21,3
E101214,FY 2021-22,3
E101214,FY 2022-23,2
E101214,FY 2023-24,2
E101214,FY 2024-25,3
E101215,FY 2020-21,3
E101215,FY 2021-22,3
E101215,FY 2022-23,3
E101215,FY 2023-24,4
E101215,FY 2024-25,3
E101216,FY 2020-21,2
E101216,FY 2021-22,3
E101216,FY 2022-23,3
E101216,FY 2023-24,2
E101216,FY 2024-25,2
E101217,FY 2021-22,3
E101217,FY 2022-23,3
E101217,FY 2023-24,4
E101217,FY 2024-25,4
E101218,FY 2022-23,3
E101218,FY 2023-24,3
E101218,FY 2024-25,3
E101219,FY 2020-21,3
E101219,FY 2021-22,3
E101219,FY 2022-23,4
E101219,FY 2023-24,3
E101219,FY 2024-25,4
E101220,FY 2021-22,3
E101221,FY 2020-21,3
E101221,FY 2021-22,4
E101221,FY 2022-23,3
E101221,FY 2023-24,3
E101221,FY 2024-25,3
E101222,FY 2020-21,4
E101222,FY 2021-22,4
E101223,FY 2020-21,3
E101223,FY 2021-22,3
E101223,FY 2022-23,2
E101223,FY 2023-24,2
E101223,FY 2024-25,3
E101224,FY 2020-21,3
E101224,FY 2021-22,4
E101224,FY 2022-23,2
E101224,FY 2023-24,4
E101224,FY 2024-25,4
E101225,FY 2020-21,3
E101225,FY 2021-22,3
E101225,FY 2022-23,4
E101225,FY 2023-24,3
E101225,FY 2024-25,3
E101226,FY 2020-21,3
E101226,FY 2021-22,2
E101226,FY 2022-23,2
E101227,FY 2020-21,4
E101227,FY 2021-22,4
E101227,FY 2022-23,4
E101227,FY 2023-24,5
E101227,FY 2024-25,4
E101228,FY 2020-21,3
E101228,FY 2021-22,3
E101228,FY 2022-23,3
E101229,FY 2020-21,2
E101229,FY 2021-22,3
E101229,FY 2022-23,1
E101229,FY 2023-24,2
E101230,FY 2020-21,2
E101230,FY 2021-22,3
E101230,FY 2022-23,3
E101230,FY 2023-24,3
E101231,FY 2020-21,3
E101231,FY 2021-22,3
E101231,FY 2022-23,3
E101231,FY 2023-24,4
E101231,FY 2024-25,5
E101232,FY 2020-21,5
E101232,FY 2021-22,5
E101232,FY 2022-23,4
E101232,FY 2023-24,4
E101232,FY 2024-25,4
E101233,FY 2020-21,5
E101233,FY 2021-22,4
E101233,FY 2022-23,4
E101233,FY 2023-24,4
E101233,FY 2024-25,4
E101234,FY 2020-21,3
E101234,FY 2021-22,3
E101234,FY 2022-23,4
E101234,FY 2023-24,3
E101234,FY 2024-25,4
E101235,FY 2020-21,3
E101235,FY 2021-22,3
E101235,FY 2022-23,3
E101236,FY 2020-21,2
E101236,FY 2021-22,2
E101236,FY 2022-23,3
E101236,FY 2023-24,1
E101236,FY 2024-25,2
E101237,FY 2020-21,4
E101237,FY 2021-22,4
E101238,FY 2021-22,3
E101238,FY 2022-23,3
E101238,FY 2023-24,1
E101238,FY 2024-25,2
E101239,FY 2020-21,3
E101239,FY 2021-22,2
E101239,FY 2022-23,4
E101239,FY 2023-24,4
E101239,FY 2024-25,3
E101240,FY 2020-21,3
E101240,FY 2021-22,3
E101240,FY 2022-23,3
E101241,FY 2020-21,3
E101241,FY 2021-22,3
E101241,FY 2022-23,3
E101241,FY 2023-24,3
E101241,FY 2024-25,3
E101242,FY 2021-22,3
E101242,FY 2022-23,4
E101242,FY 2023-24,4
E101242,FY 2024-25,3
E101243,FY 2020-21,3
E101243,FY 2021-22,3
E101244,FY 2020-21,2
E101244,FY 2021-22,3
E101244,FY 2022-23,2
E101244,FY 2023-24,3
E101244,FY 2024-25,1
E101245,FY 2020-21,1
E101245,FY 2021-22,2
E101245,FY 2022-23,3
E101246,FY 2020-21,4
E101246,FY 2021-22,4
E101246,FY 2022-23,4
E101246,FY 2023-24,3
E101246,FY 2024-25,3
E101247,FY 2020-21,4
E101247,FY 2021-22,4
E101248,FY 2020-21,2
E101248,FY 2021-22,1
E101249,FY 2020-21,3
E101249,FY 2021-22,3
E101249,FY 2022-23,4
E101249,FY 2023-24,3
E101249,FY 2024-25,3
E101250,FY 2020-21,3
E101250,FY 2021-22,2
E101251,FY 2020-21,3
E101251,FY 2021-22,3
E101251,FY 2022-23,4
E101251,FY 2023-24,3
E101252,FY 2020-21,3
E101252,FY 2021-22,2
E101252,FY 2022-23,2
E101253,FY 2020-21,3
E101253,FY 2021-22,3
E101253,FY 2022-23,2
E101253,FY 2023-24,2
E101253,FY 2024-25,3
E101254,FY 2020-21,3
E101254,FY 2021-22,4
E101254,FY 2022-23,3
E101254,FY 2023-24,3
E101254,FY 2024-25,2
E101255,FY 2021-22,2
E101256,FY 2020-21,4
E101256,FY 2021-22,4
E101256,FY 2022-23,2
E101256,FY 2023-24,3
E101256,FY 2024-25,3
E101257,FY 2020-21,4
E101257,FY 2021-22,5
E101257,FY 2022-23,2
E101257,FY 2023-24,3
E101257,FY 2024-25,4
E101258,FY 2021-22,3
E101259,FY 2022-23,3
E101259,FY 2023-24,2
E101259,FY 2024-25,3
E101260,FY 2020-21,1
E101260,FY 2021-22,2
E101260,FY 2022-23,3
E101260,FY 2023-24,1
E101260,FY 2024-25,2
E101261,FY 2020-21,2
E101261,FY 2021-22,2
E101261,FY 2022-23,3
E101261,FY 2023-24,2
E101261,FY 2024-25,3
E101262,FY 2020-21,3
E101262,FY 2021-22,3
E101262,FY 2022-23,2
E101262,FY 2023-24,3
E101262,FY 2024-25,2
E101263,FY 2020-21,2
E101263,FY 2021-22,3
E101263,FY 2022-23,3
E101263,FY 2023-24,2
E101263,FY 2024-25,3
E101264,FY 2020-21,3
E101264,FY 2021-22,2
E101264,FY 2022-23,3
E101264,FY 2023-24,5
E101264,FY 2024-25,3
E101265,FY 2020-21,4
E101265,FY 2021-22,3
E101265,FY 2022-23,4
E101265,FY 2023-24,3
E101265,FY 2024-25,3
E101266,FY 2021-22,3
E101266,FY 2022-23,3
E101266,FY 2023-24,3
E101266,FY 2024-25,3
E101267,FY 2020-21,5
E101267,FY 2021-22,5
E101268,FY 2021-22,3
E101268,FY 2022-23,4
E101269,FY 2021-22,4
E101270,FY 2020-21,4
E101270,FY 2021-22,3
E101270,FY 2022-23,3
E101270,FY 2023-24,3
E101270,FY 2024-25,3
E101271,FY 2020-21,1
E101271,FY 2021-22,3
E101271,FY 2022-23,3
E101271,FY 2023-24,3
E101271,FY 2024-25,3
E101272,FY 2021-22,1
E101273,FY 2020-21,4
E101273,FY 2021-22,5
E101273,FY 2022-23,4
E101274,FY 2020-21,2
E101274,FY 2021-22,4
E101274,FY 2022-23,3
E101274,FY 2023-24,4
E101274,FY 2024-25,3
E101275,FY 2021-22,3
E101275,FY 2022-23,3
E101275,FY 2023-24,4
E101275,FY 2024-25,4
E101276,FY 2021-22,3
E101277,FY 2020-21,5
E101277,FY 2021-22,4
E101277,FY 2022-23,4
E101277,FY 2023-24,5
E101277,FY 2024-25,4
E101278,FY 2021-22,3
E101278,FY 2022-23,3
E101279,FY 2020-21,3
E101279,FY 2021-22,2
E101279,FY 2022-23,2
E101279,FY 2023-24,3
E101279,FY 2024-25,3
E101280,FY 2020-21,3
E101280,FY 2021-22,4
E101280,FY 2022-23,4
E101280,FY 2023-24,3
E101280,FY 2024-25,4
E101281,FY 2021-22,4
E101282,FY 2020-21,3
E101282,FY 2021-22,3
E101282,FY 2022-23,3
E101282,FY 2023-24,4
E101282,FY 2024-25,5
E101283,FY 2020-21,3
E101283,FY 2021-22,4
E101284,FY 2020-21,3
E101284,FY 2021-22,4
E101285,FY 2020-21,3
E101285,FY 2021-22,3
E101286,FY 2021-22,2
E101286,FY 2022-23,3
E101286,FY 2023-24,4
E101287,FY 2020-21,2
E101287,FY 2021-22,4
E101288,FY 2020-21,2
E101288,FY 2021-22,3
E101288,FY 2022-23,3
E101288,FY 2023-24,3
E101288,FY 2024-25,1
E101289,FY 2021-22,3
E101289,FY 2022-23,3
E101289,FY 2023-24,3
E101289,FY 2024-25,3
E101290,FY 2020-21,3
E101290,FY 2021-22,5
E101290,FY 2022-23,5
E101290,FY 2023-24,3
E101291,FY 2021-22,2
E101291,FY 2022-23,1
E101291,FY 2023-24,1
E101291,FY 2024-25,2
E101292,FY 2020-21,3
E101292,FY 2021-22,4
E101292,FY 2022-23,3
E101292,FY 2023-24,4
E101292,FY 2024-25,3
E101293,FY 2020-21,3
E101293,FY 2021-22,3
E101293,FY 2022-23,4
E101293,FY 2023-24,2
E101293,FY 2024-25,2
E101294,FY 2020-21,4
E101294,FY 2021-22,3
E101294,FY 2022-23,3
E101294,FY 2023-24,3
E101294,FY 2024-25,4
E101295,FY 2021-22,2
E101296,FY 2020-21,3
E101296,FY 2021-22,3
E101296,FY 2022-23,4
E101296,FY 2023-24,4
E101296,FY 2024-25,4
E101297,FY 2021-22,2
E101297,FY 2022-23,3
E101297,FY 2023-24,4
E101297,FY 2024-25,3
E101298,FY 2021-22,2
E101299,FY 2020-21,5
E101299,FY 2021-22,5
E101299,FY 2022-23,4
E101299,FY 2023-24,5
E101300,FY 2020-21,5
E101300,FY 2021-22,3
E101300,FY 2022-23,4
E101300,FY 2023-24,4
E101300,FY 2024-25,3
E101301,FY 2020-21,3
E101301,FY 2021-22,3
E101301,FY 2022-23,3
E101301,FY 2023-24,3
E101301,FY 2024-25,3
E101302,FY 2020-21,3
E101302,FY 2021-22,3
E101302,FY 2022-23,3
E101302,FY 2023-24,4
E101302,FY 2024-25,3
E101303,FY 2020-21,3
E101303,FY 2021-22,2
E101303,FY 2022-23,2
E101303,FY 2023-24,3
E101304,FY 2021-22,5
E101304,FY 2022-23,5
E101304,FY 2023-24,4
E101304,FY 2024-25,4
E101305,FY 2020-21,5
E101305,FY 2021-22,4
E101307,FY 2020-21,4
E101307,FY 2021-22,2
E101307,FY 2022-23,4
E101307,FY 2023-24,4
E101307,FY 2024-25,4
E101308,FY 2020-21,3
E101308,FY 2021-22,4
E101308,FY 2022-23,5
E101308,FY 2023-24,4
E101308,FY 2024-25,5
E101309,FY 2022-23,2
E101309,FY 2023-24,2
E101309,FY 2024-25,2
E101310,FY 2020-21,3
E101310,FY 2021-22,3
E101310,FY 2022-23,3
E101310,FY 2023-24,4
E101310,FY 2024-25,4
E101311,FY 2020-21,3
E101311,FY 2021-22,3
E101311,FY 2022-23,5
E101311,FY 2023-24,3
E101311,FY 2024-25,3
E101312,FY 2022-23,3
E101312,FY 2023-24,3
E101312,FY 2024-25,3
E101313,FY 2020-21,4
E101313,FY 2021-22,3
E101313,FY 2022-23,4
E101313,FY 2023-24,3
E101313,FY 2024-25,4
E101314,FY 2021-22,3
E101314,FY 2022-23,3
E101314,FY 2023-24,3
E101314,FY 2024-25,2
E101315,FY 2020-21,3
E101315,FY 2021-22,4
E101315,FY 2022-23,3
E101315,FY 2023-24,4
E101315,FY 2024-25,4
E101316,FY 2021-22,3
E101316,FY 2022-23,3
E101317,FY 2020-21,3
E101317,FY 2021-22,4
E101317,FY 2022-23,3
E101317,FY 2023-24,4
E101317,FY 2024-25,3
E101318,FY 2021-22,3
E101318,FY 2022-23,1
E101318,FY 2023-24,2
E101318,FY 2024-25,3
E101319,FY 2020-21,4
E101319,FY 2021-22,5
E101319,FY 2022-23,3
E101319,FY 2023-24,5
E101319,FY 2024-25,4
E101320,FY 2020-21,5
E101320,FY 2021-22,3
E101321,FY 2020-21,1
E101321,FY 2021-22,3
E101321,FY 2022-23,3
E101322,FY 2020-21,3
E101322,FY 2021-22,3
E101322,FY 2022-23,3
E101322,FY 2023-24,3
E101322,FY 2024-25,4
E101323,FY 2020-21,1
E101323,FY 2021-22,1
E101323,FY 2022-23,1
E101323,FY 2023-24,2
E101323,FY 2024-25,3
E101324,FY 2020-21,3
E101324,FY 2021-22,1
E101325,FY 2021-22,3
E101325,FY 2022-23,3
E101325,FY 2023-24,3
E101325,FY 2024-25,3
E101326,FY 2020-21,2
E101326,FY 2021-22,2
E101326,FY 2022-23,2
E101327,FY 2020-21,3
E101327,FY 2021-22,3
E101327,FY 2022-23,3
E101327,FY 2023-24,3
E101327,FY 2024-25,3
E101328,FY 2020-21,3
E101328,FY 2021-22,3
E101328,FY 2022-23,3
E101329,FY 2021-22,2
E101329,FY 2022-23,2
E101329,FY 2023-24,3
E101329,FY 2024-25,2
E101330,FY 2020-21,3
E101330,FY 2021-22,4
E101330,FY 2022-23,3
E101330,FY 2023-24,2
E101330,FY 2024-25,3
E101331,FY 2021-22,3
E101331,FY 2022-23,3
E101332,FY 2021-22,4
E101332,FY 2022-23,3
E101332,FY 2023-24,3
E101332,FY 2024-25,4
E101333,FY 2020-21,4
E101333,FY 2021-22,3
E101333,FY 2022-23,5
E101333,FY 2023-24,3
E101333,FY 2024-25,5
E101334,FY 2021-22,3
E101336,FY 2020-21,3
E101336,FY 2021-22,3
E101336,FY 2022-23,3
E101336,FY 2023-24,3
E101336,FY 2024-25,3
E101337,FY 2021-22,5
E101337,FY 2022-23,4
E101337,FY 2023-24,5
E101337,FY 2024-25,5
E101338,FY 2020-21,2
E101338,FY 2021-22,1
E101338,FY 2022-23,1
E101339,FY 2020-21,4
E101339,FY 2021-22,3
E101339,FY 2022-23,3
E101339,FY 2023-24,5
E101339,FY 2024-25,3
E101340,FY 2020-21,3
E101340,FY 2021-22,2
E101340,FY 2022-23,2
E101340,FY 2023-24,2
E101340,FY 2024-25,3
E101341,FY 2021-22,4
E101341,FY 2022-23,3
E101341,FY 2023-24,3
E101341,FY 2024-25,3
E101342,FY 2020-21,4
E101342,FY 2021-22,3
E101342,FY 2022-23,3
E101342,FY 2023-24,3
E101342,FY 2024-25,3
E101343,FY 2020-21,3
E101343,FY 2021-22,3
E101343,FY 2022-23,4
E101343,FY 2023-24,3
E101343,FY 2024-25,3
E101344,FY 2020-21,3
E101344,FY 2021-22,3
E101344,FY 2022-23,3
E101344,FY 2023-24,3
E101345,FY 2020-21,3
E101345,FY 2021-22,3
E101346,FY 2020-21,2
E101346,FY 2021-22,2
E101347,FY 2020-21,2
E101347,FY 2021-22,3
E101348,FY 2021-22,3
E101349,FY 2020-21,4
E101349,FY 2021-22,3
E101349,FY 2022-23,4
E101349,FY 2023-24,2
E101349,FY 2024-25,3
E101350,FY 2021-22,5
E101351,FY 2020-21,5
E101351,FY 2021-22,5
E101352,FY 2020-21,4
E101352,FY 2021-22,3
E101352,FY 2022-23,3
E101352,FY 2023-24,3
E101352,FY 2024-25,3
E101353,FY 2020-21,3
E101353,FY 2021-22,5
E101353,FY 2022-23,4
E101353,FY 2023-24,4
E101353,FY 2024-25,4
E101354,FY 2020-21,5
E101354,FY 2021-22,5
E101354,FY 2022-23,4
E101354,FY 2023-24,5
E101354,FY 2024-25,2
E101355,FY 2021-22,2
E101355,FY 2022-23,3
E101355,FY 2023-24,3
E101355,FY 2024-25,2
E101356,FY 2021-22,4
E101357,FY 2020-21,3
E101357,FY 2021-22,3
E101357,FY 2022-23,2
E101357,FY 2023-24,4
E101357,FY 2024-25,4
E101358,FY 2021-22,3
E101358,FY 2022-23,4
E101358,FY 2023-24,2
E101358,FY 2024-25,2
E101359,FY 2020-21,1
E101359,FY 2021-22,2
E101359,FY 2022-23,1
E101360,FY 2020-21,2
E101360,FY 2021-22,2
E101360,FY 2022-23,2
E101360,FY 2023-24,2
E101360,FY 2024-25,3
E101361,FY 2020-21,3
E101361,FY 2021-22,3
E101361,FY 2022-23,3
E101361,FY 2023-24,4
E101362,FY 2020-21,4
E101362,FY 2021-22,4
E101362,FY 2022-23,5
E101362,FY 2023-24,3
E101362,FY 2024-25,4
E101363,FY 2020-21,3
E101363,FY 2021-22,3
E101363,FY 2022-23,4
E101363,FY 2023-24,3
E101363,FY 2024-25,3
E101364,FY 2020-21,5
E101364,FY 2021-22,5
E101364,FY 2022-23,5
E101364,FY 2023-24,4
E101364,FY 2024-25,5
E101365,FY 2020-21,4
E101365,FY 2021-22,5
E101365,FY 2022-23,5
E101366,FY 2020-21,2
E101366,FY 2021-22,3
E101366,FY 2022-23,3
E101366,FY 2023-24,3
E101366,FY 2024-25,2
E101367,FY 2020-21,3
E101367,FY 2021-22,4
E101367,FY 2022-23,4
E101367,FY 2023-24,4
E101367,FY 2024-25,5
E101368,FY 2020-21,1
E101368,FY 2021-22,2
E101368,FY 2022-23,3
E101368,FY 2023-24,1
E101369,FY 2020-21,3
E101369,FY 2021-22,2
E101369,FY 2022-23,3
E101370,FY 2020-21,4
E101370,FY 2021-22,3
E101370,FY 2022-23,3
E101371,FY 2020-21,3
E101371,FY 2021-22,5
E101371,FY 2022-23,4
E101371,FY 2023-24,3
E101371,FY 2024-25,4
E101372,FY 2020-21,5
E101372,FY 2021-22,4
E101372,FY 2022-23,3
E101372,FY 2023-24,5
E101372,FY 2024-25,4
E101373,FY 2021-22,3
E101373,FY 2022-23,2
E101374,FY 2020-21,3
E101374,FY 2021-22,4
E101375,FY 2021-22,1
E101376,FY 2021-22,4
E101376,FY 2022-23,3
E101377,FY 2020-21,4
E101377,FY 2021-22,4
E101378,FY 2021-22,3
E101379,FY 2020-21,3
E101379,FY 2021-22,3
E101379,FY 2022-23,4
E101379,FY 2023-24,3
E101379,FY 2024-25,3
E101380,FY 2020-21,3
E101380,FY 2021-22,3
E101380,FY 2022-23,3
E101380,FY 2023-24,3
E101380,FY 2024-25,3
E101381,FY 2021-22,2
E101382,FY 2021-22,3
E101382,FY 2022-23,3
E101382,FY 2023-24,2
E101382,FY 2024-25,3
E101383,FY 2020-21,2
E101383,FY 2021-22,3
E101383,FY 2022-23,2
E101384,FY 2021-22,3
E101384,FY 2022-23,3
E101385,FY 2020-21,4
E101385,FY 2021-22,3
E101385,FY 2022-23,2
E101385,FY 2023-24,3
E101385,FY 2024-25,3
E101386,FY 2020-21,3
E101386,FY 2021-22,4
E101386,FY 2022-23,3
E101386,FY 2023-24,3
E101386,FY 2024-25,2
E101387,FY 2020-21,3
E101387,FY 2021-22,3
E101388,FY 2020-21,3
E101388,FY 2021-22,3
E101389,FY 2020-21,4
E101389,FY 2021-22,3
E101389,FY 2022-23,4
E101389,FY 2023-24,5
E101389,FY 2024-25,3
E101390,FY 2020-21,3
E101390,FY 2021-22,4
E101390,FY 2022-23,3
E101391,FY 2022-23,5
E101391,FY 2023-24,3
E101391,FY 2024-25,5
E101392,FY 2020-21,3
E101392,FY 2021-22,3
E101392,FY 2022-23,3
E101392,FY 2023-24,4
E101392,FY 2024-25,3
E101393,FY 2020-21,2
E101393,FY 2021-22,3
E101393,FY 2022-23,3
E101393,FY 2023-24,3
E101393,FY 2024-25,2
E101394,FY 2020-21,5
E101394,FY 2021-22,3
E101394,FY 2022-23,4
E101394,FY 2023-24,4
E101394,FY 2024-25,3
E101395,FY 2020-21,5
E101395,FY 2021-22,4
E101395,FY 2022-23,4
E101396,FY 2021-22,2
E101396,FY 2022-23,1
E101397,FY 2020-21,3
E101397,FY 2021-22,5
E101397,FY 2022-23,3
E101397,FY 2023-24,4
E101397,FY 2024-25,3
E101398,FY 2020-21,2
E101398,FY 2021-22,2
E101398,FY 2022-23,1
E101399,FY 2020-21,3
E101399,FY 2021-22,3
E101399,FY 2022-23,3
E101399,FY 2023-24,2
E101399,FY 2024-25,3
E101400,FY 2020-21,2
E101400,FY 2021-22,2
E101401,FY 2020-21,3
E101401,FY 2021-22,4
E101402,FY 2020-21,3
E101402,FY 2021-22,3
E101402,FY 2022-23,4
E101402,FY 2023-24,4
E101402,FY 2024-25,5
E101403,FY 2021-22,5
E101403,FY 2022-23,4
E101403,FY 2023-24,4
E101404,FY 2020-21,3
E101404,FY 2021-22,3
E101404,FY 2022-23,3
E101405,FY 2020-21,2
E101405,FY 2021-22,3
E101405,FY 2022-23,3
E101405,FY 2023-24,2
E101405,FY 2024-25,3
E101406,FY 2020-21,3
E101406,FY 2021-22,3
E101407,FY 2020-21,5
E101407,FY 2021-22,5
E101407,FY 2022-23,4
E101407,FY 2023-24,5
E101407,FY 2024-25,5
E101408,FY 2020-21,3
E101408,FY 2021-22,3
E101408,FY 2022-23,3
E101408,FY 2023-24,3
E101409,FY 2020-21,1
E101409,FY 2021-22,1
E101409,FY 2022-23,1
E101410,FY 2020-21,2
E101410,FY 2021-22,3
E101410,FY 2022-23,2
E101411,FY 2020-21,4
E101411,FY 2021-22,3
E101411,FY 2022-23,3
E101411,FY 2023-24,4
E101412,FY 2021-22,3
E101413,FY 2020-21,5
E101413,FY 2021-22,5
E101413,FY 2022-23,5
E101414,FY 2020-21,4
E101414,FY 2021-22,5
E101414,FY 2022-23,5
E101414,FY 2023-24,5
E101414,FY 2024-25,4
E101415,FY 2021-22,3
E101416,FY 2020-21,3
E101416,FY 2021-22,4
E101416,FY 2022-23,3
E101416,FY 2023-24,5
E101416,FY 2024-25,4
E101417,FY 2020-21,3
E101417,FY 2021-22,3
E101417,FY 2022-23,3
E101417,FY 2023-24,3
E101417,FY 2024-25,3
E101418,FY 2020-21,3
E101418,FY 2021-22,3
E101418,FY 2022-23,3
E101418,FY 2023-24,3
E101418,FY 2024-25,5
E101419,FY 2020-21,3
E101419,FY 2021-22,3
E101419,FY 2022-23,3
E101419,FY 2023-24,4
E101419,FY 2024-25,3
E101420,FY 2021-22,4
E101420,FY 2022-23,2
E101421,FY 2021-22,5
E101422,FY 2021-22,4
E101422,FY 2022-23,4
E101422,FY 2023-24,5
E101422,FY 2024-25,4
E101423,FY 2021-22,4
E101423,FY 2022-23,3
E101423,FY 2023-24,3
E101423,FY 2024-25,4
E101424,FY 2020-21,3
E101424,FY 2021-22,4
E101424,FY 2022-23,3
E101424,FY 2023-24,4
E101424,FY 2024-25,3
E101425,FY 2020-21,3
E101425,FY 2021-22,5
E101425,FY 2022-23,4
E101425,FY 2023-24,3
E101425,FY 2024-25,4
E101426,FY 2020-21,3
E101426,FY 2021-22,3
E101426,FY 2022-23,3
E101426,FY 2023-24,3
E101426,FY 2024-25,4
E101427,FY 2020-21,5
E101427,FY 2021-22,3
E101427,FY 2022-23,5
E101427,FY 2023-24,3
E101427,FY 2024-25,5
E101428,FY 2020-21,4
E101428,FY 2021-22,3
E101428,FY 2022-23,2
E101429,FY 2020-21,4
E101429,FY 2021-22,4
E101430,FY 2021-22,4
E101430,FY 2022-23,4
E101430,FY 2023-24,3
E101430,FY 2024-25,5
E101431,FY 2021-22,3
E101431,FY 2022-23,3
E101432,FY 2020-21,3
E101432,FY 2021-22,3
E101432,FY 2022-23,3
E101432,FY 2023-24,3
E101432,FY 2024-25,4
E101433,FY 2020-21,3
E101433,FY 2021-22,2
E101433,FY 2022-23,3
E101433,FY 2023-24,2
E101433,FY 2024-25,1
E101434,FY 2021-22,4
E101434,FY 2022-23,4
E101434,FY 2023-24,3
E101434,FY 2024-25,4
E101435,FY 2021-22,3
E101436,FY 2021-22,3
E101436,FY 2022-23,3
E101436,FY 2023-24,4
E101436,FY 2024-25,3
E101437,FY 2022-23,3
E101437,FY 2023-24,3
E101437,FY 2024-25,3
E101438,FY 2020-21,5
E101438,FY 2021-22,4
E101439,FY 2020-21,4
E101439,FY 2021-22,2
E101440,FY 2020-21,2
E101440,FY 2021-22,2
E101441,FY 2020-21,3
E101441,FY 2021-22,4
E101441,FY 2022-23,5
E101441,FY 2023-24,4
E101441,FY 2024-25,4
E101442,FY 2021-22,3
E101442,FY 2022-23,3
E101443,FY 2020-21,4
E101443,FY 2021-22,4
E101443,FY 2022-23,3
E101443,FY 2023-24,3
E101443,FY 2024-25,3
E101444,FY 2020-21,3
E101444,FY 2021-22,4
E101444,FY 2022-23,4
E101444,FY 2023-24,3
E101444,FY 2024-25,3
E101445,FY 2021-22,3
E101445,FY 2022-23,2
E101446,FY 2020-21,2
E101446,FY 2021-22,3
E101446,FY 2022-23,2
E101446,FY 2023-24,3
E101446,FY 2024-25,3
E101447,FY 2020-21,2
E101447,FY 2021-22,2
E101447,FY 2022-23,2
E101447,FY 2023-24,3
E101447,FY 2024-25,3
E101448,FY 2020-21,5
E101448,FY 2021-22,5
E101448,FY 2022-23,5
E101448,FY 2023-24,5
E101448,FY 2024-25,4
E101449,FY 2020-21,5
E101449,FY 2021-22,5
E101449,FY 2022-23,4
E101449,FY 2023-24,4
E101449,FY 2024-25,5
E101450,FY 2020-21,3
E101450,FY 2021-22,3
E101450,FY 2022-23,4
E101451,FY 2020-21,3
E101451,FY 2021-22,3
E101451,FY 2022-23,2
E101451,FY 2023-24,4
E101451,FY 2024-25,3
E101452,FY 2020-21,3
E101452,FY 2021-22,2
E101452,FY 2022-23,2
E101452,FY 2023-24,2
E101452,FY 2024-25,1
E101453,FY 2021-22,3
E101453,FY 2022-23,4
E101453,FY 2023-24,3
E101453,FY 2024-25,4
E101454,FY 2020-21,5
E101454,FY 2021-22,4
E101454,FY 2022-23,4
E101454,FY 2023-24,5
E101454,FY 2024-25,5
E101455,FY 2020-21,4
E101455,FY 2021-22,3
E101455,FY 2022-23,3
E101455,FY 2023-24,3
E101455,FY 2024-25,3
E101456,FY 2020-21,3
E101456,FY 2021-22,3
E101456,FY 2022-23,3
E101456,FY 2023-24,3
E101456,FY 2024-25,2
E101457,FY 2020-21,4
E101457,FY 2021-22,5
E101457,FY 2022-23,4
E101457,FY 2023-24,5
E101457,FY 2024-25,3
E101458,FY 2020-21,3
E101458,FY 2021-22,2
E101458,FY 2022-23,3
E101458,FY 2023-24,3
E101458,FY 2024-25,3
E101459,FY 2020-21,3
E101459,FY 2021-22,2
E101460,FY 2020-21,3
E101460,FY 2021-22,3
E101460,FY 2022-23,3
E101461,FY 2020-21,3
E101461,FY 2021-22,3
E101461,FY 2022-23,3
E101461,FY 2023-24,3
E101461,FY 2024-25,3
E101462,FY 2020-21,3
E101462,FY 2021-22,4
E101462,FY 2022-23,3
E101462,FY 2023-24,4
E101463,FY 2020-21,3
E101463,FY 2021-22,4
E101463,FY 2022-23,2
E101463,FY 2023-24,2
E101463,FY 2024-25,4
E101464,FY 2020-21,2
E101464,FY 2021-22,2
E101465,FY 2020-21,3
E101465,FY 2021-22,4
E101466,FY 2021-22,1
E101467,FY 2020-21,3
E101467,FY 2021-22,3
E101468,FY 2020-21,4
E101468,FY 2021-22,3
E101468,FY 2022-23,3
E101468,FY 2023-24,3
E101468,FY 2024-25,4
E101469,FY 2021-22,2
E101469,FY 2022-23,4
E101469,FY 2023-24,3
E101470,FY 2020-21,4
E101470,FY 2021-22,4
E101470,FY 2022-23,5
E101471,FY 2020-21,5
E101471,FY 2021-22,4
E101471,FY 2022-23,4
E101471,FY 2023-24,4
E101471,FY 2024-25,4
E101472,FY 2020-21,4
E101472,FY 2021-22,3
E101472,FY 2022-23,3
E101472,FY 2023-24,3
E101472,FY 2024-25,3
E101473,FY 2020-21,2
E101473,FY 2021-22,3
E101473,FY 2022-23,4
E101473,FY 2023-24,3
E101473,FY 2024-25,3
E101474,FY 2020-21,4
E101474,FY 2021-22,4
E101474,FY 2022-23,3
E101474,FY 2023-24,3
E101474,FY 2024-25,4
E101475,FY 2021-22,3
E101475,FY 2022-23,3
E101475,FY 2023-24,3
E101475,FY 2024-25,4
E101476,FY 2020-21,3
E101476,FY 2021-22,2
E101477,FY 2020-21,2
E101477,FY 2021-22,3
E101477,FY 2022-23,3
E101477,FY 2023-24,3
E101477,FY 2024-25,3
E101478,FY 2020-21,3
E101478,FY 2021-22,3
E101478,FY 2022-23,2
E101478,FY 2023-24,3
E101478,FY 2024-25,3
E101479,FY 2020-21,4
E101479,FY 2021-22,4
E101480,FY 2020-21,4
E101480,FY 2021-22,5
E101481,FY 2020-21,3
E101481,FY 2021-22,3
E101481,FY 2022-23,3
E101481,FY 2023-24,3
E101481,FY 2024-25,4
E101482,FY 2020-21,2
E101482,FY 2021-22,3
E101482,FY 2022-23,3
E101482,FY 2023-24,3
E101482,FY 2024-25,3
E101483,FY 2020-21,3
E101483,FY 2021-22,3
E101483,FY 2022-23,2
E101483,FY 2023-24,4
E101483,FY 2024-25,4
E101484,FY 2021-22,1
E101485,FY 2020-21,3
E101485,FY 2021-22,4
E101485,FY 2022-23,3
E101485,FY 2023-24,3
E101485,FY 2024-25,4
E101486,FY 2020-21,2
E101486,FY 2021-22,2
E101487,FY 2020-21,1
E101487,FY 2021-22,3
E101487,FY 2022-23,1
E101487,FY 2023-24,3
E101487,FY 2024-25,2
E101488,FY 2020-21,4
E101488,FY 2021-22,5
E101488,FY 2022-23,5
E101488,FY 2023-24,4
E101489,FY 2020-21,3
E101489,FY 2021-22,3
E101489,FY 2022-23,3
E101489,FY 2023-24,3
E101489,FY 2024-25,3
E101490,FY 2020-21,3
E101490,FY 2021-22,3
E101490,FY 2022-23,2
E101490,FY 2023-24,4
E101491,FY 2022-23,5
E101491,FY 2023-24,3
E101491,FY 2024-25,3
E101492,FY 2020-21,5
E101492,FY 2021-22,4
E101493,FY 2020-21,4
E101493,FY 2021-22,5
E101494,FY 2020-21,2
E101494,FY 2021-22,1
E101494,FY 2022-23,3
E101495,FY 2021-22,4
E101496,FY 2021-22,3
E101497,FY 2020-21,4
E101497,FY 2021-22,3
E101497,FY 2022-23,4
E101497,FY 2023-24,4
E101497,FY 2024-25,3
E101498,FY 2020-21,4
E101498,FY 2021-22,3
E101498,FY 2022-23,5
E101498,FY 2023-24,4
E101498,FY 2024-25,4
E101499,FY 2020-21,4
E101499,FY 2021-22,3
E101499,FY 2022-23,2
E101499,FY 2023-24,4
E101499,FY 2024-25,3
E101500,FY 2020-21,3
E101500,FY 2021-22,4
E101500,FY 2022-23,4
E101500,FY 2023-24,3
E101500,FY 2024-25,3
E101501,FY 2020-21,3
E101501,FY 2021-22,3
E101501,FY 2022-23,3
E101501,FY 2023-24,3
E101502,FY 2020-21,3
E101502,FY 2021-22,3
E101502,FY 2022-23,3
E101502,FY 2023-24,3
E101502,FY 2024-25,2
E101503,FY 2020-21,3
E101503,FY 2021-22,3
E101503,FY 2022-23,3
E101503,FY 2023-24,2
E101503,FY 2024-25,3
E101504,FY 2020-21,3
E101504,FY 2021-22,3
E101504,FY 2022-23,2
E101504,FY 2023-24,3
E101504,FY 2024-25,2
E101505,FY 2020-21,3
E101505,FY 2021-22,3
E101505,FY 2022-23,4
E101505,FY 2023-24,5
E101505,FY 2024-25,3
E101506,FY 2021-22,3
E101506,FY 2022-23,3
E101506,FY 2023-24,3
E101506,FY 2024-25,3
E101507,FY 2020-21,3
E101507,FY 2021-22,4
E101508,FY 2020-21,4
E101508,FY 2021-22,3
E101508,FY 2022-23,3
E101508,FY 2023-24,4
E101508,FY 2024-25,4
E101509,FY 2020-21,2
E101509,FY 2021-22,3
E101509,FY 2022-23,2
E101509,FY 2023-24,3
E101510,FY 2020-21,2
E101510,FY 2021-22,4
E101510,FY 2022-23,3
E101510,FY 2023-24,3
E101510,FY 2024-25,4
E101511,FY 2020-21,3
E101511,FY 2021-22,3
E101511,FY 2022-23,4
E101511,FY 2023-24,5
E101511,FY 2024-25,4
E101512,FY 2020-21,1
E101512,FY 2021-22,3
E101512,FY 2022-23,1
E101513,FY 2020-21,3
E101513,FY 2021-22,4
E101513,FY 2022-23,3
E101513,FY 2023-24,3
E101513,FY 2024-25,2
E101514,FY 2021-22,3
E101514,FY 2022-23,3
E101514,FY 2023-24,3
E101514,FY 2024-25,3
E101515,FY 2020-21,3
E101515,FY 2021-22,2
E101516,FY 2021-22,3
E101516,FY 2022-23,3
E101516,FY 2023-24,3
E101516,FY 2024-25,3
E101517,FY 2020-21,3
E101517,FY 2021-22,5
E101517,FY 2022-23,4
E101517,FY 2023-24,5
E101517,FY 2024-25,5
E101518,FY 2021-22,4
E101518,FY 2022-23,3
E101518,FY 2023-24,3
E101518,FY 2024-25,4
E101519,FY 2020-21,2
E101519,FY 2021-22,2
E101519,FY 2022-23,3
E101519,FY 2023-24,3
E101519,FY 2024-25,3
E101520,FY 2020-21,4
E101520,FY 2021-22,5
E101520,FY 2022-23,4
E101520,FY 2023-24,3
E101520,FY 2024-25,3
E101521,FY 2020-21,3
E101521,FY 2021-22,3
E101521,FY 2022-23,3
E101521,FY 2023-24,3
E101521,FY 2024-25,3
E101522,FY 2020-21,3
E101522,FY 2021-22,5
E101522,FY 2022-23,3
E101522,FY 2023-24,3
E101522,FY 2024-25,4
E101523,FY 2021-22,4
E101523,FY 2022-23,3
E101523,FY 2023-24,2
E101523,FY 2024-25,3
E101524,FY 2020-21,3
E101524,FY 2021-22,3
E101524,FY 2022-23,3
E101524,FY 2023-24,3
E101525,FY 2020-21,3
E101525,FY 2021-22,3
E101525,FY 2022-23,3
E101525,FY 2023-24,2
E101525,FY 2024-25,3
E101526,FY 2020-21,3
E101526,FY 2021-22,3
E101526,FY 2022-23,2
E101526,FY 2023-24,3
E101526,FY 2024-25,4
E101527,FY 2020-21,5
E101527,FY 2021-22,4
E101527,FY 2022-23,5
E101527,FY 2023-24,3
E101527,FY 2024-25,5
E101528,FY 2020-21,3
E101528,FY 2021-22,3
E101528,FY 2022-23,2
E101528,FY 2023-24,3
E101528,FY 2024-25,3
E101529,FY 2021-22,3
E101529,FY 2022-23,3
E101529,FY 2023-24,3
E101529,FY 2024-25,3
E101530,FY 2021-22,3
E101530,FY 2022-23,3
E101530,FY 2023-24,3
E101530,FY 2024-25,3
E101531,FY 2020-21,5
E101531,FY 2021-22,5
E101531,FY 2022-23,5
E101531,FY 2023-24,5
E101531,FY 2024-25,5
E101532,FY 2020-21,2
E101532,FY 2021-22,2
E101532,FY 2022-23,2
E101532,FY 2023-24,2
E101532,FY 2024-25,3
E101533,FY 2020-21,3
E101533,FY 2021-22,3
E101533,FY 2022-23,4
E101533,FY 2023-24,3
E101533,FY 2024-25,3
E101534,FY 2020-21,3
E101534,FY 2021-22,2
E101535,FY 2021-22,4
E101535,FY 2022-23,3
E101535,FY 2023-24,4
E101535,FY 2024-25,3
E101536,FY 2020-21,3
E101536,FY 2021-22,2
E101536,FY 2022-23,3
E101536,FY 2023-24,2
E101536,FY 2024-25,3
E101537,FY 2022-23,3
E101537,FY 2023-24,3
E101537,FY 2024-25,3
E101538,FY 2020-21,3
E101538,FY 2021-22,3
E101538,FY 2022-23,3
E101538,FY 2023-24,3
E101538,FY 2024-25,3
E101539,FY 2020-21,3
E101539,FY 2021-22,3
E101539,FY 2022-23,4
E101539,FY 2023-24,5
E101539,FY 2024-25,3
E101540,FY 2021-22,3
E101541,FY 2020-21,5
E101541,FY 2021-22,5
E101542,FY 2020-21,3
E101542,FY 2021-22,4
E101543,FY 2021-22,4
E101543,FY 2022-23,3
E101543,FY 2023-24,4
E101543,FY 2024-25,4
E101544,FY 2020-21,3
E101544,FY 2021-22,3
E101544,FY 2022-23,3
E101544,FY 2023-24,3
E101544,FY 2024-25,4
E101545,FY 2021-22,3
E101545,FY 2022-23,3
E101545,FY 2023-24,3
E101545,FY 2024-25,2
E101546,FY 2020-21,3
E101546,FY 2021-22,4
E101546,FY 2022-23,3
E101547,FY 2020-21,3
E101547,FY 2021-22,2
E101547,FY 2022-23,2
E101548,FY 2020-21,4
E101548,FY 2021-22,3
E101548,FY 2022-23,3
E101549,FY 2021-22,3
E101550,FY 2020-21,3
E101550,FY 2021-22,3
E101550,FY 2022-23,2
E101551,FY 2020-21,3
E101551,FY 2021-22,3
E101551,FY 2022-23,3
E101551,FY 2023-24,3
E101551,FY 2024-25,3
E101552,FY 2020-21,2
E101552,FY 2021-22,1
E101552,FY 2022-23,2
E101552,FY 2023-24,3
E101552,FY 2024-25,1
E101553,FY 2021-22,1
E101554,FY 2020-21,3
E101554,FY 2021-22,4
E101555,FY 2020-21,3
E101555,FY 2021-22,4
E101556,FY 2020-21,4
E101556,FY 2021-22,4
E101556,FY 2022-23,3
E101556,FY 2023-24,4
E101556,FY 2024-25,4
E101557,FY 2020-21,3
E101557,FY 2021-22,5
E101557,FY 2022-23,4
E101557,FY 2023-24,3
E101557,FY 2024-25,5
E101558,FY 2020-21,3
E101558,FY 2021-22,5
E101558,FY 2022-23,4
E101559,FY 2020-21,3
E101559,FY 2021-22,3
E101559,FY 2022-23,3
E101559,FY 2023-24,2
E101559,FY 2024-25,4
E101560,FY 2020-21,3
E101560,FY 2021-22,4
E101560,FY 2022-23,3
E101560,FY 2023-24,3
E101560,FY 2024-25,3
E101561,FY 2020-21,2
E101561,FY 2021-22,2
E101562,FY 2021-22,4
E101562,FY 2022-23,4
E101562,FY 2023-24,4
E101562,FY 2024-25,5
E101563,FY 2020-21,4
E101563,FY 2021-22,3
E101564,FY 2020-21,5
E101564,FY 2021-22,3
E101564,FY 2022-23,4
E101564,FY 2023-24,3
E101564,FY 2024-25,3
E101565,FY 2020-21,3
E101565,FY 2021-22,2
E101566,FY 2020-21,4
E101566,FY 2021-22,4
E101566,FY 2022-23,5
E101566,FY 2023-24,4
E101566,FY 2024-25,3
E101567,FY 2020-21,3
E101567,FY 2021-22,3
E101567,FY 2022-23,3
E101567,FY 2023-24,3
E101568,FY 2020-21,3
E101568,FY 2021-22,3
E101568,FY 2022-23,3
E101568,FY 2023-24,4
E101568,FY 2024-25,3
E101569,FY 2020-21,3
E101569,FY 2021-22,4
E101569,FY 2022-23,4
E101569,FY 2023-24,4
E101569,FY 2024-25,4
E101570,FY 2021-22,3
E101570,FY 2022-23,2
E101570,FY 2023-24,4
E101570,FY 2024-25,2
E101571,FY 2020-21,3
E101571,FY 2021-22,3
E101571,FY 2022-23,3
E101571,FY 2023-24,2
E101571,FY 2024-25,3
E101572,FY 2020-21,5
E101572,FY 2021-22,3
E101572,FY 2022-23,4
E101572,FY 2023-24,4
E101572,FY 2024-25,3
E101573,FY 2020-21,2
E101573,FY 2021-22,1
E101574,FY 2020-21,3
E101574,FY 2021-22,2
E101574,FY 2022-23,3
E101574,FY 2023-24,3
E101574,FY 2024-25,3
E101575,FY 2020-21,4
E101575,FY 2021-22,5
E101575,FY 2022-23,4
E101575,FY 2023-24,3
E101575,FY 2024-25,3
E101576,FY 2020-21,3
E101576,FY 2021-22,3
E101576,FY 2022-23,2
E101576,FY 2023-24,4
E101577,FY 2021-22,3
E101578,FY 2021-22,3
E101578,FY 2022-23,3
E101578,FY 2023-24,3
E101578,FY 2024-25,3
E101579,FY 2020-21,3
E101579,FY 2021-22,4
E101579,FY 2022-23,2
E101580,FY 2021-22,3
E101580,FY 2022-23,3
E101580,FY 2023-24,3
E101580,FY 2024-25,3
E101581,FY 2020-21,4
E101581,FY 2021-22,3
E101581,FY 2022-23,3
E101581,FY 2023-24,4
E101581,FY 2024-25,5
E101582,FY 2021-22,3
E101582,FY 2022-23,3
E101582,FY 2023-24,3
E101582,FY 2024-25,3
E101583,FY 2021-22,3
E101583,FY 2022-23,3
E101583,FY 2023-24,3
E101583,FY 2024-25,3
E101584,FY 2021-22,3
E101585,FY 2021-22,3
E101586,FY 2020-21,3
E101586,FY 2021-22,2
E101587,FY 2020-21,4
E101587,FY 2021-22,2
E101587,FY 2022-23,3
E101587,FY 2023-24,3
E101588,FY 2021-22,4
E101589,FY 2020-21,1
E101589,FY 2021-22,4
E101589,FY 2022-23,4
E101589,FY 2023-24,3
E101589,FY 2024-25,3
E101590,FY 2020-21,3
E101590,FY 2021-22,3
E101590,FY 2022-23,4
E101590,FY 2023-24,3
E101591,FY 2020-21,1
E101591,FY 2021-22,2
E101591,FY 2022-23,1
E101592,FY 2020-21,3
E101592,FY 2021-22,3
E101592,FY 2022-23,2
E101592,FY 2023-24,3
E101592,FY 2024-25,3
E101593,FY 2020-21,2
E101593,FY 2021-22,2
E101593,FY 2022-23,2
E101593,FY 2023-24,2
E101593,FY 2024-25,2
E101594,FY 2020-21,1
E101594,FY 2021-22,2
E101594,FY 2022-23,2
E101594,FY 2023-24,1
E101595,FY 2021-22,3
E101595,FY 2022-23,2
E101595,FY 2023-24,3
E101595,FY 2024-25,3
E101596,FY 2020-21,1
E101596,FY 2021-22,2
E101596,FY 2022-23,2
E101596,FY 2023-24,1
E101597,FY 2020-21,5
E101597,FY 2021-22,3
E101597,FY 2022-23,4
E101597,FY 2023-24,5
E101597,FY 2024-25,4
E101598,FY 2020-21,3
E101598,FY 2021-22,3
E101598,FY 2022-23,2
E101598,FY 2023-24,2
E101598,FY 2024-25,2
E101599,FY 2020-21,5
E101599,FY 2021-22,4
E101599,FY 2022-23,4
E101599,FY 2023-24,4
E101599,FY 2024-25,4
E101600,FY 2020-21,3
E101600,FY 2021-22,2
E101601,FY 2020-21,4
E101601,FY 2021-22,3
E101601,FY 2022-23,4
E101601,FY 2023-24,4
E101601,FY 2024-25,3
E101602,FY 2021-22,4
E101602,FY 2022-23,5
E101602,FY 2023-24,4
E101602,FY 2024-25,4
E101603,FY 2020-21,3
E101603,FY 2021-22,3
E101603,FY 2022-23,4
E101603,FY 2023-24,3
E101603,FY 2024-25,3
E101604,FY 2020-21,3
E101604,FY 2021-22,3
E101605,FY 2020-21,3
E101605,FY 2021-22,2
E101606,FY 2021-22,3
E101606,FY 2022-23,3
E101606,FY 2023-24,3
E101606,FY 2024-25,4
E101607,FY 2020-21,3
E101607,FY 2021-22,4
E101608,FY 2020-21,1
E101608,FY 2021-22,2
E101608,FY 2022-23,2
E101609,FY 2020-21,4
E101609,FY 2021-22,4
E101610,FY 2020-21,3
E101610,FY 2021-22,3
E101610,FY 2022-23,3
E101610,FY 2023-24,3
E101610,FY 2024-25,4
E101611,FY 2020-21,3
E101611,FY 2021-22,2
E101612,FY 2021-22,1
E101613,FY 2021-22,2
E101613,FY 2022-23,3
E101614,FY 2020-21,3
E101614,FY 2021-22,2
E101615,FY 2020-21,3
E101615,FY 2021-22,3
E101616,FY 2020-21,3
E101616,FY 2021-22,2
E101617,FY 2020-21,4
E101617,FY 2021-22,3
E101617,FY 2022-23,3
E101617,FY 2023-24,3
E101617,FY 2024-25,3
E101618,FY 2020-21,5
E101618,FY 2021-22,4
E101618,FY 2022-23,3
E101618,FY 2023-24,5
E101618,FY 2024-25,5
E101619,FY 2021-22,3
E101619,FY 2022-23,2
E101619,FY 2023-24,3
E101620,FY 2020-21,3
E101620,FY 2021-22,3
E101620,FY 2022-23,4
E101620,FY 2023-24,4
E101620,FY 2024-25,4
E101621,FY 2021-22,2
E101622,FY 2021-22,3
E101623,FY 2020-21,2
E101623,FY 2021-22,4
E101623,FY 2022-23,2
E101623,FY 2023-24,2
E101623,FY 2024-25,3
E101624,FY 2021-22,3
E101624,FY 2022-23,4
E101625,FY 2020-21,1
E101625,FY 2021-22,2
E101625,FY 2022-23,3
E101625,FY 2023-24,2
E101625,FY 2024-25,2
E101626,FY 2020-21,1
E101626,FY 2021-22,3
E101626,FY 2022-23,2
E101627,FY 2020-21,4
E101627,FY 2021-22,4
E101628,FY 2021-22,4
E101628,FY 2022-23,4
E101628,FY 2023-24,4
E101628,FY 2024-25,3
E101629,FY 2021-22,3
E101629,FY 2022-23,3
E101629,FY 2023-24,3
E101629,FY 2024-25,5
E101630,FY 2020-21,2
E101630,FY 2021-22,3
E101631,FY 2020-21,4
E101631,FY 2021-22,3
E101632,FY 2021-22,3
E101632,FY 2022-23,2
E101634,FY 2020-21,4
E101634,FY 2021-22,3
E101635,FY 2020-21,3
E101635,FY 2021-22,4
E101635,FY 2022-23,3
E101635,FY 2023-24,3
E101635,FY 2024-25,3
E101636,FY 2020-21,3
E101636,FY 2021-22,3
E101636,FY 2022-23,3
E101637,FY 2021-22,4
E101637,FY 2022-23,4
E101637,FY 2023-24,5
E101637,FY 2024-25,5
E101638,FY 2020-21,3
E101638,FY 2021-22,3
E101638,FY 2022-23,2
E101639,FY 2020-21,3
E101639,FY 2021-22,3
E101639,FY 2022-23,3
E101639,FY 2023-24,3
E101639,FY 2024-25,3
E101640,FY 2020-21,3
E101640,FY 2021-22,3
E101641,FY 2020-21,3
E101641,FY 2021-22,3
E101641,FY 2022-23,3
E101641,FY 2023-24,2
E101641,FY 2024-25,3
E101642,FY 2020-21,4
E101642,FY 2021-22,3
E101642,FY 2022-23,3
E101643,FY 2020-21,3
E101643,FY 2021-22,4
E101643,FY 2022-23,3
E101643,FY 2023-24,3
E101643,FY 2024-25,3
E101644,FY 2020-21,3
E101644,FY 2021-22,1
E101644,FY 2022-23,2
E101645,FY 2021-22,1
E101645,FY 2022-23,1
E101646,FY 2020-21,4
E101646,FY 2021-22,4
E101646,FY 2022-23,3
E101646,FY 2023-24,4
E101646,FY 2024-25,3
E101647,FY 2020-21,5
E101647,FY 2021-22,3
E101647,FY 2022-23,5
E101647,FY 2023-24,4
E101647,FY 2024-25,5
E101648,FY 2020-21,5
E101648,FY 2021-22,5
E101648,FY 2022-23,4
E101648,FY 2023-24,5
E101648,FY 2024-25,5
E101649,FY 2022-23,3
E101649,FY 2023-24,3
E101649,FY 2024-25,4
E101650,FY 2020-21,4
E101650,FY 2021-22,5
E101650,FY 2022-23,5
E101651,FY 2021-22,3
E101651,FY 2022-23,3
E101652,FY 2020-21,5
E101652,FY 2021-22,3
E101652,FY 2022-23,3
E101652,FY 2023-24,3
E101652,FY 2024-25,4
E101653,FY 2020-21,3
E101653,FY 2021-22,3
E101653,FY 2022-23,3
E101653,FY 2023-24,3
E101654,FY 2021-22,3
E101654,FY 2022-23,2
E101654,FY 2023-24,5
E101654,FY 2024-25,3
E101655,FY 2021-22,3
E101655,FY 2022-23,4
E101655,FY 2023-24,3
E101655,FY 2024-25,4
E101656,FY 2020-21,3
E101656,FY 2021-22,2
E101657,FY 2020-21,3
E101657,FY 2021-22,4
E101657,FY 2022-23,5
E101657,FY 2023-24,4
E101658,FY 2020-21,3
E101658,FY 2021-22,3
E101658,FY 2022-23,2
E101658,FY 2023-24,3
E101658,FY 2024-25,3
E101659,FY 2020-21,5
E101659,FY 2021-22,4
E101659,FY 2022-23,3
E101659,FY 2023-24,3
E101660,FY 2020-21,3
E101660,FY 2021-22,4
E101661,FY 2020-21,4
E101661,FY 2021-22,4
E101661,FY 2022-23,3
E101661,FY 2023-24,4
E101661,FY 2024-25,3
E101662,FY 2021-22,3
E101662,FY 2022-23,3
E101662,FY 2023-24,3
E101662,FY 2024-25,4
E101663,FY 2020-21,3
E101663,FY 2021-22,3
E101664,FY 2020-21,3
E101664,FY 2021-22,2
E101665,FY 2020-21,3
E101665,FY 2021-22,3
E101666,FY 2020-21,3
E101666,FY 2021-22,3
E101666,FY 2022-23,3
E101666,FY 2023-24,3
E101666,FY 2024-25,2
E101667,FY 2021-22,3
E101668,FY 2020-21,2
E101668,FY 2021-22,1
E101669,FY 2020-21,2
E101669,FY 2021-22,2
E101669,FY 2022-23,1
E101670,FY 2020-21,2
E101670,FY 2021-22,1
E101671,FY 2020-21,4
E101671,FY 2021-22,4
E101671,FY 2022-23,3
E101671,FY 2023-24,4
E101671,FY 2024-25,2
E101672,FY 2020-21,3
E101672,FY 2021-22,3
E101672,FY 2022-23,3
E101672,FY 2023-24,4
E101672,FY 2024-25,4
E101673,FY 2021-22,1
E101673,FY 2022-23,1
E101673,FY 2023-24,1
E101673,FY 2024-25,1
E101674,FY 2020-21,3
E101674,FY 2021-22,2
E101674,FY 2022-23,1
E101674,FY 2023-24,3
E101674,FY 2024-25,3
E101675,FY 2020-21,3
E101675,FY 2021-22,3
E101675,FY 2022-23,3
E101676,FY 2021-22,3
E101676,FY 2022-23,3
E101676,FY 2023-24,3
E101676,FY 2024-25,3
E101677,FY 2020-21,3
E101677,FY 2021-22,4
E101678,FY 2020-21,4
E101678,FY 2021-22,4
E101679,FY 2020-21,4
E101679,FY 2021-22,3
E101679,FY 2022-23,4
E101679,FY 2023-24,4
E101680,FY 2021-22,4
E101680,FY 2022-23,3
E101680,FY 2023-24,4
E101680,FY 2024-25,2
E101681,FY 2021-22,3
E101681,FY 2022-23,3
E101681,FY 2023-24,3
E101681,FY 2024-25,3
E101682,FY 2021-22,3
E101682,FY 2022-23,3
E101682,FY 2023-24,5
E101682,FY 2024-25,3
E101683,FY 2020-21,3
E101683,FY 2021-22,4
E101684,FY 2020-21,3
E101684,FY 2021-22,2
E101684,FY 2022-23,3
E101684,FY 2023-24,3
E101684,FY 2024-25,3
E101685,FY 2021-22,4
E101685,FY 2022-23,5
E101685,FY 2023-24,5
E101685,FY 2024-25,5
E101686,FY 2020-21,3
E101686,FY 2021-22,3
E101686,FY 2022-23,3
E101686,FY 2023-24,3
E101686,FY 2024-25,2
E101687,FY 2020-21,2
E101687,FY 2021-22,2
E101687,FY 2022-23,1
E101687,FY 2023-24,1
E101687,FY 2024-25,1
E101688,FY 2020-21,3
E101688,FY 2021-22,2
E101688,FY 2022-23,3
E101688,FY 2023-24,3
E101688,FY 2024-25,3
E101689,FY 2021-22,5
E101689,FY 2022-23,5
E101689,FY 2023-24,4
E101689,FY 2024-25,5
E101690,FY 2021-22,3
E101690,FY 2022-23,3
E101690,FY 2023-24,3
E101690,FY 2024-25,2
E101691,FY 2021-22,3
E101691,FY 2022-23,4
E101691,FY 2023-24,4
E101691,FY 2024-25,3
E101692,FY 2021-22,4
E101693,FY 2020-21,3
E101693,FY 2021-22,4
E101693,FY 2022-23,2
E101693,FY 2023-24,3
E101694,FY 2020-21,3
E101694,FY 2021-22,3
E101694,FY 2022-23,3
E101694,FY 2023-24,3
E101694,FY 2024-25,3
E101695,FY 2020-21,5
E101695,FY 2021-22,4
E101695,FY 2022-23,3
E101695,FY 2023-24,4
E101695,FY 2024-25,4
E101696,FY 2020-21,3
E101696,FY 2021-22,2
E101697,FY 2021-22,3
E101697,FY 2022-23,3
E101697,FY 2023-24,2
E101697,FY 2024-25,4
E101698,FY 2021-22,3
E101698,FY 2022-23,3
E101698,FY 2023-24,3
E101698,FY 2024-25,4
E101699,FY 2020-21,5
E101699,FY 2021-22,4
E101699,FY 2022-23,5
E101699,FY 2023-24,4
E101699,FY 2024-25,5
E101700,FY 2020-21,1
E101700,FY 2021-22,2
E101701,FY 2020-21,5
E101701,FY 2021-22,5
E101701,FY 2022-23,5
E101701,FY 2023-24,4
E101701,FY 2024-25,4
E101702,FY 2020-21,4
E101702,FY 2021-22,3
E101702,FY 2022-23,5
E101702,FY 2023-24,4
E101702,FY 2024-25,4
E101703,FY 2020-21,5
E101703,FY 2021-22,4
E101703,FY 2022-23,4
E101703,FY 2023-24,5
E101703,FY 2024-25,4
E101704,FY 2020-21,4
E101704,FY 2021-22,3
E101704,FY 2022-23,5
E101704,FY 2023-24,3
E101704,FY 2024-25,3
E101705,FY 2020-21,5
E101705,FY 2021-22,5
E101706,FY 2021-22,3
E101707,FY 2020-21,3
E101707,FY 2021-22,2
E101707,FY 2022-23,3
E101707,FY 2023-24,3
E101707,FY 2024-25,3
E101708,FY 2020-21,3
E101708,FY 2021-22,3
E101708,FY 2022-23,3
E101708,FY 2023-24,3
E101708,FY 2024-25,3
E101709,FY 2020-21,3
E101709,FY 2021-22,5
E101709,FY 2022-23,3
E101709,FY 2023-24,3
E101709,FY 2024-25,3
E101710,FY 2021-22,3
E101710,FY 2022-23,3
E101710,FY 2023-24,3
E101710,FY 2024-25,3
E101711,FY 2020-21,3
E101711,FY 2021-22,5
E101711,FY 2022-23,5
E101711,FY 2023-24,5
E101712,FY 2020-21,2
E101712,FY 2021-22,2
E101712,FY 2022-23,2
E101712,FY 2023-24,2
E101712,FY 2024-25,1
E101713,FY 2020-21,3
E101713,FY 2021-22,3
E101713,FY 2022-23,3
E101713,FY 2023-24,3
E101713,FY 2024-25,3
E101714,FY 2020-21,2
E101714,FY 2021-22,3
E101714,FY 2022-23,1
E101714,FY 2023-24,2
E101714,FY 2024-25,3
E101715,FY 2020-21,3
E101715,FY 2021-22,3
E101715,FY 2022-23,3
E101715,FY 2023-24,3
E101715,FY 2024-25,4
E101716,FY 2020-21,3
E101716,FY 2021-22,3
E101716,FY 2022-23,4
E101716,FY 2023-24,3
E101716,FY 2024-25,4
E101717,FY 2020-21,2
E101717,FY 2021-22,2
E101717,FY 2022-23,4
E101717,FY 2023-24,3
E101717,FY 2024-25,3
E101718,FY 2021-22,3
E101718,FY 2022-23,2
E101718,FY 2023-24,3
E101718,FY 2024-25,3
E101719,FY 2020-21,2
E101719,FY 2021-22,4
E101720,FY 2021-22,5
E101720,FY 2022-23,5
E101720,FY 2023-24,5
E101720,FY 2024-25,5
E101721,FY 2020-21,4
E101721,FY 2021-22,4
E101722,FY 2020-21,4
E101722,FY 2021-22,5
E101722,FY 2022-23,5
E101722,FY 2023-24,5
E101722,FY 2024-25,4
E101723,FY 2020-21,1
E101723,FY 2021-22,2
E101723,FY 2022-23,2
E101723,FY 2023-24,1
E101723,FY 2024-25,3
E101724,FY 2020-21,3
E101724,FY 2021-22,3
E101724,FY 2022-23,4
E101724,FY 2023-24,3
E101724,FY 2024-25,4
E101725,FY 2021-22,1
E101725,FY 2022-23,2
E101726,FY 2020-21,2
E101726,FY 2021-22,3
E101726,FY 2022-23,3
E101726,FY 2023-24,2
E101726,FY 2024-25,2
E101727,FY 2021-22,2
E101727,FY 2022-23,3
E101727,FY 2023-24,3
E101727,FY 2024-25,3
E101728,FY 2020-21,3
E101728,FY 2021-22,3
E101728,FY 2022-23,3
E101728,FY 2023-24,2
E101728,FY 2024-25,3
E101729,FY 2020-21,4
E101729,FY 2021-22,4
E101730,FY 2020-21,4
E101730,FY 2021-22,5
E101730,FY 2022-23,4
E101730,FY 2023-24,4
E101730,FY 2024-25,3
E101731,FY 2020-21,3
E101731,FY 2021-22,3
E101731,FY 2022-23,3
E101731,FY 2023-24,4
E101731,FY 2024-25,2
E101732,FY 2020-21,4
E101732,FY 2021-22,4
E101732,FY 2022-23,4
E101732,FY 2023-24,4
E101732,FY 2024-25,3
E101733,FY 2020-21,2
E101733,FY 2021-22,3
E101734,FY 2020-21,3
E101734,FY 2021-22,3
E101735,FY 2020-21,2
E101735,FY 2021-22,3
E101735,FY 2022-23,3
E101735,FY 2023-24,3
E101735,FY 2024-25,3
E101736,FY 2020-21,4
E101736,FY 2021-22,4
E101736,FY 2022-23,3
E101736,FY 2023-24,4
E101736,FY 2024-25,3
E101737,FY 2020-21,3
E101737,FY 2021-22,3
E101737,FY 2022-23,3
E101737,FY 2023-24,3
E101737,FY 2024-25,3
E101738,FY 2020-21,3
E101738,FY 2021-22,3
E101738,FY 2022-23,4
E101738,FY 2023-24,3
E101738,FY 2024-25,4
E101739,FY 2021-22,3
E101739,FY 2022-23,2
E101739,FY 2023-24,4
E101739,FY 2024-25,3
E101740,FY 2022-23,1
E101741,FY 2020-21,1
E101741,FY 2021-22,2
E101741,FY 2022-23,2
E101741,FY 2023-24,2
E101741,FY 2024-25,1
E101742,FY 2020-21,5
E101742,FY 2021-22,4
E101742,FY 2022-23,3
E101743,FY 2020-21,4
E101743,FY 2021-22,4
E101743,FY 2022-23,4
E101743,FY 2023-24,3
E101743,FY 2024-25,3
E101744,FY 2020-21,3
E101744,FY 2021-22,3
E101745,FY 2020-21,1
E101745,FY 2021-22,3
E101745,FY 2022-23,1
E101746,FY 2021-22,4
E101747,FY 2020-21,3
E101747,FY 2021-22,3
E101747,FY 2022-23,3
E101747,FY 2023-24,3
E101747,FY 2024-25,3
E101748,FY 2020-21,5
E101748,FY 2021-22,4
E101749,FY 2020-21,2
E101749,FY 2021-22,3
E101749,FY 2022-23,1
E101750,FY 2020-21,3
E101750,FY 2021-22,2
E101751,FY 2021-22,3
E101751,FY 2022-23,3
E101751,FY 2023-24,3
E101751,FY 2024-25,3
E101752,FY 2021-22,5
E101752,FY 2022-23,3
E101752,FY 2023-24,3
E101752,FY 2024-25,3
E101753,FY 2021-22,4
E101753,FY 2022-23,4
E101753,FY 2023-24,4
E101755,FY 2020-21,4
E101755,FY 2021-22,4
E101755,FY 2022-23,3
E101755,FY 2023-24,4
E101755,FY 2024-25,3
E101756,FY 2020-21,3
E101756,FY 2021-22,3
E101756,FY 2022-23,4
E101756,FY 2023-24,3
E101757,FY 2020-21,3
E101757,FY 2021-22,3
E101758,FY 2020-21,2
E101758,FY 2021-22,3
E101758,FY 2022-23,1
E101758,FY 2023-24,3
E101758,FY 2024-25,2
E101759,FY 2020-21,4
E101759,FY 2021-22,4
E101759,FY 2022-23,4
E101759,FY 2023-24,4
E101759,FY 2024-25,3
E101760,FY 2020-21,2
E101760,FY 2021-22,2
E101761,FY 2020-21,3
E101761,FY 2021-22,4
E101761,FY 2022-23,4
E101761,FY 2023-24,4
E101761,FY 2024-25,4
E101762,FY 2020-21,2
E101762,FY 2021-22,1
E101763,FY 2020-21,2
E101763,FY 2021-22,3
E101763,FY 2022-23,3
E101763,FY 2023-24,3
E101763,FY 2024-25,2
E101764,FY 2020-21,3
E101764,FY 2021-22,3
E101765,FY 2020-21,4
E101765,FY 2021-22,3
E101765,FY 2022-23,4
E101765,FY 2023-24,3
E101766,FY 2021-22,5
E101766,FY 2022-23,4
E101766,FY 2023-24,5
E101766,FY 2024-25,3
E101767,FY 2020-21,2
E101767,FY 2021-22,4
E101767,FY 2022-23,2
E101767,FY 2023-24,3
E101767,FY 2024-25,2
E101768,FY 2021-22,3
E101768,FY 2022-23,3
E101768,FY 2023-24,3
E101768,FY 2024-25,2
E101769,FY 2020-21,2
E101769,FY 2021-22,1
E101770,FY 2020-21,3
E101770,FY 2021-22,3
E101770,FY 2022-23,3
E101770,FY 2023-24,2
E101771,FY 2020-21,4
E101771,FY 2021-22,3
E101771,FY 2022-23,3
E101771,FY 2023-24,3
E101771,FY 2024-25,5
E101772,FY 2020-21,3
E101772,FY 2021-22,3
E101772,FY 2022-23,2
E101772,FY 2023-24,3
E101773,FY 2020-21,3
E101773,FY 2021-22,3
E101773,FY 2022-23,3
E101774,FY 2021-22,4
E101774,FY 2022-23,3
E101774,FY 2023-24,4
E101774,FY 2024-25,5
E101775,FY 2020-21,3
E101775,FY 2021-22,3
E101775,FY 2022-23,4
E101775,FY 2023-24,3
E101775,FY 2024-25,3
E101776,FY 2020-21,5
E101776,FY 2021-22,5
E101776,FY 2022-23,5
E101777,FY 2020-21,4
E101777,FY 2021-22,4
E101777,FY 2022-23,4
E101777,FY 2023-24,5
E101777,FY 2024-25,5
E101778,FY 2020-21,3
E101778,FY 2021-22,2
E101778,FY 2022-23,2
E101779,FY 2021-22,4
E101779,FY 2022-23,4
E101779,FY 2023-24,3
E101780,FY 2020-21,4
E101780,FY 2021-22,4
E101781,FY 2020-21,5
E101781,FY 2021-22,5
E101782,FY 2020-21,3
E101782,FY 2021-22,3
E101782,FY 2022-23,2
E101782,FY 2023-24,1
E101783,FY 2021-22,2
E101783,FY 2022-23,3
E101784,FY 2020-21,3
E101784,FY 2021-22,3
E101785,FY 2021-22,2
E101785,FY 2022-23,2
E101785,FY 2023-24,2
E101785,FY 2024-25,1
E101786,FY 2020-21,3
E101786,FY 2021-22,4
E101786,FY 2022-23,4
E101786,FY 2023-24,4
E101786,FY 2024-25,3
E101787,FY 2020-21,4
E101787,FY 2021-22,3
E101788,FY 2020-21,3
E101788,FY 2021-22,3
E101788,FY 2022-23,3
E101789,FY 2021-22,2
E101789,FY 2022-23,3
E101790,FY 2020-21,2
E101790,FY 2021-22,2
E101791,FY 2021-22,4
E101791,FY 2022-23,2
E101791,FY 2023-24,4
E101791,FY 2024-25,4
E101792,FY 2022-23,3
E101792,FY 2023-24,3
E101792,FY 2024-25,3
E101793,FY 2021-22,1
E101793,FY 2022-23,3
E101793,FY 2023-24,2
E101793,FY 2024-25,1
E101795,FY 2021-22,3
E101795,FY 2022-23,4
E101795,FY 2023-24,3
E101795,FY 2024-25,3
E101796,FY 2020-21,3
E101796,FY 2021-22,3
E101796,FY 2022-23,3
E101796,FY 2023-24,1
E101797,FY 2021-22,4
E101797,FY 2022-23,3
E101797,FY 2023-24,3
E101798,FY 2021-22,3
E101799,FY 2020-21,3
E101799,FY 2021-22,4
E101799,FY 2022-23,4
E101799,FY 2023-24,2
E101799,FY 2024-25,3
E101800,FY 2020-21,3
E101800,FY 2021-22,4
E101800,FY 2022-23,5
E101800,FY 2023-24,4
E101800,FY 2024-25,4
E101801,FY 2022-23,2
E101801,FY 2023-24,3
E101801,FY 2024-25,3
E101802,FY 2021-22,3
E101802,FY 2022-23,4
E101802,FY 2023-24,4
E101802,FY 2024-25,3
E101803,FY 2021-22,3
E101803,FY 2022-23,3
E101803,FY 2023-24,3
E101803,FY 2024-25,4
E101804,FY 2020-21,2
E101804,FY 2021-22,3
E101804,FY 2022-23,3
E101804,FY 2023-24,3
E101804,FY 2024-25,3
E101805,FY 2021-22,2
E101805,FY 2022-23,3
E101805,FY 2023-24,2
E101805,FY 2024-25,3
E101806,FY 2020-21,3
E101806,FY 2021-22,4
E101806,FY 2022-23,4
E101806,FY 2023-24,3
E101806,FY 2024-25,4
E101807,FY 2020-21,2
E101807,FY 2021-22,1
E101807,FY 2022-23,3
E101808,FY 2020-21,3
E101808,FY 2021-22,3
E101808,FY 2022-23,3
E101808,FY 2023-24,3
E101808,FY 2024-25,4
E101809,FY 2021-22,2
E101809,FY 2022-23,2
E101810,FY 2021-22,3
E101810,FY 2022-23,3
E101810,FY 2023-24,3
E101810,FY 2024-25,4
E101811,FY 2021-22,3
E101812,FY 2020-21,4
E101812,FY 2021-22,4
E101812,FY 2022-23,4
E101812,FY 2023-24,3
E101812,FY 2024-25,3
E101813,FY 2021-22,3
E101814,FY 2020-21,3
E101814,FY 2021-22,2
E101815,FY 2021-22,5
E101815,FY 2022-23,3
E101815,FY 2023-24,3
E101815,FY 2024-25,4
E101816,FY 2021-22,3
E101816,FY 2022-23,3
E101816,FY 2023-24,3
E101816,FY 2024-25,2
E101817,FY 2020-21,3
E101817,FY 2021-22,4
E101817,FY 2022-23,2
E101817,FY 2023-24,4
E101817,FY 2024-25,5
E101818,FY 2020-21,3
E101818,FY 2021-22,2
E101818,FY 2022-23,3
E101818,FY 2023-24,3
E101818,FY 2024-25,2
E101819,FY 2020-21,3
E101819,FY 2021-22,5
E101819,FY 2022-23,4
E101819,FY 2023-24,4
E101819,FY 2024-25,4
E101820,FY 2020-21,1
E101820,FY 2021-22,1
E101821,FY 2020-21,5
E101821,FY 2021-22,5
E101821,FY 2022-23,4
E101821,FY 2023-24,4
E101821,FY 2024-25,4
E101822,FY 2020-21,2
E101822,FY 2021-22,3
E101823,FY 2022-23,1
E101823,FY 2023-24,3
E101823,FY 2024-25,2
E101824,FY 2021-22,3
E101825,FY 2020-21,4
E101825,FY 2021-22,4
E101825,FY 2022-23,3
E101825,FY 2023-24,3
E101825,FY 2024-25,3
E101826,FY 2021-22,3
E101826,FY 2022-23,3
E101826,FY 2023-24,4
E101826,FY 2024-25,4
E101827,FY 2020-21,3
E101827,FY 2021-22,3
E101827,FY 2022-23,3
E101827,FY 2023-24,3
E101827,FY 2024-25,3
E101828,FY 2020-21,3
E101828,FY 2021-22,4
E101828,FY 2022-23,3
E101829,FY 2020-21,5
E101829,FY 2021-22,4
E101829,FY 2022-23,4
E101829,FY 2023-24,4
E101829,FY 2024-25,5
E101830,FY 2020-21,3
E101830,FY 2021-22,3
E101830,FY 2022-23,2
E101831,FY 2020-21,3
E101831,FY 2021-22,3
E101831,FY 2022-23,2
E101832,FY 2020-21,4
E101832,FY 2021-22,3
E101832,FY 2022-23,3
E101832,FY 2023-24,4
E101832,FY 2024-25,5
E101833,FY 2020-21,4
E101833,FY 2021-22,3
E101833,FY 2022-23,3
E101833,FY 2023-24,5
E101833,FY 2024-25,3
E101834,FY 2020-21,3
E101834,FY 2021-22,3
E101834,FY 2022-23,3
E101834,FY 2023-24,3
E101834,FY 2024-25,3
E101835,FY 2020-21,3
E101835,FY 2021-22,3
E101835,FY 2022-23,2
E101835,FY 2023-24,4
E101835,FY 2024-25,3
E101836,FY 2020-21,4
E101836,FY 2021-22,4
E101836,FY 2022-23,5
E101836,FY 2023-24,5
E101836,FY 2024-25,3
E101837,FY 2020-21,2
E101837,FY 2021-22,3
E101838,FY 2020-21,3
E101838,FY 2021-22,3
E101838,FY 2022-23,3
E101838,FY 2023-24,3
E101838,FY 2024-25,3
E101839,FY 2021-22,3
E101839,FY 2022-23,4
E101839,FY 2023-24,3
E101840,FY 2020-21,2
E101840,FY 2021-22,3
E101840,FY 2022-23,4
E101840,FY 2023-24,3
E101840,FY 2024-25,3
E101841,FY 2020-21,3
E101841,FY 2021-22,3
E101841,FY 2022-23,3
E101841,FY 2023-24,3
E101842,FY 2020-21,3
E101842,FY 2021-22,3
E101842,FY 2022-23,3
E101842,FY 2023-24,4
E101842,FY 2024-25,3
E101843,FY 2021-22,4
E101844,FY 2020-21,2
E101844,FY 2021-22,2
E101845,FY 2020-21,3
E101845,FY 2021-22,3
E101845,FY 2022-23,3
E101846,FY 2020-21,4
E101846,FY 2021-22,3
E101846,FY 2022-23,3
E101847,FY 2020-21,4
E101847,FY 2021-22,3
E101847,FY 2022-23,5
E101847,FY 2023-24,4
E101848,FY 2020-21,3
E101848,FY 2021-22,3
E101848,FY 2022-23,3
E101848,FY 2023-24,3
E101848,FY 2024-25,4
E101849,FY 2021-22,3
E101850,FY 2020-21,3
E101850,FY 2021-22,3
E101850,FY 2022-23,3
E101850,FY 2023-24,2
E101850,FY 2024-25,2
E101851,FY 2020-21,3
E101851,FY 2021-22,4
E101851,FY 2022-23,4
E101852,FY 2021-22,4
E101853,FY 2020-21,3
E101853,FY 2021-22,3
E101853,FY 2022-23,3
E101853,FY 2023-24,3
E101853,FY 2024-25,3
E101854,FY 2020-21,2
E101854,FY 2021-22,2
E101854,FY 2022-23,3
E101854,FY 2023-24,3
E101854,FY 2024-25,2
E101855,FY 2020-21,3
E101855,FY 2021-22,3
E101855,FY 2022-23,3
E101855,FY 2023-24,4
E101855,FY 2024-25,4
E101856,FY 2020-21,5
E101856,FY 2021-22,3
E101856,FY 2022-23,4
E101856,FY 2023-24,5
E101856,FY 2024-25,3
E101857,FY 2020-21,3
E101857,FY 2021-22,5
E101857,FY 2022-23,3
E101857,FY 2023-24,4
E101857,FY 2024-25,4
E101858,FY 2020-21,3
E101858,FY 2021-22,3
E101858,FY 2022-23,1
E101858,FY 2023-24,3
E101859,FY 2021-22,2
E101860,FY 2020-21,5
E101860,FY 2021-22,3
E101860,FY 2022-23,4
E101862,FY 2021-22,4
E101862,FY 2022-23,3
E101862,FY 2023-24,4
E101862,FY 2024-25,3
E101863,FY 2021-22,5
E101863,FY 2022-23,3
E101863,FY 2023-24,3
E101863,FY 2024-25,3
E101864,FY 2021-22,4
E101864,FY 2022-23,4
E101864,FY 2023-24,3
E101864,FY 2024-25,5
E101865,FY 2021-22,3
E101865,FY 2022-23,3
E101865,FY 2023-24,4
E101865,FY 2024-25,3
E101866,FY 2020-21,3
E101866,FY 2021-22,3
E101866,FY 2022-23,3
E101866,FY 2023-24,3
E101866,FY 2024-25,3
E101867,FY 2021-22,2
E101867,FY 2022-23,2
E101867,FY 2023-24,2
E101867,FY 2024-25,3
E101868,FY 2020-21,2
E101868,FY 2021-22,1
E101868,FY 2022-23,1
E101868,FY 2023-24,1
E101868,FY 2024-25,2
E101870,FY 2020-21,3
E101870,FY 2021-22,3
E101870,FY 2022-23,2
E101871,FY 2020-21,4
E101871,FY 2021-22,3
E101871,FY 2022-23,3
E101871,FY 2023-24,3
E101872,FY 2021-22,3
E101873,FY 2021-22,3
E101874,FY 2020-21,3
E101874,FY 2021-22,1
E101875,FY 2020-21,4
E101875,FY 2021-22,3
E101875,FY 2022-23,4
E101875,FY 2023-24,3
E101875,FY 2024-25,3
E101876,FY 2020-21,1
E101876,FY 2021-22,1
E101877,FY 2021-22,3
E101877,FY 2022-23,4
E101877,FY 2023-24,5
E101877,FY 2024-25,4
E101878,FY 2021-22,4
E101878,FY 2022-23,3
E101878,FY 2023-24,4
E101878,FY 2024-25,5
E101879,FY 2020-21,3
E101879,FY 2021-22,4
E101879,FY 2022-23,4
E101879,FY 2023-24,3
E101879,FY 2024-25,3
E101880,FY 2020-21,5
E101880,FY 2021-22,5
E101881,FY 2020-21,3
E101881,FY 2021-22,3
E101882,FY 2021-22,4
E101882,FY 2022-23,3
E101883,FY 2020-21,3
E101883,FY 2021-22,3
E101884,FY 2021-22,3
E101884,FY 2022-23,2
E101884,FY 2023-24,3
E101884,FY 2024-25,3
E101885,FY 2021-22,4
E101885,FY 2022-23,3
E101885,FY 2023-24,4
E101885,FY 2024-25,3
E101886,FY 2020-21,4
E101886,FY 2021-22,4
E101886,FY 2022-23,5
E101886,FY 2023-24,4
E101886,FY 2024-25,4
E101887,FY 2021-22,2
E101887,FY 2022-23,2
E101888,FY 2020-21,4
E101888,FY 2021-22,4
E101888,FY 2022-23,4
E101888,FY 2023-24,3
E101888,FY 2024-25,3
E101889,FY 2020-21,5
E101889,FY 2021-22,4
E101889,FY 2022-23,3
E101889,FY 2023-24,4
E101889,FY 2024-25,4
E101890,FY 2021-22,3
E101890,FY 2022-23,4
E101891,FY 2020-21,3
E101891,FY 2021-22,3
E101892,FY 2020-21,3
E101892,FY 2021-22,3
E101892,FY 2022-23,3
E101892,FY 2023-24,3
E101892,FY 2024-25,3
E101893,FY 2021-22,3
E101894,FY 2021-22,3
E101894,FY 2022-23,3
E101894,FY 2023-24,3
E101894,FY 2024-25,3
E101895,FY 2020-21,3
E101895,FY 2021-22,3
E101895,FY 2022-23,4
E101895,FY 2023-24,4
E101895,FY 2024-25,3
E101896,FY 2021-22,5
E101896,FY 2022-23,4
E101896,FY 2023-24,3
E101896,FY 2024-25,5
E101897,FY 2021-22,3
E101898,FY 2020-21,3
E101898,FY 2021-22,3
E101898,FY 2022-23,3
E101898,FY 2023-24,3
E101899,FY 2020-21,2
E101899,FY 2021-22,1
E101899,FY 2022-23,3
E101899,FY 2023-24,2
E101900,FY 2020-21,4
E101900,FY 2021-22,4
E101900,FY 2022-23,5
E101900,FY 2023-24,3
E101900,FY 2024-25,4
E101901,FY 2020-21,3
E101901,FY 2021-22,3
E101901,FY 2022-23,3
E101901,FY 2023-24,3
E101901,FY 2024-25,3
E101902,FY 2021-22,5
E101902,FY 2022-23,4
E101902,FY 2023-24,3
E101902,FY 2024-25,3
E101903,FY 2020-21,1
E101903,FY 2021-22,1
E101904,FY 2020-21,2
E101904,FY 2021-22,3
E101904,FY 2022-23,2
E101904,FY 2023-24,2
E101904,FY 2024-25,3
E101905,FY 2020-21,3
E101905,FY 2021-22,2
E101905,FY 2022-23,3
E101905,FY 2023-24,3
E101905,FY 2024-25,2
E101906,FY 2020-21,4
E101906,FY 2021-22,4
E101907,FY 2020-21,3
E101907,FY 2021-22,5
E101907,FY 2022-23,4
E101907,FY 2023-24,4
E101907,FY 2024-25,4
E101908,FY 2020-21,5
E101908,FY 2021-22,5
E101908,FY 2022-23,3
E101908,FY 2023-24,4
E101908,FY 2024-25,5
E101909,FY 2021-22,5
E101909,FY 2022-23,4
E101909,FY 2023-24,4
E101910,FY 2020-21,3
E101910,FY 2021-22,4
E101910,FY 2022-23,3
E101910,FY 2023-24,2
E101910,FY 2024-25,3
E101911,FY 2021-22,3
E101911,FY 2022-23,5
E101911,FY 2023-24,5
E101911,FY 2024-25,3
E101912,FY 2021-22,1
E101913,FY 2020-21,3
E101913,FY 2021-22,3
E101913,FY 2022-23,3
E101913,FY 2023-24,3
E101913,FY 2024-25,3
E101914,FY 2020-21,1
E101914,FY 2021-22,2
E101915,FY 2020-21,3
E101915,FY 2021-22,3
E101915,FY 2022-23,3
E101915,FY 2023-24,3
E101915,FY 2024-25,3
E101916,FY 2021-22,3
E101916,FY 2022-23,3
E101916,FY 2023-24,4
E101916,FY 2024-25,2
E101917,FY 2020-21,4
E101917,FY 2021-22,3
E101917,FY 2022-23,3
E101917,FY 2023-24,3
E101917,FY 2024-25,3
E101918,FY 2020-21,2
E101918,FY 2021-22,3
E101918,FY 2022-23,4
E101918,FY 2023-24,3
E101918,FY 2024-25,3
E101919,FY 2020-21,3
E101919,FY 2021-22,4
E101919,FY 2022-23,4
E101919,FY 2023-24,3
E101919,FY 2024-25,3
E101920,FY 2020-21,3
E101920,FY 2021-22,3
E101921,FY 2020-21,3
E101921,FY 2021-22,4
E101921,FY 2022-23,4
E101922,FY 2020-21,5
E101922,FY 2021-22,4
E101922,FY 2022-23,3
E101922,FY 2023-24,3
E101922,FY 2024-25,3
E101923,FY 2020-21,3
E101923,FY 2021-22,3
E101923,FY 2022-23,3
E101923,FY 2023-24,4
E101923,FY 2024-25,3
E101924,FY 2020-21,3
E101924,FY 2021-22,2
E101924,FY 2022-23,3
E101925,FY 2020-21,3
E101925,FY 2021-22,2
E101925,FY 2022-23,2
E101925,FY 2023-24,4
E101926,FY 2020-21,4
E101926,FY 2021-22,4
E101926,FY 2022-23,5
E101926,FY 2023-24,4
E101926,FY 2024-25,4
E101927,FY 2020-21,2
E101927,FY 2021-22,2
E101928,FY 2020-21,3
E101928,FY 2021-22,3
E101928,FY 2022-23,2
E101928,FY 2023-24,3
E101928,FY 2024-25,2
E101929,FY 2021-22,5
E101929,FY 2022-23,4
E101929,FY 2023-24,5
E101929,FY 2024-25,4
E101930,FY 2020-21,4
E101930,FY 2021-22,5
E101931,FY 2020-21,3
E101931,FY 2021-22,2
E101932,FY 2020-21,2
E101932,FY 2021-22,2
E101932,FY 2022-23,2
E101932,FY 2023-24,2
E101932,FY 2024-25,2
E101933,FY 2020-21,3
E101933,FY 2021-22,3
E101933,FY 2022-23,3
E101933,FY 2023-24,3
E101933,FY 2024-25,3
E101934,FY 2021-22,3
E101934,FY 2022-23,3
E101934,FY 2023-24,2
E101935,FY 2020-21,3
E101935,FY 2021-22,1
E101936,FY 2020-21,3
E101936,FY 2021-22,1
E101936,FY 2022-23,3
E101937,FY 2020-21,2
E101937,FY 2021-22,4
E101937,FY 2022-23,3
E101937,FY 2023-24,3
E101937,FY 2024-25,3
E101938,FY 2020-21,2
E101938,FY 2021-22,3
E101939,FY 2020-21,3
E101939,FY 2021-22,3
E101939,FY 2022-23,3
E101939,FY 2023-24,3
E101939,FY 2024-25,3
E101940,FY 2021-22,4
E101941,FY 2020-21,3
E101941,FY 2021-22,2
E101941,FY 2022-23,3
E101941,FY 2023-24,4
E101942,FY 2021-22,3
E101943,FY 2020-21,4
E101943,FY 2021-22,3
E101944,FY 2020-21,3
E101944,FY 2021-22,3
E101944,FY 2022-23,3
E101944,FY 2023-24,3
E101944,FY 2024-25,4
E101945,FY 2020-21,3
E101945,FY 2021-22,2
E101946,FY 2021-22,4
E101947,FY 2020-21,4
E101947,FY 2021-22,4
E101947,FY 2022-23,3
E101947,FY 2023-24,3
E101947,FY 2024-25,4
E101948,FY 2021-22,5
E101948,FY 2022-23,4
E101949,FY 2020-21,3
E101949,FY 2021-22,2
E101949,FY 2022-23,3
E101949,FY 2023-24,2
E101949,FY 2024-25,3
E101950,FY 2020-21,1
E101950,FY 2021-22,1
E101950,FY 2022-23,3
E101950,FY 2023-24,2
E101950,FY 2024-25,1
E101951,FY 2020-21,2
E101951,FY 2021-22,3
E101952,FY 2020-21,3
E101952,FY 2021-22,3
E101953,FY 2021-22,3
E101953,FY 2022-23,3
E101953,FY 2023-24,3
E101953,FY 2024-25,3
E101954,FY 2021-22,5
E101954,FY 2022-23,5
E101954,FY 2023-24,5
E101954,FY 2024-25,5
E101955,FY 2020-21,3
E101955,FY 2021-22,3
E101956,FY 2021-22,2
E101956,FY 2022-23,1
E101957,FY 2020-21,5
E101957,FY 2021-22,3
E101957,FY 2022-23,4
E101957,FY 2023-24,3
E101957,FY 2024-25,5
E101958,FY 2020-21,3
E101958,FY 2021-22,3
E101958,FY 2022-23,2
E101958,FY 2023-24,3
E101958,FY 2024-25,4
E101959,FY 2020-21,4
E101959,FY 2021-22,3
E101959,FY 2022-23,4
E101959,FY 2023-24,4
E101960,FY 2020-21,5
E101960,FY 2021-22,5
E101960,FY 2022-23,5
E101960,FY 2023-24,5
E101961,FY 2020-21,1
E101961,FY 2021-22,1
E101961,FY 2022-23,1
E101961,FY 2023-24,1
E101961,FY 2024-25,2
E101962,FY 2020-21,3
E101962,FY 2021-22,4
E101962,FY 2022-23,4
E101962,FY 2023-24,3
E101962,FY 2024-25,4
E101963,FY 2020-21,4
E101963,FY 2021-22,3
E101963,FY 2022-23,3
E101964,FY 2021-22,3
E101965,FY 2020-21,3
E101965,FY 2021-22,2
E101965,FY 2022-23,3
E101965,FY 2023-24,4
E101965,FY 2024-25,3
E101966,FY 2021-22,5
E101966,FY 2022-23,3
E101966,FY 2023-24,4
E101967,FY 2022-23,3
E101967,FY 2023-24,3
E101968,FY 2021-22,5
E101968,FY 2022-23,4
E101968,FY 2023-24,4
E101969,FY 2020-21,3
E101969,FY 2021-22,2
E101970,FY 2021-22,3
E101970,FY 2022-23,3
E101970,FY 2023-24,3
E101970,FY 2024-25,2
E101971,FY 2020-21,2
E101971,FY 2021-22,3
E101972,FY 2020-21,4
E101972,FY 2021-22,5
E101972,FY 2022-23,5
E101972,FY 2023-24,4
E101972,FY 2024-25,5
E101973,FY 2021-22,3
E101973,FY 2022-23,1
E101974,FY 2020-21,2
E101974,FY 2021-22,2
E101975,FY 2020-21,2
E101975,FY 2021-22,3
E101975,FY 2022-23,3
E101975,FY 2023-24,3
E101975,FY 2024-25,3
E101976,FY 2021-22,4
E101976,FY 2022-23,2
E101976,FY 2023-24,3
E101976,FY 2024-25,3
E101977,FY 2020-21,3
E101977,FY 2021-22,3
E101977,FY 2022-23,2
E101977,FY 2023-24,2
E101978,FY 2020-21,1
E101978,FY 2021-22,2
E101979,FY 2020-21,3
E101979,FY 2021-22,3
E101979,FY 2022-23,3
E101979,FY 2023-24,3
E101979,FY 2024-25,3
E101980,FY 2020-21,5
E101980,FY 2021-22,3
E101980,FY 2022-23,4
E101980,FY 2023-24,4
E101980,FY 2024-25,5
E101981,FY 2020-21,3
E101981,FY 2021-22,3
E101982,FY 2020-21,3
E101982,FY 2021-22,2
E101982,FY 2022-23,2
E101983,FY 2020-21,4
E101983,FY 2021-22,3
E101983,FY 2022-23,3
E101983,FY 2023-24,4
E101983,FY 2024-25,3
E101984,FY 2020-21,3
E101984,FY 2021-22,3
E101985,FY 2022-23,3
E101985,FY 2023-24,5
E101986,FY 2020-21,2
E101986,FY 2021-22,1
E101986,FY 2022-23,1
E101986,FY 2023-24,1
E101986,FY 2024-25,1
E101987,FY 2021-22,3
E101987,FY 2022-23,3
E101987,FY 2023-24,4
E101987,FY 2024-25,4
E101988,FY 2021-22,3
E101988,FY 2022-23,4
E101988,FY 2023-24,3
E101988,FY 2024-25,3
E101989,FY 2020-21,1
E101989,FY 2021-22,3
E101989,FY 2022-23,3
E101989,FY 2023-24,2
E101989,FY 2024-25,3
E101990,FY 2021-22,4
E101990,FY 2022-23,5
E101990,FY 2023-24,4
E101990,FY 2024-25,4
E101991,FY 2022-23,3
E101991,FY 2023-24,2
E101991,FY 2024-25,3
E101992,FY 2020-21,3
E101992,FY 2021-22,3
E101993,FY 2020-21,4
E101993,FY 2021-22,3
E101993,FY 2022-23,5
E101993,FY 2023-24,3
E101993,FY 2024-25,3
E101994,FY 2021-22,3
E101995,FY 2021-22,3
E101995,FY 2022-23,4
E101995,FY 2023-24,3
E101995,FY 2024-25,5
E101996,FY 2021-22,3
E101996,FY 2022-23,5
E101996,FY 2023-24,5
E101996,FY 2024-25,4
E101997,FY 2020-21,4
E101997,FY 2021-22,3
E101997,FY 2022-23,2
E101997,FY 2023-24,3
E101997,FY 2024-25,3
E101998,FY 2020-21,4
E101998,FY 2021-22,4
E101998,FY 2022-23,3
E101998,FY 2023-24,4
E101998,FY 2024-25,4
E101999,FY 2021-22,3
E101999,FY 2022-23,3
E101999,FY 2023-24,3
E101999,FY 2024-25,3
E102000,FY 2020-21,3
E102000,FY 2021-22,3
E102000,FY 2022-23,3
E102000,FY 2023-24,3
E102000,FY 2024-25,3
E102001,FY 2020-21,3
E102001,FY 2021-22,3
E102002,FY 2020-21,4
E102002,FY 2021-22,4
E102003,FY 2020-21,4
E102003,FY 2021-22,5
E102003,FY 2022-23,4
E102003,FY 2023-24,5
E102003,FY 2024-25,5
E102004,FY 2021-22,4
E102004,FY 2022-23,3
E102004,FY 2023-24,3
E102004,FY 2024-25,3
E102005,FY 2020-21,4
E102005,FY 2021-22,4
E102005,FY 2022-23,3
E102005,FY 2023-24,4
E102005,FY 2024-25,4
E102006,FY 2020-21,2
E102006,FY 2021-22,3
E102006,FY 2022-23,2
E102006,FY 2023-24,2
E102007,FY 2021-22,3
E102008,FY 2021-22,3
E102008,FY 2022-23,4
E102009,FY 2021-22,2
E102009,FY 2022-23,3
E102010,FY 2020-21,3
E102010,FY 2021-22,3
E102011,FY 2021-22,5
E102011,FY 2022-23,4
E102012,FY 2020-21,3
E102012,FY 2021-22,3
E102012,FY 2022-23,4
E102012,FY 2023-24,3
E102012,FY 2024-25,3
E102013,FY 2020-21,3
E102013,FY 2021-22,3
E102013,FY 2022-23,4
E102013,FY 2023-24,2
E102014,FY 2020-21,1
E102014,FY 2021-22,2
E102014,FY 2022-23,2
E102014,FY 2023-24,1
E102015,FY 2021-22,3
E102015,FY 2022-23,3
E102015,FY 2023-24,5
E102015,FY 2024-25,4
E102016,FY 2021-22,5
E102016,FY 2022-23,2
E102017,FY 2020-21,2
E102017,FY 2021-22,3
E102017,FY 2022-23,2
E102017,FY 2023-24,3
E102017,FY 2024-25,3
E102018,FY 2020-21,3
E102018,FY 2021-22,3
E102018,FY 2022-23,3
E102018,FY 2023-24,3
E102018,FY 2024-25,3
E102019,FY 2020-21,3
E102019,FY 2021-22,3
E102019,FY 2022-23,3
E102019,FY 2023-24,4
E102019,FY 2024-25,2
E102020,FY 2020-21,2
E102020,FY 2021-22,3
E102021,FY 2020-21,3
E102021,FY 2021-22,2
E102022,FY 2020-21,3
E102022,FY 2021-22,4
E102022,FY 2022-23,3
E102022,FY 2023-24,3
E102022,FY 2024-25,3
E102023,FY 2021-22,5
E102023,FY 2022-23,4
E102023,FY 2023-24,4
E102023,FY 2024-25,3
E102024,FY 2022-23,4
E102025,FY 2020-21,3
E102025,FY 2021-22,3
E102025,FY 2022-23,4
E102025,FY 2023-24,3
E102025,FY 2024-25,3
E102026,FY 2021-22,3
E102026,FY 2022-23,3
E102027,FY 2020-21,3
E102027,FY 2021-22,3
E102027,FY 2022-23,3
E102027,FY 2023-24,3
E102027,FY 2024-25,3
E102028,FY 2021-22,3
E102028,FY 2022-23,3
E102028,FY 2023-24,3
E102028,FY 2024-25,4
E102029,FY 2021-22,3
E102029,FY 2022-23,3
E102029,FY 2023-24,3
E102029,FY 2024-25,4
E102030,FY 2020-21,5
E102030,FY 2021-22,3
E102030,FY 2022-23,3
E102030,FY 2023-24,3
E102030,FY 2024-25,4
E102031,FY 2020-21,4
E102031,FY 2021-22,5
E102032,FY 2020-21,4
E102032,FY 2021-22,3
E102032,FY 2022-23,3
E102032,FY 2023-24,3
E102032,FY 2024-25,3
E102033,FY 2021-22,4
E102033,FY 2022-23,3
E102033,FY 2023-24,5
E102033,FY 2024-25,5
E102034,FY 2020-21,4
E102034,FY 2021-22,4
E102034,FY 2022-23,3
E102034,FY 2023-24,3
E102034,FY 2024-25,3
E102035,FY 2020-21,3
E102035,FY 2021-22,3
E102035,FY 2022-23,3
E102035,FY 2023-24,3
E102035,FY 2024-25,2
E102036,FY 2021-22,4
E102037,FY 2021-22,2
E102038,FY 2020-21,1
E102038,FY 2021-22,2
E102039,FY 2020-21,3
E102039,FY 2021-22,2
E102039,FY 2022-23,1
E102039,FY 2023-24,1
E102039,FY 2024-25,2
E102040,FY 2020-21,3
E102040,FY 2021-22,3
E102040,FY 2022-23,3
E102040,FY 2023-24,1
E102041,FY 2020-21,3
E102041,FY 2021-22,2
E102042,FY 2020-21,3
E102042,FY 2021-22,2
E102043,FY 2020-21,3
E102043,FY 2021-22,4
E102043,FY 2022-23,3
E102044,FY 2021-22,3
E102044,FY 2022-23,3
E102044,FY 2023-24,3
E102044,FY 2024-25,2
E102045,FY 2020-21,4
E102045,FY 2021-22,4
E102045,FY 2022-23,3
E102045,FY 2023-24,4
E102045,FY 2024-25,3
E102046,FY 2020-21,3
E102046,FY 2021-22,2
E102047,FY 2020-21,4
E102047,FY 2021-22,3
E102047,FY 2022-23,3
E102047,FY 2023-24,4
E102048,FY 2020-21,3
E102048,FY 2021-22,3
E102048,FY 2022-23,3
E102048,FY 2023-24,3
E102048,FY 2024-25,3
E102049,FY 2020-21,3
E102049,FY 2021-22,3
E102049,FY 2022-23,3
E102049,FY 2023-24,2
E102049,FY 2024-25,2
E102050,FY 2020-21,3
E102050,FY 2021-22,3
E102050,FY 2022-23,3
E102050,FY 2023-24,3
E102050,FY 2024-25,2
E102051,FY 2020-21,3
E102051,FY 2021-22,3
E102051,FY 2022-23,3
E102051,FY 2023-24,3
E102051,FY 2024-25,3
E102052,FY 2020-21,3
E102052,FY 2021-22,4
E102053,FY 2021-22,3
E102054,FY 2020-21,3
E102054,FY 2021-22,1
E102055,FY 2020-21,2
E102055,FY 2021-22,1
E102055,FY 2022-23,1
E102055,FY 2023-24,2
E102056,FY 2021-22,4
E102056,FY 2022-23,3
E102056,FY 2023-24,4
E102057,FY 2020-21,5
E102057,FY 2021-22,4
E102057,FY 2022-23,3
E102057,FY 2023-24,5
E102057,FY 2024-25,3
E102058,FY 2021-22,3
E102058,FY 2022-23,4
E102058,FY 2023-24,3
E102059,FY 2020-21,3
E102059,FY 2021-22,2
E102059,FY 2022-23,3
E102059,FY 2023-24,3
E102059,FY 2024-25,2
E102060,FY 2020-21,2
E102060,FY 2021-22,3
E102060,FY 2022-23,3
E102060,FY 2023-24,3
E102060,FY 2024-25,3
E102061,FY 2020-21,5
E102061,FY 2021-22,3
E102061,FY 2022-23,4
E102061,FY 2023-24,4
E102062,FY 2021-22,4
E102062,FY 2022-23,2
E102062,FY 2023-24,3
E102062,FY 2024-25,2
E102063,FY 2020-21,4
E102063,FY 2021-22,3
E102063,FY 2022-23,3
E102064,FY 2021-22,5
E102064,FY 2022-23,3
E102064,FY 2023-24,4
E102064,FY 2024-25,3
E102065,FY 2020-21,3
E102065,FY 2021-22,3
E102066,FY 2022-23,2
E102066,FY 2023-24,3
E102067,FY 2020-21,3
E102067,FY 2021-22,3
E102067,FY 2022-23,3
E102068,FY 2021-22,3
E102068,FY 2022-23,3
E102068,FY 2023-24,4
E102069,FY 2022-23,5
E102069,FY 2023-24,5
E102069,FY 2024-25,4
E102070,FY 2020-21,4
E102070,FY 2021-22,4
E102071,FY 2020-21,3
E102071,FY 2021-22,3
E102072,FY 2020-21,3
E102072,FY 2021-22,3
E102072,FY 2022-23,3
E102072,FY 2023-24,3
E102072,FY 2024-25,2
E102073,FY 2021-22,3
E102073,FY 2022-23,3
E102073,FY 2023-24,2
E102073,FY 2024-25,3
E102074,FY 2020-21,2
E102074,FY 2021-22,1
E102075,FY 2020-21,3
E102075,FY 2021-22,4
E102075,FY 2022-23,5
E102075,FY 2023-24,4
E102075,FY 2024-25,5
E102076,FY 2021-22,5
E102077,FY 2020-21,3
E102077,FY 2021-22,3
E102077,FY 2022-23,3
E102077,FY 2023-24,3
E102077,FY 2024-25,3
E102078,FY 2020-21,3
E102078,FY 2021-22,4
E102078,FY 2022-23,3
E102078,FY 2023-24,4
E102078,FY 2024-25,4
E102079,FY 2021-22,4
E102079,FY 2022-23,2
E102079,FY 2023-24,3
E102079,FY 2024-25,4
E102080,FY 2020-21,3
E102080,FY 2021-22,2
E102080,FY 2022-23,3
E102080,FY 2023-24,2
E102080,FY 2024-25,2
E102081,FY 2021-22,3
E102081,FY 2022-23,2
E102081,FY 2023-24,3
E102082,FY 2020-21,5
E102082,FY 2021-22,5
E102082,FY 2022-23,4
E102082,FY 2023-24,4
E102082,FY 2024-25,5
E102083,FY 2021-22,3
E102083,FY 2022-23,3
E102083,FY 2023-24,4
E102083,FY 2024-25,4
E102084,FY 2021-22,2
E102084,FY 2022-23,4
E102085,FY 2022-23,3
E102085,FY 2023-24,4
E102085,FY 2024-25,4
E102086,FY 2020-21,3
E102086,FY 2021-22,2
E102086,FY 2022-23,3
E102087,FY 2020-21,2
E102087,FY 2021-22,3
E102087,FY 2022-23,3
E102088,FY 2022-23,5
E102088,FY 2023-24,4
E102088,FY 2024-25,3
E102089,FY 2021-22,3
E102089,FY 2022-23,2
E102089,FY 2023-24,2
E102089,FY 2024-25,3
E102090,FY 2020-21,3
E102090,FY 2021-22,3
E102090,FY 2022-23,3
E102090,FY 2023-24,3
E102090,FY 2024-25,5
E102091,FY 2020-21,3
E102091,FY 2021-22,4
E102092,FY 2021-22,4
E102093,FY 2020-21,3
E102093,FY 2021-22,4
E102093,FY 2022-23,3
E102093,FY 2023-24,4
E102093,FY 2024-25,3
E102094,FY 2020-21,5
E102094,FY 2021-22,3
E102095,FY 2020-21,3
E102095,FY 2021-22,2
E102095,FY 2022-23,4
E102095,FY 2023-24,5
E102095,FY 2024-25,3
E102096,FY 2020-21,2
E102096,FY 2021-22,2
E102097,FY 2020-21,4
E102097,FY 2021-22,4
E102097,FY 2022-23,3
E102097,FY 2023-24,4
E102097,FY 2024-25,5
E102098,FY 2020-21,3
E102098,FY 2021-22,4
E102098,FY 2022-23,4
E102098,FY 2023-24,3
E102098,FY 2024-25,3
E102099,FY 2021-22,4
E102099,FY 2022-23,3
E102100,FY 2021-22,3
E102101,FY 2020-21,4
E102101,FY 2021-22,5
E102102,FY 2020-21,3
E102102,FY 2021-22,5
E102102,FY 2022-23,4
E102102,FY 2023-24,5
E102102,FY 2024-25,4
E102103,FY 2020-21,2
E102103,FY 2021-22,2
E102104,FY 2020-21,3
E102104,FY 2021-22,1
E102104,FY 2022-23,2
E102104,FY 2023-24,1
E102104,FY 2024-25,2
E102105,FY 2020-21,5
E102105,FY 2021-22,3
E102106,FY 2020-21,3
E102106,FY 2021-22,4
E102106,FY 2022-23,2
E102106,FY 2023-24,4
E102106,FY 2024-25,5
E102107,FY 2022-23,3
E102107,FY 2023-24,3
E102108,FY 2021-22,2
E102108,FY 2022-23,2
E102108,FY 2023-24,2
E102108,FY 2024-25,1
E102109,FY 2020-21,4
E102109,FY 2021-22,5
E102109,FY 2022-23,3
E102109,FY 2023-24,3
E102109,FY 2024-25,3
E102110,FY 2020-21,4
E102110,FY 2021-22,4
E102110,FY 2022-23,5
E102110,FY 2023-24,5
E102110,FY 2024-25,3
E102111,FY 2020-21,3
E102111,FY 2021-22,3
E102111,FY 2022-23,1
E102111,FY 2023-24,2
E102111,FY 2024-25,2
E102112,FY 2020-21,4
E102112,FY 2021-22,3
E102112,FY 2022-23,3
E102112,FY 2023-24,3
E102112,FY 2024-25,2
E102113,FY 2020-21,4
E102113,FY 2021-22,3
E102113,FY 2022-23,4
E102113,FY 2023-24,4
E102113,FY 2024-25,5
E102114,FY 2020-21,3
E102114,FY 2021-22,5
E102114,FY 2022-23,4
E102114,FY 2023-24,4
E102114,FY 2024-25,4
E102115,FY 2021-22,3
E102115,FY 2022-23,4
E102115,FY 2023-24,4
E102115,FY 2024-25,3
E102116,FY 2020-21,3
E102116,FY 2021-22,3
E102116,FY 2022-23,3
E102116,FY 2023-24,3
E102116,FY 2024-25,3
E102117,FY 2020-21,3
E102117,FY 2021-22,4
E102117,FY 2022-23,4
E102117,FY 2023-24,4
E102118,FY 2020-21,2
E102118,FY 2021-22,3
E102118,FY 2022-23,2
E102118,FY 2023-24,3
E102118,FY 2024-25,3
E102119,FY 2020-21,5
E102119,FY 2021-22,5
E102119,FY 2022-23,5
E102120,FY 2020-21,3
E102120,FY 2021-22,4
E102121,FY 2020-21,3
E102121,FY 2021-22,2
E102121,FY 2022-23,3
E102121,FY 2023-24,2
E102122,FY 2020-21,4
E102122,FY 2021-22,4
E102123,FY 2021-22,3
E102123,FY 2022-23,3
E102123,FY 2023-24,5
E102123,FY 2024-25,4
E102124,FY 2021-22,3
E102125,FY 2020-21,3
E102125,FY 2021-22,3
E102125,FY 2022-23,3
E102126,FY 2020-21,3
E102126,FY 2021-22,2
E102126,FY 2022-23,3
E102126,FY 2023-24,4
E102126,FY 2024-25,4
E102127,FY 2020-21,3
E102127,FY 2021-22,4
E102127,FY 2022-23,5
E102127,FY 2023-24,3
E102127,FY 2024-25,4
E102128,FY 2020-21,5
E102128,FY 2021-22,4
E102128,FY 2022-23,4
E102128,FY 2023-24,4
E102128,FY 2024-25,3
E102129,FY 2021-22,3
E102130,FY 2021-22,5
E102131,FY 2020-21,2
E102131,FY 2021-22,2
E102132,FY 2020-21,5
E102132,FY 2021-22,4
E102132,FY 2022-23,3
E102132,FY 2023-24,3
E102132,FY 2024-25,4
E102133,FY 2021-22,2
E102134,FY 2021-22,1
E102135,FY 2020-21,3
E102135,FY 2021-22,3
E102136,FY 2020-21,4
E102136,FY 2021-22,3
E102136,FY 2022-23,3
E102136,FY 2023-24,2
E102136,FY 2024-25,4
E102137,FY 2020-21,2
E102137,FY 2021-22,3
E102137,FY 2022-23,3
E102137,FY 2023-24,4
E102137,FY 2024-25,3
E102138,FY 2020-21,3
E102138,FY 2021-22,3
E102139,FY 2020-21,1
E102139,FY 2021-22,2
E102139,FY 2022-23,2
E102139,FY 2023-24,2
E102139,FY 2024-25,3
E102140,FY 2020-21,3
E102140,FY 2021-22,3
E102141,FY 2020-21,3
E102141,FY 2021-22,4
E102141,FY 2022-23,3
E102141,FY 2023-24,5
E102141,FY 2024-25,3
E102142,FY 2020-21,2
E102142,FY 2021-22,3
E102143,FY 2020-21,4
E102143,FY 2021-22,3
E102143,FY 2022-23,3
E102143,FY 2023-24,3
E102144,FY 2022-23,1
E102144,FY 2023-24,2
E102145,FY 2020-21,4
E102145,FY 2021-22,3
E102145,FY 2022-23,3
E102145,FY 2023-24,3
E102145,FY 2024-25,3
E102146,FY 2020-21,5
E102146,FY 2021-22,5
E102146,FY 2022-23,4
E102146,FY 2023-24,5
E102146,FY 2024-25,3
E102147,FY 2020-21,1
E102147,FY 2021-22,1
E102147,FY 2022-23,3
E102147,FY 2023-24,2
E102148,FY 2020-21,2
E102148,FY 2021-22,4
E102148,FY 2022-23,4
E102149,FY 2020-21,3
E102149,FY 2021-22,3
E102149,FY 2022-23,3
E102149,FY 2023-24,4
E102149,FY 2024-25,4
E102150,FY 2020-21,5
E102150,FY 2021-22,5
E102151,FY 2022-23,3
E102151,FY 2023-24,3
E102151,FY 2024-25,4
E102152,FY 2022-23,3
E102152,FY 2023-24,2
E102153,FY 2022-23,5
E102153,FY 2023-24,3
E102153,FY 2024-25,4
E102154,FY 2022-23,3
E102155,FY 2022-23,4
E102155,FY 2023-24,4
E102155,FY 2024-25,4
E102156,FY 2022-23,5
E102157,FY 2022-23,3
E102157,FY 2023-24,4
E102157,FY 2024-25,3
E102158,FY 2022-23,3
E102158,FY 2023-24,1
E102159,FY 2022-23,3
E102159,FY 2023-24,3
E102159,FY 2024-25,3
E102160,FY 2022-23,5
E102160,FY 2023-24,4
E102160,FY 2024-25,3
E102161,FY 2022-23,3
E102161,FY 2023-24,3
E102162,FY 2022-23,3
E102163,FY 2022-23,3
E102163,FY 2023-24,3
E102163,FY 2024-25,3
E102164,FY 2022-23,3
E102165,FY 2022-23,4
E102165,FY 2023-24,3
E102166,FY 2022-23,2
E102166,FY 2023-24,3
E102167,FY 2022-23,3
E102168,FY 2022-23,3
E102169,FY 2022-23,3
E102169,FY 2023-24,3
E102169,FY 2024-25,2
E102170,FY 2022-23,1
E102170,FY 2023-24,1
E102170,FY 2024-25,1
E102171,FY 2022-23,4
E102171,FY 2023-24,3
E102171,FY 2024-25,3
E102172,FY 2022-23,4
E102173,FY 2022-23,4
E102173,FY 2023-24,3
E102176,FY 2022-23,3
E102176,FY 2023-24,4
E102176,FY 2024-25,5
E102177,FY 2022-23,3
E102177,FY 2023-24,4
E102177,FY 2024-25,5
E102178,FY 2022-23,3
E102178,FY 2023-24,2
E102178,FY 2024-25,2
E102179,FY 2022-23,3
E102179,FY 2023-24,4
E102179,FY 2024-25,2
E102180,FY 2022-23,5
E102180,FY 2023-24,4
E102180,FY 2024-25,4
E102181,FY 2022-23,3
E102181,FY 2023-24,4
E102181,FY 2024-25,3
E102182,FY 2022-23,3
E102182,FY 2023-24,4
E102182,FY 2024-25,5
E102183,FY 2022-23,4
E102183,FY 2023-24,3
E102183,FY 2024-25,3
E102184,FY 2022-23,3
E102184,FY 2023-24,3
E102184,FY 2024-25,4
E102185,FY 2022-23,3
E102185,FY 2023-24,3
E102185,FY 2024-25,3
E102186,FY 2022-23,1
E102186,FY 2023-24,2
E102187,FY 2022-23,1
E102187,FY 2023-24,2
E102188,FY 2022-23,3
E102188,FY 2023-24,3
E102188,FY 2024-25,3
E102189,FY 2022-23,3
E102190,FY 2022-23,3
E102190,FY 2023-24,4
E102191,FY 2022-23,3
E102192,FY 2022-23,3
E102192,FY 2023-24,3
E102192,FY 2024-25,2
E102193,FY 2022-23,4
E102193,FY 2023-24,5
E102193,FY 2024-25,3
E102194,FY 2022-23,2
E102195,FY 2022-23,3
E102195,FY 2023-24,3
E102195,FY 2024-25,3
E102197,FY 2022-23,3
E102197,FY 2023-24,3
E102197,FY 2024-25,3
E102199,FY 2022-23,3
E102199,FY 2023-24,3
E102199,FY 2024-25,3
E102200,FY 2022-23,1
E102201,FY 2022-23,3
E102201,FY 2023-24,3
E102202,FY 2022-23,2
E102202,FY 2023-24,2
E102202,FY 2024-25,2
E102203,FY 2022-23,4
E102204,FY 2022-23,3
E102204,FY 2023-24,3
E102204,FY 2024-25,2
E102205,FY 2022-23,4
E102205,FY 2023-24,3
E102206,FY 2022-23,2
E102207,FY 2022-23,3
E102207,FY 2023-24,3
E102207,FY 2024-25,3
E102208,FY 2022-23,3
E102208,FY 2023-24,3
E102208,FY 2024-25,3
E102209,FY 2022-23,4
E102209,FY 2023-24,3
E102209,FY 2024-25,4
E102210,FY 2022-23,3
E102211,FY 2022-23,3
E102211,FY 2023-24,2
E102212,FY 2022-23,3
E102212,FY 2023-24,5
E102212,FY 2024-25,5
E102213,FY 2022-23,3
E102213,FY 2023-24,3
E102213,FY 2024-25,3
E102214,FY 2022-23,3
E102215,FY 2022-23,2
E102215,FY 2023-24,2
E102215,FY 2024-25,1
E102216,FY 2022-23,2
E102216,FY 2023-24,2
E102217,FY 2022-23,3
E102217,FY 2023-24,3
E102217,FY 2024-25,5
E102219,FY 2022-23,3
E102219,FY 2023-24,1
E102219,FY 2024-25,3
E102220,FY 2022-23,3
E102220,FY 2023-24,2
E102220,FY 2024-25,2
E102221,FY 2022-23,3
E102221,FY 2023-24,4
E102221,FY 2024-25,2
E102222,FY 2022-23,3
E102222,FY 2023-24,3
E102222,FY 2024-25,3
E102223,FY 2022-23,2
E102224,FY 2022-23,3
E102225,FY 2022-23,3
E102225,FY 2023-24,2
E102226,FY 2022-23,3
E102226,FY 2023-24,3
E102226,FY 2024-25,3
E102227,FY 2022-23,1
E102227,FY 2023-24,3
E102227,FY 2024-25,2
E102229,FY 2022-23,4
E102229,FY 2023-24,4
E102229,FY 2024-25,4
E102230,FY 2022-23,1
E102230,FY 2023-24,3
E102230,FY 2024-25,2
E102231,FY 2022-23,2
E102231,FY 2023-24,3
E102233,FY 2022-23,3
E102233,FY 2023-24,3
E102233,FY 2024-25,3
E102234,FY 2022-23,3
E102234,FY 2023-24,3
E102234,FY 2024-25,3
E102235,FY 2022-23,2
E102235,FY 2023-24,2
E102235,FY 2024-25,2
E102236,FY 2022-23,4
E102236,FY 2023-24,4
E102236,FY 2024-25,3
E102237,FY 2022-23,3
E102237,FY 2023-24,4
E102237,FY 2024-25,4
E102238,FY 2022-23,5
E102239,FY 2022-23,3
E102239,FY 2023-24,3
E102239,FY 2024-25,2
E102240,FY 2022-23,4
E102240,FY 2023-24,3
E102240,FY 2024-25,3
E102241,FY 2022-23,2
E102241,FY 2023-24,3
E102241,FY 2024-25,5
E102242,FY 2022-23,3
E102242,FY 2023-24,3
E102242,FY 2024-25,3
E102244,FY 2022-23,4
E102245,FY 2022-23,4
E102245,FY 2023-24,4
E102245,FY 2024-25,3
E102246,FY 2022-23,3
E102246,FY 2023-24,2
E102246,FY 2024-25,3
E102247,FY 2022-23,5
E102247,FY 2023-24,4
E102247,FY 2024-25,4
E102248,FY 2022-23,1
E102249,FY 2022-23,3
E102249,FY 2023-24,5
E102249,FY 2024-25,3
E102250,FY 2022-23,3
E102250,FY 2023-24,3
E102250,FY 2024-25,3
E102251,FY 2022-23,3
E102251,FY 2023-24,2
E102252,FY 2022-23,3
E102252,FY 2023-24,4
E102253,FY 2022-23,3
E102254,FY 2022-23,3
E102254,FY 2023-24,4
E102254,FY 2024-25,3
E102255,FY 2022-23,3
E102255,FY 2023-24,3
E102255,FY 2024-25,3
E102256,FY 2022-23,3
E102257,FY 2022-23,1
E102257,FY 2023-24,3
E102257,FY 2024-25,2
E102258,FY 2022-23,3
E102258,FY 2023-24,2
E102260,FY 2022-23,3
E102260,FY 2023-24,5
E102260,FY 2024-25,3
E102261,FY 2022-23,4
E102261,FY 2023-24,3
E102261,FY 2024-25,3
E102262,FY 2022-23,3
E102262,FY 2023-24,4
E102262,FY 2024-25,3
E102263,FY 2022-23,2
E102263,FY 2023-24,3
E102263,FY 2024-25,1
E102264,FY 2022-23,3
E102264,FY 2023-24,3
E102265,FY 2022-23,2
E102265,FY 2023-24,2
E102265,FY 2024-25,2
E102266,FY 2022-23,2
E102268,FY 2022-23,3
E102268,FY 2023-24,3
E102268,FY 2024-25,3
E102269,FY 2022-23,3
E102269,FY 2023-24,3
E102269,FY 2024-25,2
E102270,FY 2022-23,4
E102270,FY 2023-24,5
E102271,FY 2022-23,1
E102271,FY 2023-24,3
E102271,FY 2024-25,2
E102272,FY 2022-23,2
E102272,FY 2023-24,1
E102272,FY 2024-25,1
E102273,FY 2022-23,3
E102273,FY 2023-24,4
E102273,FY 2024-25,4
E102274,FY 2022-23,3
E102275,FY 2022-23,4
E102275,FY 2023-24,3
E102275,FY 2024-25,3
E102276,FY 2022-23,3
E102276,FY 2023-24,5
E102276,FY 2024-25,4
E102277,FY 2022-23,3
E102277,FY 2023-24,3
E102277,FY 2024-25,2
E102278,FY 2022-23,2
E102278,FY 2023-24,3
E102278,FY 2024-25,3
E102279,FY 2022-23,2
E102279,FY 2023-24,3
E102279,FY 2024-25,3
E102280,FY 2022-23,3
E102280,FY 2023-24,2
E102280,FY 2024-25,3
E102281,FY 2022-23,4
E102281,FY 2023-24,3
E102281,FY 2024-25,3
E102283,FY 2023-24,3
E102284,FY 2023-24,3
E102284,FY 2024-25,3
E102285,FY 2023-24,3
E102285,FY 2024-25,3
E102286,FY 2023-24,3
E102286,FY 2024-25,3
E102287,FY 2023-24,3
E102287,FY 2024-25,2
E102288,FY 2023-24,4
E102288,FY 2024-25,5
E102289,FY 2023-24,3
E102290,FY 2023-24,5
E102290,FY 2024-25,3
E102291,FY 2023-24,2
E102292,FY 2023-24,4
E102292,FY 2024-25,3
E102293,FY 2023-24,4
E102293,FY 2024-25,4
E102294,FY 2023-24,3
E102294,FY 2024-25,4
E102296,FY 2023-24,3
E102296,FY 2024-25,4
E102297,FY 2023-24,5
E102297,FY 2024-25,5
E102299,FY 2023-24,3
E102299,FY 2024-25,5
E102301,FY 2023-24,3
E102302,FY 2023-24,3
E102303,FY 2023-24,4
E102303,FY 2024-25,5
E102305,FY 2023-24,4
E102305,FY 2024-25,3
E102306,FY 2023-24,3
E102306,FY 2024-25,3
E102307,FY 2023-24,3
E102307,FY 2024-25,3
E102309,FY 2023-24,1
E102310,FY 2023-24,4
E102311,FY 2023-24,3
E102311,FY 2024-25,3
E102312,FY 2023-24,4
E102313,FY 2023-24,4
E102313,FY 2024-25,4
E102314,FY 2023-24,3
E102314,FY 2024-25,4
E102315,FY 2023-24,4
E102316,FY 2023-24,2
E102316,FY 2024-25,2
E102317,FY 2023-24,5
E102318,FY 2023-24,3
E102319,FY 2023-24,2
E102319,FY 2024-25,1
E102320,FY 2023-24,4
E102320,FY 2024-25,5
E102321,FY 2023-24,3
E102321,FY 2024-25,4
E102322,FY 2022-23,5
E102322,FY 2023-24,3
E102322,FY 2024-25,4
E102323,FY 2023-24,2
E102323,FY 2024-25,2
E102326,FY 2023-24,3
E102326,FY 2024-25,3
E102327,FY 2023-24,4
E102328,FY 2023-24,3
E102328,FY 2024-25,1
E102329,FY 2023-24,3
E102329,FY 2024-25,4
E102330,FY 2023-24,4
E102330,FY 2024-25,3
E102331,FY 2023-24,1
E102331,FY 2024-25,3
E102332,FY 2023-24,3
E102333,FY 2023-24,3
E102333,FY 2024-25,3
E102334,FY 2023-24,3
E102335,FY 2023-24,2
E102337,FY 2023-24,4
E102337,FY 2024-25,3
E102338,FY 2023-24,3
E102340,FY 2023-24,3
E102340,FY 2024-25,3
E102341,FY 2023-24,2
E102341,FY 2024-25,3
E102342,FY 2023-24,3
E102343,FY 2023-24,2
E102344,FY 2023-24,3
E102344,FY 2024-25,3
E102345,FY 2023-24,4
E102345,FY 2024-25,3
E102346,FY 2023-24,2
E102346,FY 2024-25,3
E102347,FY 2023-24,4
E102347,FY 2024-25,5
E102349,FY 2023-24,4
E102349,FY 2024-25,3
E102350,FY 2023-24,1
E102350,FY 2024-25,2
E102351,FY 2023-24,2
E102351,FY 2024-25,3
E102352,FY 2023-24,2
E102352,FY 2024-25,1
E102353,FY 2023-24,3
E102353,FY 2024-25,4
E102354,FY 2023-24,3
E102355,FY 2023-24,1
E102356,FY 2023-24,2
E102358,FY 2023-24,3
E102359,FY 2023-24,5
E102363,FY 2023-24,3
E102364,FY 2023-24,4
E102364,FY 2024-25,4
E102365,FY 2023-24,3
E102365,FY 2024-25,3
E102366,FY 2023-24,2
E102366,FY 2024-25,1
E102367,FY 2023-24,4
E102367,FY 2024-25,3
E102371,FY 2023-24,3
E102371,FY 2024-25,3
E102372,FY 2023-24,3
E102372,FY 2024-25,3
E102373,FY 2023-24,3
E102374,FY 2023-24,3
E102374,FY 2024-25,3
E102375,FY 2023-24,4
E102375,FY 2024-25,4
E102376,FY 2023-24,3
E102377,FY 2023-24,3
E102378,FY 2023-24,4
E102379,FY 2023-24,3
E102379,FY 2024-25,3
E102380,FY 2023-24,3
E102380,FY 2024-25,3
E102381,FY 2023-24,5
E102381,FY 2024-25,5
E102382,FY 2023-24,3
E102382,FY 2024-25,3
E102383,FY 2023-24,3
E102383,FY 2024-25,3
E102384,FY 2023-24,3
E102384,FY 2024-25,3
E102386,FY 2023-24,2
E102386,FY 2024-25,4
E102387,FY 2023-24,3
E102387,FY 2024-25,3
E102388,FY 2023-24,3
E102388,FY 2024-25,4
E102390,FY 2023-24,3
E102390,FY 2024-25,4
E102392,FY 2023-24,4
E102394,FY 2023-24,4
E102394,FY 2024-25,3
E102395,FY 2023-24,3
E102395,FY 2024-25,3
E102396,FY 2023-24,4
E102397,FY 2023-24,2
E102397,FY 2024-25,3
E102398,FY 2023-24,3
E102398,FY 2024-25,3
E102399,FY 2023-24,3
E102399,FY 2024-25,4
E102400,FY 2023-24,4
E102402,FY 2023-24,4
E102402,FY 2024-25,3
E102403,FY 2023-24,1
E102404,FY 2023-24,2
E102404,FY 2024-25,3
E102405,FY 2023-24,5
E102405,FY 2024-25,5
E102406,FY 2023-24,3
E102407,FY 2023-24,3
E102407,FY 2024-25,3
E102408,FY 2023-24,3
E102409,FY 2023-24,1
E102409,FY 2024-25,3
E102410,FY 2023-24,2
E102411,FY 2023-24,3
E102411,FY 2024-25,3
E102412,FY 2023-24,2
E102412,FY 2024-25,3
E102413,FY 2023-24,3
E102413,FY 2024-25,3
E102414,FY 2023-24,3
E102414,FY 2024-25,2
E102416,FY 2023-24,4
E102417,FY 2023-24,4
E102418,FY 2023-24,3
E102418,FY 2024-25,2
E102419,FY 2023-24,5
E102419,FY 2024-25,5
E102420,FY 2023-24,2
E102420,FY 2024-25,4
E102421,FY 2023-24,3
E102421,FY 2024-25,3
E102422,FY 2023-24,3
E102422,FY 2024-25,3
E102423,FY 2023-24,3
E102423,FY 2024-25,3
E102424,FY 2023-24,3
E102425,FY 2023-24,2
E102426,FY 2023-24,4
E102426,FY 2024-25,5
E102427,FY 2023-24,4
E102427,FY 2024-25,3
E102428,FY 2023-24,3
E102428,FY 2024-25,4
E102430,FY 2023-24,4
E102430,FY 2024-25,3
E102431,FY 2023-24,2
E102432,FY 2023-24,2
E102434,FY 2023-24,3
E102435,FY 2023-24,5
E102435,FY 2024-25,5
E102438,FY 2023-24,3
E102438,FY 2024-25,3
E102439,FY 2023-24,5
E102439,FY 2024-25,5
E102443,FY 2023-24,3
E102443,FY 2024-25,3
E102444,FY 2023-24,2
E102444,FY 2024-25,1
E102445,FY 2023-24,4
E102445,FY 2024-25,4
E102446,FY 2023-24,3
E102446,FY 2024-25,3
E102447,FY 2023-24,3
E102447,FY 2024-25,3
E102448,FY 2023-24,3
E102448,FY 2024-25,5
E102449,FY 2023-24,3
E102450,FY 2023-24,3
E102450,FY 2024-25,3
E102451,FY 2023-24,3
E102454,FY 2023-24,2
E102454,FY 2024-25,2
E102455,FY 2023-24,3
E102455,FY 2024-25,3
E102456,FY 2023-24,3
E102456,FY 2024-25,4
E102457,FY 2023-24,3
E102458,FY 2023-24,1
E102459,FY 2023-24,4
E102459,FY 2024-25,4
E102460,FY 2023-24,4
E102460,FY 2024-25,3
E102461,FY 2023-24,3
E102461,FY 2024-25,5
E102463,FY 2023-24,4
E102464,FY 2023-24,4
E102464,FY 2024-25,3
E102465,FY 2023-24,4
E102466,FY 2023-24,3
E102466,FY 2024-25,3
E102467,FY 2023-24,2
E102467,FY 2024-25,2
E102468,FY 2023-24,5
E102468,FY 2024-25,5
E102470,FY 2023-24,4
E102472,FY 2023-24,4
E102472,FY 2024-25,3
E102473,FY 2023-24,4
E102473,FY 2024-25,4
E102474,FY 2023-24,2
E102474,FY 2024-25,1
E102476,FY 2023-24,4
E102476,FY 2024-25,3
E102478,FY 2023-24,3
E102478,FY 2024-25,4
E102479,FY 2023-24,3
E102479,FY 2024-25,3
E102480,FY 2023-24,2
E102480,FY 2024-25,2
E102481,FY 2023-24,4
E102481,FY 2024-25,3
E102482,FY 2023-24,4
E102483,FY 2023-24,3
E102483,FY 2024-25,2
E102484,FY 2023-24,3
E102484,FY 2024-25,4
E102485,FY 2023-24,3
E102485,FY 2024-25,3
E102486,FY 2023-24,2
E102486,FY 2024-25,2
E102487,FY 2023-24,4
E102487,FY 2024-25,3
E102488,FY 2023-24,3
E102488,FY 2024-25,3
E102489,FY 2023-24,4
E102490,FY 2023-24,5
E102490,FY 2024-25,4
E102491,FY 2023-24,3
E102491,FY 2024-25,4
E102492,FY 2023-24,4
E102492,FY 2024-25,3
E102494,FY 2023-24,3
E102494,FY 2024-25,3
E102495,FY 2023-24,3
E102495,FY 2024-25,3
E102496,FY 2023-24,3
E102496,FY 2024-25,3
E102497,FY 2023-24,3
E102497,FY 2024-25,3
E102498,FY 2023-24,2
E102498,FY 2024-25,3
E102499,FY 2023-24,3
E102500,FY 2023-24,3
E102500,FY 2024-25,3
E102501,FY 2023-24,4
E102501,FY 2024-25,4
E102503,FY 2023-24,5
E102503,FY 2024-25,2
E102504,FY 2023-24,3
E102504,FY 2024-25,3
E102505,FY 2023-24,4
E102505,FY 2024-25,3
E102506,FY 2023-24,4
E102506,FY 2024-25,3
E102507,FY 2023-24,4
E102507,FY 2024-25,5
E102509,FY 2023-24,3
E102509,FY 2024-25,4
E102510,FY 2023-24,3
E102510,FY 2024-25,3
E102511,FY 2023-24,3
E102511,FY 2024-25,4
E102512,FY 2023-24,4
E102512,FY 2024-25,3
E102514,FY 2023-24,3
E102514,FY 2024-25,3
E102515,FY 2023-24,3
E102515,FY 2024-25,3
E102516,FY 2023-24,3
E102516,FY 2024-25,3
E102518,FY 2023-24,4
E102518,FY 2024-25,3
E102519,FY 2023-24,3
E102519,FY 2024-25,3
E102520,FY 2023-24,4
E102520,FY 2024-25,3
E102521,FY 2023-24,4
E102521,FY 2024-25,5
E102522,FY 2023-24,4
E102524,FY 2023-24,3
E102527,FY 2023-24,3
E102527,FY 2024-25,4
E102528,FY 2023-24,2
E102528,FY 2024-25,3
E102529,FY 2023-24,2
E102530,FY 2023-24,4
E102530,FY 2024-25,4
E102531,FY 2023-24,3
E102532,FY 2023-24,3
E102532,FY 2024-25,1
E102533,FY 2023-24,1
E102535,FY 2023-24,3
E102535,FY 2024-25,3
E102536,FY 2023-24,2
E102536,FY 2024-25,3
E102537,FY 2023-24,1
E102537,FY 2024-25,2
E102538,FY 2023-24,3
E102538,FY 2024-25,4
E102539,FY 2023-24,4
E102539,FY 2024-25,5
E102540,FY 2023-24,3
E102541,FY 2023-24,2
E102541,FY 2024-25,3
E102543,FY 2023-24,3
E102543,FY 2024-25,2
E102544,FY 2023-24,5
E102544,FY 2024-25,4
E102545,FY 2023-24,4
E102545,FY 2024-25,4
E102546,FY 2023-24,4
E102547,FY 2023-24,5
E102547,FY 2024-25,4
E102548,FY 2023-24,5
E102548,FY 2024-25,3
E102549,FY 2023-24,4
E102549,FY 2024-25,3
E102550,FY 2023-24,2
E102550,FY 2024-25,3
E102551,FY 2023-24,3
E102551,FY 2024-25,1
E102552,FY 2023-24,3
E102553,FY 2023-24,2
E102553,FY 2024-25,2
E102555,FY 2023-24,3
E102555,FY 2024-25,2
E102556,FY 2023-24,2
E102556,FY 2024-25,1
E102557,FY 2023-24,2
E102557,FY 2024-25,2
E102558,FY 2023-24,4
E102558,FY 2024-25,5
E102559,FY 2023-24,3
E102559,FY 2024-25,4
E102560,FY 2023-24,3
E102560,FY 2024-25,4
E102561,FY 2023-24,3
E102561,FY 2024-25,4
E102562,FY 2023-24,3
E102562,FY 2024-25,3
E102563,FY 2023-24,4
E102563,FY 2024-25,4
E102564,FY 2023-24,4
E102565,FY 2023-24,2
E102565,FY 2024-25,3
E102566,FY 2023-24,3
E102566,FY 2024-25,3
E102567,FY 2023-24,3
E102567,FY 2024-25,3
E102568,FY 2023-24,3
E102568,FY 2024-25,3
E102569,FY 2023-24,4
E102569,FY 2024-25,3
E102570,FY 2023-24,3
E102570,FY 2024-25,3
E102571,FY 2023-24,5
E102572,FY 2023-24,4
E102572,FY 2024-25,3
E102573,FY 2023-24,4
E102573,FY 2024-25,3
E102574,FY 2023-24,3
E102574,FY 2024-25,3
E102575,FY 2023-24,2
E102575,FY 2024-25,3
E102576,FY 2023-24,3
E102576,FY 2024-25,3
E102577,FY 2023-24,1
E102578,FY 2023-24,2
E102578,FY 2024-25,1
E102579,FY 2023-24,4
E102579,FY 2024-25,3
E102580,FY 2023-24,4
E102580,FY 2024-25,3
E102581,FY 2023-24,3
E102581,FY 2024-25,3
E102584,FY 2023-24,3
E102585,FY 2023-24,4
E102585,FY 2024-25,5
E102587,FY 2023-24,5
E102587,FY 2024-25,5
E102588,FY 2023-24,3
E102588,FY 2024-25,4
E102589,FY 2023-24,1
E102589,FY 2024-25,2
E102590,FY 2023-24,2
E102590,FY 2024-25,3
E102591,FY 2023-24,1
E102591,FY 2024-25,1
E102592,FY 2023-24,4
E102593,FY 2023-24,3
E102593,FY 2024-25,3
E102594,FY 2023-24,2
E102594,FY 2024-25,3
E102596,FY 2023-24,4
E102596,FY 2024-25,3
E102597,FY 2023-24,3
E102598,FY 2023-24,5
E102599,FY 2023-24,3
E102599,FY 2024-25,1
E102600,FY 2023-24,3
E102600,FY 2024-25,5
E102601,FY 2023-24,3
E102601,FY 2024-25,3
E102602,FY 2023-24,3
E102602,FY 2024-25,2
E102603,FY 2023-24,4
E102603,FY 2024-25,3
E102604,FY 2023-24,2
E102604,FY 2024-25,3
E102605,FY 2023-24,4
E102605,FY 2024-25,3
E102606,FY 2023-24,3
E102606,FY 2024-25,3
E102607,FY 2023-24,2
E102607,FY 2024-25,3
E102608,FY 2023-24,2
E102608,FY 2024-25,3
E102609,FY 2023-24,4
E102609,FY 2024-25,5
E102610,FY 2023-24,3
E102610,FY 2024-25,4
E102612,FY 2023-24,2
E102612,FY 2024-25,3
E102613,FY 2023-24,2
E102613,FY 2024-25,3
E102614,FY 2023-24,3
E102614,FY 2024-25,2
E102615,FY 2023-24,3
E102615,FY 2024-25,3
E102616,FY 2023-24,3
E102617,FY 2023-24,5
E102617,FY 2024-25,4
E102618,FY 2023-24,3
E102618,FY 2024-25,3
E102619,FY 2023-24,5
E102619,FY 2024-25,4
E102620,FY 2023-24,3
E102620,FY 2024-25,3
E102621,FY 2023-24,5
E102621,FY 2024-25,4
E102622,FY 2023-24,1
E102622,FY 2024-25,3
E102623,FY 2023-24,4
E102623,FY 2024-25,4
E102624,FY 2023-24,4
E102624,FY 2024-25,3
E102625,FY 2023-24,2
E102625,FY 2024-25,2
E102626,FY 2023-24,4
E102626,FY 2024-25,4
E102627,FY 2023-24,2
E102627,FY 2024-25,3
E102630,FY 2023-24,3
E102631,FY 2023-24,3
E102631,FY 2024-25,5
E102632,FY 2023-24,2
E102632,FY 2024-25,3
E102633,FY 2023-24,4
E102633,FY 2024-25,3
E102634,FY 2023-24,4
E102635,FY 2023-24,5
E102635,FY 2024-25,4
E102636,FY 2023-24,3
E102636,FY 2024-25,3
E102637,FY 2023-24,4
E102639,FY 2023-24,3
E102639,FY 2024-25,4
E102641,FY 2023-24,3
E102641,FY 2024-25,3
E102642,FY 2023-24,4
E102642,FY 2024-25,3
E102643,FY 2023-24,1
E102644,FY 2023-24,3
E102644,FY 2024-25,3
E102645,FY 2023-24,4
E102645,FY 2024-25,4
E102646,FY 2023-24,3
E102646,FY 2024-25,4
E102647,FY 2023-24,4
E102647,FY 2024-25,4
E102648,FY 2023-24,3
E102648,FY 2024-25,1
E102649,FY 2023-24,4
E102650,FY 2023-24,4
E102650,FY 2024-25,3
E102652,FY 2023-24,3
E102653,FY 2023-24,3
E102653,FY 2024-25,3
E102655,FY 2023-24,3
E102655,FY 2024-25,3
E102656,FY 2023-24,5
E102657,FY 2023-24,3
E102657,FY 2024-25,3
E102658,FY 2023-24,4
E102658,FY 2024-25,4
E102659,FY 2023-24,3
E102659,FY 2024-25,4
E102660,FY 2023-24,2
E102660,FY 2024-25,3
E102661,FY 2023-24,2
E102661,FY 2024-25,2
E102662,FY 2023-24,3
E102662,FY 2024-25,3
E102663,FY 2023-24,4
E102663,FY 2024-25,3
E102664,FY 2023-24,4
E102664,FY 2024-25,4
E102665,FY 2023-24,4
E102666,FY 2023-24,3
E102666,FY 2024-25,3
E102667,FY 2023-24,3
E102667,FY 2024-25,4
E102668,FY 2023-24,1
E102668,FY 2024-25,3
E102669,FY 2023-24,3
E102669,FY 2024-25,1
E102670,FY 2023-24,3
E102670,FY 2024-25,3
E102671,FY 2023-24,3
E102671,FY 2024-25,3
E102672,FY 2023-24,4
E102672,FY 2024-25,3
E102673,FY 2023-24,1
E102673,FY 2024-25,2
E102674,FY 2023-24,3
E102674,FY 2024-25,4
E102675,FY 2023-24,2
E102675,FY 2024-25,3
E102676,FY 2023-24,4
E102676,FY 2024-25,3
E102677,FY 2023-24,3
E102677,FY 2024-25,3
E102678,FY 2023-24,4
E102678,FY 2024-25,5
E102679,FY 2023-24,3
E102679,FY 2024-25,3
E102680,FY 2023-24,5
E102680,FY 2024-25,4
E102681,FY 2023-24,4
E102681,FY 2024-25,3
E102682,FY 2023-24,2
E102683,FY 2023-24,2
E102683,FY 2024-25,2
E102684,FY 2023-24,3
E102685,FY 2023-24,2
E102685,FY 2024-25,3
E102686,FY 2023-24,5
E102686,FY 2024-25,4
E102687,FY 2023-24,2
E102687,FY 2024-25,4
E102689,FY 2023-24,3
E102689,FY 2024-25,3
E102690,FY 2023-24,2
E102691,FY 2023-24,3
E102691,FY 2024-25,3
E102692,FY 2023-24,4
E102693,FY 2023-24,3
E102693,FY 2024-25,1
E102694,FY 2023-24,3
E102694,FY 2024-25,3
E102695,FY 2023-24,3
E102695,FY 2024-25,1
E102696,FY 2023-24,2
E102697,FY 2023-24,3
E102697,FY 2024-25,5
E102698,FY 2023-24,4
E102698,FY 2024-25,2
E102699,FY 2023-24,3
E102699,FY 2024-25,3
E102700,FY 2023-24,3
E102700,FY 2024-25,3
E102701,FY 2023-24,5
E102701,FY 2024-25,2
E102702,FY 2023-24,3
E102702,FY 2024-25,2
E102703,FY 2023-24,3
E102703,FY 2024-25,3
E102704,FY 2023-24,3
E102704,FY 2024-25,3
E102705,FY 2023-24,3
E102705,FY 2024-25,2
E102706,FY 2023-24,3
E102707,FY 2023-24,2
E102707,FY 2024-25,2
E102708,FY 2023-24,3
E102708,FY 2024-25,3
E102709,FY 2023-24,2
E102709,FY 2024-25,2
E102710,FY 2023-24,3
E102710,FY 2024-25,4
E102711,FY 2023-24,3
E102711,FY 2024-25,3
E102712,FY 2023-24,3
E102712,FY 2024-25,3
E102713,FY 2023-24,2
E102714,FY 2023-24,3
E102714,FY 2024-25,2
E102715,FY 2023-24,3
E102715,FY 2024-25,2
E102716,FY 2023-24,4
E102716,FY 2024-25,5
E102717,FY 2023-24,2
E102717,FY 2024-25,2
E102718,FY 2023-24,4
E102718,FY 2024-25,5
E102719,FY 2023-24,3
E102719,FY 2024-25,3
E102720,FY 2023-24,3
E102720,FY 2024-25,3
E102723,FY 2023-24,2
E102723,FY 2024-25,3
E102725,FY 2023-24,3
E102725,FY 2024-25,3
E102726,FY 2023-24,2
E102726,FY 2024-25,4
E102727,FY 2023-24,5
E102727,FY 2024-25,3
E102728,FY 2023-24,3
E102728,FY 2024-25,3
E102729,FY 2023-24,1
E102730,FY 2023-24,4
E102731,FY 2023-24,2
E102731,FY 2024-25,2
E102732,FY 2023-24,3
E102732,FY 2024-25,3
E102733,FY 2023-24,3
E102733,FY 2024-25,3
E102734,FY 2023-24,2
E102734,FY 2024-25,3
E102735,FY 2023-24,3
E102735,FY 2024-25,1
E102736,FY 2023-24,4
E102737,FY 2023-24,2
E102737,FY 2024-25,2
E102738,FY 2023-24,3
E102738,FY 2024-25,2
E102739,FY 2023-24,3
E102739,FY 2024-25,3
E102740,FY 2023-24,2
E102740,FY 2024-25,2
E102741,FY 2023-24,2
E102741,FY 2024-25,5
E102742,FY 2023-24,3
E102742,FY 2024-25,2
E102743,FY 2023-24,3
E102743,FY 2024-25,2
E102744,FY 2023-24,5
E102744,FY 2024-25,4
E102745,FY 2023-24,3
E102745,FY 2024-25,3
E102746,FY 2023-24,3
E102746,FY 2024-25,4
E102747,FY 2023-24,5
E102747,FY 2024-25,3
E102748,FY 2023-24,4
E102749,FY 2023-24,5
E102749,FY 2024-25,5
E102750,FY 2023-24,2
E102750,FY 2024-25,3
E102751,FY 2023-24,3
E102751,FY 2024-25,3
E102752,FY 2023-24,3
E102752,FY 2024-25,2
E102753,FY 2023-24,3
E102753,FY 2024-25,2
E102754,FY 2023-24,5
E102754,FY 2024-25,4
E102755,FY 2023-24,3
E102756,FY 2023-24,4
E102757,FY 2023-24,5
E102757,FY 2024-25,3
E102758,FY 2023-24,3
E102758,FY 2024-25,5
E102759,FY 2023-24,5
E102759,FY 2024-25,5
E102760,FY 2023-24,3
E102760,FY 2024-25,4
E102761,FY 2023-24,4
E102761,FY 2024-25,3
E102762,FY 2023-24,3
E102762,FY 2024-25,4
E102763,FY 2023-24,3
E102763,FY 2024-25,3
E102764,FY 2023-24,2
E102764,FY 2024-25,3
E102765,FY 2023-24,4
E102765,FY 2024-25,3
E102766,FY 2023-24,3
E102766,FY 2024-25,2
E102767,FY 2023-24,5
E102767,FY 2024-25,5
E102768,FY 2023-24,5
E102768,FY 2024-25,5
E102769,FY 2023-24,5
E102769,FY 2024-25,4
E102770,FY 2023-24,3
E102770,FY 2024-25,3
E102771,FY 2023-24,1
E102771,FY 2024-25,3
E102772,FY 2023-24,2
E102772,FY 2024-25,2
E102773,FY 2023-24,3
E102773,FY 2024-25,3
E102774,FY 2023-24,2
E102774,FY 2024-25,3
E102775,FY 2023-24,3
E102775,FY 2024-25,2
E102776,FY 2023-24,3
E102776,FY 2024-25,4
E102777,FY 2023-24,2
E102777,FY 2024-25,1
E102778,FY 2023-24,1
E102778,FY 2024-25,1
E102779,FY 2023-24,3
E102779,FY 2024-25,3
E102781,FY 2023-24,3
E102781,FY 2024-25,3
E102782,FY 2023-24,3
E102782,FY 2024-25,2
E102783,FY 2023-24,4
E102784,FY 2023-24,3
E102784,FY 2024-25,4
E102785,FY 2023-24,3
E102785,FY 2024-25,3
E102786,FY 2023-24,1
E102786,FY 2024-25,3
E102787,FY 2023-24,3
E102787,FY 2024-25,3
E102788,FY 2023-24,3
E102788,FY 2024-25,3
E102789,FY 2023-24,3
E102790,FY 2023-24,3
E102791,FY 2023-24,4
E102791,FY 2024-25,2
E102792,FY 2023-24,3
E102792,FY 2024-25,3
E102794,FY 2023-24,2
E102794,FY 2024-25,2
E102795,FY 2023-24,3
E102795,FY 2024-25,4
E102796,FY 2023-24,3
E102796,FY 2024-25,5
E102797,FY 2023-24,3
E102797,FY 2024-25,4
E102798,FY 2023-24,2
E102799,FY 2023-24,3
E102800,FY 2023-24,3
E102800,FY 2024-25,3
E102801,FY 2023-24,4
E102801,FY 2024-25,3
E102802,FY 2023-24,3
E102802,FY 2024-25,3
E102804,FY 2023-24,3
E102804,FY 2024-25,3
E102805,FY 2023-24,4
E102805,FY 2024-25,5
E102806,FY 2023-24,2
E102806,FY 2024-25,3
E102807,FY 2023-24,2
E102807,FY 2024-25,3
E102808,FY 2023-24,4
E102808,FY 2024-25,4
E102809,FY 2023-24,3
E102811,FY 2023-24,4
E102811,FY 2024-25,3
E102812,FY 2023-24,3
E102812,FY 2024-25,3
E102813,FY 2023-24,4
E102814,FY 2023-24,3
E102814,FY 2024-25,2
E102815,FY 2023-24,3
E102815,FY 2024-25,3
E102816,FY 2023-24,4
E102816,FY 2024-25,4
E102817,FY 2023-24,3
E102817,FY 2024-25,3
E102818,FY 2023-24,3
E102818,FY 2024-25,2
E102819,FY 2023-24,2
E102819,FY 2024-25,3
E102820,FY 2023-24,1
E102820,FY 2024-25,2
E102821,FY 2023-24,4
E102821,FY 2024-25,5
E102822,FY 2023-24,3
E102822,FY 2024-25,3
E102823,FY 2023-24,2
E102824,FY 2023-24,4
E102824,FY 2024-25,3
E102825,FY 2023-24,3
E102825,FY 2024-25,3
E102826,FY 2023-24,3
E102826,FY 2024-25,3
E102828,FY 2023-24,3
E102828,FY 2024-25,3
E102830,FY 2023-24,3
E102830,FY 2024-25,3
E102831,FY 2023-24,2
E102832,FY 2023-24,2
E102832,FY 2024-25,2
E102833,FY 2023-24,2
E102834,FY 2023-24,3
E102834,FY 2024-25,3
E102835,FY 2023-24,3
E102836,FY 2023-24,5
E102836,FY 2024-25,4
E102837,FY 2023-24,3
E102837,FY 2024-25,3
E102838,FY 2023-24,4
E102838,FY 2024-25,4
E102839,FY 2023-24,3
E102839,FY 2024-25,3
E102840,FY 2023-24,5
E102840,FY 2024-25,5
E102841,FY 2023-24,1
E102842,FY 2023-24,4
E102843,FY 2023-24,2
E102843,FY 2024-25,3
E102844,FY 2023-24,2
E102846,FY 2023-24,3
E102847,FY 2023-24,4
E102847,FY 2024-25,3
E102848,FY 2023-24,2
E102848,FY 2024-25,2
E102850,FY 2023-24,3
E102851,FY 2023-24,3
E102851,FY 2024-25,2
E102853,FY 2023-24,4
E102853,FY 2024-25,4
E102854,FY 2023-24,3
E102854,FY 2024-25,2
E102855,FY 2023-24,4
E102855,FY 2024-25,4
E102856,FY 2023-24,3
E102857,FY 2023-24,4
E102857,FY 2024-25,3
E102858,FY 2023-24,3
E102858,FY 2024-25,3
E102860,FY 2023-24,3
E102861,FY 2023-24,4
E102861,FY 2024-25,5
E102862,FY 2023-24,3
E102862,FY 2024-25,3
E102863,FY 2023-24,3
E102863,FY 2024-25,2
E102864,FY 2023-24,2
E102864,FY 2024-25,3
E102865,FY 2023-24,2
E102865,FY 2024-25,3
E102866,FY 2023-24,3
E102866,FY 2024-25,3
E102867,FY 2023-24,3
E102867,FY 2024-25,3
E102868,FY 2023-24,4
E102868,FY 2024-25,3
E102869,FY 2023-24,3
E102869,FY 2024-25,3
E102870,FY 2023-24,4
E102870,FY 2024-25,2
E102871,FY 2023-24,4
E102871,FY 2024-25,3
E102872,FY 2023-24,3
E102872,FY 2024-25,3
E102873,FY 2023-24,4
E102873,FY 2024-25,5
E102874,FY 2023-24,3
E102874,FY 2024-25,4
E102875,FY 2023-24,5
E102875,FY 2024-25,4
E102876,FY 2023-24,3
E102876,FY 2024-25,3
E102877,FY 2023-24,3
E102877,FY 2024-25,3
E102878,FY 2023-24,3
E102878,FY 2024-25,4
E102879,FY 2023-24,5
E102879,FY 2024-25,5
E102880,FY 2023-24,5
E102880,FY 2024-25,2
E102881,FY 2023-24,3
E102881,FY 2024-25,4
E102882,FY 2023-24,2
E102882,FY 2024-25,3
E102883,FY 2023-24,3
E102883,FY 2024-25,4
E102884,FY 2023-24,4
E102884,FY 2024-25,3
E102885,FY 2023-24,3
E102885,FY 2024-25,3
E102886,FY 2023-24,4
E102887,FY 2023-24,3
E102887,FY 2024-25,3
E102888,FY 2023-24,4
E102888,FY 2024-25,4
E102889,FY 2023-24,3
E102889,FY 2024-25,3
E102890,FY 2023-24,4
E102891,FY 2023-24,3
E102891,FY 2024-25,2
E102892,FY 2023-24,3
E102892,FY 2024-25,3
E102893,FY 2023-24,4
E102893,FY 2024-25,5
E102894,FY 2023-24,3
E102894,FY 2024-25,3
E102895,FY 2023-24,1
E102896,FY 2023-24,3
E102896,FY 2024-25,4
E102897,FY 2023-24,3
E102897,FY 2024-25,3
E102898,FY 2023-24,3
E102898,FY 2024-25,3
E102899,FY 2023-24,3
E102900,FY 2023-24,2
E102900,FY 2024-25,3
E102901,FY 2023-24,4
E102901,FY 2024-25,3
E102902,FY 2023-24,2
E102902,FY 2024-25,2
E102903,FY 2023-24,3
E102903,FY 2024-25,3
E102904,FY 2023-24,3
E102904,FY 2024-25,2
E102906,FY 2023-24,3
E102906,FY 2024-25,3
E102907,FY 2023-24,1
E102908,FY 2023-24,4
E102909,FY 2023-24,2
E102909,FY 2024-25,1
E102910,FY 2023-24,5
E102910,FY 2024-25,4
E102911,FY 2023-24,3
E102911,FY 2024-25,2
E102912,FY 2023-24,3
E102912,FY 2024-25,2
E102913,FY 2023-24,3
E102913,FY 2024-25,3
E102914,FY 2023-24,3
E102914,FY 2024-25,2
E102915,FY 2023-24,2
E102915,FY 2024-25,2
E102916,FY 2023-24,4
E102916,FY 2024-25,3
E102917,FY 2023-24,4
E102917,FY 2024-25,3
E102918,FY 2023-24,4
E102918,FY 2024-25,4
E102919,FY 2023-24,3
E102919,FY 2024-25,3
E102920,FY 2023-24,3
E102920,FY 2024-25,3
E102921,FY 2023-24,3
E102921,FY 2024-25,4
E102922,FY 2023-24,5
E102922,FY 2024-25,5
E102923,FY 2023-24,4
E102925,FY 2024-25,2
E102927,FY 2024-25,2
E102929,FY 2024-25,3
E102930,FY 2024-25,3
E102931,FY 2024-25,3
E102932,FY 2024-25,3
E102934,FY 2024-25,3
E102935,FY 2024-25,5
E102936,FY 2024-25,3
E102937,FY 2023-24,3
E102937,FY 2024-25,3
E102938,FY 2024-25,3
E102940,FY 2023-24,3
E102940,FY 2024-25,4
E102941,FY 2024-25,3
E102942,FY 2024-25,3
E102943,FY 2024-25,3
E102945,FY 2024-25,3
E102946,FY 2023-24,1
E102947,FY 2024-25,3
E102948,FY 2023-24,4
E102948,FY 2024-25,3
E102950,FY 2024-25,3
E102951,FY 2024-25,3
E102952,FY 2024-25,3
E102953,FY 2024-25,3
E102954,FY 2024-25,2
E102955,FY 2024-25,4
E102956,FY 2024-25,3
E102957,FY 2024-25,4
E102958,FY 2024-25,3
E102959,FY 2024-25,3
E102961,FY 2024-25,5
E102962,FY 2024-25,3
E102963,FY 2024-25,1
E102964,FY 2024-25,3
E102965,FY 2024-25,3
E102966,FY 2024-25,3
E102967,FY 2024-25,5
E102968,FY 2024-25,1
E102969,FY 2024-25,3
E102970,FY 2024-25,5
E102971,FY 2024-25,3
E102972,FY 2024-25,4
E102973,FY 2024-25,1
E102974,FY 2024-25,3
E102976,FY 2024-25,4
E102977,FY 2024-25,3
E102978,FY 2024-25,3
E102979,FY 2024-25,4
E102980,FY 2024-25,5
E102981,FY 2024-25,3
E102982,FY 2024-25,4
E102983,FY 2024-25,2
E102984,FY 2024-25,1
E102985,FY 2024-25,3
E102986,FY 2024-25,5
E102988,FY 2024-25,4
E102989,FY 2024-25,3
E102990,FY 2024-25,3
E102991,FY 2024-25,3
E102992,FY 2024-25,1
E102993,FY 2024-25,5
E102994,FY 2024-25,2
E102995,FY 2024-25,3
E102996,FY 2024-25,4
E102998,FY 2024-25,3
E102999,FY 2024-25,5
E103000,FY 2024-25,4
E103001,FY 2024-25,3
E103002,FY 2024-25,4
E103003,FY 2024-25,4
E103004,FY 2024-25,3
E103005,FY 2024-25,4
E103007,FY 2024-25,3
E103008,FY 2024-25,3
E103009,FY 2024-25,5
E103010,FY 2024-25,3
E103011,FY 2024-25,3
E103012,FY 2024-25,3
E103013,FY 2024-25,3
E103014,FY 2024-25,4
E103016,FY 2024-25,3
E103017,FY 2024-25,4
E103018,FY 2024-25,3
E103019,FY 2024-25,2
E103020,FY 2024-25,4
E103021,FY 2024-25,2
E103022,FY 2024-25,3
E103026,FY 2024-25,4
E103028,FY 2024-25,3
E103029,FY 2024-25,3
E103030,FY 2024-25,3
E103031,FY 2024-25,3
E103032,FY 2024-25,3
E103033,FY 2024-25,2
E103036,FY 2024-25,4
E103037,FY 2024-25,3
E103038,FY 2024-25,2
E103039,FY 2024-25,4
E103040,FY 2024-25,4
E103042,FY 2024-25,2
E103043,FY 2024-25,3
E103044,FY 2024-25,5
E103045,FY 2024-25,4
E103047,FY 2024-25,4
E103048,FY 2024-25,4
E103051,FY 2024-25,3
E103052,FY 2024-25,3
E103053,FY 2024-25,5
E103055,FY 2024-25,4
E103056,FY 2024-25,3
E103058,FY 2024-25,3
E103059,FY 2024-25,1
E103060,FY 2024-25,4
E103061,FY 2024-25,4
E103062,FY 2024-25,3
E103063,FY 2024-25,2
E103064,FY 2024-25,3
E103065,FY 2024-25,3
E103066,FY 2024-25,3
E103067,FY 2024-25,3
E103068,FY 2024-25,5
E103069,FY 2024-25,3
E103070,FY 2024-25,3
E103071,FY 2024-25,4
E103072,FY 2024-25,2
E103073,FY 2024-25,3
E103074,FY 2024-25,1
E103076,FY 2024-25,4
E103078,FY 2024-25,3
E103079,FY 2024-25,3
E103080,FY 2024-25,2
E103081,FY 2024-25,3
E103082,FY 2024-25,3
E103083,FY 2024-25,3
E103084,FY 2024-25,4
E103085,FY 2024-25,2
E103086,FY 2024-25,3
E103089,FY 2024-25,2
E103090,FY 2024-25,2
E103092,FY 2024-25,5
E103093,FY 2024-25,2
E103094,FY 2024-25,2
E103095,FY 2024-25,3
E103096,FY 2024-25,4
E103097,FY 2024-25,3
E103098,FY 2024-25,3
E103100,FY 2024-25,3
E103101,FY 2024-25,2
E103102,FY 2024-25,3
E103103,FY 2024-25,2
E103105,FY 2024-25,4
E103106,FY 2024-25,3
E103107,FY 2024-25,2
E103108,FY 2024-25,3
E103109,FY 2024-25,3
E103110,FY 2024-25,5
E103111,FY 2024-25,3
E103112,FY 2024-25,2
E103113,FY 2024-25,3
E103115,FY 2024-25,3
E103116,FY 2024-25,2
E103117,FY 2024-25,2
E103118,FY 2024-25,3
E103119,FY 2024-25,3
E103120,FY 2024-25,3
E103121,FY 2024-25,2
E103122,FY 2024-25,4
E103123,FY 2024-25,3
E103124,FY 2024-25,3
E103125,FY 2024-25,3
E103126,FY 2024-25,3
E103127,FY 2024-25,3
E103128,FY 2024-25,1
E103129,FY 2024-25,1
E103130,FY 2024-25,3
E103131,FY 2024-25,3
E103132,FY 2024-25,2
E103133,FY 2024-25,3
E103134,FY 2024-25,4
E103135,FY 2024-25,3
E103136,FY 2024-25,3
E103137,FY 2024-25,3
E103138,FY 2024-25,3
E103139,FY 2024-25,3
E103140,FY 2024-25,1
E103141,FY 2024-25,4
E103142,FY 2024-25,3
E103143,FY 2024-25,4
E103144,FY 2024-25,4
E103145,FY 2024-25,1
E103146,FY 2024-25,4
E103147,FY 2024-25,2
E103148,FY 2024-25,4
E103149,FY 2024-25,3
E103150,FY 2024-25,3
E103151,FY 2024-25,3
E103152,FY 2024-25,3
E103153,FY 2024-25,3
E103154,FY 2024-25,4
E103156,FY 2024-25,1
E103157,FY 2024-25,4
E103158,FY 2024-25,4
E103159,FY 2024-25,4
E103160,FY 2024-25,3
E103161,FY 2024-25,4
E103162,FY 2024-25,4
E103163,FY 2024-25,3
E103164,FY 2024-25,2
E103165,FY 2024-25,4
E103166,FY 2024-25,4
E103167,FY 2024-25,3
E103168,FY 2024-25,3
E103169,FY 2024-25,4
E103170,FY 2024-25,3
E103171,FY 2024-25,3
E103172,FY 2024-25,4
E103173,FY 2024-25,4
E103174,FY 2024-25,1
E103175,FY 2024-25,4
E103176,FY 2024-25,3
E103177,FY 2024-25,3
E103178,FY 2024-25,4
E103179,FY 2024-25,4
E103180,FY 2024-25,3
E103181,FY 2024-25,3
E103182,FY 2024-25,2
E103183,FY 2024-25,3
E103184,FY 2024-25,4
E103185,FY 2024-25,3
E103186,FY 2024-25,1
E103187,FY 2024-25,4
E103188,FY 2024-25,2
E103189,FY 2024-25,2
E103190,FY 2024-25,4
E103191,FY 2024-25,2
E103192,FY 2024-25,3
E103193,FY 2024-25,3
E103194,FY 2024-25,4
E103195,FY 2024-25,5
E103196,FY 2024-25,2
E103197,FY 2024-25,3
E103198,FY 2024-25,4
E103199,FY 2024-25,3
E103200,FY 2024-25,3
E103201,FY 2024-25,2
E103202,FY 2024-25,4
E103203,FY 2024-25,3
E103204,FY 2024-25,3
E103205,FY 2024-25,5
E103206,FY 2024-25,3
E103207,FY 2024-25,3
E103208,FY 2024-25,4
E103209,FY 2024-25,3
E103210,FY 2024-25,3
E103211,FY 2024-25,3
E103212,FY 2024-25,3
E103213,FY 2024-25,2
E103214,FY 2024-25,3
E103215,FY 2024-25,3
E103216,FY 2024-25,3
E103217,FY 2024-25,2
E103218,FY 2024-25,3
E103219,FY 2024-25,3
E103220,FY 2024-25,3
E103221,FY 2024-25,2
E103222,FY 2024-25,3
E103223,FY 2024-25,3
E103224,FY 2024-25,3
E103225,FY 2024-25,3
E103226,FY 2024-25,4
E103227,FY 2024-25,5
E103229,FY 2024-25,4
E103230,FY 2024-25,3
E103231,FY 2024-25,3
E103232,FY 2024-25,4
E103233,FY 2024-25,5
E103235,FY 2024-25,5
E103236,FY 2024-25,3
E103237,FY 2024-25,5
E103238,FY 2024-25,4
E103239,FY 2024-25,5
E103241,FY 2024-25,4
E103242,FY 2024-25,5
E103243,FY 2024-25,3
E103244,FY 2024-25,3
E103245,FY 2024-25,2
E103246,FY 2024-25,3
E103247,FY 2024-25,3
E103248,FY 2024-25,4
E103249,FY 2024-25,3
E103250,FY 2024-25,3
E103251,FY 2024-25,4
E103252,FY 2024-25,3
E103253,FY 2024-25,2
E103254,FY 2024-25,2
E103255,FY 2024-25,2
E103256,FY 2024-25,3
E103257,FY 2024-25,4
E103258,FY 2024-25,5
E103259,FY 2024-25,3
E103260,FY 2024-25,2
E103261,FY 2024-25,3
E103262,FY 2024-25,4
E103263,FY 2024-25,3
E103265,FY 2024-25,4
E103266,FY 2024-25,3
E103267,FY 2024-25,3
E103268,FY 2024-25,1
E103269,FY 2024-25,3
E103270,FY 2024-25,3
E103271,FY 2024-25,3
E103272,FY 2024-25,3
E103273,FY 2024-25,4
E103274,FY 2024-25,3
E103275,FY 2024-25,5
E103276,FY 2024-25,3
E103277,FY 2024-25,3
E103278,FY 2024-25,4
E103279,FY 2024-25,4
E103280,FY 2024-25,3
E103281,FY 2024-25,5
E103282,FY 2024-25,4
E103283,FY 2024-25,3
E103284,FY 2024-25,2
E103285,FY 2024-25,1
E103286,FY 2024-25,3
E103287,FY 2024-25,5
E103288,FY 2024-25,4
E103289,FY 2024-25,3
E103290,FY 2024-25,5
E103291,FY 2024-25,2
E103292,FY 2024-25,3
E103293,FY 2024-25,3
E103294,FY 2024-25,3
E103295,FY 2024-25,4
E103296,FY 2024-25,2
E103297,FY 2024-25,4
E103298,FY 2024-25,3
E103299,FY 2024-25,2
E103300,FY 2024-25,3
E103301,FY 2024-25,4
E103302,FY 2024-25,3
E103303,FY 2024-25,3
E103304,FY 2024-25,5
E103306,FY 2024-25,1
E103307,FY 2024-25,5
E103308,FY 2024-25,4
E103309,FY 2024-25,3
E103310,FY 2024-25,2
E103311,FY 2024-25,4
E103312,FY 2024-25,3
E103313,FY 2024-25,3
E103314,FY 2024-25,3
E103315,FY 2024-25,2
E103316,FY 2024-25,3
E103317,FY 2024-25,4
E103318,FY 2024-25,5
E103319,FY 2024-25,3
E103320,FY 2024-25,2
E103321,FY 2024-25,4
E103322,FY 2024-25,3
E103323,FY 2024-25,3
E103324,FY 2024-25,2
E103325,FY 2024-25,3
E103326,FY 2024-25,3
E103327,FY 2024-25,4
E103328,FY 2024-25,2
E103329,FY 2024-25,5
E103330,FY 2024-25,3
E103331,FY 2024-25,5
E103332,FY 2024-25,3
E103333,FY 2024-25,3
E103334,FY 2024-25,5
E103335,FY 2024-25,3
E103336,FY 2024-25,3
E103337,FY 2024-25,4
E103338,FY 2024-25,2
E103339,FY 2024-25,5
E103340,FY 2024-25,3
E103341,FY 2024-25,4
E103342,FY 2024-25,3
E103343,FY 2024-25,3
E103344,FY 2024-25,4
E103345,FY 2024-25,3
E103346,FY 2024-25,4
E103347,FY 2024-25,4
E103348,FY 2024-25,3
E103349,FY 2024-25,3
E103350,FY 2024-25,2
E103351,FY 2024-25,3
E103352,FY 2024-25,3
E103353,FY 2024-25,1
E103354,FY 2024-25,3
E103355,FY 2024-25,4
E103356,FY 2024-25,3
E103357,FY 2024-25,3
E103358,FY 2024-25,3
E103359,FY 2024-25,4
E103360,FY 2024-25,3
E103361,FY 2024-25,4
E103362,FY 2024-25,4
E103363,FY 2024-25,1
E103364,FY 2024-25,4
E103365,FY 2024-25,3
E103367,FY 2024-25,4
E103368,FY 2024-25,2
E103369,FY 2024-25,4
E103370,FY 2024-25,5
E103371,FY 2024-25,3
E103372,FY 2024-25,2
E103373,FY 2024-25,2
E103374,FY 2024-25,3
E103375,FY 2024-25,5
E103376,FY 2024-25,1
E103377,FY 2024-25,3
E103378,FY 2024-25,2
E103379,FY 2024-25,3
E103380,FY 2024-25,3
E103381,FY 2024-25,4
E103382,FY 2024-25,4
E103383,FY 2024-25,2
E103384,FY 2024-25,3
E103385,FY 2024-25,5
E103386,FY 2024-25,4
E103387,FY 2024-25,2
E103388,FY 2024-25,3
E103389,FY 2024-25,4
E103390,FY 2024-25,3
E103391,FY 2024-25,3
E103392,FY 2024-25,5
E103393,FY 2024-25,3
E103394,FY 2024-25,3
E103395,FY 2024-25,4
E103396,FY 2024-25,3
E103397,FY 2024-25,4
E103398,FY 2024-25,4
E103399,FY 2024-25,3
E103402,FY 2024-25,2
E103403,FY 2024-25,2
E103404,FY 2024-25,3
E103405,FY 2024-25,2
E103406,FY 2024-25,1
E103407,FY 2024-25,3
E103408,FY 2024-25,3
E103409,FY 2024-25,3
E103411,FY 2024-25,3
E103412,FY 2024-25,3
E103413,FY 2024-25,3
E103414,FY 2024-25,3
E103415,FY 2024-25,3
E103416,FY 2024-25,4
E103417,FY 2024-25,4
E103418,FY 2024-25,3
E103419,FY 2024-25,4
E103420,FY 2024-25,2
E103421,FY 2024-25,2
E103422,FY 2024-25,3
E103423,FY 2024-25,5
E103424,FY 2024-25,3
E103425,FY 2024-25,3
E103426,FY 2024-25,4
E103427,FY 2024-25,3
E103428,FY 2024-25,2
E103429,FY 2024-25,3
E103430,FY 2024-25,3
E103431,FY 2024-25,3
E103433,FY 2024-25,4
E103434,FY 2024-25,4
E103435,FY 2024-25,2
E103436,FY 2024-25,4
E103437,FY 2024-25,4
E103438,FY 2024-25,3
E103439,FY 2024-25,3
E103441,FY 2024-25,3
E103442,FY 2024-25,5
E103443,FY 2024-25,3
E103444,FY 2024-25,2
E103445,FY 2024-25,3
E103446,FY 2024-25,3
E103447,FY 2024-25,5
E103448,FY 2024-25,4
E103449,FY 2024-25,1
E103450,FY 2024-25,3
E103451,FY 2024-25,2
E103452,FY 2024-25,5
E103453,FY 2024-25,4
E103454,FY 2024-25,4
E103455,FY 2024-25,3
E103456,FY 2024-25,3
E103457,FY 2024-25,5
E103458,FY 2024-25,4
E103459,FY 2024-25,3
E103460,FY 2024-25,3
E103461,FY 2024-25,4
E103462,FY 2024-25,3
E103463,FY 2024-25,3
E103464,FY 2024-25,5
E103465,FY 2024-25,3
E103466,FY 2024-25,4
E103467,FY 2024-25,3
E103468,FY 2024-25,3
E103469,FY 2024-25,5
E103470,FY 2024-25,3
E103471,FY 2024-25,3
E103472,FY 2024-25,4
E103473,FY 2024-25,4
E103474,FY 2024-25,3
E103475,FY 2024-25,3
E103476,FY 2024-25,3
E103477,FY 2024-25,3
E103478,FY 2024-25,4
E103479,FY 2024-25,3
E103480,FY 2024-25,3
E103481,FY 2024-25,3
E103482,FY 2024-25,3
E103483,FY 2024-25,5
E103484,FY 2024-25,3
E103485,FY 2024-25,3
E103486,FY 2024-25,2
E103487,FY 2024-25,3
E103488,FY 2024-25,3
E103489,FY 2024-25,3
E103490,FY 2024-25,3
E103491,FY 2024-25,4
E103492,FY 2024-25,3
E103493,FY 2024-25,3
E103494,FY 2024-25,5
