req_id,department,level,location,reason,opened_date,offer_accepted_date,join_date,candidates,offer_declines,hired_emp_id
R00001,Sales and Presales,L2,Hyderabad,Backfill,2022-04-24,2022-07-10,2022-09-08,38,1,E102240
R00002,Quality Engineering,L2,Bengaluru,Backfill,2022-04-13,2022-05-18,2022-07-17,31,0,E102161
R00003,Delivery,L2,Hyderabad,Backfill,2022-04-13,2022-04-29,2022-07-28,14,2,E102162
R00004,Delivery,L1,Bengaluru,Backfill,2022-04-18,2022-06-06,2022-07-06,18,0,E102163
R00005,Delivery,L3,Hyderabad,Backfill,2022-04-09,2022-05-14,2022-07-13,8,1,E102164
R00006,Quality Engineering,L2,Bengaluru,Backfill,2022-04-21,2022-05-10,2022-07-09,19,2,E102165
R00007,Delivery,L1,Hyderabad,Backfill,2022-04-04,2022-04-23,2022-05-23,9,1,E102151
R00008,Data and Analytics,L2,Hyderabad,Backfill,2022-04-09,2022-06-12,2022-08-11,10,0,E102193
R00009,Sales and Presales,L1,Hyderabad,Backfill,2022-04-13,2022-05-17,2022-07-16,26,1,E102166
R00010,Quality Engineering,L1,Hyderabad,Backfill,2022-04-11,2022-04-29,2022-06-28,19,1,E102152
R00011,Delivery,L1,Bengaluru,Backfill,2022-04-23,2022-05-02,2022-07-31,19,0,E102167
R00012,Cloud and Infrastructure,L1,Hyderabad,Backfill,2022-04-21,2022-05-12,2022-07-11,23,0,E102168
R00013,Delivery,L2,Hyderabad,Backfill,2022-04-02,2022-05-01,2022-06-30,34,0,E102153
R00014,Data and Analytics,L1,Hyderabad,Backfill,2022-04-14,2022-06-14,2022-08-13,32,1,E102194
R00015,Quality Engineering,L4,Hyderabad,Backfill,2022-04-14,2022-05-29,2022-08-27,7,1,E102195
R00016,Cloud and Infrastructure,L3,Bengaluru,Backfill,2022-04-15,2022-06-11,2022-08-10,38,1,E102196
R00017,Cloud and Infrastructure,L2,Bengaluru,Backfill,2022-04-25,2022-05-11,2022-06-10,29,2,E102154
R00018,Delivery,L2,Bengaluru,Backfill,2022-04-12,2022-05-13,2022-06-12,38,1,E102155
R00019,Cloud and Infrastructure,L3,Hyderabad,Backfill,2022-04-24,2022-05-27,2022-06-26,7,1,E102156
R00020,Delivery,L3,Hyderabad,Backfill,2022-04-01,2022-05-29,2022-06-28,16,1,E102157
R00021,Cloud and Infrastructure,L1,Hyderabad,Backfill,2022-04-09,2022-05-12,2022-07-11,27,0,E102169
R00022,Cloud and Infrastructure,L2,Bengaluru,Backfill,2022-04-13,2022-06-05,2022-08-04,6,1,E102197
R00023,Data and Analytics,L2,Bengaluru,Backfill,2022-04-04,2022-05-17,2022-08-15,26,0,E102198
R00024,Data and Analytics,L1,Hyderabad,Backfill,2022-04-22,2022-06-01,2022-08-30,6,1,E102199
R00025,Delivery,L3,Hyderabad,Backfill,2022-04-04,2022-05-06,2022-07-05,38,4,E102170
R00026,Sales and Presales,L1,Hyderabad,Backfill,2022-04-23,2022-05-29,2022-06-28,36,1,E102158
R00027,Delivery,L3,Hyderabad,Backfill,2022-04-04,2022-05-16,2022-07-15,37,2,E102171
R00028,Data and Analytics,L1,Bengaluru,Backfill,2022-04-11,2022-04-30,2022-07-29,11,0,E102172
R00029,Delivery,L2,Hyderabad,Backfill,2022-04-25,2022-05-18,2022-08-16,8,1,E102200
R00030,Delivery,L3,Hyderabad,Backfill,2022-04-16,2022-06-18,2022-08-17,28,0,E102201
R00031,Cloud and Infrastructure,L3,Hyderabad,Backfill,2022-04-01,2022-05-10,2022-06-09,35,3,E102159
R00032,Quality Engineering,L1,Hyderabad,Backfill,2022-04-07,2022-05-08,2022-08-06,13,1,E102202
R00033,Cloud and Infrastructure,L2,Hyderabad,Backfill,2022-04-18,2022-04-27,2022-07-26,29,2,E102173
R00034,Quality Engineering,L2,Hyderabad,Backfill,2022-04-01,2022-05-18,2022-07-17,6,0,E102174
R00035,Data and Analytics,L2,Hyderabad,Backfill,2022-04-19,2022-05-14,2022-07-13,28,1,E102175
R00036,Data and Analytics,L1,Bengaluru,Backfill,2022-04-25,2022-06-17,2022-09-15,12,2,E102241
R00037,Consulting,L4,Bengaluru,Backfill,2022-04-26,2022-07-08,2022-09-06,33,1,E102242
R00038,Delivery,L2,Bengaluru,Backfill,2022-04-16,2022-06-11,2022-08-10,22,1,E102203
R00039,Data and Analytics,L2,Bengaluru,Backfill,2022-04-01,2022-05-09,2022-07-08,33,0,E102176
R00040,Quality Engineering,L6,Bengaluru,Backfill,2022-04-10,2022-07-14,2022-10-12,6,1,E102282
R00041,Cloud and Infrastructure,L2,Bengaluru,Backfill,2022-04-20,2022-05-26,2022-07-25,32,0,E102177
R00042,Delivery,L4,Bengaluru,Backfill,2022-04-22,2022-05-22,2022-07-21,23,1,E102178
R00043,Cloud and Infrastructure,L2,Hyderabad,Backfill,2022-04-16,2022-05-28,2022-07-27,9,0,E102179
R00044,Cloud and Infrastructure,L3,Hyderabad,Backfill,2022-04-14,2022-07-12,2022-09-10,26,0,E102243
R00045,Delivery,L5,Hyderabad,Growth,2022-04-01,2022-06-17,2022-08-16,10,1,E102204
R00046,Delivery,L2,Hyderabad,Growth,2022-04-01,2022-06-13,2022-08-12,9,0,E102205
R00047,Delivery,L3,Hyderabad,Growth,2022-04-01,2022-05-29,2022-08-27,24,4,E102206
R00048,Quality Engineering,L3,Hyderabad,Growth,2022-04-01,2022-05-15,2022-06-14,19,2,E102160
R00049,Corporate Functions,L1,Hyderabad,Backfill,2022-05-23,2022-06-23,2022-07-23,19,1,E102180
R00050,Delivery,L1,Hyderabad,Backfill,2022-05-22,2022-07-01,2022-08-30,19,1,E102207
R00051,Quality Engineering,L2,Hyderabad,Backfill,2022-05-02,2022-06-08,2022-09-06,10,1,E102244
R00052,Delivery,L1,Bengaluru,Backfill,2022-05-17,2022-07-05,2022-10-03,6,0,E102283
R00053,Data and Analytics,L3,Hyderabad,Backfill,2022-05-25,2022-08-03,2022-09-02,18,1,E102245
R00054,Cloud and Infrastructure,L1,Bengaluru,Backfill,2022-05-03,2022-06-13,2022-09-11,14,1,E102246
R00055,Sales and Presales,L1,Bengaluru,Backfill,2022-05-21,2022-07-05,2022-08-04,34,0,E102208
R00056,Delivery,L2,Bengaluru,Backfill,2022-05-06,2022-05-24,2022-08-22,25,0,E102209
R00057,Quality Engineering,L4,Hyderabad,Backfill,2022-05-13,2022-08-22,2022-09-21,15,0,E102247
R00058,Delivery,L1,Hyderabad,Backfill,2022-05-22,2022-07-02,2022-08-01,14,2,E102210
R00059,Data and Analytics,L1,Hyderabad,Backfill,2022-05-03,2022-06-05,2022-08-04,29,0,E102211
R00060,Delivery,L2,Hyderabad,Backfill,2022-05-07,2022-07-26,2022-08-25,36,1,E102212
R00061,Delivery,L1,Hyderabad,Backfill,2022-05-07,2022-05-23,2022-07-22,19,0,E102181
R00062,Quality Engineering,L4,Bengaluru,Backfill,2022-05-18,2022-07-01,2022-08-30,7,2,E102213
R00063,Delivery,L2,Hyderabad,Backfill,2022-05-18,2022-07-28,2022-09-26,39,1,E102248
R00064,Quality Engineering,L4,Hyderabad,Backfill,2022-05-01,2022-05-27,2022-07-26,10,2,E102182
R00065,Delivery,L2,Bengaluru,Backfill,2022-05-24,2022-07-03,2022-09-01,16,1,E102249
R00066,Cloud and Infrastructure,L2,Hyderabad,Backfill,2022-05-22,2022-06-27,2022-08-26,27,0,E102214
R00067,Delivery,L2,Hyderabad,Backfill,2022-05-16,2022-06-24,2022-09-22,6,0,E102250
R00068,Data and Analytics,L2,Bengaluru,Backfill,2022-05-06,2022-06-04,2022-09-02,29,0,E102251
R00069,Delivery,L5,Hyderabad,Backfill,2022-05-13,2022-10-04,2022-12-03,15,0,E102383
R00070,Data and Analytics,L3,Hyderabad,Backfill,2022-05-22,2022-08-17,2022-10-16,10,0,E102284
R00071,Delivery,L2,Hyderabad,Backfill,2022-05-07,2022-07-05,2022-09-03,23,0,E102252
R00072,Data and Analytics,L3,Bengaluru,Backfill,2022-05-18,2022-07-06,2022-10-04,38,2,E102285
R00073,Sales and Presales,L2,Bengaluru,Backfill,2022-05-21,2022-06-09,2022-08-08,19,2,E102215
R00074,Delivery,L5,Bengaluru,Backfill,2022-05-14,2022-06-26,2022-08-25,29,2,E102216
R00075,Delivery,L2,Hyderabad,Backfill,2022-05-26,2022-07-12,2022-08-11,6,0,E102217
R00076,Sales and Presales,L1,Hyderabad,Backfill,2022-05-25,2022-06-06,2022-08-05,26,0,E102218
R00077,Quality Engineering,L2,Hyderabad,Backfill,2022-05-12,2022-06-16,2022-08-15,19,1,E102219
R00078,Data and Analytics,L2,Hyderabad,Backfill,2022-05-05,2022-06-13,2022-08-12,36,0,E102220
R00079,Consulting,L2,Hyderabad,Backfill,2022-05-03,2022-06-10,2022-07-10,10,0,E102183
R00080,Data and Analytics,L1,Hyderabad,Backfill,2022-05-24,2022-06-20,2022-07-20,9,0,E102184
R00081,Quality Engineering,L1,Bengaluru,Backfill,2022-05-03,2022-05-25,2022-07-24,24,1,E102185
R00082,Corporate Functions,L2,Bengaluru,Backfill,2022-05-21,2022-06-10,2022-08-09,9,1,E102221
R00083,Quality Engineering,L3,Bengaluru,Backfill,2022-05-21,2022-06-29,2022-08-28,7,1,E102222
R00084,Sales and Presales,L1,Bengaluru,Backfill,2022-05-14,2022-06-28,2022-07-28,36,0,E102186
R00085,Sales and Presales,L1,Hyderabad,Backfill,2022-05-04,2022-05-28,2022-08-26,23,2,E102223
R00086,Delivery,L2,Hyderabad,Backfill,2022-05-09,2022-05-31,2022-07-30,15,0,E102187
R00087,Data and Analytics,L2,Bengaluru,Backfill,2022-05-10,2022-07-21,2022-10-19,20,0,E102286
R00088,Delivery,L2,Hyderabad,Backfill,2022-05-23,2022-06-24,2022-09-22,19,0,E102253
R00089,Cloud and Infrastructure,L2,Hyderabad,Backfill,2022-05-14,2022-07-20,2022-08-19,9,1,E102224
R00090,Data and Analytics,L4,Hyderabad,Backfill,2022-05-01,2022-10-17,2023-01-15,16,1,E102423
R00091,Delivery,L2,Bengaluru,Backfill,2022-05-26,2022-07-17,2022-08-16,20,1,E102225
R00092,Data and Analytics,L2,Bengaluru,Backfill,2022-05-05,2022-06-03,2022-07-03,26,0,E102188
R00093,Quality Engineering,L2,Hyderabad,Backfill,2022-05-07,2022-05-20,2022-07-19,7,0,E102189
R00094,Delivery,L1,Hyderabad,Backfill,2022-05-20,2022-07-05,2022-10-03,25,0,E102287
R00095,Data and Analytics,L3,Hyderabad,Backfill,2022-05-11,2022-06-29,2022-07-29,38,0,E102190
R00096,Sales and Presales,L1,Hyderabad,Backfill,2022-05-15,2022-06-19,2022-08-18,12,0,E102226
R00097,Data and Analytics,L1,Bengaluru,Backfill,2022-05-17,2022-07-23,2022-10-21,33,0,E102288
R00098,Quality Engineering,L4,Hyderabad,Growth,2022-05-01,2022-07-29,2022-10-27,24,1,E102289
R00099,Delivery,L2,Hyderabad,Growth,2022-05-01,2022-06-15,2022-09-13,30,1,E102254
R00100,Cloud and Infrastructure,L2,Hyderabad,Growth,2022-05-01,2022-06-04,2022-08-03,24,0,E102227
R00101,Delivery,L4,Bengaluru,Growth,2022-05-01,2022-06-20,2022-08-19,32,1,E102228
R00102,Delivery,L2,Bengaluru,Growth,2022-05-01,2022-06-29,2022-08-28,30,0,E102229
R00103,Data and Analytics,L5,Bengaluru,Backfill,2022-06-07,2022-07-30,2022-09-28,14,0,E102255
R00104,Cloud and Infrastructure,L2,Hyderabad,Backfill,2022-06-21,2022-08-24,2022-09-23,6,0,E102256
R00105,Delivery,L1,Hyderabad,Backfill,2022-06-17,2022-07-13,2022-09-11,29,0,E102257
R00106,Cloud and Infrastructure,L2,Hyderabad,Backfill,2022-06-03,2022-07-09,2022-08-08,29,1,E102230
R00107,Cloud and Infrastructure,L1,Hyderabad,Backfill,2022-06-18,2022-07-14,2022-10-12,19,0,E102290
R00108,Sales and Presales,L1,Hyderabad,Backfill,2022-06-02,2022-07-08,2022-09-06,19,2,E102258
R00109,Delivery,L4,Bengaluru,Backfill,2022-06-16,2022-08-10,2022-10-09,39,2,E102291
R00110,Cloud and Infrastructure,L2,Hyderabad,Backfill,2022-06-11,2022-08-09,2022-11-07,39,0,E102336
R00111,Consulting,L3,Bengaluru,Backfill,2022-06-18,2022-07-08,2022-09-06,26,3,E102259
R00112,Cloud and Infrastructure,L4,Bengaluru,Backfill,2022-06-07,2022-09-06,2022-11-05,22,0,E102337
R00113,Delivery,L3,Bengaluru,Backfill,2022-06-17,2022-07-04,2022-09-02,26,1,E102260
R00114,Cloud and Infrastructure,L5,Hyderabad,Backfill,2022-06-17,2022-10-09,2022-11-08,9,1,E102338
R00115,Corporate Functions,L1,Hyderabad,Backfill,2022-06-01,2022-06-27,2022-08-26,31,1,E102231
R00116,Delivery,L4,Hyderabad,Backfill,2022-06-04,2022-08-04,2022-10-03,24,0,E102292
R00117,Sales and Presales,L1,Hyderabad,Backfill,2022-06-08,2022-08-22,2022-10-21,28,0,E102293
R00118,Delivery,L1,Hyderabad,Backfill,2022-06-22,2022-08-03,2022-11-01,25,0,E102339
R00119,Corporate Functions,L3,Bengaluru,Backfill,2022-06-02,2022-08-19,2022-10-18,33,1,E102294
R00120,Consulting,L2,Bengaluru,Backfill,2022-06-23,2022-07-15,2022-08-14,13,0,E102232
R00121,Delivery,L1,Bengaluru,Backfill,2022-06-05,2022-07-04,2022-08-03,38,0,E102233
R00122,Cloud and Infrastructure,L1,Hyderabad,Backfill,2022-06-03,2022-06-30,2022-07-30,35,0,E102191
R00123,Delivery,L2,Hyderabad,Backfill,2022-06-19,2022-07-30,2022-10-28,9,0,E102295
R00124,Delivery,L2,Bengaluru,Backfill,2022-06-12,2022-07-13,2022-09-11,30,0,E102261
R00125,Delivery,L3,Bengaluru,Backfill,2022-06-11,2022-08-19,2022-11-17,27,2,E102340
R00126,Delivery,L2,Hyderabad,Backfill,2022-06-15,2022-07-24,2022-09-22,33,1,E102262
R00127,Quality Engineering,L4,Hyderabad,Backfill,2022-06-25,2022-08-18,2022-10-17,37,3,E102296
R00128,Delivery,L3,Bengaluru,Backfill,2022-06-06,2022-07-03,2022-08-02,34,1,E102234
R00129,Sales and Presales,L4,Bengaluru,Backfill,2022-06-25,2022-08-21,2022-10-20,10,0,E102297
R00130,Cloud and Infrastructure,L2,Hyderabad,Backfill,2022-06-16,2022-07-25,2022-09-23,29,0,E102263
R00131,Corporate Functions,L3,Hyderabad,Backfill,2022-06-15,2022-10-02,2022-12-31,13,2,E102384
R00132,Delivery,L1,Hyderabad,Backfill,2022-06-24,2022-07-07,2022-09-05,15,1,E102264
R00133,Delivery,L3,Bengaluru,Backfill,2022-06-26,2022-08-21,2022-11-19,17,0,E102341
R00134,Delivery,L2,Hyderabad,Backfill,2022-06-18,2022-07-05,2022-09-03,7,0,E102265
R00135,Cloud and Infrastructure,L2,Bengaluru,Backfill,2022-06-25,2022-08-07,2022-10-06,7,0,E102298
R00136,Quality Engineering,L2,Bengaluru,Backfill,2022-06-11,2022-07-01,2022-08-30,25,1,E102235
R00137,Delivery,L1,Bengaluru,Backfill,2022-06-20,2022-07-04,2022-09-02,36,1,E102266
R00138,Delivery,L1,Hyderabad,Backfill,2022-06-13,2022-07-19,2022-09-17,33,1,E102267
R00139,Data and Analytics,L1,Bengaluru,Backfill,2022-06-09,2022-08-18,2022-10-17,30,1,E102299
R00140,Delivery,L4,Bengaluru,Backfill,2022-06-27,2022-11-04,2023-01-03,13,2,E102424
R00141,Delivery,L3,Hyderabad,Backfill,2022-06-27,2022-07-26,2022-09-24,6,3,E102268
R00142,Delivery,L1,Hyderabad,Backfill,2022-06-06,2022-06-27,2022-07-27,20,0,E102192
R00143,Data and Analytics,L1,Bengaluru,Backfill,2022-06-07,2022-08-01,2022-09-30,25,0,E102269
R00144,Cloud and Infrastructure,L3,Bengaluru,Backfill,2022-06-12,2022-07-27,2022-09-25,36,1,E102270
R00145,Delivery,L1,Bengaluru,Backfill,2022-06-25,2022-07-19,2022-08-18,38,0,E102236
R00146,Sales and Presales,L4,Hyderabad,Backfill,2022-06-16,2022-08-22,2022-10-21,27,2,E102300
R00147,Delivery,L1,Bengaluru,Backfill,2022-06-06,2022-06-29,2022-08-28,31,0,E102237
R00148,Delivery,L1,Hyderabad,Backfill,2022-06-06,2022-08-07,2022-10-06,11,0,E102301
R00149,Consulting,L5,Bengaluru,Backfill,2022-06-07,2022-08-14,2022-09-13,7,0,E102271
R00150,Data and Analytics,L2,Hyderabad,Backfill,2022-06-14,2022-07-10,2022-10-08,27,0,E102302
R00151,Data and Analytics,L3,Bengaluru,Backfill,2022-06-12,2022-09-15,2022-11-14,6,1,E102342
R00152,Delivery,L1,Hyderabad,Backfill,2022-07-13,2022-08-14,2022-11-12,32,1,E102343
R00153,Delivery,L1,Hyderabad,Backfill,2022-07-21,2022-08-18,2022-10-17,21,0,E102303
R00154,Data and Analytics,L3,Hyderabad,Backfill,2022-07-12,2022-10-21,2022-11-20,35,2,E102344
R00155,Delivery,L2,Bengaluru,Backfill,2022-07-25,2022-08-17,2022-10-16,10,2,E102304
R00156,Delivery,L4,Bengaluru,Backfill,2022-07-10,2022-10-03,2023-01-01,20,0,E102425
R00157,Sales and Presales,L1,Bengaluru,Backfill,2022-07-17,2022-08-13,2022-11-11,18,1,E102345
R00158,Quality Engineering,L2,Hyderabad,Backfill,2022-07-22,2022-08-29,2022-10-28,31,0,E102305
R00159,Cloud and Infrastructure,L2,Hyderabad,Backfill,2022-07-21,2022-09-23,2022-12-22,39,1,E102385
R00160,Cloud and Infrastructure,L4,Hyderabad,Backfill,2022-07-10,2022-08-18,2022-11-16,31,1,E102346
R00161,Quality Engineering,L2,Hyderabad,Backfill,2022-07-22,2022-08-26,2022-09-25,17,0,E102272
R00162,Corporate Functions,L3,Bengaluru,Backfill,2022-07-07,2022-07-27,2022-08-26,25,1,E102238
R00163,Quality Engineering,L3,Hyderabad,Backfill,2022-07-27,2022-09-09,2022-12-08,9,1,E102386
R00164,Data and Analytics,L2,Hyderabad,Backfill,2022-07-07,2022-07-30,2022-09-28,11,0,E102273
R00165,Delivery,L2,Bengaluru,Backfill,2022-07-24,2022-09-28,2022-11-27,33,1,E102347
R00166,Delivery,L2,Bengaluru,Backfill,2022-07-17,2022-07-28,2022-10-26,28,0,E102306
R00167,Delivery,L2,Hyderabad,Backfill,2022-07-24,2022-08-26,2022-11-24,34,0,E102348
R00168,Data and Analytics,L2,Hyderabad,Backfill,2022-07-21,2022-09-25,2022-11-24,9,1,E102349
R00169,Cloud and Infrastructure,L2,Hyderabad,Backfill,2022-07-09,2022-08-21,2022-10-20,22,2,E102307
R00170,Cloud and Infrastructure,L2,Hyderabad,Backfill,2022-07-06,2022-09-01,2022-10-31,39,0,E102308
R00171,Corporate Functions,L2,Bengaluru,Backfill,2022-07-07,2022-08-02,2022-10-31,12,2,E102309
R00172,Delivery,L1,Bengaluru,Backfill,2022-07-05,2022-08-01,2022-10-30,17,3,E102310
R00173,Delivery,L3,Hyderabad,Backfill,2022-07-12,2022-11-04,2023-01-03,36,0,E102426
R00174,Data and Analytics,L4,Hyderabad,Backfill,2022-07-05,2022-09-23,2022-12-22,21,0,E102387
R00175,Quality Engineering,L1,Bengaluru,Backfill,2022-07-18,2022-08-10,2022-09-09,11,1,E102274
R00176,Sales and Presales,L5,Hyderabad,Backfill,2022-07-15,2022-09-17,2022-12-16,24,2,E102388
R00177,Corporate Functions,L3,Hyderabad,Backfill,2022-07-20,2022-08-30,2022-11-28,15,1,E102350
R00178,Cloud and Infrastructure,L1,Hyderabad,Backfill,2022-07-21,2022-09-04,2022-11-03,35,1,E102351
R00179,Delivery,L2,Hyderabad,Backfill,2022-07-18,2022-08-20,2022-09-19,25,0,E102275
R00180,Delivery,L3,Hyderabad,Backfill,2022-07-24,2022-09-23,2022-10-23,19,1,E102311
R00181,Delivery,L1,Hyderabad,Backfill,2022-07-03,2022-07-19,2022-10-17,18,1,E102312
R00182,Delivery,L1,Bengaluru,Backfill,2022-07-09,2022-07-31,2022-08-30,22,1,E102239
R00183,Delivery,L2,Hyderabad,Backfill,2022-07-18,2022-07-28,2022-10-26,22,2,E102313
R00184,Sales and Presales,L1,Hyderabad,Backfill,2022-07-18,2022-08-30,2022-10-29,26,0,E102314
R00185,Data and Analytics,L1,Hyderabad,Backfill,2022-07-09,2022-08-10,2022-11-08,6,1,E102352
R00186,Data and Analytics,L1,Bengaluru,Backfill,2022-07-24,2022-09-05,2022-10-05,9,0,E102315
R00187,Delivery,L3,Bengaluru,Backfill,2022-07-03,2022-08-16,2022-09-15,38,2,E102276
R00188,Cloud and Infrastructure,L1,Hyderabad,Backfill,2022-07-02,2022-08-28,2022-09-27,22,1,E102277
R00189,Data and Analytics,L3,Bengaluru,Backfill,2022-07-14,2022-10-09,2022-11-08,24,0,E102353
R00190,Sales and Presales,L4,Hyderabad,Backfill,2022-07-10,2022-08-02,2022-10-31,29,1,E102316
R00191,Delivery,L1,Hyderabad,Backfill,2022-07-07,2022-08-07,2022-11-05,37,1,E102354
R00192,Quality Engineering,L1,Hyderabad,Backfill,2022-07-02,2022-08-05,2022-10-04,12,1,E102317
R00193,Delivery,L2,Bengaluru,Backfill,2022-07-22,2022-08-07,2022-10-06,22,0,E102318
R00194,Delivery,L1,Hyderabad,Backfill,2022-07-08,2022-08-23,2022-09-22,31,0,E102278
R00195,Delivery,L2,Hyderabad,Backfill,2022-07-18,2022-08-13,2022-09-12,12,0,E102279
R00196,Corporate Functions,L1,Bengaluru,Backfill,2022-07-02,2022-08-11,2022-10-10,6,1,E102319
R00197,Delivery,L2,Bengaluru,Growth,2022-07-01,2022-08-30,2022-11-28,30,0,E102355
R00198,Quality Engineering,L4,Bengaluru,Growth,2022-07-01,2022-09-05,2022-11-04,6,2,E102356
R00199,Data and Analytics,L2,Hyderabad,Backfill,2022-08-11,2022-10-04,2022-11-03,36,0,E102357
R00200,Delivery,L2,Hyderabad,Backfill,2022-08-16,2022-10-30,2022-12-29,8,0,E102389
R00201,Cloud and Infrastructure,L1,Hyderabad,Backfill,2022-08-19,2022-10-17,2023-01-15,39,1,E102427
R00202,Delivery,L1,Bengaluru,Backfill,2022-08-13,2022-09-17,2022-12-16,19,0,E102390
R00203,Quality Engineering,L2,Hyderabad,Backfill,2022-08-03,2022-08-28,2022-10-27,22,0,E102320
R00204,Quality Engineering,L3,Hyderabad,Backfill,2022-08-04,2022-08-25,2022-09-24,27,1,E102280
R00205,Quality Engineering,L1,Bengaluru,Backfill,2022-08-01,2022-09-03,2022-10-03,17,1,E102321
R00206,Delivery,L2,Hyderabad,Backfill,2022-08-21,2022-09-11,2022-12-10,12,1,E102391
R00207,Data and Analytics,L3,Bengaluru,Backfill,2022-08-10,2022-09-05,2022-11-04,9,1,E102358
R00208,Sales and Presales,L2,Hyderabad,Backfill,2022-08-26,2022-11-15,2023-01-14,37,0,E102428
R00209,Cloud and Infrastructure,L4,Hyderabad,Backfill,2022-08-04,2022-09-22,2022-11-21,15,2,E102359
R00210,Corporate Functions,L2,Hyderabad,Backfill,2022-08-03,2022-09-07,2022-12-06,35,0,E102392
R00211,Cloud and Infrastructure,L1,Bengaluru,Backfill,2022-08-18,2022-11-02,2023-01-01,30,1,E102429
R00212,Delivery,L1,Bengaluru,Backfill,2022-08-20,2022-09-17,2022-11-16,35,0,E102360
R00213,Delivery,L1,Hyderabad,Backfill,2022-08-02,2022-09-02,2022-10-02,35,2,E102322
R00214,Data and Analytics,L3,Hyderabad,Backfill,2022-08-08,2022-09-28,2022-11-27,29,0,E102361
R00215,Quality Engineering,L2,Bengaluru,Backfill,2022-08-15,2022-09-02,2022-11-01,9,1,E102362
R00216,Cloud and Infrastructure,L3,Hyderabad,Backfill,2022-08-04,2022-09-12,2022-10-12,14,1,E102323
R00217,Data and Analytics,L2,Hyderabad,Backfill,2022-08-10,2022-09-23,2022-11-22,22,2,E102363
R00218,Data and Analytics,L1,Bengaluru,Backfill,2022-08-09,2022-09-06,2022-12-05,30,0,E102393
R00219,Quality Engineering,L2,Hyderabad,Backfill,2022-08-25,2022-09-23,2022-10-23,39,2,E102324
R00220,Quality Engineering,L4,Hyderabad,Backfill,2022-08-07,2022-09-14,2022-11-13,22,1,E102364
R00221,Delivery,L5,Bengaluru,Backfill,2022-08-03,2023-01-26,2023-04-26,26,0,E102540
R00222,Delivery,L1,Hyderabad,Backfill,2022-08-25,2022-10-29,2022-12-28,10,0,E102394
R00223,Data and Analytics,L2,Bengaluru,Backfill,2022-08-13,2022-09-17,2022-11-16,37,0,E102365
R00224,Delivery,L4,Hyderabad,Backfill,2022-08-01,2022-11-10,2023-02-08,25,0,E102466
R00225,Delivery,L1,Hyderabad,Backfill,2022-08-23,2022-09-03,2022-12-02,11,1,E102395
R00226,Sales and Presales,L2,Bengaluru,Backfill,2022-08-10,2022-09-04,2022-11-03,13,1,E102366
R00227,Delivery,L2,Bengaluru,Backfill,2022-08-16,2022-10-11,2022-11-10,11,1,E102367
R00228,Delivery,L2,Hyderabad,Backfill,2022-08-09,2022-08-18,2022-09-17,37,1,E102281
R00229,Data and Analytics,L2,Bengaluru,Backfill,2022-08-22,2022-09-15,2022-11-14,28,3,E102368
R00230,Cloud and Infrastructure,L1,Hyderabad,Backfill,2022-08-12,2022-09-14,2022-10-14,11,1,E102325
R00231,Sales and Presales,L5,Hyderabad,Backfill,2022-08-07,2022-09-26,2022-10-26,27,2,E102326
R00232,Quality Engineering,L1,Bengaluru,Backfill,2022-08-21,2022-09-10,2022-10-10,26,0,E102327
R00233,Delivery,L2,Hyderabad,Backfill,2022-08-06,2022-09-04,2022-11-03,16,0,E102369
R00234,Delivery,L2,Bengaluru,Backfill,2022-08-10,2022-09-10,2022-11-09,38,0,E102370
R00235,Sales and Presales,L4,Bengaluru,Backfill,2022-08-10,2022-11-30,2022-12-30,11,0,E102396
R00236,Consulting,L3,Hyderabad,Backfill,2022-08-24,2022-11-01,2022-12-31,25,2,E102397
R00237,Delivery,L2,Bengaluru,Backfill,2022-08-04,2022-08-30,2022-10-29,9,0,E102328
R00238,Sales and Presales,L1,Hyderabad,Backfill,2022-08-09,2022-09-04,2022-11-03,14,0,E102371
R00239,Delivery,L2,Hyderabad,Backfill,2022-08-10,2022-09-25,2022-11-24,33,1,E102372
R00240,Delivery,L2,Hyderabad,Backfill,2022-08-24,2022-09-22,2022-10-22,9,0,E102329
R00241,Sales and Presales,L1,Hyderabad,Backfill,2022-08-15,2022-08-24,2022-10-23,30,0,E102330
R00242,Corporate Functions,L4,Hyderabad,Backfill,2022-08-01,2022-08-19,2022-10-18,6,1,E102331
R00243,Delivery,L4,Hyderabad,Backfill,2022-08-13,2022-09-26,2022-12-25,39,0,E102398
R00244,Sales and Presales,L3,Bengaluru,Backfill,2022-08-22,2022-10-22,2022-12-21,15,0,E102399
R00245,Data and Analytics,L3,Bengaluru,Backfill,2022-08-11,2022-09-04,2022-10-04,6,1,E102332
R00246,Corporate Functions,L1,Hyderabad,Backfill,2022-08-13,2022-09-28,2022-10-28,35,1,E102333
R00247,Delivery,L2,Hyderabad,Growth,2022-08-01,2022-10-27,2022-12-26,38,1,E102400
R00248,Sales and Presales,L5,Hyderabad,Growth,2022-08-01,2022-10-06,2022-12-05,14,0,E102401
R00249,Corporate Functions,L3,Hyderabad,Backfill,2022-09-01,2022-09-25,2022-10-25,18,1,E102334
R00250,Delivery,L4,Hyderabad,Backfill,2022-09-16,2023-02-22,2023-05-23,10,2,E102577
R00251,Quality Engineering,L4,Bengaluru,Backfill,2022-09-17,2023-01-28,2023-03-29,23,0,E102494
R00252,Cloud and Infrastructure,L2,Bengaluru,Backfill,2022-09-06,2022-11-05,2023-02-03,33,1,E102467
R00253,Data and Analytics,L2,Hyderabad,Backfill,2022-09-02,2022-10-05,2022-12-04,38,2,E102402
R00254,Delivery,L3,Bengaluru,Backfill,2022-09-12,2022-11-19,2022-12-19,37,0,E102403
R00255,Delivery,L1,Hyderabad,Backfill,2022-09-18,2022-11-07,2023-02-05,18,0,E102468
R00256,Cloud and Infrastructure,L2,Hyderabad,Backfill,2022-09-24,2023-01-05,2023-03-06,39,3,E102495
R00257,Cloud and Infrastructure,L5,Hyderabad,Backfill,2022-09-12,2022-10-22,2022-11-21,32,0,E102373
R00258,Data and Analytics,L1,Bengaluru,Backfill,2022-09-02,2022-11-28,2022-12-28,39,1,E102404
R00259,Cloud and Infrastructure,L3,Hyderabad,Backfill,2022-09-01,2022-10-27,2023-01-25,32,0,E102430
R00260,Delivery,L2,Bengaluru,Backfill,2022-09-23,2022-10-29,2022-11-28,29,0,E102374
R00261,Sales and Presales,L3,Hyderabad,Backfill,2022-09-13,2022-10-20,2022-12-19,19,1,E102405
R00262,Data and Analytics,L3,Bengaluru,Backfill,2022-09-19,2023-01-16,2023-04-16,17,0,E102541
R00263,Delivery,L1,Hyderabad,Backfill,2022-09-14,2022-11-10,2023-02-08,36,1,E102469
R00264,Delivery,L2,Hyderabad,Backfill,2022-09-25,2022-11-01,2022-12-01,9,2,E102406
R00265,Quality Engineering,L3,Hyderabad,Backfill,2022-09-05,2022-10-27,2023-01-25,37,1,E102431
R00266,Delivery,L3,Bengaluru,Backfill,2022-09-23,2022-10-10,2023-01-08,37,4,E102432
R00267,Delivery,L2,Bengaluru,Backfill,2022-09-11,2022-10-09,2022-12-08,35,0,E102407
R00268,Delivery,L3,Hyderabad,Backfill,2022-09-17,2022-10-21,2022-12-20,30,2,E102408
R00269,Delivery,L4,Hyderabad,Backfill,2022-09-15,2022-11-25,2022-12-25,21,3,E102409
R00270,Sales and Presales,L2,Hyderabad,Backfill,2022-09-10,2022-10-24,2022-11-23,18,0,E102375
R00271,Data and Analytics,L3,Bengaluru,Backfill,2022-09-02,2022-10-23,2022-12-22,25,2,E102410
R00272,Data and Analytics,L2,Hyderabad,Backfill,2022-09-21,2022-10-18,2022-11-17,17,1,E102376
R00273,Delivery,L2,Bengaluru,Backfill,2022-09-03,2022-10-18,2023-01-16,38,0,E102433
R00274,Delivery,L4,Hyderabad,Backfill,2022-09-08,2022-11-29,2023-01-28,35,0,E102434
R00275,Delivery,L2,Bengaluru,Backfill,2022-09-04,2022-10-15,2022-12-14,24,0,E102411
R00276,Delivery,L3,Hyderabad,Backfill,2022-09-07,2022-11-10,2022-12-10,31,3,E102412
R00277,Delivery,L1,Hyderabad,Backfill,2022-09-08,2022-10-07,2022-12-06,16,2,E102413
R00278,Quality Engineering,L3,Bengaluru,Backfill,2022-09-12,2022-11-05,2022-12-05,7,2,E102414
R00279,Delivery,L3,Hyderabad,Backfill,2022-09-23,2022-10-22,2022-11-21,34,0,E102377
R00280,Cloud and Infrastructure,L2,Bengaluru,Backfill,2022-09-27,2022-12-10,2023-02-08,22,1,E102470
R00281,Delivery,L1,Hyderabad,Backfill,2022-09-23,2022-10-27,2023-01-25,34,0,E102435
R00282,Delivery,L3,Bengaluru,Backfill,2022-09-13,2022-11-04,2023-01-03,10,0,E102436
R00283,Delivery,L2,Hyderabad,Backfill,2022-09-04,2022-10-08,2022-11-07,11,0,E102378
R00284,Delivery,L1,Bengaluru,Backfill,2022-09-05,2022-09-20,2022-11-19,32,0,E102379
R00285,Consulting,L1,Hyderabad,Backfill,2022-09-09,2022-09-12,2022-11-11,29,2,E102380
R00286,Delivery,L3,Hyderabad,Backfill,2022-09-26,2022-11-02,2023-01-01,32,2,E102437
R00287,Delivery,L1,Hyderabad,Backfill,2022-09-03,2022-09-12,2022-11-11,12,0,E102381
R00288,Delivery,L2,Hyderabad,Backfill,2022-09-19,2022-11-04,2023-02-02,24,0,E102471
R00289,Corporate Functions,L1,Hyderabad,Backfill,2022-09-06,2022-11-03,2023-02-01,19,2,E102472
R00290,Corporate Functions,L3,Hyderabad,Growth,2022-09-01,2022-09-26,2022-10-26,30,1,E102335
R00291,Delivery,L1,Hyderabad,Backfill,2022-10-02,2022-11-23,2023-01-22,17,1,E102438
R00292,Delivery,L3,Hyderabad,Backfill,2022-10-22,2022-12-31,2023-03-01,26,3,E102496
R00293,Delivery,L2,Bengaluru,Backfill,2022-10-14,2022-12-08,2023-02-06,25,0,E102473
R00294,Corporate Functions,L2,Hyderabad,Backfill,2022-10-23,2022-12-26,2023-02-24,28,1,E102474
R00295,Delivery,L3,Bengaluru,Backfill,2022-10-19,2022-12-30,2023-03-30,15,0,E102497
R00296,Quality Engineering,L3,Hyderabad,Backfill,2022-10-26,2022-12-07,2023-01-06,31,1,E102439
R00297,Quality Engineering,L2,Hyderabad,Backfill,2022-10-06,2022-11-14,2023-02-12,19,0,E102475
R00298,Consulting,L3,Hyderabad,Backfill,2022-10-25,2022-11-26,2022-12-26,21,1,E102415
R00299,Delivery,L4,Hyderabad,Backfill,2022-10-08,2022-12-19,2023-03-19,29,1,E102498
R00300,Quality Engineering,L1,Hyderabad,Backfill,2022-10-19,2022-12-23,2023-01-22,36,1,E102440
R00301,Delivery,L2,Bengaluru,Backfill,2022-10-14,2022-12-02,2023-03-02,20,0,E102499
R00302,Cloud and Infrastructure,L2,Bengaluru,Backfill,2022-10-19,2022-11-19,2022-12-19,16,0,E102416
R00303,Data and Analytics,L6,Bengaluru,Backfill,2022-10-09,2023-06-26,2023-09-24,34,1,E102896
R00304,Delivery,L2,Bengaluru,Backfill,2022-10-27,2022-11-07,2023-01-06,24,1,E102441
R00305,Delivery,L1,Hyderabad,Backfill,2022-10-10,2022-10-21,2022-11-20,10,1,E102382
R00306,Delivery,L2,Hyderabad,Backfill,2022-10-23,2022-12-20,2023-02-18,8,0,E102476
R00307,Data and Analytics,L2,Bengaluru,Backfill,2022-10-07,2022-11-12,2023-01-11,26,1,E102442
R00308,Data and Analytics,L2,Bengaluru,Backfill,2022-10-18,2022-11-13,2023-01-12,17,0,E102443
R00309,Delivery,L3,Bengaluru,Backfill,2022-10-11,2022-11-18,2022-12-18,11,4,E102417
R00310,Delivery,L2,Hyderabad,Backfill,2022-10-07,2022-11-22,2023-02-20,38,0,E102477
R00311,Delivery,L1,Hyderabad,Backfill,2022-10-11,2022-11-12,2022-12-12,38,0,E102418
R00312,Quality Engineering,L1,Hyderabad,Backfill,2022-10-23,2022-11-21,2023-02-19,30,1,E102478
R00313,Delivery,L1,Hyderabad,Backfill,2022-10-16,2022-11-02,2023-01-01,15,0,E102444
R00314,Data and Analytics,L4,Hyderabad,Backfill,2022-10-24,2022-11-27,2022-12-27,11,0,E102419
R00315,Delivery,L2,Hyderabad,Backfill,2022-10-08,2022-12-08,2023-01-07,13,1,E102445
R00316,Data and Analytics,L2,Hyderabad,Backfill,2022-10-08,2023-01-03,2023-03-04,16,0,E102500
R00317,Cloud and Infrastructure,L4,Bengaluru,Backfill,2022-10-10,2022-12-27,2023-02-25,32,3,E102479
R00318,Delivery,L3,Bengaluru,Backfill,2022-10-22,2022-11-18,2022-12-18,23,0,E102420
R00319,Delivery,L5,Bengaluru,Backfill,2022-10-25,2022-11-24,2023-01-23,26,2,E102446
R00320,Delivery,L3,Hyderabad,Backfill,2022-10-16,2022-11-24,2023-01-23,19,0,E102447
R00321,Delivery,L3,Hyderabad,Backfill,2022-10-02,2022-11-16,2022-12-16,24,1,E102421
R00322,Sales and Presales,L1,Hyderabad,Backfill,2022-10-19,2022-11-08,2023-01-07,19,0,E102448
R00323,Delivery,L3,Bengaluru,Backfill,2022-10-02,2022-12-02,2023-01-01,30,2,E102449
R00324,Quality Engineering,L2,Bengaluru,Backfill,2022-10-22,2022-11-25,2023-01-24,32,0,E102450
R00325,Data and Analytics,L2,Hyderabad,Backfill,2022-10-25,2022-12-10,2023-01-09,32,1,E102451
R00326,Cloud and Infrastructure,L4,Hyderabad,Backfill,2022-10-05,2022-12-02,2023-03-02,23,1,E102501
R00327,Data and Analytics,L3,Hyderabad,Backfill,2022-10-17,2023-01-27,2023-03-28,12,2,E102502
R00328,Quality Engineering,L1,Hyderabad,Backfill,2022-10-08,2022-11-12,2023-01-11,33,0,E102452
R00329,Quality Engineering,L2,Bengaluru,Backfill,2022-10-02,2022-10-20,2022-12-19,27,1,E102422
R00330,Quality Engineering,L3,Hyderabad,Backfill,2022-10-04,2022-11-24,2023-01-23,29,0,E102453
R00331,Delivery,L2,Hyderabad,Backfill,2022-10-23,2022-12-06,2023-01-05,12,1,E102454
R00332,Delivery,L3,Bengaluru,Backfill,2022-10-23,2022-12-29,2023-03-29,36,1,E102503
R00333,Data and Analytics,L1,Hyderabad,Backfill,2022-10-08,2022-12-15,2023-02-13,38,0,E102480
R00334,Consulting,L1,Hyderabad,Backfill,2022-10-16,2022-12-30,2023-02-28,7,0,E102481
R00335,Delivery,L1,Hyderabad,Backfill,2022-10-07,2022-12-10,2023-03-10,18,0,E102504
R00336,Cloud and Infrastructure,L4,Hyderabad,Backfill,2022-10-13,2023-01-16,2023-03-17,14,2,E102505
R00337,Cloud and Infrastructure,L6,Bengaluru,Growth,2022-10-01,2022-12-21,2023-03-21,29,0,E102506
R00338,Quality Engineering,L2,Hyderabad,Growth,2022-10-01,2022-11-13,2023-01-12,27,1,E102455
R00339,Delivery,L4,Bengaluru,Growth,2022-10-01,2023-02-03,2023-04-04,12,2,E102542
R00340,Cloud and Infrastructure,L3,Bengaluru,Growth,2022-10-01,2022-11-22,2023-01-21,18,1,E102456
R00341,Sales and Presales,L3,Bengaluru,Growth,2022-10-01,2022-11-26,2023-01-25,36,1,E102457
R00342,Delivery,L3,Hyderabad,Backfill,2022-11-24,2023-02-12,2023-05-13,26,2,E102578
R00343,Delivery,L2,Hyderabad,Backfill,2022-11-02,2022-11-25,2023-02-23,32,1,E102482
R00344,Delivery,L1,Bengaluru,Backfill,2022-11-03,2022-11-27,2023-01-26,31,0,E102458
R00345,Consulting,L2,Hyderabad,Backfill,2022-11-21,2023-01-05,2023-02-04,18,1,E102483
R00346,Delivery,L1,Bengaluru,Backfill,2022-11-11,2022-12-22,2023-03-22,36,1,E102507
R00347,Delivery,L3,Hyderabad,Backfill,2022-11-26,2022-12-31,2023-03-31,21,1,E102508
R00348,Corporate Functions,L1,Hyderabad,Backfill,2022-11-17,2022-11-25,2023-02-23,37,0,E102484
R00349,Data and Analytics,L2,Hyderabad,Backfill,2022-11-23,2022-12-25,2023-02-23,26,0,E102485
R00350,Data and Analytics,L2,Bengaluru,Backfill,2022-11-01,2022-12-26,2023-02-24,32,4,E102486
R00351,Delivery,L2,Hyderabad,Backfill,2022-11-17,2023-01-06,2023-04-06,9,1,E102543
R00352,Delivery,L1,Hyderabad,Backfill,2022-11-07,2022-11-21,2023-01-20,30,0,E102459
R00353,Cloud and Infrastructure,L1,Bengaluru,Backfill,2022-11-13,2023-01-23,2023-02-22,31,1,E102487
R00354,Cloud and Infrastructure,L1,Bengaluru,Backfill,2022-11-14,2022-12-15,2023-02-13,32,0,E102488
R00355,Delivery,L3,Hyderabad,Backfill,2022-11-13,2023-01-30,2023-04-30,36,3,E102544
R00356,Quality Engineering,L2,Hyderabad,Backfill,2022-11-06,2023-02-26,2023-03-28,30,1,E102509
R00357,Delivery,L1,Hyderabad,Backfill,2022-11-03,2023-01-23,2023-04-23,10,1,E102545
R00358,Delivery,L2,Bengaluru,Backfill,2022-11-10,2022-12-04,2023-01-03,34,0,E102460
R00359,Delivery,L4,Bengaluru,Backfill,2022-11-02,2023-03-16,2023-06-14,18,1,E102616
R00360,Consulting,L6,Bengaluru,Backfill,2022-11-20,2023-01-18,2023-03-19,19,2,E102510
R00361,Delivery,L4,Hyderabad,Backfill,2022-11-14,2023-01-19,2023-02-18,9,0,E102489
R00362,Delivery,L1,Bengaluru,Backfill,2022-11-02,2022-11-28,2023-01-27,23,1,E102461
R00363,Quality Engineering,L2,Bengaluru,Backfill,2022-11-04,2023-01-02,2023-03-03,31,0,E102511
R00364,Sales and Presales,L2,Bengaluru,Backfill,2022-11-16,2023-01-13,2023-03-14,27,0,E102512
R00365,Delivery,L6,Hyderabad,Backfill,2022-11-01,2023-03-24,2023-04-23,29,0,E102546
R00366,Delivery,L3,Bengaluru,Backfill,2022-11-05,2022-12-03,2023-01-02,12,1,E102462
R00367,Delivery,L4,Bengaluru,Backfill,2022-11-10,2022-12-10,2023-02-08,27,0,E102490
R00368,Delivery,L2,Hyderabad,Backfill,2022-11-21,2022-12-02,2023-03-02,30,1,E102513
R00369,Quality Engineering,L3,Bengaluru,Backfill,2022-11-03,2022-12-20,2023-01-19,39,2,E102463
R00370,Data and Analytics,L2,Bengaluru,Backfill,2022-11-07,2022-12-30,2023-01-29,36,0,E102464
R00371,Delivery,L2,Hyderabad,Backfill,2022-11-13,2023-01-07,2023-04-07,7,1,E102547
R00372,Corporate Functions,L2,Hyderabad,Growth,2022-11-01,2023-01-16,2023-03-17,32,2,E102514
R00373,Quality Engineering,L2,Bengaluru,Growth,2022-11-01,2023-01-27,2023-02-26,11,2,E102491
R00374,Quality Engineering,L6,Bengaluru,Growth,2022-11-01,2023-01-12,2023-03-13,26,2,E102515
R00375,Delivery,L3,Bengaluru,Backfill,2022-12-05,2023-01-10,2023-04-10,6,3,E102548
R00376,Consulting,L4,Bengaluru,Backfill,2022-12-16,2023-04-13,2023-05-13,36,2,E102579
R00377,Sales and Presales,L3,Bengaluru,Backfill,2022-12-04,2023-01-24,2023-03-25,31,0,E102516
R00378,Delivery,L2,Hyderabad,Backfill,2022-12-01,2023-01-29,2023-04-29,34,0,E102549
R00379,Delivery,L2,Hyderabad,Backfill,2022-12-10,2022-12-27,2023-02-25,17,0,E102492
R00380,Delivery,L1,Hyderabad,Backfill,2022-12-24,2023-01-21,2023-02-20,28,1,E102493
R00381,Delivery,L1,Hyderabad,Backfill,2022-12-09,2023-01-01,2023-03-02,17,1,E102517
R00382,Delivery,L3,Bengaluru,Backfill,2022-12-02,2023-01-01,2023-04-01,39,1,E102550
R00383,Sales and Presales,L4,Bengaluru,Backfill,2022-12-12,2023-06-30,2023-07-30,14,0,E102645
R00384,Corporate Functions,L3,Bengaluru,Backfill,2022-12-14,2023-01-15,2023-03-16,24,0,E102518
R00385,Data and Analytics,L1,Bengaluru,Backfill,2022-12-25,2023-01-30,2023-03-01,19,0,E102519
R00386,Cloud and Infrastructure,L2,Bengaluru,Backfill,2022-12-09,2023-01-10,2023-03-11,21,0,E102520
R00387,Delivery,L2,Hyderabad,Backfill,2022-12-21,2023-02-27,2023-03-29,29,1,E102521
R00388,Quality Engineering,L2,Bengaluru,Backfill,2022-12-21,2023-01-27,2023-03-28,29,0,E102522
R00389,Delivery,L3,Hyderabad,Backfill,2022-12-26,2023-02-13,2023-04-14,7,1,E102551
R00390,Sales and Presales,L1,Hyderabad,Backfill,2022-12-24,2023-02-03,2023-05-04,33,0,E102580
R00391,Delivery,L3,Bengaluru,Backfill,2022-12-05,2023-02-07,2023-03-09,21,0,E102523
R00392,Data and Analytics,L5,Hyderabad,Backfill,2022-12-08,2023-03-19,2023-05-18,23,3,E102581
R00393,Sales and Presales,L1,Hyderabad,Backfill,2022-12-25,2023-02-16,2023-03-18,8,2,E102524
R00394,Delivery,L1,Bengaluru,Backfill,2022-12-13,2023-01-18,2023-04-18,23,0,E102552
R00395,Sales and Presales,L1,Bengaluru,Backfill,2022-12-22,2023-02-02,2023-04-03,19,0,E102553
R00396,Cloud and Infrastructure,L2,Bengaluru,Backfill,2022-12-02,2023-01-24,2023-03-25,29,0,E102525
R00397,Corporate Functions,L1,Hyderabad,Backfill,2022-12-19,2023-01-20,2023-03-21,35,1,E102526
R00398,Sales and Presales,L1,Bengaluru,Backfill,2022-12-12,2023-02-10,2023-05-11,38,0,E102582
R00399,Data and Analytics,L1,Bengaluru,Backfill,2022-12-19,2023-02-11,2023-05-12,10,1,E102583
R00400,Delivery,L4,Hyderabad,Backfill,2022-12-25,2023-03-27,2023-05-26,17,1,E102584
R00401,Cloud and Infrastructure,L2,Hyderabad,Backfill,2022-12-11,2023-02-01,2023-03-03,7,2,E102527
R00402,Cloud and Infrastructure,L2,Hyderabad,Backfill,2022-12-27,2023-01-20,2023-03-21,21,0,E102528
R00403,Data and Analytics,L2,Hyderabad,Backfill,2022-12-03,2023-04-23,2023-05-23,22,0,E102585
R00404,Cloud and Infrastructure,L3,Bengaluru,Backfill,2022-12-05,2023-02-22,2023-04-23,34,4,E102554
R00405,Cloud and Infrastructure,L3,Hyderabad,Backfill,2022-12-26,2023-02-09,2023-03-11,16,1,E102529
R00406,Consulting,L3,Bengaluru,Backfill,2022-12-18,2023-03-21,2023-06-19,14,1,E102617
R00407,Delivery,L3,Bengaluru,Growth,2022-12-01,2023-02-24,2023-05-25,30,2,E102586
R00408,Delivery,L3,Hyderabad,Growth,2022-12-01,2023-02-28,2023-04-29,33,0,E102555
R00409,Delivery,L3,Hyderabad,Growth,2022-12-01,2023-03-23,2023-05-22,36,0,E102587
R00410,Delivery,L5,Hyderabad,Growth,2022-12-01,2023-01-20,2023-03-21,25,0,E102530
R00411,Delivery,L2,Hyderabad,Growth,2022-12-01,2023-01-22,2023-03-23,37,0,E102531
R00412,Corporate Functions,L2,Hyderabad,Growth,2022-12-01,2023-02-08,2023-04-09,16,0,E102556
R00413,Delivery,L2,Hyderabad,Growth,2022-12-01,2022-12-28,2023-03-28,35,1,E102532
R00414,Cloud and Infrastructure,L5,Hyderabad,Growth,2022-12-01,2023-04-30,2023-06-29,33,1,E102618
R00415,Cloud and Infrastructure,L2,Bengaluru,Growth,2022-12-01,2023-01-11,2023-03-12,37,0,E102533
R00416,Consulting,L3,Bengaluru,Growth,2022-12-01,2022-12-29,2023-01-28,23,3,E102465
R00417,Quality Engineering,L1,Bengaluru,Backfill,2023-01-26,2023-02-26,2023-04-27,36,0,E102557
R00418,Cloud and Infrastructure,L3,Bengaluru,Backfill,2023-01-24,2023-03-15,2023-06-13,20,2,E102619
R00419,Quality Engineering,L1,Hyderabad,Backfill,2023-01-23,2023-02-21,2023-05-22,23,0,E102588
R00420,Cloud and Infrastructure,L3,Hyderabad,Backfill,2023-01-01,2023-03-02,2023-05-01,7,4,E102589
R00421,Delivery,L2,Hyderabad,Backfill,2023-01-13,2023-02-12,2023-04-13,10,0,E102558
R00422,Data and Analytics,L4,Hyderabad,Backfill,2023-01-10,2023-02-22,2023-05-23,12,1,E102590
R00423,Quality Engineering,L2,Hyderabad,Backfill,2023-01-19,2023-02-12,2023-04-13,7,1,E102559
R00424,Delivery,L6,Bengaluru,Backfill,2023-01-26,2023-03-31,2023-04-30,9,1,E102560
R00425,Quality Engineering,L3,Bengaluru,Backfill,2023-01-27,2023-03-19,2023-05-18,34,0,E102591
R00426,Quality Engineering,L1,Bengaluru,Backfill,2023-01-05,2023-03-16,2023-05-15,29,0,E102592
R00427,Data and Analytics,L3,Hyderabad,Backfill,2023-01-14,2023-06-16,2023-07-16,13,1,E102646
R00428,Cloud and Infrastructure,L3,Hyderabad,Backfill,2023-01-11,2023-02-23,2023-04-24,33,2,E102561
R00429,Quality Engineering,L3,Hyderabad,Backfill,2023-01-27,2023-05-11,2023-08-09,35,4,E102676
R00430,Quality Engineering,L2,Bengaluru,Backfill,2023-01-08,2023-02-03,2023-04-04,33,1,E102562
R00431,Delivery,L3,Hyderabad,Backfill,2023-01-06,2023-02-17,2023-03-19,20,1,E102534
R00432,Delivery,L2,Hyderabad,Backfill,2023-01-20,2023-02-13,2023-04-14,28,0,E102563
R00433,Quality Engineering,L2,Hyderabad,Backfill,2023-01-25,2023-03-01,2023-03-31,22,0,E102535
R00434,Cloud and Infrastructure,L1,Hyderabad,Backfill,2023-01-24,2023-02-28,2023-03-30,8,2,E102536
R00435,Delivery,L2,Bengaluru,Backfill,2023-01-15,2023-04-11,2023-06-10,16,2,E102620
R00436,Data and Analytics,L2,Hyderabad,Backfill,2023-01-25,2023-03-13,2023-05-12,28,0,E102593
R00437,Quality Engineering,L3,Hyderabad,Backfill,2023-01-01,2023-01-31,2023-05-01,34,1,E102594
R00438,Delivery,L2,Hyderabad,Backfill,2023-01-14,2023-02-17,2023-04-18,19,0,E102564
R00439,Delivery,L3,Hyderabad,Backfill,2023-01-01,2023-02-19,2023-05-20,15,1,E102595
R00440,Cloud and Infrastructure,L2,Hyderabad,Backfill,2023-01-06,2023-03-05,2023-06-03,38,2,E102621
R00441,Corporate Functions,L4,Bengaluru,Backfill,2023-01-13,2023-03-22,2023-04-21,17,1,E102565
R00442,Delivery,L3,Hyderabad,Backfill,2023-01-14,2023-03-12,2023-05-11,20,0,E102596
R00443,Delivery,L4,Hyderabad,Backfill,2023-01-02,2023-03-16,2023-04-15,36,1,E102566
R00444,Corporate Functions,L1,Bengaluru,Backfill,2023-01-19,2023-02-05,2023-05-06,33,0,E102597
R00445,Quality Engineering,L1,Hyderabad,Backfill,2023-01-27,2023-03-05,2023-04-04,32,0,E102567
R00446,Delivery,L3,Hyderabad,Backfill,2023-01-19,2023-03-22,2023-05-21,30,2,E102598
R00447,Cloud and Infrastructure,L3,Bengaluru,Backfill,2023-01-23,2023-02-19,2023-05-20,29,1,E102599
R00448,Delivery,L2,Bengaluru,Backfill,2023-01-02,2023-01-30,2023-03-31,31,1,E102537
R00449,Quality Engineering,L2,Bengaluru,Backfill,2023-01-05,2023-01-28,2023-04-28,30,0,E102568
R00450,Delivery,L1,Hyderabad,Backfill,2023-01-02,2023-02-08,2023-04-09,10,2,E102569
R00451,Quality Engineering,L2,Bengaluru,Backfill,2023-01-01,2023-01-16,2023-03-17,17,0,E102538
R00452,Quality Engineering,L2,Bengaluru,Growth,2023-01-01,2023-02-04,2023-05-05,15,0,E102600
R00453,Delivery,L2,Bengaluru,Growth,2023-01-01,2023-03-11,2023-06-09,12,0,E102622
R00454,Delivery,L3,Hyderabad,Growth,2023-01-01,2023-03-14,2023-05-13,30,0,E102601
R00455,Delivery,L2,Hyderabad,Growth,2023-01-01,2023-01-23,2023-03-24,8,0,E102539
R00456,Delivery,L1,Hyderabad,Campus,2023-01-01,2023-03-07,2023-08-05,40,1,E102677
R00457,Delivery,L1,Hyderabad,Campus,2023-01-01,2023-03-06,2023-08-10,46,0,E102678
R00458,Delivery,L1,Bengaluru,Campus,2023-01-01,2023-02-21,2023-08-04,76,0,E102679
R00459,Delivery,L1,Bengaluru,Campus,2023-01-01,2023-02-28,2023-08-15,33,0,E102680
R00460,Delivery,L1,Hyderabad,Campus,2023-01-01,2023-02-26,2023-08-07,52,0,E102681
R00461,Delivery,L1,Hyderabad,Campus,2023-01-01,2023-02-24,2023-08-16,39,0,E102682
R00462,Delivery,L1,Hyderabad,Campus,2023-01-01,2023-02-24,2023-08-03,47,0,E102683
R00463,Delivery,L1,Hyderabad,Campus,2023-01-01,2023-03-05,2023-08-20,85,0,E102684
R00464,Sales and Presales,L1,Bengaluru,Campus,2023-01-01,2023-03-02,2023-08-03,95,0,E102685
R00465,Delivery,L1,Hyderabad,Campus,2023-01-01,2023-02-26,2023-08-13,74,0,E102686
R00466,Quality Engineering,L1,Hyderabad,Campus,2023-01-01,2023-02-18,2023-08-16,65,0,E102687
R00467,Delivery,L1,Bengaluru,Campus,2023-01-01,2023-02-24,2023-08-19,117,0,E102688
R00468,Delivery,L1,Hyderabad,Campus,2023-01-01,2023-02-26,2023-08-20,36,0,E102689
R00469,Cloud and Infrastructure,L1,Bengaluru,Campus,2023-01-01,2023-02-19,2023-08-15,104,0,E102690
R00470,Delivery,L1,Hyderabad,Campus,2023-01-01,2023-03-05,2023-08-06,50,0,E102691
R00471,Sales and Presales,L1,Bengaluru,Campus,2023-01-01,2023-02-11,2023-08-16,41,0,E102692
R00472,Data and Analytics,L1,Bengaluru,Campus,2023-01-01,2023-02-09,2023-08-06,75,0,E102693
R00473,Quality Engineering,L1,Hyderabad,Campus,2023-01-01,2023-02-19,2023-08-05,114,0,E102694
R00474,Delivery,L1,Bengaluru,Campus,2023-01-01,2023-02-27,2023-08-05,39,0,E102695
R00475,Sales and Presales,L1,Bengaluru,Campus,2023-01-01,2023-02-18,2023-08-01,48,1,E102696
R00476,Delivery,L1,Bengaluru,Campus,2023-01-01,2023-03-06,2023-08-17,44,0,E102697
R00477,Delivery,L1,Hyderabad,Campus,2023-01-01,2023-02-07,2023-08-20,44,1,E102698
R00478,Delivery,L1,Bengaluru,Campus,2023-01-01,2023-02-09,2023-08-04,97,1,E102699
R00479,Delivery,L1,Hyderabad,Campus,2023-01-01,2023-02-16,2023-08-03,66,1,E102700
R00480,Sales and Presales,L1,Hyderabad,Campus,2023-01-01,2023-02-17,2023-08-19,79,0,E102701
R00481,Delivery,L1,Bengaluru,Campus,2023-01-01,2023-02-24,2023-08-02,74,0,E102702
R00482,Quality Engineering,L1,Hyderabad,Campus,2023-01-01,2023-02-15,2023-08-04,104,0,E102703
R00483,Delivery,L1,Bengaluru,Campus,2023-01-01,2023-02-28,2023-08-03,94,1,E102704
R00484,Delivery,L1,Bengaluru,Campus,2023-01-01,2023-02-12,2023-08-02,64,1,E102705
R00485,Delivery,L1,Hyderabad,Campus,2023-01-01,2023-02-27,2023-08-11,98,1,E102706
R00486,Delivery,L1,Hyderabad,Campus,2023-01-01,2023-03-04,2023-08-05,70,0,E102707
R00487,Delivery,L1,Bengaluru,Campus,2023-01-01,2023-02-24,2023-08-17,25,0,E102708
R00488,Consulting,L1,Hyderabad,Campus,2023-01-01,2023-03-08,2023-08-18,26,0,E102709
R00489,Quality Engineering,L1,Hyderabad,Campus,2023-01-01,2023-03-09,2023-08-12,94,0,E102710
R00490,Quality Engineering,L1,Hyderabad,Campus,2023-01-01,2023-03-06,2023-08-02,69,0,E102711
R00491,Delivery,L1,Hyderabad,Campus,2023-01-01,2023-03-03,2023-08-06,54,1,E102712
R00492,Delivery,L1,Hyderabad,Campus,2023-01-01,2023-02-21,2023-08-07,41,1,E102713
R00493,Delivery,L1,Hyderabad,Campus,2023-01-01,2023-02-13,2023-08-16,57,0,E102714
R00494,Delivery,L1,Hyderabad,Campus,2023-01-01,2023-02-17,2023-08-11,25,1,E102715
R00495,Data and Analytics,L1,Hyderabad,Campus,2023-01-01,2023-03-01,2023-08-03,76,0,E102716
R00496,Delivery,L1,Hyderabad,Campus,2023-01-01,2023-02-24,2023-08-06,63,0,E102717
R00497,Delivery,L1,Bengaluru,Campus,2023-01-01,2023-03-08,2023-08-06,28,0,E102718
R00498,Delivery,L1,Bengaluru,Campus,2023-01-01,2023-03-16,2023-08-17,53,0,E102719
R00499,Delivery,L1,Hyderabad,Campus,2023-01-01,2023-03-01,2023-08-05,53,1,E102720
R00500,Delivery,L1,Hyderabad,Campus,2023-01-01,2023-02-23,2023-08-13,58,0,E102721
R00501,Cloud and Infrastructure,L1,Bengaluru,Campus,2023-01-01,2023-03-03,2023-08-16,48,0,E102722
R00502,Delivery,L1,Bengaluru,Campus,2023-01-01,2023-03-17,2023-08-10,70,0,E102723
R00503,Delivery,L1,Hyderabad,Campus,2023-01-01,2023-02-16,2023-08-16,61,0,E102724
R00504,Quality Engineering,L1,Hyderabad,Campus,2023-01-01,2023-02-27,2023-08-10,77,0,E102725
R00505,Cloud and Infrastructure,L1,Hyderabad,Campus,2023-01-01,2023-03-09,2023-08-15,92,1,E102726
R00506,Consulting,L1,Hyderabad,Campus,2023-01-01,2023-02-26,2023-08-05,85,0,E102727
R00507,Data and Analytics,L1,Bengaluru,Campus,2023-01-01,2023-02-16,2023-08-03,49,1,E102728
R00508,Consulting,L1,Bengaluru,Campus,2023-01-01,2023-03-11,2023-08-17,22,0,E102729
R00509,Delivery,L1,Hyderabad,Campus,2023-01-01,2023-03-13,2023-08-12,100,0,E102730
R00510,Consulting,L1,Bengaluru,Campus,2023-01-01,2023-03-01,2023-08-07,64,0,E102731
R00511,Delivery,L1,Bengaluru,Campus,2023-01-01,2023-02-22,2023-08-06,115,0,E102732
R00512,Delivery,L1,Bengaluru,Campus,2023-01-01,2023-02-18,2023-08-06,33,0,E102733
R00513,Delivery,L1,Hyderabad,Campus,2023-01-01,2023-02-14,2023-08-03,97,0,E102734
R00514,Delivery,L1,Bengaluru,Campus,2023-01-01,2023-02-23,2023-08-01,89,1,E102735
R00515,Data and Analytics,L1,Bengaluru,Campus,2023-01-01,2023-02-20,2023-08-01,90,0,E102736
R00516,Delivery,L1,Hyderabad,Campus,2023-01-01,2023-03-10,2023-08-19,105,0,E102737
R00517,Data and Analytics,L1,Bengaluru,Campus,2023-01-01,2023-03-07,2023-08-04,111,1,E102738
R00518,Cloud and Infrastructure,L1,Bengaluru,Campus,2023-01-01,2023-02-19,2023-08-16,90,0,E102739
R00519,Data and Analytics,L1,Hyderabad,Campus,2023-01-01,2023-03-18,2023-08-10,99,0,E102740
R00520,Sales and Presales,L1,Bengaluru,Campus,2023-01-01,2023-02-23,2023-08-18,32,1,E102741
R00521,Consulting,L1,Hyderabad,Campus,2023-01-01,2023-03-04,2023-08-17,76,0,E102742
R00522,Delivery,L1,Hyderabad,Campus,2023-01-01,2023-02-17,2023-08-18,93,1,E102743
R00523,Quality Engineering,L1,Hyderabad,Campus,2023-01-01,2023-02-23,2023-08-17,53,0,E102744
R00524,Delivery,L1,Hyderabad,Campus,2023-01-01,2023-02-14,2023-08-17,53,0,E102745
R00525,Delivery,L1,Hyderabad,Campus,2023-01-01,2023-03-11,2023-08-04,79,0,E102746
R00526,Delivery,L1,Bengaluru,Campus,2023-01-01,2023-03-09,2023-08-17,33,0,E102747
R00527,Cloud and Infrastructure,L1,Hyderabad,Campus,2023-01-01,2023-02-22,2023-08-18,24,0,E102748
R00528,Quality Engineering,L1,Bengaluru,Campus,2023-01-01,2023-03-14,2023-08-15,70,0,E102749
R00529,Cloud and Infrastructure,L1,Hyderabad,Campus,2023-01-01,2023-02-19,2023-08-10,88,0,E102750
R00530,Delivery,L1,Bengaluru,Campus,2023-01-01,2023-02-21,2023-08-07,95,0,E102751
R00531,Delivery,L1,Hyderabad,Campus,2023-01-01,2023-02-23,2023-08-20,26,1,E102752
R00532,Delivery,L1,Bengaluru,Campus,2023-01-01,2023-02-13,2023-08-02,32,0,E102753
R00533,Sales and Presales,L1,Bengaluru,Campus,2023-01-01,2023-02-28,2023-08-11,77,1,E102754
R00534,Delivery,L1,Hyderabad,Campus,2023-01-01,2023-03-01,2023-08-18,116,0,E102755
R00535,Delivery,L1,Hyderabad,Campus,2023-01-01,2023-03-15,2023-08-01,67,1,E102756
R00536,Sales and Presales,L1,Hyderabad,Campus,2023-01-01,2023-02-16,2023-08-18,82,1,E102757
R00537,Delivery,L1,Bengaluru,Campus,2023-01-01,2023-02-17,2023-08-06,38,0,E102758
R00538,Delivery,L1,Hyderabad,Campus,2023-01-01,2023-02-15,2023-08-06,33,0,E102759
R00539,Consulting,L1,Hyderabad,Campus,2023-01-01,2023-02-10,2023-08-03,40,2,E102760
R00540,Delivery,L1,Bengaluru,Campus,2023-01-01,2023-02-20,2023-08-10,34,1,E102761
R00541,Delivery,L1,Bengaluru,Campus,2023-01-01,2023-03-08,2023-08-09,114,0,E102762
R00542,Cloud and Infrastructure,L1,Bengaluru,Campus,2023-01-01,2023-02-23,2023-08-04,46,0,E102763
R00543,Quality Engineering,L1,Hyderabad,Campus,2023-01-01,2023-02-24,2023-08-13,35,0,E102764
R00544,Consulting,L1,Hyderabad,Campus,2023-01-01,2023-03-08,2023-08-11,50,2,E102765
R00545,Quality Engineering,L1,Hyderabad,Campus,2023-01-01,2023-02-16,2023-08-05,46,0,E102766
R00546,Quality Engineering,L1,Bengaluru,Campus,2023-01-01,2023-03-06,2023-08-20,66,0,E102767
R00547,Quality Engineering,L1,Hyderabad,Campus,2023-01-01,2023-03-12,2023-08-20,58,1,E102768
R00548,Sales and Presales,L1,Hyderabad,Campus,2023-01-01,2023-02-26,2023-08-02,51,1,E102769
R00549,Delivery,L1,Hyderabad,Campus,2023-01-01,2023-02-21,2023-08-09,22,0,E102770
R00550,Quality Engineering,L1,Hyderabad,Campus,2023-01-01,2023-02-23,2023-08-18,112,0,E102771
R00551,Delivery,L1,Hyderabad,Campus,2023-01-01,2023-02-19,2023-08-16,41,0,E102772
R00552,Delivery,L1,Hyderabad,Campus,2023-01-01,2023-03-17,2023-08-16,73,0,E102773
R00553,Cloud and Infrastructure,L1,Bengaluru,Campus,2023-01-01,2023-02-22,2023-08-17,32,1,E102774
R00554,Delivery,L1,Bengaluru,Campus,2023-01-01,2023-02-21,2023-08-08,23,0,E102775
R00555,Delivery,L1,Hyderabad,Campus,2023-01-01,2023-02-14,2023-08-08,99,0,E102776
R00556,Delivery,L1,Bengaluru,Campus,2023-01-01,2023-02-22,2023-08-14,31,0,E102777
R00557,Delivery,L1,Bengaluru,Campus,2023-01-01,2023-02-27,2023-08-20,88,0,E102778
R00558,Data and Analytics,L1,Bengaluru,Campus,2023-01-01,2023-02-20,2023-08-20,33,0,E102779
R00559,Delivery,L1,Bengaluru,Campus,2023-01-01,2023-02-22,2023-08-04,96,0,E102780
R00560,Delivery,L1,Bengaluru,Campus,2023-01-01,2023-02-16,2023-08-02,21,0,E102781
R00561,Cloud and Infrastructure,L1,Hyderabad,Campus,2023-01-01,2023-02-26,2023-08-13,30,0,E102782
R00562,Delivery,L1,Hyderabad,Campus,2023-01-01,2023-02-22,2023-08-05,76,0,E102783
R00563,Delivery,L1,Bengaluru,Campus,2023-01-01,2023-03-13,2023-08-16,95,1,E102784
R00564,Delivery,L1,Hyderabad,Campus,2023-01-01,2023-03-05,2023-08-03,67,1,E102785
R00565,Delivery,L1,Hyderabad,Campus,2023-01-01,2023-01-29,2023-08-17,96,0,E102786
R00566,Delivery,L1,Bengaluru,Campus,2023-01-01,2023-02-22,2023-08-10,74,0,E102787
R00567,Delivery,L1,Bengaluru,Campus,2023-01-01,2023-02-14,2023-08-05,33,0,E102788
R00568,Delivery,L1,Bengaluru,Campus,2023-01-01,2023-02-24,2023-08-14,46,0,E102789
R00569,Delivery,L1,Bengaluru,Campus,2023-01-01,2023-02-21,2023-08-20,57,0,E102790
R00570,Sales and Presales,L1,Hyderabad,Campus,2023-01-01,2023-02-26,2023-08-12,31,1,E102791
R00571,Cloud and Infrastructure,L1,Bengaluru,Campus,2023-01-01,2023-02-15,2023-08-19,99,0,E102792
R00572,Cloud and Infrastructure,L1,Bengaluru,Campus,2023-01-01,2023-02-05,2023-08-09,106,0,E102793
R00573,Delivery,L1,Hyderabad,Campus,2023-01-01,2023-02-25,2023-08-18,61,0,E102794
R00574,Cloud and Infrastructure,L1,Bengaluru,Campus,2023-01-01,2023-02-22,2023-08-15,51,0,E102795
R00575,Delivery,L1,Bengaluru,Campus,2023-01-01,2023-02-24,2023-08-20,109,1,E102796
R00576,Data and Analytics,L1,Bengaluru,Campus,2023-01-01,2023-02-14,2023-08-10,48,0,E102797
R00577,Delivery,L1,Hyderabad,Campus,2023-01-01,2023-03-02,2023-08-01,119,0,E102798
R00578,Sales and Presales,L1,Hyderabad,Campus,2023-01-01,2023-02-20,2023-08-14,23,0,E102799
R00579,Quality Engineering,L1,Hyderabad,Campus,2023-01-01,2023-02-28,2023-08-01,98,0,E102800
R00580,Cloud and Infrastructure,L1,Hyderabad,Campus,2023-01-01,2023-02-19,2023-08-08,81,0,E102801
R00581,Sales and Presales,L1,Hyderabad,Campus,2023-01-01,2023-02-10,2023-08-10,34,0,E102802
R00582,Delivery,L1,Hyderabad,Campus,2023-01-01,2023-02-23,2023-08-14,81,0,E102803
R00583,Delivery,L1,Hyderabad,Campus,2023-01-01,2023-03-04,2023-08-11,30,1,E102804
R00584,Sales and Presales,L1,Bengaluru,Campus,2023-01-01,2023-02-15,2023-08-17,38,0,E102805
R00585,Delivery,L1,Bengaluru,Campus,2023-01-01,2023-03-06,2023-08-12,104,0,E102806
R00586,Delivery,L1,Hyderabad,Campus,2023-01-01,2023-02-17,2023-08-16,50,0,E102807
R00587,Delivery,L1,Hyderabad,Campus,2023-01-01,2023-03-17,2023-08-16,23,1,E102808
R00588,Data and Analytics,L1,Hyderabad,Campus,2023-01-01,2023-02-24,2023-08-13,95,0,E102809
R00589,Delivery,L1,Bengaluru,Campus,2023-01-01,2023-02-18,2023-08-07,51,0,E102810
R00590,Cloud and Infrastructure,L1,Hyderabad,Campus,2023-01-01,2023-03-13,2023-08-20,115,0,E102811
R00591,Cloud and Infrastructure,L1,Hyderabad,Campus,2023-01-01,2023-02-27,2023-08-01,102,0,E102812
R00592,Delivery,L1,Hyderabad,Campus,2023-01-01,2023-02-16,2023-08-09,40,1,E102813
R00593,Delivery,L1,Bengaluru,Campus,2023-01-01,2023-03-02,2023-08-12,47,0,E102814
R00594,Delivery,L1,Bengaluru,Campus,2023-01-01,2023-02-15,2023-08-02,118,0,E102815
R00595,Data and Analytics,L1,Bengaluru,Campus,2023-01-01,2023-02-11,2023-08-17,111,0,E102816
R00596,Data and Analytics,L1,Hyderabad,Campus,2023-01-01,2023-02-13,2023-08-10,96,0,E102817
R00597,Delivery,L1,Hyderabad,Campus,2023-01-01,2023-02-20,2023-08-02,113,0,E102818
R00598,Delivery,L1,Hyderabad,Campus,2023-01-01,2023-02-12,2023-08-12,49,0,E102819
R00599,Delivery,L1,Bengaluru,Campus,2023-01-01,2023-02-26,2023-08-02,118,0,E102820
R00600,Delivery,L1,Hyderabad,Campus,2023-01-01,2023-03-05,2023-08-12,50,0,E102821
R00601,Quality Engineering,L1,Hyderabad,Campus,2023-01-01,2023-03-06,2023-08-12,58,1,E102822
R00602,Quality Engineering,L1,Bengaluru,Campus,2023-01-01,2023-03-07,2023-08-19,38,0,E102823
R00603,Data and Analytics,L1,Hyderabad,Campus,2023-01-01,2023-02-22,2023-08-15,104,0,E102824
R00604,Consulting,L1,Bengaluru,Campus,2023-01-01,2023-02-24,2023-08-20,114,0,E102825
R00605,Quality Engineering,L1,Hyderabad,Campus,2023-01-01,2023-02-14,2023-08-18,37,0,E102826
R00606,Quality Engineering,L1,Bengaluru,Campus,2023-01-01,2023-02-19,2023-08-06,39,0,E102827
R00607,Cloud and Infrastructure,L1,Hyderabad,Campus,2023-01-01,2023-02-07,2023-08-08,119,0,E102828
R00608,Delivery,L1,Bengaluru,Campus,2023-01-01,2023-03-01,2023-08-03,38,0,E102829
R00609,Delivery,L1,Hyderabad,Campus,2023-01-01,2023-02-11,2023-08-08,45,0,E102830
R00610,Delivery,L1,Hyderabad,Campus,2023-01-01,2023-02-17,2023-08-17,100,1,E102831
R00611,Delivery,L1,Bengaluru,Campus,2023-01-01,2023-03-03,2023-08-13,25,0,E102832
R00612,Quality Engineering,L1,Hyderabad,Campus,2023-01-01,2023-02-17,2023-08-15,114,0,E102833
R00613,Delivery,L1,Hyderabad,Campus,2023-01-01,2023-02-17,2023-08-14,45,1,E102834
R00614,Data and Analytics,L1,Hyderabad,Campus,2023-01-01,2023-02-24,2023-08-13,88,0,E102835
R00615,Delivery,L1,Hyderabad,Campus,2023-01-01,2023-03-07,2023-08-14,107,0,E102836
R00616,Delivery,L1,Bengaluru,Campus,2023-01-01,2023-02-17,2023-08-01,95,0,E102837
R00617,Delivery,L1,Hyderabad,Campus,2023-01-01,2023-02-14,2023-08-09,28,1,E102838
R00618,Sales and Presales,L1,Bengaluru,Campus,2023-01-01,2023-02-17,2023-08-12,106,1,E102839
R00619,Quality Engineering,L1,Hyderabad,Campus,2023-01-01,2023-02-18,2023-08-01,51,1,E102840
R00620,Quality Engineering,L1,Hyderabad,Campus,2023-01-01,2023-02-19,2023-08-08,25,1,E102841
R00621,Delivery,L1,Bengaluru,Campus,2023-01-01,2023-02-15,2023-08-17,45,0,E102842
R00622,Consulting,L1,Hyderabad,Campus,2023-01-01,2023-02-07,2023-08-14,78,0,E102843
R00623,Delivery,L1,Bengaluru,Campus,2023-01-01,2023-02-13,2023-08-09,57,1,E102844
R00624,Delivery,L1,Hyderabad,Campus,2023-01-01,2023-03-03,2023-08-18,94,0,E102845
R00625,Delivery,L1,Hyderabad,Campus,2023-01-01,2023-03-01,2023-08-05,99,0,E102846
R00626,Delivery,L1,Bengaluru,Campus,2023-01-01,2023-02-20,2023-08-18,99,0,E102847
R00627,Data and Analytics,L1,Hyderabad,Campus,2023-01-01,2023-02-24,2023-08-06,23,0,E102848
R00628,Delivery,L1,Bengaluru,Campus,2023-01-01,2023-02-22,2023-08-02,70,0,E102849
R00629,Cloud and Infrastructure,L1,Hyderabad,Campus,2023-01-01,2023-03-08,2023-08-09,36,0,E102850
R00630,Sales and Presales,L1,Hyderabad,Campus,2023-01-01,2023-03-14,2023-08-05,104,1,E102851
R00631,Delivery,L1,Bengaluru,Campus,2023-01-01,2023-02-23,2023-08-09,116,1,E102852
R00632,Quality Engineering,L1,Hyderabad,Campus,2023-01-01,2023-02-23,2023-08-08,117,1,E102853
R00633,Delivery,L1,Hyderabad,Campus,2023-01-01,2023-02-09,2023-08-12,53,2,E102854
R00634,Delivery,L1,Hyderabad,Campus,2023-01-01,2023-02-21,2023-08-05,96,0,E102855
R00635,Delivery,L1,Hyderabad,Campus,2023-01-01,2023-03-02,2023-08-17,51,1,E102856
R00636,Delivery,L1,Hyderabad,Campus,2023-01-01,2023-03-06,2023-08-12,69,2,E102857
R00637,Quality Engineering,L1,Hyderabad,Campus,2023-01-01,2023-02-14,2023-08-14,92,0,E102858
R00638,Delivery,L1,Hyderabad,Campus,2023-01-01,2023-03-19,2023-08-09,69,0,E102859
R00639,Delivery,L1,Hyderabad,Campus,2023-01-01,2023-03-02,2023-08-04,31,0,E102860
R00640,Corporate Functions,L4,Bengaluru,Backfill,2023-02-07,2023-03-21,2023-06-19,15,2,E102623
R00641,Cloud and Infrastructure,L4,Hyderabad,Backfill,2023-02-11,2023-04-10,2023-05-10,30,0,E102602
R00642,Cloud and Infrastructure,L3,Bengaluru,Backfill,2023-02-12,2023-05-08,2023-07-07,13,2,E102647
R00643,Cloud and Infrastructure,L1,Hyderabad,Backfill,2023-02-10,2023-03-13,2023-05-12,19,0,E102603
R00644,Corporate Functions,L4,Bengaluru,Backfill,2023-02-11,2023-03-14,2023-04-13,25,1,E102570
R00645,Data and Analytics,L2,Hyderabad,Backfill,2023-02-22,2023-04-18,2023-05-18,11,1,E102604
R00646,Delivery,L1,Hyderabad,Backfill,2023-02-25,2023-03-25,2023-06-23,32,0,E102624
R00647,Corporate Functions,L5,Hyderabad,Backfill,2023-02-01,2023-06-05,2023-09-03,34,0,E102897
R00648,Delivery,L4,Hyderabad,Backfill,2023-02-03,2023-04-16,2023-07-15,6,2,E102648
R00649,Quality Engineering,L2,Hyderabad,Backfill,2023-02-24,2023-03-28,2023-06-26,8,0,E102625
R00650,Data and Analytics,L2,Hyderabad,Backfill,2023-02-11,2023-03-12,2023-04-11,24,0,E102571
R00651,Delivery,L1,Bengaluru,Backfill,2023-02-13,2023-04-16,2023-06-15,38,2,E102626
R00652,Quality Engineering,L2,Hyderabad,Backfill,2023-02-21,2023-05-28,2023-07-27,18,0,E102649
R00653,Delivery,L3,Hyderabad,Backfill,2023-02-14,2023-04-01,2023-05-31,32,1,E102605
R00654,Delivery,L1,Hyderabad,Backfill,2023-02-25,2023-04-05,2023-06-04,16,0,E102627
R00655,Quality Engineering,L3,Hyderabad,Backfill,2023-02-27,2023-04-08,2023-05-08,36,1,E102606
R00656,Cloud and Infrastructure,L2,Hyderabad,Backfill,2023-02-16,2023-03-13,2023-05-12,7,0,E102607
R00657,Cloud and Infrastructure,L3,Bengaluru,Backfill,2023-02-24,2023-05-19,2023-07-18,19,1,E102650
R00658,Delivery,L2,Hyderabad,Backfill,2023-02-19,2023-05-03,2023-07-02,13,0,E102651
R00659,Delivery,L3,Bengaluru,Backfill,2023-02-09,2023-07-10,2023-09-08,38,1,E102898
R00660,Delivery,L2,Hyderabad,Backfill,2023-02-01,2023-03-19,2023-06-17,39,1,E102628
R00661,Delivery,L2,Hyderabad,Backfill,2023-02-27,2023-03-15,2023-04-14,32,0,E102572
R00662,Delivery,L2,Hyderabad,Backfill,2023-02-10,2023-03-04,2023-05-03,12,2,E102608
R00663,Delivery,L2,Hyderabad,Backfill,2023-02-21,2023-03-20,2023-06-18,22,0,E102629
R00664,Delivery,L2,Hyderabad,Backfill,2023-02-21,2023-04-15,2023-07-14,29,0,E102652
R00665,Delivery,L4,Bengaluru,Backfill,2023-02-09,2023-05-07,2023-07-06,27,1,E102653
R00666,Quality Engineering,L6,Bengaluru,Backfill,2023-02-27,2023-06-04,2023-08-03,21,0,E102861
R00667,Delivery,L2,Hyderabad,Backfill,2023-02-05,2023-03-13,2023-06-11,34,0,E102630
R00668,Delivery,L3,Hyderabad,Backfill,2023-02-24,2023-04-30,2023-06-29,17,0,E102631
R00669,Data and Analytics,L2,Bengaluru,Growth,2023-02-01,2023-04-02,2023-06-01,29,2,E102632
R00670,Cloud and Infrastructure,L5,Hyderabad,Growth,2023-02-01,2023-03-11,2023-04-10,8,1,E102573
R00671,Delivery,L2,Bengaluru,Growth,2023-02-01,2023-04-18,2023-07-17,30,0,E102654
R00672,Delivery,L6,Bengaluru,Growth,2023-02-01,2023-03-17,2023-04-16,31,1,E102574
R00673,Delivery,L3,Hyderabad,Backfill,2023-03-05,2023-04-30,2023-06-29,30,0,E102633
R00674,Data and Analytics,L3,Hyderabad,Backfill,2023-03-03,2023-04-07,2023-06-06,20,0,E102634
R00675,Data and Analytics,L2,Hyderabad,Backfill,2023-03-05,2023-07-21,2023-08-20,12,0,E102862
R00676,Delivery,L4,Hyderabad,Backfill,2023-03-09,2023-04-11,2023-07-10,16,1,E102655
R00677,Cloud and Infrastructure,L2,Hyderabad,Backfill,2023-03-02,2023-03-30,2023-05-29,23,1,E102609
R00678,Delivery,L2,Hyderabad,Backfill,2023-03-05,2023-04-04,2023-07-03,37,0,E102656
R00679,Quality Engineering,L2,Hyderabad,Backfill,2023-03-03,2023-04-30,2023-05-30,37,1,E102610
R00680,Cloud and Infrastructure,L2,Hyderabad,Backfill,2023-03-04,2023-04-10,2023-07-09,14,1,E102657
R00681,Corporate Functions,L1,Bengaluru,Backfill,2023-03-23,2023-04-24,2023-05-24,37,1,E102611
R00682,Corporate Functions,L2,Hyderabad,Backfill,2023-03-12,2023-06-03,2023-08-02,22,1,E102863
R00683,Delivery,L3,Hyderabad,Backfill,2023-03-10,2023-05-19,2023-08-17,31,0,E102864
R00684,Sales and Presales,L1,Bengaluru,Backfill,2023-03-27,2023-05-04,2023-06-03,12,0,E102635
R00685,Quality Engineering,L3,Hyderabad,Backfill,2023-03-26,2023-06-18,2023-08-17,39,1,E102865
R00686,Data and Analytics,L4,Hyderabad,Backfill,2023-03-24,2023-05-13,2023-08-11,34,1,E102866
R00687,Delivery,L3,Hyderabad,Backfill,2023-03-12,2023-04-24,2023-06-23,39,1,E102636
R00688,Corporate Functions,L3,Hyderabad,Backfill,2023-03-16,2023-05-26,2023-07-25,24,1,E102658
R00689,Sales and Presales,L4,Hyderabad,Backfill,2023-03-05,2023-06-14,2023-08-13,8,1,E102867
R00690,Delivery,L2,Hyderabad,Backfill,2023-03-12,2023-04-12,2023-06-11,7,1,E102637
R00691,Corporate Functions,L3,Hyderabad,Backfill,2023-03-22,2023-06-11,2023-07-11,18,0,E102659
R00692,Delivery,L1,Bengaluru,Backfill,2023-03-12,2023-04-27,2023-05-27,13,0,E102612
R00693,Quality Engineering,L2,Bengaluru,Backfill,2023-03-24,2023-05-06,2023-07-05,30,0,E102660
R00694,Quality Engineering,L3,Hyderabad,Backfill,2023-03-24,2023-06-29,2023-09-27,12,1,E102899
R00695,Sales and Presales,L1,Hyderabad,Backfill,2023-03-19,2023-04-12,2023-05-12,39,0,E102613
R00696,Consulting,L2,Bengaluru,Backfill,2023-03-14,2023-04-18,2023-07-17,9,0,E102661
R00697,Data and Analytics,L2,Hyderabad,Backfill,2023-03-12,2023-04-08,2023-07-07,16,1,E102662
R00698,Delivery,L3,Bengaluru,Backfill,2023-03-13,2023-05-01,2023-05-31,18,2,E102614
R00699,Delivery,L2,Hyderabad,Backfill,2023-03-20,2023-04-15,2023-06-14,35,0,E102638
R00700,Delivery,L3,Hyderabad,Growth,2023-03-01,2023-03-13,2023-04-12,31,1,E102575
R00701,Data and Analytics,L3,Hyderabad,Growth,2023-03-01,2023-06-02,2023-08-31,14,1,E102868
R00702,Sales and Presales,L4,Bengaluru,Growth,2023-03-01,2023-06-02,2023-08-31,16,1,E102869
R00703,Delivery,L3,Hyderabad,Growth,2023-03-01,2023-03-27,2023-04-26,8,4,E102576
R00704,Quality Engineering,L2,Hyderabad,Backfill,2023-04-09,2023-05-30,2023-07-29,12,0,E102663
R00705,Delivery,L2,Hyderabad,Backfill,2023-04-08,2023-05-07,2023-07-06,11,2,E102664
R00706,Cloud and Infrastructure,L2,Bengaluru,Backfill,2023-04-17,2023-05-03,2023-06-02,15,0,E102639
R00707,Delivery,L1,Hyderabad,Backfill,2023-04-23,2023-04-30,2023-06-29,27,0,E102640
R00708,Delivery,L2,Hyderabad,Backfill,2023-04-14,2023-05-20,2023-08-18,7,1,E102870
R00709,Delivery,L2,Bengaluru,Backfill,2023-04-05,2023-05-12,2023-07-11,14,0,E102665
R00710,Quality Engineering,L5,Hyderabad,Backfill,2023-04-02,2023-06-01,2023-08-30,14,1,E102871
R00711,Delivery,L6,Bengaluru,Backfill,2023-04-15,2023-08-29,2023-09-28,16,0,E102900
R00712,Delivery,L3,Hyderabad,Backfill,2023-04-10,2023-06-01,2023-07-31,14,1,E102666
R00713,Delivery,L3,Bengaluru,Backfill,2023-04-19,2023-06-29,2023-09-27,35,2,E102901
R00714,Quality Engineering,L1,Hyderabad,Backfill,2023-04-09,2023-05-25,2023-07-24,10,0,E102667
R00715,Consulting,L1,Bengaluru,Backfill,2023-04-09,2023-06-03,2023-07-03,22,0,E102668
R00716,Quality Engineering,L4,Bengaluru,Backfill,2023-04-11,2023-07-26,2023-09-24,19,1,E102902
R00717,Quality Engineering,L3,Hyderabad,Backfill,2023-04-09,2023-06-05,2023-09-03,10,2,E102903
R00718,Delivery,L3,Bengaluru,Backfill,2023-04-11,2023-06-12,2023-08-11,14,0,E102872
R00719,Cloud and Infrastructure,L2,Hyderabad,Backfill,2023-04-19,2023-05-07,2023-07-06,13,0,E102669
R00720,Data and Analytics,L3,Hyderabad,Backfill,2023-04-15,2023-05-11,2023-07-10,9,1,E102670
R00721,Delivery,L2,Hyderabad,Backfill,2023-04-17,2023-05-24,2023-06-23,7,0,E102641
R00722,Delivery,L3,Bengaluru,Growth,2023-04-01,2023-04-24,2023-06-23,23,1,E102642
R00723,Delivery,L2,Hyderabad,Growth,2023-04-01,2023-04-22,2023-05-22,32,1,E102615
R00724,Cloud and Infrastructure,L3,Bengaluru,Growth,2023-04-01,2023-06-06,2023-08-05,16,2,E102873
R00725,Delivery,L2,Hyderabad,Backfill,2023-05-09,2023-07-09,2023-10-07,30,1,E102925
R00726,Quality Engineering,L2,Hyderabad,Backfill,2023-05-11,2023-06-10,2023-08-09,22,0,E102874
R00727,Delivery,L3,Hyderabad,Backfill,2023-05-05,2023-06-21,2023-08-20,20,2,E102875
R00728,Delivery,L2,Bengaluru,Backfill,2023-05-15,2023-06-16,2023-09-14,39,0,E102904
R00729,Delivery,L3,Hyderabad,Backfill,2023-05-05,2023-07-16,2023-08-15,16,2,E102876
R00730,Delivery,L2,Hyderabad,Backfill,2023-05-19,2023-07-06,2023-09-04,17,0,E102905
R00731,Cloud and Infrastructure,L4,Hyderabad,Backfill,2023-05-05,2023-06-14,2023-09-12,31,1,E102906
R00732,Consulting,L2,Bengaluru,Backfill,2023-05-13,2023-06-25,2023-08-24,15,1,E102877
R00733,Sales and Presales,L1,Hyderabad,Backfill,2023-05-20,2023-06-20,2023-08-19,39,0,E102878
R00734,Delivery,L4,Bengaluru,Backfill,2023-05-11,2023-06-22,2023-08-21,31,1,E102879
R00735,Delivery,L3,Hyderabad,Backfill,2023-05-07,2023-06-07,2023-08-06,28,0,E102880
R00736,Quality Engineering,L2,Bengaluru,Backfill,2023-05-02,2023-05-17,2023-06-16,23,0,E102643
R00737,Cloud and Infrastructure,L3,Hyderabad,Backfill,2023-05-25,2023-07-05,2023-10-03,19,1,E102926
R00738,Delivery,L1,Bengaluru,Backfill,2023-05-14,2023-06-20,2023-07-20,12,1,E102671
R00739,Consulting,L5,Hyderabad,Backfill,2023-05-03,2023-07-07,2023-09-05,28,2,E102907
R00740,Sales and Presales,L3,Hyderabad,Backfill,2023-05-26,2023-08-01,2023-09-30,7,2,E102908
R00741,Delivery,L3,Bengaluru,Backfill,2023-05-21,2023-06-14,2023-07-14,15,0,E102672
R00742,Quality Engineering,L1,Bengaluru,Backfill,2023-05-13,2023-07-01,2023-08-30,12,2,E102881
R00743,Delivery,L1,Hyderabad,Backfill,2023-05-26,2023-07-13,2023-09-11,31,0,E102909
R00744,Quality Engineering,L1,Hyderabad,Backfill,2023-05-04,2023-05-30,2023-06-29,15,1,E102644
R00745,Delivery,L4,Hyderabad,Backfill,2023-05-21,2023-07-11,2023-09-09,17,0,E102910
R00746,Cloud and Infrastructure,L2,Bengaluru,Backfill,2023-05-20,2023-07-16,2023-08-15,17,0,E102882
R00747,Delivery,L1,Bengaluru,Backfill,2023-05-18,2023-06-27,2023-07-27,11,1,E102673
R00748,Data and Analytics,L1,Hyderabad,Backfill,2023-05-23,2023-07-08,2023-09-06,17,1,E102911
R00749,Delivery,L2,Bengaluru,Growth,2023-05-01,2023-07-07,2023-08-06,14,1,E102883
R00750,Delivery,L2,Hyderabad,Growth,2023-05-01,2023-06-01,2023-07-31,34,0,E102674
R00751,Corporate Functions,L3,Bengaluru,Growth,2023-05-01,2023-05-28,2023-08-26,8,0,E102884
R00752,Delivery,L4,Hyderabad,Growth,2023-05-01,2023-06-15,2023-08-14,34,1,E102885
R00753,Delivery,L4,Bengaluru,Backfill,2023-06-20,2023-08-05,2023-11-03,33,1,E102956
R00754,Delivery,L2,Hyderabad,Backfill,2023-06-14,2023-07-09,2023-10-07,25,1,E102927
R00755,Quality Engineering,L1,Hyderabad,Backfill,2023-06-02,2023-06-30,2023-09-28,26,0,E102912
R00756,Delivery,L1,Hyderabad,Backfill,2023-06-06,2023-07-05,2023-09-03,15,0,E102913
R00757,Delivery,L3,Bengaluru,Backfill,2023-06-24,2023-07-26,2023-10-24,11,1,E102928
R00758,Delivery,L2,Hyderabad,Backfill,2023-06-17,2023-08-17,2023-11-15,12,1,E102957
R00759,Quality Engineering,L4,Hyderabad,Backfill,2023-06-11,2023-07-23,2023-08-22,23,2,E102886
R00760,Delivery,L5,Bengaluru,Backfill,2023-06-09,2023-09-14,2023-10-14,28,2,E102929
R00761,Delivery,L3,Hyderabad,Backfill,2023-06-19,2023-08-23,2023-11-21,38,1,E102958
R00762,Delivery,L2,Hyderabad,Backfill,2023-06-23,2023-08-06,2023-11-04,14,1,E102959
R00763,Corporate Functions,L4,Hyderabad,Backfill,2023-06-16,2023-09-18,2023-11-17,20,2,E102960
R00764,Cloud and Infrastructure,L2,Hyderabad,Backfill,2023-06-25,2023-08-14,2023-11-12,16,1,E102961
R00765,Cloud and Infrastructure,L3,Bengaluru,Backfill,2023-06-07,2023-07-02,2023-08-01,17,0,E102887
R00766,Quality Engineering,L2,Hyderabad,Backfill,2023-06-10,2023-08-11,2023-10-10,27,1,E102930
R00767,Data and Analytics,L3,Bengaluru,Backfill,2023-06-09,2023-09-04,2023-10-04,6,0,E102931
R00768,Sales and Presales,L2,Hyderabad,Backfill,2023-06-10,2023-07-15,2023-10-13,34,0,E102932
R00769,Data and Analytics,L1,Bengaluru,Backfill,2023-06-09,2023-07-04,2023-10-02,32,1,E102933
R00770,Delivery,L2,Hyderabad,Backfill,2023-06-15,2023-07-09,2023-09-07,36,0,E102914
R00771,Delivery,L1,Hyderabad,Backfill,2023-06-23,2023-07-15,2023-08-14,27,1,E102888
R00772,Delivery,L3,Bengaluru,Backfill,2023-06-18,2023-09-12,2023-11-11,24,2,E102962
R00773,Quality Engineering,L1,Bengaluru,Backfill,2023-06-13,2023-06-28,2023-08-27,21,1,E102889
R00774,Delivery,L2,Hyderabad,Backfill,2023-06-24,2023-08-22,2023-10-21,33,0,E102934
R00775,Delivery,L2,Hyderabad,Backfill,2023-06-25,2023-07-23,2023-09-21,33,0,E102915
R00776,Cloud and Infrastructure,L1,Bengaluru,Backfill,2023-06-21,2023-07-05,2023-08-04,10,0,E102890
R00777,Quality Engineering,L1,Hyderabad,Backfill,2023-06-25,2023-08-29,2023-09-28,28,2,E102916
R00778,Delivery,L1,Hyderabad,Backfill,2023-06-22,2023-07-25,2023-10-23,29,0,E102935
R00779,Delivery,L3,Bengaluru,Backfill,2023-06-05,2023-06-19,2023-08-18,37,1,E102891
R00780,Delivery,L5,Bengaluru,Growth,2023-06-01,2023-08-14,2023-10-13,6,2,E102936
R00781,Sales and Presales,L2,Bengaluru,Growth,2023-06-01,2023-06-15,2023-08-14,22,0,E102892
R00782,Delivery,L3,Hyderabad,Growth,2023-06-01,2023-07-15,2023-09-13,20,0,E102917
R00783,Quality Engineering,L3,Bengaluru,Growth,2023-06-01,2023-06-29,2023-09-27,15,2,E102918
R00784,Delivery,L2,Hyderabad,Growth,2023-06-01,2023-06-25,2023-07-25,19,1,E102675
R00785,Quality Engineering,L1,Bengaluru,Backfill,2023-07-05,2023-08-02,2023-10-01,22,0,E102937
R00786,Cloud and Infrastructure,L2,Hyderabad,Backfill,2023-07-27,2023-09-15,2023-11-14,32,0,E102963
R00787,Sales and Presales,L2,Hyderabad,Backfill,2023-07-08,2023-08-11,2023-10-10,13,1,E102938
R00788,Sales and Presales,L3,Bengaluru,Backfill,2023-07-05,2023-08-13,2023-11-11,6,1,E102964
R00789,Quality Engineering,L3,Bengaluru,Backfill,2023-07-18,2023-08-19,2023-10-18,31,1,E102939
R00790,Data and Analytics,L4,Hyderabad,Backfill,2023-07-09,2023-07-25,2023-08-24,16,3,E102893
R00791,Sales and Presales,L1,Hyderabad,Backfill,2023-07-18,2023-09-15,2023-12-14,28,0,E102994
R00792,Delivery,L1,Hyderabad,Backfill,2023-07-20,2023-07-31,2023-08-30,36,1,E102894
R00793,Cloud and Infrastructure,L2,Bengaluru,Backfill,2023-07-20,2023-08-04,2023-10-03,39,0,E102940
R00794,Data and Analytics,L2,Bengaluru,Backfill,2023-07-13,2023-08-26,2023-10-25,9,1,E102941
R00795,Delivery,L1,Hyderabad,Backfill,2023-07-19,2023-08-13,2023-10-12,11,1,E102942
R00796,Quality Engineering,L2,Bengaluru,Backfill,2023-07-01,2023-08-12,2023-09-11,19,1,E102919
R00797,Delivery,L2,Hyderabad,Backfill,2023-07-24,2023-08-08,2023-10-07,33,1,E102943
R00798,Delivery,L1,Hyderabad,Backfill,2023-07-13,2023-08-03,2023-10-02,31,0,E102944
R00799,Cloud and Infrastructure,L2,Hyderabad,Backfill,2023-07-19,2023-08-25,2023-09-24,26,1,E102920
R00800,Delivery,L1,Bengaluru,Backfill,2023-07-14,2023-08-02,2023-09-01,21,0,E102921
R00801,Cloud and Infrastructure,L2,Hyderabad,Backfill,2023-07-01,2023-08-13,2023-10-12,28,0,E102945
R00802,Delivery,L1,Hyderabad,Backfill,2023-07-03,2023-08-03,2023-10-02,22,1,E102946
R00803,Quality Engineering,L2,Hyderabad,Growth,2023-07-01,2023-07-28,2023-09-26,25,1,E102922
R00804,Delivery,L3,Hyderabad,Growth,2023-07-01,2023-07-19,2023-08-18,27,0,E102895
R00805,Data and Analytics,L3,Bengaluru,Growth,2023-07-01,2023-09-05,2023-11-04,35,1,E102965
R00806,Quality Engineering,L3,Hyderabad,Growth,2023-07-01,2023-08-12,2023-10-11,21,1,E102947
R00807,Cloud and Infrastructure,L2,Hyderabad,Growth,2023-07-01,2023-08-03,2023-10-02,33,1,E102948
R00808,Corporate Functions,L6,Bengaluru,Growth,2023-07-01,2023-11-18,2024-01-17,25,1,E103029
R00809,Quality Engineering,L3,Hyderabad,Backfill,2023-08-27,2023-09-19,2023-11-18,15,1,E102966
R00810,Quality Engineering,L4,Hyderabad,Backfill,2023-08-18,2023-10-17,2023-11-16,25,1,E102967
R00811,Cloud and Infrastructure,L1,Bengaluru,Backfill,2023-08-12,2023-09-14,2023-11-13,10,1,E102968
R00812,Delivery,L2,Hyderabad,Backfill,2023-08-16,2023-09-20,2023-11-19,16,0,E102969
R00813,Quality Engineering,L3,Bengaluru,Backfill,2023-08-12,2023-09-19,2023-11-18,26,0,E102970
R00814,Delivery,L1,Bengaluru,Backfill,2023-08-26,2023-09-12,2023-12-11,30,0,E102995
R00815,Delivery,L2,Hyderabad,Backfill,2023-08-26,2023-09-22,2023-10-22,27,1,E102949
R00816,Delivery,L2,Bengaluru,Backfill,2023-08-12,2023-10-21,2023-12-20,32,0,E102996
R00817,Delivery,L2,Bengaluru,Backfill,2023-08-12,2023-09-08,2023-11-07,20,0,E102971
R00818,Cloud and Infrastructure,L2,Bengaluru,Backfill,2023-08-06,2023-08-26,2023-09-25,30,1,E102923
R00819,Sales and Presales,L1,Hyderabad,Backfill,2023-08-08,2023-09-04,2023-11-03,12,0,E102972
R00820,Sales and Presales,L3,Bengaluru,Backfill,2023-08-21,2023-10-05,2024-01-03,11,2,E103030
R00821,Data and Analytics,L2,Bengaluru,Backfill,2023-08-18,2023-11-11,2023-12-11,7,1,E102997
R00822,Consulting,L2,Bengaluru,Backfill,2023-08-19,2023-10-15,2023-11-14,25,0,E102973
R00823,Delivery,L2,Bengaluru,Backfill,2023-08-15,2023-09-13,2023-11-12,13,0,E102974
R00824,Delivery,L3,Bengaluru,Backfill,2023-08-03,2023-11-12,2024-02-10,9,2,E103066
R00825,Quality Engineering,L1,Hyderabad,Backfill,2023-08-04,2023-08-18,2023-10-17,12,0,E102950
R00826,Delivery,L1,Bengaluru,Backfill,2023-08-13,2023-09-06,2023-10-06,11,0,E102951
R00827,Quality Engineering,L1,Hyderabad,Backfill,2023-08-20,2023-09-11,2023-10-11,23,0,E102952
R00828,Data and Analytics,L2,Hyderabad,Backfill,2023-08-10,2023-11-01,2023-12-31,30,0,E102998
R00829,Consulting,L2,Hyderabad,Backfill,2023-08-12,2023-09-17,2023-11-16,34,0,E102975
R00830,Delivery,L2,Hyderabad,Backfill,2023-08-08,2023-10-12,2023-12-11,17,1,E102999
R00831,Delivery,L2,Bengaluru,Backfill,2023-08-17,2023-09-14,2023-12-13,12,1,E103000
R00832,Delivery,L2,Hyderabad,Backfill,2023-08-23,2023-09-10,2023-11-09,13,0,E102976
R00833,Delivery,L2,Hyderabad,Backfill,2023-08-05,2023-08-25,2023-10-24,27,3,E102953
R00834,Quality Engineering,L2,Hyderabad,Backfill,2023-08-13,2023-10-13,2024-01-11,7,0,E103031
R00835,Cloud and Infrastructure,L1,Hyderabad,Backfill,2023-08-09,2023-09-13,2023-11-12,27,1,E102977
R00836,Sales and Presales,L5,Hyderabad,Backfill,2023-08-10,2023-10-17,2023-12-16,10,1,E103001
R00837,Delivery,L3,Hyderabad,Backfill,2023-08-01,2023-09-12,2023-11-11,37,0,E102978
R00838,Quality Engineering,L2,Bengaluru,Growth,2023-08-01,2023-08-20,2023-11-18,39,1,E102979
R00839,Corporate Functions,L2,Bengaluru,Growth,2023-08-01,2023-09-14,2023-11-13,8,0,E102980
R00840,Delivery,L2,Bengaluru,Growth,2023-08-01,2023-09-28,2023-11-27,32,2,E102981
R00841,Data and Analytics,L2,Hyderabad,Growth,2023-08-01,2023-08-31,2023-09-30,12,1,E102924
R00842,Quality Engineering,L1,Bengaluru,Backfill,2023-09-06,2023-10-15,2023-11-14,34,1,E102982
R00843,Delivery,L5,Bengaluru,Backfill,2023-09-12,2023-12-17,2024-01-16,30,1,E103032
R00844,Sales and Presales,L3,Hyderabad,Backfill,2023-09-03,2023-10-21,2023-11-20,20,1,E102983
R00845,Delivery,L2,Hyderabad,Backfill,2023-09-04,2023-10-06,2023-12-05,21,1,E103002
R00846,Cloud and Infrastructure,L1,Hyderabad,Backfill,2023-09-01,2023-09-20,2023-12-19,19,0,E103003
R00847,Cloud and Infrastructure,L2,Bengaluru,Backfill,2023-09-10,2023-10-08,2023-12-07,17,1,E103004
R00848,Delivery,L3,Hyderabad,Backfill,2023-09-15,2023-10-20,2023-12-19,26,0,E103005
R00849,Cloud and Infrastructure,L1,Hyderabad,Backfill,2023-09-06,2023-09-18,2023-11-17,6,0,E102984
R00850,Delivery,L1,Bengaluru,Backfill,2023-09-09,2023-10-13,2024-01-11,37,0,E103033
R00851,Delivery,L6,Bengaluru,Backfill,2023-09-22,2023-11-07,2024-02-05,6,2,E103067
R00852,Delivery,L1,Bengaluru,Backfill,2023-09-15,2023-10-24,2023-12-23,22,0,E103006
R00853,Quality Engineering,L5,Hyderabad,Backfill,2023-09-22,2023-11-24,2024-02-22,6,3,E103068
R00854,Delivery,L3,Hyderabad,Backfill,2023-09-13,2023-10-18,2023-11-17,8,3,E102985
R00855,Delivery,L2,Bengaluru,Backfill,2023-09-02,2023-09-15,2023-10-15,24,1,E102954
R00856,Cloud and Infrastructure,L1,Bengaluru,Backfill,2023-09-11,2023-10-06,2024-01-04,7,0,E103034
R00857,Delivery,L2,Bengaluru,Backfill,2023-09-24,2023-11-10,2024-01-09,35,0,E103035
R00858,Data and Analytics,L1,Bengaluru,Backfill,2023-09-13,2023-10-04,2023-12-03,20,0,E103007
R00859,Quality Engineering,L2,Hyderabad,Backfill,2023-09-21,2023-10-06,2023-12-05,14,0,E103008
R00860,Sales and Presales,L2,Hyderabad,Backfill,2023-09-01,2023-10-09,2023-12-08,11,1,E103009
R00861,Corporate Functions,L2,Hyderabad,Backfill,2023-09-16,2023-10-14,2024-01-12,32,1,E103036
R00862,Data and Analytics,L4,Bengaluru,Backfill,2023-09-10,2023-11-01,2023-12-31,28,0,E103010
R00863,Data and Analytics,L1,Bengaluru,Backfill,2023-09-01,2023-09-26,2023-11-25,18,0,E102986
R00864,Quality Engineering,L1,Hyderabad,Backfill,2023-09-27,2023-11-11,2024-01-10,11,1,E103037
R00865,Delivery,L1,Hyderabad,Backfill,2023-09-20,2023-10-31,2023-11-30,14,0,E102987
R00866,Delivery,L3,Bengaluru,Backfill,2023-09-23,2023-10-13,2023-12-12,21,1,E103011
R00867,Quality Engineering,L2,Hyderabad,Backfill,2023-09-13,2023-09-19,2023-11-18,28,3,E102988
R00868,Quality Engineering,L2,Hyderabad,Backfill,2023-09-26,2023-10-29,2024-01-27,20,1,E103038
R00869,Quality Engineering,L3,Hyderabad,Backfill,2023-09-19,2023-10-28,2024-01-26,20,1,E103039
R00870,Quality Engineering,L3,Bengaluru,Backfill,2023-09-27,2024-01-11,2024-04-10,19,1,E103122
R00871,Delivery,L3,Bengaluru,Backfill,2023-09-19,2023-12-16,2024-02-14,32,2,E103069
R00872,Delivery,L2,Bengaluru,Backfill,2023-09-20,2023-10-31,2024-01-29,38,1,E103040
R00873,Cloud and Infrastructure,L3,Hyderabad,Backfill,2023-09-25,2023-10-17,2024-01-15,33,1,E103041
R00874,Quality Engineering,L2,Hyderabad,Backfill,2023-09-27,2023-11-19,2024-01-18,31,0,E103042
R00875,Sales and Presales,L1,Bengaluru,Backfill,2023-09-27,2023-10-13,2024-01-11,24,0,E103043
R00876,Delivery,L3,Bengaluru,Backfill,2023-09-04,2023-10-23,2023-12-22,13,0,E103012
R00877,Delivery,L1,Hyderabad,Backfill,2023-09-21,2023-11-13,2024-01-12,23,0,E103044
R00878,Delivery,L1,Bengaluru,Backfill,2023-09-03,2023-09-17,2023-11-16,31,0,E102989
R00879,Delivery,L1,Hyderabad,Backfill,2023-09-25,2023-10-18,2023-11-17,27,1,E102990
R00880,Consulting,L3,Bengaluru,Growth,2023-09-01,2023-09-25,2023-12-24,8,0,E103013
R00881,Cloud and Infrastructure,L2,Bengaluru,Growth,2023-09-01,2023-10-04,2023-12-03,29,0,E103014
R00882,Consulting,L5,Bengaluru,Growth,2023-09-01,2023-11-17,2024-01-16,17,1,E103045
R00883,Delivery,L3,Hyderabad,Growth,2023-09-01,2023-09-27,2023-11-26,32,0,E102991
R00884,Cloud and Infrastructure,L2,Hyderabad,Growth,2023-09-01,2023-09-30,2023-10-30,33,2,E102955
R00885,Quality Engineering,L2,Hyderabad,Backfill,2023-10-07,2023-10-25,2023-11-24,33,1,E102992
R00886,Delivery,L2,Bengaluru,Backfill,2023-10-20,2023-11-18,2024-01-17,7,0,E103046
R00887,Delivery,L2,Bengaluru,Backfill,2023-10-04,2023-10-21,2023-11-20,7,0,E102993
R00888,Delivery,L1,Bengaluru,Backfill,2023-10-01,2023-10-18,2023-12-17,11,1,E103015
R00889,Delivery,L3,Hyderabad,Backfill,2023-10-14,2023-11-12,2024-01-11,12,1,E103047
R00890,Delivery,L2,Hyderabad,Backfill,2023-10-26,2023-12-07,2024-02-05,23,1,E103070
R00891,Delivery,L2,Hyderabad,Backfill,2023-10-11,2023-12-23,2024-03-22,32,0,E103091
R00892,Delivery,L1,Hyderabad,Backfill,2023-10-22,2023-11-02,2024-01-01,35,0,E103048
R00893,Delivery,L3,Bengaluru,Backfill,2023-10-21,2023-11-17,2024-01-16,11,1,E103049
R00894,Delivery,L1,Hyderabad,Backfill,2023-10-05,2023-11-02,2024-01-01,30,1,E103050
R00895,Corporate Functions,L4,Bengaluru,Backfill,2023-10-22,2023-12-19,2024-03-18,22,5,E103092
R00896,Delivery,L1,Hyderabad,Backfill,2023-10-22,2023-11-22,2024-02-20,10,0,E103071
R00897,Delivery,L3,Bengaluru,Backfill,2023-10-16,2023-10-31,2023-12-30,24,1,E103016
R00898,Delivery,L1,Hyderabad,Backfill,2023-10-03,2023-12-12,2024-02-10,9,1,E103072
R00899,Delivery,L3,Bengaluru,Backfill,2023-10-03,2023-10-23,2024-01-21,16,1,E103051
R00900,Delivery,L1,Hyderabad,Backfill,2023-10-23,2023-11-22,2024-01-21,20,0,E103052
R00901,Delivery,L1,Bengaluru,Backfill,2023-10-26,2023-12-12,2024-02-10,38,2,E103073
R00902,Delivery,L1,Bengaluru,Backfill,2023-10-20,2023-11-05,2023-12-05,20,0,E103017
R00903,Quality Engineering,L3,Hyderabad,Backfill,2023-10-07,2023-11-06,2023-12-06,29,1,E103018
R00904,Data and Analytics,L2,Bengaluru,Backfill,2023-10-14,2023-12-27,2024-02-25,14,1,E103074
R00905,Cloud and Infrastructure,L1,Hyderabad,Backfill,2023-10-27,2023-11-06,2023-12-06,19,0,E103019
R00906,Delivery,L2,Bengaluru,Backfill,2023-10-13,2023-11-08,2024-01-07,34,1,E103053
R00907,Delivery,L1,Hyderabad,Backfill,2023-10-18,2023-10-29,2023-12-28,26,2,E103020
R00908,Delivery,L1,Hyderabad,Backfill,2023-10-20,2023-12-01,2024-01-30,11,0,E103054
R00909,Cloud and Infrastructure,L1,Bengaluru,Backfill,2023-10-14,2023-10-25,2023-12-24,26,0,E103021
R00910,Delivery,L1,Bengaluru,Backfill,2023-10-12,2023-11-05,2023-12-05,32,0,E103022
R00911,Delivery,L1,Hyderabad,Backfill,2023-10-04,2023-11-07,2024-01-06,21,1,E103055
R00912,Delivery,L1,Bengaluru,Backfill,2023-10-04,2023-10-31,2023-12-30,24,3,E103023
R00913,Delivery,L1,Bengaluru,Backfill,2023-10-24,2023-11-24,2024-02-22,8,3,E103075
R00914,Delivery,L3,Hyderabad,Growth,2023-10-01,2023-11-07,2023-12-07,18,0,E103024
R00915,Quality Engineering,L2,Bengaluru,Growth,2023-10-01,2023-10-29,2023-12-28,32,1,E103025
R00916,Delivery,L4,Bengaluru,Backfill,2023-11-18,2024-01-01,2024-03-01,28,0,E103093
R00917,Data and Analytics,L2,Bengaluru,Backfill,2023-11-27,2024-01-09,2024-03-09,22,0,E103094
R00918,Data and Analytics,L1,Bengaluru,Backfill,2023-11-09,2024-01-16,2024-03-16,39,0,E103095
R00919,Delivery,L1,Bengaluru,Backfill,2023-11-04,2023-11-23,2024-01-22,27,1,E103056
R00920,Delivery,L2,Hyderabad,Backfill,2023-11-08,2023-12-10,2024-02-08,22,1,E103076
R00921,Consulting,L2,Bengaluru,Backfill,2023-11-04,2023-12-02,2024-03-01,36,1,E103096
R00922,Consulting,L1,Hyderabad,Backfill,2023-11-15,2024-01-20,2024-02-19,14,0,E103077
R00923,Delivery,L1,Hyderabad,Backfill,2023-11-14,2023-11-29,2023-12-29,27,1,E103026
R00924,Delivery,L1,Bengaluru,Backfill,2023-11-11,2023-12-22,2024-02-20,7,0,E103078
R00925,Delivery,L4,Bengaluru,Backfill,2023-11-16,2023-12-01,2024-02-29,16,1,E103079
R00926,Consulting,L4,Hyderabad,Backfill,2023-11-24,2024-02-01,2024-04-01,10,1,E103123
R00927,Delivery,L2,Bengaluru,Backfill,2023-11-26,2024-01-15,2024-04-14,28,0,E103124
R00928,Quality Engineering,L4,Hyderabad,Backfill,2023-11-15,2023-12-30,2024-02-28,10,0,E103080
R00929,Consulting,L1,Hyderabad,Backfill,2023-11-05,2023-11-19,2024-01-18,9,0,E103057
R00930,Delivery,L3,Bengaluru,Backfill,2023-11-26,2024-01-12,2024-04-11,31,3,E103125
R00931,Delivery,L2,Bengaluru,Backfill,2023-11-08,2023-11-14,2024-01-13,39,0,E103058
R00932,Corporate Functions,L2,Bengaluru,Backfill,2023-11-08,2023-12-08,2024-01-07,11,0,E103059
R00933,Delivery,L4,Hyderabad,Backfill,2023-11-27,2024-01-30,2024-03-30,16,2,E103097
R00934,Delivery,L1,Hyderabad,Backfill,2023-11-12,2023-12-16,2024-02-14,24,0,E103081
R00935,Sales and Presales,L3,Hyderabad,Backfill,2023-11-16,2024-01-27,2024-03-27,13,1,E103098
R00936,Cloud and Infrastructure,L2,Bengaluru,Backfill,2023-11-19,2024-01-07,2024-03-07,13,0,E103099
R00937,Corporate Functions,L2,Bengaluru,Backfill,2023-11-24,2024-01-11,2024-04-10,19,0,E103126
R00938,Cloud and Infrastructure,L2,Hyderabad,Backfill,2023-11-21,2023-12-26,2024-01-25,39,0,E103060
R00939,Delivery,L2,Hyderabad,Backfill,2023-11-25,2024-01-17,2024-03-17,24,0,E103100
R00940,Corporate Functions,L1,Hyderabad,Backfill,2023-11-17,2023-12-26,2024-02-24,18,0,E103082
R00941,Sales and Presales,L2,Bengaluru,Backfill,2023-11-01,2023-11-19,2024-01-18,38,0,E103061
R00942,Quality Engineering,L5,Hyderabad,Backfill,2023-11-17,2023-12-16,2024-02-14,9,1,E103083
R00943,Quality Engineering,L2,Hyderabad,Backfill,2023-11-21,2023-12-02,2024-03-01,24,0,E103101
R00944,Quality Engineering,L1,Bengaluru,Backfill,2023-11-06,2023-11-25,2024-02-23,38,0,E103084
R00945,Delivery,L2,Hyderabad,Backfill,2023-11-18,2024-02-22,2024-04-22,11,0,E103127
R00946,Corporate Functions,L1,Hyderabad,Backfill,2023-11-10,2023-11-28,2023-12-28,37,0,E103027
R00947,Delivery,L2,Hyderabad,Backfill,2023-11-09,2023-11-18,2024-01-17,33,0,E103062
R00948,Cloud and Infrastructure,L3,Hyderabad,Backfill,2023-11-02,2023-11-27,2024-02-25,37,3,E103085
R00949,Data and Analytics,L1,Bengaluru,Backfill,2023-11-21,2024-02-06,2024-04-06,26,1,E103128
R00950,Delivery,L2,Hyderabad,Growth,2023-11-01,2023-11-25,2024-01-24,32,0,E103063
R00951,Delivery,L3,Hyderabad,Growth,2023-11-01,2023-11-29,2023-12-29,19,1,E103028
R00952,Cloud and Infrastructure,L4,Bengaluru,Backfill,2023-12-09,2024-01-24,2024-02-23,14,1,E103086
R00953,Delivery,L1,Bengaluru,Backfill,2023-12-10,2024-01-28,2024-04-27,33,1,E103129
R00954,Cloud and Infrastructure,L5,Bengaluru,Backfill,2023-12-15,2024-01-26,2024-03-26,23,0,E103102
R00955,Data and Analytics,L1,Hyderabad,Backfill,2023-12-25,2024-01-23,2024-03-23,37,0,E103103
R00956,Delivery,L1,Hyderabad,Backfill,2023-12-20,2024-01-27,2024-04-26,9,0,E103130
R00957,Corporate Functions,L3,Bengaluru,Backfill,2023-12-11,2023-12-21,2024-02-19,23,0,E103087
R00958,Cloud and Infrastructure,L2,Hyderabad,Backfill,2023-12-16,2024-01-03,2024-03-03,9,1,E103104
R00959,Corporate Functions,L2,Hyderabad,Backfill,2023-12-18,2024-01-25,2024-03-25,34,0,E103105
R00960,Delivery,L2,Bengaluru,Backfill,2023-12-09,2024-01-23,2024-03-23,15,1,E103106
R00961,Sales and Presales,L3,Bengaluru,Backfill,2023-12-17,2024-02-04,2024-05-04,20,2,E103157
R00962,Consulting,L1,Bengaluru,Backfill,2023-12-12,2023-12-23,2024-02-21,33,0,E103088
R00963,Corporate Functions,L2,Bengaluru,Backfill,2023-12-19,2024-02-20,2024-04-20,19,2,E103131
R00964,Corporate Functions,L4,Hyderabad,Backfill,2023-12-26,2024-02-09,2024-05-09,35,4,E103158
R00965,Delivery,L2,Hyderabad,Backfill,2023-12-07,2024-01-09,2024-04-08,26,2,E103132
R00966,Quality Engineering,L3,Hyderabad,Backfill,2023-12-03,2024-01-29,2024-04-28,25,1,E103133
R00967,Delivery,L1,Bengaluru,Backfill,2023-12-12,2024-01-18,2024-03-18,27,0,E103107
R00968,Quality Engineering,L1,Bengaluru,Backfill,2023-12-17,2024-02-09,2024-05-09,34,1,E103159
R00969,Delivery,L2,Hyderabad,Backfill,2023-12-01,2024-01-27,2024-02-26,36,2,E103089
R00970,Data and Analytics,L1,Hyderabad,Backfill,2023-12-17,2024-01-23,2024-03-23,32,0,E103108
R00971,Delivery,L2,Hyderabad,Backfill,2023-12-19,2024-01-20,2024-03-20,25,3,E103109
R00972,Sales and Presales,L2,Hyderabad,Backfill,2023-12-18,2024-02-02,2024-04-02,26,2,E103134
R00973,Corporate Functions,L3,Bengaluru,Backfill,2023-12-22,2024-01-31,2024-04-30,8,2,E103135
R00974,Delivery,L1,Hyderabad,Backfill,2023-12-24,2024-01-16,2024-03-16,19,0,E103110
R00975,Data and Analytics,L1,Bengaluru,Backfill,2023-12-01,2023-12-29,2024-01-28,7,0,E103064
R00976,Delivery,L2,Bengaluru,Backfill,2023-12-27,2024-02-15,2024-05-15,24,0,E103160
R00977,Cloud and Infrastructure,L2,Hyderabad,Backfill,2023-12-13,2024-01-08,2024-03-08,29,1,E103111
R00978,Delivery,L1,Bengaluru,Backfill,2023-12-03,2023-12-23,2024-03-22,34,3,E103112
R00979,Delivery,L2,Bengaluru,Backfill,2023-12-07,2024-01-21,2024-03-21,38,1,E103113
R00980,Delivery,L4,Bengaluru,Backfill,2023-12-14,2024-02-14,2024-05-14,17,1,E103161
R00981,Cloud and Infrastructure,L3,Bengaluru,Backfill,2023-12-22,2024-01-24,2024-03-24,35,2,E103114
R00982,Delivery,L3,Hyderabad,Backfill,2023-12-26,2024-01-23,2024-03-23,38,2,E103115
R00983,Delivery,L2,Hyderabad,Backfill,2023-12-11,2023-12-16,2024-01-15,19,0,E103065
R00984,Delivery,L2,Hyderabad,Backfill,2023-12-10,2024-02-15,2024-04-15,14,1,E103136
R00985,Delivery,L2,Bengaluru,Backfill,2023-12-17,2024-01-30,2024-04-29,28,0,E103137
R00986,Delivery,L3,Hyderabad,Growth,2023-12-01,2024-02-15,2024-03-16,37,3,E103116
R00987,Delivery,L2,Hyderabad,Growth,2023-12-01,2024-01-03,2024-04-02,14,0,E103138
R00988,Quality Engineering,L3,Hyderabad,Growth,2023-12-01,2024-01-09,2024-04-08,9,0,E103139
R00989,Corporate Functions,L2,Bengaluru,Growth,2023-12-01,2024-01-20,2024-03-20,11,2,E103117
R00990,Delivery,L5,Hyderabad,Growth,2023-12-01,2024-03-03,2024-05-02,26,1,E103162
R00991,Quality Engineering,L4,Hyderabad,Growth,2023-12-01,2024-02-20,2024-04-20,12,1,E103140
R00992,Quality Engineering,L3,Hyderabad,Backfill,2024-01-05,2024-03-21,2024-04-20,31,2,E103141
R00993,Delivery,L1,Bengaluru,Backfill,2024-01-26,2024-03-22,2024-06-20,13,1,E103184
R00994,Delivery,L1,Hyderabad,Backfill,2024-01-24,2024-03-02,2024-04-01,11,1,E103142
R00995,Cloud and Infrastructure,L2,Hyderabad,Backfill,2024-01-24,2024-03-21,2024-05-20,33,2,E103163
R00996,Quality Engineering,L4,Hyderabad,Backfill,2024-01-14,2024-05-11,2024-06-10,8,1,E103185
R00997,Delivery,L2,Hyderabad,Backfill,2024-01-18,2024-03-23,2024-06-21,36,1,E103186
R00998,Delivery,L3,Bengaluru,Backfill,2024-01-21,2024-03-17,2024-04-16,33,3,E103143
R00999,Delivery,L2,Hyderabad,Backfill,2024-01-11,2024-01-18,2024-04-17,23,2,E103144
R01000,Quality Engineering,L2,Hyderabad,Backfill,2024-01-05,2024-02-05,2024-03-06,30,0,E103118
R01001,Delivery,L2,Hyderabad,Backfill,2024-01-23,2024-03-08,2024-05-07,28,0,E103164
R01002,Delivery,L6,Hyderabad,Backfill,2024-01-02,2024-03-21,2024-04-20,29,0,E103145
R01003,Delivery,L3,Hyderabad,Backfill,2024-01-22,2024-03-07,2024-05-06,33,1,E103165
R01004,Sales and Presales,L1,Hyderabad,Backfill,2024-01-09,2024-01-15,2024-03-15,23,0,E103119
R01005,Cloud and Infrastructure,L2,Bengaluru,Backfill,2024-01-10,2024-02-08,2024-05-08,35,2,E103166
R01006,Cloud and Infrastructure,L2,Bengaluru,Backfill,2024-01-26,2024-02-17,2024-04-17,26,2,E103146
R01007,Corporate Functions,L1,Bengaluru,Backfill,2024-01-09,2024-02-03,2024-04-03,14,0,E103147
R01008,Delivery,L1,Hyderabad,Backfill,2024-01-27,2024-03-15,2024-06-13,16,0,E103187
R01009,Cloud and Infrastructure,L2,Hyderabad,Growth,2024-01-01,2024-01-23,2024-04-22,20,0,E103148
R01010,Sales and Presales,L2,Hyderabad,Growth,2024-01-01,2024-02-03,2024-03-04,29,1,E103120
R01011,Delivery,L5,Hyderabad,Growth,2024-01-01,2024-03-09,2024-05-08,11,0,E103167
R01012,Quality Engineering,L3,Bengaluru,Growth,2024-01-01,2024-04-02,2024-07-01,39,0,E103215
R01013,Delivery,L4,Bengaluru,Growth,2024-01-01,2024-04-23,2024-06-22,10,0,E103188
R01014,Delivery,L2,Hyderabad,Growth,2024-01-01,2024-01-29,2024-02-28,6,0,E103090
R01015,Cloud and Infrastructure,L1,Bengaluru,Campus,2024-01-01,2024-02-23,2024-08-09,40,1,E103236
R01016,Delivery,L1,Hyderabad,Campus,2024-01-01,2024-03-04,2024-08-10,80,1,E103237
R01017,Cloud and Infrastructure,L1,Hyderabad,Campus,2024-01-01,2024-02-21,2024-08-01,105,0,E103238
R01018,Quality Engineering,L1,Bengaluru,Campus,2024-01-01,2024-02-27,2024-08-12,52,0,E103239
R01019,Sales and Presales,L1,Bengaluru,Campus,2024-01-01,2024-02-23,2024-08-17,39,1,E103240
R01020,Quality Engineering,L1,Hyderabad,Campus,2024-01-01,2024-03-20,2024-08-02,106,0,E103241
R01021,Cloud and Infrastructure,L1,Hyderabad,Campus,2024-01-01,2024-04-02,2024-08-15,52,0,E103242
R01022,Cloud and Infrastructure,L1,Hyderabad,Campus,2024-01-01,2024-03-04,2024-08-20,82,0,E103243
R01023,Delivery,L1,Hyderabad,Campus,2024-01-01,2024-03-12,2024-08-18,60,0,E103244
R01024,Delivery,L1,Bengaluru,Campus,2024-01-01,2024-02-02,2024-08-07,96,0,E103245
R01025,Delivery,L1,Hyderabad,Campus,2024-01-01,2024-03-02,2024-08-19,46,0,E103246
R01026,Consulting,L1,Hyderabad,Campus,2024-01-01,2024-03-01,2024-08-08,107,0,E103247
R01027,Delivery,L1,Bengaluru,Campus,2024-01-01,2024-02-15,2024-08-02,90,1,E103248
R01028,Delivery,L1,Hyderabad,Campus,2024-01-01,2024-03-13,2024-08-20,96,0,E103249
R01029,Delivery,L1,Bengaluru,Campus,2024-01-01,2024-02-29,2024-08-09,62,0,E103250
R01030,Delivery,L1,Bengaluru,Campus,2024-01-01,2024-02-27,2024-08-20,44,0,E103251
R01031,Delivery,L1,Hyderabad,Campus,2024-01-01,2024-02-13,2024-08-15,84,1,E103252
R01032,Delivery,L1,Hyderabad,Campus,2024-01-01,2024-02-13,2024-08-10,74,0,E103253
R01033,Delivery,L1,Bengaluru,Campus,2024-01-01,2024-03-09,2024-08-10,77,0,E103254
R01034,Sales and Presales,L1,Hyderabad,Campus,2024-01-01,2024-03-10,2024-08-09,29,0,E103255
R01035,Consulting,L1,Hyderabad,Campus,2024-01-01,2024-02-14,2024-08-01,77,0,E103256
R01036,Data and Analytics,L1,Hyderabad,Campus,2024-01-01,2024-02-20,2024-08-03,58,0,E103257
R01037,Delivery,L1,Hyderabad,Campus,2024-01-01,2024-03-12,2024-08-11,87,1,E103258
R01038,Delivery,L1,Hyderabad,Campus,2024-01-01,2024-02-22,2024-08-07,118,0,E103259
R01039,Delivery,L1,Bengaluru,Campus,2024-01-01,2024-02-15,2024-08-08,30,0,E103260
R01040,Sales and Presales,L1,Hyderabad,Campus,2024-01-01,2024-02-21,2024-08-16,64,1,E103261
R01041,Delivery,L1,Hyderabad,Campus,2024-01-01,2024-03-05,2024-08-12,77,0,E103262
R01042,Delivery,L1,Hyderabad,Campus,2024-01-01,2024-02-16,2024-08-05,56,1,E103263
R01043,Quality Engineering,L1,Hyderabad,Campus,2024-01-01,2024-03-09,2024-08-03,75,0,E103264
R01044,Quality Engineering,L1,Bengaluru,Campus,2024-01-01,2024-03-01,2024-08-13,110,0,E103265
R01045,Delivery,L1,Bengaluru,Campus,2024-01-01,2024-02-27,2024-08-10,97,0,E103266
R01046,Data and Analytics,L1,Hyderabad,Campus,2024-01-01,2024-02-20,2024-08-10,29,0,E103267
R01047,Delivery,L1,Hyderabad,Campus,2024-01-01,2024-03-04,2024-08-17,54,1,E103268
R01048,Delivery,L1,Hyderabad,Campus,2024-01-01,2024-02-15,2024-08-01,25,1,E103269
R01049,Cloud and Infrastructure,L1,Hyderabad,Campus,2024-01-01,2024-02-12,2024-08-06,27,1,E103270
R01050,Delivery,L1,Hyderabad,Campus,2024-01-01,2024-03-01,2024-08-10,61,0,E103271
R01051,Delivery,L1,Hyderabad,Campus,2024-01-01,2024-03-13,2024-08-10,56,1,E103272
R01052,Delivery,L1,Hyderabad,Campus,2024-01-01,2024-02-17,2024-08-20,116,0,E103273
R01053,Delivery,L1,Hyderabad,Campus,2024-01-01,2024-02-13,2024-08-13,50,0,E103274
R01054,Data and Analytics,L1,Bengaluru,Campus,2024-01-01,2024-02-29,2024-08-20,59,0,E103275
R01055,Delivery,L1,Hyderabad,Campus,2024-01-01,2024-02-12,2024-08-08,119,0,E103276
R01056,Delivery,L1,Hyderabad,Campus,2024-01-01,2024-02-06,2024-08-16,110,0,E103277
R01057,Cloud and Infrastructure,L1,Hyderabad,Campus,2024-01-01,2024-02-11,2024-08-19,119,0,E103278
R01058,Quality Engineering,L1,Hyderabad,Campus,2024-01-01,2024-02-27,2024-08-06,107,0,E103279
R01059,Delivery,L1,Bengaluru,Campus,2024-01-01,2024-02-22,2024-08-16,60,1,E103280
R01060,Delivery,L1,Hyderabad,Campus,2024-01-01,2024-02-19,2024-08-10,49,0,E103281
R01061,Delivery,L1,Hyderabad,Campus,2024-01-01,2024-02-16,2024-08-08,77,0,E103282
R01062,Delivery,L1,Bengaluru,Campus,2024-01-01,2024-02-28,2024-08-04,43,0,E103283
R01063,Delivery,L1,Bengaluru,Campus,2024-01-01,2024-03-10,2024-08-08,27,0,E103284
R01064,Sales and Presales,L1,Hyderabad,Campus,2024-01-01,2024-02-17,2024-08-17,41,1,E103285
R01065,Delivery,L1,Bengaluru,Campus,2024-01-01,2024-03-03,2024-08-01,60,0,E103286
R01066,Cloud and Infrastructure,L1,Hyderabad,Campus,2024-01-01,2024-03-08,2024-08-04,85,0,E103287
R01067,Consulting,L1,Bengaluru,Campus,2024-01-01,2024-02-21,2024-08-07,63,0,E103288
R01068,Data and Analytics,L1,Hyderabad,Campus,2024-01-01,2024-03-04,2024-08-07,87,1,E103289
R01069,Delivery,L1,Hyderabad,Campus,2024-01-01,2024-02-28,2024-08-07,87,0,E103290
R01070,Cloud and Infrastructure,L1,Hyderabad,Campus,2024-01-01,2024-03-11,2024-08-17,116,0,E103291
R01071,Delivery,L1,Hyderabad,Campus,2024-01-01,2024-03-04,2024-08-02,77,0,E103292
R01072,Quality Engineering,L1,Hyderabad,Campus,2024-01-01,2024-02-25,2024-08-13,116,2,E103293
R01073,Quality Engineering,L1,Hyderabad,Campus,2024-01-01,2024-03-05,2024-08-08,80,0,E103294
R01074,Quality Engineering,L1,Bengaluru,Campus,2024-01-01,2024-02-19,2024-08-01,66,0,E103295
R01075,Quality Engineering,L1,Hyderabad,Campus,2024-01-01,2024-03-02,2024-08-03,78,2,E103296
R01076,Cloud and Infrastructure,L1,Hyderabad,Campus,2024-01-01,2024-02-07,2024-08-03,89,0,E103297
R01077,Cloud and Infrastructure,L1,Bengaluru,Campus,2024-01-01,2024-03-04,2024-08-03,87,0,E103298
R01078,Sales and Presales,L1,Bengaluru,Campus,2024-01-01,2024-02-25,2024-08-06,96,1,E103299
R01079,Consulting,L1,Bengaluru,Campus,2024-01-01,2024-02-07,2024-08-02,24,1,E103300
R01080,Data and Analytics,L1,Hyderabad,Campus,2024-01-01,2024-02-24,2024-08-07,38,0,E103301
R01081,Delivery,L1,Hyderabad,Campus,2024-01-01,2024-02-23,2024-08-07,91,0,E103302
R01082,Quality Engineering,L1,Bengaluru,Campus,2024-01-01,2024-02-14,2024-08-04,58,2,E103303
R01083,Sales and Presales,L1,Bengaluru,Campus,2024-01-01,2024-02-19,2024-08-06,96,0,E103304
R01084,Cloud and Infrastructure,L1,Bengaluru,Campus,2024-01-01,2024-02-26,2024-08-02,119,0,E103305
R01085,Delivery,L1,Hyderabad,Campus,2024-01-01,2024-03-06,2024-08-15,63,0,E103306
R01086,Quality Engineering,L1,Hyderabad,Campus,2024-01-01,2024-02-29,2024-08-09,65,0,E103307
R01087,Quality Engineering,L1,Hyderabad,Campus,2024-01-01,2024-03-06,2024-08-15,48,0,E103308
R01088,Cloud and Infrastructure,L1,Hyderabad,Campus,2024-01-01,2024-02-04,2024-08-16,56,1,E103309
R01089,Delivery,L1,Hyderabad,Campus,2024-01-01,2024-02-21,2024-08-13,55,0,E103310
R01090,Cloud and Infrastructure,L1,Hyderabad,Campus,2024-01-01,2024-02-24,2024-08-07,39,0,E103311
R01091,Consulting,L1,Hyderabad,Campus,2024-01-01,2024-02-27,2024-08-17,112,0,E103312
R01092,Cloud and Infrastructure,L1,Hyderabad,Campus,2024-01-01,2024-02-22,2024-08-02,42,0,E103313
R01093,Sales and Presales,L1,Hyderabad,Campus,2024-01-01,2024-02-06,2024-08-05,29,0,E103314
R01094,Sales and Presales,L1,Bengaluru,Campus,2024-01-01,2024-02-18,2024-08-17,112,0,E103315
R01095,Quality Engineering,L1,Hyderabad,Campus,2024-01-01,2024-02-27,2024-08-05,78,1,E103316
R01096,Cloud and Infrastructure,L1,Hyderabad,Campus,2024-01-01,2024-02-15,2024-08-04,28,0,E103317
R01097,Delivery,L1,Bengaluru,Campus,2024-01-01,2024-02-10,2024-08-18,77,1,E103318
R01098,Data and Analytics,L1,Bengaluru,Campus,2024-01-01,2024-03-02,2024-08-03,88,0,E103319
R01099,Consulting,L1,Hyderabad,Campus,2024-01-01,2024-02-21,2024-08-06,79,1,E103320
R01100,Quality Engineering,L1,Hyderabad,Campus,2024-01-01,2024-02-25,2024-08-15,78,0,E103321
R01101,Delivery,L1,Hyderabad,Campus,2024-01-01,2024-02-03,2024-08-19,22,0,E103322
R01102,Delivery,L1,Bengaluru,Campus,2024-01-01,2024-02-13,2024-08-14,70,1,E103323
R01103,Delivery,L1,Bengaluru,Campus,2024-01-01,2024-02-24,2024-08-11,82,1,E103324
R01104,Cloud and Infrastructure,L1,Hyderabad,Campus,2024-01-01,2024-03-02,2024-08-10,53,0,E103325
R01105,Delivery,L1,Bengaluru,Campus,2024-01-01,2024-02-28,2024-08-02,20,0,E103326
R01106,Data and Analytics,L1,Bengaluru,Campus,2024-01-01,2024-02-11,2024-08-01,88,0,E103327
R01107,Delivery,L1,Bengaluru,Campus,2024-01-01,2024-02-20,2024-08-08,36,0,E103328
R01108,Cloud and Infrastructure,L1,Hyderabad,Campus,2024-01-01,2024-02-29,2024-08-01,114,0,E103329
R01109,Sales and Presales,L1,Hyderabad,Campus,2024-01-01,2024-03-14,2024-08-15,63,0,E103330
R01110,Delivery,L1,Bengaluru,Campus,2024-01-01,2024-02-13,2024-08-12,36,3,E103331
R01111,Delivery,L1,Hyderabad,Campus,2024-01-01,2024-02-29,2024-08-13,111,0,E103332
R01112,Delivery,L1,Hyderabad,Campus,2024-01-01,2024-03-10,2024-08-06,46,0,E103333
R01113,Delivery,L1,Bengaluru,Campus,2024-01-01,2024-02-12,2024-08-15,25,1,E103334
R01114,Quality Engineering,L1,Bengaluru,Campus,2024-01-01,2024-02-15,2024-08-18,60,0,E103335
R01115,Delivery,L1,Hyderabad,Campus,2024-01-01,2024-02-23,2024-08-13,72,0,E103336
R01116,Delivery,L1,Bengaluru,Campus,2024-01-01,2024-01-27,2024-08-20,37,0,E103337
R01117,Consulting,L1,Bengaluru,Campus,2024-01-01,2024-02-18,2024-08-10,59,0,E103338
R01118,Data and Analytics,L1,Bengaluru,Campus,2024-01-01,2024-03-20,2024-08-17,61,0,E103339
R01119,Quality Engineering,L1,Bengaluru,Campus,2024-01-01,2024-02-23,2024-08-04,68,0,E103340
R01120,Delivery,L1,Hyderabad,Campus,2024-01-01,2024-02-24,2024-08-13,117,0,E103341
R01121,Data and Analytics,L1,Hyderabad,Campus,2024-01-01,2024-03-01,2024-08-01,67,0,E103342
R01122,Delivery,L1,Bengaluru,Campus,2024-01-01,2024-02-24,2024-08-07,59,0,E103343
R01123,Quality Engineering,L1,Hyderabad,Campus,2024-01-01,2024-02-26,2024-08-16,61,0,E103344
R01124,Delivery,L1,Hyderabad,Campus,2024-01-01,2024-03-02,2024-08-10,102,1,E103345
R01125,Delivery,L1,Bengaluru,Campus,2024-01-01,2024-03-01,2024-08-20,97,1,E103346
R01126,Quality Engineering,L1,Bengaluru,Campus,2024-01-01,2024-03-05,2024-08-13,32,0,E103347
R01127,Quality Engineering,L1,Bengaluru,Campus,2024-01-01,2024-03-03,2024-08-14,59,0,E103348
R01128,Delivery,L1,Hyderabad,Campus,2024-01-01,2024-02-04,2024-08-03,113,1,E103349
R01129,Delivery,L1,Bengaluru,Campus,2024-01-01,2024-02-28,2024-08-19,67,0,E103350
R01130,Delivery,L1,Hyderabad,Campus,2024-01-01,2024-03-01,2024-08-12,97,0,E103351
R01131,Quality Engineering,L1,Hyderabad,Campus,2024-01-01,2024-03-03,2024-08-13,64,0,E103352
R01132,Delivery,L1,Hyderabad,Campus,2024-01-01,2024-02-23,2024-08-07,70,0,E103353
R01133,Sales and Presales,L1,Hyderabad,Campus,2024-01-01,2024-02-07,2024-08-13,91,1,E103354
R01134,Quality Engineering,L1,Bengaluru,Campus,2024-01-01,2024-02-04,2024-08-05,107,0,E103355
R01135,Sales and Presales,L1,Bengaluru,Campus,2024-01-01,2024-02-18,2024-08-06,58,1,E103356
R01136,Delivery,L1,Bengaluru,Campus,2024-01-01,2024-02-26,2024-08-02,100,0,E103357
R01137,Delivery,L1,Hyderabad,Campus,2024-01-01,2024-02-23,2024-08-07,115,1,E103358
R01138,Delivery,L1,Bengaluru,Campus,2024-01-01,2024-01-29,2024-08-19,62,0,E103359
R01139,Data and Analytics,L1,Hyderabad,Campus,2024-01-01,2024-02-23,2024-08-15,27,1,E103360
R01140,Cloud and Infrastructure,L1,Bengaluru,Campus,2024-01-01,2024-02-27,2024-08-01,60,0,E103361
R01141,Delivery,L1,Hyderabad,Campus,2024-01-01,2024-02-22,2024-08-03,27,0,E103362
R01142,Quality Engineering,L1,Bengaluru,Campus,2024-01-01,2024-02-14,2024-08-06,40,0,E103363
R01143,Delivery,L1,Hyderabad,Campus,2024-01-01,2024-02-15,2024-08-12,40,0,E103364
R01144,Delivery,L1,Hyderabad,Campus,2024-01-01,2024-02-23,2024-08-20,73,2,E103365
R01145,Delivery,L1,Hyderabad,Campus,2024-01-01,2024-02-12,2024-08-12,93,0,E103366
R01146,Delivery,L1,Bengaluru,Campus,2024-01-01,2024-02-25,2024-08-05,30,0,E103367
R01147,Quality Engineering,L1,Bengaluru,Campus,2024-01-01,2024-03-14,2024-08-04,36,0,E103368
R01148,Delivery,L1,Bengaluru,Campus,2024-01-01,2024-02-04,2024-08-05,91,1,E103369
R01149,Quality Engineering,L1,Bengaluru,Campus,2024-01-01,2024-02-19,2024-08-16,66,1,E103370
R01150,Delivery,L1,Hyderabad,Campus,2024-01-01,2024-02-26,2024-08-16,28,0,E103371
R01151,Quality Engineering,L1,Hyderabad,Campus,2024-01-01,2024-02-25,2024-08-01,105,0,E103372
R01152,Delivery,L1,Hyderabad,Campus,2024-01-01,2024-02-12,2024-08-07,74,0,E103373
R01153,Cloud and Infrastructure,L1,Hyderabad,Campus,2024-01-01,2024-03-02,2024-08-06,32,1,E103374
R01154,Delivery,L1,Hyderabad,Campus,2024-01-01,2024-02-11,2024-08-03,52,0,E103375
R01155,Quality Engineering,L1,Bengaluru,Campus,2024-01-01,2024-03-14,2024-08-19,76,0,E103376
R01156,Delivery,L1,Hyderabad,Campus,2024-01-01,2024-03-06,2024-08-06,27,1,E103377
R01157,Delivery,L1,Hyderabad,Campus,2024-01-01,2024-01-24,2024-08-13,27,0,E103378
R01158,Consulting,L1,Hyderabad,Campus,2024-01-01,2024-02-04,2024-08-04,87,0,E103379
R01159,Delivery,L1,Bengaluru,Campus,2024-01-01,2024-02-22,2024-08-19,71,0,E103380
R01160,Delivery,L1,Hyderabad,Campus,2024-01-01,2024-02-22,2024-08-11,23,1,E103381
R01161,Sales and Presales,L1,Hyderabad,Campus,2024-01-01,2024-02-24,2024-08-05,81,1,E103382
R01162,Delivery,L1,Hyderabad,Campus,2024-01-01,2024-02-15,2024-08-15,56,0,E103383
R01163,Delivery,L1,Hyderabad,Campus,2024-01-01,2024-02-18,2024-08-11,45,1,E103384
R01164,Delivery,L1,Hyderabad,Campus,2024-01-01,2024-02-26,2024-08-07,114,0,E103385
R01165,Cloud and Infrastructure,L1,Bengaluru,Campus,2024-01-01,2024-02-10,2024-08-14,35,0,E103386
R01166,Delivery,L1,Hyderabad,Campus,2024-01-01,2024-03-04,2024-08-15,107,0,E103387
R01167,Data and Analytics,L1,Bengaluru,Campus,2024-01-01,2024-02-21,2024-08-13,116,0,E103388
R01168,Data and Analytics,L1,Bengaluru,Campus,2024-01-01,2024-02-22,2024-08-07,97,1,E103389
R01169,Quality Engineering,L1,Hyderabad,Campus,2024-01-01,2024-02-24,2024-08-04,109,0,E103390
R01170,Delivery,L1,Hyderabad,Campus,2024-01-01,2024-02-23,2024-08-13,59,1,E103391
R01171,Delivery,L1,Bengaluru,Campus,2024-01-01,2024-02-26,2024-08-11,55,0,E103392
R01172,Sales and Presales,L1,Bengaluru,Campus,2024-01-01,2024-02-23,2024-08-14,36,0,E103393
R01173,Delivery,L1,Hyderabad,Campus,2024-01-01,2024-03-07,2024-08-17,77,0,E103394
R01174,Quality Engineering,L1,Hyderabad,Campus,2024-01-01,2024-03-04,2024-08-14,28,1,E103395
R01175,Delivery,L1,Bengaluru,Campus,2024-01-01,2024-02-11,2024-08-05,29,0,E103396
R01176,Delivery,L1,Hyderabad,Campus,2024-01-01,2024-02-22,2024-08-01,52,0,E103397
R01177,Consulting,L1,Hyderabad,Campus,2024-01-01,2024-02-24,2024-08-15,43,0,E103398
R01178,Delivery,L1,Bengaluru,Campus,2024-01-01,2024-03-05,2024-08-05,57,0,E103399
R01179,Quality Engineering,L1,Hyderabad,Campus,2024-01-01,2024-02-25,2024-08-11,100,0,E103400
R01180,Consulting,L1,Hyderabad,Campus,2024-01-01,2024-03-05,2024-08-06,92,1,E103401
R01181,Quality Engineering,L1,Hyderabad,Campus,2024-01-01,2024-02-22,2024-08-10,41,0,E103402
R01182,Delivery,L1,Bengaluru,Campus,2024-01-01,2024-01-24,2024-08-03,102,0,E103403
R01183,Consulting,L1,Hyderabad,Campus,2024-01-01,2024-03-06,2024-08-01,36,0,E103404
R01184,Delivery,L1,Bengaluru,Campus,2024-01-01,2024-03-01,2024-08-11,23,0,E103405
R01185,Data and Analytics,L1,Bengaluru,Campus,2024-01-01,2024-02-18,2024-08-10,106,0,E103406
R01186,Data and Analytics,L1,Hyderabad,Campus,2024-01-01,2024-02-28,2024-08-09,110,0,E103407
R01187,Delivery,L1,Hyderabad,Campus,2024-01-01,2024-02-18,2024-08-01,61,0,E103408
R01188,Delivery,L1,Hyderabad,Campus,2024-01-01,2024-02-28,2024-08-13,108,0,E103409
R01189,Quality Engineering,L1,Bengaluru,Campus,2024-01-01,2024-02-14,2024-08-04,105,0,E103410
R01190,Quality Engineering,L1,Hyderabad,Campus,2024-01-01,2024-02-27,2024-08-13,66,1,E103411
R01191,Data and Analytics,L1,Hyderabad,Campus,2024-01-01,2024-03-01,2024-08-01,59,1,E103412
R01192,Delivery,L1,Hyderabad,Campus,2024-01-01,2024-03-03,2024-08-07,75,1,E103413
R01193,Delivery,L1,Hyderabad,Campus,2024-01-01,2024-02-22,2024-08-12,103,2,E103414
R01194,Delivery,L1,Hyderabad,Campus,2024-01-01,2024-02-16,2024-08-16,85,0,E103415
R01195,Data and Analytics,L1,Hyderabad,Campus,2024-01-01,2024-02-16,2024-08-16,35,2,E103416
R01196,Cloud and Infrastructure,L1,Bengaluru,Campus,2024-01-01,2024-02-13,2024-08-02,89,1,E103417
R01197,Delivery,L1,Bengaluru,Campus,2024-01-01,2024-02-22,2024-08-02,77,3,E103418
R01198,Quality Engineering,L1,Bengaluru,Campus,2024-01-01,2024-03-12,2024-08-04,118,2,E103419
R01199,Quality Engineering,L1,Hyderabad,Campus,2024-01-01,2024-02-19,2024-08-01,88,0,E103420
R01200,Quality Engineering,L1,Hyderabad,Campus,2024-01-01,2024-02-29,2024-08-15,42,1,E103421
R01201,Delivery,L1,Bengaluru,Campus,2024-01-01,2024-02-22,2024-08-08,98,0,E103422
R01202,Consulting,L1,Hyderabad,Campus,2024-01-01,2024-03-02,2024-08-10,88,0,E103423
R01203,Delivery,L1,Hyderabad,Campus,2024-01-01,2024-02-13,2024-08-08,87,0,E103424
R01204,Data and Analytics,L1,Hyderabad,Campus,2024-01-01,2024-03-10,2024-08-10,106,0,E103425
R01205,Delivery,L1,Hyderabad,Campus,2024-01-01,2024-02-08,2024-08-13,58,0,E103426
R01206,Delivery,L1,Bengaluru,Campus,2024-01-01,2024-02-27,2024-08-03,80,0,E103427
R01207,Data and Analytics,L1,Hyderabad,Campus,2024-01-01,2024-02-25,2024-08-13,94,1,E103428
R01208,Delivery,L1,Bengaluru,Campus,2024-01-01,2024-02-20,2024-08-05,23,0,E103429
R01209,Delivery,L1,Bengaluru,Campus,2024-01-01,2024-02-25,2024-08-08,116,0,E103430
R01210,Delivery,L1,Hyderabad,Campus,2024-01-01,2024-02-17,2024-08-04,69,1,E103431
R01211,Delivery,L1,Bengaluru,Campus,2024-01-01,2024-02-21,2024-08-08,65,0,E103432
R01212,Delivery,L1,Bengaluru,Campus,2024-01-01,2024-02-24,2024-08-01,105,0,E103433
R01213,Delivery,L1,Hyderabad,Backfill,2024-02-11,2024-03-22,2024-05-21,10,2,E103168
R01214,Delivery,L3,Hyderabad,Backfill,2024-02-10,2024-05-30,2024-08-28,8,0,E103434
R01215,Delivery,L1,Hyderabad,Backfill,2024-02-09,2024-03-09,2024-05-08,26,0,E103169
R01216,Delivery,L3,Hyderabad,Backfill,2024-02-05,2024-05-04,2024-06-03,20,0,E103189
R01217,Data and Analytics,L1,Hyderabad,Backfill,2024-02-01,2024-04-02,2024-06-01,23,0,E103190
R01218,Quality Engineering,L3,Hyderabad,Backfill,2024-02-06,2024-02-28,2024-04-28,29,1,E103149
R01219,Delivery,L2,Bengaluru,Backfill,2024-02-08,2024-03-11,2024-05-10,27,1,E103170
R01220,Corporate Functions,L1,Hyderabad,Backfill,2024-02-24,2024-03-05,2024-05-04,24,1,E103171
R01221,Delivery,L2,Bengaluru,Backfill,2024-02-14,2024-02-28,2024-05-28,10,0,E103172
R01222,Delivery,L2,Bengaluru,Backfill,2024-02-20,2024-03-23,2024-06-21,15,1,E103191
R01223,Quality Engineering,L3,Bengaluru,Backfill,2024-02-02,2024-02-17,2024-04-17,28,2,E103150
R01224,Delivery,L2,Bengaluru,Backfill,2024-02-03,2024-04-08,2024-06-07,39,0,E103192
R01225,Corporate Functions,L4,Bengaluru,Backfill,2024-02-03,2024-03-26,2024-06-24,29,0,E103193
R01226,Consulting,L2,Bengaluru,Backfill,2024-02-03,2024-03-24,2024-05-23,29,2,E103173
R01227,Quality Engineering,L2,Hyderabad,Backfill,2024-02-23,2024-03-30,2024-05-29,30,1,E103174
R01228,Delivery,L2,Hyderabad,Backfill,2024-02-14,2024-03-11,2024-06-09,10,2,E103194
R01229,Sales and Presales,L4,Hyderabad,Backfill,2024-02-12,2024-04-09,2024-06-08,19,0,E103195
R01230,Delivery,L2,Hyderabad,Backfill,2024-02-08,2024-02-19,2024-04-19,29,1,E103151
R01231,Data and Analytics,L1,Bengaluru,Backfill,2024-02-20,2024-03-16,2024-05-15,34,0,E103175
R01232,Consulting,L3,Hyderabad,Backfill,2024-02-20,2024-05-28,2024-08-26,35,1,E103435
R01233,Quality Engineering,L1,Hyderabad,Backfill,2024-02-27,2024-04-09,2024-05-09,13,0,E103176
R01234,Quality Engineering,L3,Hyderabad,Backfill,2024-02-23,2024-03-23,2024-05-22,11,2,E103177
R01235,Data and Analytics,L3,Hyderabad,Backfill,2024-02-13,2024-04-17,2024-07-16,30,1,E103216
R01236,Delivery,L3,Hyderabad,Backfill,2024-02-17,2024-03-03,2024-06-01,27,0,E103196
R01237,Delivery,L1,Bengaluru,Backfill,2024-02-02,2024-03-16,2024-05-15,26,0,E103178
R01238,Quality Engineering,L1,Bengaluru,Backfill,2024-02-10,2024-02-18,2024-03-19,32,0,E103121
R01239,Corporate Functions,L1,Hyderabad,Backfill,2024-02-05,2024-03-14,2024-04-13,24,0,E103152
R01240,Delivery,L4,Bengaluru,Growth,2024-02-01,2024-04-09,2024-05-09,14,2,E103179
R01241,Cloud and Infrastructure,L4,Bengaluru,Growth,2024-02-01,2024-03-07,2024-04-06,13,0,E103153
R01242,Corporate Functions,L2,Hyderabad,Growth,2024-02-01,2024-03-07,2024-05-06,9,1,E103180
R01243,Delivery,L2,Hyderabad,Backfill,2024-03-10,2024-04-22,2024-06-21,20,0,E103197
R01244,Quality Engineering,L4,Hyderabad,Backfill,2024-03-01,2024-03-31,2024-04-30,12,4,E103154
R01245,Delivery,L4,Hyderabad,Backfill,2024-03-25,2024-04-11,2024-06-10,27,0,E103198
R01246,Delivery,L1,Hyderabad,Backfill,2024-03-13,2024-04-03,2024-06-02,38,1,E103199
R01247,Delivery,L1,Bengaluru,Backfill,2024-03-15,2024-04-01,2024-06-30,14,0,E103200
R01248,Data and Analytics,L3,Hyderabad,Backfill,2024-03-08,2024-08-09,2024-11-07,36,0,E103519
R01249,Delivery,L2,Hyderabad,Backfill,2024-03-18,2024-04-26,2024-05-26,15,1,E103181
R01250,Corporate Functions,L4,Hyderabad,Backfill,2024-03-22,2024-05-06,2024-07-05,38,3,E103217
R01251,Delivery,L3,Bengaluru,Backfill,2024-03-06,2024-04-03,2024-05-03,21,1,E103182
R01252,Delivery,L2,Bengaluru,Backfill,2024-03-19,2024-04-23,2024-06-22,9,0,E103201
R01253,Cloud and Infrastructure,L1,Hyderabad,Backfill,2024-03-18,2024-04-14,2024-06-13,27,0,E103202
R01254,Cloud and Infrastructure,L2,Hyderabad,Backfill,2024-03-12,2024-04-15,2024-07-14,38,1,E103218
R01255,Delivery,L3,Bengaluru,Backfill,2024-03-19,2024-04-11,2024-06-10,33,2,E103203
R01256,Quality Engineering,L2,Hyderabad,Backfill,2024-03-13,2024-04-24,2024-06-23,20,1,E103204
R01257,Data and Analytics,L1,Bengaluru,Backfill,2024-03-09,2024-05-02,2024-06-01,34,0,E103205
R01258,Delivery,L2,Hyderabad,Backfill,2024-03-05,2024-03-23,2024-04-22,25,1,E103155
R01259,Delivery,L2,Hyderabad,Backfill,2024-03-09,2024-03-23,2024-04-22,27,0,E103156
R01260,Delivery,L1,Hyderabad,Backfill,2024-03-07,2024-04-06,2024-05-06,25,0,E103183
R01261,Data and Analytics,L2,Hyderabad,Backfill,2024-03-12,2024-03-29,2024-06-27,12,0,E103206
R01262,Quality Engineering,L3,Bengaluru,Backfill,2024-03-17,2024-05-02,2024-06-01,16,0,E103207
R01263,Delivery,L3,Hyderabad,Growth,2024-03-01,2024-04-01,2024-06-30,36,2,E103208
R01264,Cloud and Infrastructure,L4,Bengaluru,Growth,2024-03-01,2024-07-06,2024-09-04,35,0,E103466
R01265,Quality Engineering,L2,Bengaluru,Growth,2024-03-01,2024-04-27,2024-07-26,13,1,E103219
R01266,Cloud and Infrastructure,L2,Bengaluru,Growth,2024-03-01,2024-04-06,2024-07-05,10,0,E103220
R01267,Data and Analytics,L4,Hyderabad,Growth,2024-03-01,2024-04-15,2024-06-14,10,2,E103209
R01268,Delivery,L5,Bengaluru,Backfill,2024-04-12,2024-07-04,2024-10-02,22,0,E103494
R01269,Quality Engineering,L3,Hyderabad,Backfill,2024-04-02,2024-04-11,2024-06-10,12,2,E103210
R01270,Quality Engineering,L3,Hyderabad,Backfill,2024-04-05,2024-05-22,2024-08-20,35,1,E103436
R01271,Cloud and Infrastructure,L1,Hyderabad,Backfill,2024-04-14,2024-05-15,2024-07-14,15,0,E103221
R01272,Quality Engineering,L1,Bengaluru,Backfill,2024-04-17,2024-05-31,2024-07-30,21,0,E103222
R01273,Delivery,L2,Bengaluru,Backfill,2024-04-22,2024-06-01,2024-08-30,11,2,E103437
R01274,Delivery,L4,Hyderabad,Backfill,2024-04-19,2024-05-20,2024-08-18,21,0,E103438
R01275,Corporate Functions,L3,Bengaluru,Backfill,2024-04-17,2024-05-12,2024-08-10,10,0,E103439
R01276,Data and Analytics,L3,Bengaluru,Backfill,2024-04-04,2024-05-18,2024-07-17,21,1,E103223
R01277,Cloud and Infrastructure,L3,Hyderabad,Backfill,2024-04-08,2024-06-01,2024-07-31,10,1,E103224
R01278,Delivery,L3,Bengaluru,Backfill,2024-04-03,2024-04-28,2024-06-27,23,4,E103211
R01279,Data and Analytics,L2,Bengaluru,Backfill,2024-04-14,2024-05-31,2024-07-30,14,0,E103225
R01280,Sales and Presales,L1,Hyderabad,Backfill,2024-04-21,2024-05-28,2024-08-26,30,2,E103440
R01281,Data and Analytics,L1,Bengaluru,Backfill,2024-04-13,2024-05-19,2024-07-18,8,1,E103226
R01282,Corporate Functions,L3,Hyderabad,Backfill,2024-04-26,2024-05-23,2024-06-22,21,2,E103212
R01283,Delivery,L1,Hyderabad,Backfill,2024-04-04,2024-05-04,2024-08-02,32,0,E103441
R01284,Data and Analytics,L2,Hyderabad,Backfill,2024-04-16,2024-05-15,2024-07-14,23,0,E103227
R01285,Delivery,L3,Hyderabad,Backfill,2024-04-25,2024-06-14,2024-08-13,24,1,E103442
R01286,Cloud and Infrastructure,L2,Bengaluru,Backfill,2024-04-14,2024-05-24,2024-08-22,27,0,E103443
R01287,Delivery,L2,Hyderabad,Backfill,2024-04-09,2024-05-26,2024-08-24,13,1,E103444
R01288,Delivery,L1,Hyderabad,Backfill,2024-04-07,2024-04-30,2024-07-29,11,0,E103228
R01289,Sales and Presales,L1,Hyderabad,Backfill,2024-04-16,2024-05-15,2024-08-13,21,1,E103445
R01290,Delivery,L1,Hyderabad,Backfill,2024-04-20,2024-05-23,2024-07-22,30,1,E103229
R01291,Delivery,L2,Bengaluru,Growth,2024-04-01,2024-04-24,2024-06-23,17,1,E103213
R01292,Delivery,L5,Bengaluru,Growth,2024-04-01,2024-05-16,2024-07-15,37,1,E103230
R01293,Cloud and Infrastructure,L2,Hyderabad,Growth,2024-04-01,2024-06-14,2024-08-13,11,0,E103446
R01294,Delivery,L1,Hyderabad,Backfill,2024-05-18,2024-06-07,2024-07-07,27,0,E103231
R01295,Delivery,L1,Hyderabad,Backfill,2024-05-16,2024-06-03,2024-09-01,31,0,E103467
R01296,Quality Engineering,L4,Bengaluru,Backfill,2024-05-15,2024-05-29,2024-06-28,6,0,E103214
R01297,Delivery,L3,Hyderabad,Backfill,2024-05-06,2024-07-10,2024-09-08,32,2,E103468
R01298,Cloud and Infrastructure,L1,Hyderabad,Backfill,2024-05-23,2024-05-31,2024-08-29,8,1,E103447
R01299,Cloud and Infrastructure,L2,Bengaluru,Backfill,2024-05-15,2024-06-13,2024-09-11,35,0,E103469
R01300,Sales and Presales,L3,Hyderabad,Backfill,2024-05-11,2024-06-11,2024-08-10,27,2,E103448
R01301,Cloud and Infrastructure,L1,Bengaluru,Backfill,2024-05-12,2024-06-01,2024-08-30,20,0,E103449
R01302,Delivery,L4,Bengaluru,Backfill,2024-05-18,2024-06-03,2024-07-03,7,0,E103232
R01303,Cloud and Infrastructure,L2,Bengaluru,Backfill,2024-05-23,2024-07-11,2024-09-09,20,0,E103470
R01304,Delivery,L3,Bengaluru,Backfill,2024-05-17,2024-06-19,2024-08-18,39,1,E103450
R01305,Corporate Functions,L1,Hyderabad,Backfill,2024-05-08,2024-07-10,2024-08-09,37,1,E103451
R01306,Delivery,L1,Hyderabad,Backfill,2024-05-14,2024-06-24,2024-08-23,21,1,E103452
R01307,Cloud and Infrastructure,L2,Bengaluru,Backfill,2024-05-04,2024-06-15,2024-07-15,32,0,E103233
R01308,Quality Engineering,L2,Hyderabad,Backfill,2024-05-20,2024-06-18,2024-08-17,6,0,E103453
R01309,Quality Engineering,L1,Hyderabad,Backfill,2024-05-14,2024-06-13,2024-08-12,35,1,E103454
R01310,Delivery,L2,Hyderabad,Backfill,2024-05-25,2024-06-14,2024-08-13,37,0,E103455
R01311,Delivery,L3,Bengaluru,Backfill,2024-05-19,2024-06-05,2024-08-04,6,0,E103456
R01312,Delivery,L4,Hyderabad,Backfill,2024-05-11,2024-07-13,2024-08-12,23,1,E103457
R01313,Delivery,L2,Bengaluru,Backfill,2024-05-06,2024-06-04,2024-07-04,15,2,E103234
R01314,Delivery,L6,Hyderabad,Backfill,2024-05-18,2024-07-30,2024-10-28,25,3,E103495
R01315,Delivery,L1,Hyderabad,Backfill,2024-05-21,2024-07-02,2024-09-30,37,0,E103471
R01316,Delivery,L1,Bengaluru,Backfill,2024-05-11,2024-06-03,2024-08-02,35,2,E103458
R01317,Cloud and Infrastructure,L1,Bengaluru,Backfill,2024-05-16,2024-06-02,2024-08-01,28,0,E103459
R01318,Corporate Functions,L5,Hyderabad,Growth,2024-05-01,2024-06-01,2024-08-30,29,1,E103460
R01319,Quality Engineering,L1,Bengaluru,Backfill,2024-06-09,2024-07-14,2024-09-12,26,1,E103472
R01320,Cloud and Infrastructure,L1,Hyderabad,Backfill,2024-06-13,2024-07-21,2024-09-19,30,0,E103473
R01321,Cloud and Infrastructure,L3,Bengaluru,Backfill,2024-06-16,2024-07-13,2024-09-11,23,1,E103474
R01322,Sales and Presales,L3,Hyderabad,Backfill,2024-06-24,2024-08-11,2024-09-10,31,0,E103475
R01323,Quality Engineering,L1,Bengaluru,Backfill,2024-06-10,2024-06-22,2024-08-21,25,0,E103461
R01324,Delivery,L2,Hyderabad,Backfill,2024-06-26,2024-07-23,2024-08-22,19,1,E103462
R01325,Delivery,L3,Hyderabad,Backfill,2024-06-07,2024-08-22,2024-10-21,6,3,E103496
R01326,Data and Analytics,L4,Bengaluru,Backfill,2024-06-11,2024-08-06,2024-10-05,37,0,E103497
R01327,Delivery,L1,Hyderabad,Backfill,2024-06-15,2024-07-06,2024-09-04,25,1,E103476
R01328,Corporate Functions,L4,Hyderabad,Backfill,2024-06-21,2024-08-18,2024-10-17,27,2,E103498
R01329,Delivery,L4,Hyderabad,Backfill,2024-06-24,2024-08-19,2024-11-17,30,0,E103520
R01330,Delivery,L5,Hyderabad,Backfill,2024-06-06,2024-11-10,2024-12-10,13,2,E103554
R01331,Delivery,L3,Hyderabad,Backfill,2024-06-27,2024-09-19,2024-11-18,35,0,E103521
R01332,Delivery,L1,Hyderabad,Backfill,2024-06-18,2024-07-27,2024-09-25,16,2,E103477
R01333,Sales and Presales,L1,Hyderabad,Backfill,2024-06-21,2024-07-12,2024-10-10,19,0,E103499
R01334,Cloud and Infrastructure,L2,Hyderabad,Backfill,2024-06-04,2024-07-10,2024-09-08,38,0,E103478
R01335,Cloud and Infrastructure,L4,Hyderabad,Backfill,2024-06-12,2024-07-30,2024-10-28,36,2,E103500
R01336,Delivery,L2,Hyderabad,Backfill,2024-06-05,2024-07-09,2024-09-07,27,1,E103479
R01337,Corporate Functions,L1,Bengaluru,Backfill,2024-06-21,2024-07-17,2024-09-15,12,2,E103480
R01338,Quality Engineering,L2,Bengaluru,Backfill,2024-06-25,2024-08-29,2024-10-28,8,1,E103501
R01339,Delivery,L2,Hyderabad,Backfill,2024-06-25,2024-07-16,2024-10-14,28,0,E103502
R01340,Sales and Presales,L1,Bengaluru,Backfill,2024-06-27,2024-08-11,2024-09-10,9,1,E103481
R01341,Data and Analytics,L1,Bengaluru,Backfill,2024-06-13,2024-07-21,2024-09-19,38,0,E103482
R01342,Delivery,L1,Hyderabad,Backfill,2024-06-25,2024-07-19,2024-09-17,13,0,E103483
R01343,Data and Analytics,L1,Hyderabad,Backfill,2024-06-20,2024-07-12,2024-09-10,27,1,E103484
R01344,Quality Engineering,L4,Hyderabad,Backfill,2024-06-08,2024-06-26,2024-07-26,37,1,E103235
R01345,Cloud and Infrastructure,L1,Bengaluru,Backfill,2024-06-14,2024-07-08,2024-08-07,6,0,E103463
R01346,Delivery,L2,Hyderabad,Backfill,2024-06-10,2024-07-19,2024-09-17,7,1,E103485
R01347,Quality Engineering,L3,Hyderabad,Growth,2024-06-01,2024-07-07,2024-08-06,14,3,E103464
R01348,Delivery,L3,Hyderabad,Growth,2024-06-01,2024-06-24,2024-08-23,11,0,E103465
R01349,Delivery,L2,Hyderabad,Growth,2024-06-01,2024-07-19,2024-09-17,8,0,E103486
R01350,Cloud and Infrastructure,L2,Hyderabad,Growth,2024-06-01,2024-07-15,2024-10-13,32,2,E103503
R01351,Corporate Functions,L2,Bengaluru,Backfill,2024-07-18,2024-09-16,2024-12-15,35,0,E103555
R01352,Delivery,L1,Hyderabad,Backfill,2024-07-04,2024-07-27,2024-10-25,17,0,E103504
R01353,Corporate Functions,L3,Bengaluru,Backfill,2024-07-24,2024-08-24,2024-11-22,32,2,E103522
R01354,Consulting,L2,Hyderabad,Backfill,2024-07-03,2024-08-03,2024-11-01,18,1,E103523
R01355,Delivery,L3,Bengaluru,Backfill,2024-07-26,2024-08-18,2024-11-16,24,1,E103524
R01356,Delivery,L3,Hyderabad,Backfill,2024-07-22,2024-08-17,2024-11-15,19,1,E103525
R01357,Cloud and Infrastructure,L1,Bengaluru,Backfill,2024-07-03,2024-07-26,2024-09-24,30,2,E103487
R01358,Cloud and Infrastructure,L4,Hyderabad,Backfill,2024-07-06,2024-08-02,2024-09-01,16,5,E103488
R01359,Quality Engineering,L3,Bengaluru,Backfill,2024-07-11,2024-08-03,2024-11-01,17,0,E103526
R01360,Corporate Functions,L1,Hyderabad,Backfill,2024-07-22,2024-08-13,2024-10-12,26,0,E103505
R01361,Corporate Functions,L2,Hyderabad,Backfill,2024-07-20,2024-08-25,2024-10-24,12,1,E103506
R01362,Cloud and Infrastructure,L2,Hyderabad,Backfill,2024-07-12,2024-07-30,2024-09-28,19,1,E103489
R01363,Delivery,L1,Hyderabad,Backfill,2024-07-20,2024-07-29,2024-09-27,28,0,E103490
R01364,Delivery,L6,Hyderabad,Backfill,2024-07-07,2024-09-22,2024-11-21,25,1,E103527
R01365,Sales and Presales,L2,Hyderabad,Backfill,2024-07-06,2024-08-13,2024-11-11,20,1,E103528
R01366,Delivery,L3,Hyderabad,Backfill,2024-07-25,2024-09-06,2024-12-05,23,4,E103556
R01367,Delivery,L1,Hyderabad,Backfill,2024-07-25,2024-09-06,2024-10-06,27,0,E103507
R01368,Data and Analytics,L3,Bengaluru,Backfill,2024-07-20,2024-09-04,2024-11-03,13,0,E103529
R01369,Cloud and Infrastructure,L5,Hyderabad,Backfill,2024-07-01,2024-08-11,2024-11-09,11,1,E103530
R01370,Cloud and Infrastructure,L2,Bengaluru,Backfill,2024-07-23,2024-09-01,2024-11-30,32,1,E103531
R01371,Delivery,L1,Bengaluru,Backfill,2024-07-18,2024-08-24,2024-10-23,21,0,E103508
R01372,Quality Engineering,L2,Bengaluru,Backfill,2024-07-04,2024-08-01,2024-10-30,6,0,E103509
R01373,Delivery,L1,Bengaluru,Backfill,2024-07-12,2024-08-19,2024-09-18,17,0,E103491
R01374,Delivery,L2,Bengaluru,Growth,2024-07-01,2024-08-17,2024-09-16,27,1,E103492
R01375,Delivery,L3,Bengaluru,Growth,2024-07-01,2024-08-22,2024-10-21,16,1,E103510
R01376,Delivery,L2,Bengaluru,Growth,2024-07-01,2024-08-13,2024-09-12,33,1,E103493
R01377,Data and Analytics,L2,Hyderabad,Backfill,2024-08-04,2024-09-16,2024-11-15,14,0,E103532
R01378,Quality Engineering,L1,Hyderabad,Backfill,2024-08-13,2024-09-23,2024-12-22,9,1,E103557
R01379,Data and Analytics,L2,Bengaluru,Backfill,2024-08-07,2024-09-24,2024-12-23,33,0,E103558
R01380,Delivery,L1,Bengaluru,Backfill,2024-08-09,2024-08-20,2024-11-18,36,2,E103533
R01381,Corporate Functions,L4,Hyderabad,Backfill,2024-08-26,2024-10-23,2025-01-21,26,3,E103598
R01382,Delivery,L2,Hyderabad,Backfill,2024-08-11,2024-08-23,2024-10-22,28,1,E103511
R01383,Delivery,L4,Bengaluru,Backfill,2024-08-23,2025-01-02,2025-03-03,21,1,E103640
R01384,Delivery,L3,Bengaluru,Backfill,2024-08-08,2024-10-11,2024-12-10,27,1,E103559
R01385,Data and Analytics,L2,Bengaluru,Backfill,2024-08-09,2024-09-08,2024-10-08,21,0,E103512
R01386,Quality Engineering,L5,Hyderabad,Backfill,2024-08-06,2024-09-27,2024-10-27,12,1,E103513
R01387,Delivery,L3,Hyderabad,Backfill,2024-08-14,2024-09-06,2024-11-05,25,0,E103534
R01388,Delivery,L2,Hyderabad,Backfill,2024-08-10,2024-10-01,2024-12-30,19,0,E103560
R01389,Delivery,L2,Hyderabad,Backfill,2024-08-16,2024-09-09,2024-10-09,16,1,E103514
R01390,Data and Analytics,L1,Hyderabad,Backfill,2024-08-10,2024-08-30,2024-10-29,13,0,E103515
R01391,Corporate Functions,L2,Bengaluru,Backfill,2024-08-27,2024-09-14,2024-11-13,8,1,E103535
R01392,Quality Engineering,L2,Hyderabad,Backfill,2024-08-09,2024-09-02,2024-11-01,23,0,E103536
R01393,Delivery,L2,Bengaluru,Backfill,2024-08-16,2024-09-17,2024-11-16,10,1,E103537
R01394,Cloud and Infrastructure,L5,Hyderabad,Backfill,2024-08-05,2024-10-15,2024-12-14,27,1,E103561
R01395,Delivery,L1,Hyderabad,Backfill,2024-08-10,2024-09-10,2024-11-09,9,0,E103538
R01396,Delivery,L2,Hyderabad,Backfill,2024-08-23,2024-09-29,2024-10-29,14,1,E103516
R01397,Data and Analytics,L3,Bengaluru,Backfill,2024-08-12,2024-11-03,2025-02-01,32,0,E103615
R01398,Quality Engineering,L3,Bengaluru,Backfill,2024-08-20,2024-10-09,2024-12-08,34,1,E103562
R01399,Consulting,L3,Bengaluru,Backfill,2024-08-11,2024-10-04,2025-01-02,10,0,E103599
R01400,Delivery,L2,Hyderabad,Backfill,2024-08-23,2024-10-12,2024-11-11,25,1,E103539
R01401,Delivery,L1,Hyderabad,Backfill,2024-08-09,2024-09-03,2024-12-02,31,1,E103563
R01402,Sales and Presales,L1,Bengaluru,Backfill,2024-08-23,2024-09-25,2024-10-25,11,0,E103517
R01403,Delivery,L1,Hyderabad,Backfill,2024-08-18,2024-09-17,2024-11-16,7,1,E103540
R01404,Cloud and Infrastructure,L1,Hyderabad,Backfill,2024-08-12,2024-09-09,2024-12-08,21,0,E103564
R01405,Delivery,L1,Hyderabad,Backfill,2024-08-02,2024-09-08,2024-12-07,12,1,E103565
R01406,Delivery,L1,Bengaluru,Backfill,2024-08-24,2024-10-07,2025-01-05,25,0,E103600
R01407,Delivery,L1,Bengaluru,Backfill,2024-08-23,2024-09-23,2024-11-22,26,0,E103541
R01408,Corporate Functions,L2,Hyderabad,Growth,2024-08-01,2024-10-01,2024-11-30,38,0,E103542
R01409,Delivery,L4,Hyderabad,Growth,2024-08-01,2024-10-09,2025-01-07,29,1,E103601
R01410,Delivery,L3,Hyderabad,Growth,2024-08-01,2024-09-22,2024-12-21,33,2,E103566
R01411,Delivery,L3,Bengaluru,Backfill,2024-09-09,2024-11-01,2024-12-31,33,2,E103567
R01412,Delivery,L1,Bengaluru,Backfill,2024-09-03,2024-10-27,2024-12-26,16,1,E103568
R01413,Delivery,L3,Bengaluru,Backfill,2024-09-11,2024-10-10,2025-01-08,23,1,E103602
R01414,Delivery,L2,Hyderabad,Backfill,2024-09-20,2024-10-04,2024-12-03,21,1,E103569
R01415,Delivery,L2,Hyderabad,Backfill,2024-09-24,2024-12-24,2025-02-22,37,1,E103616
R01416,Cloud and Infrastructure,L1,Bengaluru,Backfill,2024-09-15,2024-10-04,2025-01-02,29,0,E103603
R01417,Delivery,L1,Hyderabad,Backfill,2024-09-20,2024-10-02,2024-12-01,10,2,E103570
R01418,Quality Engineering,L5,Hyderabad,Backfill,2024-09-19,2025-02-06,2025-04-07,33,1,E103668
R01419,Delivery,L1,Bengaluru,Backfill,2024-09-21,2024-10-19,2024-12-18,33,0,E103571
R01420,Cloud and Infrastructure,L2,Hyderabad,Backfill,2024-09-25,2024-10-07,2024-12-06,38,0,E103572
R01421,Delivery,L2,Hyderabad,Backfill,2024-09-20,2024-11-03,2024-12-03,30,0,E103573
R01422,Quality Engineering,L1,Hyderabad,Backfill,2024-09-19,2024-10-06,2024-12-05,24,1,E103574
R01423,Delivery,L3,Hyderabad,Backfill,2024-09-22,2024-10-18,2024-11-17,15,0,E103543
R01424,Delivery,L1,Bengaluru,Backfill,2024-09-12,2024-10-14,2024-11-13,34,1,E103544
R01425,Sales and Presales,L1,Bengaluru,Backfill,2024-09-18,2024-10-05,2024-11-04,16,0,E103545
R01426,Corporate Functions,L2,Bengaluru,Backfill,2024-09-27,2024-11-05,2025-01-04,36,0,E103604
R01427,Delivery,L2,Hyderabad,Backfill,2024-09-14,2024-10-14,2024-12-13,12,1,E103575
R01428,Delivery,L3,Hyderabad,Backfill,2024-09-06,2024-10-03,2024-11-02,20,2,E103546
R01429,Cloud and Infrastructure,L1,Hyderabad,Backfill,2024-09-02,2024-09-23,2024-11-22,27,2,E103547
R01430,Delivery,L4,Hyderabad,Backfill,2024-09-21,2024-11-23,2025-02-21,23,0,E103617
R01431,Delivery,L3,Hyderabad,Backfill,2024-09-12,2024-11-01,2024-12-31,20,1,E103576
R01432,Delivery,L1,Hyderabad,Backfill,2024-09-24,2024-11-10,2025-02-08,10,0,E103618
R01433,Delivery,L3,Hyderabad,Backfill,2024-09-03,2024-11-20,2024-12-20,18,2,E103577
R01434,Delivery,L1,Hyderabad,Backfill,2024-09-24,2024-11-07,2024-12-07,7,1,E103578
R01435,Quality Engineering,L1,Hyderabad,Backfill,2024-09-21,2024-10-05,2024-11-04,10,1,E103548
R01436,Quality Engineering,L3,Hyderabad,Backfill,2024-09-21,2024-11-22,2025-01-21,24,0,E103605
R01437,Cloud and Infrastructure,L2,Bengaluru,Backfill,2024-09-10,2024-11-23,2025-01-22,7,2,E103606
R01438,Consulting,L1,Bengaluru,Backfill,2024-09-04,2024-10-13,2024-12-12,14,1,E103579
R01439,Cloud and Infrastructure,L2,Bengaluru,Backfill,2024-09-17,2024-10-20,2024-11-19,10,0,E103549
R01440,Consulting,L1,Hyderabad,Backfill,2024-09-09,2024-10-08,2024-11-07,36,0,E103550
R01441,Delivery,L3,Bengaluru,Growth,2024-09-01,2024-09-26,2024-10-26,18,0,E103518
R01442,Sales and Presales,L2,Bengaluru,Growth,2024-09-01,2024-09-28,2024-12-27,31,0,E103580
R01443,Delivery,L2,Bengaluru,Growth,2024-09-01,2024-09-30,2024-12-29,26,0,E103581
R01444,Delivery,L3,Bengaluru,Backfill,2024-10-17,2024-10-31,2024-12-30,28,0,E103582
R01445,Delivery,L2,Hyderabad,Backfill,2024-10-04,2024-11-11,2024-12-11,30,1,E103583
R01446,Quality Engineering,L3,Bengaluru,Backfill,2024-10-13,2024-12-02,2025-01-31,15,2,E103607
R01447,Delivery,L1,Hyderabad,Backfill,2024-10-09,2024-11-04,2025-01-03,39,1,E103608
R01448,Delivery,L2,Hyderabad,Backfill,2024-10-24,2024-11-24,2024-12-24,36,3,E103584
R01449,Quality Engineering,L5,Bengaluru,Backfill,2024-10-26,2024-11-18,2025-01-17,21,3,E103609
R01450,Quality Engineering,L2,Hyderabad,Backfill,2024-10-24,2024-12-06,2025-02-04,31,0,E103619
R01451,Delivery,L4,Bengaluru,Backfill,2024-10-25,2025-01-04,2025-02-03,15,0,E103620
R01452,Delivery,L2,Hyderabad,Backfill,2024-10-19,2025-01-02,2025-03-03,29,1,E103641
R01453,Corporate Functions,L2,Hyderabad,Backfill,2024-10-14,2024-11-10,2025-02-08,37,1,E103621
R01454,Quality Engineering,L3,Bengaluru,Backfill,2024-10-10,2024-11-24,2024-12-24,32,0,E103585
R01455,Quality Engineering,L1,Bengaluru,Backfill,2024-10-26,2024-11-08,2025-01-07,31,0,E103610
R01456,Delivery,L3,Hyderabad,Backfill,2024-10-17,2024-10-30,2024-11-29,23,4,E103551
R01457,Delivery,L1,Bengaluru,Backfill,2024-10-13,2024-10-23,2024-12-22,22,1,E103586
R01458,Delivery,L2,Hyderabad,Backfill,2024-10-13,2024-10-27,2024-12-26,36,0,E103587
R01459,Delivery,L5,Bengaluru,Backfill,2024-10-11,2025-02-18,2025-04-19,6,1,E103669
R01460,Delivery,L2,Bengaluru,Backfill,2024-10-17,2024-11-28,2024-12-28,16,1,E103588
R01461,Delivery,L2,Hyderabad,Backfill,2024-10-03,2024-11-11,2024-12-11,28,0,E103589
R01462,Quality Engineering,L3,Bengaluru,Backfill,2024-10-08,2024-11-29,2025-01-28,6,0,E103611
R01463,Delivery,L3,Bengaluru,Backfill,2024-10-17,2024-11-19,2024-12-19,15,0,E103590
R01464,Quality Engineering,L2,Bengaluru,Backfill,2024-10-10,2024-10-31,2024-12-30,36,0,E103591
R01465,Delivery,L1,Hyderabad,Backfill,2024-10-16,2024-11-01,2024-12-01,36,1,E103592
R01466,Delivery,L1,Bengaluru,Backfill,2024-10-13,2024-11-22,2025-01-21,36,1,E103612
R01467,Delivery,L2,Bengaluru,Backfill,2024-10-26,2024-11-24,2025-02-22,11,1,E103622
R01468,Corporate Functions,L1,Hyderabad,Backfill,2024-10-23,2024-11-10,2025-02-08,6,0,E103623
R01469,Delivery,L4,Hyderabad,Backfill,2024-10-23,2024-12-26,2025-02-24,23,1,E103624
R01470,Data and Analytics,L3,Hyderabad,Backfill,2024-10-23,2025-01-09,2025-03-10,9,2,E103642
R01471,Delivery,L1,Hyderabad,Backfill,2024-10-03,2024-10-24,2024-11-23,12,0,E103552
R01472,Delivery,L1,Bengaluru,Backfill,2024-10-26,2024-11-14,2025-02-12,31,2,E103625
R01473,Delivery,L1,Hyderabad,Backfill,2024-10-24,2024-11-24,2024-12-24,24,3,E103593
R01474,Cloud and Infrastructure,L3,Hyderabad,Backfill,2024-10-03,2024-10-23,2024-12-22,29,4,E103594
R01475,Delivery,L3,Bengaluru,Backfill,2024-10-09,2024-12-07,2025-02-05,24,2,E103626
R01476,Delivery,L1,Bengaluru,Backfill,2024-10-14,2024-10-28,2024-11-27,33,1,E103553
R01477,Delivery,L3,Bengaluru,Growth,2024-10-01,2024-11-06,2025-02-04,29,0,E103627
R01478,Consulting,L2,Hyderabad,Growth,2024-10-01,2024-11-24,2025-01-23,29,1,E103613
R01479,Corporate Functions,L2,Hyderabad,Growth,2024-10-01,2024-10-28,2024-12-27,17,3,E103595
R01480,Delivery,L2,Bengaluru,Backfill,2024-11-08,2024-12-02,2025-03-02,22,1,E103643
R01481,Delivery,L1,Bengaluru,Backfill,2024-11-02,2024-12-02,2025-01-31,15,2,E103614
R01482,Delivery,L1,Hyderabad,Backfill,2024-11-11,2024-12-10,2025-02-08,25,0,E103628
R01483,Consulting,L3,Hyderabad,Backfill,2024-11-18,2025-01-30,2025-04-30,35,1,E103670
R01484,Delivery,L3,Bengaluru,Backfill,2024-11-14,2025-01-07,2025-03-08,34,2,E103644
R01485,Delivery,L4,Bengaluru,Backfill,2024-11-18,2025-04-13,2025-06-12,27,2,E103730
R01486,Quality Engineering,L2,Hyderabad,Backfill,2024-11-06,2024-12-09,2025-02-07,26,1,E103629
R01487,Consulting,L4,Bengaluru,Backfill,2024-11-25,2025-02-01,2025-04-02,30,0,E103671
R01488,Delivery,L3,Bengaluru,Backfill,2024-11-18,2024-12-18,2025-03-18,22,1,E103645
R01489,Corporate Functions,L3,Bengaluru,Backfill,2024-11-14,2025-01-04,2025-03-05,13,0,E103646
R01490,Delivery,L1,Hyderabad,Backfill,2024-11-01,2024-12-15,2025-03-15,17,0,E103647
R01491,Delivery,L3,Hyderabad,Backfill,2024-11-14,2025-01-03,2025-02-02,17,3,E103630
R01492,Delivery,L2,Hyderabad,Backfill,2024-11-18,2024-12-01,2025-03-01,21,1,E103648
R01493,Delivery,L5,Bengaluru,Backfill,2024-11-14,2025-01-22,2025-02-21,22,0,E103631
R01494,Data and Analytics,L2,Hyderabad,Backfill,2024-11-14,2025-03-01,2025-04-30,12,0,E103672
R01495,Corporate Functions,L2,Hyderabad,Backfill,2024-11-21,2024-12-04,2025-02-02,38,1,E103632
R01496,Sales and Presales,L1,Hyderabad,Backfill,2024-11-23,2025-01-18,2025-04-18,38,0,E103673
R01497,Delivery,L2,Hyderabad,Backfill,2024-11-25,2025-01-10,2025-03-11,14,0,E103649
R01498,Delivery,L3,Hyderabad,Backfill,2024-11-20,2025-01-16,2025-03-17,26,2,E103650
R01499,Sales and Presales,L3,Hyderabad,Backfill,2024-11-16,2024-12-24,2025-03-24,11,1,E103651
R01500,Delivery,L2,Bengaluru,Backfill,2024-11-01,2024-11-25,2024-12-25,38,0,E103596
R01501,Corporate Functions,L3,Bengaluru,Backfill,2024-11-23,2024-12-31,2025-03-31,37,0,E103652
R01502,Cloud and Infrastructure,L2,Hyderabad,Backfill,2024-11-15,2024-12-06,2025-03-06,24,0,E103653
R01503,Delivery,L2,Bengaluru,Backfill,2024-11-17,2024-12-04,2025-02-02,23,0,E103633
R01504,Quality Engineering,L3,Hyderabad,Growth,2024-11-01,2025-01-28,2025-02-27,22,1,E103634
R01505,Quality Engineering,L2,Bengaluru,Growth,2024-11-01,2024-11-18,2024-12-18,20,0,E103597
R01506,Consulting,L6,Hyderabad,Growth,2024-11-01,2024-12-27,2025-03-27,23,1,E103654
R01507,Consulting,L4,Hyderabad,Growth,2024-11-01,2025-01-01,2025-04-01,27,1,E103674
R01508,Data and Analytics,L2,Bengaluru,Growth,2024-11-01,2025-03-17,2025-05-16,17,0,E103708
R01509,Delivery,L1,Hyderabad,Backfill,2024-12-16,2025-01-11,2025-02-10,38,1,E103635
R01510,Quality Engineering,L3,Bengaluru,Backfill,2024-12-24,2025-02-05,2025-05-06,27,1,E103709
R01511,Delivery,L2,Hyderabad,Backfill,2024-12-04,2025-02-01,2025-04-02,22,1,E103675
R01512,Data and Analytics,L3,Hyderabad,Backfill,2024-12-02,2025-01-24,2025-04-24,21,0,E103676
R01513,Data and Analytics,L2,Hyderabad,Backfill,2024-12-14,2025-02-05,2025-05-06,11,1,E103710
R01514,Delivery,L3,Bengaluru,Backfill,2024-12-09,2025-01-05,2025-02-04,28,1,E103636
R01515,Cloud and Infrastructure,L2,Bengaluru,Backfill,2024-12-13,2025-01-21,2025-03-22,20,0,E103655
R01516,Delivery,L3,Hyderabad,Backfill,2024-12-20,2025-01-07,2025-04-07,16,1,E103677
R01517,Delivery,L4,Hyderabad,Backfill,2024-12-26,2025-02-16,2025-04-17,10,3,E103678
R01518,Delivery,L3,Bengaluru,Backfill,2024-12-05,2025-01-10,2025-04-10,35,1,E103679
R01519,Delivery,L6,Hyderabad,Backfill,2024-12-27,2025-07-13,2025-09-11,23,1,E104016
R01520,Sales and Presales,L3,Hyderabad,Backfill,2024-12-01,2025-01-09,2025-03-10,38,2,E103656
R01521,Delivery,L4,Bengaluru,Backfill,2024-12-11,2025-01-25,2025-02-24,25,1,E103637
R01522,Delivery,L1,Hyderabad,Backfill,2024-12-09,2025-01-18,2025-03-19,16,0,E103657
R01523,Delivery,L3,Bengaluru,Backfill,2024-12-02,2025-01-15,2025-03-16,36,5,E103658
R01524,Delivery,L4,Bengaluru,Backfill,2024-12-10,2025-02-23,2025-04-24,17,1,E103680
R01525,Sales and Presales,L3,Bengaluru,Backfill,2024-12-22,2025-01-10,2025-04-10,38,1,E103681
R01526,Delivery,L4,Bengaluru,Backfill,2024-12-20,2025-02-17,2025-05-18,30,1,E103711
R01527,Delivery,L1,Hyderabad,Backfill,2024-12-20,2025-02-01,2025-04-02,36,0,E103682
R01528,Delivery,L1,Hyderabad,Backfill,2024-12-26,2025-01-26,2025-04-26,17,0,E103683
R01529,Consulting,L2,Hyderabad,Backfill,2024-12-19,2025-01-31,2025-05-01,17,2,E103712
R01530,Delivery,L1,Hyderabad,Backfill,2024-12-06,2025-01-19,2025-03-20,7,0,E103659
R01531,Quality Engineering,L2,Bengaluru,Backfill,2024-12-18,2024-12-30,2025-02-28,24,0,E103638
R01532,Consulting,L1,Hyderabad,Backfill,2024-12-16,2025-01-04,2025-03-05,16,2,E103660
R01533,Cloud and Infrastructure,L3,Bengaluru,Backfill,2024-12-03,2025-01-24,2025-02-23,12,0,E103639
R01534,Sales and Presales,L2,Bengaluru,Growth,2024-12-01,2025-01-12,2025-03-13,37,1,E103661
R01535,Delivery,L3,Hyderabad,Growth,2024-12-01,2025-01-13,2025-04-13,21,1,E103684
R01536,Delivery,L6,Bengaluru,Growth,2024-12-01,2025-02-04,2025-04-05,32,1,E103685
R01537,Delivery,L3,Hyderabad,Growth,2024-12-01,2024-12-25,2025-03-25,22,1,E103662
R01538,Delivery,L3,Hyderabad,Backfill,2025-01-06,2025-02-23,2025-03-25,22,2,E103663
R01539,Quality Engineering,L2,Bengaluru,Backfill,2025-01-18,2025-02-18,2025-04-19,23,1,E103686
R01540,Delivery,L4,Bengaluru,Backfill,2025-01-21,2025-04-16,2025-07-15,12,1,E103757
R01541,Delivery,L4,Hyderabad,Backfill,2025-01-10,2025-03-14,2025-04-13,7,0,E103687
R01542,Consulting,L4,Bengaluru,Backfill,2025-01-13,2025-02-19,2025-03-21,15,3,E103664
R01543,Delivery,L2,Bengaluru,Backfill,2025-01-01,2025-01-31,2025-04-01,26,1,E103688
R01544,Quality Engineering,L2,Hyderabad,Backfill,2025-01-21,2025-03-20,2025-05-19,21,0,E103713
R01545,Data and Analytics,L1,Bengaluru,Backfill,2025-01-26,2025-02-15,2025-04-16,20,1,E103689
R01546,Quality Engineering,L2,Hyderabad,Backfill,2025-01-02,2025-02-13,2025-04-14,34,0,E103690
R01547,Data and Analytics,L2,Hyderabad,Backfill,2025-01-07,2025-03-02,2025-05-31,12,0,E103714
R01548,Delivery,L2,Hyderabad,Backfill,2025-01-16,2025-03-23,2025-04-22,10,0,E103691
R01549,Quality Engineering,L4,Hyderabad,Backfill,2025-01-09,2025-01-27,2025-04-27,33,0,E103692
R01550,Data and Analytics,L2,Hyderabad,Backfill,2025-01-08,2025-05-03,2025-07-02,7,0,E103758
R01551,Delivery,L1,Bengaluru,Backfill,2025-01-17,2025-02-06,2025-04-07,12,0,E103693
R01552,Data and Analytics,L3,Bengaluru,Backfill,2025-01-01,2025-01-15,2025-03-16,27,3,E103665
R01553,Data and Analytics,L2,Hyderabad,Backfill,2025-01-16,2025-03-01,2025-04-30,25,1,E103694
R01554,Cloud and Infrastructure,L2,Bengaluru,Backfill,2025-01-12,2025-03-01,2025-05-30,11,1,E103715
R01555,Data and Analytics,L2,Hyderabad,Backfill,2025-01-04,2025-03-15,2025-06-13,33,1,E103731
R01556,Delivery,L1,Bengaluru,Backfill,2025-01-17,2025-02-28,2025-04-29,23,1,E103695
R01557,Data and Analytics,L1,Hyderabad,Backfill,2025-01-15,2025-02-05,2025-04-06,23,2,E103696
R01558,Delivery,L1,Hyderabad,Backfill,2025-01-22,2025-02-06,2025-03-08,9,2,E103666
R01559,Cloud and Infrastructure,L1,Hyderabad,Backfill,2025-01-19,2025-03-13,2025-04-12,14,1,E103697
R01560,Corporate Functions,L4,Hyderabad,Backfill,2025-01-11,2025-05-27,2025-08-25,12,0,E103796
R01561,Sales and Presales,L1,Hyderabad,Backfill,2025-01-24,2025-03-11,2025-05-10,6,0,E103716
R01562,Consulting,L2,Bengaluru,Growth,2025-01-01,2025-02-19,2025-05-20,19,0,E103717
R01563,Delivery,L2,Hyderabad,Growth,2025-01-01,2025-02-11,2025-04-12,22,0,E103698
R01564,Data and Analytics,L1,Hyderabad,Campus,2025-01-01,2025-03-20,2025-08-11,23,0,E103797
R01565,Delivery,L1,Bengaluru,Campus,2025-01-01,2025-02-28,2025-08-08,31,1,E103798
R01566,Consulting,L1,Bengaluru,Campus,2025-01-01,2025-02-19,2025-08-19,108,0,E103799
R01567,Quality Engineering,L1,Hyderabad,Campus,2025-01-01,2025-03-02,2025-08-13,89,0,E103800
R01568,Delivery,L1,Hyderabad,Campus,2025-01-01,2025-02-26,2025-08-04,71,0,E103801
R01569,Delivery,L1,Hyderabad,Campus,2025-01-01,2025-02-17,2025-08-02,75,0,E103802
R01570,Delivery,L1,Hyderabad,Campus,2025-01-01,2025-03-16,2025-08-14,66,0,E103803
R01571,Cloud and Infrastructure,L1,Bengaluru,Campus,2025-01-01,2025-02-28,2025-08-19,24,1,E103804
R01572,Quality Engineering,L1,Hyderabad,Campus,2025-01-01,2025-03-02,2025-08-20,49,0,E103805
R01573,Quality Engineering,L1,Bengaluru,Campus,2025-01-01,2025-03-11,2025-08-03,86,0,E103806
R01574,Delivery,L1,Hyderabad,Campus,2025-01-01,2025-02-12,2025-08-17,103,0,E103807
R01575,Delivery,L1,Bengaluru,Campus,2025-01-01,2025-02-26,2025-08-13,48,1,E103808
R01576,Data and Analytics,L1,Hyderabad,Campus,2025-01-01,2025-02-24,2025-08-10,89,0,E103809
R01577,Data and Analytics,L1,Hyderabad,Campus,2025-01-01,2025-02-17,2025-08-13,25,1,E103810
R01578,Sales and Presales,L1,Hyderabad,Campus,2025-01-01,2025-03-08,2025-08-14,59,0,E103811
R01579,Data and Analytics,L1,Bengaluru,Campus,2025-01-01,2025-02-24,2025-08-17,80,0,E103812
R01580,Quality Engineering,L1,Bengaluru,Campus,2025-01-01,2025-02-19,2025-08-15,115,0,E103813
R01581,Sales and Presales,L1,Bengaluru,Campus,2025-01-01,2025-03-04,2025-08-03,42,0,E103814
R01582,Quality Engineering,L1,Hyderabad,Campus,2025-01-01,2025-02-22,2025-08-19,29,0,E103815
R01583,Cloud and Infrastructure,L1,Hyderabad,Campus,2025-01-01,2025-02-27,2025-08-02,86,0,E103816
R01584,Quality Engineering,L1,Hyderabad,Campus,2025-01-01,2025-02-25,2025-08-11,54,2,E103817
R01585,Delivery,L1,Hyderabad,Campus,2025-01-01,2025-02-15,2025-08-02,40,0,E103818
R01586,Delivery,L1,Hyderabad,Campus,2025-01-01,2025-02-28,2025-08-18,68,0,E103819
R01587,Cloud and Infrastructure,L1,Hyderabad,Campus,2025-01-01,2025-02-16,2025-08-18,118,0,E103820
R01588,Quality Engineering,L1,Hyderabad,Campus,2025-01-01,2025-02-19,2025-08-14,76,0,E103821
R01589,Delivery,L1,Bengaluru,Campus,2025-01-01,2025-02-25,2025-08-19,118,0,E103822
R01590,Delivery,L1,Bengaluru,Campus,2025-01-01,2025-02-25,2025-08-19,66,0,E103823
R01591,Quality Engineering,L1,Hyderabad,Campus,2025-01-01,2025-02-12,2025-08-10,38,0,E103824
R01592,Quality Engineering,L1,Hyderabad,Campus,2025-01-01,2025-03-01,2025-08-15,53,0,E103825
R01593,Quality Engineering,L1,Hyderabad,Campus,2025-01-01,2025-03-17,2025-08-10,87,0,E103826
R01594,Data and Analytics,L1,Hyderabad,Campus,2025-01-01,2025-03-14,2025-08-02,21,0,E103827
R01595,Data and Analytics,L1,Hyderabad,Campus,2025-01-01,2025-03-07,2025-08-14,24,1,E103828
R01596,Consulting,L1,Hyderabad,Campus,2025-01-01,2025-02-15,2025-08-03,114,0,E103829
R01597,Consulting,L1,Bengaluru,Campus,2025-01-01,2025-02-26,2025-08-04,57,0,E103830
R01598,Cloud and Infrastructure,L1,Hyderabad,Campus,2025-01-01,2025-02-17,2025-08-16,31,0,E103831
R01599,Delivery,L1,Bengaluru,Campus,2025-01-01,2025-03-27,2025-08-15,116,0,E103832
R01600,Delivery,L1,Hyderabad,Campus,2025-01-01,2025-03-05,2025-08-02,32,0,E103833
R01601,Delivery,L1,Bengaluru,Campus,2025-01-01,2025-02-22,2025-08-03,72,0,E103834
R01602,Quality Engineering,L1,Bengaluru,Campus,2025-01-01,2025-02-20,2025-08-19,64,1,E103835
R01603,Delivery,L1,Bengaluru,Campus,2025-01-01,2025-02-11,2025-08-16,102,1,E103836
R01604,Delivery,L1,Hyderabad,Campus,2025-01-01,2025-02-20,2025-08-10,71,1,E103837
R01605,Cloud and Infrastructure,L1,Hyderabad,Campus,2025-01-01,2025-02-23,2025-08-02,97,0,E103838
R01606,Data and Analytics,L1,Hyderabad,Campus,2025-01-01,2025-03-02,2025-08-14,84,0,E103839
R01607,Delivery,L1,Hyderabad,Campus,2025-01-01,2025-02-12,2025-08-12,58,0,E103840
R01608,Data and Analytics,L1,Hyderabad,Campus,2025-01-01,2025-02-15,2025-08-19,37,1,E103841
R01609,Cloud and Infrastructure,L1,Bengaluru,Campus,2025-01-01,2025-02-23,2025-08-14,60,0,E103842
R01610,Delivery,L1,Bengaluru,Campus,2025-01-01,2025-01-22,2025-08-17,60,0,E103843
R01611,Delivery,L1,Hyderabad,Campus,2025-01-01,2025-02-17,2025-08-05,62,0,E103844
R01612,Data and Analytics,L1,Bengaluru,Campus,2025-01-01,2025-02-13,2025-08-19,92,0,E103845
R01613,Delivery,L1,Bengaluru,Campus,2025-01-01,2025-02-20,2025-08-01,33,1,E103846
R01614,Delivery,L1,Hyderabad,Campus,2025-01-01,2025-02-24,2025-08-12,27,0,E103847
R01615,Data and Analytics,L1,Hyderabad,Campus,2025-01-01,2025-02-11,2025-08-02,56,0,E103848
R01616,Quality Engineering,L1,Hyderabad,Campus,2025-01-01,2025-02-27,2025-08-12,70,1,E103849
R01617,Cloud and Infrastructure,L1,Bengaluru,Campus,2025-01-01,2025-02-06,2025-08-15,48,0,E103850
R01618,Cloud and Infrastructure,L1,Hyderabad,Campus,2025-01-01,2025-03-01,2025-08-15,77,1,E103851
R01619,Data and Analytics,L1,Hyderabad,Campus,2025-01-01,2025-03-05,2025-08-02,21,0,E103852
R01620,Delivery,L1,Bengaluru,Campus,2025-01-01,2025-03-04,2025-08-01,108,0,E103853
R01621,Sales and Presales,L1,Bengaluru,Campus,2025-01-01,2025-02-16,2025-08-03,53,0,E103854
R01622,Delivery,L1,Bengaluru,Campus,2025-01-01,2025-02-25,2025-08-05,38,0,E103855
R01623,Delivery,L1,Hyderabad,Campus,2025-01-01,2025-03-07,2025-08-15,97,0,E103856
R01624,Delivery,L1,Hyderabad,Campus,2025-01-01,2025-03-06,2025-08-04,81,0,E103857
R01625,Data and Analytics,L1,Bengaluru,Campus,2025-01-01,2025-03-07,2025-08-13,111,0,E103858
R01626,Quality Engineering,L1,Hyderabad,Campus,2025-01-01,2025-02-18,2025-08-18,66,1,E103859
R01627,Delivery,L1,Hyderabad,Campus,2025-01-01,2025-03-01,2025-08-19,79,1,E103860
R01628,Delivery,L1,Hyderabad,Campus,2025-01-01,2025-02-21,2025-08-20,116,0,E103861
R01629,Delivery,L1,Bengaluru,Campus,2025-01-01,2025-02-28,2025-08-12,70,0,E103862
R01630,Delivery,L1,Hyderabad,Campus,2025-01-01,2025-02-17,2025-08-17,101,0,E103863
R01631,Delivery,L1,Bengaluru,Campus,2025-01-01,2025-02-28,2025-08-03,65,1,E103864
R01632,Quality Engineering,L1,Bengaluru,Campus,2025-01-01,2025-02-27,2025-08-11,69,0,E103865
R01633,Quality Engineering,L1,Hyderabad,Campus,2025-01-01,2025-03-13,2025-08-14,88,0,E103866
R01634,Data and Analytics,L1,Bengaluru,Campus,2025-01-01,2025-03-04,2025-08-13,33,0,E103867
R01635,Data and Analytics,L1,Hyderabad,Campus,2025-01-01,2025-03-13,2025-08-13,90,1,E103868
R01636,Quality Engineering,L1,Bengaluru,Campus,2025-01-01,2025-03-04,2025-08-06,97,1,E103869
R01637,Delivery,L1,Bengaluru,Campus,2025-01-01,2025-02-17,2025-08-10,81,0,E103870
R01638,Quality Engineering,L1,Hyderabad,Campus,2025-01-01,2025-03-06,2025-08-03,55,1,E103871
R01639,Data and Analytics,L1,Bengaluru,Campus,2025-01-01,2025-02-14,2025-08-08,48,1,E103872
R01640,Cloud and Infrastructure,L1,Hyderabad,Campus,2025-01-01,2025-03-05,2025-08-14,65,0,E103873
R01641,Delivery,L1,Hyderabad,Campus,2025-01-01,2025-02-13,2025-08-07,93,0,E103874
R01642,Data and Analytics,L1,Bengaluru,Campus,2025-01-01,2025-03-03,2025-08-14,112,0,E103875
R01643,Delivery,L1,Hyderabad,Campus,2025-01-01,2025-02-16,2025-08-11,54,0,E103876
R01644,Delivery,L1,Hyderabad,Campus,2025-01-01,2025-02-04,2025-08-06,106,0,E103877
R01645,Consulting,L1,Hyderabad,Campus,2025-01-01,2025-02-18,2025-08-12,63,1,E103878
R01646,Sales and Presales,L1,Bengaluru,Campus,2025-01-01,2025-02-20,2025-08-19,114,0,E103879
R01647,Delivery,L1,Bengaluru,Campus,2025-01-01,2025-03-05,2025-08-11,75,1,E103880
R01648,Data and Analytics,L1,Bengaluru,Campus,2025-01-01,2025-03-08,2025-08-03,93,0,E103881
R01649,Delivery,L1,Bengaluru,Campus,2025-01-01,2025-02-20,2025-08-11,75,0,E103882
R01650,Quality Engineering,L1,Hyderabad,Campus,2025-01-01,2025-03-14,2025-08-06,46,1,E103883
R01651,Cloud and Infrastructure,L1,Bengaluru,Campus,2025-01-01,2025-02-09,2025-08-06,92,0,E103884
R01652,Cloud and Infrastructure,L1,Hyderabad,Campus,2025-01-01,2025-02-09,2025-08-14,83,0,E103885
R01653,Cloud and Infrastructure,L1,Bengaluru,Campus,2025-01-01,2025-03-12,2025-08-18,37,0,E103886
R01654,Delivery,L1,Bengaluru,Campus,2025-01-01,2025-03-19,2025-08-11,83,1,E103887
R01655,Sales and Presales,L1,Hyderabad,Campus,2025-01-01,2025-02-15,2025-08-03,56,0,E103888
R01656,Data and Analytics,L1,Bengaluru,Campus,2025-01-01,2025-03-02,2025-08-14,108,0,E103889
R01657,Quality Engineering,L1,Hyderabad,Campus,2025-01-01,2025-02-24,2025-08-16,36,0,E103890
R01658,Quality Engineering,L1,Bengaluru,Campus,2025-01-01,2025-02-21,2025-08-17,102,1,E103891
R01659,Cloud and Infrastructure,L1,Hyderabad,Campus,2025-01-01,2025-02-15,2025-08-17,41,1,E103892
R01660,Cloud and Infrastructure,L1,Bengaluru,Campus,2025-01-01,2025-02-16,2025-08-05,100,0,E103893
R01661,Quality Engineering,L1,Bengaluru,Campus,2025-01-01,2025-02-15,2025-08-04,29,0,E103894
R01662,Cloud and Infrastructure,L1,Bengaluru,Campus,2025-01-01,2025-02-26,2025-08-19,83,0,E103895
R01663,Data and Analytics,L1,Hyderabad,Campus,2025-01-01,2025-02-16,2025-08-15,85,0,E103896
R01664,Delivery,L1,Hyderabad,Campus,2025-01-01,2025-02-18,2025-08-04,53,0,E103897
R01665,Quality Engineering,L1,Hyderabad,Campus,2025-01-01,2025-02-06,2025-08-12,24,1,E103898
R01666,Delivery,L1,Bengaluru,Campus,2025-01-01,2025-02-15,2025-08-13,119,0,E103899
R01667,Delivery,L1,Bengaluru,Campus,2025-01-01,2025-02-23,2025-08-15,87,0,E103900
R01668,Delivery,L1,Hyderabad,Campus,2025-01-01,2025-02-07,2025-08-17,62,0,E103901
R01669,Quality Engineering,L1,Hyderabad,Campus,2025-01-01,2025-02-26,2025-08-06,110,1,E103902
R01670,Delivery,L1,Hyderabad,Campus,2025-01-01,2025-03-02,2025-08-08,69,0,E103903
R01671,Data and Analytics,L1,Hyderabad,Campus,2025-01-01,2025-02-27,2025-08-01,33,0,E103904
R01672,Delivery,L1,Hyderabad,Campus,2025-01-01,2025-02-19,2025-08-16,64,0,E103905
R01673,Delivery,L1,Hyderabad,Campus,2025-01-01,2025-03-05,2025-08-03,80,0,E103906
R01674,Delivery,L1,Bengaluru,Campus,2025-01-01,2025-03-09,2025-08-20,86,0,E103907
R01675,Delivery,L1,Hyderabad,Campus,2025-01-01,2025-02-20,2025-08-12,66,0,E103908
R01676,Data and Analytics,L1,Hyderabad,Campus,2025-01-01,2025-03-01,2025-08-13,74,0,E103909
R01677,Data and Analytics,L1,Hyderabad,Campus,2025-01-01,2025-02-25,2025-08-09,38,0,E103910
R01678,Delivery,L1,Hyderabad,Campus,2025-01-01,2025-03-18,2025-08-08,84,0,E103911
R01679,Cloud and Infrastructure,L1,Bengaluru,Campus,2025-01-01,2025-03-07,2025-08-20,26,0,E103912
R01680,Delivery,L1,Hyderabad,Campus,2025-01-01,2025-02-21,2025-08-01,83,0,E103913
R01681,Cloud and Infrastructure,L1,Bengaluru,Campus,2025-01-01,2025-02-13,2025-08-13,40,0,E103914
R01682,Delivery,L1,Bengaluru,Campus,2025-01-01,2025-02-13,2025-08-07,94,1,E103915
R01683,Delivery,L1,Hyderabad,Campus,2025-01-01,2025-02-24,2025-08-08,89,0,E103916
R01684,Delivery,L1,Hyderabad,Campus,2025-01-01,2025-03-07,2025-08-19,30,0,E103917
R01685,Delivery,L1,Hyderabad,Campus,2025-01-01,2025-02-25,2025-08-03,101,0,E103918
R01686,Delivery,L1,Hyderabad,Campus,2025-01-01,2025-03-04,2025-08-12,62,0,E103919
R01687,Quality Engineering,L1,Hyderabad,Campus,2025-01-01,2025-03-03,2025-08-16,62,0,E103920
R01688,Delivery,L1,Bengaluru,Campus,2025-01-01,2025-02-17,2025-08-10,31,0,E103921
R01689,Consulting,L1,Bengaluru,Campus,2025-01-01,2025-02-05,2025-08-17,47,0,E103922
R01690,Data and Analytics,L1,Hyderabad,Campus,2025-01-01,2025-02-18,2025-08-19,100,0,E103923
R01691,Cloud and Infrastructure,L1,Hyderabad,Campus,2025-01-01,2025-02-20,2025-08-11,41,1,E103924
R01692,Delivery,L1,Bengaluru,Campus,2025-01-01,2025-02-13,2025-08-08,75,0,E103925
R01693,Delivery,L1,Bengaluru,Campus,2025-01-01,2025-03-03,2025-08-12,87,1,E103926
R01694,Delivery,L1,Hyderabad,Campus,2025-01-01,2025-02-25,2025-08-08,43,0,E103927
R01695,Delivery,L1,Hyderabad,Campus,2025-01-01,2025-02-28,2025-08-14,23,0,E103928
R01696,Sales and Presales,L1,Bengaluru,Campus,2025-01-01,2025-02-11,2025-08-18,21,0,E103929
R01697,Cloud and Infrastructure,L1,Bengaluru,Campus,2025-01-01,2025-02-19,2025-08-15,62,0,E103930
R01698,Quality Engineering,L1,Bengaluru,Campus,2025-01-01,2025-02-28,2025-08-01,66,1,E103931
R01699,Cloud and Infrastructure,L1,Hyderabad,Campus,2025-01-01,2025-02-09,2025-08-15,72,0,E103932
R01700,Cloud and Infrastructure,L1,Bengaluru,Campus,2025-01-01,2025-02-22,2025-08-11,32,1,E103933
R01701,Cloud and Infrastructure,L1,Hyderabad,Campus,2025-01-01,2025-03-06,2025-08-18,65,0,E103934
R01702,Consulting,L1,Bengaluru,Campus,2025-01-01,2025-02-28,2025-08-07,101,0,E103935
R01703,Quality Engineering,L1,Hyderabad,Campus,2025-01-01,2025-02-14,2025-08-06,61,0,E103936
R01704,Cloud and Infrastructure,L1,Hyderabad,Campus,2025-01-01,2025-02-13,2025-08-10,110,0,E103937
R01705,Quality Engineering,L1,Bengaluru,Campus,2025-01-01,2025-03-04,2025-08-20,37,0,E103938
R01706,Quality Engineering,L1,Hyderabad,Campus,2025-01-01,2025-03-13,2025-08-16,46,0,E103939
R01707,Delivery,L1,Bengaluru,Campus,2025-01-01,2025-03-08,2025-08-05,68,0,E103940
R01708,Delivery,L1,Hyderabad,Campus,2025-01-01,2025-03-14,2025-08-10,51,0,E103941
R01709,Sales and Presales,L1,Bengaluru,Campus,2025-01-01,2025-02-10,2025-08-04,24,0,E103942
R01710,Delivery,L1,Hyderabad,Campus,2025-01-01,2025-02-24,2025-08-09,87,0,E103943
R01711,Delivery,L1,Hyderabad,Campus,2025-01-01,2025-02-08,2025-08-12,37,0,E103944
R01712,Delivery,L1,Bengaluru,Campus,2025-01-01,2025-03-09,2025-08-03,70,0,E103945
R01713,Delivery,L1,Hyderabad,Campus,2025-01-01,2025-02-27,2025-08-17,29,0,E103946
R01714,Data and Analytics,L1,Hyderabad,Campus,2025-01-01,2025-02-16,2025-08-08,57,0,E103947
R01715,Delivery,L1,Hyderabad,Campus,2025-01-01,2025-02-28,2025-08-14,21,0,E103948
R01716,Delivery,L1,Hyderabad,Campus,2025-01-01,2025-03-04,2025-08-10,65,0,E103949
R01717,Cloud and Infrastructure,L1,Bengaluru,Campus,2025-01-01,2025-03-10,2025-08-06,23,0,E103950
R01718,Cloud and Infrastructure,L1,Bengaluru,Campus,2025-01-01,2025-02-09,2025-08-19,104,0,E103951
R01719,Consulting,L1,Hyderabad,Campus,2025-01-01,2025-02-19,2025-08-08,23,0,E103952
R01720,Data and Analytics,L1,Hyderabad,Campus,2025-01-01,2025-02-06,2025-08-12,56,0,E103953
R01721,Quality Engineering,L1,Hyderabad,Campus,2025-01-01,2025-03-07,2025-08-14,88,2,E103954
R01722,Data and Analytics,L1,Bengaluru,Campus,2025-01-01,2025-03-08,2025-08-13,72,0,E103955
R01723,Quality Engineering,L1,Hyderabad,Campus,2025-01-01,2025-02-17,2025-08-02,108,0,E103956
R01724,Delivery,L1,Bengaluru,Campus,2025-01-01,2025-02-16,2025-08-19,57,0,E103957
R01725,Delivery,L1,Hyderabad,Campus,2025-01-01,2025-03-10,2025-08-01,36,2,E103958
R01726,Sales and Presales,L1,Bengaluru,Campus,2025-01-01,2025-02-28,2025-08-02,30,0,E103959
R01727,Cloud and Infrastructure,L1,Bengaluru,Campus,2025-01-01,2025-03-09,2025-08-18,56,0,E103960
R01728,Quality Engineering,L1,Bengaluru,Campus,2025-01-01,2025-03-02,2025-08-20,85,0,E103961
R01729,Cloud and Infrastructure,L1,Hyderabad,Campus,2025-01-01,2025-03-03,2025-08-04,46,1,E103962
R01730,Cloud and Infrastructure,L1,Bengaluru,Campus,2025-01-01,2025-03-01,2025-08-07,58,3,E103963
R01731,Delivery,L1,Hyderabad,Campus,2025-01-01,2025-02-25,2025-08-05,106,0,E103964
R01732,Data and Analytics,L1,Bengaluru,Campus,2025-01-01,2025-02-26,2025-08-08,115,0,E103965
R01733,Delivery,L1,Bengaluru,Campus,2025-01-01,2025-03-02,2025-08-07,43,0,E103966
R01734,Delivery,L1,Bengaluru,Campus,2025-01-01,2025-02-15,2025-08-07,40,0,E103967
R01735,Sales and Presales,L1,Bengaluru,Campus,2025-01-01,2025-02-18,2025-08-19,48,0,E103968
R01736,Delivery,L1,Hyderabad,Campus,2025-01-01,2025-02-17,2025-08-15,86,0,E103969
R01737,Delivery,L1,Hyderabad,Campus,2025-01-01,2025-03-03,2025-08-17,82,0,E103970
R01738,Quality Engineering,L1,Bengaluru,Campus,2025-01-01,2025-02-21,2025-08-09,93,0,E103971
R01739,Data and Analytics,L1,Hyderabad,Campus,2025-01-01,2025-02-26,2025-08-19,49,0,E103972
R01740,Quality Engineering,L1,Hyderabad,Campus,2025-01-01,2025-03-02,2025-08-11,80,0,E103973
R01741,Delivery,L1,Hyderabad,Campus,2025-01-01,2025-02-20,2025-08-04,33,0,E103974
R01742,Delivery,L1,Hyderabad,Campus,2025-01-01,2025-03-06,2025-08-16,117,0,E103975
R01743,Delivery,L1,Bengaluru,Campus,2025-01-01,2025-02-20,2025-08-06,109,0,E103976
R01744,Sales and Presales,L1,Hyderabad,Campus,2025-01-01,2025-03-06,2025-08-15,88,0,E103977
R01745,Sales and Presales,L1,Bengaluru,Campus,2025-01-01,2025-02-26,2025-08-03,40,0,E103978
R01746,Delivery,L1,Bengaluru,Campus,2025-01-01,2025-02-12,2025-08-14,84,0,E103979
R01747,Cloud and Infrastructure,L1,Bengaluru,Campus,2025-01-01,2025-02-19,2025-08-03,43,0,E103980
R01748,Delivery,L1,Hyderabad,Campus,2025-01-01,2025-02-25,2025-08-07,80,0,E103981
R01749,Quality Engineering,L1,Hyderabad,Campus,2025-01-01,2025-02-16,2025-08-17,98,0,E103982
R01750,Delivery,L1,Hyderabad,Campus,2025-01-01,2025-03-19,2025-08-02,53,0,E103983
R01751,Quality Engineering,L1,Hyderabad,Campus,2025-01-01,2025-02-22,2025-08-05,91,0,E103984
R01752,Quality Engineering,L1,Hyderabad,Campus,2025-01-01,2025-02-17,2025-08-20,42,0,E103985
R01753,Cloud and Infrastructure,L1,Bengaluru,Campus,2025-01-01,2025-02-20,2025-08-16,96,0,E103986
R01754,Data and Analytics,L1,Hyderabad,Campus,2025-01-01,2025-02-09,2025-08-18,119,1,E103987
R01755,Cloud and Infrastructure,L1,Bengaluru,Campus,2025-01-01,2025-02-23,2025-08-12,50,0,E103988
R01756,Delivery,L1,Bengaluru,Campus,2025-01-01,2025-02-23,2025-08-13,21,1,E103989
R01757,Quality Engineering,L1,Bengaluru,Campus,2025-01-01,2025-03-13,2025-08-15,61,1,E103990
R01758,Delivery,L1,Hyderabad,Campus,2025-01-01,2025-02-07,2025-08-17,77,0,E103991
R01759,Quality Engineering,L1,Hyderabad,Campus,2025-01-01,2025-02-13,2025-08-10,106,0,E103992
R01760,Cloud and Infrastructure,L2,Hyderabad,Backfill,2025-02-14,2025-03-31,2025-04-30,24,0,E103699
R01761,Sales and Presales,L4,Hyderabad,Backfill,2025-02-11,2025-04-09,2025-07-08,24,0,E103759
R01762,Delivery,L6,Hyderabad,Backfill,2025-02-20,2025-04-13,2025-06-12,8,0,E103732
R01763,Cloud and Infrastructure,L2,Bengaluru,Backfill,2025-02-19,2025-04-23,2025-06-22,12,0,E103733
R01764,Quality Engineering,L3,Hyderabad,Backfill,2025-02-02,2025-02-27,2025-03-29,12,1,E103667
R01765,Quality Engineering,L3,Hyderabad,Backfill,2025-02-25,2025-03-19,2025-06-17,25,2,E103734
R01766,Consulting,L2,Bengaluru,Backfill,2025-02-03,2025-03-09,2025-06-07,28,1,E103735
R01767,Sales and Presales,L2,Hyderabad,Backfill,2025-02-15,2025-03-15,2025-05-14,22,1,E103718
R01768,Delivery,L2,Hyderabad,Backfill,2025-02-13,2025-03-24,2025-06-22,18,0,E103736
R01769,Cloud and Infrastructure,L3,Bengaluru,Backfill,2025-02-12,2025-03-24,2025-04-23,18,1,E103700
R01770,Quality Engineering,L1,Bengaluru,Backfill,2025-02-13,2025-02-28,2025-04-29,39,2,E103701
R01771,Quality Engineering,L3,Hyderabad,Backfill,2025-02-25,2025-04-11,2025-07-10,23,1,E103760
R01772,Delivery,L1,Hyderabad,Backfill,2025-02-18,2025-03-18,2025-04-17,16,1,E103702
R01773,Consulting,L5,Hyderabad,Backfill,2025-02-06,2025-03-09,2025-05-08,14,1,E103719
R01774,Delivery,L3,Bengaluru,Backfill,2025-02-02,2025-03-25,2025-05-24,18,1,E103720
R01775,Delivery,L1,Bengaluru,Backfill,2025-02-24,2025-03-30,2025-06-28,22,3,E103737
R01776,Delivery,L3,Hyderabad,Backfill,2025-02-06,2025-03-09,2025-05-08,11,1,E103721
R01777,Delivery,L1,Hyderabad,Backfill,2025-02-23,2025-03-24,2025-04-23,28,0,E103703
R01778,Sales and Presales,L1,Bengaluru,Backfill,2025-02-06,2025-03-09,2025-06-07,11,1,E103738
R01779,Cloud and Infrastructure,L1,Bengaluru,Backfill,2025-02-05,2025-02-19,2025-04-20,20,2,E103704
R01780,Quality Engineering,L1,Hyderabad,Backfill,2025-02-04,2025-03-27,2025-04-26,12,1,E103705
R01781,Data and Analytics,L3,Hyderabad,Backfill,2025-02-07,2025-03-26,2025-06-24,25,0,E103739
R01782,Delivery,L4,Bengaluru,Growth,2025-02-01,2025-04-06,2025-05-06,33,2,E103722
R01783,Data and Analytics,L3,Hyderabad,Growth,2025-02-01,2025-04-29,2025-05-29,27,1,E103723
R01784,Cloud and Infrastructure,L3,Hyderabad,Growth,2025-02-01,2025-02-23,2025-04-24,8,1,E103706
R01785,Delivery,L2,Hyderabad,Backfill,2025-03-19,2025-04-14,2025-06-13,28,1,E103740
R01786,Cloud and Infrastructure,L1,Bengaluru,Backfill,2025-03-12,2025-04-11,2025-06-10,17,0,E103741
R01787,Delivery,L4,Hyderabad,Backfill,2025-03-25,2025-06-06,2025-09-04,13,0,E104017
R01788,Delivery,L3,Hyderabad,Backfill,2025-03-13,2025-04-30,2025-07-29,32,1,E103761
R01789,Data and Analytics,L2,Hyderabad,Backfill,2025-03-10,2025-04-29,2025-05-29,38,0,E103724
R01790,Quality Engineering,L2,Hyderabad,Backfill,2025-03-16,2025-05-03,2025-07-02,9,0,E103762
R01791,Cloud and Infrastructure,L2,Hyderabad,Backfill,2025-03-18,2025-04-14,2025-06-13,39,0,E103742
R01792,Delivery,L4,Hyderabad,Backfill,2025-03-02,2025-03-16,2025-05-15,24,0,E103725
R01793,Quality Engineering,L2,Bengaluru,Backfill,2025-03-15,2025-05-05,2025-07-04,15,0,E103763
R01794,Delivery,L4,Hyderabad,Backfill,2025-03-22,2025-05-13,2025-07-12,22,1,E103764
R01795,Quality Engineering,L2,Bengaluru,Backfill,2025-03-21,2025-04-14,2025-07-13,31,0,E103765
R01796,Sales and Presales,L1,Hyderabad,Backfill,2025-03-22,2025-05-13,2025-06-12,16,1,E103743
R01797,Sales and Presales,L1,Bengaluru,Backfill,2025-03-22,2025-04-11,2025-06-10,35,0,E103744
R01798,Corporate Functions,L3,Hyderabad,Backfill,2025-03-15,2025-03-24,2025-04-23,9,0,E103707
R01799,Delivery,L3,Hyderabad,Backfill,2025-03-08,2025-04-22,2025-06-21,7,0,E103745
R01800,Delivery,L4,Bengaluru,Backfill,2025-03-20,2025-05-26,2025-06-25,12,2,E103746
R01801,Delivery,L1,Bengaluru,Backfill,2025-03-23,2025-04-28,2025-05-28,15,1,E103726
R01802,Quality Engineering,L2,Hyderabad,Backfill,2025-03-19,2025-04-29,2025-07-28,14,0,E103766
R01803,Delivery,L1,Hyderabad,Backfill,2025-03-27,2025-04-04,2025-06-03,36,0,E103747
R01804,Quality Engineering,L1,Hyderabad,Backfill,2025-03-01,2025-03-27,2025-06-25,25,0,E103748
R01805,Data and Analytics,L2,Bengaluru,Backfill,2025-03-14,2025-04-20,2025-07-19,25,0,E103767
R01806,Delivery,L1,Bengaluru,Backfill,2025-03-08,2025-04-17,2025-06-16,34,0,E103749
R01807,Delivery,L1,Hyderabad,Backfill,2025-03-04,2025-05-10,2025-07-09,31,1,E103768
R01808,Consulting,L1,Hyderabad,Backfill,2025-03-22,2025-04-17,2025-06-16,21,0,E103750
R01809,Delivery,L2,Hyderabad,Backfill,2025-03-25,2025-04-10,2025-05-10,9,1,E103727
R01810,Delivery,L1,Hyderabad,Backfill,2025-03-15,2025-05-16,2025-07-15,11,1,E103769
R01811,Quality Engineering,L1,Bengaluru,Backfill,2025-03-19,2025-04-22,2025-07-21,19,0,E103770
R01812,Consulting,L3,Bengaluru,Growth,2025-03-01,2025-04-20,2025-07-19,27,0,E103771
R01813,Cloud and Infrastructure,L4,Bengaluru,Growth,2025-03-01,2025-05-07,2025-07-06,9,1,E103772
R01814,Cloud and Infrastructure,L3,Hyderabad,Growth,2025-03-01,2025-04-01,2025-05-31,12,0,E103728
R01815,Corporate Functions,L1,Hyderabad,Backfill,2025-04-06,2025-04-22,2025-06-21,10,0,E103751
R01816,Quality Engineering,L1,Hyderabad,Backfill,2025-04-05,2025-04-23,2025-06-22,13,0,E103752
R01817,Data and Analytics,L3,Bengaluru,Backfill,2025-04-24,2025-06-08,2025-08-07,30,0,E103993
R01818,Cloud and Infrastructure,L3,Bengaluru,Backfill,2025-04-05,2025-04-24,2025-07-23,23,1,E103773
R01819,Delivery,L1,Bengaluru,Backfill,2025-04-02,2025-04-15,2025-06-14,10,0,E103753
R01820,Quality Engineering,L2,Bengaluru,Backfill,2025-04-21,2025-05-27,2025-07-26,12,0,E103774
R01821,Quality Engineering,L2,Hyderabad,Backfill,2025-04-06,2025-05-09,2025-07-08,13,0,E103775
R01822,Delivery,L3,Bengaluru,Backfill,2025-04-21,2025-07-10,2025-09-08,38,1,E104018
R01823,Sales and Presales,L4,Hyderabad,Backfill,2025-04-24,2025-06-20,2025-09-18,20,1,E104019
R01824,Delivery,L1,Hyderabad,Backfill,2025-04-23,2025-05-13,2025-07-12,11,1,E103776
R01825,Delivery,L3,Hyderabad,Backfill,2025-04-26,2025-05-23,2025-06-22,15,2,E103754
R01826,Data and Analytics,L1,Bengaluru,Backfill,2025-04-26,2025-05-22,2025-07-21,15,0,E103777
R01827,Cloud and Infrastructure,L3,Hyderabad,Backfill,2025-04-05,2025-06-03,2025-08-02,8,1,E103994
R01828,Delivery,L5,Hyderabad,Backfill,2025-04-03,2025-05-01,2025-05-31,10,3,E103729
R01829,Cloud and Infrastructure,L3,Bengaluru,Backfill,2025-04-12,2025-05-09,2025-08-07,21,1,E103995
R01830,Delivery,L2,Bengaluru,Backfill,2025-04-25,2025-05-08,2025-06-07,39,0,E103755
R01831,Consulting,L2,Bengaluru,Backfill,2025-04-06,2025-05-05,2025-07-04,37,0,E103778
R01832,Data and Analytics,L1,Bengaluru,Backfill,2025-04-19,2025-05-26,2025-07-25,18,0,E103779
R01833,Delivery,L1,Hyderabad,Backfill,2025-04-22,2025-05-27,2025-08-25,21,1,E103996
R01834,Cloud and Infrastructure,L1,Bengaluru,Backfill,2025-04-18,2025-06-09,2025-09-07,17,2,E104020
R01835,Quality Engineering,L2,Bengaluru,Backfill,2025-04-14,2025-05-07,2025-06-06,12,0,E103756
R01836,Sales and Presales,L2,Hyderabad,Backfill,2025-04-01,2025-06-18,2025-08-17,24,2,E103997
R01837,Delivery,L1,Hyderabad,Backfill,2025-04-03,2025-04-24,2025-07-23,38,0,E103780
R01838,Delivery,L2,Bengaluru,Backfill,2025-04-20,2025-05-13,2025-07-12,26,0,E103781
R01839,Data and Analytics,L4,Bengaluru,Backfill,2025-05-20,2025-06-21,2025-08-20,33,2,E103998
R01840,Delivery,L1,Hyderabad,Backfill,2025-05-09,2025-06-03,2025-07-03,18,2,E103782
R01841,Data and Analytics,L5,Bengaluru,Backfill,2025-05-17,2025-08-13,2025-09-12,39,2,E104021
R01842,Delivery,L3,Hyderabad,Backfill,2025-05-26,2025-07-05,2025-09-03,16,0,E104022
R01843,Delivery,L3,Bengaluru,Backfill,2025-05-11,2025-06-16,2025-07-16,10,1,E103783
R01844,Delivery,L2,Hyderabad,Backfill,2025-05-16,2025-06-04,2025-09-02,16,0,E104023
R01845,Delivery,L3,Bengaluru,Backfill,2025-05-26,2025-07-13,2025-10-11,19,1,E104061
R01846,Delivery,L2,Hyderabad,Backfill,2025-05-15,2025-06-26,2025-09-24,24,0,E104024
R01847,Delivery,L3,Bengaluru,Backfill,2025-05-05,2025-07-30,2025-08-29,11,2,E103999
R01848,Data and Analytics,L3,Hyderabad,Backfill,2025-05-16,2025-06-14,2025-08-13,15,1,E104000
R01849,Delivery,L3,Bengaluru,Backfill,2025-05-13,2025-07-26,2025-10-24,28,1,E104062
R01850,Cloud and Infrastructure,L2,Hyderabad,Backfill,2025-05-05,2025-05-26,2025-07-25,30,1,E103784
R01851,Quality Engineering,L3,Hyderabad,Backfill,2025-05-18,2025-07-15,2025-10-13,25,1,E104063
R01852,Quality Engineering,L3,Bengaluru,Backfill,2025-05-17,2025-06-01,2025-07-31,25,2,E103785
R01853,Cloud and Infrastructure,L1,Hyderabad,Backfill,2025-05-20,2025-06-05,2025-08-04,31,1,E104001
R01854,Data and Analytics,L5,Bengaluru,Backfill,2025-05-03,2025-08-17,2025-10-16,6,3,E104064
R01855,Delivery,L2,Bengaluru,Backfill,2025-05-08,2025-07-11,2025-09-09,23,1,E104025
R01856,Sales and Presales,L3,Bengaluru,Backfill,2025-05-15,2025-05-31,2025-07-30,33,1,E103786
R01857,Cloud and Infrastructure,L3,Hyderabad,Backfill,2025-05-19,2025-06-11,2025-09-09,34,0,E104026
R01858,Quality Engineering,L2,Bengaluru,Backfill,2025-05-18,2025-06-05,2025-09-03,19,0,E104027
R01859,Quality Engineering,L3,Hyderabad,Backfill,2025-05-06,2025-06-13,2025-07-13,15,2,E103787
R01860,Cloud and Infrastructure,L2,Hyderabad,Backfill,2025-05-05,2025-06-21,2025-08-20,20,0,E104002
R01861,Quality Engineering,L3,Hyderabad,Backfill,2025-05-25,2025-06-13,2025-07-13,10,2,E103788
R01862,Data and Analytics,L2,Bengaluru,Backfill,2025-05-24,2025-06-18,2025-08-17,37,1,E104003
R01863,Delivery,L1,Hyderabad,Backfill,2025-05-07,2025-05-18,2025-07-17,13,2,E103789
R01864,Delivery,L1,Hyderabad,Backfill,2025-05-04,2025-06-05,2025-07-05,26,1,E103790
R01865,Sales and Presales,L2,Hyderabad,Backfill,2025-05-20,2025-06-20,2025-08-19,21,0,E104004
R01866,Cloud and Infrastructure,L1,Hyderabad,Backfill,2025-05-23,2025-07-05,2025-09-03,34,0,E104028
R01867,Delivery,L3,Hyderabad,Backfill,2025-05-07,2025-06-28,2025-09-26,37,3,E104029
R01868,Delivery,L1,Bengaluru,Backfill,2025-05-26,2025-08-07,2025-10-06,16,0,E104065
R01869,Delivery,L1,Bengaluru,Backfill,2025-05-02,2025-05-22,2025-07-21,12,2,E103791
R01870,Delivery,L3,Hyderabad,Backfill,2025-05-09,2025-06-14,2025-09-12,26,1,E104030
R01871,Cloud and Infrastructure,L4,Bengaluru,Backfill,2025-05-03,2025-06-26,2025-08-25,30,0,E104005
R01872,Delivery,L1,Hyderabad,Backfill,2025-05-16,2025-06-23,2025-08-22,12,1,E104006
R01873,Delivery,L3,Hyderabad,Backfill,2025-05-13,2025-06-10,2025-08-09,7,1,E104007
R01874,Delivery,L4,Hyderabad,Growth,2025-05-01,2025-07-28,2025-09-26,14,1,E104031
R01875,Delivery,L5,Hyderabad,Growth,2025-05-01,2025-08-11,2025-10-10,10,0,E104066
R01876,Quality Engineering,L2,Hyderabad,Growth,2025-05-01,2025-05-24,2025-08-22,25,1,E104008
R01877,Cloud and Infrastructure,L5,Hyderabad,Growth,2025-05-01,2025-06-20,2025-08-19,23,2,E104009
R01878,Delivery,L2,Hyderabad,Growth,2025-05-01,2025-05-13,2025-07-12,10,0,E103792
R01879,Cloud and Infrastructure,L2,Bengaluru,Growth,2025-05-01,2025-05-26,2025-07-25,32,0,E103793
R01880,Corporate Functions,L2,Hyderabad,Growth,2025-05-01,2025-06-13,2025-08-12,10,0,E104010
R01881,Quality Engineering,L2,Hyderabad,Growth,2025-05-01,2025-06-23,2025-07-23,27,0,E103794
R01882,Corporate Functions,L1,Hyderabad,Backfill,2025-06-01,2025-06-26,2025-07-26,8,1,E103795
R01883,Delivery,L5,Bengaluru,Backfill,2025-06-09,2025-08-10,2025-09-09,36,0,E104032
R01884,Quality Engineering,L1,Bengaluru,Backfill,2025-06-08,2025-08-11,2025-11-09,15,1,E104090
R01885,Sales and Presales,L3,Bengaluru,Backfill,2025-06-07,2025-07-27,2025-09-25,12,1,E104033
R01886,Delivery,L2,Bengaluru,Backfill,2025-06-04,2025-07-19,2025-09-17,36,0,E104034
R01887,Delivery,L2,Bengaluru,Backfill,2025-06-12,2025-07-03,2025-08-02,39,1,E104011
R01888,Sales and Presales,L1,Hyderabad,Backfill,2025-06-06,2025-06-27,2025-09-25,30,0,E104035
R01889,Cloud and Infrastructure,L2,Bengaluru,Backfill,2025-06-21,2025-07-22,2025-10-20,34,1,E104067
R01890,Data and Analytics,L2,Bengaluru,Backfill,2025-06-15,2025-07-15,2025-08-14,24,0,E104012
R01891,Delivery,L2,Bengaluru,Backfill,2025-06-09,2025-08-27,2025-10-26,39,0,E104068
R01892,Sales and Presales,L2,Hyderabad,Backfill,2025-06-26,2025-07-26,2025-09-24,23,1,E104036
R01893,Data and Analytics,L5,Hyderabad,Backfill,2025-06-18,2025-08-15,2025-09-14,31,1,E104037
R01894,Delivery,L2,Bengaluru,Backfill,2025-06-13,2025-07-25,2025-09-23,9,0,E104038
R01895,Quality Engineering,L1,Hyderabad,Backfill,2025-06-01,2025-06-22,2025-09-20,22,1,E104039
R01896,Sales and Presales,L2,Bengaluru,Backfill,2025-06-17,2025-07-30,2025-10-28,9,1,E104069
R01897,Delivery,L1,Hyderabad,Backfill,2025-06-21,2025-07-09,2025-08-08,18,0,E104013
R01898,Delivery,L2,Hyderabad,Backfill,2025-06-03,2025-07-07,2025-09-05,39,0,E104040
R01899,Quality Engineering,L3,Bengaluru,Backfill,2025-06-03,2025-09-22,2025-12-21,39,0,E104120
R01900,Data and Analytics,L2,Bengaluru,Backfill,2025-06-12,2025-07-07,2025-08-06,32,0,E104014
R01901,Delivery,L1,Hyderabad,Backfill,2025-06-03,2025-07-27,2025-09-25,12,0,E104041
R01902,Delivery,L2,Hyderabad,Backfill,2025-06-19,2025-07-13,2025-09-11,13,0,E104042
R01903,Delivery,L1,Hyderabad,Backfill,2025-06-23,2025-08-08,2025-11-06,33,1,E104091
R01904,Sales and Presales,L1,Hyderabad,Backfill,2025-06-26,2025-07-25,2025-09-23,34,0,E104043
R01905,Delivery,L1,Hyderabad,Backfill,2025-06-27,2025-08-22,2025-11-20,26,0,E104092
R01906,Delivery,L1,Hyderabad,Backfill,2025-06-16,2025-07-04,2025-09-02,7,0,E104044
R01907,Cloud and Infrastructure,L1,Bengaluru,Backfill,2025-06-14,2025-06-28,2025-09-26,25,1,E104045
R01908,Delivery,L4,Hyderabad,Growth,2025-06-01,2025-07-14,2025-10-12,10,3,E104070
R01909,Cloud and Infrastructure,L2,Bengaluru,Growth,2025-06-01,2025-06-23,2025-09-21,23,1,E104046
R01910,Data and Analytics,L2,Hyderabad,Growth,2025-06-01,2025-07-08,2025-08-07,32,1,E104015
R01911,Delivery,L3,Bengaluru,Growth,2025-06-01,2025-07-10,2025-10-08,35,2,E104071
R01912,Consulting,L2,Hyderabad,Growth,2025-06-01,2025-06-20,2025-09-18,32,2,E104047
R01913,Data and Analytics,L2,Hyderabad,Backfill,2025-07-04,2025-08-28,2025-11-26,21,0,E104093
R01914,Delivery,L2,Bengaluru,Backfill,2025-07-19,2025-07-31,2025-09-29,22,1,E104048
R01915,Delivery,L2,Hyderabad,Backfill,2025-07-16,2025-08-19,2025-09-18,26,1,E104049
R01916,Data and Analytics,L2,Hyderabad,Backfill,2025-07-09,2025-08-30,2025-11-28,21,0,E104094
R01917,Corporate Functions,L1,Bengaluru,Backfill,2025-07-21,2025-08-17,2025-10-16,35,0,E104072
R01918,Delivery,L1,Hyderabad,Backfill,2025-07-09,2025-08-12,2025-09-11,32,0,E104050
R01919,Quality Engineering,L3,Bengaluru,Backfill,2025-07-11,2025-08-22,2025-09-21,37,1,E104051
R01920,Corporate Functions,L2,Hyderabad,Backfill,2025-07-19,2025-10-09,2025-12-08,32,1,E104121
R01921,Sales and Presales,L3,Bengaluru,Backfill,2025-07-02,2025-07-27,2025-09-25,38,0,E104052
R01922,Cloud and Infrastructure,L2,Bengaluru,Backfill,2025-07-10,2025-08-08,2025-10-07,26,0,E104073
R01923,Data and Analytics,L4,Bengaluru,Backfill,2025-07-07,2025-09-27,2025-12-26,21,1,E104122
R01924,Delivery,L2,Hyderabad,Backfill,2025-07-16,2025-08-21,2025-11-19,31,0,E104095
R01925,Cloud and Infrastructure,L4,Bengaluru,Backfill,2025-07-27,2025-08-25,2025-09-24,18,1,E104053
R01926,Sales and Presales,L1,Hyderabad,Backfill,2025-07-09,2025-08-19,2025-10-18,9,0,E104074
R01927,Sales and Presales,L3,Hyderabad,Backfill,2025-07-01,2025-08-25,2025-10-24,31,3,E104075
R01928,Data and Analytics,L3,Bengaluru,Backfill,2025-07-19,2025-08-11,2025-10-10,14,0,E104076
R01929,Data and Analytics,L2,Hyderabad,Backfill,2025-07-25,2025-09-15,2025-11-14,22,0,E104096
R01930,Consulting,L4,Bengaluru,Backfill,2025-07-03,2025-10-01,2025-11-30,14,2,E104097
R01931,Quality Engineering,L2,Hyderabad,Backfill,2025-07-27,2025-08-21,2025-10-20,26,1,E104077
R01932,Data and Analytics,L2,Hyderabad,Backfill,2025-07-01,2025-08-21,2025-09-20,18,0,E104054
R01933,Quality Engineering,L1,Hyderabad,Backfill,2025-07-20,2025-08-11,2025-10-10,14,0,E104078
R01934,Delivery,L1,Hyderabad,Backfill,2025-07-11,2025-08-05,2025-11-03,14,0,E104098
R01935,Delivery,L2,Bengaluru,Backfill,2025-07-24,2025-09-03,2025-12-02,16,0,E104123
R01936,Data and Analytics,L1,Hyderabad,Backfill,2025-07-12,2025-09-13,2025-11-12,27,0,E104099
R01937,Quality Engineering,L1,Hyderabad,Backfill,2025-07-18,2025-08-17,2025-10-16,34,0,E104079
R01938,Delivery,L2,Bengaluru,Backfill,2025-07-24,2025-08-15,2025-10-14,9,1,E104080
R01939,Corporate Functions,L2,Bengaluru,Backfill,2025-07-07,2025-08-04,2025-09-03,20,0,E104055
R01940,Delivery,L6,Hyderabad,Backfill,2025-07-10,2025-12-01,2026-01-30,9,3,E104153
R01941,Cloud and Infrastructure,L2,Hyderabad,Backfill,2025-07-16,2025-07-31,2025-09-29,29,1,E104056
R01942,Delivery,L2,Bengaluru,Backfill,2025-07-19,2025-08-05,2025-11-03,28,1,E104100
R01943,Delivery,L2,Bengaluru,Backfill,2025-07-16,2025-08-15,2025-11-13,13,0,E104101
R01944,Quality Engineering,L1,Bengaluru,Backfill,2025-07-12,2025-09-01,2025-10-01,24,0,E104081
R01945,Delivery,L1,Bengaluru,Backfill,2025-07-17,2025-08-12,2025-09-11,15,1,E104057
R01946,Quality Engineering,L1,Hyderabad,Backfill,2025-07-11,2025-08-22,2025-09-21,36,0,E104058
R01947,Delivery,L2,Hyderabad,Backfill,2025-07-09,2025-08-25,2025-09-24,23,0,E104059
R01948,Delivery,L3,Bengaluru,Backfill,2025-07-18,2025-09-01,2025-10-31,15,1,E104082
R01949,Corporate Functions,L2,Hyderabad,Growth,2025-07-01,2025-08-01,2025-10-30,10,1,E104083
R01950,Cloud and Infrastructure,L5,Hyderabad,Growth,2025-07-01,2025-08-17,2025-11-15,26,0,E104102
R01951,Quality Engineering,L2,Bengaluru,Backfill,2025-08-21,2025-09-11,2025-10-11,26,1,E104084
R01952,Quality Engineering,L2,Bengaluru,Backfill,2025-08-03,2025-09-13,2025-11-12,30,1,E104103
R01953,Sales and Presales,L3,Hyderabad,Backfill,2025-08-04,2025-09-04,2025-10-04,32,2,E104085
R01954,Delivery,L1,Hyderabad,Backfill,2025-08-21,2025-09-02,2025-11-01,20,0,E104104
R01955,Delivery,L1,Hyderabad,Backfill,2025-08-13,2025-08-29,2025-09-28,35,0,E104060
R01956,Cloud and Infrastructure,L2,Bengaluru,Backfill,2025-08-26,2025-09-26,2025-11-25,11,1,E104105
R01957,Delivery,L4,Bengaluru,Backfill,2025-08-20,2025-10-06,2025-11-05,28,1,E104106
R01958,Delivery,L3,Hyderabad,Backfill,2025-08-10,2025-10-10,2025-12-09,38,1,E104124
R01959,Delivery,L2,Bengaluru,Backfill,2025-08-12,2025-10-13,2025-12-12,15,1,E104125
R01960,Delivery,L3,Hyderabad,Backfill,2025-08-04,2025-08-18,2025-10-17,24,2,E104086
R01961,Quality Engineering,L2,Bengaluru,Backfill,2025-08-17,2025-10-12,2025-12-11,12,1,E104126
R01962,Data and Analytics,L1,Bengaluru,Backfill,2025-08-05,2025-09-04,2025-10-04,23,0,E104087
R01963,Delivery,L2,Hyderabad,Backfill,2025-08-24,2025-10-09,2025-11-08,23,0,E104107
R01964,Quality Engineering,L1,Hyderabad,Backfill,2025-08-04,2025-09-26,2025-12-25,36,1,E104127
R01965,Quality Engineering,L1,Hyderabad,Backfill,2025-08-13,2025-09-02,2025-10-02,37,0,E104088
R01966,Cloud and Infrastructure,L2,Hyderabad,Backfill,2025-08-06,2025-09-16,2025-11-15,27,0,E104108
R01967,Delivery,L2,Hyderabad,Backfill,2025-08-14,2025-09-23,2025-11-22,32,0,E104109
R01968,Delivery,L2,Bengaluru,Backfill,2025-08-26,2025-10-01,2025-12-30,29,1,E104128
R01969,Sales and Presales,L2,Bengaluru,Backfill,2025-08-15,2025-09-05,2025-11-04,38,0,E104110
R01970,Delivery,L3,Bengaluru,Backfill,2025-09-01,2025-10-23,2025-11-22,20,1,E104111
R01971,Delivery,L3,Hyderabad,Backfill,2025-09-26,2025-10-21,2025-12-20,10,0,E104129
R01972,Quality Engineering,L6,Hyderabad,Backfill,2025-09-07,2025-12-20,2026-01-19,17,0,E104154
R01973,Quality Engineering,L2,Hyderabad,Backfill,2025-09-21,2025-11-09,2026-01-08,10,2,E104155
R01974,Data and Analytics,L2,Hyderabad,Backfill,2025-09-19,2025-11-04,2026-01-03,29,0,E104156
R01975,Cloud and Infrastructure,L2,Hyderabad,Backfill,2025-09-11,2025-10-29,2025-11-28,28,0,E104112
R01976,Delivery,L1,Bengaluru,Backfill,2025-09-02,2025-10-09,2026-01-07,22,1,E104157
R01977,Delivery,L1,Hyderabad,Backfill,2025-09-02,2025-09-14,2025-11-13,31,1,E104113
R01978,Sales and Presales,L1,Hyderabad,Backfill,2025-09-14,2025-10-08,2026-01-06,6,1,E104158
R01979,Consulting,L1,Hyderabad,Backfill,2025-09-07,2025-09-21,2025-10-21,15,1,E104089
R01980,Delivery,L3,Bengaluru,Backfill,2025-09-20,2025-10-13,2025-11-12,13,0,E104114
R01981,Delivery,L1,Bengaluru,Backfill,2025-09-21,2025-10-18,2025-11-17,6,0,E104115
R01982,Data and Analytics,L1,Bengaluru,Backfill,2025-09-18,2025-11-01,2025-12-31,11,0,E104130
R01983,Data and Analytics,L1,Hyderabad,Backfill,2025-09-24,2025-11-21,2026-01-20,18,2,E104159
R01984,Cloud and Infrastructure,L1,Hyderabad,Backfill,2025-09-17,2025-10-13,2025-12-12,21,1,E104131
R01985,Delivery,L1,Hyderabad,Backfill,2025-09-15,2025-10-11,2025-12-10,38,0,E104132
R01986,Delivery,L1,Hyderabad,Backfill,2025-09-20,2025-10-04,2025-12-03,20,2,E104133
R01987,Consulting,L1,Bengaluru,Backfill,2025-09-07,2025-09-29,2025-11-28,30,0,E104116
R01988,Delivery,L1,Hyderabad,Backfill,2025-09-17,2025-11-26,2026-01-25,23,1,E104160
R01989,Cloud and Infrastructure,L2,Bengaluru,Backfill,2025-09-11,2025-10-14,2025-11-13,25,0,E104117
R01990,Quality Engineering,L3,Bengaluru,Backfill,2025-09-15,2025-11-18,2026-01-17,28,3,E104161
R01991,Quality Engineering,L1,Hyderabad,Backfill,2025-09-21,2025-10-05,2025-11-04,35,0,E104118
R01992,Consulting,L4,Hyderabad,Growth,2025-09-01,2025-11-05,2026-02-03,31,0,E104187
R01993,Delivery,L3,Bengaluru,Growth,2025-09-01,2025-10-19,2025-12-18,14,1,E104134
R01994,Delivery,L3,Bengaluru,Growth,2025-09-01,2025-10-26,2025-12-25,13,0,E104135
R01995,Delivery,L2,Hyderabad,Growth,2025-09-01,2025-10-29,2025-12-28,23,0,E104136
R01996,Delivery,L2,Hyderabad,Backfill,2025-10-02,2025-10-28,2025-12-27,32,0,E104137
R01997,Quality Engineering,L2,Bengaluru,Backfill,2025-10-18,2025-11-26,2026-02-24,16,0,E104188
R01998,Cloud and Infrastructure,L5,Hyderabad,Backfill,2025-10-27,,,11,0,
R01999,Delivery,L3,Hyderabad,Backfill,2025-10-09,2025-11-15,2026-01-14,22,3,E104162
R02000,Data and Analytics,L2,Hyderabad,Backfill,2025-10-24,2025-12-03,2026-01-02,14,1,E104163
R02001,Delivery,L1,Hyderabad,Backfill,2025-10-15,2025-10-21,2025-12-20,37,0,E104138
R02002,Cloud and Infrastructure,L2,Hyderabad,Backfill,2025-10-02,2025-10-23,2026-01-21,10,0,E104164
R02003,Data and Analytics,L3,Hyderabad,Backfill,2025-10-26,2025-11-24,2025-12-24,38,0,E104139
R02004,Consulting,L4,Hyderabad,Backfill,2025-10-22,2025-11-04,2025-12-04,20,1,E104140
R02005,Delivery,L2,Hyderabad,Backfill,2025-10-05,2025-11-07,2026-02-05,11,0,E104189
R02006,Cloud and Infrastructure,L2,Hyderabad,Backfill,2025-10-19,2025-11-14,2025-12-14,7,1,E104141
R02007,Quality Engineering,L2,Bengaluru,Backfill,2025-10-02,2025-11-23,2025-12-23,38,0,E104142
R02008,Data and Analytics,L4,Hyderabad,Backfill,2025-10-04,2025-11-05,2026-02-03,27,0,E104190
R02009,Quality Engineering,L2,Hyderabad,Backfill,2025-10-20,2025-11-20,2026-01-19,6,0,E104165
R02010,Delivery,L3,Bengaluru,Backfill,2025-10-01,2025-10-26,2026-01-24,17,2,E104166
R02011,Cloud and Infrastructure,L6,Hyderabad,Backfill,2025-10-04,,,9,1,
R02012,Delivery,L1,Hyderabad,Backfill,2025-10-27,2025-12-14,2026-03-14,19,0,E104211
R02013,Delivery,L1,Hyderabad,Backfill,2025-10-07,2025-10-30,2025-12-29,18,0,E104143
R02014,Data and Analytics,L2,Hyderabad,Backfill,2025-10-16,2025-12-12,2026-01-11,27,0,E104167
R02015,Quality Engineering,L2,Hyderabad,Backfill,2025-10-19,2025-11-19,2025-12-19,19,0,E104144
R02016,Data and Analytics,L2,Hyderabad,Backfill,2025-10-17,2025-11-08,2025-12-08,23,0,E104145
R02017,Quality Engineering,L2,Bengaluru,Backfill,2025-10-27,2025-11-24,2026-01-23,12,1,E104168
R02018,Quality Engineering,L1,Bengaluru,Backfill,2025-10-22,2025-11-28,2026-01-27,16,2,E104169
R02019,Corporate Functions,L5,Bengaluru,Backfill,2025-10-14,,,20,1,
R02020,Quality Engineering,L3,Bengaluru,Backfill,2025-10-08,2025-11-28,2026-01-27,21,1,E104170
R02021,Cloud and Infrastructure,L4,Bengaluru,Backfill,2025-10-09,2025-11-13,2026-02-11,34,0,E104191
R02022,Delivery,L1,Hyderabad,Backfill,2025-10-08,2025-10-30,2025-12-29,13,0,E104146
R02023,Data and Analytics,L1,Bengaluru,Backfill,2025-10-21,2025-12-04,2026-02-02,29,0,E104192
R02024,Data and Analytics,L1,Hyderabad,Backfill,2025-10-10,2025-10-28,2025-12-27,28,1,E104147
R02025,Delivery,L1,Bengaluru,Backfill,2025-10-22,2025-11-15,2026-01-14,10,1,E104171
R02026,Quality Engineering,L3,Hyderabad,Backfill,2025-10-25,2025-12-22,2026-02-20,27,4,E104193
R02027,Delivery,L2,Hyderabad,Backfill,2025-10-10,2025-11-05,2026-01-04,34,0,E104172
R02028,Sales and Presales,L1,Hyderabad,Backfill,2025-10-22,2025-11-11,2026-01-10,23,0,E104173
R02029,Delivery,L2,Hyderabad,Backfill,2025-10-16,2025-10-21,2025-12-20,19,0,E104148
R02030,Quality Engineering,L4,Hyderabad,Backfill,2025-10-15,2025-10-25,2026-01-23,23,1,E104174
R02031,Delivery,L2,Hyderabad,Backfill,2025-10-22,2025-11-25,2026-01-24,10,0,E104175
R02032,Data and Analytics,L1,Bengaluru,Backfill,2025-10-13,2025-12-01,2026-01-30,32,0,E104176
R02033,Sales and Presales,L1,Hyderabad,Backfill,2025-10-24,2025-11-30,2026-02-28,6,0,E104194
R02034,Delivery,L1,Hyderabad,Backfill,2025-10-23,2025-10-30,2025-12-29,8,0,E104149
R02035,Cloud and Infrastructure,L2,Bengaluru,Backfill,2025-10-15,2025-12-02,2026-01-01,28,0,E104177
R02036,Delivery,L3,Hyderabad,Backfill,2025-10-25,2025-11-03,2025-12-03,36,1,E104150
R02037,Consulting,L1,Bengaluru,Backfill,2025-10-01,2025-10-08,2026-01-06,39,0,E104178
R02038,Cloud and Infrastructure,L2,Hyderabad,Growth,2025-10-01,2025-10-27,2025-11-26,27,1,E104119
R02039,Consulting,L1,Bengaluru,Backfill,2025-11-09,2025-12-16,2026-01-15,25,0,E104179
R02040,Delivery,L2,Hyderabad,Backfill,2025-11-18,2025-12-13,2026-02-11,27,0,E104195
R02041,Delivery,L2,Bengaluru,Backfill,2025-11-15,2026-01-19,2026-03-20,39,0,E104212
R02042,Delivery,L4,Hyderabad,Backfill,2025-11-01,2025-12-09,2026-02-07,31,3,E104196
R02043,Data and Analytics,L3,Hyderabad,Backfill,2025-11-27,2026-01-23,2026-03-24,7,0,E104213
R02044,Delivery,L2,Hyderabad,Backfill,2025-11-14,2026-01-05,2026-03-06,23,0,E104214
R02045,Delivery,L3,Hyderabad,Backfill,2025-11-19,2025-12-15,2026-01-14,19,1,E104180
R02046,Delivery,L1,Hyderabad,Backfill,2025-11-14,2026-01-17,2026-03-18,7,2,E104215
R02047,Delivery,L2,Bengaluru,Backfill,2025-11-09,2025-12-16,2026-03-16,39,0,E104216
R02048,Consulting,L2,Hyderabad,Backfill,2025-11-06,,,15,0,
R02049,Cloud and Infrastructure,L3,Hyderabad,Backfill,2025-11-05,2025-12-27,2026-02-25,34,2,E104197
R02050,Quality Engineering,L2,Bengaluru,Backfill,2025-11-17,2025-12-07,2026-01-06,12,0,E104181
R02051,Cloud and Infrastructure,L2,Bengaluru,Backfill,2025-11-22,,,12,1,
R02052,Corporate Functions,L4,Hyderabad,Backfill,2025-11-16,2025-12-05,2026-03-05,25,2,E104217
R02053,Delivery,L4,Hyderabad,Backfill,2025-11-13,,,39,1,
R02054,Delivery,L1,Bengaluru,Backfill,2025-11-10,2025-11-28,2025-12-28,14,1,E104151
R02055,Cloud and Infrastructure,L2,Hyderabad,Backfill,2025-11-27,2025-12-14,2026-02-12,29,1,E104198
R02056,Delivery,L2,Hyderabad,Backfill,2025-11-12,2025-12-23,2026-01-22,13,1,E104182
R02057,Quality Engineering,L2,Hyderabad,Backfill,2025-11-13,2025-12-03,2026-02-01,18,0,E104199
R02058,Delivery,L1,Bengaluru,Backfill,2025-11-23,2025-11-30,2026-02-28,21,2,E104200
R02059,Quality Engineering,L1,Bengaluru,Backfill,2025-11-20,2025-12-07,2026-02-05,36,2,E104201
R02060,Cloud and Infrastructure,L1,Hyderabad,Backfill,2025-11-10,2025-12-16,2026-03-16,7,0,E104218
R02061,Delivery,L1,Bengaluru,Backfill,2025-11-24,2025-12-14,2026-03-14,33,3,E104219
R02062,Delivery,L1,Hyderabad,Backfill,2025-11-02,2025-12-05,2026-03-05,13,0,E104220
R02063,Delivery,L4,Hyderabad,Backfill,2025-11-13,2025-12-17,2026-01-16,17,4,E104183
R02064,Delivery,L1,Bengaluru,Backfill,2025-11-02,2025-11-17,2026-01-16,18,1,E104184
R02065,Cloud and Infrastructure,L2,Hyderabad,Backfill,2025-11-03,2025-11-17,2025-12-17,17,0,E104152
R02066,Delivery,L1,Bengaluru,Backfill,2025-11-03,2025-12-13,2026-03-13,35,2,E104221
R02067,Cloud and Infrastructure,L3,Bengaluru,Growth,2025-11-01,2025-12-14,2026-02-12,20,1,E104202
R02068,Cloud and Infrastructure,L1,Bengaluru,Backfill,2025-12-15,,,20,0,
R02069,Delivery,L1,Hyderabad,Backfill,2025-12-06,2025-12-13,2026-02-11,22,0,E104203
R02070,Corporate Functions,L2,Hyderabad,Backfill,2025-12-21,2026-01-13,2026-03-14,23,0,E104222
R02071,Sales and Presales,L3,Bengaluru,Backfill,2025-12-04,2025-12-21,2026-03-21,15,0,E104223
R02072,Data and Analytics,L2,Bengaluru,Backfill,2025-12-16,2026-02-26,2026-03-28,14,0,E104224
R02073,Delivery,L2,Bengaluru,Backfill,2025-12-22,,,25,1,
R02074,Delivery,L4,Hyderabad,Backfill,2025-12-09,2026-01-05,2026-03-06,10,1,E104225
R02075,Data and Analytics,L2,Hyderabad,Backfill,2025-12-08,2026-01-28,2026-02-27,31,1,E104204
R02076,Delivery,L3,Bengaluru,Backfill,2025-12-05,,,18,2,
R02077,Cloud and Infrastructure,L2,Hyderabad,Backfill,2025-12-22,,,7,4,
R02078,Delivery,L6,Hyderabad,Backfill,2025-12-05,,,38,1,
R02079,Delivery,L3,Hyderabad,Backfill,2025-12-14,2026-02-04,2026-03-06,24,2,E104226
R02080,Delivery,L3,Bengaluru,Backfill,2025-12-17,,,33,0,
R02081,Corporate Functions,L2,Hyderabad,Backfill,2025-12-12,2026-01-18,2026-02-17,30,0,E104205
R02082,Delivery,L5,Hyderabad,Backfill,2025-12-13,,,31,0,
R02083,Delivery,L1,Hyderabad,Backfill,2025-12-25,2026-01-13,2026-03-14,36,1,E104227
R02084,Delivery,L1,Bengaluru,Backfill,2025-12-27,,,13,0,
R02085,Cloud and Infrastructure,L1,Hyderabad,Backfill,2025-12-07,2026-01-05,2026-03-06,35,0,E104228
R02086,Delivery,L1,Bengaluru,Backfill,2025-12-16,2026-01-07,2026-02-06,18,1,E104206
R02087,Corporate Functions,L2,Hyderabad,Backfill,2025-12-07,2026-01-10,2026-03-11,39,1,E104229
R02088,Cloud and Infrastructure,L3,Bengaluru,Backfill,2025-12-06,2025-12-26,2026-02-24,16,0,E104207
R02089,Data and Analytics,L4,Bengaluru,Backfill,2025-12-25,,,24,1,
R02090,Delivery,L6,Bengaluru,Backfill,2025-12-02,,,26,1,
R02091,Delivery,L1,Hyderabad,Backfill,2025-12-24,2026-01-10,2026-03-11,25,0,E104230
R02092,Data and Analytics,L1,Bengaluru,Backfill,2025-12-08,2025-12-25,2026-01-24,16,1,E104185
R02093,Delivery,L1,Hyderabad,Backfill,2025-12-09,,,10,0,
R02094,Quality Engineering,L1,Bengaluru,Backfill,2025-12-17,2025-12-22,2026-01-21,34,0,E104186
R02095,Quality Engineering,L1,Hyderabad,Backfill,2025-12-08,,,15,0,
R02096,Quality Engineering,L1,Hyderabad,Backfill,2025-12-27,2026-01-25,2026-02-24,39,0,E104208
R02097,Data and Analytics,L3,Hyderabad,Growth,2025-12-01,,,6,1,
R02098,Delivery,L3,Hyderabad,Growth,2025-12-01,,,32,0,
R02099,Data and Analytics,L2,Bengaluru,Growth,2025-12-01,2026-01-23,2026-03-24,26,0,E104231
R02100,Data and Analytics,L3,Hyderabad,Growth,2025-12-01,2026-01-23,2026-03-24,7,1,E104232
R02101,Sales and Presales,L4,Hyderabad,Backfill,2026-01-16,,,18,1,
R02102,Cloud and Infrastructure,L4,Bengaluru,Backfill,2026-01-23,,,9,4,
R02103,Delivery,L1,Hyderabad,Backfill,2026-01-26,2026-02-17,2026-03-19,18,0,E104233
R02104,Delivery,L2,Hyderabad,Backfill,2026-01-23,,,7,1,
R02105,Delivery,L6,Bengaluru,Backfill,2026-01-08,,,7,1,
R02106,Corporate Functions,L4,Hyderabad,Backfill,2026-01-02,,,38,1,
R02107,Delivery,L3,Hyderabad,Backfill,2026-01-04,,,38,0,
R02108,Sales and Presales,L2,Bengaluru,Backfill,2026-01-13,,,37,0,
R02109,Delivery,L2,Bengaluru,Backfill,2026-01-06,,,6,2,
R02110,Sales and Presales,L2,Bengaluru,Backfill,2026-01-12,,,10,1,
R02111,Delivery,L3,Hyderabad,Backfill,2026-01-19,,,16,1,
R02112,Delivery,L3,Hyderabad,Backfill,2026-01-21,,,22,1,
R02113,Delivery,L1,Hyderabad,Backfill,2026-01-20,,,13,1,
R02114,Data and Analytics,L1,Hyderabad,Backfill,2026-01-05,2026-02-14,2026-03-16,17,1,E104234
R02115,Delivery,L1,Hyderabad,Backfill,2026-01-16,,,38,1,
R02116,Data and Analytics,L3,Bengaluru,Backfill,2026-01-08,2026-01-28,2026-03-29,14,3,E104235
R02117,Corporate Functions,L2,Bengaluru,Backfill,2026-01-24,,,8,3,
R02118,Delivery,L1,Bengaluru,Backfill,2026-01-11,,,6,0,
R02119,Data and Analytics,L1,Bengaluru,Backfill,2026-01-10,,,34,0,
R02120,Quality Engineering,L1,Hyderabad,Backfill,2026-01-11,2026-01-20,2026-03-21,12,0,E104236
R02121,Cloud and Infrastructure,L1,Hyderabad,Backfill,2026-01-23,,,10,0,
R02122,Data and Analytics,L1,Bengaluru,Backfill,2026-01-11,,,32,1,
R02123,Delivery,L1,Bengaluru,Backfill,2026-01-14,2026-01-27,2026-02-26,33,2,E104209
R02124,Delivery,L1,Bengaluru,Backfill,2026-01-23,,,29,2,
R02125,Delivery,L2,Hyderabad,Backfill,2026-01-16,,,20,0,
R02126,Data and Analytics,L2,Hyderabad,Backfill,2026-01-18,,,13,0,
R02127,Delivery,L1,Hyderabad,Backfill,2026-01-01,,,19,1,
R02128,Data and Analytics,L1,Bengaluru,Backfill,2026-01-10,2026-01-29,2026-03-30,23,0,E104237
R02129,Consulting,L3,Hyderabad,Growth,2026-01-01,,,38,0,
R02130,Sales and Presales,L6,Bengaluru,Growth,2026-01-01,,,39,1,
R02131,Consulting,L4,Hyderabad,Growth,2026-01-01,,,12,0,
R02132,Cloud and Infrastructure,L2,Bengaluru,Growth,2026-01-01,,,36,1,
R02133,Quality Engineering,L2,Hyderabad,Growth,2026-01-01,2026-01-26,2026-02-25,11,0,E104210
R02134,Delivery,L4,Hyderabad,Growth,2026-01-01,,,32,1,
R02135,Cloud and Infrastructure,L1,Hyderabad,Campus,2026-01-01,,,76,1,
R02136,Cloud and Infrastructure,L1,Bengaluru,Campus,2026-01-01,,,99,0,
R02137,Delivery,L1,Hyderabad,Campus,2026-01-01,,,42,0,
R02138,Delivery,L1,Bengaluru,Campus,2026-01-01,,,35,0,
R02139,Consulting,L1,Bengaluru,Campus,2026-01-01,,,118,0,
R02140,Quality Engineering,L1,Hyderabad,Campus,2026-01-01,,,20,0,
R02141,Quality Engineering,L1,Hyderabad,Campus,2026-01-01,,,45,0,
R02142,Quality Engineering,L1,Bengaluru,Campus,2026-01-01,,,36,0,
R02143,Delivery,L1,Bengaluru,Campus,2026-01-01,,,79,0,
R02144,Data and Analytics,L1,Bengaluru,Campus,2026-01-01,,,98,0,
R02145,Consulting,L1,Hyderabad,Campus,2026-01-01,,,61,0,
R02146,Sales and Presales,L1,Bengaluru,Campus,2026-01-01,,,85,1,
R02147,Delivery,L1,Bengaluru,Campus,2026-01-01,,,20,1,
R02148,Consulting,L1,Hyderabad,Campus,2026-01-01,,,38,1,
R02149,Data and Analytics,L1,Bengaluru,Campus,2026-01-01,,,56,0,
R02150,Quality Engineering,L1,Bengaluru,Campus,2026-01-01,,,47,0,
R02151,Quality Engineering,L1,Hyderabad,Campus,2026-01-01,,,73,0,
R02152,Delivery,L1,Bengaluru,Campus,2026-01-01,,,32,0,
R02153,Data and Analytics,L1,Bengaluru,Campus,2026-01-01,,,47,0,
R02154,Data and Analytics,L1,Bengaluru,Campus,2026-01-01,,,38,2,
R02155,Data and Analytics,L1,Hyderabad,Campus,2026-01-01,,,82,0,
R02156,Quality Engineering,L1,Bengaluru,Campus,2026-01-01,,,68,0,
R02157,Quality Engineering,L1,Hyderabad,Campus,2026-01-01,,,51,0,
R02158,Quality Engineering,L1,Hyderabad,Campus,2026-01-01,,,23,0,
R02159,Delivery,L1,Bengaluru,Campus,2026-01-01,,,26,0,
R02160,Delivery,L1,Hyderabad,Campus,2026-01-01,,,78,1,
R02161,Delivery,L1,Bengaluru,Campus,2026-01-01,,,72,0,
R02162,Data and Analytics,L1,Bengaluru,Campus,2026-01-01,,,50,0,
R02163,Cloud and Infrastructure,L1,Hyderabad,Campus,2026-01-01,,,111,0,
R02164,Data and Analytics,L1,Hyderabad,Campus,2026-01-01,,,23,0,
R02165,Cloud and Infrastructure,L1,Hyderabad,Campus,2026-01-01,,,71,0,
R02166,Delivery,L1,Bengaluru,Campus,2026-01-01,,,115,0,
R02167,Sales and Presales,L1,Hyderabad,Campus,2026-01-01,,,112,1,
R02168,Quality Engineering,L1,Bengaluru,Campus,2026-01-01,,,107,0,
R02169,Quality Engineering,L1,Bengaluru,Campus,2026-01-01,,,98,1,
R02170,Sales and Presales,L1,Hyderabad,Campus,2026-01-01,,,79,0,
R02171,Consulting,L1,Hyderabad,Campus,2026-01-01,,,54,0,
R02172,Cloud and Infrastructure,L1,Bengaluru,Campus,2026-01-01,,,57,0,
R02173,Delivery,L1,Hyderabad,Campus,2026-01-01,,,74,0,
R02174,Delivery,L1,Hyderabad,Campus,2026-01-01,,,31,2,
R02175,Delivery,L1,Hyderabad,Campus,2026-01-01,,,29,0,
R02176,Sales and Presales,L1,Hyderabad,Campus,2026-01-01,,,106,1,
R02177,Data and Analytics,L1,Hyderabad,Campus,2026-01-01,,,77,0,
R02178,Delivery,L1,Bengaluru,Campus,2026-01-01,,,47,0,
R02179,Sales and Presales,L1,Hyderabad,Campus,2026-01-01,,,97,0,
R02180,Quality Engineering,L1,Hyderabad,Campus,2026-01-01,,,35,0,
R02181,Delivery,L1,Hyderabad,Campus,2026-01-01,,,105,0,
R02182,Data and Analytics,L1,Bengaluru,Campus,2026-01-01,,,44,1,
R02183,Delivery,L1,Hyderabad,Campus,2026-01-01,,,88,0,
R02184,Delivery,L1,Hyderabad,Campus,2026-01-01,,,119,0,
R02185,Sales and Presales,L1,Bengaluru,Campus,2026-01-01,,,106,1,
R02186,Delivery,L1,Hyderabad,Campus,2026-01-01,,,24,0,
R02187,Cloud and Infrastructure,L1,Hyderabad,Campus,2026-01-01,,,100,1,
R02188,Delivery,L1,Bengaluru,Campus,2026-01-01,,,46,0,
R02189,Cloud and Infrastructure,L1,Bengaluru,Campus,2026-01-01,,,68,1,
R02190,Delivery,L1,Bengaluru,Campus,2026-01-01,,,86,0,
R02191,Delivery,L1,Hyderabad,Campus,2026-01-01,,,92,0,
R02192,Quality Engineering,L1,Hyderabad,Campus,2026-01-01,,,85,0,
R02193,Delivery,L1,Hyderabad,Campus,2026-01-01,,,80,1,
R02194,Cloud and Infrastructure,L1,Bengaluru,Campus,2026-01-01,,,81,0,
R02195,Sales and Presales,L1,Hyderabad,Campus,2026-01-01,,,111,0,
R02196,Delivery,L1,Bengaluru,Campus,2026-01-01,,,79,0,
R02197,Delivery,L1,Hyderabad,Campus,2026-01-01,,,38,1,
R02198,Sales and Presales,L1,Hyderabad,Campus,2026-01-01,,,34,0,
R02199,Delivery,L1,Hyderabad,Campus,2026-01-01,,,25,2,
R02200,Delivery,L1,Hyderabad,Campus,2026-01-01,,,112,1,
R02201,Delivery,L1,Bengaluru,Campus,2026-01-01,,,30,0,
R02202,Delivery,L1,Hyderabad,Campus,2026-01-01,,,29,0,
R02203,Delivery,L1,Hyderabad,Campus,2026-01-01,,,43,0,
R02204,Quality Engineering,L1,Bengaluru,Campus,2026-01-01,,,33,0,
R02205,Quality Engineering,L1,Hyderabad,Campus,2026-01-01,,,85,0,
R02206,Delivery,L1,Hyderabad,Campus,2026-01-01,,,62,1,
R02207,Consulting,L1,Bengaluru,Campus,2026-01-01,,,40,0,
R02208,Delivery,L1,Hyderabad,Campus,2026-01-01,,,28,0,
R02209,Delivery,L1,Bengaluru,Campus,2026-01-01,,,29,0,
R02210,Quality Engineering,L1,Hyderabad,Campus,2026-01-01,,,113,0,
R02211,Delivery,L1,Hyderabad,Campus,2026-01-01,,,44,0,
R02212,Consulting,L1,Bengaluru,Campus,2026-01-01,,,104,0,
R02213,Delivery,L1,Hyderabad,Campus,2026-01-01,,,38,1,
R02214,Data and Analytics,L1,Bengaluru,Campus,2026-01-01,,,113,0,
R02215,Sales and Presales,L1,Bengaluru,Campus,2026-01-01,,,102,0,
R02216,Quality Engineering,L1,Bengaluru,Campus,2026-01-01,,,70,1,
R02217,Delivery,L1,Bengaluru,Campus,2026-01-01,,,78,1,
R02218,Delivery,L1,Hyderabad,Campus,2026-01-01,,,40,0,
R02219,Cloud and Infrastructure,L1,Hyderabad,Campus,2026-01-01,,,46,1,
R02220,Data and Analytics,L1,Bengaluru,Campus,2026-01-01,,,104,0,
R02221,Data and Analytics,L1,Hyderabad,Campus,2026-01-01,,,35,0,
R02222,Delivery,L1,Bengaluru,Campus,2026-01-01,,,57,1,
R02223,Consulting,L1,Bengaluru,Campus,2026-01-01,,,59,0,
R02224,Quality Engineering,L1,Hyderabad,Campus,2026-01-01,,,60,0,
R02225,Delivery,L1,Bengaluru,Campus,2026-01-01,,,36,0,
R02226,Delivery,L1,Hyderabad,Campus,2026-01-01,,,67,0,
R02227,Delivery,L1,Hyderabad,Campus,2026-01-01,,,112,0,
R02228,Delivery,L1,Hyderabad,Campus,2026-01-01,,,49,0,
R02229,Delivery,L1,Hyderabad,Campus,2026-01-01,,,91,1,
R02230,Delivery,L1,Hyderabad,Campus,2026-01-01,,,83,0,
R02231,Sales and Presales,L1,Bengaluru,Campus,2026-01-01,,,40,0,
R02232,Delivery,L1,Hyderabad,Campus,2026-01-01,,,117,0,
R02233,Delivery,L1,Bengaluru,Campus,2026-01-01,,,56,0,
R02234,Data and Analytics,L1,Bengaluru,Campus,2026-01-01,,,97,0,
R02235,Delivery,L1,Bengaluru,Campus,2026-01-01,,,48,0,
R02236,Quality Engineering,L1,Bengaluru,Campus,2026-01-01,,,82,0,
R02237,Sales and Presales,L1,Hyderabad,Campus,2026-01-01,,,100,1,
R02238,Delivery,L1,Hyderabad,Campus,2026-01-01,,,111,1,
R02239,Quality Engineering,L1,Hyderabad,Campus,2026-01-01,,,117,0,
R02240,Cloud and Infrastructure,L1,Bengaluru,Campus,2026-01-01,,,86,0,
R02241,Delivery,L1,Bengaluru,Campus,2026-01-01,,,113,0,
R02242,Delivery,L1,Hyderabad,Campus,2026-01-01,,,111,0,
R02243,Delivery,L1,Hyderabad,Campus,2026-01-01,,,65,0,
R02244,Quality Engineering,L1,Hyderabad,Campus,2026-01-01,,,102,0,
R02245,Quality Engineering,L1,Hyderabad,Campus,2026-01-01,,,109,1,
R02246,Delivery,L1,Hyderabad,Campus,2026-01-01,,,106,1,
R02247,Quality Engineering,L1,Hyderabad,Campus,2026-01-01,,,48,0,
R02248,Data and Analytics,L1,Bengaluru,Campus,2026-01-01,,,86,0,
R02249,Consulting,L1,Hyderabad,Campus,2026-01-01,,,111,0,
R02250,Quality Engineering,L1,Hyderabad,Campus,2026-01-01,,,108,1,
R02251,Quality Engineering,L1,Hyderabad,Campus,2026-01-01,,,100,0,
R02252,Delivery,L1,Hyderabad,Campus,2026-01-01,,,47,0,
R02253,Delivery,L1,Bengaluru,Campus,2026-01-01,,,23,0,
R02254,Cloud and Infrastructure,L1,Hyderabad,Campus,2026-01-01,,,54,1,
R02255,Quality Engineering,L1,Bengaluru,Campus,2026-01-01,,,75,0,
R02256,Data and Analytics,L1,Hyderabad,Campus,2026-01-01,,,114,0,
R02257,Cloud and Infrastructure,L1,Bengaluru,Campus,2026-01-01,,,79,3,
R02258,Delivery,L1,Hyderabad,Campus,2026-01-01,,,73,1,
R02259,Delivery,L1,Hyderabad,Campus,2026-01-01,,,86,1,
R02260,Consulting,L1,Hyderabad,Campus,2026-01-01,,,92,0,
R02261,Quality Engineering,L1,Bengaluru,Campus,2026-01-01,,,22,0,
R02262,Delivery,L1,Bengaluru,Campus,2026-01-01,,,82,0,
R02263,Delivery,L1,Hyderabad,Campus,2026-01-01,,,106,0,
R02264,Delivery,L1,Bengaluru,Campus,2026-01-01,,,35,0,
R02265,Delivery,L1,Hyderabad,Campus,2026-01-01,,,87,0,
R02266,Delivery,L1,Hyderabad,Campus,2026-01-01,,,74,1,
R02267,Delivery,L1,Bengaluru,Campus,2026-01-01,,,83,0,
R02268,Consulting,L1,Hyderabad,Campus,2026-01-01,,,88,0,
R02269,Delivery,L1,Bengaluru,Campus,2026-01-01,,,105,0,
R02270,Delivery,L1,Hyderabad,Campus,2026-01-01,,,96,1,
R02271,Delivery,L1,Hyderabad,Campus,2026-01-01,,,88,0,
R02272,Quality Engineering,L1,Hyderabad,Campus,2026-01-01,,,53,0,
R02273,Delivery,L1,Bengaluru,Campus,2026-01-01,,,59,2,
R02274,Quality Engineering,L1,Hyderabad,Campus,2026-01-01,,,31,2,
R02275,Sales and Presales,L1,Bengaluru,Campus,2026-01-01,,,39,0,
R02276,Delivery,L1,Hyderabad,Campus,2026-01-01,,,47,0,
R02277,Cloud and Infrastructure,L1,Bengaluru,Campus,2026-01-01,,,67,0,
R02278,Delivery,L1,Hyderabad,Campus,2026-01-01,,,64,0,
R02279,Quality Engineering,L1,Hyderabad,Campus,2026-01-01,,,117,0,
R02280,Delivery,L1,Hyderabad,Campus,2026-01-01,,,106,1,
R02281,Delivery,L1,Hyderabad,Campus,2026-01-01,,,30,0,
R02282,Quality Engineering,L1,Hyderabad,Campus,2026-01-01,,,23,0,
R02283,Cloud and Infrastructure,L1,Hyderabad,Campus,2026-01-01,,,67,1,
R02284,Delivery,L1,Hyderabad,Campus,2026-01-01,,,44,1,
R02285,Quality Engineering,L1,Bengaluru,Campus,2026-01-01,,,91,1,
R02286,Corporate Functions,L3,Hyderabad,Backfill,2026-02-11,2026-02-26,2026-03-28,10,0,E104238
R02287,Quality Engineering,L4,Bengaluru,Backfill,2026-02-21,,,12,2,
R02288,Delivery,L1,Hyderabad,Backfill,2026-02-25,,,9,0,
R02289,Cloud and Infrastructure,L3,Hyderabad,Backfill,2026-02-24,,,16,2,
R02290,Delivery,L2,Hyderabad,Backfill,2026-02-18,,,11,0,
R02291,Delivery,L2,Bengaluru,Backfill,2026-02-17,,,29,0,
R02292,Delivery,L2,Hyderabad,Backfill,2026-02-13,,,27,0,
R02293,Delivery,L3,Hyderabad,Backfill,2026-02-09,,,38,0,
R02294,Data and Analytics,L4,Hyderabad,Backfill,2026-02-14,,,16,1,
R02295,Cloud and Infrastructure,L2,Hyderabad,Backfill,2026-02-12,,,20,1,
R02296,Quality Engineering,L2,Bengaluru,Backfill,2026-02-17,,,16,0,
R02297,Cloud and Infrastructure,L2,Bengaluru,Backfill,2026-02-12,,,35,0,
R02298,Delivery,L3,Bengaluru,Backfill,2026-02-24,,,15,1,
R02299,Delivery,L3,Hyderabad,Backfill,2026-02-14,,,7,0,
R02300,Delivery,L2,Bengaluru,Backfill,2026-02-26,,,7,0,
R02301,Delivery,L3,Bengaluru,Backfill,2026-02-14,,,22,3,
R02302,Quality Engineering,L2,Bengaluru,Backfill,2026-02-02,,,12,1,
R02303,Delivery,L1,Hyderabad,Backfill,2026-02-06,,,29,0,
R02304,Sales and Presales,L1,Hyderabad,Backfill,2026-02-21,,,12,0,
R02305,Delivery,L2,Hyderabad,Backfill,2026-02-22,,,27,0,
R02306,Delivery,L1,Hyderabad,Backfill,2026-02-04,,,20,1,
R02307,Delivery,L4,Bengaluru,Backfill,2026-02-23,,,20,0,
R02308,Quality Engineering,L1,Bengaluru,Backfill,2026-02-17,,,7,0,
R02309,Sales and Presales,L2,Bengaluru,Backfill,2026-02-12,,,18,1,
R02310,Delivery,L1,Hyderabad,Backfill,2026-02-06,,,6,0,
R02311,Delivery,L1,Bengaluru,Backfill,2026-02-11,,,23,1,
R02312,Delivery,L1,Bengaluru,Backfill,2026-02-13,,,28,0,
R02313,Sales and Presales,L1,Hyderabad,Backfill,2026-02-22,,,37,1,
R02314,Delivery,L1,Hyderabad,Backfill,2026-02-02,,,33,2,
R02315,Delivery,L1,Hyderabad,Backfill,2026-02-08,,,27,0,
R02316,Delivery,L2,Hyderabad,Backfill,2026-02-12,,,34,0,
R02317,Quality Engineering,L2,Bengaluru,Backfill,2026-02-18,,,16,1,
R02318,Cloud and Infrastructure,L2,Bengaluru,Backfill,2026-02-03,,,10,0,
R02319,Delivery,L3,Hyderabad,Backfill,2026-02-25,,,11,1,
R02320,Consulting,L5,Hyderabad,Backfill,2026-02-17,,,29,2,
R02321,Delivery,L1,Hyderabad,Backfill,2026-02-15,,,21,0,
R02322,Quality Engineering,L1,Bengaluru,Backfill,2026-02-21,,,9,1,
R02323,Delivery,L3,Bengaluru,Growth,2026-02-01,,,19,0,
R02324,Quality Engineering,L2,Hyderabad,Growth,2026-02-01,,,31,1,
R02325,Delivery,L1,Bengaluru,Backfill,2026-03-24,,,29,0,
R02326,Delivery,L2,Hyderabad,Backfill,2026-03-15,,,14,0,
R02327,Delivery,L2,Hyderabad,Backfill,2026-03-08,,,38,0,
R02328,Data and Analytics,L4,Bengaluru,Backfill,2026-03-03,,,39,1,
R02329,Delivery,L2,Hyderabad,Backfill,2026-03-12,,,31,3,
R02330,Delivery,L2,Hyderabad,Backfill,2026-03-23,,,15,1,
R02331,Delivery,L3,Hyderabad,Backfill,2026-03-24,,,31,1,
R02332,Data and Analytics,L2,Hyderabad,Backfill,2026-03-07,,,29,0,
R02333,Consulting,L3,Hyderabad,Backfill,2026-03-14,,,30,1,
R02334,Delivery,L1,Bengaluru,Backfill,2026-03-03,,,12,0,
R02335,Delivery,L1,Bengaluru,Backfill,2026-03-24,,,12,0,
R02336,Delivery,L1,Hyderabad,Backfill,2026-03-19,,,15,1,
R02337,Data and Analytics,L1,Hyderabad,Backfill,2026-03-14,,,8,2,
R02338,Delivery,L2,Bengaluru,Backfill,2026-03-04,,,16,0,
R02339,Delivery,L2,Hyderabad,Backfill,2026-03-03,,,34,1,
R02340,Data and Analytics,L2,Bengaluru,Backfill,2026-03-26,,,36,1,
R02341,Quality Engineering,L1,Bengaluru,Backfill,2026-03-23,,,29,1,
R02342,Data and Analytics,L1,Hyderabad,Backfill,2026-03-11,,,37,0,
R02343,Corporate Functions,L2,Hyderabad,Backfill,2026-03-19,,,24,0,
R02344,Sales and Presales,L3,Hyderabad,Backfill,2026-03-21,,,11,0,
R02345,Cloud and Infrastructure,L1,Bengaluru,Backfill,2026-03-06,,,12,0,
R02346,Delivery,L1,Hyderabad,Backfill,2026-03-01,,,39,2,
R02347,Delivery,L4,Hyderabad,Growth,2026-03-01,,,28,1,
R02348,Consulting,L2,Hyderabad,Growth,2026-03-01,,,24,1,
R02349,Quality Engineering,L3,Hyderabad,Growth,2026-03-01,,,20,0,
R02350,Quality Engineering,L2,Hyderabad,Growth,2026-03-01,,,15,1,
R02351,Corporate Functions,L2,Bengaluru,Growth,2026-03-01,,,8,1,
